odds_player_name,player_id,player_name,team_abbreviation,matchup,opp,is_home,prop_type,prop_group,line,over_price,under_price,side,price,proj,diff,diff_abs,edge,model_mae,model_key,candidate_basic,min_L5,min_L10,pts_L5,reb_L5,ast_L5,has_full_tracking,has_ast_tracking,tracking_status
LeBron James,2544,LeBron James,LAL,Oklahoma City Thunder @ Los Angeles Lakers,OKC,1,PTS,SINGLE,25.5,2.57,1.36,UNDER,1.36,22.962005615234375,-2.537994384765625,2.537994384765625,9.952919155943627,4.8341,PTS,True,38.2213333129883,34.9206666946411,23.8,6.2,7.2,0,0,TRACKING_FALTANTE_TOTAL
LeBron James,2544,LeBron James,LAL,Oklahoma City Thunder @ Los Angeles Lakers,OKC,1,PTS,SINGLE,18.5,1.42,2.38,OVER,1.42,22.962005615234375,4.462005615234375,4.462005615234375,24.11894927153716,4.8341,PTS,True,38.2213333129883,34.9206666946411,23.8,6.2,7.2,0,0,TRACKING_FALTANTE_TOTAL
LeBron James,2544,LeBron James,LAL,Oklahoma City Thunder @ Los Angeles Lakers,OKC,1,PTS,SINGLE,17.5,1.34,2.65,OVER,1.34,22.962005615234375,5.462005615234375,5.462005615234375,31.211460658482142,4.8341,PTS,True,38.2213333129883,34.9206666946411,23.8,6.2,7.2,0,0,TRACKING_FALTANTE_TOTAL
LeBron James,2544,LeBron James,LAL,Oklahoma City Thunder @ Los Angeles Lakers,OKC,1,PTS,SINGLE,19.5,1.53,2.11,OVER,1.53,22.962005615234375,3.462005615234375,3.462005615234375,17.753874949919872,4.8341,PTS,True,38.2213333129883,34.9206666946411,23.8,6.2,7.2,0,0,TRACKING_FALTANTE_TOTAL
LeBron James,2544,LeBron James,LAL,Oklahoma City Thunder @ Los Angeles Lakers,OKC,1,PTS,SINGLE,20.5,1.62,1.98,OVER,1.62,22.962005615234375,2.462005615234375,2.462005615234375,12.009783488948171,4.8341,PTS,True,38.2213333129883,34.9206666946411,23.8,6.2,7.2,0,0,TRACKING_FALTANTE_TOTAL
LeBron James,2544,LeBron James,LAL,Oklahoma City Thunder @ Los Angeles Lakers,OKC,1,PTS,SINGLE,23.5,2.08,1.55,UNDER,1.55,22.962005615234375,-0.537994384765625,0.537994384765625,2.2893378075132977,4.8341,PTS,False,38.2213333129883,34.9206666946411,23.8,6.2,7.2,0,0,TRACKING_FALTANTE_TOTAL
LeBron James,2544,LeBron James,LAL,Oklahoma City Thunder @ Los Angeles Lakers,OKC,1,PTS,SINGLE,24.5,2.32,1.44,UNDER,1.44,22.962005615234375,-1.537994384765625,1.537994384765625,6.277528101084185,4.8341,PTS,False,38.2213333129883,34.9206666946411,23.8,6.2,7.2,0,0,TRACKING_FALTANTE_TOTAL
LeBron James,2544,LeBron James,LAL,Oklahoma City Thunder @ Los Angeles Lakers,OKC,1,PTS,SINGLE,26.5,2.86,1.29,UNDER,1.29,22.962005615234375,-3.537994384765625,3.537994384765625,13.350922206662736,4.8341,PTS,True,38.2213333129883,34.9206666946411,23.8,6.2,7.2,0,0,TRACKING_FALTANTE_TOTAL
LeBron James,2544,LeBron James,LAL,Oklahoma City Thunder @ Los Angeles Lakers,OKC,1,PTS,SINGLE,22.5,1.93,1.65,OVER,1.93,22.962005615234375,0.462005615234375,0.462005615234375,2.0533582899305554,4.8341,PTS,False,38.2213333129883,34.9206666946411,23.8,6.2,7.2,0,0,TRACKING_FALTANTE_TOTAL
LeBron James,2544,LeBron James,LAL,Oklahoma City Thunder @ Los Angeles Lakers,OKC,1,PTS,SINGLE,21.5,1.82,1.85,OVER,1.82,22.962005615234375,1.462005615234375,1.462005615234375,6.800026117369186,4.8341,PTS,False,38.2213333129883,34.9206666946411,23.8,6.2,7.2,0,0,TRACKING_FALTANTE_TOTAL
LeBron James,2544,LeBron James,LAL,Oklahoma City Thunder @ Los Angeles Lakers,OKC,1,AST,SINGLE,7.5,1.79,1.88,UNDER,1.88,6.976240634918213,-0.5237593650817871,0.5237593650817871,6.983458201090495,1.4546,AST_FALLBACK,False,38.2213333129883,34.9206666946411,23.8,6.2,7.2,0,0,TRACKING_FALTANTE_TOTAL
LeBron James,2544,LeBron James,LAL,Oklahoma City Thunder @ Los Angeles Lakers,OKC,1,AST,SINGLE,8.5,2.16,1.51,UNDER,1.51,6.976240634918213,-1.523759365081787,1.523759365081787,17.926580765668085,1.4546,AST_FALLBACK,True,38.2213333129883,34.9206666946411,23.8,6.2,7.2,0,0,TRACKING_FALTANTE_TOTAL
LeBron James,2544,LeBron James,LAL,Oklahoma City Thunder @ Los Angeles Lakers,OKC,1,AST,SINGLE,6.5,1.46,2.28,OVER,1.46,6.976240634918213,0.4762406349182129,0.4762406349182129,7.326778998741737,1.4546,AST_FALLBACK,False,38.2213333129883,34.9206666946411,23.8,6.2,7.2,0,0,TRACKING_FALTANTE_TOTAL
LeBron James,2544,LeBron James,LAL,Oklahoma City Thunder @ Los Angeles Lakers,OKC,1,3PT,SINGLE,1.5,1.94,1.74,OVER,1.94,1.672371506690979,0.172371506690979,0.172371506690979,11.491433779398601,0.9642,3PT,False,38.2213333129883,34.9206666946411,23.8,6.2,7.2,0,0,TRACKING_FALTANTE_TOTAL
LeBron James,2544,LeBron James,LAL,Oklahoma City Thunder @ Los Angeles Lakers,OKC,1,Q1_PTS,Q1,5.5,1.98,1.71,UNDER,1.71,5.206353664398193,-0.29364633560180664,0.29364633560180664,5.339024283669212,2.087,Q1_PTS,False,38.2213333129883,34.9206666946411,23.8,6.2,7.2,0,0,TRACKING_FALTANTE_TOTAL
LeBron James,2544,LeBron James,LAL,Oklahoma City Thunder @ Los Angeles Lakers,OKC,1,Q1_PTS,Q1,4.5,1.62,1.97,OVER,1.62,5.206353664398193,0.7063536643981934,0.7063536643981934,15.69674809773763,2.087,Q1_PTS,False,38.2213333129883,34.9206666946411,23.8,6.2,7.2,0,0,TRACKING_FALTANTE_TOTAL
LeBron James,2544,LeBron James,LAL,Oklahoma City Thunder @ Los Angeles Lakers,OKC,1,Q1_REB,Q1,1.5,1.74,1.94,OVER,1.74,1.642664909362793,0.14266490936279297,0.14266490936279297,9.510993957519531,0.9236,Q1_REB,False,38.2213333129883,34.9206666946411,23.8,6.2,7.2,0,0,TRACKING_FALTANTE_TOTAL
LeBron James,2544,LeBron James,LAL,Oklahoma City Thunder @ Los Angeles Lakers,OKC,1,FTM,SINGLE,4.5,2.02,1.68,OVER,2.02,4.746738433837891,0.24673843383789062,0.24673843383789062,5.48307630750868,1.4962,FTM,False,38.2213333129883,34.9206666946411,23.8,6.2,7.2,0,0,TRACKING_FALTANTE_TOTAL
LeBron James,2544,LeBron James,LAL,Oklahoma City Thunder @ Los Angeles Lakers,OKC,1,FTA,SINGLE,5.5,1.68,2.03,OVER,1.68,6.204373836517334,0.704373836517334,0.704373836517334,12.80679702758789,1.8012,FTA,False,38.2213333129883,34.9206666946411,23.8,6.2,7.2,0,0,TRACKING_FALTANTE_TOTAL
LeBron James,2544,LeBron James,LAL,Oklahoma City Thunder @ Los Angeles Lakers,OKC,1,FGM,SINGLE,7.5,1.72,1.96,OVER,1.72,8.116765975952148,0.6167659759521484,0.6167659759521484,8.223546346028646,1.8635,FGM,False,38.2213333129883,34.9206666946411,23.8,6.2,7.2,0,0,TRACKING_FALTANTE_TOTAL
LeBron James,2544,LeBron James,LAL,Oklahoma City Thunder @ Los Angeles Lakers,OKC,1,FGA,SINGLE,17.5,1.85,1.82,OVER,1.85,17.920686721801758,0.4206867218017578,0.4206867218017578,2.403924124581473,2.8767,FGA,False,38.2213333129883,34.9206666946411,23.8,6.2,7.2,0,0,TRACKING_FALTANTE_TOTAL
LeBron James,2544,LeBron James,LAL,Oklahoma City Thunder @ Los Angeles Lakers,OKC,1,FG3A,SINGLE,4.5,1.73,1.96,OVER,1.73,5.012284755706787,0.5122847557067871,0.5122847557067871,11.384105682373047,1.5883,FG3A,False,38.2213333129883,34.9206666946411,23.8,6.2,7.2,0,0,TRACKING_FALTANTE_TOTAL
LeBron James,2544,LeBron James,LAL,Oklahoma City Thunder @ Los Angeles Lakers,OKC,1,REB,SINGLE,6.5,1.72,1.97,UNDER,1.97,6.218147277832031,-0.28185272216796875,0.28185272216796875,4.336195725661058,1.9667,REB,False,38.2213333129883,34.9206666946411,23.8,6.2,7.2,0,0,TRACKING_FALTANTE_TOTAL
LeBron James,2544,LeBron James,LAL,Oklahoma City Thunder @ Los Angeles Lakers,OKC,1,REB,SINGLE,5.5,1.41,2.39,OVER,1.41,6.218147277832031,0.7181472778320312,0.7181472778320312,13.057223233309658,1.9667,REB,False,38.2213333129883,34.9206666946411,23.8,6.2,7.2,0,0,TRACKING_FALTANTE_TOTAL
LeBron James,2544,LeBron James,LAL,Oklahoma City Thunder @ Los Angeles Lakers,OKC,1,REB,SINGLE,7.5,2.08,1.55,UNDER,1.55,6.218147277832031,-1.2818527221679688,1.2818527221679688,17.09136962890625,1.9667,REB,True,38.2213333129883,34.9206666946411,23.8,6.2,7.2,0,0,TRACKING_FALTANTE_TOTAL
LeBron James,2544,LeBron James,LAL,Oklahoma City Thunder @ Los Angeles Lakers,OKC,1,REB,SINGLE,8.5,2.78,1.31,UNDER,1.31,6.218147277832031,-2.2818527221679688,2.2818527221679688,26.845326143152576,1.9667,REB,True,38.2213333129883,34.9206666946411,23.8,6.2,7.2,0,0,TRACKING_FALTANTE_TOTAL
LeBron James,2544,LeBron James,LAL,Oklahoma City Thunder @ Los Angeles Lakers,OKC,1,PA,COMBO,27.5,1.54,2.1,OVER,1.54,28.99224090576172,1.4922409057617188,1.4922409057617188,5.42633056640625,5.2838,PA,False,38.2213333129883,34.9206666946411,23.8,6.2,7.2,0,0,TRACKING_FALTANTE_TOTAL
LeBron James,2544,LeBron James,LAL,Oklahoma City Thunder @ Los Angeles Lakers,OKC,1,PA,COMBO,30.5,1.94,1.64,UNDER,1.64,28.99224090576172,-1.5077590942382812,1.5077590942382812,4.943472440125513,5.2838,PA,False,38.2213333129883,34.9206666946411,23.8,6.2,7.2,0,0,TRACKING_FALTANTE_TOTAL
LeBron James,2544,LeBron James,LAL,Oklahoma City Thunder @ Los Angeles Lakers,OKC,1,PA,COMBO,29.5,1.85,1.82,UNDER,1.82,28.99224090576172,-0.5077590942382812,0.5077590942382812,1.7212172686043432,5.2838,PA,False,38.2213333129883,34.9206666946411,23.8,6.2,7.2,0,0,TRACKING_FALTANTE_TOTAL
LeBron James,2544,LeBron James,LAL,Oklahoma City Thunder @ Los Angeles Lakers,OKC,1,PA,COMBO,28.5,1.66,1.91,OVER,1.66,28.99224090576172,0.49224090576171875,0.49224090576171875,1.727161072848136,5.2838,PA,False,38.2213333129883,34.9206666946411,23.8,6.2,7.2,0,0,TRACKING_FALTANTE_TOTAL
LeBron James,2544,LeBron James,LAL,Oklahoma City Thunder @ Los Angeles Lakers,OKC,1,PA,COMBO,31.5,2.04,1.57,UNDER,1.57,28.99224090576172,-2.5077590942382812,2.5077590942382812,7.96113998170883,5.2838,PA,False,38.2213333129883,34.9206666946411,23.8,6.2,7.2,0,0,TRACKING_FALTANTE_TOTAL
LeBron James,2544,LeBron James,LAL,Oklahoma City Thunder @ Los Angeles Lakers,OKC,1,PR,COMBO,30.5,2.09,1.55,UNDER,1.55,26.816997528076172,-3.683002471923828,3.683002471923828,12.075417940733862,5.7314,PR,True,38.2213333129883,34.9206666946411,23.8,6.2,7.2,0,0,TRACKING_FALTANTE_TOTAL
LeBron James,2544,LeBron James,LAL,Oklahoma City Thunder @ Los Angeles Lakers,OKC,1,PR,COMBO,26.5,1.53,2.13,OVER,1.53,26.816997528076172,0.3169975280761719,0.3169975280761719,1.1962170870798938,5.7314,PR,False,38.2213333129883,34.9206666946411,23.8,6.2,7.2,0,0,TRACKING_FALTANTE_TOTAL
LeBron James,2544,LeBron James,LAL,Oklahoma City Thunder @ Los Angeles Lakers,OKC,1,PR,COMBO,27.5,1.64,1.94,UNDER,1.94,26.816997528076172,-0.6830024719238281,0.6830024719238281,2.483645352450284,5.7314,PR,False,38.2213333129883,34.9206666946411,23.8,6.2,7.2,0,0,TRACKING_FALTANTE_TOTAL
LeBron James,2544,LeBron James,LAL,Oklahoma City Thunder @ Los Angeles Lakers,OKC,1,PR,COMBO,29.5,1.91,1.66,UNDER,1.66,26.816997528076172,-2.683002471923828,2.683002471923828,9.094923633640095,5.7314,PR,False,38.2213333129883,34.9206666946411,23.8,6.2,7.2,0,0,TRACKING_FALTANTE_TOTAL
LeBron James,2544,LeBron James,LAL,Oklahoma City Thunder @ Los Angeles Lakers,OKC,1,PR,COMBO,28.5,1.82,1.85,UNDER,1.85,26.816997528076172,-1.6830024719238281,1.6830024719238281,5.905271831311678,5.7314,PR,False,38.2213333129883,34.9206666946411,23.8,6.2,7.2,0,0,TRACKING_FALTANTE_TOTAL
LeBron James,2544,LeBron James,LAL,Oklahoma City Thunder @ Los Angeles Lakers,OKC,1,RA,COMBO,14.5,1.83,1.84,UNDER,1.84,11.049530982971191,-3.4504690170288086,3.4504690170288086,23.796338048474542,2.6976,RA,True,38.2213333129883,34.9206666946411,23.8,6.2,7.2,0,0,TRACKING_FALTANTE_TOTAL
LeBron James,2544,LeBron James,LAL,Oklahoma City Thunder @ Los Angeles Lakers,OKC,1,RA,COMBO,13.5,1.54,2.11,UNDER,2.11,11.049530982971191,-2.4504690170288086,2.4504690170288086,18.151622348361546,2.6976,RA,True,38.2213333129883,34.9206666946411,23.8,6.2,7.2,0,0,TRACKING_FALTANTE_TOTAL
LeBron James,2544,LeBron James,LAL,Oklahoma City Thunder @ Los Angeles Lakers,OKC,1,RA,COMBO,15.5,2.07,1.56,UNDER,1.56,11.049530982971191,-4.450469017028809,4.450469017028809,28.71270333566973,2.6976,RA,True,38.2213333129883,34.9206666946411,23.8,6.2,7.2,0,0,TRACKING_FALTANTE_TOTAL
LeBron James,2544,LeBron James,LAL,Oklahoma City Thunder @ Los Angeles Lakers,OKC,1,PRA,COMBO,32.5,1.42,2.37,OVER,1.42,34.32842254638672,1.8284225463867188,1.8284225463867188,5.62591552734375,6.1893,PRA,False,38.2213333129883,34.9206666946411,23.8,6.2,7.2,0,0,TRACKING_FALTANTE_TOTAL
LeBron James,2544,LeBron James,LAL,Oklahoma City Thunder @ Los Angeles Lakers,OKC,1,PRA,COMBO,33.5,1.52,2.14,OVER,1.52,34.32842254638672,0.8284225463867188,0.8284225463867188,2.472903123542444,6.1893,PRA,False,38.2213333129883,34.9206666946411,23.8,6.2,7.2,0,0,TRACKING_FALTANTE_TOTAL
LeBron James,2544,LeBron James,LAL,Oklahoma City Thunder @ Los Angeles Lakers,OKC,1,PRA,COMBO,34.5,1.58,2.03,UNDER,2.03,34.32842254638672,-0.17157745361328125,0.17157745361328125,0.4973259525022645,6.1893,PRA,False,38.2213333129883,34.9206666946411,23.8,6.2,7.2,0,0,TRACKING_FALTANTE_TOTAL
LeBron James,2544,LeBron James,LAL,Oklahoma City Thunder @ Los Angeles Lakers,OKC,1,PRA,COMBO,37.5,1.91,1.66,UNDER,1.66,34.32842254638672,-3.1715774536132812,3.1715774536132812,8.457539876302084,6.1893,PRA,True,38.2213333129883,34.9206666946411,23.8,6.2,7.2,0,0,TRACKING_FALTANTE_TOTAL
LeBron James,2544,LeBron James,LAL,Oklahoma City Thunder @ Los Angeles Lakers,OKC,1,PRA,COMBO,39.5,2.19,1.5,UNDER,1.5,34.32842254638672,-5.171577453613281,5.171577453613281,13.092601148388052,6.1893,PRA,True,38.2213333129883,34.9206666946411,23.8,6.2,7.2,0,0,TRACKING_FALTANTE_TOTAL
LeBron James,2544,LeBron James,LAL,Oklahoma City Thunder @ Los Angeles Lakers,OKC,1,PRA,COMBO,36.5,1.85,1.82,UNDER,1.82,34.32842254638672,-2.1715774536132812,2.1715774536132812,5.949527270173373,6.1893,PRA,False,38.2213333129883,34.9206666946411,23.8,6.2,7.2,0,0,TRACKING_FALTANTE_TOTAL
LeBron James,2544,LeBron James,LAL,Oklahoma City Thunder @ Los Angeles Lakers,OKC,1,PRA,COMBO,31.5,1.35,2.62,OVER,1.35,34.32842254638672,2.8284225463867188,2.8284225463867188,8.979119194878473,6.1893,PRA,False,38.2213333129883,34.9206666946411,23.8,6.2,7.2,0,0,TRACKING_FALTANTE_TOTAL
LeBron James,2544,LeBron James,LAL,Oklahoma City Thunder @ Los Angeles Lakers,OKC,1,PRA,COMBO,35.5,1.67,1.9,UNDER,1.9,34.32842254638672,-1.1715774536132812,1.1715774536132812,3.3002181791923415,6.1893,PRA,False,38.2213333129883,34.9206666946411,23.8,6.2,7.2,0,0,TRACKING_FALTANTE_TOTAL
LeBron James,2544,LeBron James,LAL,Oklahoma City Thunder @ Los Angeles Lakers,OKC,1,PRA,COMBO,40.5,2.39,1.41,UNDER,1.41,34.32842254638672,-6.171577453613281,6.171577453613281,15.238462848427856,6.1893,PRA,True,38.2213333129883,34.9206666946411,23.8,6.2,7.2,0,0,TRACKING_FALTANTE_TOTAL
LeBron James,2544,LeBron James,LAL,Oklahoma City Thunder @ Los Angeles Lakers,OKC,1,PRA,COMBO,41.5,2.6,1.35,UNDER,1.35,34.32842254638672,-7.171577453613281,7.171577453613281,17.28090952677899,6.1893,PRA,True,38.2213333129883,34.9206666946411,23.8,6.2,7.2,0,0,TRACKING_FALTANTE_TOTAL
LeBron James,2544,LeBron James,LAL,Oklahoma City Thunder @ Los Angeles Lakers,OKC,1,PRA,COMBO,38.5,2.09,1.55,UNDER,1.55,34.32842254638672,-4.171577453613281,4.171577453613281,10.83526611328125,6.1893,PRA,True,38.2213333129883,34.9206666946411,23.8,6.2,7.2,0,0,TRACKING_FALTANTE_TOTAL
Paul George,202331,Paul George,PHI,Philadelphia 76ers @ New York Knicks,NYK,0,PTS,SINGLE,19.5,2.46,1.39,UNDER,1.39,17.097721099853516,-2.4022789001464844,2.4022789001464844,12.319378975110176,4.8341,PTS,False,38.8229995727539,35.0514995574951,17.6,5.0,3.6,0,0,TRACKING_FALTANTE_TOTAL
Paul George,202331,Paul George,PHI,Philadelphia 76ers @ New York Knicks,NYK,0,PTS,SINGLE,15.5,1.66,1.92,OVER,1.66,17.097721099853516,1.5977210998535156,1.5977210998535156,10.307878063571069,4.8341,PTS,False,38.8229995727539,35.0514995574951,17.6,5.0,3.6,0,0,TRACKING_FALTANTE_TOTAL
Paul George,202331,Paul George,PHI,Philadelphia 76ers @ New York Knicks,NYK,0,PTS,SINGLE,16.5,1.87,1.8,OVER,1.87,17.097721099853516,0.5977210998535156,0.5977210998535156,3.622552120324337,4.8341,PTS,False,38.8229995727539,35.0514995574951,17.6,5.0,3.6,0,0,TRACKING_FALTANTE_TOTAL
Paul George,202331,Paul George,PHI,Philadelphia 76ers @ New York Knicks,NYK,0,PTS,SINGLE,13.5,1.42,2.37,OVER,1.42,17.097721099853516,3.5977210998535156,3.5977210998535156,26.649785924840856,4.8341,PTS,True,38.8229995727539,35.0514995574951,17.6,5.0,3.6,0,0,TRACKING_FALTANTE_TOTAL
Paul George,202331,Paul George,PHI,Philadelphia 76ers @ New York Knicks,NYK,0,PTS,SINGLE,14.5,1.56,2.07,OVER,1.56,17.097721099853516,2.5977210998535156,2.5977210998535156,17.915317930024248,4.8341,PTS,True,38.8229995727539,35.0514995574951,17.6,5.0,3.6,0,0,TRACKING_FALTANTE_TOTAL
Paul George,202331,Paul George,PHI,Philadelphia 76ers @ New York Knicks,NYK,0,PTS,SINGLE,20.5,2.8,1.3,UNDER,1.3,17.097721099853516,-3.4022789001464844,3.4022789001464844,16.59648243973895,4.8341,PTS,True,38.8229995727539,35.0514995574951,17.6,5.0,3.6,0,0,TRACKING_FALTANTE_TOTAL
Paul George,202331,Paul George,PHI,Philadelphia 76ers @ New York Knicks,NYK,0,PTS,SINGLE,17.5,2.01,1.59,UNDER,1.59,17.097721099853516,-0.4022789001464844,0.4022789001464844,2.298736572265625,4.8341,PTS,False,38.8229995727539,35.0514995574951,17.6,5.0,3.6,0,0,TRACKING_FALTANTE_TOTAL
Paul George,202331,Paul George,PHI,Philadelphia 76ers @ New York Knicks,NYK,0,PTS,SINGLE,18.5,2.17,1.51,UNDER,1.51,17.097721099853516,-1.4022789001464844,1.4022789001464844,7.579885946737754,4.8341,PTS,False,38.8229995727539,35.0514995574951,17.6,5.0,3.6,0,0,TRACKING_FALTANTE_TOTAL
Paul George,202331,Paul George,PHI,Philadelphia 76ers @ New York Knicks,NYK,0,PTS,SINGLE,12.5,1.32,2.72,OVER,1.32,17.097721099853516,4.597721099853516,4.597721099853516,36.781768798828125,4.8341,PTS,True,38.8229995727539,35.0514995574951,17.6,5.0,3.6,0,0,TRACKING_FALTANTE_TOTAL
Paul George,202331,Paul George,PHI,Philadelphia 76ers @ New York Knicks,NYK,0,AST,SINGLE,2.5,1.36,2.58,OVER,1.36,3.4508416652679443,0.9508416652679443,0.9508416652679443,38.03366661071777,1.4546,AST_FALLBACK,True,38.8229995727539,35.0514995574951,17.6,5.0,3.6,0,0,TRACKING_FALTANTE_TOTAL
Paul George,202331,Paul George,PHI,Philadelphia 76ers @ New York Knicks,NYK,0,AST,SINGLE,3.5,1.84,1.83,UNDER,1.83,3.4508416652679443,-0.049158334732055664,0.049158334732055664,1.4045238494873047,1.4546,AST_FALLBACK,False,38.8229995727539,35.0514995574951,17.6,5.0,3.6,0,0,TRACKING_FALTANTE_TOTAL
Paul George,202331,Paul George,PHI,Philadelphia 76ers @ New York Knicks,NYK,0,3PT,SINGLE,2.5,1.82,1.85,OVER,1.82,2.766641139984131,0.26664113998413086,0.26664113998413086,10.665645599365234,0.9642,3PT,False,38.8229995727539,35.0514995574951,17.6,5.0,3.6,0,0,TRACKING_FALTANTE_TOTAL
Paul George,202331,Paul George,PHI,Philadelphia 76ers @ New York Knicks,NYK,0,3PT,SINGLE,3.5,2.71,1.32,UNDER,1.32,2.766641139984131,-0.7333588600158691,0.7333588600158691,20.95311028616769,0.9642,3PT,True,38.8229995727539,35.0514995574951,17.6,5.0,3.6,0,0,TRACKING_FALTANTE_TOTAL
Paul George,202331,Paul George,PHI,Philadelphia 76ers @ New York Knicks,NYK,0,Q1_PTS,Q1,4.5,1.93,1.75,UNDER,1.75,4.070321559906006,-0.42967844009399414,0.42967844009399414,9.548409779866535,2.087,Q1_PTS,False,38.8229995727539,35.0514995574951,17.6,5.0,3.6,0,0,TRACKING_FALTANTE_TOTAL
Paul George,202331,Paul George,PHI,Philadelphia 76ers @ New York Knicks,NYK,0,Q1_PTS,Q1,3.5,1.62,1.97,OVER,1.62,4.070321559906006,0.5703215599060059,0.5703215599060059,16.29490171160017,2.087,Q1_PTS,False,38.8229995727539,35.0514995574951,17.6,5.0,3.6,0,0,TRACKING_FALTANTE_TOTAL
Paul George,202331,Paul George,PHI,Philadelphia 76ers @ New York Knicks,NYK,0,Q1_AST,Q1,0.5,1.55,2.25,OVER,1.55,0.9576845765113831,0.45768457651138306,0.45768457651138306,91.53691530227661,0.7063,Q1_AST,True,38.8229995727539,35.0514995574951,17.6,5.0,3.6,0,0,TRACKING_FALTANTE_TOTAL
Paul George,202331,Paul George,PHI,Philadelphia 76ers @ New York Knicks,NYK,0,Q1_REB,Q1,1.5,2.19,1.58,UNDER,1.58,1.347061038017273,-0.15293896198272705,0.15293896198272705,10.195930798848469,0.9236,Q1_REB,False,38.8229995727539,35.0514995574951,17.6,5.0,3.6,0,0,TRACKING_FALTANTE_TOTAL
Paul George,202331,Paul George,PHI,Philadelphia 76ers @ New York Knicks,NYK,0,FGM,SINGLE,5.5,1.68,2.03,OVER,1.68,6.038967132568359,0.5389671325683594,0.5389671325683594,9.799402410333807,1.8635,FGM,False,38.8229995727539,35.0514995574951,17.6,5.0,3.6,0,0,TRACKING_FALTANTE_TOTAL
Paul George,202331,Paul George,PHI,Philadelphia 76ers @ New York Knicks,NYK,0,FGA,SINGLE,13.5,1.79,1.88,UNDER,1.88,12.567026138305664,-0.9329738616943359,0.9329738616943359,6.910917494032118,2.8767,FGA,False,38.8229995727539,35.0514995574951,17.6,5.0,3.6,0,0,TRACKING_FALTANTE_TOTAL
Paul George,202331,Paul George,PHI,Philadelphia 76ers @ New York Knicks,NYK,0,FG3A,SINGLE,6.5,1.68,2.02,OVER,1.68,7.018566131591797,0.5185661315917969,0.5185661315917969,7.977940486027644,1.5883,FG3A,False,38.8229995727539,35.0514995574951,17.6,5.0,3.6,0,0,TRACKING_FALTANTE_TOTAL
Paul George,202331,Paul George,PHI,Philadelphia 76ers @ New York Knicks,NYK,0,FTM,SINGLE,1.5,1.64,2.08,OVER,1.64,2.0575735569000244,0.5575735569000244,0.5575735569000244,37.17157046000163,1.4962,FTM,False,38.8229995727539,35.0514995574951,17.6,5.0,3.6,0,0,TRACKING_FALTANTE_TOTAL
Paul George,202331,Paul George,PHI,Philadelphia 76ers @ New York Knicks,NYK,0,PA,COMBO,20.5,1.93,1.75,UNDER,1.75,17.835493087768555,-2.6645069122314453,2.6645069122314453,12.997594693811928,5.2838,PA,True,38.8229995727539,35.0514995574951,17.6,5.0,3.6,0,0,TRACKING_FALTANTE_TOTAL
Paul George,202331,Paul George,PHI,Philadelphia 76ers @ New York Knicks,NYK,0,PA,COMBO,19.5,1.7,1.87,UNDER,1.87,17.835493087768555,-1.6645069122314453,1.6645069122314453,8.535932883238182,5.2838,PA,False,38.8229995727539,35.0514995574951,17.6,5.0,3.6,0,0,TRACKING_FALTANTE_TOTAL
Paul George,202331,Paul George,PHI,Philadelphia 76ers @ New York Knicks,NYK,0,PA,COMBO,18.5,1.56,2.07,UNDER,2.07,17.835493087768555,-0.6645069122314453,0.6645069122314453,3.59192925530511,5.2838,PA,False,38.8229995727539,35.0514995574951,17.6,5.0,3.6,0,0,TRACKING_FALTANTE_TOTAL
Paul George,202331,Paul George,PHI,Philadelphia 76ers @ New York Knicks,NYK,0,PA,COMBO,21.5,2.07,1.56,UNDER,1.56,17.835493087768555,-3.6645069122314453,3.6645069122314453,17.044218196425327,5.2838,PA,True,38.8229995727539,35.0514995574951,17.6,5.0,3.6,0,0,TRACKING_FALTANTE_TOTAL
Paul George,202331,Paul George,PHI,Philadelphia 76ers @ New York Knicks,NYK,0,REB,SINGLE,5.5,1.91,1.77,UNDER,1.77,5.0577239990234375,-0.4422760009765625,0.4422760009765625,8.0413818359375,1.9667,REB,False,38.8229995727539,35.0514995574951,17.6,5.0,3.6,0,0,TRACKING_FALTANTE_TOTAL
Paul George,202331,Paul George,PHI,Philadelphia 76ers @ New York Knicks,NYK,0,REB,SINGLE,4.5,1.47,2.26,OVER,1.47,5.0577239990234375,0.5577239990234375,0.5577239990234375,12.393866644965277,1.9667,REB,False,38.8229995727539,35.0514995574951,17.6,5.0,3.6,0,0,TRACKING_FALTANTE_TOTAL
Paul George,202331,Paul George,PHI,Philadelphia 76ers @ New York Knicks,NYK,0,REB,SINGLE,6.5,2.41,1.41,UNDER,1.41,5.0577239990234375,-1.4422760009765625,1.4422760009765625,22.188861553485577,1.9667,REB,True,38.8229995727539,35.0514995574951,17.6,5.0,3.6,0,0,TRACKING_FALTANTE_TOTAL
Paul George,202331,Paul George,PHI,Philadelphia 76ers @ New York Knicks,NYK,0,PR,COMBO,21.5,1.77,1.9,UNDER,1.9,20.582605361938477,-0.9173946380615234,0.9173946380615234,4.266951804937318,5.7314,PR,False,38.8229995727539,35.0514995574951,17.6,5.0,3.6,0,0,TRACKING_FALTANTE_TOTAL
Paul George,202331,Paul George,PHI,Philadelphia 76ers @ New York Knicks,NYK,0,PR,COMBO,19.5,1.51,2.16,OVER,1.51,20.582605361938477,1.0826053619384766,1.0826053619384766,5.551822368915264,5.7314,PR,False,38.8229995727539,35.0514995574951,17.6,5.0,3.6,0,0,TRACKING_FALTANTE_TOTAL
Paul George,202331,Paul George,PHI,Philadelphia 76ers @ New York Knicks,NYK,0,PR,COMBO,20.5,1.58,2.02,OVER,1.58,20.582605361938477,0.08260536193847656,0.08260536193847656,0.4029529850657393,5.7314,PR,False,38.8229995727539,35.0514995574951,17.6,5.0,3.6,0,0,TRACKING_FALTANTE_TOTAL
Paul George,202331,Paul George,PHI,Philadelphia 76ers @ New York Knicks,NYK,0,PR,COMBO,22.5,1.87,1.69,UNDER,1.69,20.582605361938477,-1.9173946380615234,1.9173946380615234,8.521753946940104,5.7314,PR,False,38.8229995727539,35.0514995574951,17.6,5.0,3.6,0,0,TRACKING_FALTANTE_TOTAL
Paul George,202331,Paul George,PHI,Philadelphia 76ers @ New York Knicks,NYK,0,PR,COMBO,23.5,2.08,1.55,UNDER,1.55,20.582605361938477,-2.9173946380615234,2.9173946380615234,12.41444526834691,5.7314,PR,True,38.8229995727539,35.0514995574951,17.6,5.0,3.6,0,0,TRACKING_FALTANTE_TOTAL
Paul George,202331,Paul George,PHI,Philadelphia 76ers @ New York Knicks,NYK,0,RA,COMBO,8.5,1.6,2.0,UNDER,2.0,7.848162651062012,-0.6518373489379883,0.6518373489379883,7.668674693388097,2.6976,RA,False,38.8229995727539,35.0514995574951,17.6,5.0,3.6,0,0,TRACKING_FALTANTE_TOTAL
Paul George,202331,Paul George,PHI,Philadelphia 76ers @ New York Knicks,NYK,0,RA,COMBO,9.5,2.04,1.67,UNDER,1.67,7.848162651062012,-1.6518373489379883,1.6518373489379883,17.387761567768298,2.6976,RA,True,38.8229995727539,35.0514995574951,17.6,5.0,3.6,0,0,TRACKING_FALTANTE_TOTAL
Paul George,202331,Paul George,PHI,Philadelphia 76ers @ New York Knicks,NYK,0,PRA,COMBO,25.5,1.82,1.85,UNDER,1.85,23.990428924560547,-1.5095710754394531,1.5095710754394531,5.919886570350796,6.1893,PRA,False,38.8229995727539,35.0514995574951,17.6,5.0,3.6,0,0,TRACKING_FALTANTE_TOTAL
Paul George,202331,Paul George,PHI,Philadelphia 76ers @ New York Knicks,NYK,0,PRA,COMBO,21.5,1.34,2.62,OVER,1.34,23.990428924560547,2.490428924560547,2.490428924560547,11.58339034679324,6.1893,PRA,False,38.8229995727539,35.0514995574951,17.6,5.0,3.6,0,0,TRACKING_FALTANTE_TOTAL
Paul George,202331,Paul George,PHI,Philadelphia 76ers @ New York Knicks,NYK,0,PRA,COMBO,22.5,1.44,2.32,OVER,1.44,23.990428924560547,1.4904289245605469,1.4904289245605469,6.62412855360243,6.1893,PRA,False,38.8229995727539,35.0514995574951,17.6,5.0,3.6,0,0,TRACKING_FALTANTE_TOTAL
Paul George,202331,Paul George,PHI,Philadelphia 76ers @ New York Knicks,NYK,0,PRA,COMBO,23.5,1.56,2.07,OVER,1.56,23.990428924560547,0.4904289245605469,0.4904289245605469,2.0869315938746675,6.1893,PRA,False,38.8229995727539,35.0514995574951,17.6,5.0,3.6,0,0,TRACKING_FALTANTE_TOTAL
Paul George,202331,Paul George,PHI,Philadelphia 76ers @ New York Knicks,NYK,0,PRA,COMBO,26.5,1.92,1.66,UNDER,1.66,23.990428924560547,-2.509571075439453,2.509571075439453,9.4700795299602,6.1893,PRA,False,38.8229995727539,35.0514995574951,17.6,5.0,3.6,0,0,TRACKING_FALTANTE_TOTAL
Paul George,202331,Paul George,PHI,Philadelphia 76ers @ New York Knicks,NYK,0,PRA,COMBO,27.5,2.11,1.53,UNDER,1.53,23.990428924560547,-3.509571075439453,3.509571075439453,12.762076637961647,6.1893,PRA,True,38.8229995727539,35.0514995574951,17.6,5.0,3.6,0,0,TRACKING_FALTANTE_TOTAL
Paul George,202331,Paul George,PHI,Philadelphia 76ers @ New York Knicks,NYK,0,PRA,COMBO,28.5,2.24,1.47,UNDER,1.47,23.990428924560547,-4.509571075439453,4.509571075439453,15.823056405050712,6.1893,PRA,True,38.8229995727539,35.0514995574951,17.6,5.0,3.6,0,0,TRACKING_FALTANTE_TOTAL
Paul George,202331,Paul George,PHI,Philadelphia 76ers @ New York Knicks,NYK,0,PRA,COMBO,30.5,2.78,1.31,UNDER,1.31,23.990428924560547,-6.509571075439453,6.509571075439453,21.342855985047386,6.1893,PRA,True,38.8229995727539,35.0514995574951,17.6,5.0,3.6,0,0,TRACKING_FALTANTE_TOTAL
Paul George,202331,Paul George,PHI,Philadelphia 76ers @ New York Knicks,NYK,0,PRA,COMBO,24.5,1.64,1.94,UNDER,1.94,23.990428924560547,-0.5095710754394531,0.5095710754394531,2.0798819405691966,6.1893,PRA,False,38.8229995727539,35.0514995574951,17.6,5.0,3.6,0,0,TRACKING_FALTANTE_TOTAL
Paul George,202331,Paul George,PHI,Philadelphia 76ers @ New York Knicks,NYK,0,PRA,COMBO,29.5,2.48,1.39,UNDER,1.39,23.990428924560547,-5.509571075439453,5.509571075439453,18.67651212013374,6.1893,PRA,True,38.8229995727539,35.0514995574951,17.6,5.0,3.6,0,0,TRACKING_FALTANTE_TOTAL
Paul George,202331,Paul George,PHI,Philadelphia 76ers @ New York Knicks,NYK,0,AST,SINGLE,4.5,2.48,1.38,UNDER,1.38,3.4508416652679443,-1.0491583347320557,1.0491583347320557,23.31462966071235,1.4546,AST_FALLBACK,True,38.8229995727539,35.0514995574951,17.6,5.0,3.6,0,0,TRACKING_FALTANTE_TOTAL
Julius Randle,203944,Julius Randle,MIN,Minnesota Timberwolves @ San Antonio Spurs,SAS,0,PTS,SINGLE,16.5,1.49,2.2,OVER,1.49,20.82455825805664,4.324558258056641,4.324558258056641,26.209443988222063,4.8341,PTS,True,34.1533336639404,33.1066667556763,18.6,7.4,3.4,0,0,TRACKING_FALTANTE_TOTAL
Julius Randle,203944,Julius Randle,MIN,Minnesota Timberwolves @ San Antonio Spurs,SAS,0,PTS,SINGLE,20.5,2.11,1.54,OVER,2.11,20.82455825805664,0.3245582580566406,0.3245582580566406,1.583211014910442,4.8341,PTS,False,34.1533336639404,33.1066667556763,18.6,7.4,3.4,0,0,TRACKING_FALTANTE_TOTAL
Julius Randle,203944,Julius Randle,MIN,Minnesota Timberwolves @ San Antonio Spurs,SAS,0,PTS,SINGLE,18.5,1.78,1.89,OVER,1.78,20.82455825805664,2.3245582580566406,2.3245582580566406,12.565179773279139,4.8341,PTS,False,34.1533336639404,33.1066667556763,18.6,7.4,3.4,0,0,TRACKING_FALTANTE_TOTAL
Julius Randle,203944,Julius Randle,MIN,Minnesota Timberwolves @ San Antonio Spurs,SAS,0,PTS,SINGLE,15.5,1.38,2.5,OVER,1.38,20.82455825805664,5.324558258056641,5.324558258056641,34.35198876165575,4.8341,PTS,True,34.1533336639404,33.1066667556763,18.6,7.4,3.4,0,0,TRACKING_FALTANTE_TOTAL
Julius Randle,203944,Julius Randle,MIN,Minnesota Timberwolves @ San Antonio Spurs,SAS,0,PTS,SINGLE,17.5,1.59,2.02,OVER,1.59,20.82455825805664,3.3245582580566406,3.3245582580566406,18.99747576032366,4.8341,PTS,True,34.1533336639404,33.1066667556763,18.6,7.4,3.4,0,0,TRACKING_FALTANTE_TOTAL
Julius Randle,203944,Julius Randle,MIN,Minnesota Timberwolves @ San Antonio Spurs,SAS,0,PTS,SINGLE,21.5,2.26,1.47,UNDER,1.47,20.82455825805664,-0.6754417419433594,0.6754417419433594,3.1415894974109735,4.8341,PTS,False,34.1533336639404,33.1066667556763,18.6,7.4,3.4,0,0,TRACKING_FALTANTE_TOTAL
Julius Randle,203944,Julius Randle,MIN,Minnesota Timberwolves @ San Antonio Spurs,SAS,0,PTS,SINGLE,22.5,2.52,1.37,UNDER,1.37,20.82455825805664,-1.6754417419433594,1.6754417419433594,7.446407741970486,4.8341,PTS,False,34.1533336639404,33.1066667556763,18.6,7.4,3.4,0,0,TRACKING_FALTANTE_TOTAL
Julius Randle,203944,Julius Randle,MIN,Minnesota Timberwolves @ San Antonio Spurs,SAS,0,PTS,SINGLE,23.5,2.84,1.29,UNDER,1.29,20.82455825805664,-2.6754417419433594,2.6754417419433594,11.384858476354722,4.8341,PTS,True,34.1533336639404,33.1066667556763,18.6,7.4,3.4,0,0,TRACKING_FALTANTE_TOTAL
Julius Randle,203944,Julius Randle,MIN,Minnesota Timberwolves @ San Antonio Spurs,SAS,0,PTS,SINGLE,19.5,1.91,1.66,OVER,1.91,20.82455825805664,1.3245582580566406,1.3245582580566406,6.792606451572516,4.8341,PTS,False,34.1533336639404,33.1066667556763,18.6,7.4,3.4,0,0,TRACKING_FALTANTE_TOTAL
Julius Randle,203944,Julius Randle,MIN,Minnesota Timberwolves @ San Antonio Spurs,SAS,0,PTS,SINGLE,14.5,1.3,2.83,OVER,1.3,20.82455825805664,6.324558258056641,6.324558258056641,43.617643159011315,4.8341,PTS,True,34.1533336639404,33.1066667556763,18.6,7.4,3.4,0,0,TRACKING_FALTANTE_TOTAL
Julius Randle,203944,Julius Randle,MIN,Minnesota Timberwolves @ San Antonio Spurs,SAS,0,AST,SINGLE,4.5,2.0,1.7,OVER,2.0,4.606910705566406,0.10691070556640625,0.10691070556640625,2.37579345703125,1.4546,AST_FALLBACK,False,34.1533336639404,33.1066667556763,18.6,7.4,3.4,0,0,TRACKING_FALTANTE_TOTAL
Julius Randle,203944,Julius Randle,MIN,Minnesota Timberwolves @ San Antonio Spurs,SAS,0,AST,SINGLE,3.5,1.5,2.18,OVER,1.5,4.606910705566406,1.1069107055664062,1.1069107055664062,31.62602015904018,1.4546,AST_FALLBACK,True,34.1533336639404,33.1066667556763,18.6,7.4,3.4,0,0,TRACKING_FALTANTE_TOTAL
Julius Randle,203944,Julius Randle,MIN,Minnesota Timberwolves @ San Antonio Spurs,SAS,0,AST,SINGLE,5.5,2.66,1.33,UNDER,1.33,4.606910705566406,-0.8930892944335938,0.8930892944335938,16.237987171519887,1.4546,AST_FALLBACK,True,34.1533336639404,33.1066667556763,18.6,7.4,3.4,0,0,TRACKING_FALTANTE_TOTAL
Julius Randle,203944,Julius Randle,MIN,Minnesota Timberwolves @ San Antonio Spurs,SAS,0,3PT,SINGLE,1.5,2.06,1.66,UNDER,1.66,1.4513202905654907,-0.04867970943450928,0.04867970943450928,3.2453139623006186,0.9642,3PT,False,34.1533336639404,33.1066667556763,18.6,7.4,3.4,0,0,TRACKING_FALTANTE_TOTAL
Julius Randle,203944,Julius Randle,MIN,Minnesota Timberwolves @ San Antonio Spurs,SAS,0,Q1_PTS,Q1,2.5,1.51,2.16,OVER,1.51,4.564395427703857,2.0643954277038574,2.0643954277038574,82.5758171081543,2.087,Q1_PTS,True,34.1533336639404,33.1066667556763,18.6,7.4,3.4,0,0,TRACKING_FALTANTE_TOTAL
Julius Randle,203944,Julius Randle,MIN,Minnesota Timberwolves @ San Antonio Spurs,SAS,0,Q1_PTS,Q1,4.5,2.05,1.57,OVER,2.05,4.564395427703857,0.06439542770385742,0.06439542770385742,1.431009504530165,2.087,Q1_PTS,False,34.1533336639404,33.1066667556763,18.6,7.4,3.4,0,0,TRACKING_FALTANTE_TOTAL
Julius Randle,203944,Julius Randle,MIN,Minnesota Timberwolves @ San Antonio Spurs,SAS,0,Q1_PTS,Q1,3.5,1.72,1.96,OVER,1.72,4.564395427703857,1.0643954277038574,1.0643954277038574,30.411297934395925,2.087,Q1_PTS,True,34.1533336639404,33.1066667556763,18.6,7.4,3.4,0,0,TRACKING_FALTANTE_TOTAL
Julius Randle,203944,Julius Randle,MIN,Minnesota Timberwolves @ San Antonio Spurs,SAS,0,Q1_AST,Q1,0.5,1.51,2.35,OVER,1.51,1.2744768857955933,0.7744768857955933,0.7744768857955933,154.89537715911865,0.7063,Q1_AST,True,34.1533336639404,33.1066667556763,18.6,7.4,3.4,0,0,TRACKING_FALTANTE_TOTAL
Julius Randle,203944,Julius Randle,MIN,Minnesota Timberwolves @ San Antonio Spurs,SAS,0,Q1_REB,Q1,1.5,1.99,1.7,OVER,1.99,1.9455715417861938,0.44557154178619385,0.44557154178619385,29.704769452412922,0.9236,Q1_REB,False,34.1533336639404,33.1066667556763,18.6,7.4,3.4,0,0,TRACKING_FALTANTE_TOTAL
Julius Randle,203944,Julius Randle,MIN,Minnesota Timberwolves @ San Antonio Spurs,SAS,0,FTM,SINGLE,3.5,1.63,2.1,OVER,1.63,4.8856587409973145,1.3856587409973145,1.3856587409973145,39.590249742780415,1.4962,FTM,True,34.1533336639404,33.1066667556763,18.6,7.4,3.4,0,0,TRACKING_FALTANTE_TOTAL
Julius Randle,203944,Julius Randle,MIN,Minnesota Timberwolves @ San Antonio Spurs,SAS,0,FTA,SINGLE,5.5,1.87,1.8,OVER,1.87,5.826235294342041,0.326235294342041,0.326235294342041,5.931550806218928,1.8012,FTA,False,34.1533336639404,33.1066667556763,18.6,7.4,3.4,0,0,TRACKING_FALTANTE_TOTAL
Julius Randle,203944,Julius Randle,MIN,Minnesota Timberwolves @ San Antonio Spurs,SAS,0,FGM,SINGLE,6.5,1.82,1.85,OVER,1.82,7.479325294494629,0.9793252944946289,0.9793252944946289,15.06654299222506,1.8635,FGM,True,34.1533336639404,33.1066667556763,18.6,7.4,3.4,0,0,TRACKING_FALTANTE_TOTAL
Julius Randle,203944,Julius Randle,MIN,Minnesota Timberwolves @ San Antonio Spurs,SAS,0,FGA,SINGLE,15.5,1.99,1.7,OVER,1.99,15.634831428527832,0.13483142852783203,0.13483142852783203,0.8698801840505292,2.8767,FGA,False,34.1533336639404,33.1066667556763,18.6,7.4,3.4,0,0,TRACKING_FALTANTE_TOTAL
Julius Randle,203944,Julius Randle,MIN,Minnesota Timberwolves @ San Antonio Spurs,SAS,0,FGA,SINGLE,14.5,1.66,1.92,OVER,1.66,15.634831428527832,1.134831428527832,1.134831428527832,7.826423645019531,2.8767,FGA,False,34.1533336639404,33.1066667556763,18.6,7.4,3.4,0,0,TRACKING_FALTANTE_TOTAL
Julius Randle,203944,Julius Randle,MIN,Minnesota Timberwolves @ San Antonio Spurs,SAS,0,FG3A,SINGLE,4.5,2.12,1.62,UNDER,1.62,4.424259185791016,-0.07574081420898438,0.07574081420898438,1.6831292046440973,1.5883,FG3A,False,34.1533336639404,33.1066667556763,18.6,7.4,3.4,0,0,TRACKING_FALTANTE_TOTAL
Julius Randle,203944,Julius Randle,MIN,Minnesota Timberwolves @ San Antonio Spurs,SAS,0,REB,SINGLE,5.5,1.37,2.54,OVER,1.37,7.231909275054932,1.7319092750549316,1.7319092750549316,31.4892595464533,1.9667,REB,True,34.1533336639404,33.1066667556763,18.6,7.4,3.4,0,0,TRACKING_FALTANTE_TOTAL
Julius Randle,203944,Julius Randle,MIN,Minnesota Timberwolves @ San Antonio Spurs,SAS,0,REB,SINGLE,7.5,2.06,1.56,UNDER,1.56,7.231909275054932,-0.26809072494506836,0.26809072494506836,3.5745429992675786,1.9667,REB,False,34.1533336639404,33.1066667556763,18.6,7.4,3.4,0,0,TRACKING_FALTANTE_TOTAL
Julius Randle,203944,Julius Randle,MIN,Minnesota Timberwolves @ San Antonio Spurs,SAS,0,REB,SINGLE,8.5,2.59,1.35,UNDER,1.35,7.231909275054932,-1.2680907249450684,1.2680907249450684,14.91871441111845,1.9667,REB,True,34.1533336639404,33.1066667556763,18.6,7.4,3.4,0,0,TRACKING_FALTANTE_TOTAL
Julius Randle,203944,Julius Randle,MIN,Minnesota Timberwolves @ San Antonio Spurs,SAS,0,REB,SINGLE,6.5,1.66,2.05,OVER,1.66,7.231909275054932,0.7319092750549316,0.7319092750549316,11.260142693152794,1.9667,REB,False,34.1533336639404,33.1066667556763,18.6,7.4,3.4,0,0,TRACKING_FALTANTE_TOTAL
Julius Randle,203944,Julius Randle,MIN,Minnesota Timberwolves @ San Antonio Spurs,SAS,0,PA,COMBO,21.5,1.54,2.09,OVER,1.54,24.563108444213867,3.063108444213867,3.063108444213867,14.247016019599382,5.2838,PA,True,34.1533336639404,33.1066667556763,18.6,7.4,3.4,0,0,TRACKING_FALTANTE_TOTAL
Julius Randle,203944,Julius Randle,MIN,Minnesota Timberwolves @ San Antonio Spurs,SAS,0,PA,COMBO,22.5,1.67,1.9,OVER,1.67,24.563108444213867,2.063108444213867,2.063108444213867,9.169370863172743,5.2838,PA,False,34.1533336639404,33.1066667556763,18.6,7.4,3.4,0,0,TRACKING_FALTANTE_TOTAL
Julius Randle,203944,Julius Randle,MIN,Minnesota Timberwolves @ San Antonio Spurs,SAS,0,PA,COMBO,23.5,1.88,1.79,OVER,1.88,24.563108444213867,1.0631084442138672,1.0631084442138672,4.5238657200590096,5.2838,PA,False,34.1533336639404,33.1066667556763,18.6,7.4,3.4,0,0,TRACKING_FALTANTE_TOTAL
Julius Randle,203944,Julius Randle,MIN,Minnesota Timberwolves @ San Antonio Spurs,SAS,0,PA,COMBO,24.5,1.98,1.61,OVER,1.98,24.563108444213867,0.06310844421386719,0.06310844421386719,0.257585486587213,5.2838,PA,False,34.1533336639404,33.1066667556763,18.6,7.4,3.4,0,0,TRACKING_FALTANTE_TOTAL
Julius Randle,203944,Julius Randle,MIN,Minnesota Timberwolves @ San Antonio Spurs,SAS,0,PA,COMBO,25.5,2.12,1.53,UNDER,1.53,24.563108444213867,-0.9368915557861328,0.9368915557861328,3.6740845324946383,5.2838,PA,False,34.1533336639404,33.1066667556763,18.6,7.4,3.4,0,0,TRACKING_FALTANTE_TOTAL
Julius Randle,203944,Julius Randle,MIN,Minnesota Timberwolves @ San Antonio Spurs,SAS,0,PR,COMBO,23.5,1.55,2.09,OVER,1.55,26.54189109802246,3.041891098022461,3.041891098022461,12.944217438393451,5.7314,PR,True,34.1533336639404,33.1066667556763,18.6,7.4,3.4,0,0,TRACKING_FALTANTE_TOTAL
Julius Randle,203944,Julius Randle,MIN,Minnesota Timberwolves @ San Antonio Spurs,SAS,0,PR,COMBO,25.5,1.76,1.91,OVER,1.76,26.54189109802246,1.041891098022461,1.041891098022461,4.085847443225337,5.7314,PR,False,34.1533336639404,33.1066667556763,18.6,7.4,3.4,0,0,TRACKING_FALTANTE_TOTAL
Julius Randle,203944,Julius Randle,MIN,Minnesota Timberwolves @ San Antonio Spurs,SAS,0,PR,COMBO,24.5,1.6,2.0,OVER,1.6,26.54189109802246,2.041891098022461,2.041891098022461,8.334249379683515,5.7314,PR,False,34.1533336639404,33.1066667556763,18.6,7.4,3.4,0,0,TRACKING_FALTANTE_TOTAL
Julius Randle,203944,Julius Randle,MIN,Minnesota Timberwolves @ San Antonio Spurs,SAS,0,PR,COMBO,26.5,1.85,1.71,OVER,1.85,26.54189109802246,0.04189109802246094,0.04189109802246094,0.15807961517909788,5.7314,PR,False,34.1533336639404,33.1066667556763,18.6,7.4,3.4,0,0,TRACKING_FALTANTE_TOTAL
Julius Randle,203944,Julius Randle,MIN,Minnesota Timberwolves @ San Antonio Spurs,SAS,0,PR,COMBO,27.5,2.0,1.6,UNDER,1.6,26.54189109802246,-0.9581089019775391,0.9581089019775391,3.4840323708274146,5.7314,PR,False,34.1533336639404,33.1066667556763,18.6,7.4,3.4,0,0,TRACKING_FALTANTE_TOTAL
Julius Randle,203944,Julius Randle,MIN,Minnesota Timberwolves @ San Antonio Spurs,SAS,0,PR,COMBO,28.5,2.13,1.53,UNDER,1.53,26.54189109802246,-1.958108901977539,1.958108901977539,6.870557550798383,5.7314,PR,False,34.1533336639404,33.1066667556763,18.6,7.4,3.4,0,0,TRACKING_FALTANTE_TOTAL
Julius Randle,203944,Julius Randle,MIN,Minnesota Timberwolves @ San Antonio Spurs,SAS,0,RA,COMBO,11.5,1.9,1.77,UNDER,1.77,11.242427825927734,-0.2575721740722656,0.2575721740722656,2.2397580354110054,2.6976,RA,False,34.1533336639404,33.1066667556763,18.6,7.4,3.4,0,0,TRACKING_FALTANTE_TOTAL
Julius Randle,203944,Julius Randle,MIN,Minnesota Timberwolves @ San Antonio Spurs,SAS,0,RA,COMBO,10.5,1.55,2.08,OVER,1.55,11.242427825927734,0.7424278259277344,0.7424278259277344,7.0707411993117555,2.6976,RA,False,34.1533336639404,33.1066667556763,18.6,7.4,3.4,0,0,TRACKING_FALTANTE_TOTAL
Julius Randle,203944,Julius Randle,MIN,Minnesota Timberwolves @ San Antonio Spurs,SAS,0,RA,COMBO,12.5,2.12,1.53,UNDER,1.53,11.242427825927734,-1.2575721740722656,1.2575721740722656,10.060577392578125,2.6976,RA,False,34.1533336639404,33.1066667556763,18.6,7.4,3.4,0,0,TRACKING_FALTANTE_TOTAL
Julius Randle,203944,Julius Randle,MIN,Minnesota Timberwolves @ San Antonio Spurs,SAS,0,PRA,COMBO,30.5,1.84,1.83,OVER,1.84,33.423336029052734,2.9233360290527344,2.9233360290527344,9.584708291976177,6.1893,PRA,False,34.1533336639404,33.1066667556763,18.6,7.4,3.4,0,0,TRACKING_FALTANTE_TOTAL
Julius Randle,203944,Julius Randle,MIN,Minnesota Timberwolves @ San Antonio Spurs,SAS,0,PRA,COMBO,25.5,1.32,2.71,OVER,1.32,33.423336029052734,7.923336029052734,7.923336029052734,31.07190599628523,6.1893,PRA,True,34.1533336639404,33.1066667556763,18.6,7.4,3.4,0,0,TRACKING_FALTANTE_TOTAL
Julius Randle,203944,Julius Randle,MIN,Minnesota Timberwolves @ San Antonio Spurs,SAS,0,PRA,COMBO,27.5,1.5,2.17,OVER,1.5,33.423336029052734,5.923336029052734,5.923336029052734,21.539403742009945,6.1893,PRA,True,34.1533336639404,33.1066667556763,18.6,7.4,3.4,0,0,TRACKING_FALTANTE_TOTAL
Julius Randle,203944,Julius Randle,MIN,Minnesota Timberwolves @ San Antonio Spurs,SAS,0,PRA,COMBO,28.5,1.56,2.07,OVER,1.56,33.423336029052734,4.923336029052734,4.923336029052734,17.274863259834156,6.1893,PRA,True,34.1533336639404,33.1066667556763,18.6,7.4,3.4,0,0,TRACKING_FALTANTE_TOTAL
Julius Randle,203944,Julius Randle,MIN,Minnesota Timberwolves @ San Antonio Spurs,SAS,0,PRA,COMBO,29.5,1.66,1.92,OVER,1.66,33.423336029052734,3.9233360290527344,3.9233360290527344,13.299444166280455,6.1893,PRA,True,34.1533336639404,33.1066667556763,18.6,7.4,3.4,0,0,TRACKING_FALTANTE_TOTAL
Julius Randle,203944,Julius Randle,MIN,Minnesota Timberwolves @ San Antonio Spurs,SAS,0,PRA,COMBO,31.5,1.92,1.66,OVER,1.92,33.423336029052734,1.9233360290527344,1.9233360290527344,6.105828663659475,6.1893,PRA,False,34.1533336639404,33.1066667556763,18.6,7.4,3.4,0,0,TRACKING_FALTANTE_TOTAL
Julius Randle,203944,Julius Randle,MIN,Minnesota Timberwolves @ San Antonio Spurs,SAS,0,PRA,COMBO,32.5,2.09,1.55,OVER,2.09,33.423336029052734,0.9233360290527344,0.9233360290527344,2.841033935546875,6.1893,PRA,False,34.1533336639404,33.1066667556763,18.6,7.4,3.4,0,0,TRACKING_FALTANTE_TOTAL
Julius Randle,203944,Julius Randle,MIN,Minnesota Timberwolves @ San Antonio Spurs,SAS,0,PRA,COMBO,33.5,2.2,1.49,UNDER,1.49,33.423336029052734,-0.07666397094726562,0.07666397094726562,0.22884767446944965,6.1893,PRA,False,34.1533336639404,33.1066667556763,18.6,7.4,3.4,0,0,TRACKING_FALTANTE_TOTAL
Julius Randle,203944,Julius Randle,MIN,Minnesota Timberwolves @ San Antonio Spurs,SAS,0,PRA,COMBO,34.5,2.43,1.4,UNDER,1.4,33.423336029052734,-1.0766639709472656,1.0766639709472656,3.12076513318048,6.1893,PRA,False,34.1533336639404,33.1066667556763,18.6,7.4,3.4,0,0,TRACKING_FALTANTE_TOTAL
Julius Randle,203944,Julius Randle,MIN,Minnesota Timberwolves @ San Antonio Spurs,SAS,0,PRA,COMBO,35.5,2.67,1.33,UNDER,1.33,33.423336029052734,-2.0766639709472656,2.0766639709472656,5.849757664640185,6.1893,PRA,False,34.1533336639404,33.1066667556763,18.6,7.4,3.4,0,0,TRACKING_FALTANTE_TOTAL
Julius Randle,203944,Julius Randle,MIN,Minnesota Timberwolves @ San Antonio Spurs,SAS,0,PRA,COMBO,26.5,1.41,2.4,OVER,1.41,33.423336029052734,6.923336029052734,6.923336029052734,26.12579633604805,6.1893,PRA,True,34.1533336639404,33.1066667556763,18.6,7.4,3.4,0,0,TRACKING_FALTANTE_TOTAL
Karl-Anthony Towns,1626157,Karl-Anthony Towns,NYK,Philadelphia 76ers @ New York Knicks,PHI,1,FTM,SINGLE,4.5,1.73,1.95,UNDER,1.95,4.209566116333008,-0.2904338836669922,0.2904338836669922,6.4540863037109375,1.4962,FTM,False,27.7386661529541,29.9393325805664,17.0,10.2,7.8,0,0,TRACKING_FALTANTE_TOTAL
Karl-Anthony Towns,1626157,Karl-Anthony Towns,NYK,Philadelphia 76ers @ New York Knicks,PHI,1,FGM,SINGLE,6.5,1.9,1.78,UNDER,1.78,5.965752601623535,-0.5342473983764648,0.5342473983764648,8.219190744253305,1.8635,FGM,False,27.7386661529541,29.9393325805664,17.0,10.2,7.8,0,0,TRACKING_FALTANTE_TOTAL
Karl-Anthony Towns,1626157,Karl-Anthony Towns,NYK,Philadelphia 76ers @ New York Knicks,PHI,1,FGA,SINGLE,11.5,1.77,1.91,UNDER,1.91,10.330732345581055,-1.1692676544189453,1.1692676544189453,10.167544821034307,2.8767,FGA,False,27.7386661529541,29.9393325805664,17.0,10.2,7.8,0,0,TRACKING_FALTANTE_TOTAL
Karl-Anthony Towns,1626157,Karl-Anthony Towns,NYK,Philadelphia 76ers @ New York Knicks,PHI,1,PTS,SINGLE,18.5,1.68,1.89,UNDER,1.89,17.635967254638672,-0.8640327453613281,0.8640327453613281,4.670447272223395,4.8341,PTS,False,27.7386661529541,29.9393325805664,17.0,10.2,7.8,0,0,TRACKING_FALTANTE_TOTAL
Karl-Anthony Towns,1626157,Karl-Anthony Towns,NYK,Philadelphia 76ers @ New York Knicks,PHI,1,PTS,SINGLE,23.5,2.64,1.34,UNDER,1.34,17.635967254638672,-5.864032745361328,5.864032745361328,24.9533308313248,4.8341,PTS,True,27.7386661529541,29.9393325805664,17.0,10.2,7.8,0,0,TRACKING_FALTANTE_TOTAL
Karl-Anthony Towns,1626157,Karl-Anthony Towns,NYK,Philadelphia 76ers @ New York Knicks,PHI,1,PTS,SINGLE,14.5,1.29,2.84,OVER,1.29,17.635967254638672,3.135967254638672,3.135967254638672,21.627360376818427,4.8341,PTS,True,27.7386661529541,29.9393325805664,17.0,10.2,7.8,0,0,TRACKING_FALTANTE_TOTAL
Karl-Anthony Towns,1626157,Karl-Anthony Towns,NYK,Philadelphia 76ers @ New York Knicks,PHI,1,PTS,SINGLE,16.5,1.48,2.22,OVER,1.48,17.635967254638672,1.1359672546386719,1.1359672546386719,6.884650028113162,4.8341,PTS,False,27.7386661529541,29.9393325805664,17.0,10.2,7.8,0,0,TRACKING_FALTANTE_TOTAL
Karl-Anthony Towns,1626157,Karl-Anthony Towns,NYK,Philadelphia 76ers @ New York Knicks,PHI,1,PTS,SINGLE,20.5,1.99,1.6,UNDER,1.6,17.635967254638672,-2.864032745361328,2.864032745361328,13.970891440786968,4.8341,PTS,True,27.7386661529541,29.9393325805664,17.0,10.2,7.8,0,0,TRACKING_FALTANTE_TOTAL
Karl-Anthony Towns,1626157,Karl-Anthony Towns,NYK,Philadelphia 76ers @ New York Knicks,PHI,1,PTS,SINGLE,21.5,2.1,1.54,UNDER,1.54,17.635967254638672,-3.864032745361328,3.864032745361328,17.97224532726199,4.8341,PTS,True,27.7386661529541,29.9393325805664,17.0,10.2,7.8,0,0,TRACKING_FALTANTE_TOTAL
Karl-Anthony Towns,1626157,Karl-Anthony Towns,NYK,Philadelphia 76ers @ New York Knicks,PHI,1,PTS,SINGLE,19.5,1.9,1.77,UNDER,1.77,17.635967254638672,-1.8640327453613281,1.8640327453613281,9.559142283904247,4.8341,PTS,False,27.7386661529541,29.9393325805664,17.0,10.2,7.8,0,0,TRACKING_FALTANTE_TOTAL
Karl-Anthony Towns,1626157,Karl-Anthony Towns,NYK,Philadelphia 76ers @ New York Knicks,PHI,1,PTS,SINGLE,22.5,2.34,1.43,UNDER,1.43,17.635967254638672,-4.864032745361328,4.864032745361328,21.617923312717014,4.8341,PTS,True,27.7386661529541,29.9393325805664,17.0,10.2,7.8,0,0,TRACKING_FALTANTE_TOTAL
Karl-Anthony Towns,1626157,Karl-Anthony Towns,NYK,Philadelphia 76ers @ New York Knicks,PHI,1,PTS,SINGLE,24.5,2.93,1.28,UNDER,1.28,17.635967254638672,-6.864032745361328,6.864032745361328,28.01646018514828,4.8341,PTS,True,27.7386661529541,29.9393325805664,17.0,10.2,7.8,0,0,TRACKING_FALTANTE_TOTAL
Karl-Anthony Towns,1626157,Karl-Anthony Towns,NYK,Philadelphia 76ers @ New York Knicks,PHI,1,PTS,SINGLE,17.5,1.56,2.07,OVER,1.56,17.635967254638672,0.13596725463867188,0.13596725463867188,0.7769557407924108,4.8341,PTS,False,27.7386661529541,29.9393325805664,17.0,10.2,7.8,0,0,TRACKING_FALTANTE_TOTAL
Karl-Anthony Towns,1626157,Karl-Anthony Towns,NYK,Philadelphia 76ers @ New York Knicks,PHI,1,PTS,SINGLE,15.5,1.38,2.49,OVER,1.38,17.635967254638672,2.135967254638672,2.135967254638672,13.780433900894657,4.8341,PTS,False,27.7386661529541,29.9393325805664,17.0,10.2,7.8,0,0,TRACKING_FALTANTE_TOTAL
Karl-Anthony Towns,1626157,Karl-Anthony Towns,NYK,Philadelphia 76ers @ New York Knicks,PHI,1,AST,SINGLE,4.5,1.67,2.04,UNDER,2.04,4.4554243087768555,-0.04457569122314453,0.04457569122314453,0.9905709160698785,1.4546,AST_FALLBACK,False,27.7386661529541,29.9393325805664,17.0,10.2,7.8,0,0,TRACKING_FALTANTE_TOTAL
Karl-Anthony Towns,1626157,Karl-Anthony Towns,NYK,Philadelphia 76ers @ New York Knicks,PHI,1,AST,SINGLE,3.5,1.32,2.71,OVER,1.32,4.4554243087768555,0.9554243087768555,0.9554243087768555,27.29783739362444,1.4546,AST_FALLBACK,True,27.7386661529541,29.9393325805664,17.0,10.2,7.8,0,0,TRACKING_FALTANTE_TOTAL
Karl-Anthony Towns,1626157,Karl-Anthony Towns,NYK,Philadelphia 76ers @ New York Knicks,PHI,1,AST,SINGLE,5.5,2.09,1.55,UNDER,1.55,4.4554243087768555,-1.0445756912231445,1.0445756912231445,18.992285294966262,1.4546,AST_FALLBACK,True,27.7386661529541,29.9393325805664,17.0,10.2,7.8,0,0,TRACKING_FALTANTE_TOTAL
Karl-Anthony Towns,1626157,Karl-Anthony Towns,NYK,Philadelphia 76ers @ New York Knicks,PHI,1,3PT,SINGLE,0.5,1.31,2.74,OVER,1.31,1.3118202686309814,0.8118202686309814,0.8118202686309814,162.3640537261963,0.9642,3PT,True,27.7386661529541,29.9393325805664,17.0,10.2,7.8,0,0,TRACKING_FALTANTE_TOTAL
Karl-Anthony Towns,1626157,Karl-Anthony Towns,NYK,Philadelphia 76ers @ New York Knicks,PHI,1,3PT,SINGLE,1.5,2.43,1.48,UNDER,1.48,1.3118202686309814,-0.18817973136901855,0.18817973136901855,12.545315424601236,0.9642,3PT,False,27.7386661529541,29.9393325805664,17.0,10.2,7.8,0,0,TRACKING_FALTANTE_TOTAL
Karl-Anthony Towns,1626157,Karl-Anthony Towns,NYK,Philadelphia 76ers @ New York Knicks,PHI,1,Q1_PTS,Q1,4.5,1.92,1.75,UNDER,1.75,3.3137588500976562,-1.1862411499023438,1.1862411499023438,26.360914442274307,2.087,Q1_PTS,True,27.7386661529541,29.9393325805664,17.0,10.2,7.8,0,0,TRACKING_FALTANTE_TOTAL
Karl-Anthony Towns,1626157,Karl-Anthony Towns,NYK,Philadelphia 76ers @ New York Knicks,PHI,1,Q1_PTS,Q1,5.5,2.15,1.52,UNDER,1.52,3.3137588500976562,-2.1862411499023438,2.1862411499023438,39.74983908913352,2.087,Q1_PTS,True,27.7386661529541,29.9393325805664,17.0,10.2,7.8,0,0,TRACKING_FALTANTE_TOTAL
Karl-Anthony Towns,1626157,Karl-Anthony Towns,NYK,Philadelphia 76ers @ New York Knicks,PHI,1,Q1_PTS,Q1,3.5,1.54,2.11,UNDER,2.11,3.3137588500976562,-0.18624114990234375,0.18624114990234375,5.321175711495536,2.087,Q1_PTS,False,27.7386661529541,29.9393325805664,17.0,10.2,7.8,0,0,TRACKING_FALTANTE_TOTAL
Karl-Anthony Towns,1626157,Karl-Anthony Towns,NYK,Philadelphia 76ers @ New York Knicks,PHI,1,Q1_AST,Q1,1.5,2.01,1.69,UNDER,1.69,1.0872751474380493,-0.4127248525619507,0.4127248525619507,27.51499017079671,0.7063,Q1_AST,True,27.7386661529541,29.9393325805664,17.0,10.2,7.8,0,0,TRACKING_FALTANTE_TOTAL
Karl-Anthony Towns,1626157,Karl-Anthony Towns,NYK,Philadelphia 76ers @ New York Knicks,PHI,1,Q1_REB,Q1,2.5,1.51,2.17,UNDER,2.17,2.3818469047546387,-0.11815309524536133,0.11815309524536133,4.726123809814453,0.9236,Q1_REB,False,27.7386661529541,29.9393325805664,17.0,10.2,7.8,0,0,TRACKING_FALTANTE_TOTAL
Karl-Anthony Towns,1626157,Karl-Anthony Towns,NYK,Philadelphia 76ers @ New York Knicks,PHI,1,Q1_REB,Q1,3.5,2.13,1.61,UNDER,1.61,2.3818469047546387,-1.1181530952453613,1.1181530952453613,31.94723129272461,0.9236,Q1_REB,True,27.7386661529541,29.9393325805664,17.0,10.2,7.8,0,0,TRACKING_FALTANTE_TOTAL
Karl-Anthony Towns,1626157,Karl-Anthony Towns,NYK,Philadelphia 76ers @ New York Knicks,PHI,1,FTA,SINGLE,5.5,1.81,1.86,UNDER,1.86,5.271523952484131,-0.22847604751586914,0.22847604751586914,4.154109954833984,1.8012,FTA,False,27.7386661529541,29.9393325805664,17.0,10.2,7.8,0,0,TRACKING_FALTANTE_TOTAL
Karl-Anthony Towns,1626157,Karl-Anthony Towns,NYK,Philadelphia 76ers @ New York Knicks,PHI,1,PA,COMBO,23.5,1.66,1.91,UNDER,1.91,20.0635929107666,-3.4364070892333984,3.4364070892333984,14.623008890354889,5.2838,PA,True,27.7386661529541,29.9393325805664,17.0,10.2,7.8,0,0,TRACKING_FALTANTE_TOTAL
Karl-Anthony Towns,1626157,Karl-Anthony Towns,NYK,Philadelphia 76ers @ New York Knicks,PHI,1,PA,COMBO,24.5,1.85,1.82,UNDER,1.82,20.0635929107666,-4.436407089233398,4.436407089233398,18.107784037687342,5.2838,PA,True,27.7386661529541,29.9393325805664,17.0,10.2,7.8,0,0,TRACKING_FALTANTE_TOTAL
Karl-Anthony Towns,1626157,Karl-Anthony Towns,NYK,Philadelphia 76ers @ New York Knicks,PHI,1,PA,COMBO,22.5,1.56,2.07,UNDER,2.07,20.0635929107666,-2.4364070892333984,2.4364070892333984,10.828475952148438,5.2838,PA,False,27.7386661529541,29.9393325805664,17.0,10.2,7.8,0,0,TRACKING_FALTANTE_TOTAL
Karl-Anthony Towns,1626157,Karl-Anthony Towns,NYK,Philadelphia 76ers @ New York Knicks,PHI,1,PA,COMBO,25.5,1.94,1.64,UNDER,1.64,20.0635929107666,-5.436407089233398,5.436407089233398,21.319243487189798,5.2838,PA,True,27.7386661529541,29.9393325805664,17.0,10.2,7.8,0,0,TRACKING_FALTANTE_TOTAL
Karl-Anthony Towns,1626157,Karl-Anthony Towns,NYK,Philadelphia 76ers @ New York Knicks,PHI,1,PA,COMBO,26.5,2.12,1.53,UNDER,1.53,20.0635929107666,-6.436407089233398,6.436407089233398,24.288328638616598,5.2838,PA,True,27.7386661529541,29.9393325805664,17.0,10.2,7.8,0,0,TRACKING_FALTANTE_TOTAL
Karl-Anthony Towns,1626157,Karl-Anthony Towns,NYK,Philadelphia 76ers @ New York Knicks,PHI,1,PR,COMBO,28.5,1.56,2.06,UNDER,2.06,27.731220245361328,-0.7687797546386719,0.7687797546386719,2.6974728232935856,5.7314,PR,False,27.7386661529541,29.9393325805664,17.0,10.2,7.8,0,0,TRACKING_FALTANTE_TOTAL
Karl-Anthony Towns,1626157,Karl-Anthony Towns,NYK,Philadelphia 76ers @ New York Knicks,PHI,1,PR,COMBO,29.5,1.61,1.98,UNDER,1.98,27.731220245361328,-1.7687797546386719,1.7687797546386719,5.995863575046345,5.7314,PR,False,27.7386661529541,29.9393325805664,17.0,10.2,7.8,0,0,TRACKING_FALTANTE_TOTAL
Karl-Anthony Towns,1626157,Karl-Anthony Towns,NYK,Philadelphia 76ers @ New York Knicks,PHI,1,PR,COMBO,30.5,1.7,1.87,UNDER,1.87,27.731220245361328,-2.768779754638672,2.768779754638672,9.077966408651383,5.7314,PR,False,27.7386661529541,29.9393325805664,17.0,10.2,7.8,0,0,TRACKING_FALTANTE_TOTAL
Karl-Anthony Towns,1626157,Karl-Anthony Towns,NYK,Philadelphia 76ers @ New York Knicks,PHI,1,PR,COMBO,32.5,1.91,1.66,UNDER,1.66,27.731220245361328,-4.768779754638672,4.768779754638672,14.673168475811298,5.7314,PR,True,27.7386661529541,29.9393325805664,17.0,10.2,7.8,0,0,TRACKING_FALTANTE_TOTAL
Karl-Anthony Towns,1626157,Karl-Anthony Towns,NYK,Philadelphia 76ers @ New York Knicks,PHI,1,PR,COMBO,33.5,2.05,1.57,UNDER,1.57,27.731220245361328,-5.768779754638672,5.768779754638672,17.220238073548273,5.7314,PR,True,27.7386661529541,29.9393325805664,17.0,10.2,7.8,0,0,TRACKING_FALTANTE_TOTAL
Karl-Anthony Towns,1626157,Karl-Anthony Towns,NYK,Philadelphia 76ers @ New York Knicks,PHI,1,PR,COMBO,34.5,2.13,1.52,UNDER,1.52,27.731220245361328,-6.768779754638672,6.768779754638672,19.61965146272079,5.7314,PR,True,27.7386661529541,29.9393325805664,17.0,10.2,7.8,0,0,TRACKING_FALTANTE_TOTAL
Karl-Anthony Towns,1626157,Karl-Anthony Towns,NYK,Philadelphia 76ers @ New York Knicks,PHI,1,PR,COMBO,31.5,1.86,1.81,UNDER,1.81,27.731220245361328,-3.768779754638672,3.768779754638672,11.964380173456101,5.7314,PR,True,27.7386661529541,29.9393325805664,17.0,10.2,7.8,0,0,TRACKING_FALTANTE_TOTAL
Karl-Anthony Towns,1626157,Karl-Anthony Towns,NYK,Philadelphia 76ers @ New York Knicks,PHI,1,RA,COMBO,15.5,1.53,2.11,UNDER,2.11,12.767086029052734,-2.7329139709472656,2.7329139709472656,17.631703038369455,2.6976,RA,True,27.7386661529541,29.9393325805664,17.0,10.2,7.8,0,0,TRACKING_FALTANTE_TOTAL
Karl-Anthony Towns,1626157,Karl-Anthony Towns,NYK,Philadelphia 76ers @ New York Knicks,PHI,1,RA,COMBO,16.5,1.75,1.92,UNDER,1.92,12.767086029052734,-3.7329139709472656,3.7329139709472656,22.623721036044035,2.6976,RA,True,27.7386661529541,29.9393325805664,17.0,10.2,7.8,0,0,TRACKING_FALTANTE_TOTAL
Karl-Anthony Towns,1626157,Karl-Anthony Towns,NYK,Philadelphia 76ers @ New York Knicks,PHI,1,RA,COMBO,18.5,2.12,1.53,UNDER,1.53,12.767086029052734,-5.732913970947266,5.732913970947266,30.988724167282516,2.6976,RA,True,27.7386661529541,29.9393325805664,17.0,10.2,7.8,0,0,TRACKING_FALTANTE_TOTAL
Karl-Anthony Towns,1626157,Karl-Anthony Towns,NYK,Philadelphia 76ers @ New York Knicks,PHI,1,RA,COMBO,17.5,1.92,1.65,UNDER,1.65,12.767086029052734,-4.732913970947266,4.732913970947266,27.04522269112723,2.6976,RA,True,27.7386661529541,29.9393325805664,17.0,10.2,7.8,0,0,TRACKING_FALTANTE_TOTAL
Karl-Anthony Towns,1626157,Karl-Anthony Towns,NYK,Philadelphia 76ers @ New York Knicks,PHI,1,PRA,COMBO,36.5,1.84,1.83,UNDER,1.83,32.92145919799805,-3.578540802001953,3.578540802001953,9.804221375347817,6.1893,PRA,True,27.7386661529541,29.9393325805664,17.0,10.2,7.8,0,0,TRACKING_FALTANTE_TOTAL
Karl-Anthony Towns,1626157,Karl-Anthony Towns,NYK,Philadelphia 76ers @ New York Knicks,PHI,1,PRA,COMBO,34.5,1.6,2.0,UNDER,2.0,32.92145919799805,-1.5785408020019531,1.5785408020019531,4.575480585512907,6.1893,PRA,False,27.7386661529541,29.9393325805664,17.0,10.2,7.8,0,0,TRACKING_FALTANTE_TOTAL
Karl-Anthony Towns,1626157,Karl-Anthony Towns,NYK,Philadelphia 76ers @ New York Knicks,PHI,1,PRA,COMBO,39.5,2.05,1.57,UNDER,1.57,32.92145919799805,-6.578540802001953,6.578540802001953,16.654533675954312,6.1893,PRA,True,27.7386661529541,29.9393325805664,17.0,10.2,7.8,0,0,TRACKING_FALTANTE_TOTAL
Karl-Anthony Towns,1626157,Karl-Anthony Towns,NYK,Philadelphia 76ers @ New York Knicks,PHI,1,PRA,COMBO,40.5,2.21,1.49,UNDER,1.49,32.92145919799805,-7.578540802001953,7.578540802001953,18.71244642469618,6.1893,PRA,True,27.7386661529541,29.9393325805664,17.0,10.2,7.8,0,0,TRACKING_FALTANTE_TOTAL
Karl-Anthony Towns,1626157,Karl-Anthony Towns,NYK,Philadelphia 76ers @ New York Knicks,PHI,1,PRA,COMBO,42.5,2.62,1.34,UNDER,1.34,32.92145919799805,-9.578540802001953,9.578540802001953,22.53774306353401,6.1893,PRA,True,27.7386661529541,29.9393325805664,17.0,10.2,7.8,0,0,TRACKING_FALTANTE_TOTAL
Karl-Anthony Towns,1626157,Karl-Anthony Towns,NYK,Philadelphia 76ers @ New York Knicks,PHI,1,PRA,COMBO,41.5,2.4,1.41,UNDER,1.41,32.92145919799805,-8.578540802001953,8.578540802001953,20.671182655426392,6.1893,PRA,True,27.7386661529541,29.9393325805664,17.0,10.2,7.8,0,0,TRACKING_FALTANTE_TOTAL
Karl-Anthony Towns,1626157,Karl-Anthony Towns,NYK,Philadelphia 76ers @ New York Knicks,PHI,1,PRA,COMBO,30.5,1.35,2.6,OVER,1.35,32.92145919799805,2.421459197998047,2.421459197998047,7.939210485239498,6.1893,PRA,False,27.7386661529541,29.9393325805664,17.0,10.2,7.8,0,0,TRACKING_FALTANTE_TOTAL
Karl-Anthony Towns,1626157,Karl-Anthony Towns,NYK,Philadelphia 76ers @ New York Knicks,PHI,1,PRA,COMBO,31.5,1.41,2.41,OVER,1.41,32.92145919799805,1.4214591979980469,1.4214591979980469,4.512568882533482,6.1893,PRA,False,27.7386661529541,29.9393325805664,17.0,10.2,7.8,0,0,TRACKING_FALTANTE_TOTAL
Karl-Anthony Towns,1626157,Karl-Anthony Towns,NYK,Philadelphia 76ers @ New York Knicks,PHI,1,PRA,COMBO,32.5,1.48,2.22,OVER,1.48,32.92145919799805,0.4214591979980469,0.4214591979980469,1.2967975323016827,6.1893,PRA,False,27.7386661529541,29.9393325805664,17.0,10.2,7.8,0,0,TRACKING_FALTANTE_TOTAL
Karl-Anthony Towns,1626157,Karl-Anthony Towns,NYK,Philadelphia 76ers @ New York Knicks,PHI,1,PRA,COMBO,33.5,1.56,2.06,UNDER,2.06,32.92145919799805,-0.5785408020019531,0.5785408020019531,1.7269874686625466,6.1893,PRA,False,27.7386661529541,29.9393325805664,17.0,10.2,7.8,0,0,TRACKING_FALTANTE_TOTAL
Karl-Anthony Towns,1626157,Karl-Anthony Towns,NYK,Philadelphia 76ers @ New York Knicks,PHI,1,PRA,COMBO,35.5,1.68,1.89,UNDER,1.89,32.92145919799805,-2.578540802001953,2.578540802001953,7.263495216906911,6.1893,PRA,False,27.7386661529541,29.9393325805664,17.0,10.2,7.8,0,0,TRACKING_FALTANTE_TOTAL
Karl-Anthony Towns,1626157,Karl-Anthony Towns,NYK,Philadelphia 76ers @ New York Knicks,PHI,1,PRA,COMBO,37.5,1.89,1.68,UNDER,1.68,32.92145919799805,-4.578540802001953,4.578540802001953,12.209442138671875,6.1893,PRA,True,27.7386661529541,29.9393325805664,17.0,10.2,7.8,0,0,TRACKING_FALTANTE_TOTAL
Karl-Anthony Towns,1626157,Karl-Anthony Towns,NYK,Philadelphia 76ers @ New York Knicks,PHI,1,PRA,COMBO,38.5,2.0,1.6,UNDER,1.6,32.92145919799805,-5.578540802001953,5.578540802001953,14.489716368836241,6.1893,PRA,True,27.7386661529541,29.9393325805664,17.0,10.2,7.8,0,0,TRACKING_FALTANTE_TOTAL
Karl-Anthony Towns,1626157,Karl-Anthony Towns,NYK,Philadelphia 76ers @ New York Knicks,PHI,1,REB,SINGLE,10.5,1.52,2.13,UNDER,2.13,10.117172241210938,-0.3828277587890625,0.3828277587890625,3.645978655133929,1.9667,REB,False,27.7386661529541,29.9393325805664,17.0,10.2,7.8,0,0,TRACKING_FALTANTE_TOTAL
Karl-Anthony Towns,1626157,Karl-Anthony Towns,NYK,Philadelphia 76ers @ New York Knicks,PHI,1,REB,SINGLE,12.5,2.0,1.6,UNDER,1.6,10.117172241210938,-2.3828277587890625,2.3828277587890625,19.0626220703125,1.9667,REB,True,27.7386661529541,29.9393325805664,17.0,10.2,7.8,0,0,TRACKING_FALTANTE_TOTAL
Karl-Anthony Towns,1626157,Karl-Anthony Towns,NYK,Philadelphia 76ers @ New York Knicks,PHI,1,REB,SINGLE,11.5,1.76,1.91,UNDER,1.91,10.117172241210938,-1.3828277587890625,1.3828277587890625,12.024589206861414,1.9667,REB,True,27.7386661529541,29.9393325805664,17.0,10.2,7.8,0,0,TRACKING_FALTANTE_TOTAL
Karl-Anthony Towns,1626157,Karl-Anthony Towns,NYK,Philadelphia 76ers @ New York Knicks,PHI,1,REB,SINGLE,9.5,1.35,2.62,OVER,1.35,10.117172241210938,0.6171722412109375,0.6171722412109375,6.496549907483552,1.9667,REB,False,27.7386661529541,29.9393325805664,17.0,10.2,7.8,0,0,TRACKING_FALTANTE_TOTAL
Karl-Anthony Towns,1626157,Karl-Anthony Towns,NYK,Philadelphia 76ers @ New York Knicks,PHI,1,REB,SINGLE,13.5,2.33,1.44,UNDER,1.44,10.117172241210938,-3.3828277587890625,3.3828277587890625,25.0579833984375,1.9667,REB,True,27.7386661529541,29.9393325805664,17.0,10.2,7.8,0,0,TRACKING_FALTANTE_TOTAL
Kelly Oubre Jr.,1626162,Kelly Oubre Jr.,PHI,Philadelphia 76ers @ New York Knicks,NYK,0,FTM,SINGLE,1.5,1.8,1.87,OVER,1.8,1.7341665029525757,0.23416650295257568,0.23416650295257568,15.611100196838379,1.4962,FTM,False,33.6133331298828,32.5566665649414,11.0,6.0,1.4,0,0,TRACKING_FALTANTE_TOTAL
Kelly Oubre Jr.,1626162,Kelly Oubre Jr.,PHI,Philadelphia 76ers @ New York Knicks,NYK,0,FGM,SINGLE,4.5,2.0,1.7,OVER,2.0,4.705886363983154,0.2058863639831543,0.2058863639831543,4.575252532958984,1.8635,FGM,False,33.6133331298828,32.5566665649414,11.0,6.0,1.4,0,0,TRACKING_FALTANTE_TOTAL
Kelly Oubre Jr.,1626162,Kelly Oubre Jr.,PHI,Philadelphia 76ers @ New York Knicks,NYK,0,FG3A,SINGLE,3.5,1.6,2.15,OVER,1.6,4.153562545776367,0.6535625457763672,0.6535625457763672,18.67321559361049,1.5883,FG3A,False,33.6133331298828,32.5566665649414,11.0,6.0,1.4,0,0,TRACKING_FALTANTE_TOTAL
Kelly Oubre Jr.,1626162,Kelly Oubre Jr.,PHI,Philadelphia 76ers @ New York Knicks,NYK,0,REB,SINGLE,5.5,1.89,1.78,UNDER,1.78,5.319650173187256,-0.18034982681274414,0.18034982681274414,3.2790877602317114,1.9667,REB,False,33.6133331298828,32.5566665649414,11.0,6.0,1.4,0,0,TRACKING_FALTANTE_TOTAL
Kelly Oubre Jr.,1626162,Kelly Oubre Jr.,PHI,Philadelphia 76ers @ New York Knicks,NYK,0,REB,SINGLE,4.5,1.48,2.23,OVER,1.48,5.319650173187256,0.8196501731872559,0.8196501731872559,18.214448293050133,1.9667,REB,False,33.6133331298828,32.5566665649414,11.0,6.0,1.4,0,0,TRACKING_FALTANTE_TOTAL
Kelly Oubre Jr.,1626162,Kelly Oubre Jr.,PHI,Philadelphia 76ers @ New York Knicks,NYK,0,REB,SINGLE,6.5,2.39,1.41,UNDER,1.41,5.319650173187256,-1.1803498268127441,1.1803498268127441,18.159228104811447,1.9667,REB,True,33.6133331298828,32.5566665649414,11.0,6.0,1.4,0,0,TRACKING_FALTANTE_TOTAL
Kelly Oubre Jr.,1626162,Kelly Oubre Jr.,PHI,Philadelphia 76ers @ New York Knicks,NYK,0,PA,COMBO,11.5,1.56,2.06,OVER,1.56,13.283438682556152,1.7834386825561523,1.7834386825561523,15.50816245701002,5.2838,PA,False,33.6133331298828,32.5566665649414,11.0,6.0,1.4,0,0,TRACKING_FALTANTE_TOTAL
Kelly Oubre Jr.,1626162,Kelly Oubre Jr.,PHI,Philadelphia 76ers @ New York Knicks,NYK,0,PA,COMBO,14.5,2.05,1.57,UNDER,1.57,13.283438682556152,-1.2165613174438477,1.2165613174438477,8.39007805133688,5.2838,PA,False,33.6133331298828,32.5566665649414,11.0,6.0,1.4,0,0,TRACKING_FALTANTE_TOTAL
Kelly Oubre Jr.,1626162,Kelly Oubre Jr.,PHI,Philadelphia 76ers @ New York Knicks,NYK,0,PA,COMBO,12.5,1.68,1.89,OVER,1.68,13.283438682556152,0.7834386825561523,0.7834386825561523,6.26750946044922,5.2838,PA,False,33.6133331298828,32.5566665649414,11.0,6.0,1.4,0,0,TRACKING_FALTANTE_TOTAL
Kelly Oubre Jr.,1626162,Kelly Oubre Jr.,PHI,Philadelphia 76ers @ New York Knicks,NYK,0,PA,COMBO,13.5,1.95,1.73,UNDER,1.73,13.283438682556152,-0.21656131744384766,0.21656131744384766,1.604157906991464,5.2838,PA,False,33.6133331298828,32.5566665649414,11.0,6.0,1.4,0,0,TRACKING_FALTANTE_TOTAL
Kelly Oubre Jr.,1626162,Kelly Oubre Jr.,PHI,Philadelphia 76ers @ New York Knicks,NYK,0,PR,COMBO,16.5,1.66,1.91,OVER,1.66,18.291006088256836,1.791006088256836,1.791006088256836,10.854582353071732,5.7314,PR,False,33.6133331298828,32.5566665649414,11.0,6.0,1.4,0,0,TRACKING_FALTANTE_TOTAL
Kelly Oubre Jr.,1626162,Kelly Oubre Jr.,PHI,Philadelphia 76ers @ New York Knicks,NYK,0,PR,COMBO,15.5,1.56,2.06,OVER,1.56,18.291006088256836,2.791006088256836,2.791006088256836,18.00649089197959,5.7314,PR,False,33.6133331298828,32.5566665649414,11.0,6.0,1.4,0,0,TRACKING_FALTANTE_TOTAL
Kelly Oubre Jr.,1626162,Kelly Oubre Jr.,PHI,Philadelphia 76ers @ New York Knicks,NYK,0,PR,COMBO,17.5,1.89,1.78,OVER,1.89,18.291006088256836,0.7910060882568359,0.7910060882568359,4.5200347900390625,5.7314,PR,False,33.6133331298828,32.5566665649414,11.0,6.0,1.4,0,0,TRACKING_FALTANTE_TOTAL
Kelly Oubre Jr.,1626162,Kelly Oubre Jr.,PHI,Philadelphia 76ers @ New York Knicks,NYK,0,PR,COMBO,18.5,2.04,1.58,UNDER,1.58,18.291006088256836,-0.20899391174316406,0.20899391174316406,1.1296968202333193,5.7314,PR,False,33.6133331298828,32.5566665649414,11.0,6.0,1.4,0,0,TRACKING_FALTANTE_TOTAL
Kelly Oubre Jr.,1626162,Kelly Oubre Jr.,PHI,Philadelphia 76ers @ New York Knicks,NYK,0,RA,COMBO,6.5,1.71,1.98,OVER,1.71,6.904746055603027,0.40474605560302734,0.40474605560302734,6.226862393892729,2.6976,RA,False,33.6133331298828,32.5566665649414,11.0,6.0,1.4,0,0,TRACKING_FALTANTE_TOTAL
Kelly Oubre Jr.,1626162,Kelly Oubre Jr.,PHI,Philadelphia 76ers @ New York Knicks,NYK,0,RA,COMBO,7.5,2.04,1.57,UNDER,1.57,6.904746055603027,-0.5952539443969727,0.5952539443969727,7.936719258626303,2.6976,RA,False,33.6133331298828,32.5566665649414,11.0,6.0,1.4,0,0,TRACKING_FALTANTE_TOTAL
Kelly Oubre Jr.,1626162,Kelly Oubre Jr.,PHI,Philadelphia 76ers @ New York Knicks,NYK,0,PRA,COMBO,14.5,1.3,2.81,OVER,1.3,17.622709274291992,3.122709274291992,3.122709274291992,21.535926029599946,6.1893,PRA,True,33.6133331298828,32.5566665649414,11.0,6.0,1.4,0,0,TRACKING_FALTANTE_TOTAL
Kelly Oubre Jr.,1626162,Kelly Oubre Jr.,PHI,Philadelphia 76ers @ New York Knicks,NYK,0,PRA,COMBO,22.5,2.65,1.34,UNDER,1.34,17.622709274291992,-4.877290725708008,4.877290725708008,21.676847669813366,6.1893,PRA,True,33.6133331298828,32.5566665649414,11.0,6.0,1.4,0,0,TRACKING_FALTANTE_TOTAL
Kelly Oubre Jr.,1626162,Kelly Oubre Jr.,PHI,Philadelphia 76ers @ New York Knicks,NYK,0,PRA,COMBO,18.5,1.82,1.85,UNDER,1.85,17.622709274291992,-0.8772907257080078,0.8772907257080078,4.742112030854096,6.1893,PRA,False,33.6133331298828,32.5566665649414,11.0,6.0,1.4,0,0,TRACKING_FALTANTE_TOTAL
Kelly Oubre Jr.,1626162,Kelly Oubre Jr.,PHI,Philadelphia 76ers @ New York Knicks,NYK,0,PRA,COMBO,15.5,1.4,2.45,OVER,1.4,17.622709274291992,2.122709274291992,2.122709274291992,13.694898543819303,6.1893,PRA,False,33.6133331298828,32.5566665649414,11.0,6.0,1.4,0,0,TRACKING_FALTANTE_TOTAL
Kelly Oubre Jr.,1626162,Kelly Oubre Jr.,PHI,Philadelphia 76ers @ New York Knicks,NYK,0,PRA,COMBO,16.5,1.51,2.15,OVER,1.51,17.622709274291992,1.1227092742919922,1.1227092742919922,6.804298632072681,6.1893,PRA,False,33.6133331298828,32.5566665649414,11.0,6.0,1.4,0,0,TRACKING_FALTANTE_TOTAL
Kelly Oubre Jr.,1626162,Kelly Oubre Jr.,PHI,Philadelphia 76ers @ New York Knicks,NYK,0,PRA,COMBO,17.5,1.61,1.98,OVER,1.61,17.622709274291992,0.12270927429199219,0.12270927429199219,0.7011958530970982,6.1893,PRA,False,33.6133331298828,32.5566665649414,11.0,6.0,1.4,0,0,TRACKING_FALTANTE_TOTAL
Kelly Oubre Jr.,1626162,Kelly Oubre Jr.,PHI,Philadelphia 76ers @ New York Knicks,NYK,0,PRA,COMBO,19.5,1.93,1.65,UNDER,1.65,17.622709274291992,-1.8772907257080078,1.8772907257080078,9.627131926707733,6.1893,PRA,False,33.6133331298828,32.5566665649414,11.0,6.0,1.4,0,0,TRACKING_FALTANTE_TOTAL
Kelly Oubre Jr.,1626162,Kelly Oubre Jr.,PHI,Philadelphia 76ers @ New York Knicks,NYK,0,PRA,COMBO,20.5,2.07,1.56,UNDER,1.56,17.622709274291992,-2.877290725708008,2.877290725708008,14.035564515648819,6.1893,PRA,False,33.6133331298828,32.5566665649414,11.0,6.0,1.4,0,0,TRACKING_FALTANTE_TOTAL
Kelly Oubre Jr.,1626162,Kelly Oubre Jr.,PHI,Philadelphia 76ers @ New York Knicks,NYK,0,PRA,COMBO,21.5,2.32,1.44,UNDER,1.44,17.622709274291992,-3.877290725708008,3.877290725708008,18.03391035213027,6.1893,PRA,True,33.6133331298828,32.5566665649414,11.0,6.0,1.4,0,0,TRACKING_FALTANTE_TOTAL
Kelly Oubre Jr.,1626162,Kelly Oubre Jr.,PHI,Philadelphia 76ers @ New York Knicks,NYK,0,PTS,SINGLE,10.5,1.58,2.04,OVER,1.58,11.503140449523926,1.0031404495239258,1.0031404495239258,9.553718566894531,4.8341,PTS,False,33.6133331298828,32.5566665649414,11.0,6.0,1.4,0,0,TRACKING_FALTANTE_TOTAL
Kelly Oubre Jr.,1626162,Kelly Oubre Jr.,PHI,Philadelphia 76ers @ New York Knicks,NYK,0,PTS,SINGLE,11.5,1.8,1.87,OVER,1.8,11.503140449523926,0.0031404495239257812,0.0031404495239257812,0.0273082567297894,4.8341,PTS,False,33.6133331298828,32.5566665649414,11.0,6.0,1.4,0,0,TRACKING_FALTANTE_TOTAL
Kelly Oubre Jr.,1626162,Kelly Oubre Jr.,PHI,Philadelphia 76ers @ New York Knicks,NYK,0,PTS,SINGLE,9.5,1.46,2.26,OVER,1.46,11.503140449523926,2.003140449523926,2.003140449523926,21.085688942357113,4.8341,PTS,False,33.6133331298828,32.5566665649414,11.0,6.0,1.4,0,0,TRACKING_FALTANTE_TOTAL
Kelly Oubre Jr.,1626162,Kelly Oubre Jr.,PHI,Philadelphia 76ers @ New York Knicks,NYK,0,PTS,SINGLE,8.5,1.33,2.67,OVER,1.33,11.503140449523926,3.003140449523926,3.003140449523926,35.331064112046185,4.8341,PTS,True,33.6133331298828,32.5566665649414,11.0,6.0,1.4,0,0,TRACKING_FALTANTE_TOTAL
Kelly Oubre Jr.,1626162,Kelly Oubre Jr.,PHI,Philadelphia 76ers @ New York Knicks,NYK,0,PTS,SINGLE,12.5,1.97,1.62,UNDER,1.62,11.503140449523926,-0.9968595504760742,0.9968595504760742,7.974876403808594,4.8341,PTS,False,33.6133331298828,32.5566665649414,11.0,6.0,1.4,0,0,TRACKING_FALTANTE_TOTAL
Kelly Oubre Jr.,1626162,Kelly Oubre Jr.,PHI,Philadelphia 76ers @ New York Knicks,NYK,0,PTS,SINGLE,13.5,2.19,1.5,UNDER,1.5,11.503140449523926,-1.9968595504760742,1.9968595504760742,14.791552225748697,4.8341,PTS,False,33.6133331298828,32.5566665649414,11.0,6.0,1.4,0,0,TRACKING_FALTANTE_TOTAL
Kelly Oubre Jr.,1626162,Kelly Oubre Jr.,PHI,Philadelphia 76ers @ New York Knicks,NYK,0,PTS,SINGLE,14.5,2.53,1.37,UNDER,1.37,11.503140449523926,-2.996859550476074,2.996859550476074,20.667996899834996,4.8341,PTS,True,33.6133331298828,32.5566665649414,11.0,6.0,1.4,0,0,TRACKING_FALTANTE_TOTAL
Kelly Oubre Jr.,1626162,Kelly Oubre Jr.,PHI,Philadelphia 76ers @ New York Knicks,NYK,0,PTS,SINGLE,15.5,2.91,1.28,UNDER,1.28,11.503140449523926,-3.996859550476074,3.996859550476074,25.786190648232736,4.8341,PTS,True,33.6133331298828,32.5566665649414,11.0,6.0,1.4,0,0,TRACKING_FALTANTE_TOTAL
Kelly Oubre Jr.,1626162,Kelly Oubre Jr.,PHI,Philadelphia 76ers @ New York Knicks,NYK,0,AST,SINGLE,1.5,2.22,1.56,OVER,2.22,1.6974986791610718,0.19749867916107178,0.19749867916107178,13.166578610738119,1.4546,AST_FALLBACK,False,33.6133331298828,32.5566665649414,11.0,6.0,1.4,0,0,TRACKING_FALTANTE_TOTAL
Kelly Oubre Jr.,1626162,Kelly Oubre Jr.,PHI,Philadelphia 76ers @ New York Knicks,NYK,0,3PT,SINGLE,1.5,2.26,1.55,UNDER,1.55,1.4760032892227173,-0.023996710777282715,0.023996710777282715,1.5997807184855144,0.9642,3PT,False,33.6133331298828,32.5566665649414,11.0,6.0,1.4,0,0,TRACKING_FALTANTE_TOTAL
Kelly Oubre Jr.,1626162,Kelly Oubre Jr.,PHI,Philadelphia 76ers @ New York Knicks,NYK,0,Q1_PTS,Q1,2.5,1.71,1.98,OVER,1.71,3.393937826156616,0.8939378261566162,0.8939378261566162,35.75751304626465,2.087,Q1_PTS,False,33.6133331298828,32.5566665649414,11.0,6.0,1.4,0,0,TRACKING_FALTANTE_TOTAL
Kelly Oubre Jr.,1626162,Kelly Oubre Jr.,PHI,Philadelphia 76ers @ New York Knicks,NYK,0,Q1_PTS,Q1,3.5,2.03,1.58,UNDER,1.58,3.393937826156616,-0.10606217384338379,0.10606217384338379,3.0303478240966797,2.087,Q1_PTS,False,33.6133331298828,32.5566665649414,11.0,6.0,1.4,0,0,TRACKING_FALTANTE_TOTAL
Kelly Oubre Jr.,1626162,Kelly Oubre Jr.,PHI,Philadelphia 76ers @ New York Knicks,NYK,0,Q1_REB,Q1,1.5,1.97,1.72,UNDER,1.72,1.4010056257247925,-0.09899437427520752,0.09899437427520752,6.599624951680501,0.9236,Q1_REB,False,33.6133331298828,32.5566665649414,11.0,6.0,1.4,0,0,TRACKING_FALTANTE_TOTAL
Kelly Oubre Jr.,1626162,Kelly Oubre Jr.,PHI,Philadelphia 76ers @ New York Knicks,NYK,0,FGA,SINGLE,9.5,1.75,1.92,UNDER,1.92,8.776631355285645,-0.7233686447143555,0.7233686447143555,7.6144067864669,2.8767,FGA,False,33.6133331298828,32.5566665649414,11.0,6.0,1.4,0,0,TRACKING_FALTANTE_TOTAL
Caris LeVert,1627747,Caris LeVert,DET,Detroit Pistons @ Cleveland Cavaliers,CLE,0,PTS,SINGLE,0.5,1.39,2.47,OVER,1.39,6.687847137451172,6.187847137451172,6.187847137451172,1237.5694274902344,4.8341,PTS,False,13.4150001525879,13.3575002193451,1.2,2.2,1.0,0,0,POTENTIAL_AST_FALTANTE
Caris LeVert,1627747,Caris LeVert,DET,Detroit Pistons @ Cleveland Cavaliers,CLE,0,PTS,SINGLE,3.5,2.12,1.53,OVER,2.12,6.687847137451172,3.187847137451172,3.187847137451172,91.0813467843192,4.8341,PTS,False,13.4150001525879,13.3575002193451,1.2,2.2,1.0,0,0,POTENTIAL_AST_FALTANTE
Caris LeVert,1627747,Caris LeVert,DET,Detroit Pistons @ Cleveland Cavaliers,CLE,0,PTS,SINGLE,4.5,2.56,1.36,OVER,2.56,6.687847137451172,2.187847137451172,2.187847137451172,48.618825276692704,4.8341,PTS,False,13.4150001525879,13.3575002193451,1.2,2.2,1.0,0,0,POTENTIAL_AST_FALTANTE
Caris LeVert,1627747,Caris LeVert,DET,Detroit Pistons @ Cleveland Cavaliers,CLE,0,PTS,SINGLE,2.5,1.86,1.81,OVER,1.86,6.687847137451172,4.187847137451172,4.187847137451172,167.51388549804688,4.8341,PTS,False,13.4150001525879,13.3575002193451,1.2,2.2,1.0,0,0,POTENTIAL_AST_FALTANTE
Caris LeVert,1627747,Caris LeVert,DET,Detroit Pistons @ Cleveland Cavaliers,CLE,0,PTS,SINGLE,1.5,1.44,2.33,OVER,1.44,6.687847137451172,5.187847137451172,5.187847137451172,345.8564758300781,4.8341,PTS,False,13.4150001525879,13.3575002193451,1.2,2.2,1.0,0,0,POTENTIAL_AST_FALTANTE
Caris LeVert,1627747,Caris LeVert,DET,Detroit Pistons @ Cleveland Cavaliers,CLE,0,AST,SINGLE,0.5,1.65,2.07,OVER,1.65,2.085303544998169,1.585303544998169,1.585303544998169,317.0607089996338,1.4546,AST_FALLBACK,False,13.4150001525879,13.3575002193451,1.2,2.2,1.0,0,0,POTENTIAL_AST_FALTANTE
Caris LeVert,1627747,Caris LeVert,DET,Detroit Pistons @ Cleveland Cavaliers,CLE,0,3PT,SINGLE,0.5,2.65,1.4,OVER,2.65,0.5927568674087524,0.09275686740875244,0.09275686740875244,18.55137348175049,0.9642,3PT,False,13.4150001525879,13.3575002193451,1.2,2.2,1.0,0,0,POTENTIAL_AST_FALTANTE
Caris LeVert,1627747,Caris LeVert,DET,Detroit Pistons @ Cleveland Cavaliers,CLE,0,FGA,SINGLE,2.5,1.93,1.75,OVER,1.93,4.701993465423584,2.201993465423584,2.201993465423584,88.07973861694336,2.8767,FGA,False,13.4150001525879,13.3575002193451,1.2,2.2,1.0,0,0,POTENTIAL_AST_FALTANTE
Caris LeVert,1627747,Caris LeVert,DET,Detroit Pistons @ Cleveland Cavaliers,CLE,0,REB,SINGLE,1.5,2.46,1.39,OVER,2.46,2.1696205139160156,0.6696205139160156,0.6696205139160156,44.641367594401046,1.9667,REB,False,13.4150001525879,13.3575002193451,1.2,2.2,1.0,0,0,POTENTIAL_AST_FALTANTE
Caris LeVert,1627747,Caris LeVert,DET,Detroit Pistons @ Cleveland Cavaliers,CLE,0,REB,SINGLE,0.5,1.51,2.35,OVER,1.51,2.1696205139160156,1.6696205139160156,1.6696205139160156,333.9241027832031,1.9667,REB,False,13.4150001525879,13.3575002193451,1.2,2.2,1.0,0,0,POTENTIAL_AST_FALTANTE
Caris LeVert,1627747,Caris LeVert,DET,Detroit Pistons @ Cleveland Cavaliers,CLE,0,PA,COMBO,2.5,1.56,2.06,OVER,1.56,8.24560832977295,5.745608329772949,5.745608329772949,229.82433319091794,5.2838,PA,False,13.4150001525879,13.3575002193451,1.2,2.2,1.0,0,0,POTENTIAL_AST_FALTANTE
Caris LeVert,1627747,Caris LeVert,DET,Detroit Pistons @ Cleveland Cavaliers,CLE,0,PA,COMBO,4.5,2.07,1.56,OVER,2.07,8.24560832977295,3.745608329772949,3.745608329772949,83.2357406616211,5.2838,PA,False,13.4150001525879,13.3575002193451,1.2,2.2,1.0,0,0,POTENTIAL_AST_FALTANTE
Caris LeVert,1627747,Caris LeVert,DET,Detroit Pistons @ Cleveland Cavaliers,CLE,0,PA,COMBO,3.5,1.87,1.8,OVER,1.87,8.24560832977295,4.745608329772949,4.745608329772949,135.58880942208427,5.2838,PA,False,13.4150001525879,13.3575002193451,1.2,2.2,1.0,0,0,POTENTIAL_AST_FALTANTE
Caris LeVert,1627747,Caris LeVert,DET,Detroit Pistons @ Cleveland Cavaliers,CLE,0,PR,COMBO,2.5,1.53,2.13,OVER,1.53,8.70167350769043,6.20167350769043,6.20167350769043,248.0669403076172,5.7314,PR,False,13.4150001525879,13.3575002193451,1.2,2.2,1.0,0,0,POTENTIAL_AST_FALTANTE
Caris LeVert,1627747,Caris LeVert,DET,Detroit Pistons @ Cleveland Cavaliers,CLE,0,PR,COMBO,4.5,2.06,1.57,OVER,2.06,8.70167350769043,4.20167350769043,4.20167350769043,93.37052239312065,5.7314,PR,False,13.4150001525879,13.3575002193451,1.2,2.2,1.0,0,0,POTENTIAL_AST_FALTANTE
Caris LeVert,1627747,Caris LeVert,DET,Detroit Pistons @ Cleveland Cavaliers,CLE,0,PR,COMBO,3.5,1.82,1.85,OVER,1.82,8.70167350769043,5.20167350769043,5.20167350769043,148.61924307686942,5.7314,PR,False,13.4150001525879,13.3575002193451,1.2,2.2,1.0,0,0,POTENTIAL_AST_FALTANTE
Caris LeVert,1627747,Caris LeVert,DET,Detroit Pistons @ Cleveland Cavaliers,CLE,0,RA,COMBO,1.5,1.69,2.01,OVER,1.69,3.936154842376709,2.436154842376709,2.436154842376709,162.41032282511395,2.6976,RA,False,13.4150001525879,13.3575002193451,1.2,2.2,1.0,0,0,POTENTIAL_AST_FALTANTE
Caris LeVert,1627747,Caris LeVert,DET,Detroit Pistons @ Cleveland Cavaliers,CLE,0,PRA,COMBO,2.5,1.37,2.52,OVER,1.37,9.894071578979492,7.394071578979492,7.394071578979492,295.7628631591797,6.1893,PRA,False,13.4150001525879,13.3575002193451,1.2,2.2,1.0,0,0,POTENTIAL_AST_FALTANTE
Caris LeVert,1627747,Caris LeVert,DET,Detroit Pistons @ Cleveland Cavaliers,CLE,0,PRA,COMBO,3.5,1.54,2.1,OVER,1.54,9.894071578979492,6.394071578979492,6.394071578979492,182.68775939941406,6.1893,PRA,False,13.4150001525879,13.3575002193451,1.2,2.2,1.0,0,0,POTENTIAL_AST_FALTANTE
Caris LeVert,1627747,Caris LeVert,DET,Detroit Pistons @ Cleveland Cavaliers,CLE,0,PRA,COMBO,5.5,2.04,1.58,OVER,2.04,9.894071578979492,4.394071578979492,4.394071578979492,79.89221052689986,6.1893,PRA,False,13.4150001525879,13.3575002193451,1.2,2.2,1.0,0,0,POTENTIAL_AST_FALTANTE
Caris LeVert,1627747,Caris LeVert,DET,Detroit Pistons @ Cleveland Cavaliers,CLE,0,PRA,COMBO,6.5,2.32,1.44,OVER,2.32,9.894071578979492,3.394071578979492,3.394071578979492,52.21648583045373,6.1893,PRA,False,13.4150001525879,13.3575002193451,1.2,2.2,1.0,0,0,POTENTIAL_AST_FALTANTE
Caris LeVert,1627747,Caris LeVert,DET,Detroit Pistons @ Cleveland Cavaliers,CLE,0,PRA,COMBO,7.5,2.75,1.31,OVER,2.75,9.894071578979492,2.394071578979492,2.394071578979492,31.92095438639323,6.1893,PRA,False,13.4150001525879,13.3575002193451,1.2,2.2,1.0,0,0,POTENTIAL_AST_FALTANTE
Caris LeVert,1627747,Caris LeVert,DET,Detroit Pistons @ Cleveland Cavaliers,CLE,0,PRA,COMBO,4.5,1.82,1.85,OVER,1.82,9.894071578979492,5.394071578979492,5.394071578979492,119.86825731065538,6.1893,PRA,False,13.4150001525879,13.3575002193451,1.2,2.2,1.0,0,0,POTENTIAL_AST_FALTANTE
Josh Hart,1628404,Josh Hart,NYK,Philadelphia 76ers @ New York Knicks,PHI,1,FTM,SINGLE,1.5,1.88,1.79,OVER,1.88,1.5299537181854248,0.029953718185424805,0.029953718185424805,1.996914545694987,1.4962,FTM,False,31.5693336486816,33.4746669769287,9.2,6.8,4.2,0,0,TRACKING_FALTANTE_TOTAL
Josh Hart,1628404,Josh Hart,NYK,Philadelphia 76ers @ New York Knicks,PHI,1,FGM,SINGLE,4.5,1.87,1.8,UNDER,1.8,4.316374778747559,-0.1836252212524414,0.1836252212524414,4.080560472276476,1.8635,FGM,False,31.5693336486816,33.4746669769287,9.2,6.8,4.2,0,0,TRACKING_FALTANTE_TOTAL
Josh Hart,1628404,Josh Hart,NYK,Philadelphia 76ers @ New York Knicks,PHI,1,REB,SINGLE,8.5,1.69,2.01,UNDER,2.01,6.96321964263916,-1.5367803573608398,1.5367803573608398,18.079768910127527,1.9667,REB,True,31.5693336486816,33.4746669769287,9.2,6.8,4.2,0,0,TRACKING_FALTANTE_TOTAL
Josh Hart,1628404,Josh Hart,NYK,Philadelphia 76ers @ New York Knicks,PHI,1,REB,SINGLE,7.5,1.42,2.37,UNDER,2.37,6.96321964263916,-0.5367803573608398,0.5367803573608398,7.157071431477864,1.9667,REB,False,31.5693336486816,33.4746669769287,9.2,6.8,4.2,0,0,TRACKING_FALTANTE_TOTAL
Josh Hart,1628404,Josh Hart,NYK,Philadelphia 76ers @ New York Knicks,PHI,1,REB,SINGLE,9.5,2.02,1.59,UNDER,1.59,6.96321964263916,-2.53678035736084,2.53678035736084,26.702951130114105,1.9667,REB,True,31.5693336486816,33.4746669769287,9.2,6.8,4.2,0,0,TRACKING_FALTANTE_TOTAL
Josh Hart,1628404,Josh Hart,NYK,Philadelphia 76ers @ New York Knicks,PHI,1,REB,SINGLE,10.5,2.5,1.38,UNDER,1.38,6.96321964263916,-3.53678035736084,3.53678035736084,33.68362245105562,1.9667,REB,True,31.5693336486816,33.4746669769287,9.2,6.8,4.2,0,0,TRACKING_FALTANTE_TOTAL
Josh Hart,1628404,Josh Hart,NYK,Philadelphia 76ers @ New York Knicks,PHI,1,PR,COMBO,21.5,1.94,1.74,UNDER,1.74,19.02489471435547,-2.4751052856445312,2.4751052856445312,11.512117607648982,5.7314,PR,False,31.5693336486816,33.4746669769287,9.2,6.8,4.2,0,0,TRACKING_FALTANTE_TOTAL
Josh Hart,1628404,Josh Hart,NYK,Philadelphia 76ers @ New York Knicks,PHI,1,PR,COMBO,20.5,1.69,1.87,UNDER,1.87,19.02489471435547,-1.4751052856445312,1.4751052856445312,7.195635539729421,5.7314,PR,False,31.5693336486816,33.4746669769287,9.2,6.8,4.2,0,0,TRACKING_FALTANTE_TOTAL
Josh Hart,1628404,Josh Hart,NYK,Philadelphia 76ers @ New York Knicks,PHI,1,PR,COMBO,22.5,2.06,1.56,UNDER,1.56,19.02489471435547,-3.4751052856445312,3.4751052856445312,15.44491238064236,5.7314,PR,True,31.5693336486816,33.4746669769287,9.2,6.8,4.2,0,0,TRACKING_FALTANTE_TOTAL
Josh Hart,1628404,Josh Hart,NYK,Philadelphia 76ers @ New York Knicks,PHI,1,PR,COMBO,19.5,1.55,2.09,UNDER,2.09,19.02489471435547,-0.47510528564453125,0.47510528564453125,2.436437362279648,5.7314,PR,False,31.5693336486816,33.4746669769287,9.2,6.8,4.2,0,0,TRACKING_FALTANTE_TOTAL
Josh Hart,1628404,Josh Hart,NYK,Philadelphia 76ers @ New York Knicks,PHI,1,RA,COMBO,14.5,2.0,1.69,UNDER,1.69,11.202322959899902,-3.2976770401000977,3.2976770401000977,22.7426002765524,2.6976,RA,True,31.5693336486816,33.4746669769287,9.2,6.8,4.2,0,0,TRACKING_FALTANTE_TOTAL
Josh Hart,1628404,Josh Hart,NYK,Philadelphia 76ers @ New York Knicks,PHI,1,RA,COMBO,13.5,1.65,1.93,UNDER,1.93,11.202322959899902,-2.2976770401000977,2.2976770401000977,17.01982992666739,2.6976,RA,True,31.5693336486816,33.4746669769287,9.2,6.8,4.2,0,0,TRACKING_FALTANTE_TOTAL
Josh Hart,1628404,Josh Hart,NYK,Philadelphia 76ers @ New York Knicks,PHI,1,PRA,COMBO,23.5,1.46,2.28,UNDER,2.28,21.50542449951172,-1.9945755004882812,1.9945755004882812,8.48755532122673,6.1893,PRA,False,31.5693336486816,33.4746669769287,9.2,6.8,4.2,0,0,TRACKING_FALTANTE_TOTAL
Josh Hart,1628404,Josh Hart,NYK,Philadelphia 76ers @ New York Knicks,PHI,1,PRA,COMBO,26.5,1.87,1.8,UNDER,1.8,21.50542449951172,-4.994575500488281,4.994575500488281,18.847454718823702,6.1893,PRA,True,31.5693336486816,33.4746669769287,9.2,6.8,4.2,0,0,TRACKING_FALTANTE_TOTAL
Josh Hart,1628404,Josh Hart,NYK,Philadelphia 76ers @ New York Knicks,PHI,1,PRA,COMBO,25.5,1.66,1.91,UNDER,1.91,21.50542449951172,-3.9945755004882812,3.9945755004882812,15.665001962699144,6.1893,PRA,True,31.5693336486816,33.4746669769287,9.2,6.8,4.2,0,0,TRACKING_FALTANTE_TOTAL
Josh Hart,1628404,Josh Hart,NYK,Philadelphia 76ers @ New York Knicks,PHI,1,PRA,COMBO,27.5,1.98,1.62,UNDER,1.62,21.50542449951172,-5.994575500488281,5.994575500488281,21.79845636541193,6.1893,PRA,True,31.5693336486816,33.4746669769287,9.2,6.8,4.2,0,0,TRACKING_FALTANTE_TOTAL
Josh Hart,1628404,Josh Hart,NYK,Philadelphia 76ers @ New York Knicks,PHI,1,PRA,COMBO,22.5,1.36,2.58,UNDER,2.58,21.50542449951172,-0.9945755004882812,0.9945755004882812,4.420335557725695,6.1893,PRA,False,31.5693336486816,33.4746669769287,9.2,6.8,4.2,0,0,TRACKING_FALTANTE_TOTAL
Josh Hart,1628404,Josh Hart,NYK,Philadelphia 76ers @ New York Knicks,PHI,1,PRA,COMBO,24.5,1.53,2.12,UNDER,2.12,21.50542449951172,-2.9945755004882812,2.9945755004882812,12.222757144850128,6.1893,PRA,False,31.5693336486816,33.4746669769287,9.2,6.8,4.2,0,0,TRACKING_FALTANTE_TOTAL
Josh Hart,1628404,Josh Hart,NYK,Philadelphia 76ers @ New York Knicks,PHI,1,PRA,COMBO,28.5,2.12,1.53,UNDER,1.53,21.50542449951172,-6.994575500488281,6.994575500488281,24.542370177151867,6.1893,PRA,True,31.5693336486816,33.4746669769287,9.2,6.8,4.2,0,0,TRACKING_FALTANTE_TOTAL
Josh Hart,1628404,Josh Hart,NYK,Philadelphia 76ers @ New York Knicks,PHI,1,PRA,COMBO,29.5,2.37,1.42,UNDER,1.42,21.50542449951172,-7.994575500488281,7.994575500488281,27.10025593385858,6.1893,PRA,True,31.5693336486816,33.4746669769287,9.2,6.8,4.2,0,0,TRACKING_FALTANTE_TOTAL
Josh Hart,1628404,Josh Hart,NYK,Philadelphia 76ers @ New York Knicks,PHI,1,PRA,COMBO,30.5,2.66,1.34,UNDER,1.34,21.50542449951172,-8.994575500488281,8.994575500488281,29.49041147701076,6.1893,PRA,True,31.5693336486816,33.4746669769287,9.2,6.8,4.2,0,0,TRACKING_FALTANTE_TOTAL
Josh Hart,1628404,Josh Hart,NYK,Philadelphia 76ers @ New York Knicks,PHI,1,PTS,SINGLE,12.5,1.9,1.67,UNDER,1.67,11.258325576782227,-1.2416744232177734,1.2416744232177734,9.933395385742188,4.8341,PTS,False,31.5693336486816,33.4746669769287,9.2,6.8,4.2,0,0,TRACKING_FALTANTE_TOTAL
Josh Hart,1628404,Josh Hart,NYK,Philadelphia 76ers @ New York Knicks,PHI,1,PTS,SINGLE,11.5,1.72,1.97,UNDER,1.97,11.258325576782227,-0.24167442321777344,0.24167442321777344,2.1015167236328125,4.8341,PTS,False,31.5693336486816,33.4746669769287,9.2,6.8,4.2,0,0,TRACKING_FALTANTE_TOTAL
Josh Hart,1628404,Josh Hart,NYK,Philadelphia 76ers @ New York Knicks,PHI,1,PTS,SINGLE,9.5,1.4,2.42,OVER,1.4,11.258325576782227,1.7583255767822266,1.7583255767822266,18.508690281918174,4.8341,PTS,False,31.5693336486816,33.4746669769287,9.2,6.8,4.2,0,0,TRACKING_FALTANTE_TOTAL
Josh Hart,1628404,Josh Hart,NYK,Philadelphia 76ers @ New York Knicks,PHI,1,PTS,SINGLE,8.5,1.29,2.87,OVER,1.29,11.258325576782227,2.7583255767822266,2.7583255767822266,32.45088913861443,4.8341,PTS,True,31.5693336486816,33.4746669769287,9.2,6.8,4.2,0,0,TRACKING_FALTANTE_TOTAL
Josh Hart,1628404,Josh Hart,NYK,Philadelphia 76ers @ New York Knicks,PHI,1,PTS,SINGLE,10.5,1.55,2.09,OVER,1.55,11.258325576782227,0.7583255767822266,0.7583255767822266,7.22214835030692,4.8341,PTS,False,31.5693336486816,33.4746669769287,9.2,6.8,4.2,0,0,TRACKING_FALTANTE_TOTAL
Josh Hart,1628404,Josh Hart,NYK,Philadelphia 76ers @ New York Knicks,PHI,1,PTS,SINGLE,14.5,2.44,1.4,UNDER,1.4,11.258325576782227,-3.2416744232177734,3.2416744232177734,22.35637533253637,4.8341,PTS,True,31.5693336486816,33.4746669769287,9.2,6.8,4.2,0,0,TRACKING_FALTANTE_TOTAL
Josh Hart,1628404,Josh Hart,NYK,Philadelphia 76ers @ New York Knicks,PHI,1,PTS,SINGLE,15.5,2.85,1.29,UNDER,1.29,11.258325576782227,-4.241674423217773,4.241674423217773,27.36564144011467,4.8341,PTS,True,31.5693336486816,33.4746669769287,9.2,6.8,4.2,0,0,TRACKING_FALTANTE_TOTAL
Josh Hart,1628404,Josh Hart,NYK,Philadelphia 76ers @ New York Knicks,PHI,1,PTS,SINGLE,13.5,2.09,1.55,UNDER,1.55,11.258325576782227,-2.2416744232177734,2.2416744232177734,16.604995727539062,4.8341,PTS,False,31.5693336486816,33.4746669769287,9.2,6.8,4.2,0,0,TRACKING_FALTANTE_TOTAL
Josh Hart,1628404,Josh Hart,NYK,Philadelphia 76ers @ New York Knicks,PHI,1,AST,SINGLE,4.5,1.57,2.2,OVER,1.57,4.647740840911865,0.14774084091186523,0.14774084091186523,3.2831297980414496,1.4546,AST_FALLBACK,False,31.5693336486816,33.4746669769287,9.2,6.8,4.2,0,0,TRACKING_FALTANTE_TOTAL
Josh Hart,1628404,Josh Hart,NYK,Philadelphia 76ers @ New York Knicks,PHI,1,AST,SINGLE,5.5,2.09,1.55,UNDER,1.55,4.647740840911865,-0.8522591590881348,0.8522591590881348,15.495621074329724,1.4546,AST_FALLBACK,True,31.5693336486816,33.4746669769287,9.2,6.8,4.2,0,0,TRACKING_FALTANTE_TOTAL
Josh Hart,1628404,Josh Hart,NYK,Philadelphia 76ers @ New York Knicks,PHI,1,3PT,SINGLE,1.5,2.17,1.59,UNDER,1.59,1.4941215515136719,-0.005878448486328125,0.005878448486328125,0.3918965657552083,0.9642,3PT,False,31.5693336486816,33.4746669769287,9.2,6.8,4.2,0,0,TRACKING_FALTANTE_TOTAL
Josh Hart,1628404,Josh Hart,NYK,Philadelphia 76ers @ New York Knicks,PHI,1,Q1_PTS,Q1,2.5,1.79,1.89,OVER,1.79,2.744166374206543,0.24416637420654297,0.24416637420654297,9.766654968261719,2.087,Q1_PTS,False,31.5693336486816,33.4746669769287,9.2,6.8,4.2,0,0,TRACKING_FALTANTE_TOTAL
Josh Hart,1628404,Josh Hart,NYK,Philadelphia 76ers @ New York Knicks,PHI,1,Q1_PTS,Q1,3.5,2.07,1.56,UNDER,1.56,2.744166374206543,-0.755833625793457,0.755833625793457,21.59524645124163,2.087,Q1_PTS,False,31.5693336486816,33.4746669769287,9.2,6.8,4.2,0,0,TRACKING_FALTANTE_TOTAL
Josh Hart,1628404,Josh Hart,NYK,Philadelphia 76ers @ New York Knicks,PHI,1,Q1_AST,Q1,1.5,2.15,1.6,UNDER,1.6,1.3969014883041382,-0.10309851169586182,0.10309851169586182,6.873234113057454,0.7063,Q1_AST,False,31.5693336486816,33.4746669769287,9.2,6.8,4.2,0,0,TRACKING_FALTANTE_TOTAL
Josh Hart,1628404,Josh Hart,NYK,Philadelphia 76ers @ New York Knicks,PHI,1,Q1_REB,Q1,2.5,2.19,1.58,UNDER,1.58,1.6910978555679321,-0.8089021444320679,0.8089021444320679,32.356085777282715,0.9236,Q1_REB,True,31.5693336486816,33.4746669769287,9.2,6.8,4.2,0,0,TRACKING_FALTANTE_TOTAL
Josh Hart,1628404,Josh Hart,NYK,Philadelphia 76ers @ New York Knicks,PHI,1,FGA,SINGLE,9.5,1.72,1.97,UNDER,1.97,8.873937606811523,-0.6260623931884766,0.6260623931884766,6.590130454615544,2.8767,FGA,False,31.5693336486816,33.4746669769287,9.2,6.8,4.2,0,0,TRACKING_FALTANTE_TOTAL
Josh Hart,1628404,Josh Hart,NYK,Philadelphia 76ers @ New York Knicks,PHI,1,PA,COMBO,15.5,1.53,2.13,UNDER,2.13,13.71217155456543,-1.7878284454345703,1.7878284454345703,11.534377067319808,5.2838,PA,False,31.5693336486816,33.4746669769287,9.2,6.8,4.2,0,0,TRACKING_FALTANTE_TOTAL
Josh Hart,1628404,Josh Hart,NYK,Philadelphia 76ers @ New York Knicks,PHI,1,PA,COMBO,18.5,2.08,1.55,UNDER,1.55,13.71217155456543,-4.78782844543457,4.78782844543457,25.880153759105784,5.2838,PA,True,31.5693336486816,33.4746669769287,9.2,6.8,4.2,0,0,TRACKING_FALTANTE_TOTAL
Josh Hart,1628404,Josh Hart,NYK,Philadelphia 76ers @ New York Knicks,PHI,1,PA,COMBO,16.5,1.65,1.93,UNDER,1.93,13.71217155456543,-2.7878284454345703,2.7878284454345703,16.895929972330727,5.2838,PA,True,31.5693336486816,33.4746669769287,9.2,6.8,4.2,0,0,TRACKING_FALTANTE_TOTAL
Josh Hart,1628404,Josh Hart,NYK,Philadelphia 76ers @ New York Knicks,PHI,1,PA,COMBO,17.5,1.91,1.77,UNDER,1.77,13.71217155456543,-3.7878284454345703,3.7878284454345703,21.64473397391183,5.2838,PA,True,31.5693336486816,33.4746669769287,9.2,6.8,4.2,0,0,TRACKING_FALTANTE_TOTAL
Mikal Bridges,1628969,Mikal Bridges,NYK,Philadelphia 76ers @ New York Knicks,PHI,1,FTM,SINGLE,1.5,1.94,1.74,UNDER,1.74,1.3070528507232666,-0.1929471492767334,0.1929471492767334,12.86314328511556,1.4962,FTM,False,27.5766666412354,26.0483332067728,14.8,3.0,2.4,0,0,TRACKING_FALTANTE_TOTAL
Mikal Bridges,1628969,Mikal Bridges,NYK,Philadelphia 76ers @ New York Knicks,PHI,1,PTS,SINGLE,11.5,1.42,2.37,OVER,1.42,11.863606452941895,0.36360645294189453,0.36360645294189453,3.1617952429729956,4.8341,PTS,False,27.5766666412354,26.0483332067728,14.8,3.0,2.4,0,0,TRACKING_FALTANTE_TOTAL
Mikal Bridges,1628969,Mikal Bridges,NYK,Philadelphia 76ers @ New York Knicks,PHI,1,PTS,SINGLE,14.5,1.95,1.73,UNDER,1.73,11.863606452941895,-2.6363935470581055,2.6363935470581055,18.18202446246969,4.8341,PTS,True,27.5766666412354,26.0483332067728,14.8,3.0,2.4,0,0,TRACKING_FALTANTE_TOTAL
Mikal Bridges,1628969,Mikal Bridges,NYK,Philadelphia 76ers @ New York Knicks,PHI,1,PTS,SINGLE,12.5,1.57,2.06,UNDER,2.06,11.863606452941895,-0.6363935470581055,0.6363935470581055,5.091148376464844,4.8341,PTS,False,27.5766666412354,26.0483332067728,14.8,3.0,2.4,0,0,TRACKING_FALTANTE_TOTAL
Mikal Bridges,1628969,Mikal Bridges,NYK,Philadelphia 76ers @ New York Knicks,PHI,1,PTS,SINGLE,10.5,1.31,2.75,OVER,1.31,11.863606452941895,1.3636064529418945,1.3636064529418945,12.986728123256139,4.8341,PTS,False,27.5766666412354,26.0483332067728,14.8,3.0,2.4,0,0,TRACKING_FALTANTE_TOTAL
Mikal Bridges,1628969,Mikal Bridges,NYK,Philadelphia 76ers @ New York Knicks,PHI,1,PTS,SINGLE,17.5,2.67,1.33,UNDER,1.33,11.863606452941895,-5.6363935470581055,5.6363935470581055,32.207963126046316,4.8341,PTS,True,27.5766666412354,26.0483332067728,14.8,3.0,2.4,0,0,TRACKING_FALTANTE_TOTAL
Mikal Bridges,1628969,Mikal Bridges,NYK,Philadelphia 76ers @ New York Knicks,PHI,1,PTS,SINGLE,15.5,2.12,1.53,UNDER,1.53,11.863606452941895,-3.6363935470581055,3.6363935470581055,23.46060352940713,4.8341,PTS,True,27.5766666412354,26.0483332067728,14.8,3.0,2.4,0,0,TRACKING_FALTANTE_TOTAL
Mikal Bridges,1628969,Mikal Bridges,NYK,Philadelphia 76ers @ New York Knicks,PHI,1,PTS,SINGLE,16.5,2.31,1.44,UNDER,1.44,11.863606452941895,-4.6363935470581055,4.6363935470581055,28.099354830655184,4.8341,PTS,True,27.5766666412354,26.0483332067728,14.8,3.0,2.4,0,0,TRACKING_FALTANTE_TOTAL
Mikal Bridges,1628969,Mikal Bridges,NYK,Philadelphia 76ers @ New York Knicks,PHI,1,PTS,SINGLE,13.5,1.67,1.9,UNDER,1.9,11.863606452941895,-1.6363935470581055,1.6363935470581055,12.121433681911892,4.8341,PTS,False,27.5766666412354,26.0483332067728,14.8,3.0,2.4,0,0,TRACKING_FALTANTE_TOTAL
Mikal Bridges,1628969,Mikal Bridges,NYK,Philadelphia 76ers @ New York Knicks,PHI,1,AST,SINGLE,1.5,1.31,2.76,OVER,1.31,2.992875576019287,1.492875576019287,1.492875576019287,99.5250384012858,1.4546,AST_FALLBACK,True,27.5766666412354,26.0483332067728,14.8,3.0,2.4,0,0,TRACKING_FALTANTE_TOTAL
Mikal Bridges,1628969,Mikal Bridges,NYK,Philadelphia 76ers @ New York Knicks,PHI,1,AST,SINGLE,2.5,1.92,1.75,OVER,1.92,2.992875576019287,0.4928755760192871,0.4928755760192871,19.715023040771484,1.4546,AST_FALLBACK,False,27.5766666412354,26.0483332067728,14.8,3.0,2.4,0,0,TRACKING_FALTANTE_TOTAL
Mikal Bridges,1628969,Mikal Bridges,NYK,Philadelphia 76ers @ New York Knicks,PHI,1,3PT,SINGLE,1.5,1.76,1.92,UNDER,1.92,1.481911301612854,-0.018088698387145996,0.018088698387145996,1.205913225809733,0.9642,3PT,False,27.5766666412354,26.0483332067728,14.8,3.0,2.4,0,0,TRACKING_FALTANTE_TOTAL
Mikal Bridges,1628969,Mikal Bridges,NYK,Philadelphia 76ers @ New York Knicks,PHI,1,Q1_PTS,Q1,2.5,1.66,2.05,OVER,1.66,3.60383677482605,1.1038367748260498,1.1038367748260498,44.15347099304199,2.087,Q1_PTS,True,27.5766666412354,26.0483332067728,14.8,3.0,2.4,0,0,TRACKING_FALTANTE_TOTAL
Mikal Bridges,1628969,Mikal Bridges,NYK,Philadelphia 76ers @ New York Knicks,PHI,1,Q1_PTS,Q1,3.5,1.97,1.62,OVER,1.97,3.60383677482605,0.1038367748260498,0.1038367748260498,2.9667649950299944,2.087,Q1_PTS,False,27.5766666412354,26.0483332067728,14.8,3.0,2.4,0,0,TRACKING_FALTANTE_TOTAL
Mikal Bridges,1628969,Mikal Bridges,NYK,Philadelphia 76ers @ New York Knicks,PHI,1,Q1_AST,Q1,0.5,2.31,1.52,OVER,2.31,0.6598977446556091,0.15989774465560913,0.15989774465560913,31.979548931121826,0.7063,Q1_AST,False,27.5766666412354,26.0483332067728,14.8,3.0,2.4,0,0,TRACKING_FALTANTE_TOTAL
Mikal Bridges,1628969,Mikal Bridges,NYK,Philadelphia 76ers @ New York Knicks,PHI,1,Q1_REB,Q1,0.5,1.53,2.3,OVER,1.53,1.0361864566802979,0.5361864566802979,0.5361864566802979,107.23729133605957,0.9236,Q1_REB,True,27.5766666412354,26.0483332067728,14.8,3.0,2.4,0,0,TRACKING_FALTANTE_TOTAL
Mikal Bridges,1628969,Mikal Bridges,NYK,Philadelphia 76ers @ New York Knicks,PHI,1,FTA,SINGLE,1.5,1.67,2.04,OVER,1.67,1.6719931364059448,0.17199313640594482,0.17199313640594482,11.466209093729656,1.8012,FTA,False,27.5766666412354,26.0483332067728,14.8,3.0,2.4,0,0,TRACKING_FALTANTE_TOTAL
Mikal Bridges,1628969,Mikal Bridges,NYK,Philadelphia 76ers @ New York Knicks,PHI,1,FGM,SINGLE,5.5,1.9,1.77,UNDER,1.77,5.142520427703857,-0.3574795722961426,0.3574795722961426,6.499628587202593,1.8635,FGM,False,27.5766666412354,26.0483332067728,14.8,3.0,2.4,0,0,TRACKING_FALTANTE_TOTAL
Mikal Bridges,1628969,Mikal Bridges,NYK,Philadelphia 76ers @ New York Knicks,PHI,1,FGA,SINGLE,11.5,1.83,1.84,UNDER,1.84,8.193056106567383,-3.306943893432617,3.306943893432617,28.756033855935804,2.8767,FGA,True,27.5766666412354,26.0483332067728,14.8,3.0,2.4,0,0,TRACKING_FALTANTE_TOTAL
Mikal Bridges,1628969,Mikal Bridges,NYK,Philadelphia 76ers @ New York Knicks,PHI,1,FG3A,SINGLE,4.5,1.81,1.87,UNDER,1.87,3.9027891159057617,-0.5972108840942383,0.5972108840942383,13.271352979871962,1.5883,FG3A,False,27.5766666412354,26.0483332067728,14.8,3.0,2.4,0,0,TRACKING_FALTANTE_TOTAL
Mikal Bridges,1628969,Mikal Bridges,NYK,Philadelphia 76ers @ New York Knicks,PHI,1,REB,SINGLE,4.5,2.16,1.51,UNDER,1.51,3.4923081398010254,-1.0076918601989746,1.0076918601989746,22.3931524488661,1.9667,REB,True,27.5766666412354,26.0483332067728,14.8,3.0,2.4,0,0,TRACKING_FALTANTE_TOTAL
Mikal Bridges,1628969,Mikal Bridges,NYK,Philadelphia 76ers @ New York Knicks,PHI,1,REB,SINGLE,3.5,1.64,2.09,UNDER,2.09,3.4923081398010254,-0.007691860198974609,0.007691860198974609,0.21976743425641743,1.9667,REB,False,27.5766666412354,26.0483332067728,14.8,3.0,2.4,0,0,TRACKING_FALTANTE_TOTAL
Mikal Bridges,1628969,Mikal Bridges,NYK,Philadelphia 76ers @ New York Knicks,PHI,1,PA,COMBO,15.5,1.59,2.02,UNDER,2.02,13.803125381469727,-1.6968746185302734,1.6968746185302734,10.94757818406628,5.2838,PA,False,27.5766666412354,26.0483332067728,14.8,3.0,2.4,0,0,TRACKING_FALTANTE_TOTAL
Mikal Bridges,1628969,Mikal Bridges,NYK,Philadelphia 76ers @ New York Knicks,PHI,1,PA,COMBO,16.5,1.8,1.88,UNDER,1.88,13.803125381469727,-2.6968746185302734,2.6968746185302734,16.34469465775923,5.2838,PA,True,27.5766666412354,26.0483332067728,14.8,3.0,2.4,0,0,TRACKING_FALTANTE_TOTAL
Mikal Bridges,1628969,Mikal Bridges,NYK,Philadelphia 76ers @ New York Knicks,PHI,1,PA,COMBO,17.5,1.94,1.64,UNDER,1.64,13.803125381469727,-3.6968746185302734,3.6968746185302734,21.124997820172993,5.2838,PA,True,27.5766666412354,26.0483332067728,14.8,3.0,2.4,0,0,TRACKING_FALTANTE_TOTAL
Mikal Bridges,1628969,Mikal Bridges,NYK,Philadelphia 76ers @ New York Knicks,PHI,1,PA,COMBO,18.5,2.11,1.54,UNDER,1.54,13.803125381469727,-4.696874618530273,4.696874618530273,25.38851145151499,5.2838,PA,True,27.5766666412354,26.0483332067728,14.8,3.0,2.4,0,0,TRACKING_FALTANTE_TOTAL
Mikal Bridges,1628969,Mikal Bridges,NYK,Philadelphia 76ers @ New York Knicks,PHI,1,PR,COMBO,18.5,1.94,1.74,UNDER,1.74,16.325489044189453,-2.174510955810547,2.174510955810547,11.754113274651605,5.7314,PR,False,27.5766666412354,26.0483332067728,14.8,3.0,2.4,0,0,TRACKING_FALTANTE_TOTAL
Mikal Bridges,1628969,Mikal Bridges,NYK,Philadelphia 76ers @ New York Knicks,PHI,1,PR,COMBO,17.5,1.68,1.88,UNDER,1.88,16.325489044189453,-1.1745109558105469,1.1745109558105469,6.711491176060267,5.7314,PR,False,27.5766666412354,26.0483332067728,14.8,3.0,2.4,0,0,TRACKING_FALTANTE_TOTAL
Mikal Bridges,1628969,Mikal Bridges,NYK,Philadelphia 76ers @ New York Knicks,PHI,1,PR,COMBO,19.5,2.09,1.55,UNDER,1.55,16.325489044189453,-3.174510955810547,3.174510955810547,16.279543363131012,5.7314,PR,True,27.5766666412354,26.0483332067728,14.8,3.0,2.4,0,0,TRACKING_FALTANTE_TOTAL
Mikal Bridges,1628969,Mikal Bridges,NYK,Philadelphia 76ers @ New York Knicks,PHI,1,PR,COMBO,16.5,1.54,2.1,UNDER,2.1,16.325489044189453,-0.17451095581054688,0.17451095581054688,1.0576421564275569,5.7314,PR,False,27.5766666412354,26.0483332067728,14.8,3.0,2.4,0,0,TRACKING_FALTANTE_TOTAL
Mikal Bridges,1628969,Mikal Bridges,NYK,Philadelphia 76ers @ New York Knicks,PHI,1,RA,COMBO,6.5,1.88,1.79,UNDER,1.79,5.866367340087891,-0.6336326599121094,0.6336326599121094,9.748194767878605,2.6976,RA,False,27.5766666412354,26.0483332067728,14.8,3.0,2.4,0,0,TRACKING_FALTANTE_TOTAL
Mikal Bridges,1628969,Mikal Bridges,NYK,Philadelphia 76ers @ New York Knicks,PHI,1,PRA,COMBO,20.5,1.81,1.86,UNDER,1.86,17.688945770263672,-2.811054229736328,2.811054229736328,13.712459657250381,6.1893,PRA,False,27.5766666412354,26.0483332067728,14.8,3.0,2.4,0,0,TRACKING_FALTANTE_TOTAL
Mikal Bridges,1628969,Mikal Bridges,NYK,Philadelphia 76ers @ New York Knicks,PHI,1,PRA,COMBO,17.5,1.39,2.48,OVER,1.39,17.688945770263672,0.18894577026367188,0.18894577026367188,1.0796901157924108,6.1893,PRA,False,27.5766666412354,26.0483332067728,14.8,3.0,2.4,0,0,TRACKING_FALTANTE_TOTAL
Mikal Bridges,1628969,Mikal Bridges,NYK,Philadelphia 76ers @ New York Knicks,PHI,1,PRA,COMBO,18.5,1.51,2.16,UNDER,2.16,17.688945770263672,-0.8110542297363281,0.8110542297363281,4.384076917493665,6.1893,PRA,False,27.5766666412354,26.0483332067728,14.8,3.0,2.4,0,0,TRACKING_FALTANTE_TOTAL
Mikal Bridges,1628969,Mikal Bridges,NYK,Philadelphia 76ers @ New York Knicks,PHI,1,PRA,COMBO,19.5,1.59,2.01,UNDER,2.01,17.688945770263672,-1.8110542297363281,1.8110542297363281,9.287457588391426,6.1893,PRA,False,27.5766666412354,26.0483332067728,14.8,3.0,2.4,0,0,TRACKING_FALTANTE_TOTAL
Mikal Bridges,1628969,Mikal Bridges,NYK,Philadelphia 76ers @ New York Knicks,PHI,1,PRA,COMBO,21.5,1.93,1.65,UNDER,1.65,17.688945770263672,-3.811054229736328,3.811054229736328,17.725833626680597,6.1893,PRA,True,27.5766666412354,26.0483332067728,14.8,3.0,2.4,0,0,TRACKING_FALTANTE_TOTAL
Mikal Bridges,1628969,Mikal Bridges,NYK,Philadelphia 76ers @ New York Knicks,PHI,1,PRA,COMBO,22.5,2.09,1.55,UNDER,1.55,17.688945770263672,-4.811054229736328,4.811054229736328,21.38246324327257,6.1893,PRA,True,27.5766666412354,26.0483332067728,14.8,3.0,2.4,0,0,TRACKING_FALTANTE_TOTAL
Mikal Bridges,1628969,Mikal Bridges,NYK,Philadelphia 76ers @ New York Knicks,PHI,1,PRA,COMBO,23.5,2.34,1.43,UNDER,1.43,17.688945770263672,-5.811054229736328,5.811054229736328,24.727890339303524,6.1893,PRA,True,27.5766666412354,26.0483332067728,14.8,3.0,2.4,0,0,TRACKING_FALTANTE_TOTAL
Mikal Bridges,1628969,Mikal Bridges,NYK,Philadelphia 76ers @ New York Knicks,PHI,1,PRA,COMBO,24.5,2.66,1.33,UNDER,1.33,17.688945770263672,-6.811054229736328,6.811054229736328,27.800221345862564,6.1893,PRA,True,27.5766666412354,26.0483332067728,14.8,3.0,2.4,0,0,TRACKING_FALTANTE_TOTAL
Jalen Brunson,1628973,Jalen Brunson,NYK,Philadelphia 76ers @ New York Knicks,PHI,1,FGM,SINGLE,9.5,1.71,1.97,UNDER,1.97,9.064106941223145,-0.43589305877685547,0.43589305877685547,4.588347987124795,1.8635,FGM,False,33.7793334960937,34.8896667480469,27.2,1.4,5.6,0,0,TRACKING_FALTANTE_TOTAL
Jalen Brunson,1628973,Jalen Brunson,NYK,Philadelphia 76ers @ New York Knicks,PHI,1,FGA,SINGLE,21.5,1.72,1.96,UNDER,1.96,18.701122283935547,-2.798877716064453,2.798877716064453,13.018035888671875,2.8767,FGA,True,33.7793334960937,34.8896667480469,27.2,1.4,5.6,0,0,TRACKING_FALTANTE_TOTAL
Jalen Brunson,1628973,Jalen Brunson,NYK,Philadelphia 76ers @ New York Knicks,PHI,1,FGA,SINGLE,22.5,1.91,1.67,UNDER,1.67,18.701122283935547,-3.798877716064453,3.798877716064453,16.883900960286457,2.8767,FGA,True,33.7793334960937,34.8896667480469,27.2,1.4,5.6,0,0,TRACKING_FALTANTE_TOTAL
Jalen Brunson,1628973,Jalen Brunson,NYK,Philadelphia 76ers @ New York Knicks,PHI,1,FG3A,SINGLE,6.5,1.8,1.88,UNDER,1.88,6.403415679931641,-0.09658432006835938,0.09658432006835938,1.485912616436298,1.5883,FG3A,False,33.7793334960937,34.8896667480469,27.2,1.4,5.6,0,0,TRACKING_FALTANTE_TOTAL
Jalen Brunson,1628973,Jalen Brunson,NYK,Philadelphia 76ers @ New York Knicks,PHI,1,REB,SINGLE,3.5,2.13,1.52,UNDER,1.52,3.2141027450561523,-0.28589725494384766,0.28589725494384766,8.168492998395648,1.9667,REB,False,33.7793334960937,34.8896667480469,27.2,1.4,5.6,0,0,TRACKING_FALTANTE_TOTAL
Jalen Brunson,1628973,Jalen Brunson,NYK,Philadelphia 76ers @ New York Knicks,PHI,1,REB,SINGLE,2.5,1.55,2.24,OVER,1.55,3.2141027450561523,0.7141027450561523,0.7141027450561523,28.564109802246097,1.9667,REB,False,33.7793334960937,34.8896667480469,27.2,1.4,5.6,0,0,TRACKING_FALTANTE_TOTAL
Jalen Brunson,1628973,Jalen Brunson,NYK,Philadelphia 76ers @ New York Knicks,PHI,1,PR,COMBO,28.5,1.56,2.06,UNDER,2.06,27.25925636291504,-1.240743637084961,1.240743637084961,4.353486445912144,5.7314,PR,False,33.7793334960937,34.8896667480469,27.2,1.4,5.6,0,0,TRACKING_FALTANTE_TOTAL
Jalen Brunson,1628973,Jalen Brunson,NYK,Philadelphia 76ers @ New York Knicks,PHI,1,PR,COMBO,32.5,2.03,1.58,UNDER,1.58,27.25925636291504,-5.240743637084961,5.240743637084961,16.125365037184494,5.7314,PR,True,33.7793334960937,34.8896667480469,27.2,1.4,5.6,0,0,TRACKING_FALTANTE_TOTAL
Jalen Brunson,1628973,Jalen Brunson,NYK,Philadelphia 76ers @ New York Knicks,PHI,1,PR,COMBO,33.5,2.15,1.52,UNDER,1.52,27.25925636291504,-6.240743637084961,6.240743637084961,18.629085483835706,5.7314,PR,True,33.7793334960937,34.8896667480469,27.2,1.4,5.6,0,0,TRACKING_FALTANTE_TOTAL
Jalen Brunson,1628973,Jalen Brunson,NYK,Philadelphia 76ers @ New York Knicks,PHI,1,PR,COMBO,29.5,1.64,1.94,UNDER,1.94,27.25925636291504,-2.240743637084961,2.240743637084961,7.595741142660885,5.7314,PR,False,33.7793334960937,34.8896667480469,27.2,1.4,5.6,0,0,TRACKING_FALTANTE_TOTAL
Jalen Brunson,1628973,Jalen Brunson,NYK,Philadelphia 76ers @ New York Knicks,PHI,1,PR,COMBO,30.5,1.8,1.87,UNDER,1.87,27.25925636291504,-3.240743637084961,3.240743637084961,10.625388974049052,5.7314,PR,True,33.7793334960937,34.8896667480469,27.2,1.4,5.6,0,0,TRACKING_FALTANTE_TOTAL
Jalen Brunson,1628973,Jalen Brunson,NYK,Philadelphia 76ers @ New York Knicks,PHI,1,PR,COMBO,31.5,1.9,1.67,UNDER,1.67,27.25925636291504,-4.240743637084961,4.240743637084961,13.462678212968129,5.7314,PR,True,33.7793334960937,34.8896667480469,27.2,1.4,5.6,0,0,TRACKING_FALTANTE_TOTAL
Jalen Brunson,1628973,Jalen Brunson,NYK,Philadelphia 76ers @ New York Knicks,PHI,1,PTS,SINGLE,26.5,1.64,1.94,OVER,1.64,26.62472915649414,0.12472915649414062,0.12472915649414062,0.47067606224204006,4.8341,PTS,False,33.7793334960937,34.8896667480469,27.2,1.4,5.6,0,0,TRACKING_FALTANTE_TOTAL
Jalen Brunson,1628973,Jalen Brunson,NYK,Philadelphia 76ers @ New York Knicks,PHI,1,PTS,SINGLE,23.5,1.36,2.55,OVER,1.36,26.62472915649414,3.1247291564941406,3.1247291564941406,13.296719814868682,4.8341,PTS,True,33.7793334960937,34.8896667480469,27.2,1.4,5.6,0,0,TRACKING_FALTANTE_TOTAL
Jalen Brunson,1628973,Jalen Brunson,NYK,Philadelphia 76ers @ New York Knicks,PHI,1,PTS,SINGLE,27.5,1.82,1.85,UNDER,1.85,26.62472915649414,-0.8752708435058594,0.8752708435058594,3.182803067294034,4.8341,PTS,False,33.7793334960937,34.8896667480469,27.2,1.4,5.6,0,0,TRACKING_FALTANTE_TOTAL
Jalen Brunson,1628973,Jalen Brunson,NYK,Philadelphia 76ers @ New York Knicks,PHI,1,PTS,SINGLE,22.5,1.29,2.87,OVER,1.29,26.62472915649414,4.124729156494141,4.124729156494141,18.332129584418404,4.8341,PTS,True,33.7793334960937,34.8896667480469,27.2,1.4,5.6,0,0,TRACKING_FALTANTE_TOTAL
Jalen Brunson,1628973,Jalen Brunson,NYK,Philadelphia 76ers @ New York Knicks,PHI,1,PTS,SINGLE,24.5,1.46,2.28,OVER,1.46,26.62472915649414,2.1247291564941406,2.1247291564941406,8.672363904057717,4.8341,PTS,False,33.7793334960937,34.8896667480469,27.2,1.4,5.6,0,0,TRACKING_FALTANTE_TOTAL
Jalen Brunson,1628973,Jalen Brunson,NYK,Philadelphia 76ers @ New York Knicks,PHI,1,PTS,SINGLE,25.5,1.57,2.05,OVER,1.57,26.62472915649414,1.1247291564941406,1.1247291564941406,4.410702574486826,4.8341,PTS,False,33.7793334960937,34.8896667480469,27.2,1.4,5.6,0,0,TRACKING_FALTANTE_TOTAL
Jalen Brunson,1628973,Jalen Brunson,NYK,Philadelphia 76ers @ New York Knicks,PHI,1,PTS,SINGLE,28.5,1.92,1.65,UNDER,1.65,26.62472915649414,-1.8752708435058594,1.8752708435058594,6.579897696511787,4.8341,PTS,False,33.7793334960937,34.8896667480469,27.2,1.4,5.6,0,0,TRACKING_FALTANTE_TOTAL
Jalen Brunson,1628973,Jalen Brunson,NYK,Philadelphia 76ers @ New York Knicks,PHI,1,PTS,SINGLE,30.5,2.19,1.49,UNDER,1.49,26.62472915649414,-3.8752708435058594,3.8752708435058594,12.705806044281506,4.8341,PTS,True,33.7793334960937,34.8896667480469,27.2,1.4,5.6,0,0,TRACKING_FALTANTE_TOTAL
Jalen Brunson,1628973,Jalen Brunson,NYK,Philadelphia 76ers @ New York Knicks,PHI,1,PTS,SINGLE,32.5,2.69,1.33,UNDER,1.33,26.62472915649414,-5.875270843505859,5.875270843505859,18.07775644155649,4.8341,PTS,True,33.7793334960937,34.8896667480469,27.2,1.4,5.6,0,0,TRACKING_FALTANTE_TOTAL
Jalen Brunson,1628973,Jalen Brunson,NYK,Philadelphia 76ers @ New York Knicks,PHI,1,PTS,SINGLE,29.5,2.08,1.55,UNDER,1.55,26.62472915649414,-2.8752708435058594,2.8752708435058594,9.74668082544359,4.8341,PTS,True,33.7793334960937,34.8896667480469,27.2,1.4,5.6,0,0,TRACKING_FALTANTE_TOTAL
Jalen Brunson,1628973,Jalen Brunson,NYK,Philadelphia 76ers @ New York Knicks,PHI,1,PTS,SINGLE,31.5,2.42,1.4,UNDER,1.4,26.62472915649414,-4.875270843505859,4.875270843505859,15.477050296843997,4.8341,PTS,True,33.7793334960937,34.8896667480469,27.2,1.4,5.6,0,0,TRACKING_FALTANTE_TOTAL
Jalen Brunson,1628973,Jalen Brunson,NYK,Philadelphia 76ers @ New York Knicks,PHI,1,AST,SINGLE,6.5,2.02,1.68,UNDER,1.68,6.226461410522461,-0.27353858947753906,0.27353858947753906,4.208285991962139,1.4546,AST_FALLBACK,False,33.7793334960937,34.8896667480469,27.2,1.4,5.6,0,0,TRACKING_FALTANTE_TOTAL
Jalen Brunson,1628973,Jalen Brunson,NYK,Philadelphia 76ers @ New York Knicks,PHI,1,AST,SINGLE,5.5,1.55,2.08,OVER,1.55,6.226461410522461,0.7264614105224609,0.7264614105224609,13.208389282226562,1.4546,AST_FALLBACK,False,33.7793334960937,34.8896667480469,27.2,1.4,5.6,0,0,TRACKING_FALTANTE_TOTAL
Jalen Brunson,1628973,Jalen Brunson,NYK,Philadelphia 76ers @ New York Knicks,PHI,1,AST,SINGLE,7.5,2.54,1.37,UNDER,1.37,6.226461410522461,-1.273538589477539,1.273538589477539,16.980514526367188,1.4546,AST_FALLBACK,True,33.7793334960937,34.8896667480469,27.2,1.4,5.6,0,0,TRACKING_FALTANTE_TOTAL
Jalen Brunson,1628973,Jalen Brunson,NYK,Philadelphia 76ers @ New York Knicks,PHI,1,3PT,SINGLE,1.5,1.39,2.46,OVER,1.39,2.3720171451568604,0.8720171451568604,0.8720171451568604,58.13447634379069,0.9642,3PT,True,33.7793334960937,34.8896667480469,27.2,1.4,5.6,0,0,TRACKING_FALTANTE_TOTAL
Jalen Brunson,1628973,Jalen Brunson,NYK,Philadelphia 76ers @ New York Knicks,PHI,1,3PT,SINGLE,2.5,2.1,1.63,UNDER,1.63,2.3720171451568604,-0.12798285484313965,0.12798285484313965,5.119314193725586,0.9642,3PT,False,33.7793334960937,34.8896667480469,27.2,1.4,5.6,0,0,TRACKING_FALTANTE_TOTAL
Jalen Brunson,1628973,Jalen Brunson,NYK,Philadelphia 76ers @ New York Knicks,PHI,1,Q1_PTS,Q1,8.5,1.95,1.63,UNDER,1.63,5.763021469116211,-2.736978530883789,2.736978530883789,32.199747422162226,2.087,Q1_PTS,True,33.7793334960937,34.8896667480469,27.2,1.4,5.6,0,0,TRACKING_FALTANTE_TOTAL
Jalen Brunson,1628973,Jalen Brunson,NYK,Philadelphia 76ers @ New York Knicks,PHI,1,Q1_PTS,Q1,7.5,1.7,2.0,UNDER,2.0,5.763021469116211,-1.736978530883789,1.736978530883789,23.159713745117188,2.087,Q1_PTS,True,33.7793334960937,34.8896667480469,27.2,1.4,5.6,0,0,TRACKING_FALTANTE_TOTAL
Jalen Brunson,1628973,Jalen Brunson,NYK,Philadelphia 76ers @ New York Knicks,PHI,1,Q1_AST,Q1,1.5,1.52,2.3,OVER,1.52,1.6438369750976562,0.14383697509765625,0.14383697509765625,9.589131673177082,0.7063,Q1_AST,False,33.7793334960937,34.8896667480469,27.2,1.4,5.6,0,0,TRACKING_FALTANTE_TOTAL
Jalen Brunson,1628973,Jalen Brunson,NYK,Philadelphia 76ers @ New York Knicks,PHI,1,Q1_REB,Q1,0.5,1.53,2.3,OVER,1.53,1.0887669324874878,0.5887669324874878,0.5887669324874878,117.75338649749756,0.9236,Q1_REB,True,33.7793334960937,34.8896667480469,27.2,1.4,5.6,0,0,TRACKING_FALTANTE_TOTAL
Jalen Brunson,1628973,Jalen Brunson,NYK,Philadelphia 76ers @ New York Knicks,PHI,1,PA,COMBO,31.5,1.53,2.11,UNDER,2.11,31.44363021850586,-0.056369781494140625,0.056369781494140625,0.1789516872829861,5.2838,PA,False,33.7793334960937,34.8896667480469,27.2,1.4,5.6,0,0,TRACKING_FALTANTE_TOTAL
Jalen Brunson,1628973,Jalen Brunson,NYK,Philadelphia 76ers @ New York Knicks,PHI,1,PA,COMBO,32.5,1.59,2.01,UNDER,2.01,31.44363021850586,-1.0563697814941406,1.0563697814941406,3.2503685584435096,5.2838,PA,False,33.7793334960937,34.8896667480469,27.2,1.4,5.6,0,0,TRACKING_FALTANTE_TOTAL
Jalen Brunson,1628973,Jalen Brunson,NYK,Philadelphia 76ers @ New York Knicks,PHI,1,PA,COMBO,35.5,1.98,1.61,UNDER,1.61,31.44363021850586,-4.056369781494141,4.056369781494141,11.426393750687721,5.2838,PA,True,33.7793334960937,34.8896667480469,27.2,1.4,5.6,0,0,TRACKING_FALTANTE_TOTAL
Jalen Brunson,1628973,Jalen Brunson,NYK,Philadelphia 76ers @ New York Knicks,PHI,1,PA,COMBO,36.5,2.08,1.55,UNDER,1.55,31.44363021850586,-5.056369781494141,5.056369781494141,13.853067894504495,5.2838,PA,True,33.7793334960937,34.8896667480469,27.2,1.4,5.6,0,0,TRACKING_FALTANTE_TOTAL
Jalen Brunson,1628973,Jalen Brunson,NYK,Philadelphia 76ers @ New York Knicks,PHI,1,PA,COMBO,33.5,1.71,1.85,UNDER,1.85,31.44363021850586,-2.0563697814941406,2.0563697814941406,6.138417258191464,5.2838,PA,False,33.7793334960937,34.8896667480469,27.2,1.4,5.6,0,0,TRACKING_FALTANTE_TOTAL
Jalen Brunson,1628973,Jalen Brunson,NYK,Philadelphia 76ers @ New York Knicks,PHI,1,PA,COMBO,34.5,1.91,1.77,UNDER,1.77,31.44363021850586,-3.0563697814941406,3.0563697814941406,8.859042844910553,5.2838,PA,True,33.7793334960937,34.8896667480469,27.2,1.4,5.6,0,0,TRACKING_FALTANTE_TOTAL
Jalen Brunson,1628973,Jalen Brunson,NYK,Philadelphia 76ers @ New York Knicks,PHI,1,RA,COMBO,8.5,1.53,2.12,OVER,1.53,8.693109512329102,0.19310951232910156,0.19310951232910156,2.271876615636489,2.6976,RA,False,33.7793334960937,34.8896667480469,27.2,1.4,5.6,0,0,TRACKING_FALTANTE_TOTAL
Jalen Brunson,1628973,Jalen Brunson,NYK,Philadelphia 76ers @ New York Knicks,PHI,1,RA,COMBO,9.5,1.94,1.74,UNDER,1.74,8.693109512329102,-0.8068904876708984,0.8068904876708984,8.4935840807463,2.6976,RA,False,33.7793334960937,34.8896667480469,27.2,1.4,5.6,0,0,TRACKING_FALTANTE_TOTAL
Jalen Brunson,1628973,Jalen Brunson,NYK,Philadelphia 76ers @ New York Knicks,PHI,1,PRA,COMBO,37.5,1.87,1.8,UNDER,1.8,34.10149002075195,-3.398509979248047,3.398509979248047,9.062693277994791,6.1893,PRA,True,33.7793334960937,34.8896667480469,27.2,1.4,5.6,0,0,TRACKING_FALTANTE_TOTAL
Jalen Brunson,1628973,Jalen Brunson,NYK,Philadelphia 76ers @ New York Knicks,PHI,1,PRA,COMBO,36.5,1.69,1.87,UNDER,1.87,34.10149002075195,-2.398509979248047,2.398509979248047,6.5712602171179375,6.1893,PRA,False,33.7793334960937,34.8896667480469,27.2,1.4,5.6,0,0,TRACKING_FALTANTE_TOTAL
Jalen Brunson,1628973,Jalen Brunson,NYK,Philadelphia 76ers @ New York Knicks,PHI,1,PRA,COMBO,32.5,1.36,2.58,OVER,1.36,34.10149002075195,1.6014900207519531,1.6014900207519531,4.9276616023137025,6.1893,PRA,False,33.7793334960937,34.8896667480469,27.2,1.4,5.6,0,0,TRACKING_FALTANTE_TOTAL
Jalen Brunson,1628973,Jalen Brunson,NYK,Philadelphia 76ers @ New York Knicks,PHI,1,PRA,COMBO,33.5,1.44,2.33,OVER,1.44,34.10149002075195,0.6014900207519531,0.6014900207519531,1.7954925992595616,6.1893,PRA,False,33.7793334960937,34.8896667480469,27.2,1.4,5.6,0,0,TRACKING_FALTANTE_TOTAL
Jalen Brunson,1628973,Jalen Brunson,NYK,Philadelphia 76ers @ New York Knicks,PHI,1,PRA,COMBO,34.5,1.54,2.11,UNDER,2.11,34.10149002075195,-0.3985099792480469,0.3985099792480469,1.1551013891247737,6.1893,PRA,False,33.7793334960937,34.8896667480469,27.2,1.4,5.6,0,0,TRACKING_FALTANTE_TOTAL
Jalen Brunson,1628973,Jalen Brunson,NYK,Philadelphia 76ers @ New York Knicks,PHI,1,PRA,COMBO,35.5,1.59,2.01,UNDER,2.01,34.10149002075195,-1.3985099792480469,1.3985099792480469,3.9394647302761885,6.1893,PRA,False,33.7793334960937,34.8896667480469,27.2,1.4,5.6,0,0,TRACKING_FALTANTE_TOTAL
Jalen Brunson,1628973,Jalen Brunson,NYK,Philadelphia 76ers @ New York Knicks,PHI,1,PRA,COMBO,38.5,1.95,1.63,UNDER,1.63,34.10149002075195,-4.398509979248047,4.398509979248047,11.424701244800122,6.1893,PRA,True,33.7793334960937,34.8896667480469,27.2,1.4,5.6,0,0,TRACKING_FALTANTE_TOTAL
Jalen Brunson,1628973,Jalen Brunson,NYK,Philadelphia 76ers @ New York Knicks,PHI,1,PRA,COMBO,39.5,2.05,1.57,UNDER,1.57,34.10149002075195,-5.398509979248047,5.398509979248047,13.667113871514042,6.1893,PRA,True,33.7793334960937,34.8896667480469,27.2,1.4,5.6,0,0,TRACKING_FALTANTE_TOTAL
Jalen Brunson,1628973,Jalen Brunson,NYK,Philadelphia 76ers @ New York Knicks,PHI,1,PRA,COMBO,40.5,2.23,1.48,UNDER,1.48,34.10149002075195,-6.398509979248047,6.398509979248047,15.7987900722174,6.1893,PRA,True,33.7793334960937,34.8896667480469,27.2,1.4,5.6,0,0,TRACKING_FALTANTE_TOTAL
Jalen Brunson,1628973,Jalen Brunson,NYK,Philadelphia 76ers @ New York Knicks,PHI,1,PRA,COMBO,41.5,2.47,1.39,UNDER,1.39,34.10149002075195,-7.398509979248047,7.398509979248047,17.82773488975433,6.1893,PRA,True,33.7793334960937,34.8896667480469,27.2,1.4,5.6,0,0,TRACKING_FALTANTE_TOTAL
Jalen Brunson,1628973,Jalen Brunson,NYK,Philadelphia 76ers @ New York Knicks,PHI,1,PRA,COMBO,42.5,2.71,1.32,UNDER,1.32,34.10149002075195,-8.398509979248047,8.398509979248047,19.761199951171875,6.1893,PRA,True,33.7793334960937,34.8896667480469,27.2,1.4,5.6,0,0,TRACKING_FALTANTE_TOTAL
Jalen Brunson,1628973,Jalen Brunson,NYK,Philadelphia 76ers @ New York Knicks,PHI,1,FTM,SINGLE,5.5,1.89,1.79,UNDER,1.79,5.272152900695801,-0.22784709930419922,0.22784709930419922,4.142674532803622,1.4962,FTM,False,33.7793334960937,34.8896667480469,27.2,1.4,5.6,0,0,TRACKING_FALTANTE_TOTAL
Jalen Brunson,1628973,Jalen Brunson,NYK,Philadelphia 76ers @ New York Knicks,PHI,1,FTA,SINGLE,6.5,1.89,1.79,UNDER,1.79,6.278815746307373,-0.22118425369262695,0.22118425369262695,3.402834672194261,1.8012,FTA,False,33.7793334960937,34.8896667480469,27.2,1.4,5.6,0,0,TRACKING_FALTANTE_TOTAL
Rui Hachimura,1629060,Rui Hachimura,LAL,Oklahoma City Thunder @ Los Angeles Lakers,OKC,1,PA,COMBO,13.5,1.62,1.97,OVER,1.62,13.603133201599121,0.1031332015991211,0.1031332015991211,0.763949641474971,5.2838,PA,False,36.3086666107178,35.514333152771,17.2,3.8,1.4,0,0,TRACKING_FALTANTE_TOTAL
Rui Hachimura,1629060,Rui Hachimura,LAL,Oklahoma City Thunder @ Los Angeles Lakers,OKC,1,PA,COMBO,12.5,1.51,2.17,OVER,1.51,13.603133201599121,1.103133201599121,1.103133201599121,8.825065612792969,5.2838,PA,False,36.3086666107178,35.514333152771,17.2,3.8,1.4,0,0,TRACKING_FALTANTE_TOTAL
Rui Hachimura,1629060,Rui Hachimura,LAL,Oklahoma City Thunder @ Los Angeles Lakers,OKC,1,PA,COMBO,15.5,2.01,1.59,UNDER,1.59,13.603133201599121,-1.896866798400879,1.896866798400879,12.237850312263735,5.2838,PA,False,36.3086666107178,35.514333152771,17.2,3.8,1.4,0,0,TRACKING_FALTANTE_TOTAL
Rui Hachimura,1629060,Rui Hachimura,LAL,Oklahoma City Thunder @ Los Angeles Lakers,OKC,1,PA,COMBO,14.5,1.86,1.81,UNDER,1.81,13.603133201599121,-0.8968667984008789,0.8968667984008789,6.185288264833648,5.2838,PA,False,36.3086666107178,35.514333152771,17.2,3.8,1.4,0,0,TRACKING_FALTANTE_TOTAL
Rui Hachimura,1629060,Rui Hachimura,LAL,Oklahoma City Thunder @ Los Angeles Lakers,OKC,1,PTS,SINGLE,15.5,2.23,1.48,UNDER,1.48,13.428886413574219,-2.0711135864257812,2.0711135864257812,13.362023138230846,4.8341,PTS,False,36.3086666107178,35.514333152771,17.2,3.8,1.4,0,0,TRACKING_FALTANTE_TOTAL
Rui Hachimura,1629060,Rui Hachimura,LAL,Oklahoma City Thunder @ Los Angeles Lakers,OKC,1,PTS,SINGLE,12.5,1.64,1.94,OVER,1.64,13.428886413574219,0.9288864135742188,0.9288864135742188,7.43109130859375,4.8341,PTS,False,36.3086666107178,35.514333152771,17.2,3.8,1.4,0,0,TRACKING_FALTANTE_TOTAL
Rui Hachimura,1629060,Rui Hachimura,LAL,Oklahoma City Thunder @ Los Angeles Lakers,OKC,1,PTS,SINGLE,13.5,1.88,1.79,UNDER,1.79,13.428886413574219,-0.07111358642578125,0.07111358642578125,0.526767306857639,4.8341,PTS,False,36.3086666107178,35.514333152771,17.2,3.8,1.4,0,0,TRACKING_FALTANTE_TOTAL
Rui Hachimura,1629060,Rui Hachimura,LAL,Oklahoma City Thunder @ Los Angeles Lakers,OKC,1,PTS,SINGLE,10.5,1.38,2.5,OVER,1.38,13.428886413574219,2.9288864135742188,2.9288864135742188,27.894156319754465,4.8341,PTS,True,36.3086666107178,35.514333152771,17.2,3.8,1.4,0,0,TRACKING_FALTANTE_TOTAL
Rui Hachimura,1629060,Rui Hachimura,LAL,Oklahoma City Thunder @ Los Angeles Lakers,OKC,1,PTS,SINGLE,11.5,1.51,2.16,OVER,1.51,13.428886413574219,1.9288864135742188,1.9288864135742188,16.77292533542799,4.8341,PTS,False,36.3086666107178,35.514333152771,17.2,3.8,1.4,0,0,TRACKING_FALTANTE_TOTAL
Rui Hachimura,1629060,Rui Hachimura,LAL,Oklahoma City Thunder @ Los Angeles Lakers,OKC,1,PTS,SINGLE,14.5,2.04,1.57,UNDER,1.57,13.428886413574219,-1.0711135864257812,1.0711135864257812,7.386990251212285,4.8341,PTS,False,36.3086666107178,35.514333152771,17.2,3.8,1.4,0,0,TRACKING_FALTANTE_TOTAL
Rui Hachimura,1629060,Rui Hachimura,LAL,Oklahoma City Thunder @ Los Angeles Lakers,OKC,1,PTS,SINGLE,16.5,2.55,1.36,UNDER,1.36,13.428886413574219,-3.0711135864257812,3.0711135864257812,18.612809614701707,4.8341,PTS,True,36.3086666107178,35.514333152771,17.2,3.8,1.4,0,0,TRACKING_FALTANTE_TOTAL
Rui Hachimura,1629060,Rui Hachimura,LAL,Oklahoma City Thunder @ Los Angeles Lakers,OKC,1,AST,SINGLE,1.5,2.72,1.32,UNDER,1.32,1.3067498207092285,-0.19325017929077148,0.19325017929077148,12.883345286051432,1.4546,AST_FALLBACK,False,36.3086666107178,35.514333152771,17.2,3.8,1.4,0,0,TRACKING_FALTANTE_TOTAL
Rui Hachimura,1629060,Rui Hachimura,LAL,Oklahoma City Thunder @ Los Angeles Lakers,OKC,1,AST,SINGLE,0.5,1.44,2.52,OVER,1.44,1.3067498207092285,0.8067498207092285,0.8067498207092285,161.3499641418457,1.4546,AST_FALLBACK,True,36.3086666107178,35.514333152771,17.2,3.8,1.4,0,0,TRACKING_FALTANTE_TOTAL
Rui Hachimura,1629060,Rui Hachimura,LAL,Oklahoma City Thunder @ Los Angeles Lakers,OKC,1,3PT,SINGLE,1.5,1.62,2.11,OVER,1.62,1.902856469154358,0.4028564691543579,0.4028564691543579,26.85709794362386,0.9642,3PT,False,36.3086666107178,35.514333152771,17.2,3.8,1.4,0,0,TRACKING_FALTANTE_TOTAL
Rui Hachimura,1629060,Rui Hachimura,LAL,Oklahoma City Thunder @ Los Angeles Lakers,OKC,1,3PT,SINGLE,2.5,2.53,1.37,UNDER,1.37,1.902856469154358,-0.5971435308456421,0.5971435308456421,23.885741233825684,0.9642,3PT,True,36.3086666107178,35.514333152771,17.2,3.8,1.4,0,0,TRACKING_FALTANTE_TOTAL
Rui Hachimura,1629060,Rui Hachimura,LAL,Oklahoma City Thunder @ Los Angeles Lakers,OKC,1,Q1_PTS,Q1,4.5,2.09,1.55,UNDER,1.55,3.5257375240325928,-0.9742624759674072,0.9742624759674072,21.65027724372016,2.087,Q1_PTS,False,36.3086666107178,35.514333152771,17.2,3.8,1.4,0,0,TRACKING_FALTANTE_TOTAL
Rui Hachimura,1629060,Rui Hachimura,LAL,Oklahoma City Thunder @ Los Angeles Lakers,OKC,1,Q1_PTS,Q1,3.5,1.84,1.83,OVER,1.84,3.5257375240325928,0.025737524032592773,0.025737524032592773,0.7353578295026507,2.087,Q1_PTS,False,36.3086666107178,35.514333152771,17.2,3.8,1.4,0,0,TRACKING_FALTANTE_TOTAL
Rui Hachimura,1629060,Rui Hachimura,LAL,Oklahoma City Thunder @ Los Angeles Lakers,OKC,1,Q1_PTS,Q1,2.5,1.51,2.15,OVER,1.51,3.5257375240325928,1.0257375240325928,1.0257375240325928,41.02950096130371,2.087,Q1_PTS,False,36.3086666107178,35.514333152771,17.2,3.8,1.4,0,0,TRACKING_FALTANTE_TOTAL
Rui Hachimura,1629060,Rui Hachimura,LAL,Oklahoma City Thunder @ Los Angeles Lakers,OKC,1,FTA,SINGLE,1.5,1.63,2.11,OVER,1.63,1.6791250705718994,0.17912507057189941,0.17912507057189941,11.941671371459961,1.8012,FTA,False,36.3086666107178,35.514333152771,17.2,3.8,1.4,0,0,TRACKING_FALTANTE_TOTAL
Rui Hachimura,1629060,Rui Hachimura,LAL,Oklahoma City Thunder @ Los Angeles Lakers,OKC,1,FGA,SINGLE,11.5,1.61,1.98,UNDER,1.98,11.224963188171387,-0.2750368118286133,0.2750368118286133,2.3916244506835938,2.8767,FGA,False,36.3086666107178,35.514333152771,17.2,3.8,1.4,0,0,TRACKING_FALTANTE_TOTAL
Rui Hachimura,1629060,Rui Hachimura,LAL,Oklahoma City Thunder @ Los Angeles Lakers,OKC,1,FGA,SINGLE,12.5,2.0,1.69,UNDER,1.69,11.224963188171387,-1.2750368118286133,1.2750368118286133,10.200294494628906,2.8767,FGA,False,36.3086666107178,35.514333152771,17.2,3.8,1.4,0,0,TRACKING_FALTANTE_TOTAL
Rui Hachimura,1629060,Rui Hachimura,LAL,Oklahoma City Thunder @ Los Angeles Lakers,OKC,1,FG3A,SINGLE,4.5,1.78,1.89,OVER,1.78,4.720103740692139,0.22010374069213867,0.22010374069213867,4.891194237603082,1.5883,FG3A,False,36.3086666107178,35.514333152771,17.2,3.8,1.4,0,0,TRACKING_FALTANTE_TOTAL
Rui Hachimura,1629060,Rui Hachimura,LAL,Oklahoma City Thunder @ Los Angeles Lakers,OKC,1,REB,SINGLE,3.5,1.71,1.98,OVER,1.71,4.431324481964111,0.9313244819641113,0.9313244819641113,26.609270913260325,1.9667,REB,False,36.3086666107178,35.514333152771,17.2,3.8,1.4,0,0,TRACKING_FALTANTE_TOTAL
Rui Hachimura,1629060,Rui Hachimura,LAL,Oklahoma City Thunder @ Los Angeles Lakers,OKC,1,REB,SINGLE,4.5,2.23,1.48,UNDER,1.48,4.431324481964111,-0.06867551803588867,0.06867551803588867,1.5261226230197482,1.9667,REB,False,36.3086666107178,35.514333152771,17.2,3.8,1.4,0,0,TRACKING_FALTANTE_TOTAL
Rui Hachimura,1629060,Rui Hachimura,LAL,Oklahoma City Thunder @ Los Angeles Lakers,OKC,1,RA,COMBO,5.5,2.12,1.53,UNDER,1.53,5.019368648529053,-0.48063135147094727,0.48063135147094727,8.738751844926314,2.6976,RA,False,36.3086666107178,35.514333152771,17.2,3.8,1.4,0,0,TRACKING_FALTANTE_TOTAL
Rui Hachimura,1629060,Rui Hachimura,LAL,Oklahoma City Thunder @ Los Angeles Lakers,OKC,1,RA,COMBO,4.5,1.69,2.0,OVER,1.69,5.019368648529053,0.5193686485290527,0.5193686485290527,11.54152552286784,2.6976,RA,False,36.3086666107178,35.514333152771,17.2,3.8,1.4,0,0,TRACKING_FALTANTE_TOTAL
Rui Hachimura,1629060,Rui Hachimura,LAL,Oklahoma City Thunder @ Los Angeles Lakers,OKC,1,PRA,COMBO,17.5,1.66,1.92,OVER,1.66,18.19019889831543,0.6901988983154297,0.6901988983154297,3.9439937046595985,6.1893,PRA,False,36.3086666107178,35.514333152771,17.2,3.8,1.4,0,0,TRACKING_FALTANTE_TOTAL
Rui Hachimura,1629060,Rui Hachimura,LAL,Oklahoma City Thunder @ Los Angeles Lakers,OKC,1,PRA,COMBO,21.5,2.44,1.4,UNDER,1.4,18.19019889831543,-3.3098011016845703,3.3098011016845703,15.394423728765444,6.1893,PRA,True,36.3086666107178,35.514333152771,17.2,3.8,1.4,0,0,TRACKING_FALTANTE_TOTAL
Rui Hachimura,1629060,Rui Hachimura,LAL,Oklahoma City Thunder @ Los Angeles Lakers,OKC,1,PRA,COMBO,16.5,1.55,2.09,OVER,1.55,18.19019889831543,1.6901988983154297,1.6901988983154297,10.24362968676018,6.1893,PRA,False,36.3086666107178,35.514333152771,17.2,3.8,1.4,0,0,TRACKING_FALTANTE_TOTAL
Rui Hachimura,1629060,Rui Hachimura,LAL,Oklahoma City Thunder @ Los Angeles Lakers,OKC,1,PRA,COMBO,19.5,2.0,1.6,UNDER,1.6,18.19019889831543,-1.3098011016845703,1.3098011016845703,6.71692872658754,6.1893,PRA,False,36.3086666107178,35.514333152771,17.2,3.8,1.4,0,0,TRACKING_FALTANTE_TOTAL
Rui Hachimura,1629060,Rui Hachimura,LAL,Oklahoma City Thunder @ Los Angeles Lakers,OKC,1,PRA,COMBO,18.5,1.87,1.8,UNDER,1.8,18.19019889831543,-0.3098011016845703,0.3098011016845703,1.674600549646326,6.1893,PRA,False,36.3086666107178,35.514333152771,17.2,3.8,1.4,0,0,TRACKING_FALTANTE_TOTAL
Rui Hachimura,1629060,Rui Hachimura,LAL,Oklahoma City Thunder @ Los Angeles Lakers,OKC,1,PRA,COMBO,14.5,1.32,2.74,OVER,1.32,18.19019889831543,3.6901988983154297,3.6901988983154297,25.449647574589168,6.1893,PRA,True,36.3086666107178,35.514333152771,17.2,3.8,1.4,0,0,TRACKING_FALTANTE_TOTAL
Rui Hachimura,1629060,Rui Hachimura,LAL,Oklahoma City Thunder @ Los Angeles Lakers,OKC,1,PRA,COMBO,15.5,1.42,2.38,OVER,1.42,18.19019889831543,2.6901988983154297,2.6901988983154297,17.356121924615675,6.1893,PRA,False,36.3086666107178,35.514333152771,17.2,3.8,1.4,0,0,TRACKING_FALTANTE_TOTAL
Rui Hachimura,1629060,Rui Hachimura,LAL,Oklahoma City Thunder @ Los Angeles Lakers,OKC,1,PRA,COMBO,20.5,2.14,1.52,UNDER,1.52,18.19019889831543,-2.3098011016845703,2.3098011016845703,11.267322447241806,6.1893,PRA,False,36.3086666107178,35.514333152771,17.2,3.8,1.4,0,0,TRACKING_FALTANTE_TOTAL
Rui Hachimura,1629060,Rui Hachimura,LAL,Oklahoma City Thunder @ Los Angeles Lakers,OKC,1,PRA,COMBO,22.5,2.79,1.3,UNDER,1.3,18.19019889831543,-4.30980110168457,4.30980110168457,19.154671563042534,6.1893,PRA,True,36.3086666107178,35.514333152771,17.2,3.8,1.4,0,0,TRACKING_FALTANTE_TOTAL
Rui Hachimura,1629060,Rui Hachimura,LAL,Oklahoma City Thunder @ Los Angeles Lakers,OKC,1,FGM,SINGLE,5.5,2.14,1.61,UNDER,1.61,5.122715950012207,-0.37728404998779297,0.37728404998779297,6.859709999778054,1.8635,FGM,False,36.3086666107178,35.514333152771,17.2,3.8,1.4,0,0,TRACKING_FALTANTE_TOTAL
Rui Hachimura,1629060,Rui Hachimura,LAL,Oklahoma City Thunder @ Los Angeles Lakers,OKC,1,PR,COMBO,18.5,2.03,1.58,OVER,2.03,18.546663284301758,0.04666328430175781,0.04666328430175781,0.2522339691986909,5.7314,PR,False,36.3086666107178,35.514333152771,17.2,3.8,1.4,0,0,TRACKING_FALTANTE_TOTAL
Rui Hachimura,1629060,Rui Hachimura,LAL,Oklahoma City Thunder @ Los Angeles Lakers,OKC,1,PR,COMBO,17.5,1.89,1.78,OVER,1.89,18.546663284301758,1.0466632843017578,1.0466632843017578,5.980933053152902,5.7314,PR,False,36.3086666107178,35.514333152771,17.2,3.8,1.4,0,0,TRACKING_FALTANTE_TOTAL
Rui Hachimura,1629060,Rui Hachimura,LAL,Oklahoma City Thunder @ Los Angeles Lakers,OKC,1,PR,COMBO,16.5,1.65,1.92,OVER,1.65,18.546663284301758,2.046663284301758,2.046663284301758,12.404019904859139,5.7314,PR,False,36.3086666107178,35.514333152771,17.2,3.8,1.4,0,0,TRACKING_FALTANTE_TOTAL
Rui Hachimura,1629060,Rui Hachimura,LAL,Oklahoma City Thunder @ Los Angeles Lakers,OKC,1,PR,COMBO,15.5,1.56,2.06,OVER,1.56,18.546663284301758,3.046663284301758,3.046663284301758,19.655892156785534,5.7314,PR,True,36.3086666107178,35.514333152771,17.2,3.8,1.4,0,0,TRACKING_FALTANTE_TOTAL
Keldon Johnson,1629640,Keldon Johnson,SAS,Minnesota Timberwolves @ San Antonio Spurs,MIN,1,PTS,SINGLE,11.5,2.28,1.46,UNDER,1.46,11.273159980773926,-0.22684001922607422,0.22684001922607422,1.972521906313689,4.8341,PTS,False,19.7566665649414,21.0983331680298,8.2,4.6,1.4,0,0,TRACKING_FALTANTE_TOTAL
Keldon Johnson,1629640,Keldon Johnson,SAS,Minnesota Timberwolves @ San Antonio Spurs,MIN,1,PTS,SINGLE,9.5,1.87,1.8,OVER,1.87,11.273159980773926,1.7731599807739258,1.7731599807739258,18.66484190288343,4.8341,PTS,False,19.7566665649414,21.0983331680298,8.2,4.6,1.4,0,0,TRACKING_FALTANTE_TOTAL
Keldon Johnson,1629640,Keldon Johnson,SAS,Minnesota Timberwolves @ San Antonio Spurs,MIN,1,PTS,SINGLE,10.5,2.06,1.57,OVER,2.06,11.273159980773926,0.7731599807739258,0.7731599807739258,7.363428388323102,4.8341,PTS,False,19.7566665649414,21.0983331680298,8.2,4.6,1.4,0,0,TRACKING_FALTANTE_TOTAL
Keldon Johnson,1629640,Keldon Johnson,SAS,Minnesota Timberwolves @ San Antonio Spurs,MIN,1,PTS,SINGLE,6.5,1.32,2.71,OVER,1.32,11.273159980773926,4.773159980773926,4.773159980773926,73.43323047344501,4.8341,PTS,True,19.7566665649414,21.0983331680298,8.2,4.6,1.4,0,0,TRACKING_FALTANTE_TOTAL
Keldon Johnson,1629640,Keldon Johnson,SAS,Minnesota Timberwolves @ San Antonio Spurs,MIN,1,PTS,SINGLE,8.5,1.61,1.99,OVER,1.61,11.273159980773926,2.773159980773926,2.773159980773926,32.62541153851677,4.8341,PTS,True,19.7566665649414,21.0983331680298,8.2,4.6,1.4,0,0,TRACKING_FALTANTE_TOTAL
Keldon Johnson,1629640,Keldon Johnson,SAS,Minnesota Timberwolves @ San Antonio Spurs,MIN,1,PTS,SINGLE,12.5,2.67,1.33,UNDER,1.33,11.273159980773926,-1.2268400192260742,1.2268400192260742,9.814720153808594,4.8341,PTS,False,19.7566665649414,21.0983331680298,8.2,4.6,1.4,0,0,TRACKING_FALTANTE_TOTAL
Keldon Johnson,1629640,Keldon Johnson,SAS,Minnesota Timberwolves @ San Antonio Spurs,MIN,1,PTS,SINGLE,7.5,1.47,2.24,OVER,1.47,11.273159980773926,3.773159980773926,3.773159980773926,50.308799743652344,4.8341,PTS,True,19.7566665649414,21.0983331680298,8.2,4.6,1.4,0,0,TRACKING_FALTANTE_TOTAL
Keldon Johnson,1629640,Keldon Johnson,SAS,Minnesota Timberwolves @ San Antonio Spurs,MIN,1,AST,SINGLE,0.5,1.38,2.49,OVER,1.38,1.496864676475525,0.9968646764755249,0.9968646764755249,199.37293529510498,1.4546,AST_FALLBACK,True,19.7566665649414,21.0983331680298,8.2,4.6,1.4,0,0,TRACKING_FALTANTE_TOTAL
Keldon Johnson,1629640,Keldon Johnson,SAS,Minnesota Timberwolves @ San Antonio Spurs,MIN,1,AST,SINGLE,1.5,2.67,1.4,UNDER,1.4,1.496864676475525,-0.0031353235244750977,0.0031353235244750977,0.20902156829833984,1.4546,AST_FALLBACK,False,19.7566665649414,21.0983331680298,8.2,4.6,1.4,0,0,TRACKING_FALTANTE_TOTAL
Keldon Johnson,1629640,Keldon Johnson,SAS,Minnesota Timberwolves @ San Antonio Spurs,MIN,1,3PT,SINGLE,0.5,1.55,2.24,OVER,1.55,1.1486698389053345,0.6486698389053345,0.6486698389053345,129.7339677810669,0.9642,3PT,True,19.7566665649414,21.0983331680298,8.2,4.6,1.4,0,0,TRACKING_FALTANTE_TOTAL
Keldon Johnson,1629640,Keldon Johnson,SAS,Minnesota Timberwolves @ San Antonio Spurs,MIN,1,Q1_PTS,Q1,2.5,2.07,1.65,UNDER,1.65,2.4621031284332275,-0.03789687156677246,0.03789687156677246,1.5158748626708984,2.087,Q1_PTS,False,19.7566665649414,21.0983331680298,8.2,4.6,1.4,0,0,TRACKING_FALTANTE_TOTAL
Keldon Johnson,1629640,Keldon Johnson,SAS,Minnesota Timberwolves @ San Antonio Spurs,MIN,1,FTM,SINGLE,1.5,1.84,1.83,OVER,1.84,1.9072833061218262,0.40728330612182617,0.40728330612182617,27.152220408121746,1.4962,FTM,False,19.7566665649414,21.0983331680298,8.2,4.6,1.4,0,0,TRACKING_FALTANTE_TOTAL
Keldon Johnson,1629640,Keldon Johnson,SAS,Minnesota Timberwolves @ San Antonio Spurs,MIN,1,FGM,SINGLE,3.5,1.91,1.77,OVER,1.91,4.367504596710205,0.8675045967102051,0.8675045967102051,24.785845620291575,1.8635,FGM,False,19.7566665649414,21.0983331680298,8.2,4.6,1.4,0,0,TRACKING_FALTANTE_TOTAL
Keldon Johnson,1629640,Keldon Johnson,SAS,Minnesota Timberwolves @ San Antonio Spurs,MIN,1,FGA,SINGLE,7.5,1.76,1.91,OVER,1.76,8.886621475219727,1.3866214752197266,1.3866214752197266,18.48828633626302,2.8767,FGA,False,19.7566665649414,21.0983331680298,8.2,4.6,1.4,0,0,TRACKING_FALTANTE_TOTAL
Keldon Johnson,1629640,Keldon Johnson,SAS,Minnesota Timberwolves @ San Antonio Spurs,MIN,1,FG3A,SINGLE,2.5,1.77,1.9,OVER,1.77,2.9272842407226562,0.42728424072265625,0.42728424072265625,17.09136962890625,1.5883,FG3A,False,19.7566665649414,21.0983331680298,8.2,4.6,1.4,0,0,TRACKING_FALTANTE_TOTAL
Keldon Johnson,1629640,Keldon Johnson,SAS,Minnesota Timberwolves @ San Antonio Spurs,MIN,1,REB,SINGLE,3.5,1.62,2.11,OVER,1.62,5.04643440246582,1.5464344024658203,1.5464344024658203,44.18384007045201,1.9667,REB,True,19.7566665649414,21.0983331680298,8.2,4.6,1.4,0,0,TRACKING_FALTANTE_TOTAL
Keldon Johnson,1629640,Keldon Johnson,SAS,Minnesota Timberwolves @ San Antonio Spurs,MIN,1,REB,SINGLE,4.5,2.06,1.56,OVER,2.06,5.04643440246582,0.5464344024658203,0.5464344024658203,12.142986721462673,1.9667,REB,False,19.7566665649414,21.0983331680298,8.2,4.6,1.4,0,0,TRACKING_FALTANTE_TOTAL
Keldon Johnson,1629640,Keldon Johnson,SAS,Minnesota Timberwolves @ San Antonio Spurs,MIN,1,PA,COMBO,10.5,1.81,1.86,OVER,1.81,12.518342018127441,2.0183420181274414,2.0183420181274414,19.22230493454706,5.2838,PA,False,19.7566665649414,21.0983331680298,8.2,4.6,1.4,0,0,TRACKING_FALTANTE_TOTAL
Keldon Johnson,1629640,Keldon Johnson,SAS,Minnesota Timberwolves @ San Antonio Spurs,MIN,1,PA,COMBO,9.5,1.58,2.03,OVER,1.58,12.518342018127441,3.0183420181274414,3.0183420181274414,31.77202124344675,5.2838,PA,True,19.7566665649414,21.0983331680298,8.2,4.6,1.4,0,0,TRACKING_FALTANTE_TOTAL
Keldon Johnson,1629640,Keldon Johnson,SAS,Minnesota Timberwolves @ San Antonio Spurs,MIN,1,PA,COMBO,11.5,1.99,1.61,OVER,1.99,12.518342018127441,1.0183420181274414,1.0183420181274414,8.855147983716883,5.2838,PA,False,19.7566665649414,21.0983331680298,8.2,4.6,1.4,0,0,TRACKING_FALTANTE_TOTAL
Keldon Johnson,1629640,Keldon Johnson,SAS,Minnesota Timberwolves @ San Antonio Spurs,MIN,1,PR,COMBO,12.5,1.62,1.97,OVER,1.62,16.595754623413086,4.095754623413086,4.095754623413086,32.76603698730469,5.7314,PR,True,19.7566665649414,21.0983331680298,8.2,4.6,1.4,0,0,TRACKING_FALTANTE_TOTAL
Keldon Johnson,1629640,Keldon Johnson,SAS,Minnesota Timberwolves @ San Antonio Spurs,MIN,1,PR,COMBO,14.5,1.97,1.62,OVER,1.97,16.595754623413086,2.095754623413086,2.095754623413086,14.453480161469558,5.7314,PR,False,19.7566665649414,21.0983331680298,8.2,4.6,1.4,0,0,TRACKING_FALTANTE_TOTAL
Keldon Johnson,1629640,Keldon Johnson,SAS,Minnesota Timberwolves @ San Antonio Spurs,MIN,1,PR,COMBO,11.5,1.51,2.16,OVER,1.51,16.595754623413086,5.095754623413086,5.095754623413086,44.310909768809445,5.7314,PR,True,19.7566665649414,21.0983331680298,8.2,4.6,1.4,0,0,TRACKING_FALTANTE_TOTAL
Keldon Johnson,1629640,Keldon Johnson,SAS,Minnesota Timberwolves @ San Antonio Spurs,MIN,1,PR,COMBO,13.5,1.84,1.83,OVER,1.84,16.595754623413086,3.095754623413086,3.095754623413086,22.931515728985822,5.7314,PR,True,19.7566665649414,21.0983331680298,8.2,4.6,1.4,0,0,TRACKING_FALTANTE_TOTAL
Keldon Johnson,1629640,Keldon Johnson,SAS,Minnesota Timberwolves @ San Antonio Spurs,MIN,1,PR,COMBO,15.5,2.14,1.52,OVER,2.14,16.595754623413086,1.095754623413086,1.095754623413086,7.0693846671812,5.7314,PR,False,19.7566665649414,21.0983331680298,8.2,4.6,1.4,0,0,TRACKING_FALTANTE_TOTAL
Keldon Johnson,1629640,Keldon Johnson,SAS,Minnesota Timberwolves @ San Antonio Spurs,MIN,1,RA,COMBO,5.5,2.07,1.65,OVER,2.07,6.608018398284912,1.108018398284912,1.108018398284912,20.145789059725676,2.6976,RA,False,19.7566665649414,21.0983331680298,8.2,4.6,1.4,0,0,TRACKING_FALTANTE_TOTAL
Keldon Johnson,1629640,Keldon Johnson,SAS,Minnesota Timberwolves @ San Antonio Spurs,MIN,1,RA,COMBO,4.5,1.55,2.08,OVER,1.55,6.608018398284912,2.108018398284912,2.108018398284912,46.84485329522027,2.6976,RA,True,19.7566665649414,21.0983331680298,8.2,4.6,1.4,0,0,TRACKING_FALTANTE_TOTAL
Keldon Johnson,1629640,Keldon Johnson,SAS,Minnesota Timberwolves @ San Antonio Spurs,MIN,1,PRA,COMBO,15.5,1.92,1.66,OVER,1.92,17.86451530456543,2.3645153045654297,2.3645153045654297,15.254937448809224,6.1893,PRA,False,19.7566665649414,21.0983331680298,8.2,4.6,1.4,0,0,TRACKING_FALTANTE_TOTAL
Keldon Johnson,1629640,Keldon Johnson,SAS,Minnesota Timberwolves @ San Antonio Spurs,MIN,1,PRA,COMBO,14.5,1.8,1.87,OVER,1.8,17.86451530456543,3.3645153045654297,3.3645153045654297,23.20355382458917,6.1893,PRA,True,19.7566665649414,21.0983331680298,8.2,4.6,1.4,0,0,TRACKING_FALTANTE_TOTAL
Keldon Johnson,1629640,Keldon Johnson,SAS,Minnesota Timberwolves @ San Antonio Spurs,MIN,1,PRA,COMBO,11.5,1.37,2.54,OVER,1.37,17.86451530456543,6.36451530456543,6.36451530456543,55.34361134404722,6.1893,PRA,True,19.7566665649414,21.0983331680298,8.2,4.6,1.4,0,0,TRACKING_FALTANTE_TOTAL
Keldon Johnson,1629640,Keldon Johnson,SAS,Minnesota Timberwolves @ San Antonio Spurs,MIN,1,PRA,COMBO,12.5,1.49,2.2,OVER,1.49,17.86451530456543,5.36451530456543,5.36451530456543,42.91612243652344,6.1893,PRA,True,19.7566665649414,21.0983331680298,8.2,4.6,1.4,0,0,TRACKING_FALTANTE_TOTAL
Keldon Johnson,1629640,Keldon Johnson,SAS,Minnesota Timberwolves @ San Antonio Spurs,MIN,1,PRA,COMBO,13.5,1.59,2.01,OVER,1.59,17.86451530456543,4.36451530456543,4.36451530456543,32.32974299678096,6.1893,PRA,True,19.7566665649414,21.0983331680298,8.2,4.6,1.4,0,0,TRACKING_FALTANTE_TOTAL
Keldon Johnson,1629640,Keldon Johnson,SAS,Minnesota Timberwolves @ San Antonio Spurs,MIN,1,PRA,COMBO,16.5,2.06,1.56,OVER,2.06,17.86451530456543,1.3645153045654297,1.3645153045654297,8.269789724638969,6.1893,PRA,False,19.7566665649414,21.0983331680298,8.2,4.6,1.4,0,0,TRACKING_FALTANTE_TOTAL
Keldon Johnson,1629640,Keldon Johnson,SAS,Minnesota Timberwolves @ San Antonio Spurs,MIN,1,PRA,COMBO,17.5,2.33,1.44,OVER,2.33,17.86451530456543,0.3645153045654297,0.3645153045654297,2.082944597516741,6.1893,PRA,False,19.7566665649414,21.0983331680298,8.2,4.6,1.4,0,0,TRACKING_FALTANTE_TOTAL
Keldon Johnson,1629640,Keldon Johnson,SAS,Minnesota Timberwolves @ San Antonio Spurs,MIN,1,PRA,COMBO,18.5,2.68,1.33,UNDER,1.33,17.86451530456543,-0.6354846954345703,0.6354846954345703,3.435052407754434,6.1893,PRA,False,19.7566665649414,21.0983331680298,8.2,4.6,1.4,0,0,TRACKING_FALTANTE_TOTAL
Dean Wade,1629731,Dean Wade,CLE,Detroit Pistons @ Cleveland Cavaliers,DET,1,PTS,SINGLE,5.5,2.05,1.57,OVER,2.05,6.864367961883545,1.364367961883545,1.364367961883545,24.806690216064453,4.8341,PTS,False,25.1939998626709,23.7669998168945,6.8,4.0,0.6,0,0,POTENTIAL_AST_FALTANTE
Dean Wade,1629731,Dean Wade,CLE,Detroit Pistons @ Cleveland Cavaliers,DET,1,PTS,SINGLE,6.5,2.47,1.39,OVER,2.47,6.864367961883545,0.3643679618835449,0.3643679618835449,5.605660952054537,4.8341,PTS,False,25.1939998626709,23.7669998168945,6.8,4.0,0.6,0,0,POTENTIAL_AST_FALTANTE
Dean Wade,1629731,Dean Wade,CLE,Detroit Pistons @ Cleveland Cavaliers,DET,1,PTS,SINGLE,7.5,2.83,1.3,UNDER,1.3,6.864367961883545,-0.6356320381164551,0.6356320381164551,8.475093841552734,4.8341,PTS,False,25.1939998626709,23.7669998168945,6.8,4.0,0.6,0,0,POTENTIAL_AST_FALTANTE
Dean Wade,1629731,Dean Wade,CLE,Detroit Pistons @ Cleveland Cavaliers,DET,1,PTS,SINGLE,3.5,1.55,2.09,OVER,1.55,6.864367961883545,3.364367961883545,3.364367961883545,96.12479891095843,4.8341,PTS,True,25.1939998626709,23.7669998168945,6.8,4.0,0.6,0,0,POTENTIAL_AST_FALTANTE
Dean Wade,1629731,Dean Wade,CLE,Detroit Pistons @ Cleveland Cavaliers,DET,1,PTS,SINGLE,4.5,1.72,1.97,OVER,1.72,6.864367961883545,2.364367961883545,2.364367961883545,52.541510264078774,4.8341,PTS,False,25.1939998626709,23.7669998168945,6.8,4.0,0.6,0,0,POTENTIAL_AST_FALTANTE
Dean Wade,1629731,Dean Wade,CLE,Detroit Pistons @ Cleveland Cavaliers,DET,1,AST,SINGLE,0.5,1.51,2.33,OVER,1.51,1.272996187210083,0.772996187210083,0.772996187210083,154.5992374420166,1.4546,AST_FALLBACK,True,25.1939998626709,23.7669998168945,6.8,4.0,0.6,0,0,POTENTIAL_AST_FALTANTE
Dean Wade,1629731,Dean Wade,CLE,Detroit Pistons @ Cleveland Cavaliers,DET,1,3PT,SINGLE,0.5,1.38,2.73,OVER,1.38,1.2915446758270264,0.7915446758270264,0.7915446758270264,158.30893516540527,0.9642,3PT,True,25.1939998626709,23.7669998168945,6.8,4.0,0.6,0,0,POTENTIAL_AST_FALTANTE
Dean Wade,1629731,Dean Wade,CLE,Detroit Pistons @ Cleveland Cavaliers,DET,1,3PT,SINGLE,1.5,2.46,1.39,UNDER,1.39,1.2915446758270264,-0.20845532417297363,0.20845532417297363,13.897021611531576,0.9642,3PT,False,25.1939998626709,23.7669998168945,6.8,4.0,0.6,0,0,POTENTIAL_AST_FALTANTE
Dean Wade,1629731,Dean Wade,CLE,Detroit Pistons @ Cleveland Cavaliers,DET,1,Q1_PTS,Q1,0.5,1.88,1.79,OVER,1.88,1.9789116382598877,1.4789116382598877,1.4789116382598877,295.78232765197754,2.087,Q1_PTS,True,25.1939998626709,23.7669998168945,6.8,4.0,0.6,0,0,POTENTIAL_AST_FALTANTE
Dean Wade,1629731,Dean Wade,CLE,Detroit Pistons @ Cleveland Cavaliers,DET,1,Q1_PTS,Q1,1.5,1.86,1.7,OVER,1.86,1.9789116382598877,0.4789116382598877,0.4789116382598877,31.92744255065918,2.087,Q1_PTS,False,25.1939998626709,23.7669998168945,6.8,4.0,0.6,0,0,POTENTIAL_AST_FALTANTE
Dean Wade,1629731,Dean Wade,CLE,Detroit Pistons @ Cleveland Cavaliers,DET,1,FGM,SINGLE,1.5,1.73,1.96,OVER,1.73,2.755847930908203,1.2558479309082031,1.2558479309082031,83.72319539388022,1.8635,FGM,True,25.1939998626709,23.7669998168945,6.8,4.0,0.6,0,0,POTENTIAL_AST_FALTANTE
Dean Wade,1629731,Dean Wade,CLE,Detroit Pistons @ Cleveland Cavaliers,DET,1,FGA,SINGLE,4.5,1.96,1.73,OVER,1.96,5.495956897735596,0.9959568977355957,0.9959568977355957,22.132375505235462,2.8767,FGA,False,25.1939998626709,23.7669998168945,6.8,4.0,0.6,0,0,POTENTIAL_AST_FALTANTE
Dean Wade,1629731,Dean Wade,CLE,Detroit Pistons @ Cleveland Cavaliers,DET,1,REB,SINGLE,2.5,1.33,2.68,OVER,1.33,4.11276912689209,1.6127691268920898,1.6127691268920898,64.5107650756836,1.9667,REB,True,25.1939998626709,23.7669998168945,6.8,4.0,0.6,0,0,POTENTIAL_AST_FALTANTE
Dean Wade,1629731,Dean Wade,CLE,Detroit Pistons @ Cleveland Cavaliers,DET,1,REB,SINGLE,4.5,2.26,1.47,UNDER,1.47,4.11276912689209,-0.38723087310791016,0.38723087310791016,8.605130513509113,1.9667,REB,False,25.1939998626709,23.7669998168945,6.8,4.0,0.6,0,0,POTENTIAL_AST_FALTANTE
Dean Wade,1629731,Dean Wade,CLE,Detroit Pistons @ Cleveland Cavaliers,DET,1,REB,SINGLE,3.5,1.74,1.94,OVER,1.74,4.11276912689209,0.6127691268920898,0.6127691268920898,17.507689339773997,1.9667,REB,False,25.1939998626709,23.7669998168945,6.8,4.0,0.6,0,0,POTENTIAL_AST_FALTANTE
Dean Wade,1629731,Dean Wade,CLE,Detroit Pistons @ Cleveland Cavaliers,DET,1,PA,COMBO,5.5,1.76,1.92,OVER,1.76,8.334863662719727,2.8348636627197266,2.8348636627197266,51.54297568581321,5.2838,PA,True,25.1939998626709,23.7669998168945,6.8,4.0,0.6,0,0,POTENTIAL_AST_FALTANTE
Dean Wade,1629731,Dean Wade,CLE,Detroit Pistons @ Cleveland Cavaliers,DET,1,PA,COMBO,4.5,1.52,2.14,OVER,1.52,8.334863662719727,3.8348636627197266,3.8348636627197266,85.21919250488281,5.2838,PA,True,25.1939998626709,23.7669998168945,6.8,4.0,0.6,0,0,POTENTIAL_AST_FALTANTE
Dean Wade,1629731,Dean Wade,CLE,Detroit Pistons @ Cleveland Cavaliers,DET,1,PA,COMBO,6.5,2.04,1.58,OVER,2.04,8.334863662719727,1.8348636627197266,1.8348636627197266,28.22867173414964,5.2838,PA,False,25.1939998626709,23.7669998168945,6.8,4.0,0.6,0,0,POTENTIAL_AST_FALTANTE
Dean Wade,1629731,Dean Wade,CLE,Detroit Pistons @ Cleveland Cavaliers,DET,1,PR,COMBO,9.5,2.02,1.59,OVER,2.02,11.389524459838867,1.8895244598388672,1.8895244598388672,19.8897311561986,5.7314,PR,False,25.1939998626709,23.7669998168945,6.8,4.0,0.6,0,0,POTENTIAL_AST_FALTANTE
Dean Wade,1629731,Dean Wade,CLE,Detroit Pistons @ Cleveland Cavaliers,DET,1,PR,COMBO,7.5,1.54,2.1,OVER,1.54,11.389524459838867,3.889524459838867,3.889524459838867,51.8603261311849,5.7314,PR,True,25.1939998626709,23.7669998168945,6.8,4.0,0.6,0,0,POTENTIAL_AST_FALTANTE
Dean Wade,1629731,Dean Wade,CLE,Detroit Pistons @ Cleveland Cavaliers,DET,1,PR,COMBO,8.5,1.82,1.85,OVER,1.82,11.389524459838867,2.889524459838867,2.889524459838867,33.994405409869024,5.7314,PR,True,25.1939998626709,23.7669998168945,6.8,4.0,0.6,0,0,POTENTIAL_AST_FALTANTE
Dean Wade,1629731,Dean Wade,CLE,Detroit Pistons @ Cleveland Cavaliers,DET,1,RA,COMBO,4.5,1.76,1.91,OVER,1.76,5.312097549438477,0.8120975494384766,0.8120975494384766,18.046612209743923,2.6976,RA,False,25.1939998626709,23.7669998168945,6.8,4.0,0.6,0,0,POTENTIAL_AST_FALTANTE
Dean Wade,1629731,Dean Wade,CLE,Detroit Pistons @ Cleveland Cavaliers,DET,1,RA,COMBO,5.5,2.18,1.5,UNDER,1.5,5.312097549438477,-0.18790245056152344,0.18790245056152344,3.4164081920276987,2.6976,RA,False,25.1939998626709,23.7669998168945,6.8,4.0,0.6,0,0,POTENTIAL_AST_FALTANTE
Dean Wade,1629731,Dean Wade,CLE,Detroit Pistons @ Cleveland Cavaliers,DET,1,PRA,COMBO,9.5,1.8,1.87,OVER,1.8,12.054878234863281,2.5548782348632812,2.5548782348632812,26.893455103824017,6.1893,PRA,False,25.1939998626709,23.7669998168945,6.8,4.0,0.6,0,0,POTENTIAL_AST_FALTANTE
Dean Wade,1629731,Dean Wade,CLE,Detroit Pistons @ Cleveland Cavaliers,DET,1,PRA,COMBO,8.5,1.54,2.1,OVER,1.54,12.054878234863281,3.5548782348632812,3.5548782348632812,41.82209688074449,6.1893,PRA,True,25.1939998626709,23.7669998168945,6.8,4.0,0.6,0,0,POTENTIAL_AST_FALTANTE
Dean Wade,1629731,Dean Wade,CLE,Detroit Pistons @ Cleveland Cavaliers,DET,1,PRA,COMBO,7.5,1.41,2.42,OVER,1.41,12.054878234863281,4.554878234863281,4.554878234863281,60.73170979817708,6.1893,PRA,True,25.1939998626709,23.7669998168945,6.8,4.0,0.6,0,0,POTENTIAL_AST_FALTANTE
Dean Wade,1629731,Dean Wade,CLE,Detroit Pistons @ Cleveland Cavaliers,DET,1,PRA,COMBO,10.5,2.0,1.6,OVER,2.0,12.054878234863281,1.5548782348632812,1.5548782348632812,14.808364141555058,6.1893,PRA,False,25.1939998626709,23.7669998168945,6.8,4.0,0.6,0,0,POTENTIAL_AST_FALTANTE
Dean Wade,1629731,Dean Wade,CLE,Detroit Pistons @ Cleveland Cavaliers,DET,1,PRA,COMBO,11.5,2.25,1.47,OVER,2.25,12.054878234863281,0.5548782348632812,0.5548782348632812,4.825028129245924,6.1893,PRA,False,25.1939998626709,23.7669998168945,6.8,4.0,0.6,0,0,POTENTIAL_AST_FALTANTE
Dean Wade,1629731,Dean Wade,CLE,Detroit Pistons @ Cleveland Cavaliers,DET,1,PRA,COMBO,12.5,2.67,1.33,UNDER,1.33,12.054878234863281,-0.44512176513671875,0.44512176513671875,3.5609741210937496,6.1893,PRA,False,25.1939998626709,23.7669998168945,6.8,4.0,0.6,0,0,POTENTIAL_AST_FALTANTE
Jaden McDaniels,1630183,Jaden McDaniels,MIN,Minnesota Timberwolves @ San Antonio Spurs,SAS,0,PTS,SINGLE,14.5,1.92,1.76,OVER,1.92,17.25455665588379,2.754556655883789,2.754556655883789,18.99694245437096,4.8341,PTS,True,32.0500003814697,32.6050001144409,17.0,5.8,2.6,0,0,TRACKING_FALTANTE_TOTAL
Jaden McDaniels,1630183,Jaden McDaniels,MIN,Minnesota Timberwolves @ San Antonio Spurs,SAS,0,PTS,SINGLE,15.5,2.07,1.56,OVER,2.07,17.25455665588379,1.754556655883789,1.754556655883789,11.319720360540575,4.8341,PTS,False,32.0500003814697,32.6050001144409,17.0,5.8,2.6,0,0,TRACKING_FALTANTE_TOTAL
Jaden McDaniels,1630183,Jaden McDaniels,MIN,Minnesota Timberwolves @ San Antonio Spurs,SAS,0,PTS,SINGLE,13.5,1.66,1.91,OVER,1.66,17.25455665588379,3.754556655883789,3.754556655883789,27.81153078432436,4.8341,PTS,True,32.0500003814697,32.6050001144409,17.0,5.8,2.6,0,0,TRACKING_FALTANTE_TOTAL
Jaden McDaniels,1630183,Jaden McDaniels,MIN,Minnesota Timberwolves @ San Antonio Spurs,SAS,0,PTS,SINGLE,10.5,1.31,2.75,OVER,1.31,17.25455665588379,6.754556655883789,6.754556655883789,64.32911100841704,4.8341,PTS,True,32.0500003814697,32.6050001144409,17.0,5.8,2.6,0,0,TRACKING_FALTANTE_TOTAL
Jaden McDaniels,1630183,Jaden McDaniels,MIN,Minnesota Timberwolves @ San Antonio Spurs,SAS,0,PTS,SINGLE,11.5,1.42,2.36,OVER,1.42,17.25455665588379,5.754556655883789,5.754556655883789,50.03962309464164,4.8341,PTS,True,32.0500003814697,32.6050001144409,17.0,5.8,2.6,0,0,TRACKING_FALTANTE_TOTAL
Jaden McDaniels,1630183,Jaden McDaniels,MIN,Minnesota Timberwolves @ San Antonio Spurs,SAS,0,PTS,SINGLE,16.5,2.24,1.48,OVER,2.24,17.25455665588379,0.7545566558837891,0.7545566558837891,4.573070641719934,4.8341,PTS,False,32.0500003814697,32.6050001144409,17.0,5.8,2.6,0,0,TRACKING_FALTANTE_TOTAL
Jaden McDaniels,1630183,Jaden McDaniels,MIN,Minnesota Timberwolves @ San Antonio Spurs,SAS,0,PTS,SINGLE,12.5,1.57,2.06,OVER,1.57,17.25455665588379,4.754556655883789,4.754556655883789,38.03645324707031,4.8341,PTS,True,32.0500003814697,32.6050001144409,17.0,5.8,2.6,0,0,TRACKING_FALTANTE_TOTAL
Jaden McDaniels,1630183,Jaden McDaniels,MIN,Minnesota Timberwolves @ San Antonio Spurs,SAS,0,PTS,SINGLE,17.5,2.52,1.37,UNDER,1.37,17.25455665588379,-0.24544334411621094,0.24544334411621094,1.4025333949497767,4.8341,PTS,False,32.0500003814697,32.6050001144409,17.0,5.8,2.6,0,0,TRACKING_FALTANTE_TOTAL
Jaden McDaniels,1630183,Jaden McDaniels,MIN,Minnesota Timberwolves @ San Antonio Spurs,SAS,0,PTS,SINGLE,18.5,2.89,1.28,UNDER,1.28,17.25455665588379,-1.245443344116211,1.245443344116211,6.732126184411951,4.8341,PTS,False,32.0500003814697,32.6050001144409,17.0,5.8,2.6,0,0,TRACKING_FALTANTE_TOTAL
Jaden McDaniels,1630183,Jaden McDaniels,MIN,Minnesota Timberwolves @ San Antonio Spurs,SAS,0,AST,SINGLE,3.5,2.62,1.35,UNDER,1.35,2.969975471496582,-0.530024528503418,0.530024528503418,15.143557957240514,1.4546,AST_FALLBACK,False,32.0500003814697,32.6050001144409,17.0,5.8,2.6,0,0,TRACKING_FALTANTE_TOTAL
Jaden McDaniels,1630183,Jaden McDaniels,MIN,Minnesota Timberwolves @ San Antonio Spurs,SAS,0,AST,SINGLE,1.5,1.32,2.72,OVER,1.32,2.969975471496582,1.469975471496582,1.469975471496582,97.99836476643881,1.4546,AST_FALLBACK,True,32.0500003814697,32.6050001144409,17.0,5.8,2.6,0,0,TRACKING_FALTANTE_TOTAL
Jaden McDaniels,1630183,Jaden McDaniels,MIN,Minnesota Timberwolves @ San Antonio Spurs,SAS,0,AST,SINGLE,2.5,1.88,1.79,OVER,1.88,2.969975471496582,0.46997547149658203,0.46997547149658203,18.79901885986328,1.4546,AST_FALLBACK,False,32.0500003814697,32.6050001144409,17.0,5.8,2.6,0,0,TRACKING_FALTANTE_TOTAL
Jaden McDaniels,1630183,Jaden McDaniels,MIN,Minnesota Timberwolves @ San Antonio Spurs,SAS,0,3PT,SINGLE,1.5,2.18,1.58,UNDER,1.58,1.0358372926712036,-0.4641627073287964,0.4641627073287964,30.944180488586426,0.9642,3PT,False,32.0500003814697,32.6050001144409,17.0,5.8,2.6,0,0,TRACKING_FALTANTE_TOTAL
Jaden McDaniels,1630183,Jaden McDaniels,MIN,Minnesota Timberwolves @ San Antonio Spurs,SAS,0,Q1_PTS,Q1,3.5,1.82,1.85,OVER,1.82,3.7780325412750244,0.2780325412750244,0.2780325412750244,7.943786893572126,2.087,Q1_PTS,False,32.0500003814697,32.6050001144409,17.0,5.8,2.6,0,0,TRACKING_FALTANTE_TOTAL
Jaden McDaniels,1630183,Jaden McDaniels,MIN,Minnesota Timberwolves @ San Antonio Spurs,SAS,0,Q1_PTS,Q1,2.5,1.54,2.1,OVER,1.54,3.7780325412750244,1.2780325412750244,1.2780325412750244,51.12130165100097,2.087,Q1_PTS,True,32.0500003814697,32.6050001144409,17.0,5.8,2.6,0,0,TRACKING_FALTANTE_TOTAL
Jaden McDaniels,1630183,Jaden McDaniels,MIN,Minnesota Timberwolves @ San Antonio Spurs,SAS,0,Q1_PTS,Q1,4.5,2.18,1.5,UNDER,1.5,3.7780325412750244,-0.7219674587249756,0.7219674587249756,16.04372130499946,2.087,Q1_PTS,False,32.0500003814697,32.6050001144409,17.0,5.8,2.6,0,0,TRACKING_FALTANTE_TOTAL
Jaden McDaniels,1630183,Jaden McDaniels,MIN,Minnesota Timberwolves @ San Antonio Spurs,SAS,0,Q1_AST,Q1,0.5,1.79,1.88,OVER,1.79,0.8201572299003601,0.3201572299003601,0.3201572299003601,64.03144598007202,0.7063,Q1_AST,False,32.0500003814697,32.6050001144409,17.0,5.8,2.6,0,0,TRACKING_FALTANTE_TOTAL
Jaden McDaniels,1630183,Jaden McDaniels,MIN,Minnesota Timberwolves @ San Antonio Spurs,SAS,0,FTM,SINGLE,1.5,1.69,2.01,OVER,1.69,2.2600066661834717,0.7600066661834717,0.7600066661834717,50.66711107889811,1.4962,FTM,True,32.0500003814697,32.6050001144409,17.0,5.8,2.6,0,0,TRACKING_FALTANTE_TOTAL
Jaden McDaniels,1630183,Jaden McDaniels,MIN,Minnesota Timberwolves @ San Antonio Spurs,SAS,0,FGM,SINGLE,5.5,1.9,1.78,OVER,1.9,6.354131698608398,0.8541316986083984,0.8541316986083984,15.529667247425428,1.8635,FGM,False,32.0500003814697,32.6050001144409,17.0,5.8,2.6,0,0,TRACKING_FALTANTE_TOTAL
Jaden McDaniels,1630183,Jaden McDaniels,MIN,Minnesota Timberwolves @ San Antonio Spurs,SAS,0,FGA,SINGLE,12.5,1.87,1.8,OVER,1.87,13.936572074890137,1.4365720748901367,1.4365720748901367,11.492576599121094,2.8767,FGA,False,32.0500003814697,32.6050001144409,17.0,5.8,2.6,0,0,TRACKING_FALTANTE_TOTAL
Jaden McDaniels,1630183,Jaden McDaniels,MIN,Minnesota Timberwolves @ San Antonio Spurs,SAS,0,FG3A,SINGLE,3.5,1.7,1.99,UNDER,1.99,3.244649887084961,-0.25535011291503906,0.25535011291503906,7.295717511858259,1.5883,FG3A,False,32.0500003814697,32.6050001144409,17.0,5.8,2.6,0,0,TRACKING_FALTANTE_TOTAL
Jaden McDaniels,1630183,Jaden McDaniels,MIN,Minnesota Timberwolves @ San Antonio Spurs,SAS,0,REB,SINGLE,3.5,1.38,2.5,OVER,1.38,5.377216815948486,1.8772168159484863,1.8772168159484863,53.63476616995675,1.9667,REB,True,32.0500003814697,32.6050001144409,17.0,5.8,2.6,0,0,TRACKING_FALTANTE_TOTAL
Jaden McDaniels,1630183,Jaden McDaniels,MIN,Minnesota Timberwolves @ San Antonio Spurs,SAS,0,REB,SINGLE,4.5,1.74,1.94,OVER,1.74,5.377216815948486,0.8772168159484863,0.8772168159484863,19.493707021077476,1.9667,REB,False,32.0500003814697,32.6050001144409,17.0,5.8,2.6,0,0,TRACKING_FALTANTE_TOTAL
Jaden McDaniels,1630183,Jaden McDaniels,MIN,Minnesota Timberwolves @ San Antonio Spurs,SAS,0,REB,SINGLE,5.5,2.14,1.52,UNDER,1.52,5.377216815948486,-0.12278318405151367,0.12278318405151367,2.2324215282093394,1.9667,REB,False,32.0500003814697,32.6050001144409,17.0,5.8,2.6,0,0,TRACKING_FALTANTE_TOTAL
Jaden McDaniels,1630183,Jaden McDaniels,MIN,Minnesota Timberwolves @ San Antonio Spurs,SAS,0,PA,COMBO,16.5,1.76,1.91,OVER,1.76,16.82271957397461,0.3227195739746094,0.3227195739746094,1.9558762059067234,5.2838,PA,False,32.0500003814697,32.6050001144409,17.0,5.8,2.6,0,0,TRACKING_FALTANTE_TOTAL
Jaden McDaniels,1630183,Jaden McDaniels,MIN,Minnesota Timberwolves @ San Antonio Spurs,SAS,0,PA,COMBO,17.5,1.91,1.66,UNDER,1.66,16.82271957397461,-0.6772804260253906,0.6772804260253906,3.8701738630022318,5.2838,PA,False,32.0500003814697,32.6050001144409,17.0,5.8,2.6,0,0,TRACKING_FALTANTE_TOTAL
Jaden McDaniels,1630183,Jaden McDaniels,MIN,Minnesota Timberwolves @ San Antonio Spurs,SAS,0,PA,COMBO,18.5,2.12,1.53,UNDER,1.53,16.82271957397461,-1.6772804260253906,1.6772804260253906,9.066380681218329,5.2838,PA,False,32.0500003814697,32.6050001144409,17.0,5.8,2.6,0,0,TRACKING_FALTANTE_TOTAL
Jaden McDaniels,1630183,Jaden McDaniels,MIN,Minnesota Timberwolves @ San Antonio Spurs,SAS,0,PA,COMBO,15.5,1.57,2.05,OVER,1.57,16.82271957397461,1.3227195739746094,1.3227195739746094,8.533674670803931,5.2838,PA,False,32.0500003814697,32.6050001144409,17.0,5.8,2.6,0,0,TRACKING_FALTANTE_TOTAL
Jaden McDaniels,1630183,Jaden McDaniels,MIN,Minnesota Timberwolves @ San Antonio Spurs,SAS,0,PR,COMBO,17.5,1.56,2.07,OVER,1.56,20.719696044921875,3.219696044921875,3.219696044921875,18.398263113839285,5.7314,PR,True,32.0500003814697,32.6050001144409,17.0,5.8,2.6,0,0,TRACKING_FALTANTE_TOTAL
Jaden McDaniels,1630183,Jaden McDaniels,MIN,Minnesota Timberwolves @ San Antonio Spurs,SAS,0,PR,COMBO,19.5,1.91,1.77,OVER,1.91,20.719696044921875,1.219696044921875,1.219696044921875,6.254851512419872,5.7314,PR,False,32.0500003814697,32.6050001144409,17.0,5.8,2.6,0,0,TRACKING_FALTANTE_TOTAL
Jaden McDaniels,1630183,Jaden McDaniels,MIN,Minnesota Timberwolves @ San Antonio Spurs,SAS,0,PR,COMBO,18.5,1.68,1.88,OVER,1.68,20.719696044921875,2.219696044921875,2.219696044921875,11.998356999577704,5.7314,PR,False,32.0500003814697,32.6050001144409,17.0,5.8,2.6,0,0,TRACKING_FALTANTE_TOTAL
Jaden McDaniels,1630183,Jaden McDaniels,MIN,Minnesota Timberwolves @ San Antonio Spurs,SAS,0,PR,COMBO,20.5,2.01,1.59,OVER,2.01,20.719696044921875,0.219696044921875,0.219696044921875,1.0716880240091464,5.7314,PR,False,32.0500003814697,32.6050001144409,17.0,5.8,2.6,0,0,TRACKING_FALTANTE_TOTAL
Jaden McDaniels,1630183,Jaden McDaniels,MIN,Minnesota Timberwolves @ San Antonio Spurs,SAS,0,PR,COMBO,21.5,2.15,1.51,UNDER,1.51,20.719696044921875,-0.780303955078125,0.780303955078125,3.6293207212936043,5.7314,PR,False,32.0500003814697,32.6050001144409,17.0,5.8,2.6,0,0,TRACKING_FALTANTE_TOTAL
Jaden McDaniels,1630183,Jaden McDaniels,MIN,Minnesota Timberwolves @ San Antonio Spurs,SAS,0,RA,COMBO,7.5,1.9,1.78,OVER,1.9,7.838734149932861,0.33873414993286133,0.33873414993286133,4.516455332438151,2.6976,RA,False,32.0500003814697,32.6050001144409,17.0,5.8,2.6,0,0,TRACKING_FALTANTE_TOTAL
Jaden McDaniels,1630183,Jaden McDaniels,MIN,Minnesota Timberwolves @ San Antonio Spurs,SAS,0,RA,COMBO,6.5,1.56,2.07,OVER,1.56,7.838734149932861,1.3387341499328613,1.3387341499328613,20.595909998967095,2.6976,RA,False,32.0500003814697,32.6050001144409,17.0,5.8,2.6,0,0,TRACKING_FALTANTE_TOTAL
Jaden McDaniels,1630183,Jaden McDaniels,MIN,Minnesota Timberwolves @ San Antonio Spurs,SAS,0,PRA,COMBO,17.5,1.33,2.67,OVER,1.33,24.195568084716797,6.695568084716797,6.695568084716797,38.26038905552455,6.1893,PRA,True,32.0500003814697,32.6050001144409,17.0,5.8,2.6,0,0,TRACKING_FALTANTE_TOTAL
Jaden McDaniels,1630183,Jaden McDaniels,MIN,Minnesota Timberwolves @ San Antonio Spurs,SAS,0,PRA,COMBO,20.5,1.6,1.99,OVER,1.6,24.195568084716797,3.695568084716797,3.695568084716797,18.027161388862424,6.1893,PRA,True,32.0500003814697,32.6050001144409,17.0,5.8,2.6,0,0,TRACKING_FALTANTE_TOTAL
Jaden McDaniels,1630183,Jaden McDaniels,MIN,Minnesota Timberwolves @ San Antonio Spurs,SAS,0,PRA,COMBO,21.5,1.77,1.9,OVER,1.77,24.195568084716797,2.695568084716797,2.695568084716797,12.537525975426963,6.1893,PRA,False,32.0500003814697,32.6050001144409,17.0,5.8,2.6,0,0,TRACKING_FALTANTE_TOTAL
Jaden McDaniels,1630183,Jaden McDaniels,MIN,Minnesota Timberwolves @ San Antonio Spurs,SAS,0,PRA,COMBO,18.5,1.42,2.37,OVER,1.42,24.195568084716797,5.695568084716797,5.695568084716797,30.786854511982686,6.1893,PRA,True,32.0500003814697,32.6050001144409,17.0,5.8,2.6,0,0,TRACKING_FALTANTE_TOTAL
Jaden McDaniels,1630183,Jaden McDaniels,MIN,Minnesota Timberwolves @ San Antonio Spurs,SAS,0,PRA,COMBO,19.5,1.53,2.13,OVER,1.53,24.195568084716797,4.695568084716797,4.695568084716797,24.079836331881012,6.1893,PRA,True,32.0500003814697,32.6050001144409,17.0,5.8,2.6,0,0,TRACKING_FALTANTE_TOTAL
Jaden McDaniels,1630183,Jaden McDaniels,MIN,Minnesota Timberwolves @ San Antonio Spurs,SAS,0,PRA,COMBO,22.5,1.88,1.69,OVER,1.88,24.195568084716797,1.6955680847167969,1.6955680847167969,7.535858154296875,6.1893,PRA,False,32.0500003814697,32.6050001144409,17.0,5.8,2.6,0,0,TRACKING_FALTANTE_TOTAL
Jaden McDaniels,1630183,Jaden McDaniels,MIN,Minnesota Timberwolves @ San Antonio Spurs,SAS,0,PRA,COMBO,23.5,2.06,1.56,OVER,2.06,24.195568084716797,0.6955680847167969,0.6955680847167969,2.959864190284242,6.1893,PRA,False,32.0500003814697,32.6050001144409,17.0,5.8,2.6,0,0,TRACKING_FALTANTE_TOTAL
Jaden McDaniels,1630183,Jaden McDaniels,MIN,Minnesota Timberwolves @ San Antonio Spurs,SAS,0,PRA,COMBO,24.5,2.2,1.49,UNDER,1.49,24.195568084716797,-0.3044319152832031,0.3044319152832031,1.2425792460538903,6.1893,PRA,False,32.0500003814697,32.6050001144409,17.0,5.8,2.6,0,0,TRACKING_FALTANTE_TOTAL
Jaden McDaniels,1630183,Jaden McDaniels,MIN,Minnesota Timberwolves @ San Antonio Spurs,SAS,0,PRA,COMBO,25.5,2.44,1.4,UNDER,1.4,24.195568084716797,-1.3044319152832031,1.3044319152832031,5.115419275620405,6.1893,PRA,False,32.0500003814697,32.6050001144409,17.0,5.8,2.6,0,0,TRACKING_FALTANTE_TOTAL
Jaden McDaniels,1630183,Jaden McDaniels,MIN,Minnesota Timberwolves @ San Antonio Spurs,SAS,0,PRA,COMBO,26.5,2.69,1.33,UNDER,1.33,24.195568084716797,-2.304431915283203,2.304431915283203,8.69596949163473,6.1893,PRA,False,32.0500003814697,32.6050001144409,17.0,5.8,2.6,0,0,TRACKING_FALTANTE_TOTAL
Julian Champagnie,1630577,Julian Champagnie,SAS,Minnesota Timberwolves @ San Antonio Spurs,MIN,1,PA,COMBO,11.5,2.14,1.52,OVER,2.14,12.169459342956543,0.669459342956543,0.669459342956543,5.82138559092646,5.2838,PA,False,27.9966667175293,27.5383331298828,13.0,5.2,1.2,0,0,TRACKING_FALTANTE_TOTAL
Julian Champagnie,1630577,Julian Champagnie,SAS,Minnesota Timberwolves @ San Antonio Spurs,MIN,1,PA,COMBO,9.5,1.76,1.92,OVER,1.76,12.169459342956543,2.669459342956543,2.669459342956543,28.099572031121507,5.2838,PA,True,27.9966667175293,27.5383331298828,13.0,5.2,1.2,0,0,TRACKING_FALTANTE_TOTAL
Julian Champagnie,1630577,Julian Champagnie,SAS,Minnesota Timberwolves @ San Antonio Spurs,MIN,1,PA,COMBO,8.5,1.57,2.04,OVER,1.57,12.169459342956543,3.669459342956543,3.669459342956543,43.170109917135804,5.2838,PA,True,27.9966667175293,27.5383331298828,13.0,5.2,1.2,0,0,TRACKING_FALTANTE_TOTAL
Julian Champagnie,1630577,Julian Champagnie,SAS,Minnesota Timberwolves @ San Antonio Spurs,MIN,1,PR,COMBO,14.5,1.93,1.65,OVER,1.93,16.846721649169922,2.346721649169922,2.346721649169922,16.184287235654633,5.7314,PR,False,27.9966667175293,27.5383331298828,13.0,5.2,1.2,0,0,TRACKING_FALTANTE_TOTAL
Julian Champagnie,1630577,Julian Champagnie,SAS,Minnesota Timberwolves @ San Antonio Spurs,MIN,1,PR,COMBO,13.5,1.78,1.9,OVER,1.78,16.846721649169922,3.346721649169922,3.346721649169922,24.790530734592014,5.7314,PR,True,27.9966667175293,27.5383331298828,13.0,5.2,1.2,0,0,TRACKING_FALTANTE_TOTAL
Julian Champagnie,1630577,Julian Champagnie,SAS,Minnesota Timberwolves @ San Antonio Spurs,MIN,1,PR,COMBO,12.5,1.57,2.06,OVER,1.57,16.846721649169922,4.346721649169922,4.346721649169922,34.773773193359375,5.7314,PR,True,27.9966667175293,27.5383331298828,13.0,5.2,1.2,0,0,TRACKING_FALTANTE_TOTAL
Julian Champagnie,1630577,Julian Champagnie,SAS,Minnesota Timberwolves @ San Antonio Spurs,MIN,1,PR,COMBO,15.5,2.11,1.54,OVER,2.11,16.846721649169922,1.3467216491699219,1.3467216491699219,8.688526768838207,5.7314,PR,False,27.9966667175293,27.5383331298828,13.0,5.2,1.2,0,0,TRACKING_FALTANTE_TOTAL
Julian Champagnie,1630577,Julian Champagnie,SAS,Minnesota Timberwolves @ San Antonio Spurs,MIN,1,RA,COMBO,5.5,1.51,2.16,OVER,1.51,6.9762797355651855,1.4762797355651855,1.4762797355651855,26.841449737548828,2.6976,RA,True,27.9966667175293,27.5383331298828,13.0,5.2,1.2,0,0,TRACKING_FALTANTE_TOTAL
Julian Champagnie,1630577,Julian Champagnie,SAS,Minnesota Timberwolves @ San Antonio Spurs,MIN,1,RA,COMBO,6.5,1.89,1.78,OVER,1.89,6.9762797355651855,0.47627973556518555,0.47627973556518555,7.3273805471567,2.6976,RA,False,27.9966667175293,27.5383331298828,13.0,5.2,1.2,0,0,TRACKING_FALTANTE_TOTAL
Julian Champagnie,1630577,Julian Champagnie,SAS,Minnesota Timberwolves @ San Antonio Spurs,MIN,1,PRA,COMBO,13.5,1.57,2.05,OVER,1.57,17.55984115600586,4.059841156005859,4.059841156005859,30.07289745189525,6.1893,PRA,True,27.9966667175293,27.5383331298828,13.0,5.2,1.2,0,0,TRACKING_FALTANTE_TOTAL
Julian Champagnie,1630577,Julian Champagnie,SAS,Minnesota Timberwolves @ San Antonio Spurs,MIN,1,PRA,COMBO,15.5,1.92,1.75,OVER,1.92,17.55984115600586,2.0598411560058594,2.0598411560058594,13.289297780682963,6.1893,PRA,False,27.9966667175293,27.5383331298828,13.0,5.2,1.2,0,0,TRACKING_FALTANTE_TOTAL
Julian Champagnie,1630577,Julian Champagnie,SAS,Minnesota Timberwolves @ San Antonio Spurs,MIN,1,PRA,COMBO,14.5,1.67,1.9,OVER,1.67,17.55984115600586,3.0598411560058594,3.0598411560058594,21.102352800040407,6.1893,PRA,False,27.9966667175293,27.5383331298828,13.0,5.2,1.2,0,0,TRACKING_FALTANTE_TOTAL
Julian Champagnie,1630577,Julian Champagnie,SAS,Minnesota Timberwolves @ San Antonio Spurs,MIN,1,PRA,COMBO,11.5,1.31,2.77,OVER,1.31,17.55984115600586,6.059841156005859,6.059841156005859,52.69427092179008,6.1893,PRA,True,27.9966667175293,27.5383331298828,13.0,5.2,1.2,0,0,TRACKING_FALTANTE_TOTAL
Julian Champagnie,1630577,Julian Champagnie,SAS,Minnesota Timberwolves @ San Antonio Spurs,MIN,1,PRA,COMBO,12.5,1.42,2.37,OVER,1.42,17.55984115600586,5.059841156005859,5.059841156005859,40.478729248046875,6.1893,PRA,True,27.9966667175293,27.5383331298828,13.0,5.2,1.2,0,0,TRACKING_FALTANTE_TOTAL
Julian Champagnie,1630577,Julian Champagnie,SAS,Minnesota Timberwolves @ San Antonio Spurs,MIN,1,PRA,COMBO,16.5,2.07,1.56,OVER,2.07,17.55984115600586,1.0598411560058594,1.0598411560058594,6.423279733368845,6.1893,PRA,False,27.9966667175293,27.5383331298828,13.0,5.2,1.2,0,0,TRACKING_FALTANTE_TOTAL
Julian Champagnie,1630577,Julian Champagnie,SAS,Minnesota Timberwolves @ San Antonio Spurs,MIN,1,PRA,COMBO,17.5,2.28,1.46,OVER,2.28,17.55984115600586,0.059841156005859375,0.059841156005859375,0.341949462890625,6.1893,PRA,False,27.9966667175293,27.5383331298828,13.0,5.2,1.2,0,0,TRACKING_FALTANTE_TOTAL
Julian Champagnie,1630577,Julian Champagnie,SAS,Minnesota Timberwolves @ San Antonio Spurs,MIN,1,PRA,COMBO,18.5,2.55,1.36,UNDER,1.36,17.55984115600586,-0.9401588439941406,0.9401588439941406,5.081939697265625,6.1893,PRA,False,27.9966667175293,27.5383331298828,13.0,5.2,1.2,0,0,TRACKING_FALTANTE_TOTAL
Julian Champagnie,1630577,Julian Champagnie,SAS,Minnesota Timberwolves @ San Antonio Spurs,MIN,1,PTS,SINGLE,6.5,1.46,2.27,OVER,1.46,11.051839828491211,4.551839828491211,4.551839828491211,70.02830505371094,4.8341,PTS,True,27.9966667175293,27.5383331298828,13.0,5.2,1.2,0,0,TRACKING_FALTANTE_TOTAL
Julian Champagnie,1630577,Julian Champagnie,SAS,Minnesota Timberwolves @ San Antonio Spurs,MIN,1,PTS,SINGLE,11.5,2.68,1.33,UNDER,1.33,11.051839828491211,-0.44816017150878906,0.44816017150878906,3.8970449696416445,4.8341,PTS,False,27.9966667175293,27.5383331298828,13.0,5.2,1.2,0,0,TRACKING_FALTANTE_TOTAL
Julian Champagnie,1630577,Julian Champagnie,SAS,Minnesota Timberwolves @ San Antonio Spurs,MIN,1,PTS,SINGLE,7.5,1.57,2.06,OVER,1.57,11.051839828491211,3.551839828491211,3.551839828491211,47.35786437988281,4.8341,PTS,True,27.9966667175293,27.5383331298828,13.0,5.2,1.2,0,0,TRACKING_FALTANTE_TOTAL
Julian Champagnie,1630577,Julian Champagnie,SAS,Minnesota Timberwolves @ San Antonio Spurs,MIN,1,PTS,SINGLE,10.5,2.28,1.46,OVER,2.28,11.051839828491211,0.5518398284912109,0.5518398284912109,5.255617414202009,4.8341,PTS,False,27.9966667175293,27.5383331298828,13.0,5.2,1.2,0,0,TRACKING_FALTANTE_TOTAL
Julian Champagnie,1630577,Julian Champagnie,SAS,Minnesota Timberwolves @ San Antonio Spurs,MIN,1,PTS,SINGLE,5.5,1.31,2.78,OVER,1.31,11.051839828491211,5.551839828491211,5.551839828491211,100.94254233620383,4.8341,PTS,True,27.9966667175293,27.5383331298828,13.0,5.2,1.2,0,0,TRACKING_FALTANTE_TOTAL
Julian Champagnie,1630577,Julian Champagnie,SAS,Minnesota Timberwolves @ San Antonio Spurs,MIN,1,PTS,SINGLE,8.5,1.86,1.81,OVER,1.86,11.051839828491211,2.551839828491211,2.551839828491211,30.021645041073068,4.8341,PTS,True,27.9966667175293,27.5383331298828,13.0,5.2,1.2,0,0,TRACKING_FALTANTE_TOTAL
Julian Champagnie,1630577,Julian Champagnie,SAS,Minnesota Timberwolves @ San Antonio Spurs,MIN,1,PTS,SINGLE,9.5,2.05,1.57,OVER,2.05,11.051839828491211,1.551839828491211,1.551839828491211,16.33515608938117,4.8341,PTS,False,27.9966667175293,27.5383331298828,13.0,5.2,1.2,0,0,TRACKING_FALTANTE_TOTAL
Julian Champagnie,1630577,Julian Champagnie,SAS,Minnesota Timberwolves @ San Antonio Spurs,MIN,1,AST,SINGLE,0.5,1.3,2.8,OVER,1.3,1.5921298265457153,1.0921298265457153,1.0921298265457153,218.42596530914307,1.4546,AST_FALLBACK,True,27.9966667175293,27.5383331298828,13.0,5.2,1.2,0,0,TRACKING_FALTANTE_TOTAL
Julian Champagnie,1630577,Julian Champagnie,SAS,Minnesota Timberwolves @ San Antonio Spurs,MIN,1,AST,SINGLE,1.5,2.3,1.52,OVER,2.3,1.5921298265457153,0.09212982654571533,0.09212982654571533,6.1419884363810215,1.4546,AST_FALLBACK,False,27.9966667175293,27.5383331298828,13.0,5.2,1.2,0,0,TRACKING_FALTANTE_TOTAL
Julian Champagnie,1630577,Julian Champagnie,SAS,Minnesota Timberwolves @ San Antonio Spurs,MIN,1,3PT,SINGLE,1.5,1.72,1.96,OVER,1.72,2.0920393466949463,0.5920393466949463,0.5920393466949463,39.469289779663086,0.9642,3PT,True,27.9966667175293,27.5383331298828,13.0,5.2,1.2,0,0,TRACKING_FALTANTE_TOTAL
Julian Champagnie,1630577,Julian Champagnie,SAS,Minnesota Timberwolves @ San Antonio Spurs,MIN,1,3PT,SINGLE,2.5,2.8,1.3,UNDER,1.3,2.0920393466949463,-0.4079606533050537,0.4079606533050537,16.31842613220215,0.9642,3PT,False,27.9966667175293,27.5383331298828,13.0,5.2,1.2,0,0,TRACKING_FALTANTE_TOTAL
Julian Champagnie,1630577,Julian Champagnie,SAS,Minnesota Timberwolves @ San Antonio Spurs,MIN,1,Q1_PTS,Q1,0.5,1.55,2.09,OVER,1.55,2.957139015197754,2.457139015197754,2.457139015197754,491.4278030395508,2.087,Q1_PTS,True,27.9966667175293,27.5383331298828,13.0,5.2,1.2,0,0,TRACKING_FALTANTE_TOTAL
Julian Champagnie,1630577,Julian Champagnie,SAS,Minnesota Timberwolves @ San Antonio Spurs,MIN,1,Q1_PTS,Q1,1.5,1.53,2.11,OVER,1.53,2.957139015197754,1.457139015197754,1.457139015197754,97.1426010131836,2.087,Q1_PTS,True,27.9966667175293,27.5383331298828,13.0,5.2,1.2,0,0,TRACKING_FALTANTE_TOTAL
Julian Champagnie,1630577,Julian Champagnie,SAS,Minnesota Timberwolves @ San Antonio Spurs,MIN,1,Q1_PTS,Q1,2.5,1.99,1.7,OVER,1.99,2.957139015197754,0.4571390151977539,0.4571390151977539,18.285560607910156,2.087,Q1_PTS,False,27.9966667175293,27.5383331298828,13.0,5.2,1.2,0,0,TRACKING_FALTANTE_TOTAL
Julian Champagnie,1630577,Julian Champagnie,SAS,Minnesota Timberwolves @ San Antonio Spurs,MIN,1,Q1_REB,Q1,1.5,2.3,1.53,UNDER,1.53,1.4285534620285034,-0.07144653797149658,0.07144653797149658,4.7631025314331055,0.9236,Q1_REB,False,27.9966667175293,27.5383331298828,13.0,5.2,1.2,0,0,TRACKING_FALTANTE_TOTAL
Julian Champagnie,1630577,Julian Champagnie,SAS,Minnesota Timberwolves @ San Antonio Spurs,MIN,1,FTM,SINGLE,0.5,1.83,1.84,OVER,1.83,1.3346575498580933,0.8346575498580933,0.8346575498580933,166.93150997161865,1.4962,FTM,True,27.9966667175293,27.5383331298828,13.0,5.2,1.2,0,0,TRACKING_FALTANTE_TOTAL
Julian Champagnie,1630577,Julian Champagnie,SAS,Minnesota Timberwolves @ San Antonio Spurs,MIN,1,FTA,SINGLE,0.5,1.77,1.9,OVER,1.77,1.6462714672088623,1.1462714672088623,1.1462714672088623,229.25429344177246,1.8012,FTA,True,27.9966667175293,27.5383331298828,13.0,5.2,1.2,0,0,TRACKING_FALTANTE_TOTAL
Julian Champagnie,1630577,Julian Champagnie,SAS,Minnesota Timberwolves @ San Antonio Spurs,MIN,1,FGM,SINGLE,2.5,1.63,2.1,OVER,1.63,4.016038417816162,1.516038417816162,1.516038417816162,60.641536712646484,1.8635,FGM,True,27.9966667175293,27.5383331298828,13.0,5.2,1.2,0,0,TRACKING_FALTANTE_TOTAL
Julian Champagnie,1630577,Julian Champagnie,SAS,Minnesota Timberwolves @ San Antonio Spurs,MIN,1,FGA,SINGLE,6.5,1.64,2.08,OVER,1.64,7.800036907196045,1.300036907196045,1.300036907196045,20.000567803016075,2.8767,FGA,False,27.9966667175293,27.5383331298828,13.0,5.2,1.2,0,0,TRACKING_FALTANTE_TOTAL
Julian Champagnie,1630577,Julian Champagnie,SAS,Minnesota Timberwolves @ San Antonio Spurs,MIN,1,FG3A,SINGLE,4.5,1.7,1.99,OVER,1.7,5.564117431640625,1.064117431640625,1.064117431640625,23.647054036458336,1.5883,FG3A,True,27.9966667175293,27.5383331298828,13.0,5.2,1.2,0,0,TRACKING_FALTANTE_TOTAL
Julian Champagnie,1630577,Julian Champagnie,SAS,Minnesota Timberwolves @ San Antonio Spurs,MIN,1,REB,SINGLE,6.5,2.67,1.33,UNDER,1.33,5.210671424865723,-1.2893285751342773,1.2893285751342773,19.835824232835037,1.9667,REB,True,27.9966667175293,27.5383331298828,13.0,5.2,1.2,0,0,TRACKING_FALTANTE_TOTAL
Julian Champagnie,1630577,Julian Champagnie,SAS,Minnesota Timberwolves @ San Antonio Spurs,MIN,1,REB,SINGLE,4.5,1.56,2.07,OVER,1.56,5.210671424865723,0.7106714248657227,0.7106714248657227,15.792698330349392,1.9667,REB,False,27.9966667175293,27.5383331298828,13.0,5.2,1.2,0,0,TRACKING_FALTANTE_TOTAL
Julian Champagnie,1630577,Julian Champagnie,SAS,Minnesota Timberwolves @ San Antonio Spurs,MIN,1,REB,SINGLE,5.5,2.11,1.62,UNDER,1.62,5.210671424865723,-0.28932857513427734,0.28932857513427734,5.260519547895952,1.9667,REB,False,27.9966667175293,27.5383331298828,13.0,5.2,1.2,0,0,TRACKING_FALTANTE_TOTAL
Julian Champagnie,1630577,Julian Champagnie,SAS,Minnesota Timberwolves @ San Antonio Spurs,MIN,1,PA,COMBO,10.5,1.93,1.65,OVER,1.93,12.169459342956543,1.669459342956543,1.669459342956543,15.899612790062315,5.2838,PA,False,27.9966667175293,27.5383331298828,13.0,5.2,1.2,0,0,TRACKING_FALTANTE_TOTAL
Cade Cunningham,1630595,Cade Cunningham,DET,Detroit Pistons @ Cleveland Cavaliers,CLE,0,PRA,COMBO,46.5,2.15,1.52,UNDER,1.52,35.88189697265625,-10.61810302734375,10.61810302734375,22.834630166330644,6.1893,PRA,True,41.1600006103516,37.4900003433228,31.4,5.4,6.6,0,0,POTENTIAL_AST_FALTANTE
Cade Cunningham,1630595,Cade Cunningham,DET,Detroit Pistons @ Cleveland Cavaliers,CLE,0,PRA,COMBO,47.5,2.33,1.44,UNDER,1.44,35.88189697265625,-11.61810302734375,11.61810302734375,24.459164268092103,6.1893,PRA,True,41.1600006103516,37.4900003433228,31.4,5.4,6.6,0,0,POTENTIAL_AST_FALTANTE
Cade Cunningham,1630595,Cade Cunningham,DET,Detroit Pistons @ Cleveland Cavaliers,CLE,0,PRA,COMBO,38.5,1.34,2.65,UNDER,2.65,35.88189697265625,-2.61810302734375,2.61810302734375,6.800267603490259,6.1893,PRA,False,41.1600006103516,37.4900003433228,31.4,5.4,6.6,0,0,POTENTIAL_AST_FALTANTE
Cade Cunningham,1630595,Cade Cunningham,DET,Detroit Pistons @ Cleveland Cavaliers,CLE,0,PRA,COMBO,42.5,1.65,1.92,UNDER,1.92,35.88189697265625,-6.61810302734375,6.61810302734375,15.572007123161766,6.1893,PRA,True,41.1600006103516,37.4900003433228,31.4,5.4,6.6,0,0,POTENTIAL_AST_FALTANTE
Cade Cunningham,1630595,Cade Cunningham,DET,Detroit Pistons @ Cleveland Cavaliers,CLE,0,PRA,COMBO,43.5,1.82,1.85,UNDER,1.85,35.88189697265625,-7.61810302734375,7.61810302734375,17.51288052262931,6.1893,PRA,True,41.1600006103516,37.4900003433228,31.4,5.4,6.6,0,0,POTENTIAL_AST_FALTANTE
Cade Cunningham,1630595,Cade Cunningham,DET,Detroit Pistons @ Cleveland Cavaliers,CLE,0,PRA,COMBO,40.5,1.5,2.19,UNDER,2.19,35.88189697265625,-4.61810302734375,4.61810302734375,11.402723524305555,6.1893,PRA,True,41.1600006103516,37.4900003433228,31.4,5.4,6.6,0,0,POTENTIAL_AST_FALTANTE
Cade Cunningham,1630595,Cade Cunningham,DET,Detroit Pistons @ Cleveland Cavaliers,CLE,0,PRA,COMBO,41.5,1.55,2.08,UNDER,2.08,35.88189697265625,-5.61810302734375,5.61810302734375,13.53759765625,6.1893,PRA,True,41.1600006103516,37.4900003433228,31.4,5.4,6.6,0,0,POTENTIAL_AST_FALTANTE
Cade Cunningham,1630595,Cade Cunningham,DET,Detroit Pistons @ Cleveland Cavaliers,CLE,0,PRA,COMBO,39.5,1.41,2.39,UNDER,2.39,35.88189697265625,-3.61810302734375,3.61810302734375,9.15975449960443,6.1893,PRA,True,41.1600006103516,37.4900003433228,31.4,5.4,6.6,0,0,POTENTIAL_AST_FALTANTE
Cade Cunningham,1630595,Cade Cunningham,DET,Detroit Pistons @ Cleveland Cavaliers,CLE,0,PRA,COMBO,48.5,2.56,1.36,UNDER,1.36,35.88189697265625,-12.61810302734375,12.61810302734375,26.016707272873713,6.1893,PRA,True,41.1600006103516,37.4900003433228,31.4,5.4,6.6,0,0,POTENTIAL_AST_FALTANTE
Cade Cunningham,1630595,Cade Cunningham,DET,Detroit Pistons @ Cleveland Cavaliers,CLE,0,PTS,SINGLE,23.5,1.32,2.71,OVER,1.32,24.101520538330078,0.6015205383300781,0.6015205383300781,2.559661865234375,4.8341,PTS,False,41.1600006103516,37.4900003433228,31.4,5.4,6.6,0,0,POTENTIAL_AST_FALTANTE
Cade Cunningham,1630595,Cade Cunningham,DET,Detroit Pistons @ Cleveland Cavaliers,CLE,0,PTS,SINGLE,24.5,1.4,2.44,UNDER,2.44,24.101520538330078,-0.3984794616699219,0.3984794616699219,1.6264467823262116,4.8341,PTS,False,41.1600006103516,37.4900003433228,31.4,5.4,6.6,0,0,POTENTIAL_AST_FALTANTE
Cade Cunningham,1630595,Cade Cunningham,DET,Detroit Pistons @ Cleveland Cavaliers,CLE,0,PTS,SINGLE,25.5,1.5,2.18,UNDER,2.18,24.101520538330078,-1.3984794616699219,1.3984794616699219,5.484233183019302,4.8341,PTS,False,41.1600006103516,37.4900003433228,31.4,5.4,6.6,0,0,POTENTIAL_AST_FALTANTE
Cade Cunningham,1630595,Cade Cunningham,DET,Detroit Pistons @ Cleveland Cavaliers,CLE,0,PTS,SINGLE,29.5,1.99,1.61,UNDER,1.61,24.101520538330078,-5.398479461669922,5.398479461669922,18.299930378542108,4.8341,PTS,True,41.1600006103516,37.4900003433228,31.4,5.4,6.6,0,0,POTENTIAL_AST_FALTANTE
Cade Cunningham,1630595,Cade Cunningham,DET,Detroit Pistons @ Cleveland Cavaliers,CLE,0,PTS,SINGLE,30.5,2.1,1.54,UNDER,1.54,24.101520538330078,-6.398479461669922,6.398479461669922,20.97862118580302,4.8341,PTS,True,41.1600006103516,37.4900003433228,31.4,5.4,6.6,0,0,POTENTIAL_AST_FALTANTE
Cade Cunningham,1630595,Cade Cunningham,DET,Detroit Pistons @ Cleveland Cavaliers,CLE,0,PTS,SINGLE,31.5,2.28,1.46,UNDER,1.46,24.101520538330078,-7.398479461669922,7.398479461669922,23.48723638625372,4.8341,PTS,True,41.1600006103516,37.4900003433228,31.4,5.4,6.6,0,0,POTENTIAL_AST_FALTANTE
Cade Cunningham,1630595,Cade Cunningham,DET,Detroit Pistons @ Cleveland Cavaliers,CLE,0,PTS,SINGLE,33.5,2.84,1.29,UNDER,1.29,24.101520538330078,-9.398479461669922,9.398479461669922,28.055162572149023,4.8341,PTS,True,41.1600006103516,37.4900003433228,31.4,5.4,6.6,0,0,POTENTIAL_AST_FALTANTE
Cade Cunningham,1630595,Cade Cunningham,DET,Detroit Pistons @ Cleveland Cavaliers,CLE,0,PTS,SINGLE,28.5,1.9,1.77,UNDER,1.77,24.101520538330078,-4.398479461669922,4.398479461669922,15.43326126901727,4.8341,PTS,True,41.1600006103516,37.4900003433228,31.4,5.4,6.6,0,0,POTENTIAL_AST_FALTANTE
Cade Cunningham,1630595,Cade Cunningham,DET,Detroit Pistons @ Cleveland Cavaliers,CLE,0,PTS,SINGLE,26.5,1.58,2.04,UNDER,2.04,24.101520538330078,-2.398479461669922,2.398479461669922,9.050865893094045,4.8341,PTS,False,41.1600006103516,37.4900003433228,31.4,5.4,6.6,0,0,POTENTIAL_AST_FALTANTE
Cade Cunningham,1630595,Cade Cunningham,DET,Detroit Pistons @ Cleveland Cavaliers,CLE,0,PTS,SINGLE,27.5,1.7,1.87,UNDER,1.87,24.101520538330078,-3.398479461669922,3.398479461669922,12.358107133345172,4.8341,PTS,True,41.1600006103516,37.4900003433228,31.4,5.4,6.6,0,0,POTENTIAL_AST_FALTANTE
Cade Cunningham,1630595,Cade Cunningham,DET,Detroit Pistons @ Cleveland Cavaliers,CLE,0,PTS,SINGLE,32.5,2.54,1.37,UNDER,1.37,24.101520538330078,-8.398479461669922,8.398479461669922,25.84147526667668,4.8341,PTS,True,41.1600006103516,37.4900003433228,31.4,5.4,6.6,0,0,POTENTIAL_AST_FALTANTE
Cade Cunningham,1630595,Cade Cunningham,DET,Detroit Pistons @ Cleveland Cavaliers,CLE,0,AST,SINGLE,9.5,1.78,1.89,UNDER,1.89,8.62109375,-0.87890625,0.87890625,9.251644736842106,1.4546,AST_FALLBACK,True,41.1600006103516,37.4900003433228,31.4,5.4,6.6,0,0,POTENTIAL_AST_FALTANTE
Cade Cunningham,1630595,Cade Cunningham,DET,Detroit Pistons @ Cleveland Cavaliers,CLE,0,AST,SINGLE,8.5,1.47,2.24,OVER,1.47,8.62109375,0.12109375,0.12109375,1.4246323529411764,1.4546,AST_FALLBACK,False,41.1600006103516,37.4900003433228,31.4,5.4,6.6,0,0,POTENTIAL_AST_FALTANTE
Cade Cunningham,1630595,Cade Cunningham,DET,Detroit Pistons @ Cleveland Cavaliers,CLE,0,AST,SINGLE,11.5,2.71,1.32,UNDER,1.32,8.62109375,-2.87890625,2.87890625,25.033967391304344,1.4546,AST_FALLBACK,True,41.1600006103516,37.4900003433228,31.4,5.4,6.6,0,0,POTENTIAL_AST_FALTANTE
Cade Cunningham,1630595,Cade Cunningham,DET,Detroit Pistons @ Cleveland Cavaliers,CLE,0,AST,SINGLE,10.5,2.07,1.56,UNDER,1.56,8.62109375,-1.87890625,1.87890625,17.894345238095237,1.4546,AST_FALLBACK,True,41.1600006103516,37.4900003433228,31.4,5.4,6.6,0,0,POTENTIAL_AST_FALTANTE
Cade Cunningham,1630595,Cade Cunningham,DET,Detroit Pistons @ Cleveland Cavaliers,CLE,0,3PT,SINGLE,1.5,1.42,2.37,OVER,1.42,2.070246696472168,0.570246696472168,0.570246696472168,38.01644643147786,0.9642,3PT,True,41.1600006103516,37.4900003433228,31.4,5.4,6.6,0,0,POTENTIAL_AST_FALTANTE
Cade Cunningham,1630595,Cade Cunningham,DET,Detroit Pistons @ Cleveland Cavaliers,CLE,0,3PT,SINGLE,2.5,2.2,1.57,UNDER,1.57,2.070246696472168,-0.42975330352783203,0.42975330352783203,17.19013214111328,0.9642,3PT,False,41.1600006103516,37.4900003433228,31.4,5.4,6.6,0,0,POTENTIAL_AST_FALTANTE
Cade Cunningham,1630595,Cade Cunningham,DET,Detroit Pistons @ Cleveland Cavaliers,CLE,0,Q1_PTS,Q1,6.5,1.88,1.8,UNDER,1.8,5.225576877593994,-1.2744231224060059,1.2744231224060059,19.606509575477013,2.087,Q1_PTS,True,41.1600006103516,37.4900003433228,31.4,5.4,6.6,0,0,POTENTIAL_AST_FALTANTE
Cade Cunningham,1630595,Cade Cunningham,DET,Detroit Pistons @ Cleveland Cavaliers,CLE,0,Q1_PTS,Q1,7.5,2.1,1.54,UNDER,1.54,5.225576877593994,-2.274423122406006,2.274423122406006,30.32564163208008,2.087,Q1_PTS,True,41.1600006103516,37.4900003433228,31.4,5.4,6.6,0,0,POTENTIAL_AST_FALTANTE
Cade Cunningham,1630595,Cade Cunningham,DET,Detroit Pistons @ Cleveland Cavaliers,CLE,0,Q1_PTS,Q1,5.5,1.54,2.11,UNDER,2.11,5.225576877593994,-0.27442312240600586,0.27442312240600586,4.989511316472834,2.087,Q1_PTS,False,41.1600006103516,37.4900003433228,31.4,5.4,6.6,0,0,POTENTIAL_AST_FALTANTE
Cade Cunningham,1630595,Cade Cunningham,DET,Detroit Pistons @ Cleveland Cavaliers,CLE,0,Q1_AST,Q1,2.5,1.94,1.74,UNDER,1.74,2.3045103549957275,-0.19548964500427246,0.19548964500427246,7.819585800170898,0.7063,Q1_AST,False,41.1600006103516,37.4900003433228,31.4,5.4,6.6,0,0,POTENTIAL_AST_FALTANTE
Cade Cunningham,1630595,Cade Cunningham,DET,Detroit Pistons @ Cleveland Cavaliers,CLE,0,Q1_REB,Q1,1.5,2.21,1.57,UNDER,1.57,1.3503999710083008,-0.14960002899169922,0.14960002899169922,9.973335266113281,0.9236,Q1_REB,False,41.1600006103516,37.4900003433228,31.4,5.4,6.6,0,0,POTENTIAL_AST_FALTANTE
Cade Cunningham,1630595,Cade Cunningham,DET,Detroit Pistons @ Cleveland Cavaliers,CLE,0,FTM,SINGLE,7.5,1.91,1.76,UNDER,1.76,4.891386985778809,-2.6086130142211914,2.6086130142211914,34.781506856282554,1.4962,FTM,True,41.1600006103516,37.4900003433228,31.4,5.4,6.6,0,0,POTENTIAL_AST_FALTANTE
Cade Cunningham,1630595,Cade Cunningham,DET,Detroit Pistons @ Cleveland Cavaliers,CLE,0,FTA,SINGLE,9.5,1.98,1.71,UNDER,1.71,6.081730365753174,-3.418269634246826,3.418269634246826,35.9817856236508,1.8012,FTA,True,41.1600006103516,37.4900003433228,31.4,5.4,6.6,0,0,POTENTIAL_AST_FALTANTE
Cade Cunningham,1630595,Cade Cunningham,DET,Detroit Pistons @ Cleveland Cavaliers,CLE,0,FTA,SINGLE,8.5,1.65,1.93,UNDER,1.93,6.081730365753174,-2.418269634246826,2.418269634246826,28.45023099113913,1.8012,FTA,True,41.1600006103516,37.4900003433228,31.4,5.4,6.6,0,0,POTENTIAL_AST_FALTANTE
Cade Cunningham,1630595,Cade Cunningham,DET,Detroit Pistons @ Cleveland Cavaliers,CLE,0,FGM,SINGLE,9.5,2.02,1.68,UNDER,1.68,8.49100112915039,-1.0089988708496094,1.0089988708496094,10.621040745785363,1.8635,FGM,True,41.1600006103516,37.4900003433228,31.4,5.4,6.6,0,0,POTENTIAL_AST_FALTANTE
Cade Cunningham,1630595,Cade Cunningham,DET,Detroit Pistons @ Cleveland Cavaliers,CLE,0,FGA,SINGLE,20.5,1.64,1.95,UNDER,1.95,18.967172622680664,-1.532827377319336,1.532827377319336,7.4772067186309075,2.8767,FGA,True,41.1600006103516,37.4900003433228,31.4,5.4,6.6,0,0,POTENTIAL_AST_FALTANTE
Cade Cunningham,1630595,Cade Cunningham,DET,Detroit Pistons @ Cleveland Cavaliers,CLE,0,FGA,SINGLE,21.5,1.91,1.76,UNDER,1.76,18.967172622680664,-2.532827377319336,2.532827377319336,11.780592452648074,2.8767,FGA,True,41.1600006103516,37.4900003433228,31.4,5.4,6.6,0,0,POTENTIAL_AST_FALTANTE
Cade Cunningham,1630595,Cade Cunningham,DET,Detroit Pistons @ Cleveland Cavaliers,CLE,0,FG3A,SINGLE,6.5,1.84,1.83,OVER,1.84,6.528729438781738,0.02872943878173828,0.02872943878173828,0.44199136587289667,1.5883,FG3A,False,41.1600006103516,37.4900003433228,31.4,5.4,6.6,0,0,POTENTIAL_AST_FALTANTE
Cade Cunningham,1630595,Cade Cunningham,DET,Detroit Pistons @ Cleveland Cavaliers,CLE,0,REB,SINGLE,4.5,1.55,2.09,OVER,1.55,5.355668067932129,0.8556680679321289,0.8556680679321289,19.01484595404731,1.9667,REB,False,41.1600006103516,37.4900003433228,31.4,5.4,6.6,0,0,POTENTIAL_AST_FALTANTE
Cade Cunningham,1630595,Cade Cunningham,DET,Detroit Pistons @ Cleveland Cavaliers,CLE,0,REB,SINGLE,6.5,2.6,1.35,UNDER,1.35,5.355668067932129,-1.144331932067871,1.144331932067871,17.605106647198017,1.9667,REB,True,41.1600006103516,37.4900003433228,31.4,5.4,6.6,0,0,POTENTIAL_AST_FALTANTE
Cade Cunningham,1630595,Cade Cunningham,DET,Detroit Pistons @ Cleveland Cavaliers,CLE,0,REB,SINGLE,5.5,2.04,1.67,UNDER,1.67,5.355668067932129,-0.1443319320678711,0.1443319320678711,2.6242169466885654,1.9667,REB,False,41.1600006103516,37.4900003433228,31.4,5.4,6.6,0,0,POTENTIAL_AST_FALTANTE
Cade Cunningham,1630595,Cade Cunningham,DET,Detroit Pistons @ Cleveland Cavaliers,CLE,0,PA,COMBO,40.5,2.08,1.55,UNDER,1.55,32.01467514038086,-8.48532485961914,8.48532485961914,20.951419406467014,5.2838,PA,True,41.1600006103516,37.4900003433228,31.4,5.4,6.6,0,0,POTENTIAL_AST_FALTANTE
Cade Cunningham,1630595,Cade Cunningham,DET,Detroit Pistons @ Cleveland Cavaliers,CLE,0,PA,COMBO,37.5,1.69,1.87,UNDER,1.87,32.01467514038086,-5.485324859619141,5.485324859619141,14.627532958984373,5.2838,PA,True,41.1600006103516,37.4900003433228,31.4,5.4,6.6,0,0,POTENTIAL_AST_FALTANTE
Cade Cunningham,1630595,Cade Cunningham,DET,Detroit Pistons @ Cleveland Cavaliers,CLE,0,PA,COMBO,35.5,1.52,2.14,UNDER,2.14,32.01467514038086,-3.4853248596191406,3.4853248596191406,9.817816505969411,5.2838,PA,True,41.1600006103516,37.4900003433228,31.4,5.4,6.6,0,0,POTENTIAL_AST_FALTANTE
Cade Cunningham,1630595,Cade Cunningham,DET,Detroit Pistons @ Cleveland Cavaliers,CLE,0,PA,COMBO,36.5,1.58,2.03,UNDER,2.03,32.01467514038086,-4.485324859619141,4.485324859619141,12.288561259230523,5.2838,PA,True,41.1600006103516,37.4900003433228,31.4,5.4,6.6,0,0,POTENTIAL_AST_FALTANTE
Cade Cunningham,1630595,Cade Cunningham,DET,Detroit Pistons @ Cleveland Cavaliers,CLE,0,PA,COMBO,39.5,1.99,1.61,UNDER,1.61,32.01467514038086,-7.485324859619141,7.485324859619141,18.95018951802314,5.2838,PA,True,41.1600006103516,37.4900003433228,31.4,5.4,6.6,0,0,POTENTIAL_AST_FALTANTE
Cade Cunningham,1630595,Cade Cunningham,DET,Detroit Pistons @ Cleveland Cavaliers,CLE,0,PA,COMBO,38.5,1.9,1.78,UNDER,1.78,32.01467514038086,-6.485324859619141,6.485324859619141,16.844999635374393,5.2838,PA,True,41.1600006103516,37.4900003433228,31.4,5.4,6.6,0,0,POTENTIAL_AST_FALTANTE
Cade Cunningham,1630595,Cade Cunningham,DET,Detroit Pistons @ Cleveland Cavaliers,CLE,0,PR,COMBO,31.5,1.53,2.11,UNDER,2.11,30.499221801757812,-1.0007781982421875,1.0007781982421875,3.1770736452132935,5.7314,PR,False,41.1600006103516,37.4900003433228,31.4,5.4,6.6,0,0,POTENTIAL_AST_FALTANTE
Cade Cunningham,1630595,Cade Cunningham,DET,Detroit Pistons @ Cleveland Cavaliers,CLE,0,PR,COMBO,35.5,2.06,1.57,UNDER,1.57,30.499221801757812,-5.0007781982421875,5.0007781982421875,14.086699149977994,5.7314,PR,True,41.1600006103516,37.4900003433228,31.4,5.4,6.6,0,0,POTENTIAL_AST_FALTANTE
Cade Cunningham,1630595,Cade Cunningham,DET,Detroit Pistons @ Cleveland Cavaliers,CLE,0,PR,COMBO,33.5,1.83,1.84,UNDER,1.84,30.499221801757812,-3.0007781982421875,3.0007781982421875,8.957546860424442,5.7314,PR,True,41.1600006103516,37.4900003433228,31.4,5.4,6.6,0,0,POTENTIAL_AST_FALTANTE
Cade Cunningham,1630595,Cade Cunningham,DET,Detroit Pistons @ Cleveland Cavaliers,CLE,0,PR,COMBO,32.5,1.66,1.91,UNDER,1.91,30.499221801757812,-2.0007781982421875,2.0007781982421875,6.156240609975962,5.7314,PR,False,41.1600006103516,37.4900003433228,31.4,5.4,6.6,0,0,POTENTIAL_AST_FALTANTE
Cade Cunningham,1630595,Cade Cunningham,DET,Detroit Pistons @ Cleveland Cavaliers,CLE,0,PR,COMBO,34.5,1.9,1.67,UNDER,1.67,30.499221801757812,-4.0007781982421875,4.0007781982421875,11.59645854562953,5.7314,PR,True,41.1600006103516,37.4900003433228,31.4,5.4,6.6,0,0,POTENTIAL_AST_FALTANTE
Cade Cunningham,1630595,Cade Cunningham,DET,Detroit Pistons @ Cleveland Cavaliers,CLE,0,PR,COMBO,36.5,2.17,1.5,UNDER,1.5,30.499221801757812,-6.0007781982421875,6.0007781982421875,16.44048821436216,5.7314,PR,True,41.1600006103516,37.4900003433228,31.4,5.4,6.6,0,0,POTENTIAL_AST_FALTANTE
Cade Cunningham,1630595,Cade Cunningham,DET,Detroit Pistons @ Cleveland Cavaliers,CLE,0,RA,COMBO,14.5,1.65,1.93,UNDER,1.93,12.132405281066895,-2.3675947189331055,2.3675947189331055,16.32823944091797,2.6976,RA,True,41.1600006103516,37.4900003433228,31.4,5.4,6.6,0,0,POTENTIAL_AST_FALTANTE
Cade Cunningham,1630595,Cade Cunningham,DET,Detroit Pistons @ Cleveland Cavaliers,CLE,0,RA,COMBO,15.5,2.02,1.68,UNDER,1.68,12.132405281066895,-3.3675947189331055,3.3675947189331055,21.726417541503906,2.6976,RA,True,41.1600006103516,37.4900003433228,31.4,5.4,6.6,0,0,POTENTIAL_AST_FALTANTE
Cade Cunningham,1630595,Cade Cunningham,DET,Detroit Pistons @ Cleveland Cavaliers,CLE,0,PRA,COMBO,45.5,2.06,1.57,UNDER,1.57,35.88189697265625,-9.61810302734375,9.61810302734375,21.138687972184066,6.1893,PRA,True,41.1600006103516,37.4900003433228,31.4,5.4,6.6,0,0,POTENTIAL_AST_FALTANTE
Cade Cunningham,1630595,Cade Cunningham,DET,Detroit Pistons @ Cleveland Cavaliers,CLE,0,PRA,COMBO,44.5,1.9,1.67,UNDER,1.67,35.88189697265625,-8.61810302734375,8.61810302734375,19.366523656952246,6.1893,PRA,True,41.1600006103516,37.4900003433228,31.4,5.4,6.6,0,0,POTENTIAL_AST_FALTANTE
Jalen Duren,1631105,Jalen Duren,DET,Detroit Pistons @ Cleveland Cavaliers,CLE,0,PA,COMBO,16.5,1.68,1.89,UNDER,1.89,14.41181755065918,-2.0881824493408203,2.0881824493408203,12.655651208126184,5.2838,PA,False,32.578332901001,30.4391664505005,11.6,10.6,2.6,0,0,POTENTIAL_AST_FALTANTE
Jalen Duren,1631105,Jalen Duren,DET,Detroit Pistons @ Cleveland Cavaliers,CLE,0,PA,COMBO,17.5,1.95,1.73,UNDER,1.73,14.41181755065918,-3.0881824493408203,3.0881824493408203,17.646756853376118,5.2838,PA,True,32.578332901001,30.4391664505005,11.6,10.6,2.6,0,0,POTENTIAL_AST_FALTANTE
Jalen Duren,1631105,Jalen Duren,DET,Detroit Pistons @ Cleveland Cavaliers,CLE,0,PR,COMBO,27.5,1.98,1.61,UNDER,1.61,25.731595993041992,-1.7684040069580078,1.7684040069580078,6.430560025301848,5.7314,PR,False,32.578332901001,30.4391664505005,11.6,10.6,2.6,0,0,POTENTIAL_AST_FALTANTE
Jalen Duren,1631105,Jalen Duren,DET,Detroit Pistons @ Cleveland Cavaliers,CLE,0,PR,COMBO,28.5,2.11,1.54,UNDER,1.54,25.731595993041992,-2.768404006958008,2.768404006958008,9.713698270028098,5.7314,PR,False,32.578332901001,30.4391664505005,11.6,10.6,2.6,0,0,POTENTIAL_AST_FALTANTE
Jalen Duren,1631105,Jalen Duren,DET,Detroit Pistons @ Cleveland Cavaliers,CLE,0,PR,COMBO,25.5,1.68,1.89,OVER,1.68,25.731595993041992,0.2315959930419922,0.2315959930419922,0.9082195805568322,5.7314,PR,False,32.578332901001,30.4391664505005,11.6,10.6,2.6,0,0,POTENTIAL_AST_FALTANTE
Jalen Duren,1631105,Jalen Duren,DET,Detroit Pistons @ Cleveland Cavaliers,CLE,0,PR,COMBO,24.5,1.55,2.08,OVER,1.55,25.731595993041992,1.2315959930419922,1.2315959930419922,5.0269224205795595,5.7314,PR,False,32.578332901001,30.4391664505005,11.6,10.6,2.6,0,0,POTENTIAL_AST_FALTANTE
Jalen Duren,1631105,Jalen Duren,DET,Detroit Pistons @ Cleveland Cavaliers,CLE,0,PR,COMBO,26.5,1.89,1.78,UNDER,1.78,25.731595993041992,-0.7684040069580078,0.7684040069580078,2.89963776210569,5.7314,PR,False,32.578332901001,30.4391664505005,11.6,10.6,2.6,0,0,POTENTIAL_AST_FALTANTE
Jalen Duren,1631105,Jalen Duren,DET,Detroit Pistons @ Cleveland Cavaliers,CLE,0,RA,COMBO,14.5,2.09,1.55,UNDER,1.55,11.976099967956543,-2.523900032043457,2.523900032043457,17.406207117541083,2.6976,RA,True,32.578332901001,30.4391664505005,11.6,10.6,2.6,0,0,POTENTIAL_AST_FALTANTE
Jalen Duren,1631105,Jalen Duren,DET,Detroit Pistons @ Cleveland Cavaliers,CLE,0,RA,COMBO,12.5,1.58,2.03,UNDER,2.03,11.976099967956543,-0.523900032043457,0.523900032043457,4.191200256347656,2.6976,RA,False,32.578332901001,30.4391664505005,11.6,10.6,2.6,0,0,POTENTIAL_AST_FALTANTE
Jalen Duren,1631105,Jalen Duren,DET,Detroit Pistons @ Cleveland Cavaliers,CLE,0,RA,COMBO,13.5,1.89,1.78,UNDER,1.78,11.976099967956543,-1.523900032043457,1.523900032043457,11.288148385507089,2.6976,RA,True,32.578332901001,30.4391664505005,11.6,10.6,2.6,0,0,POTENTIAL_AST_FALTANTE
Jalen Duren,1631105,Jalen Duren,DET,Detroit Pistons @ Cleveland Cavaliers,CLE,0,PRA,COMBO,29.5,1.94,1.64,UNDER,1.64,28.1216983795166,-1.3783016204833984,1.3783016204833984,4.672208882994571,6.1893,PRA,False,32.578332901001,30.4391664505005,11.6,10.6,2.6,0,0,POTENTIAL_AST_FALTANTE
Jalen Duren,1631105,Jalen Duren,DET,Detroit Pistons @ Cleveland Cavaliers,CLE,0,PRA,COMBO,30.5,2.06,1.56,UNDER,1.56,28.1216983795166,-2.3783016204833984,2.3783016204833984,7.7977102310931095,6.1893,PRA,False,32.578332901001,30.4391664505005,11.6,10.6,2.6,0,0,POTENTIAL_AST_FALTANTE
Jalen Duren,1631105,Jalen Duren,DET,Detroit Pistons @ Cleveland Cavaliers,CLE,0,PRA,COMBO,31.5,2.29,1.45,UNDER,1.45,28.1216983795166,-3.3783016204833984,3.3783016204833984,10.724767049153645,6.1893,PRA,True,32.578332901001,30.4391664505005,11.6,10.6,2.6,0,0,POTENTIAL_AST_FALTANTE
Jalen Duren,1631105,Jalen Duren,DET,Detroit Pistons @ Cleveland Cavaliers,CLE,0,PRA,COMBO,33.5,2.81,1.3,UNDER,1.3,28.1216983795166,-5.378301620483398,5.378301620483398,16.054631702935517,6.1893,PRA,True,32.578332901001,30.4391664505005,11.6,10.6,2.6,0,0,POTENTIAL_AST_FALTANTE
Jalen Duren,1631105,Jalen Duren,DET,Detroit Pistons @ Cleveland Cavaliers,CLE,0,PRA,COMBO,23.5,1.31,2.77,OVER,1.31,28.1216983795166,4.621698379516602,4.621698379516602,19.666801614964264,6.1893,PRA,True,32.578332901001,30.4391664505005,11.6,10.6,2.6,0,0,POTENTIAL_AST_FALTANTE
Jalen Duren,1631105,Jalen Duren,DET,Detroit Pistons @ Cleveland Cavaliers,CLE,0,PRA,COMBO,27.5,1.66,1.91,OVER,1.66,28.1216983795166,0.6216983795166016,0.6216983795166016,2.260721380060369,6.1893,PRA,False,32.578332901001,30.4391664505005,11.6,10.6,2.6,0,0,POTENTIAL_AST_FALTANTE
Jalen Duren,1631105,Jalen Duren,DET,Detroit Pistons @ Cleveland Cavaliers,CLE,0,PRA,COMBO,26.5,1.54,2.11,OVER,1.54,28.1216983795166,1.6216983795166016,1.6216983795166016,6.119616526477742,6.1893,PRA,False,32.578332901001,30.4391664505005,11.6,10.6,2.6,0,0,POTENTIAL_AST_FALTANTE
Jalen Duren,1631105,Jalen Duren,DET,Detroit Pistons @ Cleveland Cavaliers,CLE,0,PRA,COMBO,32.5,2.52,1.37,UNDER,1.37,28.1216983795166,-4.378301620483398,4.378301620483398,13.47169729379507,6.1893,PRA,True,32.578332901001,30.4391664505005,11.6,10.6,2.6,0,0,POTENTIAL_AST_FALTANTE
Jalen Duren,1631105,Jalen Duren,DET,Detroit Pistons @ Cleveland Cavaliers,CLE,0,PRA,COMBO,24.5,1.38,2.49,OVER,1.38,28.1216983795166,3.6216983795166016,3.6216983795166016,14.782442365373885,6.1893,PRA,True,32.578332901001,30.4391664505005,11.6,10.6,2.6,0,0,POTENTIAL_AST_FALTANTE
Jalen Duren,1631105,Jalen Duren,DET,Detroit Pistons @ Cleveland Cavaliers,CLE,0,PRA,COMBO,28.5,1.84,1.83,UNDER,1.83,28.1216983795166,-0.37830162048339844,0.37830162048339844,1.3273741069592928,6.1893,PRA,False,32.578332901001,30.4391664505005,11.6,10.6,2.6,0,0,POTENTIAL_AST_FALTANTE
Jalen Duren,1631105,Jalen Duren,DET,Detroit Pistons @ Cleveland Cavaliers,CLE,0,PRA,COMBO,25.5,1.48,2.22,OVER,1.48,28.1216983795166,2.6216983795166016,2.6216983795166016,10.281170115751378,6.1893,PRA,False,32.578332901001,30.4391664505005,11.6,10.6,2.6,0,0,POTENTIAL_AST_FALTANTE
Jalen Duren,1631105,Jalen Duren,DET,Detroit Pistons @ Cleveland Cavaliers,CLE,0,PTS,SINGLE,11.5,1.31,2.77,OVER,1.31,15.326238632202148,3.8262386322021484,3.8262386322021484,33.27164028001868,4.8341,PTS,True,32.578332901001,30.4391664505005,11.6,10.6,2.6,0,0,POTENTIAL_AST_FALTANTE
Jalen Duren,1631105,Jalen Duren,DET,Detroit Pistons @ Cleveland Cavaliers,CLE,0,PTS,SINGLE,13.5,1.54,2.1,OVER,1.54,15.326238632202148,1.8262386322021484,1.8262386322021484,13.527693571867767,4.8341,PTS,False,32.578332901001,30.4391664505005,11.6,10.6,2.6,0,0,POTENTIAL_AST_FALTANTE
Jalen Duren,1631105,Jalen Duren,DET,Detroit Pistons @ Cleveland Cavaliers,CLE,0,PTS,SINGLE,16.5,2.11,1.54,UNDER,1.54,15.326238632202148,-1.1737613677978516,1.1737613677978516,7.113705259380919,4.8341,PTS,False,32.578332901001,30.4391664505005,11.6,10.6,2.6,0,0,POTENTIAL_AST_FALTANTE
Jalen Duren,1631105,Jalen Duren,DET,Detroit Pistons @ Cleveland Cavaliers,CLE,0,PTS,SINGLE,18.5,2.81,1.3,UNDER,1.3,15.326238632202148,-3.1737613677978516,3.1737613677978516,17.15546685296136,4.8341,PTS,True,32.578332901001,30.4391664505005,11.6,10.6,2.6,0,0,POTENTIAL_AST_FALTANTE
Jalen Duren,1631105,Jalen Duren,DET,Detroit Pistons @ Cleveland Cavaliers,CLE,0,PTS,SINGLE,17.5,2.42,1.4,UNDER,1.4,15.326238632202148,-2.1737613677978516,2.1737613677978516,12.421493530273438,4.8341,PTS,False,32.578332901001,30.4391664505005,11.6,10.6,2.6,0,0,POTENTIAL_AST_FALTANTE
Jalen Duren,1631105,Jalen Duren,DET,Detroit Pistons @ Cleveland Cavaliers,CLE,0,PTS,SINGLE,15.5,1.92,1.65,UNDER,1.65,15.326238632202148,-0.17376136779785156,0.17376136779785156,1.1210410825667843,4.8341,PTS,False,32.578332901001,30.4391664505005,11.6,10.6,2.6,0,0,POTENTIAL_AST_FALTANTE
Jalen Duren,1631105,Jalen Duren,DET,Detroit Pistons @ Cleveland Cavaliers,CLE,0,PTS,SINGLE,12.5,1.45,2.29,OVER,1.45,15.326238632202148,2.8262386322021484,2.8262386322021484,22.609909057617188,4.8341,PTS,True,32.578332901001,30.4391664505005,11.6,10.6,2.6,0,0,POTENTIAL_AST_FALTANTE
Jalen Duren,1631105,Jalen Duren,DET,Detroit Pistons @ Cleveland Cavaliers,CLE,0,PTS,SINGLE,14.5,1.78,1.89,OVER,1.78,15.326238632202148,0.8262386322021484,0.8262386322021484,5.698197463463093,4.8341,PTS,False,32.578332901001,30.4391664505005,11.6,10.6,2.6,0,0,POTENTIAL_AST_FALTANTE
Jalen Duren,1631105,Jalen Duren,DET,Detroit Pistons @ Cleveland Cavaliers,CLE,0,AST,SINGLE,2.5,2.19,1.5,UNDER,1.5,2.3816916942596436,-0.11830830574035645,0.11830830574035645,4.732332229614258,1.4546,AST_FALLBACK,False,32.578332901001,30.4391664505005,11.6,10.6,2.6,0,0,POTENTIAL_AST_FALTANTE
Jalen Duren,1631105,Jalen Duren,DET,Detroit Pistons @ Cleveland Cavaliers,CLE,0,AST,SINGLE,1.5,1.48,2.41,OVER,1.48,2.3816916942596436,0.8816916942596436,0.8816916942596436,58.779446283976235,1.4546,AST_FALLBACK,True,32.578332901001,30.4391664505005,11.6,10.6,2.6,0,0,POTENTIAL_AST_FALTANTE
Jalen Duren,1631105,Jalen Duren,DET,Detroit Pistons @ Cleveland Cavaliers,CLE,0,Q1_PTS,Q1,2.5,1.56,2.06,OVER,1.56,3.6075165271759033,1.1075165271759033,1.1075165271759033,44.30066108703613,2.087,Q1_PTS,True,32.578332901001,30.4391664505005,11.6,10.6,2.6,0,0,POTENTIAL_AST_FALTANTE
Jalen Duren,1631105,Jalen Duren,DET,Detroit Pistons @ Cleveland Cavaliers,CLE,0,Q1_PTS,Q1,3.5,1.7,1.99,OVER,1.7,3.6075165271759033,0.10751652717590332,0.10751652717590332,3.0719007764543806,2.087,Q1_PTS,False,32.578332901001,30.4391664505005,11.6,10.6,2.6,0,0,POTENTIAL_AST_FALTANTE
Jalen Duren,1631105,Jalen Duren,DET,Detroit Pistons @ Cleveland Cavaliers,CLE,0,Q1_AST,Q1,0.5,2.1,1.63,OVER,2.1,0.6900027990341187,0.19000279903411865,0.19000279903411865,38.00055980682373,0.7063,Q1_AST,False,32.578332901001,30.4391664505005,11.6,10.6,2.6,0,0,POTENTIAL_AST_FALTANTE
Jalen Duren,1631105,Jalen Duren,DET,Detroit Pistons @ Cleveland Cavaliers,CLE,0,Q1_REB,Q1,2.5,1.75,1.93,OVER,1.75,2.548813581466675,0.048813581466674805,0.048813581466674805,1.9525432586669924,0.9236,Q1_REB,False,32.578332901001,30.4391664505005,11.6,10.6,2.6,0,0,POTENTIAL_AST_FALTANTE
Jalen Duren,1631105,Jalen Duren,DET,Detroit Pistons @ Cleveland Cavaliers,CLE,0,FTM,SINGLE,2.5,1.67,2.03,UNDER,2.03,2.254784107208252,-0.24521589279174805,0.24521589279174805,9.808635711669922,1.4962,FTM,False,32.578332901001,30.4391664505005,11.6,10.6,2.6,0,0,POTENTIAL_AST_FALTANTE
Jalen Duren,1631105,Jalen Duren,DET,Detroit Pistons @ Cleveland Cavaliers,CLE,0,FTA,SINGLE,3.5,1.66,2.05,OVER,1.66,3.8922243118286133,0.3922243118286133,0.3922243118286133,11.206408909388951,1.8012,FTA,False,32.578332901001,30.4391664505005,11.6,10.6,2.6,0,0,POTENTIAL_AST_FALTANTE
Jalen Duren,1631105,Jalen Duren,DET,Detroit Pistons @ Cleveland Cavaliers,CLE,0,FGM,SINGLE,5.5,1.69,2.0,OVER,1.69,5.964131832122803,0.46413183212280273,0.46413183212280273,8.438760584050959,1.8635,FGM,False,32.578332901001,30.4391664505005,11.6,10.6,2.6,0,0,POTENTIAL_AST_FALTANTE
Jalen Duren,1631105,Jalen Duren,DET,Detroit Pistons @ Cleveland Cavaliers,CLE,0,FGA,SINGLE,9.5,1.7,1.99,UNDER,1.99,8.394426345825195,-1.1055736541748047,1.1055736541748047,11.637617412366366,2.8767,FGA,False,32.578332901001,30.4391664505005,11.6,10.6,2.6,0,0,POTENTIAL_AST_FALTANTE
Jalen Duren,1631105,Jalen Duren,DET,Detroit Pistons @ Cleveland Cavaliers,CLE,0,REB,SINGLE,10.5,1.6,1.99,OVER,1.6,10.863062858581543,0.36306285858154297,0.36306285858154297,3.457741510300409,1.9667,REB,False,32.578332901001,30.4391664505005,11.6,10.6,2.6,0,0,POTENTIAL_AST_FALTANTE
Jalen Duren,1631105,Jalen Duren,DET,Detroit Pistons @ Cleveland Cavaliers,CLE,0,REB,SINGLE,12.5,2.21,1.49,UNDER,1.49,10.863062858581543,-1.636937141418457,1.636937141418457,13.095497131347656,1.9667,REB,True,32.578332901001,30.4391664505005,11.6,10.6,2.6,0,0,POTENTIAL_AST_FALTANTE
Jalen Duren,1631105,Jalen Duren,DET,Detroit Pistons @ Cleveland Cavaliers,CLE,0,REB,SINGLE,13.5,2.78,1.31,UNDER,1.31,10.863062858581543,-2.636937141418457,2.636937141418457,19.53286771421079,1.9667,REB,True,32.578332901001,30.4391664505005,11.6,10.6,2.6,0,0,POTENTIAL_AST_FALTANTE
Jalen Duren,1631105,Jalen Duren,DET,Detroit Pistons @ Cleveland Cavaliers,CLE,0,REB,SINGLE,9.5,1.42,2.38,OVER,1.42,10.863062858581543,1.363062858581543,1.363062858581543,14.348030090332031,1.9667,REB,True,32.578332901001,30.4391664505005,11.6,10.6,2.6,0,0,POTENTIAL_AST_FALTANTE
Jalen Duren,1631105,Jalen Duren,DET,Detroit Pistons @ Cleveland Cavaliers,CLE,0,REB,SINGLE,11.5,1.96,1.72,UNDER,1.72,10.863062858581543,-0.636937141418457,0.636937141418457,5.538583838421365,1.9667,REB,False,32.578332901001,30.4391664505005,11.6,10.6,2.6,0,0,POTENTIAL_AST_FALTANTE
Jalen Duren,1631105,Jalen Duren,DET,Detroit Pistons @ Cleveland Cavaliers,CLE,0,PA,COMBO,15.5,1.53,2.12,UNDER,2.12,14.41181755065918,-1.0881824493408203,1.0881824493408203,7.0205319312310985,5.2838,PA,False,32.578332901001,30.4391664505005,11.6,10.6,2.6,0,0,POTENTIAL_AST_FALTANTE
Jalen Duren,1631105,Jalen Duren,DET,Detroit Pistons @ Cleveland Cavaliers,CLE,0,PA,COMBO,18.5,2.12,1.53,UNDER,1.53,14.41181755065918,-4.08818244934082,4.08818244934082,22.09828350995038,5.2838,PA,True,32.578332901001,30.4391664505005,11.6,10.6,2.6,0,0,POTENTIAL_AST_FALTANTE
Jaylin Williams,1631119,Jaylin Williams,OKC,Oklahoma City Thunder @ Los Angeles Lakers,LAL,0,PTS,SINGLE,5.5,2.35,1.43,OVER,2.35,6.691986083984375,1.191986083984375,1.191986083984375,21.672474254261363,4.8341,PTS,False,14.3693332672119,15.7446666717529,3.8,3.6,1.6,0,0,TRACKING_FALTANTE_TOTAL
Jaylin Williams,1631119,Jaylin Williams,OKC,Oklahoma City Thunder @ Los Angeles Lakers,LAL,0,PTS,SINGLE,3.5,1.92,1.76,OVER,1.92,6.691986083984375,3.191986083984375,3.191986083984375,91.19960239955357,4.8341,PTS,False,14.3693332672119,15.7446666717529,3.8,3.6,1.6,0,0,TRACKING_FALTANTE_TOTAL
Jaylin Williams,1631119,Jaylin Williams,OKC,Oklahoma City Thunder @ Los Angeles Lakers,LAL,0,PTS,SINGLE,2.5,1.46,2.28,OVER,1.46,6.691986083984375,4.191986083984375,4.191986083984375,167.679443359375,4.8341,PTS,False,14.3693332672119,15.7446666717529,3.8,3.6,1.6,0,0,TRACKING_FALTANTE_TOTAL
Jaylin Williams,1631119,Jaylin Williams,OKC,Oklahoma City Thunder @ Los Angeles Lakers,LAL,0,PTS,SINGLE,4.5,1.99,1.6,OVER,1.99,6.691986083984375,2.191986083984375,2.191986083984375,48.71080186631944,4.8341,PTS,False,14.3693332672119,15.7446666717529,3.8,3.6,1.6,0,0,TRACKING_FALTANTE_TOTAL
Jaylin Williams,1631119,Jaylin Williams,OKC,Oklahoma City Thunder @ Los Angeles Lakers,LAL,0,AST,SINGLE,1.5,2.05,1.66,OVER,2.05,1.929334044456482,0.42933404445648193,0.42933404445648193,28.62226963043213,1.4546,AST_FALLBACK,False,14.3693332672119,15.7446666717529,3.8,3.6,1.6,0,0,TRACKING_FALTANTE_TOTAL
Jaylin Williams,1631119,Jaylin Williams,OKC,Oklahoma City Thunder @ Los Angeles Lakers,LAL,0,3PT,SINGLE,0.5,1.58,2.19,OVER,1.58,1.3125436305999756,0.8125436305999756,0.8125436305999756,162.50872611999512,0.9642,3PT,False,14.3693332672119,15.7446666717529,3.8,3.6,1.6,0,0,TRACKING_FALTANTE_TOTAL
Jaylin Williams,1631119,Jaylin Williams,OKC,Oklahoma City Thunder @ Los Angeles Lakers,LAL,0,Q1_REB,Q1,0.5,1.53,2.28,OVER,1.53,1.2833125591278076,0.7833125591278076,0.7833125591278076,156.66251182556152,0.9236,Q1_REB,True,14.3693332672119,15.7446666717529,3.8,3.6,1.6,0,0,TRACKING_FALTANTE_TOTAL
Jaylin Williams,1631119,Jaylin Williams,OKC,Oklahoma City Thunder @ Los Angeles Lakers,LAL,0,PA,COMBO,6.5,2.1,1.54,OVER,2.1,8.3028564453125,1.8028564453125,1.8028564453125,27.736253004807693,5.2838,PA,False,14.3693332672119,15.7446666717529,3.8,3.6,1.6,0,0,TRACKING_FALTANTE_TOTAL
Jaylin Williams,1631119,Jaylin Williams,OKC,Oklahoma City Thunder @ Los Angeles Lakers,LAL,0,PA,COMBO,5.5,1.92,1.76,OVER,1.92,8.3028564453125,2.8028564453125,2.8028564453125,50.96102627840909,5.2838,PA,False,14.3693332672119,15.7446666717529,3.8,3.6,1.6,0,0,TRACKING_FALTANTE_TOTAL
Jaylin Williams,1631119,Jaylin Williams,OKC,Oklahoma City Thunder @ Los Angeles Lakers,LAL,0,PA,COMBO,4.5,1.61,1.98,OVER,1.61,8.3028564453125,3.8028564453125,3.8028564453125,84.50792100694444,5.2838,PA,False,14.3693332672119,15.7446666717529,3.8,3.6,1.6,0,0,TRACKING_FALTANTE_TOTAL
Jaylin Williams,1631119,Jaylin Williams,OKC,Oklahoma City Thunder @ Los Angeles Lakers,LAL,0,RA,COMBO,4.5,1.6,2.0,OVER,1.6,6.283766746520996,1.783766746520996,1.783766746520996,39.63926103379991,2.6976,RA,False,14.3693332672119,15.7446666717529,3.8,3.6,1.6,0,0,TRACKING_FALTANTE_TOTAL
Jaylin Williams,1631119,Jaylin Williams,OKC,Oklahoma City Thunder @ Los Angeles Lakers,LAL,0,RA,COMBO,5.5,2.03,1.67,OVER,2.03,6.283766746520996,0.7837667465209961,0.7837667465209961,14.25030448219993,2.6976,RA,False,14.3693332672119,15.7446666717529,3.8,3.6,1.6,0,0,TRACKING_FALTANTE_TOTAL
Jaylin Williams,1631119,Jaylin Williams,OKC,Oklahoma City Thunder @ Los Angeles Lakers,LAL,0,PRA,COMBO,6.5,1.4,2.45,OVER,1.4,12.857193946838379,6.357193946838379,6.357193946838379,97.80298379751352,6.1893,PRA,False,14.3693332672119,15.7446666717529,3.8,3.6,1.6,0,0,TRACKING_FALTANTE_TOTAL
Jaylin Williams,1631119,Jaylin Williams,OKC,Oklahoma City Thunder @ Los Angeles Lakers,LAL,0,PRA,COMBO,7.5,1.54,2.1,OVER,1.54,12.857193946838379,5.357193946838379,5.357193946838379,71.42925262451172,6.1893,PRA,False,14.3693332672119,15.7446666717529,3.8,3.6,1.6,0,0,TRACKING_FALTANTE_TOTAL
Jaylin Williams,1631119,Jaylin Williams,OKC,Oklahoma City Thunder @ Los Angeles Lakers,LAL,0,PRA,COMBO,10.5,2.11,1.53,OVER,2.11,12.857193946838379,2.357193946838379,2.357193946838379,22.449466160365514,6.1893,PRA,False,14.3693332672119,15.7446666717529,3.8,3.6,1.6,0,0,TRACKING_FALTANTE_TOTAL
Jaylin Williams,1631119,Jaylin Williams,OKC,Oklahoma City Thunder @ Los Angeles Lakers,LAL,0,PRA,COMBO,11.5,2.34,1.43,OVER,2.34,12.857193946838379,1.357193946838379,1.357193946838379,11.801686494246773,6.1893,PRA,False,14.3693332672119,15.7446666717529,3.8,3.6,1.6,0,0,TRACKING_FALTANTE_TOTAL
Jaylin Williams,1631119,Jaylin Williams,OKC,Oklahoma City Thunder @ Los Angeles Lakers,LAL,0,PRA,COMBO,12.5,2.68,1.33,OVER,2.68,12.857193946838379,0.3571939468383789,0.3571939468383789,2.8575515747070312,6.1893,PRA,False,14.3693332672119,15.7446666717529,3.8,3.6,1.6,0,0,TRACKING_FALTANTE_TOTAL
Jaylin Williams,1631119,Jaylin Williams,OKC,Oklahoma City Thunder @ Los Angeles Lakers,LAL,0,PRA,COMBO,8.5,1.66,1.91,OVER,1.66,12.857193946838379,4.357193946838379,4.357193946838379,51.2611052569221,6.1893,PRA,False,14.3693332672119,15.7446666717529,3.8,3.6,1.6,0,0,TRACKING_FALTANTE_TOTAL
Jaylin Williams,1631119,Jaylin Williams,OKC,Oklahoma City Thunder @ Los Angeles Lakers,LAL,0,PRA,COMBO,9.5,1.92,1.75,OVER,1.92,12.857193946838379,3.357193946838379,3.357193946838379,35.338883650930306,6.1893,PRA,False,14.3693332672119,15.7446666717529,3.8,3.6,1.6,0,0,TRACKING_FALTANTE_TOTAL
Jaylin Williams,1631119,Jaylin Williams,OKC,Oklahoma City Thunder @ Los Angeles Lakers,LAL,0,FGA,SINGLE,3.5,2.06,1.65,OVER,2.06,5.373876571655273,1.8738765716552734,1.8738765716552734,53.539330618722104,2.8767,FGA,False,14.3693332672119,15.7446666717529,3.8,3.6,1.6,0,0,TRACKING_FALTANTE_TOTAL
Jaylin Williams,1631119,Jaylin Williams,OKC,Oklahoma City Thunder @ Los Angeles Lakers,LAL,0,FG3A,SINGLE,2.5,2.02,1.68,OVER,2.02,3.588559865951538,1.088559865951538,1.088559865951538,43.54239463806152,1.5883,FG3A,False,14.3693332672119,15.7446666717529,3.8,3.6,1.6,0,0,TRACKING_FALTANTE_TOTAL
Jaylin Williams,1631119,Jaylin Williams,OKC,Oklahoma City Thunder @ Los Angeles Lakers,LAL,0,REB,SINGLE,3.5,1.81,1.86,OVER,1.81,4.312957286834717,0.8129572868347168,0.8129572868347168,23.22735105242048,1.9667,REB,False,14.3693332672119,15.7446666717529,3.8,3.6,1.6,0,0,TRACKING_FALTANTE_TOTAL
Jaylin Williams,1631119,Jaylin Williams,OKC,Oklahoma City Thunder @ Los Angeles Lakers,LAL,0,REB,SINGLE,2.5,1.39,2.45,OVER,1.39,4.312957286834717,1.8129572868347168,1.8129572868347168,72.51829147338867,1.9667,REB,False,14.3693332672119,15.7446666717529,3.8,3.6,1.6,0,0,TRACKING_FALTANTE_TOTAL
Jaylin Williams,1631119,Jaylin Williams,OKC,Oklahoma City Thunder @ Los Angeles Lakers,LAL,0,REB,SINGLE,4.5,2.29,1.45,UNDER,1.45,4.312957286834717,-0.1870427131652832,0.1870427131652832,4.156504737006293,1.9667,REB,False,14.3693332672119,15.7446666717529,3.8,3.6,1.6,0,0,TRACKING_FALTANTE_TOTAL
Jaylin Williams,1631119,Jaylin Williams,OKC,Oklahoma City Thunder @ Los Angeles Lakers,LAL,0,PR,COMBO,8.5,2.0,1.6,OVER,2.0,9.954194068908691,1.4541940689086914,1.4541940689086914,17.10816551657284,5.7314,PR,False,14.3693332672119,15.7446666717529,3.8,3.6,1.6,0,0,TRACKING_FALTANTE_TOTAL
Jaylin Williams,1631119,Jaylin Williams,OKC,Oklahoma City Thunder @ Los Angeles Lakers,LAL,0,PR,COMBO,7.5,1.83,1.84,OVER,1.83,9.954194068908691,2.4541940689086914,2.4541940689086914,32.72258758544922,5.7314,PR,False,14.3693332672119,15.7446666717529,3.8,3.6,1.6,0,0,TRACKING_FALTANTE_TOTAL
Jaylin Williams,1631119,Jaylin Williams,OKC,Oklahoma City Thunder @ Los Angeles Lakers,LAL,0,PR,COMBO,6.5,1.57,2.05,OVER,1.57,9.954194068908691,3.4541940689086914,3.4541940689086914,53.141447213979866,5.7314,PR,False,14.3693332672119,15.7446666717529,3.8,3.6,1.6,0,0,TRACKING_FALTANTE_TOTAL
Jake LaRavia,1631222,Jake LaRavia,LAL,Oklahoma City Thunder @ Los Angeles Lakers,OKC,1,PTS,SINGLE,5.5,2.19,1.49,OVER,2.19,6.811237335205078,1.3112373352050781,1.3112373352050781,23.84067882191051,4.8341,PTS,False,13.9489999771118,18.9745000839233,4.0,2.6,0.4,0,0,TRACKING_FALTANTE_TOTAL
Jake LaRavia,1631222,Jake LaRavia,LAL,Oklahoma City Thunder @ Los Angeles Lakers,OKC,1,PTS,SINGLE,4.5,1.9,1.77,OVER,1.9,6.811237335205078,2.311237335205078,2.311237335205078,51.36082967122396,4.8341,PTS,False,13.9489999771118,18.9745000839233,4.0,2.6,0.4,0,0,TRACKING_FALTANTE_TOTAL
Jake LaRavia,1631222,Jake LaRavia,LAL,Oklahoma City Thunder @ Los Angeles Lakers,OKC,1,PTS,SINGLE,2.5,1.38,2.51,OVER,1.38,6.811237335205078,4.311237335205078,4.311237335205078,172.44949340820312,4.8341,PTS,False,13.9489999771118,18.9745000839233,4.0,2.6,0.4,0,0,TRACKING_FALTANTE_TOTAL
Jake LaRavia,1631222,Jake LaRavia,LAL,Oklahoma City Thunder @ Los Angeles Lakers,OKC,1,PTS,SINGLE,3.5,1.55,2.09,OVER,1.55,6.811237335205078,3.311237335205078,3.311237335205078,94.60678100585938,4.8341,PTS,False,13.9489999771118,18.9745000839233,4.0,2.6,0.4,0,0,TRACKING_FALTANTE_TOTAL
Jake LaRavia,1631222,Jake LaRavia,LAL,Oklahoma City Thunder @ Los Angeles Lakers,OKC,1,PTS,SINGLE,6.5,2.72,1.32,OVER,2.72,6.811237335205078,0.3112373352050781,0.3112373352050781,4.78826669546274,4.8341,PTS,False,13.9489999771118,18.9745000839233,4.0,2.6,0.4,0,0,TRACKING_FALTANTE_TOTAL
Jake LaRavia,1631222,Jake LaRavia,LAL,Oklahoma City Thunder @ Los Angeles Lakers,OKC,1,AST,SINGLE,0.5,1.68,2.02,OVER,1.68,1.3875787258148193,0.8875787258148193,0.8875787258148193,177.51574516296387,1.4546,AST_FALLBACK,False,13.9489999771118,18.9745000839233,4.0,2.6,0.4,0,0,TRACKING_FALTANTE_TOTAL
Jake LaRavia,1631222,Jake LaRavia,LAL,Oklahoma City Thunder @ Los Angeles Lakers,OKC,1,3PT,SINGLE,0.5,2.17,1.59,OVER,2.17,0.5661038160324097,0.06610381603240967,0.06610381603240967,13.220763206481934,0.9642,3PT,False,13.9489999771118,18.9745000839233,4.0,2.6,0.4,0,0,TRACKING_FALTANTE_TOTAL
Jake LaRavia,1631222,Jake LaRavia,LAL,Oklahoma City Thunder @ Los Angeles Lakers,OKC,1,Q1_PTS,Q1,0.5,2.28,1.53,OVER,2.28,1.7851088047027588,1.2851088047027588,1.2851088047027588,257.02176094055176,2.087,Q1_PTS,True,13.9489999771118,18.9745000839233,4.0,2.6,0.4,0,0,TRACKING_FALTANTE_TOTAL
Jake LaRavia,1631222,Jake LaRavia,LAL,Oklahoma City Thunder @ Los Angeles Lakers,OKC,1,Q1_REB,Q1,0.5,1.83,1.84,OVER,1.83,0.9639964699745178,0.4639964699745178,0.4639964699745178,92.79929399490356,0.9236,Q1_REB,True,13.9489999771118,18.9745000839233,4.0,2.6,0.4,0,0,TRACKING_FALTANTE_TOTAL
Jake LaRavia,1631222,Jake LaRavia,LAL,Oklahoma City Thunder @ Los Angeles Lakers,OKC,1,PA,COMBO,5.5,1.99,1.71,OVER,1.99,8.383173942565918,2.883173942565918,2.883173942565918,52.421344410289414,5.2838,PA,False,13.9489999771118,18.9745000839233,4.0,2.6,0.4,0,0,TRACKING_FALTANTE_TOTAL
Jake LaRavia,1631222,Jake LaRavia,LAL,Oklahoma City Thunder @ Los Angeles Lakers,OKC,1,PA,COMBO,4.5,1.61,1.99,OVER,1.61,8.383173942565918,3.883173942565918,3.883173942565918,86.29275427924263,5.2838,PA,False,13.9489999771118,18.9745000839233,4.0,2.6,0.4,0,0,TRACKING_FALTANTE_TOTAL
Jake LaRavia,1631222,Jake LaRavia,LAL,Oklahoma City Thunder @ Los Angeles Lakers,OKC,1,FTA,SINGLE,0.5,2.06,1.66,OVER,2.06,1.549321174621582,1.049321174621582,1.049321174621582,209.8642349243164,1.8012,FTA,False,13.9489999771118,18.9745000839233,4.0,2.6,0.4,0,0,TRACKING_FALTANTE_TOTAL
Jake LaRavia,1631222,Jake LaRavia,LAL,Oklahoma City Thunder @ Los Angeles Lakers,OKC,1,FGM,SINGLE,1.5,1.84,1.83,OVER,1.84,2.6622838973999023,1.1622838973999023,1.1622838973999023,77.4855931599935,1.8635,FGM,False,13.9489999771118,18.9745000839233,4.0,2.6,0.4,0,0,TRACKING_FALTANTE_TOTAL
Jake LaRavia,1631222,Jake LaRavia,LAL,Oklahoma City Thunder @ Los Angeles Lakers,OKC,1,FGA,SINGLE,3.5,1.69,2.01,OVER,1.69,5.292795181274414,1.792795181274414,1.792795181274414,51.22271946498326,2.8767,FGA,False,13.9489999771118,18.9745000839233,4.0,2.6,0.4,0,0,TRACKING_FALTANTE_TOTAL
Jake LaRavia,1631222,Jake LaRavia,LAL,Oklahoma City Thunder @ Los Angeles Lakers,OKC,1,FG3A,SINGLE,1.5,1.84,1.83,OVER,1.84,1.7019180059432983,0.20191800594329834,0.20191800594329834,13.461200396219889,1.5883,FG3A,False,13.9489999771118,18.9745000839233,4.0,2.6,0.4,0,0,TRACKING_FALTANTE_TOTAL
Jake LaRavia,1631222,Jake LaRavia,LAL,Oklahoma City Thunder @ Los Angeles Lakers,OKC,1,REB,SINGLE,3.5,2.16,1.51,OVER,2.16,4.1602559089660645,0.6602559089660645,0.6602559089660645,18.864454541887557,1.9667,REB,False,13.9489999771118,18.9745000839233,4.0,2.6,0.4,0,0,TRACKING_FALTANTE_TOTAL
Jake LaRavia,1631222,Jake LaRavia,LAL,Oklahoma City Thunder @ Los Angeles Lakers,OKC,1,REB,SINGLE,2.5,1.63,2.1,OVER,1.63,4.1602559089660645,1.6602559089660645,1.6602559089660645,66.41023635864258,1.9667,REB,False,13.9489999771118,18.9745000839233,4.0,2.6,0.4,0,0,TRACKING_FALTANTE_TOTAL
Jake LaRavia,1631222,Jake LaRavia,LAL,Oklahoma City Thunder @ Los Angeles Lakers,OKC,1,PR,COMBO,7.5,1.87,1.8,OVER,1.87,10.344674110412598,2.8446741104125977,2.8446741104125977,37.92898813883463,5.7314,PR,False,13.9489999771118,18.9745000839233,4.0,2.6,0.4,0,0,TRACKING_FALTANTE_TOTAL
Jake LaRavia,1631222,Jake LaRavia,LAL,Oklahoma City Thunder @ Los Angeles Lakers,OKC,1,PR,COMBO,6.5,1.59,2.02,OVER,1.59,10.344674110412598,3.8446741104125977,3.8446741104125977,59.148832467886116,5.7314,PR,False,13.9489999771118,18.9745000839233,4.0,2.6,0.4,0,0,TRACKING_FALTANTE_TOTAL
Jake LaRavia,1631222,Jake LaRavia,LAL,Oklahoma City Thunder @ Los Angeles Lakers,OKC,1,PR,COMBO,8.5,2.11,1.54,OVER,2.11,10.344674110412598,1.8446741104125977,1.8446741104125977,21.702048357795267,5.7314,PR,False,13.9489999771118,18.9745000839233,4.0,2.6,0.4,0,0,TRACKING_FALTANTE_TOTAL
Jake LaRavia,1631222,Jake LaRavia,LAL,Oklahoma City Thunder @ Los Angeles Lakers,OKC,1,RA,COMBO,3.5,1.75,1.93,OVER,1.75,4.862123489379883,1.3621234893798828,1.3621234893798828,38.91781398228237,2.6976,RA,False,13.9489999771118,18.9745000839233,4.0,2.6,0.4,0,0,TRACKING_FALTANTE_TOTAL
Jake LaRavia,1631222,Jake LaRavia,LAL,Oklahoma City Thunder @ Los Angeles Lakers,OKC,1,PRA,COMBO,7.5,1.63,1.96,OVER,1.63,11.486740112304688,3.9867401123046875,3.9867401123046875,53.156534830729164,6.1893,PRA,False,13.9489999771118,18.9745000839233,4.0,2.6,0.4,0,0,TRACKING_FALTANTE_TOTAL
Jake LaRavia,1631222,Jake LaRavia,LAL,Oklahoma City Thunder @ Los Angeles Lakers,OKC,1,PRA,COMBO,8.5,1.93,1.75,OVER,1.93,11.486740112304688,2.9867401123046875,2.9867401123046875,35.13811896829044,6.1893,PRA,False,13.9489999771118,18.9745000839233,4.0,2.6,0.4,0,0,TRACKING_FALTANTE_TOTAL
Jake LaRavia,1631222,Jake LaRavia,LAL,Oklahoma City Thunder @ Los Angeles Lakers,OKC,1,PRA,COMBO,5.5,1.3,2.8,OVER,1.3,11.486740112304688,5.9867401123046875,5.9867401123046875,108.84982022372158,6.1893,PRA,False,13.9489999771118,18.9745000839233,4.0,2.6,0.4,0,0,TRACKING_FALTANTE_TOTAL
Jake LaRavia,1631222,Jake LaRavia,LAL,Oklahoma City Thunder @ Los Angeles Lakers,OKC,1,PRA,COMBO,6.5,1.47,2.25,OVER,1.47,11.486740112304688,4.9867401123046875,4.9867401123046875,76.71907865084134,6.1893,PRA,False,13.9489999771118,18.9745000839233,4.0,2.6,0.4,0,0,TRACKING_FALTANTE_TOTAL
Jake LaRavia,1631222,Jake LaRavia,LAL,Oklahoma City Thunder @ Los Angeles Lakers,OKC,1,PRA,COMBO,9.5,2.08,1.55,OVER,2.08,11.486740112304688,1.9867401123046875,1.9867401123046875,20.913053813733555,6.1893,PRA,False,13.9489999771118,18.9745000839233,4.0,2.6,0.4,0,0,TRACKING_FALTANTE_TOTAL
Jake LaRavia,1631222,Jake LaRavia,LAL,Oklahoma City Thunder @ Los Angeles Lakers,OKC,1,PRA,COMBO,10.5,2.47,1.39,OVER,2.47,11.486740112304688,0.9867401123046875,0.9867401123046875,9.397524879092261,6.1893,PRA,False,13.9489999771118,18.9745000839233,4.0,2.6,0.4,0,0,TRACKING_FALTANTE_TOTAL
Victor Wembanyama,1641705,Victor Wembanyama,SAS,Minnesota Timberwolves @ San Antonio Spurs,MIN,1,PTS,SINGLE,28.5,2.12,1.53,UNDER,1.53,22.438568115234375,-6.061431884765625,6.061431884765625,21.268182051809212,4.8341,PTS,True,29.072665977478,28.8563327789307,15.8,12.0,2.8,0,0,TRACKING_FALTANTE_TOTAL
Victor Wembanyama,1641705,Victor Wembanyama,SAS,Minnesota Timberwolves @ San Antonio Spurs,MIN,1,PTS,SINGLE,29.5,2.33,1.44,UNDER,1.44,22.438568115234375,-7.061431884765625,7.061431884765625,23.937057236493644,4.8341,PTS,True,29.072665977478,28.8563327789307,15.8,12.0,2.8,0,0,TRACKING_FALTANTE_TOTAL
Victor Wembanyama,1641705,Victor Wembanyama,SAS,Minnesota Timberwolves @ San Antonio Spurs,MIN,1,PTS,SINGLE,24.5,1.61,1.99,UNDER,1.99,22.438568115234375,-2.061431884765625,2.061431884765625,8.414007692920919,4.8341,PTS,False,29.072665977478,28.8563327789307,15.8,12.0,2.8,0,0,TRACKING_FALTANTE_TOTAL
Victor Wembanyama,1641705,Victor Wembanyama,SAS,Minnesota Timberwolves @ San Antonio Spurs,MIN,1,PTS,SINGLE,25.5,1.76,1.92,UNDER,1.92,22.438568115234375,-3.061431884765625,3.061431884765625,12.005615234375,4.8341,PTS,True,29.072665977478,28.8563327789307,15.8,12.0,2.8,0,0,TRACKING_FALTANTE_TOTAL
Victor Wembanyama,1641705,Victor Wembanyama,SAS,Minnesota Timberwolves @ San Antonio Spurs,MIN,1,PTS,SINGLE,26.5,1.86,1.71,UNDER,1.71,22.438568115234375,-4.061431884765625,4.061431884765625,15.326158055719338,4.8341,PTS,True,29.072665977478,28.8563327789307,15.8,12.0,2.8,0,0,TRACKING_FALTANTE_TOTAL
Victor Wembanyama,1641705,Victor Wembanyama,SAS,Minnesota Timberwolves @ San Antonio Spurs,MIN,1,PTS,SINGLE,31.5,2.88,1.29,UNDER,1.29,22.438568115234375,-9.061431884765625,9.061431884765625,28.766450427827383,4.8341,PTS,True,29.072665977478,28.8563327789307,15.8,12.0,2.8,0,0,TRACKING_FALTANTE_TOTAL
Victor Wembanyama,1641705,Victor Wembanyama,SAS,Minnesota Timberwolves @ San Antonio Spurs,MIN,1,PTS,SINGLE,22.5,1.43,2.34,UNDER,2.34,22.438568115234375,-0.061431884765625,0.061431884765625,0.2730305989583333,4.8341,PTS,False,29.072665977478,28.8563327789307,15.8,12.0,2.8,0,0,TRACKING_FALTANTE_TOTAL
Victor Wembanyama,1641705,Victor Wembanyama,SAS,Minnesota Timberwolves @ San Antonio Spurs,MIN,1,PTS,SINGLE,21.5,1.34,2.63,OVER,1.34,22.438568115234375,0.938568115234375,0.938568115234375,4.365433094113372,4.8341,PTS,False,29.072665977478,28.8563327789307,15.8,12.0,2.8,0,0,TRACKING_FALTANTE_TOTAL
Victor Wembanyama,1641705,Victor Wembanyama,SAS,Minnesota Timberwolves @ San Antonio Spurs,MIN,1,PTS,SINGLE,27.5,2.0,1.6,UNDER,1.6,22.438568115234375,-5.061431884765625,5.061431884765625,18.405206853693183,4.8341,PTS,True,29.072665977478,28.8563327789307,15.8,12.0,2.8,0,0,TRACKING_FALTANTE_TOTAL
Victor Wembanyama,1641705,Victor Wembanyama,SAS,Minnesota Timberwolves @ San Antonio Spurs,MIN,1,PTS,SINGLE,30.5,2.59,1.35,UNDER,1.35,22.438568115234375,-8.061431884765625,8.061431884765625,26.430924212346312,4.8341,PTS,True,29.072665977478,28.8563327789307,15.8,12.0,2.8,0,0,TRACKING_FALTANTE_TOTAL
Victor Wembanyama,1641705,Victor Wembanyama,SAS,Minnesota Timberwolves @ San Antonio Spurs,MIN,1,PTS,SINGLE,23.5,1.54,2.1,UNDER,2.1,22.438568115234375,-1.061431884765625,1.061431884765625,4.516731424534575,4.8341,PTS,False,29.072665977478,28.8563327789307,15.8,12.0,2.8,0,0,TRACKING_FALTANTE_TOTAL
Victor Wembanyama,1641705,Victor Wembanyama,SAS,Minnesota Timberwolves @ San Antonio Spurs,MIN,1,AST,SINGLE,3.5,2.21,1.57,UNDER,1.57,3.152297258377075,-0.3477027416229248,0.3477027416229248,9.93436404636928,1.4546,AST_FALLBACK,False,29.072665977478,28.8563327789307,15.8,12.0,2.8,0,0,TRACKING_FALTANTE_TOTAL
Victor Wembanyama,1641705,Victor Wembanyama,SAS,Minnesota Timberwolves @ San Antonio Spurs,MIN,1,AST,SINGLE,2.5,1.51,2.15,OVER,1.51,3.152297258377075,0.6522972583770752,0.6522972583770752,26.091890335083008,1.4546,AST_FALLBACK,False,29.072665977478,28.8563327789307,15.8,12.0,2.8,0,0,TRACKING_FALTANTE_TOTAL
Victor Wembanyama,1641705,Victor Wembanyama,SAS,Minnesota Timberwolves @ San Antonio Spurs,MIN,1,3PT,SINGLE,1.5,1.58,2.19,OVER,1.58,1.8764749765396118,0.3764749765396118,0.3764749765396118,25.098331769307453,0.9642,3PT,False,29.072665977478,28.8563327789307,15.8,12.0,2.8,0,0,TRACKING_FALTANTE_TOTAL
Victor Wembanyama,1641705,Victor Wembanyama,SAS,Minnesota Timberwolves @ San Antonio Spurs,MIN,1,3PT,SINGLE,2.5,2.44,1.4,UNDER,1.4,1.8764749765396118,-0.6235250234603882,0.6235250234603882,24.941000938415527,0.9642,3PT,True,29.072665977478,28.8563327789307,15.8,12.0,2.8,0,0,TRACKING_FALTANTE_TOTAL
Victor Wembanyama,1641705,Victor Wembanyama,SAS,Minnesota Timberwolves @ San Antonio Spurs,MIN,1,Q1_PTS,Q1,6.5,2.08,1.55,UNDER,1.55,4.066555023193359,-2.4334449768066406,2.4334449768066406,37.43761502779447,2.087,Q1_PTS,True,29.072665977478,28.8563327789307,15.8,12.0,2.8,0,0,TRACKING_FALTANTE_TOTAL
Victor Wembanyama,1641705,Victor Wembanyama,SAS,Minnesota Timberwolves @ San Antonio Spurs,MIN,1,Q1_PTS,Q1,4.5,1.56,2.06,UNDER,2.06,4.066555023193359,-0.4334449768066406,0.4334449768066406,9.632110595703125,2.087,Q1_PTS,False,29.072665977478,28.8563327789307,15.8,12.0,2.8,0,0,TRACKING_FALTANTE_TOTAL
Victor Wembanyama,1641705,Victor Wembanyama,SAS,Minnesota Timberwolves @ San Antonio Spurs,MIN,1,Q1_PTS,Q1,5.5,1.84,1.83,UNDER,1.83,4.066555023193359,-1.4334449768066406,1.4334449768066406,26.06263594193892,2.087,Q1_PTS,True,29.072665977478,28.8563327789307,15.8,12.0,2.8,0,0,TRACKING_FALTANTE_TOTAL
Victor Wembanyama,1641705,Victor Wembanyama,SAS,Minnesota Timberwolves @ San Antonio Spurs,MIN,1,Q1_AST,Q1,0.5,1.71,1.98,OVER,1.71,0.7381131052970886,0.23811310529708862,0.23811310529708862,47.622621059417725,0.7063,Q1_AST,False,29.072665977478,28.8563327789307,15.8,12.0,2.8,0,0,TRACKING_FALTANTE_TOTAL
Victor Wembanyama,1641705,Victor Wembanyama,SAS,Minnesota Timberwolves @ San Antonio Spurs,MIN,1,Q1_REB,Q1,2.5,1.62,2.11,OVER,1.62,2.6145222187042236,0.11452221870422363,0.11452221870422363,4.580888748168945,0.9236,Q1_REB,False,29.072665977478,28.8563327789307,15.8,12.0,2.8,0,0,TRACKING_FALTANTE_TOTAL
Victor Wembanyama,1641705,Victor Wembanyama,SAS,Minnesota Timberwolves @ San Antonio Spurs,MIN,1,FTM,SINGLE,6.5,2.0,1.7,UNDER,1.7,4.742125988006592,-1.7578740119934082,1.7578740119934082,27.04421556912936,1.4962,FTM,True,29.072665977478,28.8563327789307,15.8,12.0,2.8,0,0,TRACKING_FALTANTE_TOTAL
Victor Wembanyama,1641705,Victor Wembanyama,SAS,Minnesota Timberwolves @ San Antonio Spurs,MIN,1,FTM,SINGLE,5.5,1.63,1.96,UNDER,1.96,4.742125988006592,-0.7578740119934082,0.7578740119934082,13.77952749078924,1.4962,FTM,True,29.072665977478,28.8563327789307,15.8,12.0,2.8,0,0,TRACKING_FALTANTE_TOTAL
Victor Wembanyama,1641705,Victor Wembanyama,SAS,Minnesota Timberwolves @ San Antonio Spurs,MIN,1,FTA,SINGLE,7.5,1.91,1.77,UNDER,1.77,6.179474353790283,-1.3205256462097168,1.3205256462097168,17.60700861612956,1.8012,FTA,True,29.072665977478,28.8563327789307,15.8,12.0,2.8,0,0,TRACKING_FALTANTE_TOTAL
Victor Wembanyama,1641705,Victor Wembanyama,SAS,Minnesota Timberwolves @ San Antonio Spurs,MIN,1,FTA,SINGLE,6.5,1.65,1.93,UNDER,1.93,6.179474353790283,-0.3205256462097168,0.3205256462097168,4.931163787841797,1.8012,FTA,False,29.072665977478,28.8563327789307,15.8,12.0,2.8,0,0,TRACKING_FALTANTE_TOTAL
Victor Wembanyama,1641705,Victor Wembanyama,SAS,Minnesota Timberwolves @ San Antonio Spurs,MIN,1,FGM,SINGLE,8.5,1.74,1.94,UNDER,1.94,7.970439910888672,-0.5295600891113281,0.5295600891113281,6.2301186954273895,1.8635,FGM,False,29.072665977478,28.8563327789307,15.8,12.0,2.8,0,0,TRACKING_FALTANTE_TOTAL
Victor Wembanyama,1641705,Victor Wembanyama,SAS,Minnesota Timberwolves @ San Antonio Spurs,MIN,1,FGA,SINGLE,17.5,1.66,1.91,UNDER,1.91,13.394292831420898,-4.105707168579102,4.105707168579102,23.461183820452007,2.8767,FGA,True,29.072665977478,28.8563327789307,15.8,12.0,2.8,0,0,TRACKING_FALTANTE_TOTAL
Victor Wembanyama,1641705,Victor Wembanyama,SAS,Minnesota Timberwolves @ San Antonio Spurs,MIN,1,FGA,SINGLE,18.5,1.97,1.72,UNDER,1.72,13.394292831420898,-5.105707168579102,5.105707168579102,27.598417127454606,2.8767,FGA,True,29.072665977478,28.8563327789307,15.8,12.0,2.8,0,0,TRACKING_FALTANTE_TOTAL
Victor Wembanyama,1641705,Victor Wembanyama,SAS,Minnesota Timberwolves @ San Antonio Spurs,MIN,1,FG3A,SINGLE,5.5,1.66,2.05,UNDER,2.05,5.20393180847168,-0.2960681915283203,0.2960681915283203,5.383058027787642,1.5883,FG3A,False,29.072665977478,28.8563327789307,15.8,12.0,2.8,0,0,TRACKING_FALTANTE_TOTAL
Victor Wembanyama,1641705,Victor Wembanyama,SAS,Minnesota Timberwolves @ San Antonio Spurs,MIN,1,REB,SINGLE,10.5,1.34,2.64,UNDER,2.64,10.372188568115234,-0.12781143188476562,0.12781143188476562,1.217251732235863,1.9667,REB,False,29.072665977478,28.8563327789307,15.8,12.0,2.8,0,0,TRACKING_FALTANTE_TOTAL
Victor Wembanyama,1641705,Victor Wembanyama,SAS,Minnesota Timberwolves @ San Antonio Spurs,MIN,1,REB,SINGLE,11.5,1.54,2.1,UNDER,2.1,10.372188568115234,-1.1278114318847656,1.1278114318847656,9.807055929432744,1.9667,REB,True,29.072665977478,28.8563327789307,15.8,12.0,2.8,0,0,TRACKING_FALTANTE_TOTAL
Victor Wembanyama,1641705,Victor Wembanyama,SAS,Minnesota Timberwolves @ San Antonio Spurs,MIN,1,REB,SINGLE,12.5,1.8,1.87,UNDER,1.87,10.372188568115234,-2.1278114318847656,2.1278114318847656,17.022491455078125,1.9667,REB,True,29.072665977478,28.8563327789307,15.8,12.0,2.8,0,0,TRACKING_FALTANTE_TOTAL
Victor Wembanyama,1641705,Victor Wembanyama,SAS,Minnesota Timberwolves @ San Antonio Spurs,MIN,1,REB,SINGLE,13.5,2.09,1.55,UNDER,1.55,10.372188568115234,-3.1278114318847656,3.1278114318847656,23.168973569516783,1.9667,REB,True,29.072665977478,28.8563327789307,15.8,12.0,2.8,0,0,TRACKING_FALTANTE_TOTAL
Victor Wembanyama,1641705,Victor Wembanyama,SAS,Minnesota Timberwolves @ San Antonio Spurs,MIN,1,REB,SINGLE,14.5,2.47,1.39,UNDER,1.39,10.372188568115234,-4.127811431884766,4.127811431884766,28.467665047481145,1.9667,REB,True,29.072665977478,28.8563327789307,15.8,12.0,2.8,0,0,TRACKING_FALTANTE_TOTAL
Victor Wembanyama,1641705,Victor Wembanyama,SAS,Minnesota Timberwolves @ San Antonio Spurs,MIN,1,PA,COMBO,29.5,1.88,1.79,UNDER,1.79,24.290847778320312,-5.2091522216796875,5.2091522216796875,17.658143124337926,5.2838,PA,True,29.072665977478,28.8563327789307,15.8,12.0,2.8,0,0,TRACKING_FALTANTE_TOTAL
Victor Wembanyama,1641705,Victor Wembanyama,SAS,Minnesota Timberwolves @ San Antonio Spurs,MIN,1,PA,COMBO,27.5,1.57,2.05,UNDER,2.05,24.290847778320312,-3.2091522216796875,3.2091522216796875,11.669644442471592,5.2838,PA,True,29.072665977478,28.8563327789307,15.8,12.0,2.8,0,0,TRACKING_FALTANTE_TOTAL
Victor Wembanyama,1641705,Victor Wembanyama,SAS,Minnesota Timberwolves @ San Antonio Spurs,MIN,1,PA,COMBO,28.5,1.68,1.88,UNDER,1.88,24.290847778320312,-4.2091522216796875,4.2091522216796875,14.768955163788377,5.2838,PA,True,29.072665977478,28.8563327789307,15.8,12.0,2.8,0,0,TRACKING_FALTANTE_TOTAL
Victor Wembanyama,1641705,Victor Wembanyama,SAS,Minnesota Timberwolves @ San Antonio Spurs,MIN,1,PA,COMBO,26.5,1.5,2.17,UNDER,2.17,24.290847778320312,-2.2091522216796875,2.2091522216796875,8.336423478036556,5.2838,PA,False,29.072665977478,28.8563327789307,15.8,12.0,2.8,0,0,TRACKING_FALTANTE_TOTAL
Victor Wembanyama,1641705,Victor Wembanyama,SAS,Minnesota Timberwolves @ San Antonio Spurs,MIN,1,PA,COMBO,30.5,1.94,1.64,UNDER,1.64,24.290847778320312,-6.2091522216796875,6.2091522216796875,20.357876136654713,5.2838,PA,True,29.072665977478,28.8563327789307,15.8,12.0,2.8,0,0,TRACKING_FALTANTE_TOTAL
Victor Wembanyama,1641705,Victor Wembanyama,SAS,Minnesota Timberwolves @ San Antonio Spurs,MIN,1,PA,COMBO,31.5,2.04,1.57,UNDER,1.57,24.290847778320312,-7.2091522216796875,7.2091522216796875,22.886197529141867,5.2838,PA,True,29.072665977478,28.8563327789307,15.8,12.0,2.8,0,0,TRACKING_FALTANTE_TOTAL
Victor Wembanyama,1641705,Victor Wembanyama,SAS,Minnesota Timberwolves @ San Antonio Spurs,MIN,1,PR,COMBO,38.5,1.8,1.87,UNDER,1.87,34.40809631347656,-4.0919036865234375,4.0919036865234375,10.628321263697242,5.7314,PR,True,29.072665977478,28.8563327789307,15.8,12.0,2.8,0,0,TRACKING_FALTANTE_TOTAL
Victor Wembanyama,1641705,Victor Wembanyama,SAS,Minnesota Timberwolves @ San Antonio Spurs,MIN,1,PR,COMBO,35.5,1.5,2.18,UNDER,2.18,34.40809631347656,-1.0919036865234375,1.0919036865234375,3.0757850324603875,5.7314,PR,False,29.072665977478,28.8563327789307,15.8,12.0,2.8,0,0,TRACKING_FALTANTE_TOTAL
Victor Wembanyama,1641705,Victor Wembanyama,SAS,Minnesota Timberwolves @ San Antonio Spurs,MIN,1,PR,COMBO,36.5,1.54,2.09,UNDER,2.09,34.40809631347656,-2.0919036865234375,2.0919036865234375,5.731242976776541,5.7314,PR,False,29.072665977478,28.8563327789307,15.8,12.0,2.8,0,0,TRACKING_FALTANTE_TOTAL
Victor Wembanyama,1641705,Victor Wembanyama,SAS,Minnesota Timberwolves @ San Antonio Spurs,MIN,1,PR,COMBO,37.5,1.64,1.94,UNDER,1.94,34.40809631347656,-3.0919036865234375,3.0919036865234375,8.245076497395832,5.7314,PR,True,29.072665977478,28.8563327789307,15.8,12.0,2.8,0,0,TRACKING_FALTANTE_TOTAL
Victor Wembanyama,1641705,Victor Wembanyama,SAS,Minnesota Timberwolves @ San Antonio Spurs,MIN,1,PR,COMBO,39.5,1.86,1.7,UNDER,1.7,34.40809631347656,-5.0919036865234375,5.0919036865234375,12.890895408920095,5.7314,PR,True,29.072665977478,28.8563327789307,15.8,12.0,2.8,0,0,TRACKING_FALTANTE_TOTAL
Victor Wembanyama,1641705,Victor Wembanyama,SAS,Minnesota Timberwolves @ San Antonio Spurs,MIN,1,PR,COMBO,40.5,2.0,1.6,UNDER,1.6,34.40809631347656,-6.0919036865234375,6.0919036865234375,15.041737497588734,5.7314,PR,True,29.072665977478,28.8563327789307,15.8,12.0,2.8,0,0,TRACKING_FALTANTE_TOTAL
Victor Wembanyama,1641705,Victor Wembanyama,SAS,Minnesota Timberwolves @ San Antonio Spurs,MIN,1,PR,COMBO,41.5,2.07,1.56,UNDER,1.56,34.40809631347656,-7.0919036865234375,7.0919036865234375,17.08892454583961,5.7314,PR,True,29.072665977478,28.8563327789307,15.8,12.0,2.8,0,0,TRACKING_FALTANTE_TOTAL
Victor Wembanyama,1641705,Victor Wembanyama,SAS,Minnesota Timberwolves @ San Antonio Spurs,MIN,1,RA,COMBO,16.5,1.95,1.63,UNDER,1.63,12.746099472045898,-3.7539005279541016,3.7539005279541016,22.750912290630918,2.6976,RA,True,29.072665977478,28.8563327789307,15.8,12.0,2.8,0,0,TRACKING_FALTANTE_TOTAL
Victor Wembanyama,1641705,Victor Wembanyama,SAS,Minnesota Timberwolves @ San Antonio Spurs,MIN,1,RA,COMBO,15.5,1.72,1.96,UNDER,1.96,12.746099472045898,-2.7539005279541016,2.7539005279541016,17.767100180349043,2.6976,RA,True,29.072665977478,28.8563327789307,15.8,12.0,2.8,0,0,TRACKING_FALTANTE_TOTAL
Victor Wembanyama,1641705,Victor Wembanyama,SAS,Minnesota Timberwolves @ San Antonio Spurs,MIN,1,RA,COMBO,14.5,1.51,2.16,UNDER,2.16,12.746099472045898,-1.7539005279541016,1.7539005279541016,12.095865710028287,2.6976,RA,True,29.072665977478,28.8563327789307,15.8,12.0,2.8,0,0,TRACKING_FALTANTE_TOTAL
Victor Wembanyama,1641705,Victor Wembanyama,SAS,Minnesota Timberwolves @ San Antonio Spurs,MIN,1,PRA,COMBO,39.5,1.57,2.05,UNDER,2.05,35.663997650146484,-3.8360023498535156,3.8360023498535156,9.711398354059533,6.1893,PRA,True,29.072665977478,28.8563327789307,15.8,12.0,2.8,0,0,TRACKING_FALTANTE_TOTAL
Victor Wembanyama,1641705,Victor Wembanyama,SAS,Minnesota Timberwolves @ San Antonio Spurs,MIN,1,PRA,COMBO,44.5,2.08,1.55,UNDER,1.55,35.663997650146484,-8.836002349853516,8.836002349853516,19.8561850558506,6.1893,PRA,True,29.072665977478,28.8563327789307,15.8,12.0,2.8,0,0,TRACKING_FALTANTE_TOTAL
Victor Wembanyama,1641705,Victor Wembanyama,SAS,Minnesota Timberwolves @ San Antonio Spurs,MIN,1,PRA,COMBO,46.5,2.36,1.42,UNDER,1.42,35.663997650146484,-10.836002349853516,10.836002349853516,23.303230859900033,6.1893,PRA,True,29.072665977478,28.8563327789307,15.8,12.0,2.8,0,0,TRACKING_FALTANTE_TOTAL
Victor Wembanyama,1641705,Victor Wembanyama,SAS,Minnesota Timberwolves @ San Antonio Spurs,MIN,1,PRA,COMBO,41.5,1.71,1.85,UNDER,1.85,35.663997650146484,-5.836002349853516,5.836002349853516,14.062656264707266,6.1893,PRA,True,29.072665977478,28.8563327789307,15.8,12.0,2.8,0,0,TRACKING_FALTANTE_TOTAL
Victor Wembanyama,1641705,Victor Wembanyama,SAS,Minnesota Timberwolves @ San Antonio Spurs,MIN,1,PRA,COMBO,42.5,1.89,1.79,UNDER,1.79,35.663997650146484,-6.836002349853516,6.836002349853516,16.084711411420034,6.1893,PRA,True,29.072665977478,28.8563327789307,15.8,12.0,2.8,0,0,TRACKING_FALTANTE_TOTAL
Victor Wembanyama,1641705,Victor Wembanyama,SAS,Minnesota Timberwolves @ San Antonio Spurs,MIN,1,PRA,COMBO,36.5,1.34,2.65,UNDER,2.65,35.663997650146484,-0.8360023498535156,0.8360023498535156,2.2904173968589467,6.1893,PRA,False,29.072665977478,28.8563327789307,15.8,12.0,2.8,0,0,TRACKING_FALTANTE_TOTAL
Victor Wembanyama,1641705,Victor Wembanyama,SAS,Minnesota Timberwolves @ San Antonio Spurs,MIN,1,PRA,COMBO,40.5,1.62,1.97,UNDER,1.97,35.663997650146484,-4.836002349853516,4.836002349853516,11.940746542848187,6.1893,PRA,True,29.072665977478,28.8563327789307,15.8,12.0,2.8,0,0,TRACKING_FALTANTE_TOTAL
Victor Wembanyama,1641705,Victor Wembanyama,SAS,Minnesota Timberwolves @ San Antonio Spurs,MIN,1,PRA,COMBO,43.5,1.93,1.65,UNDER,1.65,35.663997650146484,-7.836002349853516,7.836002349853516,18.01379850541038,6.1893,PRA,True,29.072665977478,28.8563327789307,15.8,12.0,2.8,0,0,TRACKING_FALTANTE_TOTAL
Victor Wembanyama,1641705,Victor Wembanyama,SAS,Minnesota Timberwolves @ San Antonio Spurs,MIN,1,PRA,COMBO,47.5,2.56,1.36,UNDER,1.36,35.663997650146484,-11.836002349853516,11.836002349853516,24.91789968390214,6.1893,PRA,True,29.072665977478,28.8563327789307,15.8,12.0,2.8,0,0,TRACKING_FALTANTE_TOTAL
Victor Wembanyama,1641705,Victor Wembanyama,SAS,Minnesota Timberwolves @ San Antonio Spurs,MIN,1,PRA,COMBO,48.5,2.77,1.31,UNDER,1.31,35.663997650146484,-12.836002349853516,12.836002349853516,26.465984226502094,6.1893,PRA,True,29.072665977478,28.8563327789307,15.8,12.0,2.8,0,0,TRACKING_FALTANTE_TOTAL
Victor Wembanyama,1641705,Victor Wembanyama,SAS,Minnesota Timberwolves @ San Antonio Spurs,MIN,1,PRA,COMBO,37.5,1.4,2.43,UNDER,2.43,35.663997650146484,-1.8360023498535156,1.8360023498535156,4.896006266276041,6.1893,PRA,False,29.072665977478,28.8563327789307,15.8,12.0,2.8,0,0,TRACKING_FALTANTE_TOTAL
Victor Wembanyama,1641705,Victor Wembanyama,SAS,Minnesota Timberwolves @ San Antonio Spurs,MIN,1,PRA,COMBO,38.5,1.48,2.22,UNDER,2.22,35.663997650146484,-2.8360023498535156,2.8360023498535156,7.366239869749391,6.1893,PRA,False,29.072665977478,28.8563327789307,15.8,12.0,2.8,0,0,TRACKING_FALTANTE_TOTAL
Victor Wembanyama,1641705,Victor Wembanyama,SAS,Minnesota Timberwolves @ San Antonio Spurs,MIN,1,PRA,COMBO,45.5,2.16,1.51,UNDER,1.51,35.663997650146484,-9.836002349853516,9.836002349853516,21.617587582095638,6.1893,PRA,True,29.072665977478,28.8563327789307,15.8,12.0,2.8,0,0,TRACKING_FALTANTE_TOTAL
Ausar Thompson,1641709,Ausar Thompson,DET,Detroit Pistons @ Cleveland Cavaliers,CLE,0,PTS,SINGLE,7.5,1.34,2.64,OVER,1.34,10.209137916564941,2.7091379165649414,2.7091379165649414,36.121838887532554,4.8341,PTS,True,34.341333770752,30.870666885376,7.0,9.2,4.4,0,0,POTENTIAL_AST_FALTANTE
Ausar Thompson,1641709,Ausar Thompson,DET,Detroit Pistons @ Cleveland Cavaliers,CLE,0,PTS,SINGLE,10.5,1.94,1.64,UNDER,1.64,10.209137916564941,-0.2908620834350586,0.2908620834350586,2.770115080333891,4.8341,PTS,False,34.341333770752,30.870666885376,7.0,9.2,4.4,0,0,POTENTIAL_AST_FALTANTE
Ausar Thompson,1641709,Ausar Thompson,DET,Detroit Pistons @ Cleveland Cavaliers,CLE,0,PTS,SINGLE,11.5,2.14,1.52,UNDER,1.52,10.209137916564941,-1.2908620834350586,1.2908620834350586,11.224887682043988,4.8341,PTS,False,34.341333770752,30.870666885376,7.0,9.2,4.4,0,0,POTENTIAL_AST_FALTANTE
Ausar Thompson,1641709,Ausar Thompson,DET,Detroit Pistons @ Cleveland Cavaliers,CLE,0,PTS,SINGLE,8.5,1.55,2.08,OVER,1.55,10.209137916564941,1.7091379165649414,1.7091379165649414,20.107504900764017,4.8341,PTS,False,34.341333770752,30.870666885376,7.0,9.2,4.4,0,0,POTENTIAL_AST_FALTANTE
Ausar Thompson,1641709,Ausar Thompson,DET,Detroit Pistons @ Cleveland Cavaliers,CLE,0,PTS,SINGLE,12.5,2.6,1.35,UNDER,1.35,10.209137916564941,-2.2908620834350586,2.2908620834350586,18.32689666748047,4.8341,PTS,False,34.341333770752,30.870666885376,7.0,9.2,4.4,0,0,POTENTIAL_AST_FALTANTE
Ausar Thompson,1641709,Ausar Thompson,DET,Detroit Pistons @ Cleveland Cavaliers,CLE,0,PTS,SINGLE,9.5,1.7,1.99,OVER,1.7,10.209137916564941,0.7091379165649414,0.7091379165649414,7.464609648052015,4.8341,PTS,False,34.341333770752,30.870666885376,7.0,9.2,4.4,0,0,POTENTIAL_AST_FALTANTE
Ausar Thompson,1641709,Ausar Thompson,DET,Detroit Pistons @ Cleveland Cavaliers,CLE,0,AST,SINGLE,3.5,1.93,1.75,UNDER,1.75,3.4897050857543945,-0.010294914245605469,0.010294914245605469,0.2941404070172991,1.4546,AST_FALLBACK,False,34.341333770752,30.870666885376,7.0,9.2,4.4,0,0,POTENTIAL_AST_FALTANTE
Ausar Thompson,1641709,Ausar Thompson,DET,Detroit Pistons @ Cleveland Cavaliers,CLE,0,AST,SINGLE,2.5,1.39,2.45,OVER,1.39,3.4897050857543945,0.9897050857543945,0.9897050857543945,39.58820343017578,1.4546,AST_FALLBACK,True,34.341333770752,30.870666885376,7.0,9.2,4.4,0,0,POTENTIAL_AST_FALTANTE
Ausar Thompson,1641709,Ausar Thompson,DET,Detroit Pistons @ Cleveland Cavaliers,CLE,0,AST,SINGLE,4.5,2.64,1.34,UNDER,1.34,3.4897050857543945,-1.0102949142456055,1.0102949142456055,22.45099809434679,1.4546,AST_FALLBACK,True,34.341333770752,30.870666885376,7.0,9.2,4.4,0,0,POTENTIAL_AST_FALTANTE
Ausar Thompson,1641709,Ausar Thompson,DET,Detroit Pistons @ Cleveland Cavaliers,CLE,0,Q1_AST,Q1,0.5,1.56,2.22,OVER,1.56,0.986677885055542,0.486677885055542,0.486677885055542,97.3355770111084,0.7063,Q1_AST,True,34.341333770752,30.870666885376,7.0,9.2,4.4,0,0,POTENTIAL_AST_FALTANTE
Ausar Thompson,1641709,Ausar Thompson,DET,Detroit Pistons @ Cleveland Cavaliers,CLE,0,Q1_REB,Q1,1.5,1.75,1.93,OVER,1.75,1.922324776649475,0.4223247766494751,0.4223247766494751,28.154985109965008,0.9236,Q1_REB,False,34.341333770752,30.870666885376,7.0,9.2,4.4,0,0,POTENTIAL_AST_FALTANTE
Ausar Thompson,1641709,Ausar Thompson,DET,Detroit Pistons @ Cleveland Cavaliers,CLE,0,FTM,SINGLE,1.5,2.07,1.65,UNDER,1.65,1.2913594245910645,-0.20864057540893555,0.20864057540893555,13.909371693929037,1.4962,FTM,False,34.341333770752,30.870666885376,7.0,9.2,4.4,0,0,POTENTIAL_AST_FALTANTE
Ausar Thompson,1641709,Ausar Thompson,DET,Detroit Pistons @ Cleveland Cavaliers,CLE,0,FTA,SINGLE,2.5,2.15,1.6,UNDER,1.6,2.0246376991271973,-0.47536230087280273,0.47536230087280273,19.01449203491211,1.8012,FTA,False,34.341333770752,30.870666885376,7.0,9.2,4.4,0,0,POTENTIAL_AST_FALTANTE
Ausar Thompson,1641709,Ausar Thompson,DET,Detroit Pistons @ Cleveland Cavaliers,CLE,0,FGM,SINGLE,4.5,2.07,1.65,UNDER,1.65,4.062948703765869,-0.43705129623413086,0.43705129623413086,9.712251027425129,1.8635,FGM,False,34.341333770752,30.870666885376,7.0,9.2,4.4,0,0,POTENTIAL_AST_FALTANTE
Ausar Thompson,1641709,Ausar Thompson,DET,Detroit Pistons @ Cleveland Cavaliers,CLE,0,FGA,SINGLE,7.5,1.69,2.01,OVER,1.69,7.504400730133057,0.004400730133056641,0.004400730133056641,0.05867640177408854,2.8767,FGA,False,34.341333770752,30.870666885376,7.0,9.2,4.4,0,0,POTENTIAL_AST_FALTANTE
Ausar Thompson,1641709,Ausar Thompson,DET,Detroit Pistons @ Cleveland Cavaliers,CLE,0,REB,SINGLE,6.5,1.58,2.03,OVER,1.58,6.598137378692627,0.09813737869262695,0.09813737869262695,1.5098058260404148,1.9667,REB,False,34.341333770752,30.870666885376,7.0,9.2,4.4,0,0,POTENTIAL_AST_FALTANTE
Ausar Thompson,1641709,Ausar Thompson,DET,Detroit Pistons @ Cleveland Cavaliers,CLE,0,REB,SINGLE,8.5,2.43,1.4,UNDER,1.4,6.598137378692627,-1.901862621307373,1.901862621307373,22.374854368322037,1.9667,REB,True,34.341333770752,30.870666885376,7.0,9.2,4.4,0,0,POTENTIAL_AST_FALTANTE
Ausar Thompson,1641709,Ausar Thompson,DET,Detroit Pistons @ Cleveland Cavaliers,CLE,0,REB,SINGLE,7.5,2.05,1.66,UNDER,1.66,6.598137378692627,-0.901862621307373,0.901862621307373,12.024834950764975,1.9667,REB,False,34.341333770752,30.870666885376,7.0,9.2,4.4,0,0,POTENTIAL_AST_FALTANTE
Ausar Thompson,1641709,Ausar Thompson,DET,Detroit Pistons @ Cleveland Cavaliers,CLE,0,REB,SINGLE,5.5,1.34,2.62,OVER,1.34,6.598137378692627,1.098137378692627,1.098137378692627,19.966134158047762,1.9667,REB,True,34.341333770752,30.870666885376,7.0,9.2,4.4,0,0,POTENTIAL_AST_FALTANTE
Ausar Thompson,1641709,Ausar Thompson,DET,Detroit Pistons @ Cleveland Cavaliers,CLE,0,PA,COMBO,13.5,1.83,1.84,UNDER,1.84,12.066078186035156,-1.4339218139648438,1.4339218139648438,10.62164306640625,5.2838,PA,False,34.341333770752,30.870666885376,7.0,9.2,4.4,0,0,POTENTIAL_AST_FALTANTE
Ausar Thompson,1641709,Ausar Thompson,DET,Detroit Pistons @ Cleveland Cavaliers,CLE,0,PA,COMBO,14.5,2.03,1.58,UNDER,1.58,12.066078186035156,-2.4339218139648438,2.4339218139648438,16.785667682516163,5.2838,PA,False,34.341333770752,30.870666885376,7.0,9.2,4.4,0,0,POTENTIAL_AST_FALTANTE
Ausar Thompson,1641709,Ausar Thompson,DET,Detroit Pistons @ Cleveland Cavaliers,CLE,0,PA,COMBO,12.5,1.58,2.03,UNDER,2.03,12.066078186035156,-0.43392181396484375,0.43392181396484375,3.47137451171875,5.2838,PA,False,34.341333770752,30.870666885376,7.0,9.2,4.4,0,0,POTENTIAL_AST_FALTANTE
Ausar Thompson,1641709,Ausar Thompson,DET,Detroit Pistons @ Cleveland Cavaliers,CLE,0,PR,COMBO,15.5,1.55,2.09,OVER,1.55,16.93292808532715,1.4329280853271484,1.4329280853271484,9.24469732469128,5.7314,PR,False,34.341333770752,30.870666885376,7.0,9.2,4.4,0,0,POTENTIAL_AST_FALTANTE
Ausar Thompson,1641709,Ausar Thompson,DET,Detroit Pistons @ Cleveland Cavaliers,CLE,0,PR,COMBO,16.5,1.67,1.91,OVER,1.67,16.93292808532715,0.43292808532714844,0.43292808532714844,2.6238065777402935,5.7314,PR,False,34.341333770752,30.870666885376,7.0,9.2,4.4,0,0,POTENTIAL_AST_FALTANTE
Ausar Thompson,1641709,Ausar Thompson,DET,Detroit Pistons @ Cleveland Cavaliers,CLE,0,PR,COMBO,18.5,2.05,1.57,UNDER,1.57,16.93292808532715,-1.5670719146728516,1.5670719146728516,8.47065899823163,5.7314,PR,False,34.341333770752,30.870666885376,7.0,9.2,4.4,0,0,POTENTIAL_AST_FALTANTE
Ausar Thompson,1641709,Ausar Thompson,DET,Detroit Pistons @ Cleveland Cavaliers,CLE,0,PR,COMBO,17.5,1.91,1.77,UNDER,1.77,16.93292808532715,-0.5670719146728516,0.5670719146728516,3.240410940987723,5.7314,PR,False,34.341333770752,30.870666885376,7.0,9.2,4.4,0,0,POTENTIAL_AST_FALTANTE
Ausar Thompson,1641709,Ausar Thompson,DET,Detroit Pistons @ Cleveland Cavaliers,CLE,0,RA,COMBO,11.5,2.11,1.54,UNDER,1.54,9.225676536560059,-2.2743234634399414,2.2743234634399414,19.77672576904297,2.6976,RA,True,34.341333770752,30.870666885376,7.0,9.2,4.4,0,0,POTENTIAL_AST_FALTANTE
Ausar Thompson,1641709,Ausar Thompson,DET,Detroit Pistons @ Cleveland Cavaliers,CLE,0,RA,COMBO,9.5,1.52,2.14,UNDER,2.14,9.225676536560059,-0.2743234634399414,0.2743234634399414,2.887615404630962,2.6976,RA,False,34.341333770752,30.870666885376,7.0,9.2,4.4,0,0,POTENTIAL_AST_FALTANTE
Ausar Thompson,1641709,Ausar Thompson,DET,Detroit Pistons @ Cleveland Cavaliers,CLE,0,RA,COMBO,10.5,1.79,1.88,UNDER,1.88,9.225676536560059,-1.2743234634399414,1.2743234634399414,12.136413937523253,2.6976,RA,False,34.341333770752,30.870666885376,7.0,9.2,4.4,0,0,POTENTIAL_AST_FALTANTE
Ausar Thompson,1641709,Ausar Thompson,DET,Detroit Pistons @ Cleveland Cavaliers,CLE,0,PRA,COMBO,23.5,2.37,1.42,UNDER,1.42,19.382568359375,-4.117431640625,4.117431640625,17.520985704787233,6.1893,PRA,True,34.341333770752,30.870666885376,7.0,9.2,4.4,0,0,POTENTIAL_AST_FALTANTE
Ausar Thompson,1641709,Ausar Thompson,DET,Detroit Pistons @ Cleveland Cavaliers,CLE,0,PRA,COMBO,24.5,2.73,1.32,UNDER,1.32,19.382568359375,-5.117431640625,5.117431640625,20.887476084183675,6.1893,PRA,True,34.341333770752,30.870666885376,7.0,9.2,4.4,0,0,POTENTIAL_AST_FALTANTE
Ausar Thompson,1641709,Ausar Thompson,DET,Detroit Pistons @ Cleveland Cavaliers,CLE,0,PRA,COMBO,22.5,2.07,1.56,UNDER,1.56,19.382568359375,-3.117431640625,3.117431640625,13.85525173611111,6.1893,PRA,True,34.341333770752,30.870666885376,7.0,9.2,4.4,0,0,POTENTIAL_AST_FALTANTE
Ausar Thompson,1641709,Ausar Thompson,DET,Detroit Pistons @ Cleveland Cavaliers,CLE,0,PRA,COMBO,18.5,1.47,2.24,OVER,1.47,19.382568359375,0.882568359375,0.882568359375,4.770639780405405,6.1893,PRA,False,34.341333770752,30.870666885376,7.0,9.2,4.4,0,0,POTENTIAL_AST_FALTANTE
Ausar Thompson,1641709,Ausar Thompson,DET,Detroit Pistons @ Cleveland Cavaliers,CLE,0,PRA,COMBO,19.5,1.57,2.05,UNDER,2.05,19.382568359375,-0.117431640625,0.117431640625,0.6022135416666667,6.1893,PRA,False,34.341333770752,30.870666885376,7.0,9.2,4.4,0,0,POTENTIAL_AST_FALTANTE
Ausar Thompson,1641709,Ausar Thompson,DET,Detroit Pistons @ Cleveland Cavaliers,CLE,0,PRA,COMBO,21.5,1.91,1.66,UNDER,1.66,19.382568359375,-2.117431640625,2.117431640625,9.84851925872093,6.1893,PRA,False,34.341333770752,30.870666885376,7.0,9.2,4.4,0,0,POTENTIAL_AST_FALTANTE
Ausar Thompson,1641709,Ausar Thompson,DET,Detroit Pistons @ Cleveland Cavaliers,CLE,0,PRA,COMBO,20.5,1.76,1.91,UNDER,1.91,19.382568359375,-1.117431640625,1.117431640625,5.4508860518292686,6.1893,PRA,False,34.341333770752,30.870666885376,7.0,9.2,4.4,0,0,POTENTIAL_AST_FALTANTE
Ausar Thompson,1641709,Ausar Thompson,DET,Detroit Pistons @ Cleveland Cavaliers,CLE,0,PRA,COMBO,17.5,1.36,2.57,OVER,1.36,19.382568359375,1.882568359375,1.882568359375,10.757533482142858,6.1893,PRA,False,34.341333770752,30.870666885376,7.0,9.2,4.4,0,0,POTENTIAL_AST_FALTANTE
Daniss Jenkins,1642450,Daniss Jenkins,DET,Detroit Pistons @ Cleveland Cavaliers,CLE,0,PTS,SINGLE,6.5,1.32,2.74,OVER,1.32,9.750832557678223,3.2508325576782227,3.2508325576782227,50.01280857966497,4.8341,PTS,True,21.2816665649414,18.3608331680298,8.8,2.6,3.4,0,0,POTENTIAL_AST_FALTANTE
Daniss Jenkins,1642450,Daniss Jenkins,DET,Detroit Pistons @ Cleveland Cavaliers,CLE,0,PTS,SINGLE,8.5,1.59,2.01,OVER,1.59,9.750832557678223,1.2508325576782227,1.2508325576782227,14.71567714915556,4.8341,PTS,False,21.2816665649414,18.3608331680298,8.8,2.6,3.4,0,0,POTENTIAL_AST_FALTANTE
Daniss Jenkins,1642450,Daniss Jenkins,DET,Detroit Pistons @ Cleveland Cavaliers,CLE,0,PTS,SINGLE,10.5,2.03,1.58,UNDER,1.58,9.750832557678223,-0.7491674423217773,0.7491674423217773,7.134928022112165,4.8341,PTS,False,21.2816665649414,18.3608331680298,8.8,2.6,3.4,0,0,POTENTIAL_AST_FALTANTE
Daniss Jenkins,1642450,Daniss Jenkins,DET,Detroit Pistons @ Cleveland Cavaliers,CLE,0,PTS,SINGLE,11.5,2.28,1.46,UNDER,1.46,9.750832557678223,-1.7491674423217773,1.7491674423217773,15.210151672363281,4.8341,PTS,False,21.2816665649414,18.3608331680298,8.8,2.6,3.4,0,0,POTENTIAL_AST_FALTANTE
Daniss Jenkins,1642450,Daniss Jenkins,DET,Detroit Pistons @ Cleveland Cavaliers,CLE,0,PTS,SINGLE,7.5,1.46,2.28,OVER,1.46,9.750832557678223,2.2508325576782227,2.2508325576782227,30.01110076904297,4.8341,PTS,False,21.2816665649414,18.3608331680298,8.8,2.6,3.4,0,0,POTENTIAL_AST_FALTANTE
Daniss Jenkins,1642450,Daniss Jenkins,DET,Detroit Pistons @ Cleveland Cavaliers,CLE,0,PTS,SINGLE,9.5,1.85,1.82,OVER,1.85,9.750832557678223,0.25083255767822266,0.25083255767822266,2.6403427124023438,4.8341,PTS,False,21.2816665649414,18.3608331680298,8.8,2.6,3.4,0,0,POTENTIAL_AST_FALTANTE
Daniss Jenkins,1642450,Daniss Jenkins,DET,Detroit Pistons @ Cleveland Cavaliers,CLE,0,PTS,SINGLE,12.5,2.67,1.33,UNDER,1.33,9.750832557678223,-2.7491674423217773,2.7491674423217773,21.99333953857422,4.8341,PTS,True,21.2816665649414,18.3608331680298,8.8,2.6,3.4,0,0,POTENTIAL_AST_FALTANTE
Daniss Jenkins,1642450,Daniss Jenkins,DET,Detroit Pistons @ Cleveland Cavaliers,CLE,0,AST,SINGLE,3.5,2.12,1.62,UNDER,1.62,3.369550943374634,-0.1304490566253662,0.1304490566253662,3.7271159035818915,1.4546,AST_FALLBACK,False,21.2816665649414,18.3608331680298,8.8,2.6,3.4,0,0,POTENTIAL_AST_FALTANTE
Daniss Jenkins,1642450,Daniss Jenkins,DET,Detroit Pistons @ Cleveland Cavaliers,CLE,0,AST,SINGLE,2.5,1.5,2.18,OVER,1.5,3.369550943374634,0.8695509433746338,0.8695509433746338,34.78203773498535,1.4546,AST_FALLBACK,True,21.2816665649414,18.3608331680298,8.8,2.6,3.4,0,0,POTENTIAL_AST_FALTANTE
Daniss Jenkins,1642450,Daniss Jenkins,DET,Detroit Pistons @ Cleveland Cavaliers,CLE,0,3PT,SINGLE,1.5,2.64,1.41,UNDER,1.41,1.2204535007476807,-0.27954649925231934,0.27954649925231934,18.636433283487953,0.9642,3PT,False,21.2816665649414,18.3608331680298,8.8,2.6,3.4,0,0,POTENTIAL_AST_FALTANTE
Daniss Jenkins,1642450,Daniss Jenkins,DET,Detroit Pistons @ Cleveland Cavaliers,CLE,0,3PT,SINGLE,0.5,1.38,2.49,OVER,1.38,1.2204535007476807,0.7204535007476807,0.7204535007476807,144.09070014953613,0.9642,3PT,True,21.2816665649414,18.3608331680298,8.8,2.6,3.4,0,0,POTENTIAL_AST_FALTANTE
Daniss Jenkins,1642450,Daniss Jenkins,DET,Detroit Pistons @ Cleveland Cavaliers,CLE,0,Q1_PTS,Q1,2.5,2.0,1.69,UNDER,1.69,2.4649553298950195,-0.03504467010498047,0.03504467010498047,1.4017868041992188,2.087,Q1_PTS,False,21.2816665649414,18.3608331680298,8.8,2.6,3.4,0,0,POTENTIAL_AST_FALTANTE
Daniss Jenkins,1642450,Daniss Jenkins,DET,Detroit Pistons @ Cleveland Cavaliers,CLE,0,Q1_AST,Q1,0.5,1.58,2.18,OVER,1.58,0.8365315198898315,0.33653151988983154,0.33653151988983154,67.30630397796631,0.7063,Q1_AST,False,21.2816665649414,18.3608331680298,8.8,2.6,3.4,0,0,POTENTIAL_AST_FALTANTE
Daniss Jenkins,1642450,Daniss Jenkins,DET,Detroit Pistons @ Cleveland Cavaliers,CLE,0,Q1_REB,Q1,0.5,1.88,1.79,OVER,1.88,0.6413904428482056,0.14139044284820557,0.14139044284820557,28.278088569641113,0.9236,Q1_REB,False,21.2816665649414,18.3608331680298,8.8,2.6,3.4,0,0,POTENTIAL_AST_FALTANTE
Daniss Jenkins,1642450,Daniss Jenkins,DET,Detroit Pistons @ Cleveland Cavaliers,CLE,0,FTM,SINGLE,1.5,1.69,2.01,UNDER,2.01,1.4901132583618164,-0.009886741638183594,0.009886741638183594,0.6591161092122395,1.4962,FTM,False,21.2816665649414,18.3608331680298,8.8,2.6,3.4,0,0,POTENTIAL_AST_FALTANTE
Daniss Jenkins,1642450,Daniss Jenkins,DET,Detroit Pistons @ Cleveland Cavaliers,CLE,0,FGM,SINGLE,3.5,2.09,1.64,UNDER,1.64,3.3934223651885986,-0.10657763481140137,0.10657763481140137,3.0450752803257535,1.8635,FGM,False,21.2816665649414,18.3608331680298,8.8,2.6,3.4,0,0,POTENTIAL_AST_FALTANTE
Daniss Jenkins,1642450,Daniss Jenkins,DET,Detroit Pistons @ Cleveland Cavaliers,CLE,0,FGA,SINGLE,8.5,2.07,1.65,UNDER,1.65,8.4046049118042,-0.09539508819580078,0.09539508819580078,1.1222951552447151,2.8767,FGA,False,21.2816665649414,18.3608331680298,8.8,2.6,3.4,0,0,POTENTIAL_AST_FALTANTE
Daniss Jenkins,1642450,Daniss Jenkins,DET,Detroit Pistons @ Cleveland Cavaliers,CLE,0,FGA,SINGLE,7.5,1.62,1.97,OVER,1.62,8.4046049118042,0.9046049118041992,0.9046049118041992,12.06139882405599,2.8767,FGA,False,21.2816665649414,18.3608331680298,8.8,2.6,3.4,0,0,POTENTIAL_AST_FALTANTE
Daniss Jenkins,1642450,Daniss Jenkins,DET,Detroit Pistons @ Cleveland Cavaliers,CLE,0,FG3A,SINGLE,3.5,2.01,1.69,UNDER,1.69,3.2802910804748535,-0.21970891952514648,0.21970891952514648,6.2773977007184705,1.5883,FG3A,False,21.2816665649414,18.3608331680298,8.8,2.6,3.4,0,0,POTENTIAL_AST_FALTANTE
Daniss Jenkins,1642450,Daniss Jenkins,DET,Detroit Pistons @ Cleveland Cavaliers,CLE,0,REB,SINGLE,2.5,2.01,1.68,UNDER,1.68,2.4463133811950684,-0.05368661880493164,0.05368661880493164,2.1474647521972656,1.9667,REB,False,21.2816665649414,18.3608331680298,8.8,2.6,3.4,0,0,POTENTIAL_AST_FALTANTE
Daniss Jenkins,1642450,Daniss Jenkins,DET,Detroit Pistons @ Cleveland Cavaliers,CLE,0,REB,SINGLE,1.5,1.37,2.52,OVER,1.37,2.4463133811950684,0.9463133811950684,0.9463133811950684,63.08755874633789,1.9667,REB,False,21.2816665649414,18.3608331680298,8.8,2.6,3.4,0,0,POTENTIAL_AST_FALTANTE
Daniss Jenkins,1642450,Daniss Jenkins,DET,Detroit Pistons @ Cleveland Cavaliers,CLE,0,PA,COMBO,13.5,1.92,1.65,UNDER,1.65,12.044374465942383,-1.4556255340576172,1.4556255340576172,10.782411363389757,5.2838,PA,False,21.2816665649414,18.3608331680298,8.8,2.6,3.4,0,0,POTENTIAL_AST_FALTANTE
Daniss Jenkins,1642450,Daniss Jenkins,DET,Detroit Pistons @ Cleveland Cavaliers,CLE,0,PA,COMBO,14.5,2.09,1.55,UNDER,1.55,12.044374465942383,-2.455625534057617,2.455625534057617,16.935348510742188,5.2838,PA,False,21.2816665649414,18.3608331680298,8.8,2.6,3.4,0,0,POTENTIAL_AST_FALTANTE
Daniss Jenkins,1642450,Daniss Jenkins,DET,Detroit Pistons @ Cleveland Cavaliers,CLE,0,PA,COMBO,11.5,1.54,2.1,OVER,1.54,12.044374465942383,0.5443744659423828,0.5443744659423828,4.733691008194634,5.2838,PA,False,21.2816665649414,18.3608331680298,8.8,2.6,3.4,0,0,POTENTIAL_AST_FALTANTE
Daniss Jenkins,1642450,Daniss Jenkins,DET,Detroit Pistons @ Cleveland Cavaliers,CLE,0,PA,COMBO,12.5,1.75,1.93,UNDER,1.93,12.044374465942383,-0.4556255340576172,0.4556255340576172,3.6450042724609375,5.2838,PA,False,21.2816665649414,18.3608331680298,8.8,2.6,3.4,0,0,POTENTIAL_AST_FALTANTE
Daniss Jenkins,1642450,Daniss Jenkins,DET,Detroit Pistons @ Cleveland Cavaliers,CLE,0,PR,COMBO,10.5,1.57,2.05,OVER,1.57,11.775674819946289,1.275674819946289,1.275674819946289,12.149283999488466,5.7314,PR,False,21.2816665649414,18.3608331680298,8.8,2.6,3.4,0,0,POTENTIAL_AST_FALTANTE
Daniss Jenkins,1642450,Daniss Jenkins,DET,Detroit Pistons @ Cleveland Cavaliers,CLE,0,PR,COMBO,12.5,1.9,1.67,UNDER,1.67,11.775674819946289,-0.7243251800537109,0.7243251800537109,5.7946014404296875,5.7314,PR,False,21.2816665649414,18.3608331680298,8.8,2.6,3.4,0,0,POTENTIAL_AST_FALTANTE
Daniss Jenkins,1642450,Daniss Jenkins,DET,Detroit Pistons @ Cleveland Cavaliers,CLE,0,PR,COMBO,13.5,2.06,1.56,UNDER,1.56,11.775674819946289,-1.724325180053711,1.724325180053711,12.772779111508969,5.7314,PR,False,21.2816665649414,18.3608331680298,8.8,2.6,3.4,0,0,POTENTIAL_AST_FALTANTE
Daniss Jenkins,1642450,Daniss Jenkins,DET,Detroit Pistons @ Cleveland Cavaliers,CLE,0,PR,COMBO,11.5,1.74,1.94,OVER,1.74,11.775674819946289,0.27567481994628906,0.27567481994628906,2.3971723473590356,5.7314,PR,False,21.2816665649414,18.3608331680298,8.8,2.6,3.4,0,0,POTENTIAL_AST_FALTANTE
Daniss Jenkins,1642450,Daniss Jenkins,DET,Detroit Pistons @ Cleveland Cavaliers,CLE,0,RA,COMBO,6.5,2.12,1.53,UNDER,1.53,5.198389053344727,-1.3016109466552734,1.3016109466552734,20.024783794696514,2.6976,RA,False,21.2816665649414,18.3608331680298,8.8,2.6,3.4,0,0,POTENTIAL_AST_FALTANTE
Daniss Jenkins,1642450,Daniss Jenkins,DET,Detroit Pistons @ Cleveland Cavaliers,CLE,0,RA,COMBO,5.5,1.79,1.89,UNDER,1.89,5.198389053344727,-0.30161094665527344,0.30161094665527344,5.483835393732244,2.6976,RA,False,21.2816665649414,18.3608331680298,8.8,2.6,3.4,0,0,POTENTIAL_AST_FALTANTE
Daniss Jenkins,1642450,Daniss Jenkins,DET,Detroit Pistons @ Cleveland Cavaliers,CLE,0,PRA,COMBO,15.5,1.88,1.8,UNDER,1.8,14.809593200683594,-0.6904067993164062,0.6904067993164062,4.454237414944556,6.1893,PRA,False,21.2816665649414,18.3608331680298,8.8,2.6,3.4,0,0,POTENTIAL_AST_FALTANTE
Daniss Jenkins,1642450,Daniss Jenkins,DET,Detroit Pistons @ Cleveland Cavaliers,CLE,0,PRA,COMBO,11.5,1.3,2.79,OVER,1.3,14.809593200683594,3.3095932006835938,3.3095932006835938,28.77907131029212,6.1893,PRA,True,21.2816665649414,18.3608331680298,8.8,2.6,3.4,0,0,POTENTIAL_AST_FALTANTE
Daniss Jenkins,1642450,Daniss Jenkins,DET,Detroit Pistons @ Cleveland Cavaliers,CLE,0,PRA,COMBO,14.5,1.64,1.94,OVER,1.64,14.809593200683594,0.30959320068359375,0.30959320068359375,2.135125521955819,6.1893,PRA,False,21.2816665649414,18.3608331680298,8.8,2.6,3.4,0,0,POTENTIAL_AST_FALTANTE
Daniss Jenkins,1642450,Daniss Jenkins,DET,Detroit Pistons @ Cleveland Cavaliers,CLE,0,PRA,COMBO,16.5,2.02,1.59,UNDER,1.59,14.809593200683594,-1.6904067993164062,1.6904067993164062,10.244889692826705,6.1893,PRA,False,21.2816665649414,18.3608331680298,8.8,2.6,3.4,0,0,POTENTIAL_AST_FALTANTE
Daniss Jenkins,1642450,Daniss Jenkins,DET,Detroit Pistons @ Cleveland Cavaliers,CLE,0,PRA,COMBO,18.5,2.46,1.39,UNDER,1.39,14.809593200683594,-3.6904067993164062,3.6904067993164062,19.948144861169766,6.1893,PRA,True,21.2816665649414,18.3608331680298,8.8,2.6,3.4,0,0,POTENTIAL_AST_FALTANTE
Daniss Jenkins,1642450,Daniss Jenkins,DET,Detroit Pistons @ Cleveland Cavaliers,CLE,0,PRA,COMBO,19.5,2.81,1.3,UNDER,1.3,14.809593200683594,-4.690406799316406,4.690406799316406,24.053368201622597,6.1893,PRA,True,21.2816665649414,18.3608331680298,8.8,2.6,3.4,0,0,POTENTIAL_AST_FALTANTE
Daniss Jenkins,1642450,Daniss Jenkins,DET,Detroit Pistons @ Cleveland Cavaliers,CLE,0,PRA,COMBO,12.5,1.41,2.4,OVER,1.41,14.809593200683594,2.3095932006835938,2.3095932006835938,18.47674560546875,6.1893,PRA,False,21.2816665649414,18.3608331680298,8.8,2.6,3.4,0,0,POTENTIAL_AST_FALTANTE
Daniss Jenkins,1642450,Daniss Jenkins,DET,Detroit Pistons @ Cleveland Cavaliers,CLE,0,PRA,COMBO,13.5,1.53,2.12,OVER,1.53,14.809593200683594,1.3095932006835938,1.3095932006835938,9.700690375434027,6.1893,PRA,False,21.2816665649414,18.3608331680298,8.8,2.6,3.4,0,0,POTENTIAL_AST_FALTANTE
Daniss Jenkins,1642450,Daniss Jenkins,DET,Detroit Pistons @ Cleveland Cavaliers,CLE,0,PRA,COMBO,17.5,2.17,1.5,UNDER,1.5,14.809593200683594,-2.6904067993164062,2.6904067993164062,15.373753138950894,6.1893,PRA,False,21.2816665649414,18.3608331680298,8.8,2.6,3.4,0,0,POTENTIAL_AST_FALTANTE
Mike Conley,201144,Mike Conley,MIN,Minnesota Timberwolves @ San Antonio Spurs,SAS,0,PTS,SINGLE,2.5,1.29,2.84,OVER,1.29,6.955996036529541,4.455996036529541,4.455996036529541,178.23984146118164,4.8341,PTS,True,20.7886667251587,16.4043335616589,6.2,2.2,4.0,0,0,TRACKING_FALTANTE_TOTAL
Mike Conley,201144,Mike Conley,MIN,Minnesota Timberwolves @ San Antonio Spurs,SAS,0,PTS,SINGLE,3.5,1.65,1.93,OVER,1.65,6.955996036529541,3.455996036529541,3.455996036529541,98.74274390084403,4.8341,PTS,True,20.7886667251587,16.4043335616589,6.2,2.2,4.0,0,0,TRACKING_FALTANTE_TOTAL
Mike Conley,201144,Mike Conley,MIN,Minnesota Timberwolves @ San Antonio Spurs,SAS,0,PTS,SINGLE,4.5,1.81,1.86,OVER,1.81,6.955996036529541,2.455996036529541,2.455996036529541,54.577689700656464,4.8341,PTS,True,20.7886667251587,16.4043335616589,6.2,2.2,4.0,0,0,TRACKING_FALTANTE_TOTAL
Mike Conley,201144,Mike Conley,MIN,Minnesota Timberwolves @ San Antonio Spurs,SAS,0,PTS,SINGLE,5.5,2.04,1.58,OVER,2.04,6.955996036529541,1.455996036529541,1.455996036529541,26.47265520962802,4.8341,PTS,False,20.7886667251587,16.4043335616589,6.2,2.2,4.0,0,0,TRACKING_FALTANTE_TOTAL
Mike Conley,201144,Mike Conley,MIN,Minnesota Timberwolves @ San Antonio Spurs,SAS,0,PTS,SINGLE,6.5,2.58,1.36,OVER,2.58,6.955996036529541,0.455996036529541,0.455996036529541,7.015323638916016,4.8341,PTS,False,20.7886667251587,16.4043335616589,6.2,2.2,4.0,0,0,TRACKING_FALTANTE_TOTAL
Mike Conley,201144,Mike Conley,MIN,Minnesota Timberwolves @ San Antonio Spurs,SAS,0,PTS,SINGLE,7.5,2.87,1.29,UNDER,1.29,6.955996036529541,-0.544003963470459,0.544003963470459,7.253386179606119,4.8341,PTS,False,20.7886667251587,16.4043335616589,6.2,2.2,4.0,0,0,TRACKING_FALTANTE_TOTAL
Mike Conley,201144,Mike Conley,MIN,Minnesota Timberwolves @ San Antonio Spurs,SAS,0,AST,SINGLE,2.5,1.57,2.2,OVER,1.57,3.10148549079895,0.6014854907989502,0.6014854907989502,24.059419631958008,1.4546,AST_FALLBACK,False,20.7886667251587,16.4043335616589,6.2,2.2,4.0,0,0,TRACKING_FALTANTE_TOTAL
Mike Conley,201144,Mike Conley,MIN,Minnesota Timberwolves @ San Antonio Spurs,SAS,0,AST,SINGLE,3.5,2.11,1.54,UNDER,1.54,3.10148549079895,-0.3985145092010498,0.3985145092010498,11.38612883431571,1.4546,AST_FALLBACK,False,20.7886667251587,16.4043335616589,6.2,2.2,4.0,0,0,TRACKING_FALTANTE_TOTAL
Mike Conley,201144,Mike Conley,MIN,Minnesota Timberwolves @ San Antonio Spurs,SAS,0,3PT,SINGLE,1.5,2.53,1.44,UNDER,1.44,1.0161405801773071,-0.48385941982269287,0.48385941982269287,32.25729465484619,0.9642,3PT,True,20.7886667251587,16.4043335616589,6.2,2.2,4.0,0,0,TRACKING_FALTANTE_TOTAL
Mike Conley,201144,Mike Conley,MIN,Minnesota Timberwolves @ San Antonio Spurs,SAS,0,3PT,SINGLE,0.5,1.38,2.49,OVER,1.38,1.0161405801773071,0.5161405801773071,0.5161405801773071,103.22811603546143,0.9642,3PT,True,20.7886667251587,16.4043335616589,6.2,2.2,4.0,0,0,TRACKING_FALTANTE_TOTAL
Mike Conley,201144,Mike Conley,MIN,Minnesota Timberwolves @ San Antonio Spurs,SAS,0,Q1_AST,Q1,0.5,1.68,2.02,OVER,1.68,0.8375268578529358,0.3375268578529358,0.3375268578529358,67.50537157058716,0.7063,Q1_AST,False,20.7886667251587,16.4043335616589,6.2,2.2,4.0,0,0,TRACKING_FALTANTE_TOTAL
Mike Conley,201144,Mike Conley,MIN,Minnesota Timberwolves @ San Antonio Spurs,SAS,0,Q1_REB,Q1,0.5,2.31,1.52,OVER,2.31,0.6819278001785278,0.18192780017852783,0.18192780017852783,36.385560035705566,0.9236,Q1_REB,False,20.7886667251587,16.4043335616589,6.2,2.2,4.0,0,0,TRACKING_FALTANTE_TOTAL
Mike Conley,201144,Mike Conley,MIN,Minnesota Timberwolves @ San Antonio Spurs,SAS,0,FGM,SINGLE,1.5,1.94,1.74,OVER,1.94,2.395721435546875,0.895721435546875,0.895721435546875,59.714762369791664,1.8635,FGM,False,20.7886667251587,16.4043335616589,6.2,2.2,4.0,0,0,TRACKING_FALTANTE_TOTAL
Mike Conley,201144,Mike Conley,MIN,Minnesota Timberwolves @ San Antonio Spurs,SAS,0,FGA,SINGLE,3.5,1.64,2.08,OVER,1.64,6.018667697906494,2.518667697906494,2.518667697906494,71.96193422589984,2.8767,FGA,True,20.7886667251587,16.4043335616589,6.2,2.2,4.0,0,0,TRACKING_FALTANTE_TOTAL
Mike Conley,201144,Mike Conley,MIN,Minnesota Timberwolves @ San Antonio Spurs,SAS,0,REB,SINGLE,2.5,2.43,1.4,UNDER,1.4,2.260416269302368,-0.23958373069763184,0.23958373069763184,9.583349227905273,1.9667,REB,False,20.7886667251587,16.4043335616589,6.2,2.2,4.0,0,0,TRACKING_FALTANTE_TOTAL
Mike Conley,201144,Mike Conley,MIN,Minnesota Timberwolves @ San Antonio Spurs,SAS,0,REB,SINGLE,1.5,1.63,2.1,OVER,1.63,2.260416269302368,0.7604162693023682,0.7604162693023682,50.69441795349121,1.9667,REB,False,20.7886667251587,16.4043335616589,6.2,2.2,4.0,0,0,TRACKING_FALTANTE_TOTAL
Mike Conley,201144,Mike Conley,MIN,Minnesota Timberwolves @ San Antonio Spurs,SAS,0,PA,COMBO,7.5,1.75,1.93,OVER,1.75,8.851473808288574,1.3514738082885742,1.3514738082885742,18.01965077718099,5.2838,PA,False,20.7886667251587,16.4043335616589,6.2,2.2,4.0,0,0,TRACKING_FALTANTE_TOTAL
Mike Conley,201144,Mike Conley,MIN,Minnesota Timberwolves @ San Antonio Spurs,SAS,0,PA,COMBO,6.5,1.55,2.08,OVER,1.55,8.851473808288574,2.351473808288574,2.351473808288574,36.176520127516525,5.2838,PA,False,20.7886667251587,16.4043335616589,6.2,2.2,4.0,0,0,TRACKING_FALTANTE_TOTAL
Mike Conley,201144,Mike Conley,MIN,Minnesota Timberwolves @ San Antonio Spurs,SAS,0,PA,COMBO,8.5,1.96,1.63,OVER,1.96,8.851473808288574,0.3514738082885742,0.3514738082885742,4.134985979865579,5.2838,PA,False,20.7886667251587,16.4043335616589,6.2,2.2,4.0,0,0,TRACKING_FALTANTE_TOTAL
Mike Conley,201144,Mike Conley,MIN,Minnesota Timberwolves @ San Antonio Spurs,SAS,0,PR,COMBO,5.5,1.57,2.06,OVER,1.57,9.779768943786621,4.279768943786621,4.279768943786621,77.81398079612039,5.7314,PR,True,20.7886667251587,16.4043335616589,6.2,2.2,4.0,0,0,TRACKING_FALTANTE_TOTAL
Mike Conley,201144,Mike Conley,MIN,Minnesota Timberwolves @ San Antonio Spurs,SAS,0,PR,COMBO,6.5,1.85,1.82,OVER,1.85,9.779768943786621,3.279768943786621,3.279768943786621,50.45798375056341,5.7314,PR,True,20.7886667251587,16.4043335616589,6.2,2.2,4.0,0,0,TRACKING_FALTANTE_TOTAL
Mike Conley,201144,Mike Conley,MIN,Minnesota Timberwolves @ San Antonio Spurs,SAS,0,PR,COMBO,7.5,2.06,1.57,OVER,2.06,9.779768943786621,2.279768943786621,2.279768943786621,30.39691925048828,5.7314,PR,False,20.7886667251587,16.4043335616589,6.2,2.2,4.0,0,0,TRACKING_FALTANTE_TOTAL
Mike Conley,201144,Mike Conley,MIN,Minnesota Timberwolves @ San Antonio Spurs,SAS,0,RA,COMBO,4.5,1.66,2.05,OVER,1.66,5.092390060424805,0.5923900604248047,0.5923900604248047,13.164223564995659,2.6976,RA,False,20.7886667251587,16.4043335616589,6.2,2.2,4.0,0,0,TRACKING_FALTANTE_TOTAL
Mike Conley,201144,Mike Conley,MIN,Minnesota Timberwolves @ San Antonio Spurs,SAS,0,RA,COMBO,5.5,2.06,1.56,UNDER,1.56,5.092390060424805,-0.4076099395751953,0.4076099395751953,7.411089810458097,2.6976,RA,False,20.7886667251587,16.4043335616589,6.2,2.2,4.0,0,0,TRACKING_FALTANTE_TOTAL
Mike Conley,201144,Mike Conley,MIN,Minnesota Timberwolves @ San Antonio Spurs,SAS,0,PRA,COMBO,7.5,1.43,2.35,OVER,1.43,12.644373893737793,5.144373893737793,5.144373893737793,68.5916519165039,6.1893,PRA,True,20.7886667251587,16.4043335616589,6.2,2.2,4.0,0,0,TRACKING_FALTANTE_TOTAL
Mike Conley,201144,Mike Conley,MIN,Minnesota Timberwolves @ San Antonio Spurs,SAS,0,PRA,COMBO,11.5,2.12,1.53,OVER,2.12,12.644373893737793,1.144373893737793,1.144373893737793,9.951077336850373,6.1893,PRA,False,20.7886667251587,16.4043335616589,6.2,2.2,4.0,0,0,TRACKING_FALTANTE_TOTAL
Mike Conley,201144,Mike Conley,MIN,Minnesota Timberwolves @ San Antonio Spurs,SAS,0,PRA,COMBO,9.5,1.77,1.9,OVER,1.77,12.644373893737793,3.144373893737793,3.144373893737793,33.09867256566098,6.1893,PRA,True,20.7886667251587,16.4043335616589,6.2,2.2,4.0,0,0,TRACKING_FALTANTE_TOTAL
Mike Conley,201144,Mike Conley,MIN,Minnesota Timberwolves @ San Antonio Spurs,SAS,0,PRA,COMBO,12.5,2.44,1.4,OVER,2.44,12.644373893737793,0.14437389373779297,0.14437389373779297,1.1549911499023438,6.1893,PRA,False,20.7886667251587,16.4043335616589,6.2,2.2,4.0,0,0,TRACKING_FALTANTE_TOTAL
Mike Conley,201144,Mike Conley,MIN,Minnesota Timberwolves @ San Antonio Spurs,SAS,0,PRA,COMBO,8.5,1.55,2.09,OVER,1.55,12.644373893737793,4.144373893737793,4.144373893737793,48.75733992632698,6.1893,PRA,True,20.7886667251587,16.4043335616589,6.2,2.2,4.0,0,0,TRACKING_FALTANTE_TOTAL
Mike Conley,201144,Mike Conley,MIN,Minnesota Timberwolves @ San Antonio Spurs,SAS,0,PRA,COMBO,10.5,1.93,1.65,OVER,1.93,12.644373893737793,2.144373893737793,2.144373893737793,20.422608511788503,6.1893,PRA,False,20.7886667251587,16.4043335616589,6.2,2.2,4.0,0,0,TRACKING_FALTANTE_TOTAL
Mike Conley,201144,Mike Conley,MIN,Minnesota Timberwolves @ San Antonio Spurs,SAS,0,PRA,COMBO,6.5,1.3,2.81,OVER,1.3,12.644373893737793,6.144373893737793,6.144373893737793,94.52882913442758,6.1893,PRA,True,20.7886667251587,16.4043335616589,6.2,2.2,4.0,0,0,TRACKING_FALTANTE_TOTAL
James Harden,201935,James Harden,CLE,Detroit Pistons @ Cleveland Cavaliers,DET,1,PTS,SINGLE,14.5,1.29,2.88,OVER,1.29,21.30533790588379,6.805337905883789,6.805337905883789,46.93336486816406,4.8341,PTS,True,38.5266670227051,35.2733337402344,19.6,6.8,6.4,0,0,POTENTIAL_AST_FALTANTE
James Harden,201935,James Harden,CLE,Detroit Pistons @ Cleveland Cavaliers,DET,1,PTS,SINGLE,20.5,2.05,1.57,OVER,2.05,21.30533790588379,0.8053379058837891,0.8053379058837891,3.92847758967702,4.8341,PTS,False,38.5266670227051,35.2733337402344,19.6,6.8,6.4,0,0,POTENTIAL_AST_FALTANTE
James Harden,201935,James Harden,CLE,Detroit Pistons @ Cleveland Cavaliers,DET,1,PTS,SINGLE,21.5,2.21,1.49,UNDER,1.49,21.30533790588379,-0.19466209411621094,0.19466209411621094,0.905405088912609,4.8341,PTS,False,38.5266670227051,35.2733337402344,19.6,6.8,6.4,0,0,POTENTIAL_AST_FALTANTE
James Harden,201935,James Harden,CLE,Detroit Pistons @ Cleveland Cavaliers,DET,1,PTS,SINGLE,22.5,2.48,1.38,UNDER,1.38,21.30533790588379,-1.194662094116211,1.194662094116211,5.30960930718316,4.8341,PTS,False,38.5266670227051,35.2733337402344,19.6,6.8,6.4,0,0,POTENTIAL_AST_FALTANTE
James Harden,201935,James Harden,CLE,Detroit Pistons @ Cleveland Cavaliers,DET,1,PTS,SINGLE,17.5,1.57,2.05,OVER,1.57,21.30533790588379,3.805337905883789,3.805337905883789,21.74478803362165,4.8341,PTS,True,38.5266670227051,35.2733337402344,19.6,6.8,6.4,0,0,POTENTIAL_AST_FALTANTE
James Harden,201935,James Harden,CLE,Detroit Pistons @ Cleveland Cavaliers,DET,1,PTS,SINGLE,23.5,2.83,1.3,UNDER,1.3,21.30533790588379,-2.194662094116211,2.194662094116211,9.338987634537068,4.8341,PTS,False,38.5266670227051,35.2733337402344,19.6,6.8,6.4,0,0,POTENTIAL_AST_FALTANTE
James Harden,201935,James Harden,CLE,Detroit Pistons @ Cleveland Cavaliers,DET,1,PTS,SINGLE,15.5,1.38,2.51,OVER,1.38,21.30533790588379,5.805337905883789,5.805337905883789,37.45379294118574,4.8341,PTS,True,38.5266670227051,35.2733337402344,19.6,6.8,6.4,0,0,POTENTIAL_AST_FALTANTE
James Harden,201935,James Harden,CLE,Detroit Pistons @ Cleveland Cavaliers,DET,1,PTS,SINGLE,19.5,1.87,1.69,OVER,1.87,21.30533790588379,1.805337905883789,1.805337905883789,9.258143107096355,4.8341,PTS,False,38.5266670227051,35.2733337402344,19.6,6.8,6.4,0,0,POTENTIAL_AST_FALTANTE
James Harden,201935,James Harden,CLE,Detroit Pistons @ Cleveland Cavaliers,DET,1,PTS,SINGLE,18.5,1.75,1.92,OVER,1.75,21.30533790588379,2.805337905883789,2.805337905883789,15.163988680452913,4.8341,PTS,True,38.5266670227051,35.2733337402344,19.6,6.8,6.4,0,0,POTENTIAL_AST_FALTANTE
James Harden,201935,James Harden,CLE,Detroit Pistons @ Cleveland Cavaliers,DET,1,PTS,SINGLE,16.5,1.48,2.22,OVER,1.48,21.30533790588379,4.805337905883789,4.805337905883789,29.123260035659328,4.8341,PTS,True,38.5266670227051,35.2733337402344,19.6,6.8,6.4,0,0,POTENTIAL_AST_FALTANTE
James Harden,201935,James Harden,CLE,Detroit Pistons @ Cleveland Cavaliers,DET,1,AST,SINGLE,6.5,1.81,1.86,OVER,1.81,7.2210187911987305,0.7210187911987305,0.7210187911987305,11.092596787672775,1.4546,AST_FALLBACK,False,38.5266670227051,35.2733337402344,19.6,6.8,6.4,0,0,POTENTIAL_AST_FALTANTE
James Harden,201935,James Harden,CLE,Detroit Pistons @ Cleveland Cavaliers,DET,1,AST,SINGLE,7.5,2.25,1.47,UNDER,1.47,7.2210187911987305,-0.27898120880126953,0.27898120880126953,3.7197494506835938,1.4546,AST_FALLBACK,False,38.5266670227051,35.2733337402344,19.6,6.8,6.4,0,0,POTENTIAL_AST_FALTANTE
James Harden,201935,James Harden,CLE,Detroit Pistons @ Cleveland Cavaliers,DET,1,AST,SINGLE,5.5,1.43,2.34,OVER,1.43,7.2210187911987305,1.7210187911987305,1.7210187911987305,31.291250749067828,1.4546,AST_FALLBACK,True,38.5266670227051,35.2733337402344,19.6,6.8,6.4,0,0,POTENTIAL_AST_FALTANTE
James Harden,201935,James Harden,CLE,Detroit Pistons @ Cleveland Cavaliers,DET,1,3PT,SINGLE,1.5,1.35,2.59,OVER,1.35,2.545191764831543,1.045191764831543,1.045191764831543,69.67945098876953,0.9642,3PT,True,38.5266670227051,35.2733337402344,19.6,6.8,6.4,0,0,POTENTIAL_AST_FALTANTE
James Harden,201935,James Harden,CLE,Detroit Pistons @ Cleveland Cavaliers,DET,1,3PT,SINGLE,2.5,2.09,1.64,OVER,2.09,2.545191764831543,0.04519176483154297,0.04519176483154297,1.8076705932617188,0.9642,3PT,False,38.5266670227051,35.2733337402344,19.6,6.8,6.4,0,0,POTENTIAL_AST_FALTANTE
James Harden,201935,James Harden,CLE,Detroit Pistons @ Cleveland Cavaliers,DET,1,Q1_PTS,Q1,3.5,1.71,1.98,OVER,1.71,4.523241996765137,1.0232419967651367,1.0232419967651367,29.235485621861052,2.087,Q1_PTS,False,38.5266670227051,35.2733337402344,19.6,6.8,6.4,0,0,POTENTIAL_AST_FALTANTE
James Harden,201935,James Harden,CLE,Detroit Pistons @ Cleveland Cavaliers,DET,1,Q1_PTS,Q1,4.5,2.01,1.6,OVER,2.01,4.523241996765137,0.02324199676513672,0.02324199676513672,0.5164888170030382,2.087,Q1_PTS,False,38.5266670227051,35.2733337402344,19.6,6.8,6.4,0,0,POTENTIAL_AST_FALTANTE
James Harden,201935,James Harden,CLE,Detroit Pistons @ Cleveland Cavaliers,DET,1,Q1_AST,Q1,1.5,1.84,1.83,OVER,1.84,2.0931556224823,0.5931556224822998,0.5931556224822998,39.54370816548665,0.7063,Q1_AST,True,38.5266670227051,35.2733337402344,19.6,6.8,6.4,0,0,POTENTIAL_AST_FALTANTE
James Harden,201935,James Harden,CLE,Detroit Pistons @ Cleveland Cavaliers,DET,1,FTM,SINGLE,5.5,1.76,1.92,OVER,1.76,5.857267379760742,0.3572673797607422,0.3572673797607422,6.495770541104403,1.4962,FTM,False,38.5266670227051,35.2733337402344,19.6,6.8,6.4,0,0,POTENTIAL_AST_FALTANTE
James Harden,201935,James Harden,CLE,Detroit Pistons @ Cleveland Cavaliers,DET,1,FTA,SINGLE,7.5,1.97,1.62,UNDER,1.62,7.293362140655518,-0.20663785934448242,0.20663785934448242,2.755171457926432,1.8012,FTA,False,38.5266670227051,35.2733337402344,19.6,6.8,6.4,0,0,POTENTIAL_AST_FALTANTE
James Harden,201935,James Harden,CLE,Detroit Pistons @ Cleveland Cavaliers,DET,1,FTA,SINGLE,6.5,1.75,1.93,OVER,1.75,7.293362140655518,0.7933621406555176,0.7933621406555176,12.205571394700272,1.8012,FTA,False,38.5266670227051,35.2733337402344,19.6,6.8,6.4,0,0,POTENTIAL_AST_FALTANTE
James Harden,201935,James Harden,CLE,Detroit Pistons @ Cleveland Cavaliers,DET,1,FGM,SINGLE,5.5,1.98,1.71,OVER,1.98,6.3358049392700195,0.8358049392700195,0.8358049392700195,15.196453441273084,1.8635,FGM,False,38.5266670227051,35.2733337402344,19.6,6.8,6.4,0,0,POTENTIAL_AST_FALTANTE
James Harden,201935,James Harden,CLE,Detroit Pistons @ Cleveland Cavaliers,DET,1,FGA,SINGLE,13.5,1.97,1.62,UNDER,1.62,13.468966484069824,-0.03103351593017578,0.03103351593017578,0.22987789577907985,2.8767,FGA,False,38.5266670227051,35.2733337402344,19.6,6.8,6.4,0,0,POTENTIAL_AST_FALTANTE
James Harden,201935,James Harden,CLE,Detroit Pistons @ Cleveland Cavaliers,DET,1,FGA,SINGLE,12.5,1.7,2.0,OVER,1.7,13.468966484069824,0.9689664840698242,0.9689664840698242,7.751731872558594,2.8767,FGA,False,38.5266670227051,35.2733337402344,19.6,6.8,6.4,0,0,POTENTIAL_AST_FALTANTE
James Harden,201935,James Harden,CLE,Detroit Pistons @ Cleveland Cavaliers,DET,1,FG3A,SINGLE,6.5,1.78,1.89,OVER,1.78,7.210971832275391,0.7109718322753906,0.7109718322753906,10.938028188852163,1.5883,FG3A,False,38.5266670227051,35.2733337402344,19.6,6.8,6.4,0,0,POTENTIAL_AST_FALTANTE
James Harden,201935,James Harden,CLE,Detroit Pistons @ Cleveland Cavaliers,DET,1,REB,SINGLE,4.5,1.63,2.1,OVER,1.63,5.101361274719238,0.6013612747192383,0.6013612747192383,13.36358388264974,1.9667,REB,False,38.5266670227051,35.2733337402344,19.6,6.8,6.4,0,0,POTENTIAL_AST_FALTANTE
James Harden,201935,James Harden,CLE,Detroit Pistons @ Cleveland Cavaliers,DET,1,REB,SINGLE,5.5,2.12,1.53,UNDER,1.53,5.101361274719238,-0.3986387252807617,0.3986387252807617,7.247976823286577,1.9667,REB,False,38.5266670227051,35.2733337402344,19.6,6.8,6.4,0,0,POTENTIAL_AST_FALTANTE
James Harden,201935,James Harden,CLE,Detroit Pistons @ Cleveland Cavaliers,DET,1,PA,COMBO,24.5,1.61,1.98,OVER,1.61,27.436119079589844,2.9361190795898438,2.9361190795898438,11.984159508529975,5.2838,PA,True,38.5266670227051,35.2733337402344,19.6,6.8,6.4,0,0,POTENTIAL_AST_FALTANTE
James Harden,201935,James Harden,CLE,Detroit Pistons @ Cleveland Cavaliers,DET,1,PA,COMBO,27.5,2.07,1.56,UNDER,1.56,27.436119079589844,-0.06388092041015625,0.06388092041015625,0.23229425603693182,5.2838,PA,False,38.5266670227051,35.2733337402344,19.6,6.8,6.4,0,0,POTENTIAL_AST_FALTANTE
James Harden,201935,James Harden,CLE,Detroit Pistons @ Cleveland Cavaliers,DET,1,PA,COMBO,26.5,1.89,1.68,OVER,1.89,27.436119079589844,0.9361190795898438,0.9361190795898438,3.53252482864092,5.2838,PA,False,38.5266670227051,35.2733337402344,19.6,6.8,6.4,0,0,POTENTIAL_AST_FALTANTE
James Harden,201935,James Harden,CLE,Detroit Pistons @ Cleveland Cavaliers,DET,1,PA,COMBO,23.5,1.54,2.11,OVER,1.54,27.436119079589844,3.9361190795898438,3.9361190795898438,16.749442891871674,5.2838,PA,True,38.5266670227051,35.2733337402344,19.6,6.8,6.4,0,0,POTENTIAL_AST_FALTANTE
James Harden,201935,James Harden,CLE,Detroit Pistons @ Cleveland Cavaliers,DET,1,PA,COMBO,25.5,1.78,1.89,OVER,1.78,27.436119079589844,1.9361190795898438,1.9361190795898438,7.592623841528799,5.2838,PA,False,38.5266670227051,35.2733337402344,19.6,6.8,6.4,0,0,POTENTIAL_AST_FALTANTE
James Harden,201935,James Harden,CLE,Detroit Pistons @ Cleveland Cavaliers,DET,1,PR,COMBO,21.5,1.5,2.18,OVER,1.5,24.69041633605957,3.1904163360595703,3.1904163360595703,14.83914574911428,5.7314,PR,True,38.5266670227051,35.2733337402344,19.6,6.8,6.4,0,0,POTENTIAL_AST_FALTANTE
James Harden,201935,James Harden,CLE,Detroit Pistons @ Cleveland Cavaliers,DET,1,PR,COMBO,25.5,1.99,1.6,UNDER,1.6,24.69041633605957,-0.8095836639404297,0.8095836639404297,3.174837897805607,5.7314,PR,False,38.5266670227051,35.2733337402344,19.6,6.8,6.4,0,0,POTENTIAL_AST_FALTANTE
James Harden,201935,James Harden,CLE,Detroit Pistons @ Cleveland Cavaliers,DET,1,PR,COMBO,26.5,2.11,1.54,UNDER,1.54,24.69041633605957,-1.8095836639404297,1.8095836639404297,6.828617599775207,5.7314,PR,False,38.5266670227051,35.2733337402344,19.6,6.8,6.4,0,0,POTENTIAL_AST_FALTANTE
James Harden,201935,James Harden,CLE,Detroit Pistons @ Cleveland Cavaliers,DET,1,PR,COMBO,23.5,1.69,1.88,OVER,1.69,24.69041633605957,1.1904163360595703,1.1904163360595703,5.065601430040725,5.7314,PR,False,38.5266670227051,35.2733337402344,19.6,6.8,6.4,0,0,POTENTIAL_AST_FALTANTE
James Harden,201935,James Harden,CLE,Detroit Pistons @ Cleveland Cavaliers,DET,1,PR,COMBO,22.5,1.57,2.05,OVER,1.57,24.69041633605957,2.1904163360595703,2.1904163360595703,9.735183715820312,5.7314,PR,False,38.5266670227051,35.2733337402344,19.6,6.8,6.4,0,0,POTENTIAL_AST_FALTANTE
James Harden,201935,James Harden,CLE,Detroit Pistons @ Cleveland Cavaliers,DET,1,PR,COMBO,24.5,1.89,1.79,OVER,1.89,24.69041633605957,0.1904163360595703,0.1904163360595703,0.7772095349370216,5.7314,PR,False,38.5266670227051,35.2733337402344,19.6,6.8,6.4,0,0,POTENTIAL_AST_FALTANTE
James Harden,201935,James Harden,CLE,Detroit Pistons @ Cleveland Cavaliers,DET,1,RA,COMBO,12.5,2.08,1.55,UNDER,1.55,10.6295747756958,-1.8704252243041992,1.8704252243041992,14.963401794433596,2.6976,RA,True,38.5266670227051,35.2733337402344,19.6,6.8,6.4,0,0,POTENTIAL_AST_FALTANTE
James Harden,201935,James Harden,CLE,Detroit Pistons @ Cleveland Cavaliers,DET,1,RA,COMBO,10.5,1.52,2.15,OVER,1.52,10.6295747756958,0.12957477569580078,0.12957477569580078,1.2340454828171503,2.6976,RA,False,38.5266670227051,35.2733337402344,19.6,6.8,6.4,0,0,POTENTIAL_AST_FALTANTE
James Harden,201935,James Harden,CLE,Detroit Pistons @ Cleveland Cavaliers,DET,1,RA,COMBO,11.5,1.79,1.89,UNDER,1.89,10.6295747756958,-0.8704252243041992,0.8704252243041992,7.568914993949559,2.6976,RA,False,38.5266670227051,35.2733337402344,19.6,6.8,6.4,0,0,POTENTIAL_AST_FALTANTE
James Harden,201935,James Harden,CLE,Detroit Pistons @ Cleveland Cavaliers,DET,1,PRA,COMBO,30.5,1.77,1.9,OVER,1.77,32.4252815246582,1.9252815246582031,1.9252815246582031,6.312398441502305,6.1893,PRA,False,38.5266670227051,35.2733337402344,19.6,6.8,6.4,0,0,POTENTIAL_AST_FALTANTE
James Harden,201935,James Harden,CLE,Detroit Pistons @ Cleveland Cavaliers,DET,1,PRA,COMBO,33.5,2.13,1.52,UNDER,1.52,32.4252815246582,-1.0747184753417969,1.0747184753417969,3.208114851766558,6.1893,PRA,False,38.5266670227051,35.2733337402344,19.6,6.8,6.4,0,0,POTENTIAL_AST_FALTANTE
James Harden,201935,James Harden,CLE,Detroit Pistons @ Cleveland Cavaliers,DET,1,PRA,COMBO,28.5,1.53,2.11,OVER,1.53,32.4252815246582,3.925281524658203,3.925281524658203,13.772917630379661,6.1893,PRA,True,38.5266670227051,35.2733337402344,19.6,6.8,6.4,0,0,POTENTIAL_AST_FALTANTE
James Harden,201935,James Harden,CLE,Detroit Pistons @ Cleveland Cavaliers,DET,1,PRA,COMBO,29.5,1.6,2.0,OVER,1.6,32.4252815246582,2.925281524658203,2.925281524658203,9.916208558163401,6.1893,PRA,False,38.5266670227051,35.2733337402344,19.6,6.8,6.4,0,0,POTENTIAL_AST_FALTANTE
James Harden,201935,James Harden,CLE,Detroit Pistons @ Cleveland Cavaliers,DET,1,PRA,COMBO,32.5,2.01,1.59,UNDER,1.59,32.4252815246582,-0.07471847534179688,0.07471847534179688,0.2299030010516827,6.1893,PRA,False,38.5266670227051,35.2733337402344,19.6,6.8,6.4,0,0,POTENTIAL_AST_FALTANTE
James Harden,201935,James Harden,CLE,Detroit Pistons @ Cleveland Cavaliers,DET,1,PRA,COMBO,35.5,2.64,1.34,UNDER,1.34,32.4252815246582,-3.074718475341797,3.074718475341797,8.661178803779709,6.1893,PRA,False,38.5266670227051,35.2733337402344,19.6,6.8,6.4,0,0,POTENTIAL_AST_FALTANTE
James Harden,201935,James Harden,CLE,Detroit Pistons @ Cleveland Cavaliers,DET,1,PRA,COMBO,31.5,1.85,1.71,OVER,1.85,32.4252815246582,0.9252815246582031,0.9252815246582031,2.9374016655815973,6.1893,PRA,False,38.5266670227051,35.2733337402344,19.6,6.8,6.4,0,0,POTENTIAL_AST_FALTANTE
James Harden,201935,James Harden,CLE,Detroit Pistons @ Cleveland Cavaliers,DET,1,PRA,COMBO,26.5,1.35,2.61,OVER,1.35,32.4252815246582,5.925281524658203,5.925281524658203,22.359552923238503,6.1893,PRA,True,38.5266670227051,35.2733337402344,19.6,6.8,6.4,0,0,POTENTIAL_AST_FALTANTE
James Harden,201935,James Harden,CLE,Detroit Pistons @ Cleveland Cavaliers,DET,1,PRA,COMBO,34.5,2.37,1.42,UNDER,1.42,32.4252815246582,-2.074718475341797,2.074718475341797,6.01367674012115,6.1893,PRA,False,38.5266670227051,35.2733337402344,19.6,6.8,6.4,0,0,POTENTIAL_AST_FALTANTE
James Harden,201935,James Harden,CLE,Detroit Pistons @ Cleveland Cavaliers,DET,1,PRA,COMBO,27.5,1.43,2.35,OVER,1.43,32.4252815246582,4.925281524658203,4.925281524658203,17.91011463512074,6.1893,PRA,True,38.5266670227051,35.2733337402344,19.6,6.8,6.4,0,0,POTENTIAL_AST_FALTANTE
Tobias Harris,202699,Tobias Harris,DET,Detroit Pistons @ Cleveland Cavaliers,CLE,0,REB,SINGLE,7.5,2.36,1.43,UNDER,1.43,6.457281112670898,-1.0427188873291016,1.0427188873291016,13.902918497721354,1.9667,REB,True,35.9066665649414,33.3233331680298,23.0,8.2,0.8,0,0,POTENTIAL_AST_FALTANTE
Tobias Harris,202699,Tobias Harris,DET,Detroit Pistons @ Cleveland Cavaliers,CLE,0,PA,COMBO,18.5,1.53,2.11,OVER,1.53,19.23189353942871,0.7318935394287109,0.7318935394287109,3.956181294209248,5.2838,PA,False,35.9066665649414,33.3233331680298,23.0,8.2,0.8,0,0,POTENTIAL_AST_FALTANTE
Tobias Harris,202699,Tobias Harris,DET,Detroit Pistons @ Cleveland Cavaliers,CLE,0,PA,COMBO,19.5,1.67,1.9,UNDER,1.9,19.23189353942871,-0.26810646057128906,0.26810646057128906,1.3749049260066104,5.2838,PA,False,35.9066665649414,33.3233331680298,23.0,8.2,0.8,0,0,POTENTIAL_AST_FALTANTE
Tobias Harris,202699,Tobias Harris,DET,Detroit Pistons @ Cleveland Cavaliers,CLE,0,PA,COMBO,21.5,2.02,1.59,UNDER,1.59,19.23189353942871,-2.268106460571289,2.268106460571289,10.54933237475018,5.2838,PA,False,35.9066665649414,33.3233331680298,23.0,8.2,0.8,0,0,POTENTIAL_AST_FALTANTE
Tobias Harris,202699,Tobias Harris,DET,Detroit Pistons @ Cleveland Cavaliers,CLE,0,PA,COMBO,20.5,1.9,1.78,UNDER,1.78,19.23189353942871,-1.268106460571289,1.268106460571289,6.185885173518483,5.2838,PA,False,35.9066665649414,33.3233331680298,23.0,8.2,0.8,0,0,POTENTIAL_AST_FALTANTE
Tobias Harris,202699,Tobias Harris,DET,Detroit Pistons @ Cleveland Cavaliers,CLE,0,PR,COMBO,22.5,1.53,2.12,OVER,1.53,23.20018196105957,0.7001819610595703,0.7001819610595703,3.1119198269314237,5.7314,PR,False,35.9066665649414,33.3233331680298,23.0,8.2,0.8,0,0,POTENTIAL_AST_FALTANTE
Tobias Harris,202699,Tobias Harris,DET,Detroit Pistons @ Cleveland Cavaliers,CLE,0,PR,COMBO,23.5,1.61,1.98,UNDER,1.98,23.20018196105957,-0.2998180389404297,0.2998180389404297,1.2758214422997007,5.7314,PR,False,35.9066665649414,33.3233331680298,23.0,8.2,0.8,0,0,POTENTIAL_AST_FALTANTE
Tobias Harris,202699,Tobias Harris,DET,Detroit Pistons @ Cleveland Cavaliers,CLE,0,PR,COMBO,25.5,1.89,1.68,UNDER,1.68,23.20018196105957,-2.2998180389404297,2.2998180389404297,9.018894270354625,5.7314,PR,False,35.9066665649414,33.3233331680298,23.0,8.2,0.8,0,0,POTENTIAL_AST_FALTANTE
Tobias Harris,202699,Tobias Harris,DET,Detroit Pistons @ Cleveland Cavaliers,CLE,0,PR,COMBO,26.5,2.07,1.56,UNDER,1.56,23.20018196105957,-3.2998180389404297,3.2998180389404297,12.452143543171433,5.7314,PR,True,35.9066665649414,33.3233331680298,23.0,8.2,0.8,0,0,POTENTIAL_AST_FALTANTE
Tobias Harris,202699,Tobias Harris,DET,Detroit Pistons @ Cleveland Cavaliers,CLE,0,PR,COMBO,24.5,1.79,1.88,UNDER,1.88,23.20018196105957,-1.2998180389404297,1.2998180389404297,5.305379750777265,5.7314,PR,False,35.9066665649414,33.3233331680298,23.0,8.2,0.8,0,0,POTENTIAL_AST_FALTANTE
Tobias Harris,202699,Tobias Harris,DET,Detroit Pistons @ Cleveland Cavaliers,CLE,0,RA,COMBO,7.5,1.53,2.12,OVER,1.53,8.048731803894043,0.548731803894043,0.548731803894043,7.316424051920572,2.6976,RA,False,35.9066665649414,33.3233331680298,23.0,8.2,0.8,0,0,POTENTIAL_AST_FALTANTE
Tobias Harris,202699,Tobias Harris,DET,Detroit Pistons @ Cleveland Cavaliers,CLE,0,RA,COMBO,8.5,1.96,1.72,UNDER,1.72,8.048731803894043,-0.45126819610595703,0.45126819610595703,5.309037601246553,2.6976,RA,False,35.9066665649414,33.3233331680298,23.0,8.2,0.8,0,0,POTENTIAL_AST_FALTANTE
Tobias Harris,202699,Tobias Harris,DET,Detroit Pistons @ Cleveland Cavaliers,CLE,0,PRA,COMBO,22.5,1.34,2.64,OVER,1.34,25.790390014648438,3.2903900146484375,3.2903900146484375,14.623955620659723,6.1893,PRA,True,35.9066665649414,33.3233331680298,23.0,8.2,0.8,0,0,POTENTIAL_AST_FALTANTE
Tobias Harris,202699,Tobias Harris,DET,Detroit Pistons @ Cleveland Cavaliers,CLE,0,PRA,COMBO,23.5,1.43,2.36,OVER,1.43,25.790390014648438,2.2903900146484375,2.2903900146484375,9.746340487865691,6.1893,PRA,False,35.9066665649414,33.3233331680298,23.0,8.2,0.8,0,0,POTENTIAL_AST_FALTANTE
Tobias Harris,202699,Tobias Harris,DET,Detroit Pistons @ Cleveland Cavaliers,CLE,0,PRA,COMBO,24.5,1.54,2.1,OVER,1.54,25.790390014648438,1.2903900146484375,1.2903900146484375,5.266898018973214,6.1893,PRA,False,35.9066665649414,33.3233331680298,23.0,8.2,0.8,0,0,POTENTIAL_AST_FALTANTE
Tobias Harris,202699,Tobias Harris,DET,Detroit Pistons @ Cleveland Cavaliers,CLE,0,PRA,COMBO,29.5,2.22,1.48,UNDER,1.48,25.790390014648438,-3.7096099853515625,3.7096099853515625,12.574949102886654,6.1893,PRA,True,35.9066665649414,33.3233331680298,23.0,8.2,0.8,0,0,POTENTIAL_AST_FALTANTE
Tobias Harris,202699,Tobias Harris,DET,Detroit Pistons @ Cleveland Cavaliers,CLE,0,PRA,COMBO,30.5,2.47,1.39,UNDER,1.39,25.790390014648438,-4.7096099853515625,4.7096099853515625,15.441344214267419,6.1893,PRA,True,35.9066665649414,33.3233331680298,23.0,8.2,0.8,0,0,POTENTIAL_AST_FALTANTE
Tobias Harris,202699,Tobias Harris,DET,Detroit Pistons @ Cleveland Cavaliers,CLE,0,PRA,COMBO,25.5,1.62,1.97,OVER,1.62,25.790390014648438,0.2903900146484375,0.2903900146484375,1.1387843711703431,6.1893,PRA,False,35.9066665649414,33.3233331680298,23.0,8.2,0.8,0,0,POTENTIAL_AST_FALTANTE
Tobias Harris,202699,Tobias Harris,DET,Detroit Pistons @ Cleveland Cavaliers,CLE,0,PRA,COMBO,27.5,1.91,1.66,UNDER,1.66,25.790390014648438,-1.7096099853515625,1.7096099853515625,6.216763583096591,6.1893,PRA,False,35.9066665649414,33.3233331680298,23.0,8.2,0.8,0,0,POTENTIAL_AST_FALTANTE
Tobias Harris,202699,Tobias Harris,DET,Detroit Pistons @ Cleveland Cavaliers,CLE,0,PRA,COMBO,28.5,2.09,1.55,UNDER,1.55,25.790390014648438,-2.7096099853515625,2.7096099853515625,9.507403457373902,6.1893,PRA,False,35.9066665649414,33.3233331680298,23.0,8.2,0.8,0,0,POTENTIAL_AST_FALTANTE
Tobias Harris,202699,Tobias Harris,DET,Detroit Pistons @ Cleveland Cavaliers,CLE,0,PRA,COMBO,31.5,2.79,1.3,UNDER,1.3,25.790390014648438,-5.7096099853515625,5.7096099853515625,18.125745985243054,6.1893,PRA,True,35.9066665649414,33.3233331680298,23.0,8.2,0.8,0,0,POTENTIAL_AST_FALTANTE
Tobias Harris,202699,Tobias Harris,DET,Detroit Pistons @ Cleveland Cavaliers,CLE,0,PRA,COMBO,26.5,1.81,1.86,UNDER,1.86,25.790390014648438,-0.7096099853515625,0.7096099853515625,2.6777735296285377,6.1893,PRA,False,35.9066665649414,33.3233331680298,23.0,8.2,0.8,0,0,POTENTIAL_AST_FALTANTE
Tobias Harris,202699,Tobias Harris,DET,Detroit Pistons @ Cleveland Cavaliers,CLE,0,PTS,SINGLE,16.5,1.56,2.06,OVER,1.56,18.21035385131836,1.7103538513183594,1.7103538513183594,10.365780917080967,4.8341,PTS,False,35.9066665649414,33.3233331680298,23.0,8.2,0.8,0,0,POTENTIAL_AST_FALTANTE
Tobias Harris,202699,Tobias Harris,DET,Detroit Pistons @ Cleveland Cavaliers,CLE,0,PTS,SINGLE,17.5,1.66,1.92,OVER,1.66,18.21035385131836,0.7103538513183594,0.7103538513183594,4.059164864676339,4.8341,PTS,False,35.9066665649414,33.3233331680298,23.0,8.2,0.8,0,0,POTENTIAL_AST_FALTANTE
Tobias Harris,202699,Tobias Harris,DET,Detroit Pistons @ Cleveland Cavaliers,CLE,0,PTS,SINGLE,14.5,1.33,2.7,OVER,1.33,18.21035385131836,3.7103538513183594,3.7103538513183594,25.588647250471443,4.8341,PTS,True,35.9066665649414,33.3233331680298,23.0,8.2,0.8,0,0,POTENTIAL_AST_FALTANTE
Tobias Harris,202699,Tobias Harris,DET,Detroit Pistons @ Cleveland Cavaliers,CLE,0,PTS,SINGLE,15.5,1.43,2.34,OVER,1.43,18.21035385131836,2.7103538513183594,2.7103538513183594,17.48615387947329,4.8341,PTS,True,35.9066665649414,33.3233331680298,23.0,8.2,0.8,0,0,POTENTIAL_AST_FALTANTE
Tobias Harris,202699,Tobias Harris,DET,Detroit Pistons @ Cleveland Cavaliers,CLE,0,PTS,SINGLE,20.5,2.18,1.5,UNDER,1.5,18.21035385131836,-2.2896461486816406,2.2896461486816406,11.169005603325076,4.8341,PTS,False,35.9066665649414,33.3233331680298,23.0,8.2,0.8,0,0,POTENTIAL_AST_FALTANTE
Tobias Harris,202699,Tobias Harris,DET,Detroit Pistons @ Cleveland Cavaliers,CLE,0,PTS,SINGLE,22.5,2.83,1.3,UNDER,1.3,18.21035385131836,-4.289646148681641,4.289646148681641,19.065093994140625,4.8341,PTS,True,35.9066665649414,33.3233331680298,23.0,8.2,0.8,0,0,POTENTIAL_AST_FALTANTE
Tobias Harris,202699,Tobias Harris,DET,Detroit Pistons @ Cleveland Cavaliers,CLE,0,PTS,SINGLE,19.5,2.02,1.59,UNDER,1.59,18.21035385131836,-1.2896461486816406,1.2896461486816406,6.6135699932391825,4.8341,PTS,False,35.9066665649414,33.3233331680298,23.0,8.2,0.8,0,0,POTENTIAL_AST_FALTANTE
Tobias Harris,202699,Tobias Harris,DET,Detroit Pistons @ Cleveland Cavaliers,CLE,0,PTS,SINGLE,21.5,2.49,1.38,UNDER,1.38,18.21035385131836,-3.2896461486816406,3.2896461486816406,15.300679761309958,4.8341,PTS,True,35.9066665649414,33.3233331680298,23.0,8.2,0.8,0,0,POTENTIAL_AST_FALTANTE
Tobias Harris,202699,Tobias Harris,DET,Detroit Pistons @ Cleveland Cavaliers,CLE,0,PTS,SINGLE,18.5,1.9,1.78,UNDER,1.78,18.21035385131836,-0.2896461486816406,0.2896461486816406,1.5656548577385978,4.8341,PTS,False,35.9066665649414,33.3233331680298,23.0,8.2,0.8,0,0,POTENTIAL_AST_FALTANTE
Tobias Harris,202699,Tobias Harris,DET,Detroit Pistons @ Cleveland Cavaliers,CLE,0,AST,SINGLE,2.5,2.6,1.35,OVER,2.6,2.702003002166748,0.20200300216674805,0.20200300216674805,8.080120086669922,1.4546,AST_FALLBACK,False,35.9066665649414,33.3233331680298,23.0,8.2,0.8,0,0,POTENTIAL_AST_FALTANTE
Tobias Harris,202699,Tobias Harris,DET,Detroit Pistons @ Cleveland Cavaliers,CLE,0,AST,SINGLE,1.5,1.64,2.08,OVER,1.64,2.702003002166748,1.202003002166748,1.202003002166748,80.1335334777832,1.4546,AST_FALLBACK,True,35.9066665649414,33.3233331680298,23.0,8.2,0.8,0,0,POTENTIAL_AST_FALTANTE
Tobias Harris,202699,Tobias Harris,DET,Detroit Pistons @ Cleveland Cavaliers,CLE,0,3PT,SINGLE,1.5,1.92,1.76,OVER,1.92,1.7443283796310425,0.24432837963104248,0.24432837963104248,16.288558642069496,0.9642,3PT,False,35.9066665649414,33.3233331680298,23.0,8.2,0.8,0,0,POTENTIAL_AST_FALTANTE
Tobias Harris,202699,Tobias Harris,DET,Detroit Pistons @ Cleveland Cavaliers,CLE,0,Q1_PTS,Q1,3.5,1.64,2.08,OVER,1.64,4.018852233886719,0.5188522338867188,0.5188522338867188,14.824349539620535,2.087,Q1_PTS,False,35.9066665649414,33.3233331680298,23.0,8.2,0.8,0,0,POTENTIAL_AST_FALTANTE
Tobias Harris,202699,Tobias Harris,DET,Detroit Pistons @ Cleveland Cavaliers,CLE,0,Q1_PTS,Q1,4.5,2.05,1.57,UNDER,1.57,4.018852233886719,-0.48114776611328125,0.48114776611328125,10.69217258029514,2.087,Q1_PTS,False,35.9066665649414,33.3233331680298,23.0,8.2,0.8,0,0,POTENTIAL_AST_FALTANTE
Tobias Harris,202699,Tobias Harris,DET,Detroit Pistons @ Cleveland Cavaliers,CLE,0,Q1_REB,Q1,1.5,2.03,1.68,OVER,2.03,1.8269929885864258,0.3269929885864258,0.3269929885864258,21.799532572428383,0.9236,Q1_REB,False,35.9066665649414,33.3233331680298,23.0,8.2,0.8,0,0,POTENTIAL_AST_FALTANTE
Tobias Harris,202699,Tobias Harris,DET,Detroit Pistons @ Cleveland Cavaliers,CLE,0,FTM,SINGLE,3.5,1.93,1.74,OVER,1.93,3.798570394515991,0.2985703945159912,0.2985703945159912,8.530582700456891,1.4962,FTM,False,35.9066665649414,33.3233331680298,23.0,8.2,0.8,0,0,POTENTIAL_AST_FALTANTE
Tobias Harris,202699,Tobias Harris,DET,Detroit Pistons @ Cleveland Cavaliers,CLE,0,FTA,SINGLE,3.5,1.62,2.12,OVER,1.62,4.296738147735596,0.7967381477355957,0.7967381477355957,22.763947078159877,1.8012,FTA,False,35.9066665649414,33.3233331680298,23.0,8.2,0.8,0,0,POTENTIAL_AST_FALTANTE
Tobias Harris,202699,Tobias Harris,DET,Detroit Pistons @ Cleveland Cavaliers,CLE,0,FGM,SINGLE,6.5,1.79,1.88,OVER,1.79,6.711887836456299,0.21188783645629883,0.21188783645629883,3.2598128685584435,1.8635,FGM,False,35.9066665649414,33.3233331680298,23.0,8.2,0.8,0,0,POTENTIAL_AST_FALTANTE
Tobias Harris,202699,Tobias Harris,DET,Detroit Pistons @ Cleveland Cavaliers,CLE,0,FGA,SINGLE,14.5,1.76,1.92,OVER,1.76,15.24506664276123,0.7450666427612305,0.7450666427612305,5.138390639732624,2.8767,FGA,False,35.9066665649414,33.3233331680298,23.0,8.2,0.8,0,0,POTENTIAL_AST_FALTANTE
Tobias Harris,202699,Tobias Harris,DET,Detroit Pistons @ Cleveland Cavaliers,CLE,0,FG3A,SINGLE,4.5,1.94,1.74,OVER,1.94,4.599534511566162,0.09953451156616211,0.09953451156616211,2.2118780348036027,1.5883,FG3A,False,35.9066665649414,33.3233331680298,23.0,8.2,0.8,0,0,POTENTIAL_AST_FALTANTE
Tobias Harris,202699,Tobias Harris,DET,Detroit Pistons @ Cleveland Cavaliers,CLE,0,REB,SINGLE,5.5,1.52,2.13,OVER,1.52,6.457281112670898,0.9572811126708984,0.9572811126708984,17.40511113947088,1.9667,REB,False,35.9066665649414,33.3233331680298,23.0,8.2,0.8,0,0,POTENTIAL_AST_FALTANTE
Tobias Harris,202699,Tobias Harris,DET,Detroit Pistons @ Cleveland Cavaliers,CLE,0,REB,SINGLE,6.5,1.92,1.75,UNDER,1.75,6.457281112670898,-0.04271888732910156,0.04271888732910156,0.6572136512169471,1.9667,REB,False,35.9066665649414,33.3233331680298,23.0,8.2,0.8,0,0,POTENTIAL_AST_FALTANTE
Dennis Schroder,203471,Dennis Schröder,CLE,Detroit Pistons @ Cleveland Cavaliers,DET,1,PTS,SINGLE,6.5,1.8,1.87,OVER,1.8,8.98737907409668,2.4873790740966797,2.4873790740966797,38.267370370718155,4.8341,PTS,True,16.0650003433228,14.2225002288818,9.0,1.4,1.4,0,0,POTENTIAL_AST_FALTANTE
Dennis Schroder,203471,Dennis Schröder,CLE,Detroit Pistons @ Cleveland Cavaliers,DET,1,PTS,SINGLE,4.5,1.39,2.47,OVER,1.39,8.98737907409668,4.48737907409668,4.48737907409668,99.71953497992622,4.8341,PTS,True,16.0650003433228,14.2225002288818,9.0,1.4,1.4,0,0,POTENTIAL_AST_FALTANTE
Dennis Schroder,203471,Dennis Schröder,CLE,Detroit Pistons @ Cleveland Cavaliers,DET,1,PTS,SINGLE,5.5,1.53,2.12,OVER,1.53,8.98737907409668,3.4873790740966797,3.4873790740966797,63.40689225630327,4.8341,PTS,True,16.0650003433228,14.2225002288818,9.0,1.4,1.4,0,0,POTENTIAL_AST_FALTANTE
Dennis Schroder,203471,Dennis Schröder,CLE,Detroit Pistons @ Cleveland Cavaliers,DET,1,PTS,SINGLE,7.5,2.02,1.59,OVER,2.02,8.98737907409668,1.4873790740966797,1.4873790740966797,19.831720987955727,4.8341,PTS,False,16.0650003433228,14.2225002288818,9.0,1.4,1.4,0,0,POTENTIAL_AST_FALTANTE
Dennis Schroder,203471,Dennis Schröder,CLE,Detroit Pistons @ Cleveland Cavaliers,DET,1,PTS,SINGLE,8.5,2.25,1.47,OVER,2.25,8.98737907409668,0.4873790740966797,0.4873790740966797,5.7338714599609375,4.8341,PTS,False,16.0650003433228,14.2225002288818,9.0,1.4,1.4,0,0,POTENTIAL_AST_FALTANTE
Dennis Schroder,203471,Dennis Schröder,CLE,Detroit Pistons @ Cleveland Cavaliers,DET,1,PTS,SINGLE,9.5,2.6,1.35,UNDER,1.35,8.98737907409668,-0.5126209259033203,0.5126209259033203,5.396009746350741,4.8341,PTS,False,16.0650003433228,14.2225002288818,9.0,1.4,1.4,0,0,POTENTIAL_AST_FALTANTE
Dennis Schroder,203471,Dennis Schröder,CLE,Detroit Pistons @ Cleveland Cavaliers,DET,1,AST,SINGLE,2.5,2.22,1.57,OVER,2.22,2.931499481201172,0.4314994812011719,0.4314994812011719,17.259979248046875,1.4546,AST_FALLBACK,False,16.0650003433228,14.2225002288818,9.0,1.4,1.4,0,0,POTENTIAL_AST_FALTANTE
Dennis Schroder,203471,Dennis Schröder,CLE,Detroit Pistons @ Cleveland Cavaliers,DET,1,AST,SINGLE,1.5,1.48,2.22,OVER,1.48,2.931499481201172,1.4314994812011719,1.4314994812011719,95.43329874674478,1.4546,AST_FALLBACK,True,16.0650003433228,14.2225002288818,9.0,1.4,1.4,0,0,POTENTIAL_AST_FALTANTE
Dennis Schroder,203471,Dennis Schröder,CLE,Detroit Pistons @ Cleveland Cavaliers,DET,1,3PT,SINGLE,0.5,1.84,1.83,OVER,1.84,0.9756553173065186,0.47565531730651855,0.47565531730651855,95.13106346130371,0.9642,3PT,False,16.0650003433228,14.2225002288818,9.0,1.4,1.4,0,0,POTENTIAL_AST_FALTANTE
Dennis Schroder,203471,Dennis Schröder,CLE,Detroit Pistons @ Cleveland Cavaliers,DET,1,Q1_PTS,Q1,0.5,1.71,1.85,OVER,1.71,2.2919609546661377,1.7919609546661377,1.7919609546661377,358.39219093322754,2.087,Q1_PTS,True,16.0650003433228,14.2225002288818,9.0,1.4,1.4,0,0,POTENTIAL_AST_FALTANTE
Dennis Schroder,203471,Dennis Schröder,CLE,Detroit Pistons @ Cleveland Cavaliers,DET,1,Q1_PTS,Q1,1.5,1.84,1.83,OVER,1.84,2.2919609546661377,0.7919609546661377,0.7919609546661377,52.797396977742515,2.087,Q1_PTS,False,16.0650003433228,14.2225002288818,9.0,1.4,1.4,0,0,POTENTIAL_AST_FALTANTE
Dennis Schroder,203471,Dennis Schröder,CLE,Detroit Pistons @ Cleveland Cavaliers,DET,1,Q1_AST,Q1,0.5,2.18,1.58,UNDER,1.58,0.3028916120529175,-0.19710838794708252,0.19710838794708252,39.421677589416504,0.7063,Q1_AST,False,16.0650003433228,14.2225002288818,9.0,1.4,1.4,0,0,POTENTIAL_AST_FALTANTE
Dennis Schroder,203471,Dennis Schröder,CLE,Detroit Pistons @ Cleveland Cavaliers,DET,1,FTM,SINGLE,1.5,1.83,1.84,OVER,1.83,2.039447069168091,0.5394470691680908,0.5394470691680908,35.96313794453938,1.4962,FTM,False,16.0650003433228,14.2225002288818,9.0,1.4,1.4,0,0,POTENTIAL_AST_FALTANTE
Dennis Schroder,203471,Dennis Schröder,CLE,Detroit Pistons @ Cleveland Cavaliers,DET,1,FGA,SINGLE,5.5,1.89,1.78,OVER,1.89,7.0271382331848145,1.5271382331848145,1.5271382331848145,27.766149694269355,2.8767,FGA,True,16.0650003433228,14.2225002288818,9.0,1.4,1.4,0,0,POTENTIAL_AST_FALTANTE
Dennis Schroder,203471,Dennis Schröder,CLE,Detroit Pistons @ Cleveland Cavaliers,DET,1,REB,SINGLE,1.5,2.03,1.67,OVER,2.03,2.483466625213623,0.983466625213623,0.983466625213623,65.5644416809082,1.9667,REB,True,16.0650003433228,14.2225002288818,9.0,1.4,1.4,0,0,POTENTIAL_AST_FALTANTE
Dennis Schroder,203471,Dennis Schröder,CLE,Detroit Pistons @ Cleveland Cavaliers,DET,1,PA,COMBO,7.5,1.53,2.11,OVER,1.53,11.163015365600586,3.663015365600586,3.663015365600586,48.840204874674484,5.2838,PA,True,16.0650003433228,14.2225002288818,9.0,1.4,1.4,0,0,POTENTIAL_AST_FALTANTE
Dennis Schroder,203471,Dennis Schröder,CLE,Detroit Pistons @ Cleveland Cavaliers,DET,1,PA,COMBO,10.5,2.08,1.55,OVER,2.08,11.163015365600586,0.6630153656005859,0.6630153656005859,6.314432053338914,5.2838,PA,False,16.0650003433228,14.2225002288818,9.0,1.4,1.4,0,0,POTENTIAL_AST_FALTANTE
Dennis Schroder,203471,Dennis Schröder,CLE,Detroit Pistons @ Cleveland Cavaliers,DET,1,PA,COMBO,8.5,1.71,1.98,OVER,1.71,11.163015365600586,2.663015365600586,2.663015365600586,31.32959253647748,5.2838,PA,True,16.0650003433228,14.2225002288818,9.0,1.4,1.4,0,0,POTENTIAL_AST_FALTANTE
Dennis Schroder,203471,Dennis Schröder,CLE,Detroit Pistons @ Cleveland Cavaliers,DET,1,PA,COMBO,9.5,1.9,1.67,OVER,1.9,11.163015365600586,1.663015365600586,1.663015365600586,17.5054249010588,5.2838,PA,False,16.0650003433228,14.2225002288818,9.0,1.4,1.4,0,0,POTENTIAL_AST_FALTANTE
Dennis Schroder,203471,Dennis Schröder,CLE,Detroit Pistons @ Cleveland Cavaliers,DET,1,PR,COMBO,8.5,1.92,1.76,OVER,1.92,11.871354103088379,3.371354103088379,3.371354103088379,39.66298944809857,5.7314,PR,True,16.0650003433228,14.2225002288818,9.0,1.4,1.4,0,0,POTENTIAL_AST_FALTANTE
Dennis Schroder,203471,Dennis Schröder,CLE,Detroit Pistons @ Cleveland Cavaliers,DET,1,PR,COMBO,7.5,1.65,1.93,OVER,1.65,11.871354103088379,4.371354103088379,4.371354103088379,58.28472137451172,5.7314,PR,True,16.0650003433228,14.2225002288818,9.0,1.4,1.4,0,0,POTENTIAL_AST_FALTANTE
Dennis Schroder,203471,Dennis Schröder,CLE,Detroit Pistons @ Cleveland Cavaliers,DET,1,PR,COMBO,6.5,1.5,2.18,OVER,1.5,11.871354103088379,5.371354103088379,5.371354103088379,82.63621697059045,5.7314,PR,True,16.0650003433228,14.2225002288818,9.0,1.4,1.4,0,0,POTENTIAL_AST_FALTANTE
Dennis Schroder,203471,Dennis Schröder,CLE,Detroit Pistons @ Cleveland Cavaliers,DET,1,PR,COMBO,9.5,2.1,1.54,OVER,2.1,11.871354103088379,2.371354103088379,2.371354103088379,24.96162213777241,5.7314,PR,False,16.0650003433228,14.2225002288818,9.0,1.4,1.4,0,0,POTENTIAL_AST_FALTANTE
Dennis Schroder,203471,Dennis Schröder,CLE,Detroit Pistons @ Cleveland Cavaliers,DET,1,RA,COMBO,3.5,1.78,1.9,OVER,1.78,4.6759843826293945,1.1759843826293945,1.1759843826293945,33.599553789411274,2.6976,RA,False,16.0650003433228,14.2225002288818,9.0,1.4,1.4,0,0,POTENTIAL_AST_FALTANTE
Dennis Schroder,203471,Dennis Schröder,CLE,Detroit Pistons @ Cleveland Cavaliers,DET,1,PRA,COMBO,7.5,1.35,2.61,OVER,1.35,14.944039344787598,7.444039344787598,7.444039344787598,99.2538579305013,6.1893,PRA,True,16.0650003433228,14.2225002288818,9.0,1.4,1.4,0,0,POTENTIAL_AST_FALTANTE
Dennis Schroder,203471,Dennis Schröder,CLE,Detroit Pistons @ Cleveland Cavaliers,DET,1,PRA,COMBO,8.5,1.48,2.24,OVER,1.48,14.944039344787598,6.444039344787598,6.444039344787598,75.81222758573645,6.1893,PRA,True,16.0650003433228,14.2225002288818,9.0,1.4,1.4,0,0,POTENTIAL_AST_FALTANTE
Dennis Schroder,203471,Dennis Schröder,CLE,Detroit Pistons @ Cleveland Cavaliers,DET,1,PRA,COMBO,9.5,1.6,2.01,OVER,1.6,14.944039344787598,5.444039344787598,5.444039344787598,57.30567731355366,6.1893,PRA,True,16.0650003433228,14.2225002288818,9.0,1.4,1.4,0,0,POTENTIAL_AST_FALTANTE
Dennis Schroder,203471,Dennis Schröder,CLE,Detroit Pistons @ Cleveland Cavaliers,DET,1,PRA,COMBO,11.5,1.97,1.62,OVER,1.97,14.944039344787598,3.4440393447875977,3.4440393447875977,29.948168215544328,6.1893,PRA,True,16.0650003433228,14.2225002288818,9.0,1.4,1.4,0,0,POTENTIAL_AST_FALTANTE
Dennis Schroder,203471,Dennis Schröder,CLE,Detroit Pistons @ Cleveland Cavaliers,DET,1,PRA,COMBO,12.5,2.15,1.52,OVER,2.15,14.944039344787598,2.4440393447875977,2.4440393447875977,19.55231475830078,6.1893,PRA,False,16.0650003433228,14.2225002288818,9.0,1.4,1.4,0,0,POTENTIAL_AST_FALTANTE
Dennis Schroder,203471,Dennis Schröder,CLE,Detroit Pistons @ Cleveland Cavaliers,DET,1,PRA,COMBO,13.5,2.46,1.39,OVER,2.46,14.944039344787598,1.4440393447875977,1.4440393447875977,10.69658773916739,6.1893,PRA,False,16.0650003433228,14.2225002288818,9.0,1.4,1.4,0,0,POTENTIAL_AST_FALTANTE
Dennis Schroder,203471,Dennis Schröder,CLE,Detroit Pistons @ Cleveland Cavaliers,DET,1,PRA,COMBO,10.5,1.82,1.85,OVER,1.82,14.944039344787598,4.444039344787598,4.444039344787598,42.32418423607236,6.1893,PRA,True,16.0650003433228,14.2225002288818,9.0,1.4,1.4,0,0,POTENTIAL_AST_FALTANTE
Rudy Gobert,203497,Rudy Gobert,MIN,Minnesota Timberwolves @ San Antonio Spurs,SAS,0,PTS,SINGLE,6.5,1.38,2.48,OVER,1.38,10.255316734313965,3.755316734313965,3.755316734313965,57.77410360483023,4.8341,PTS,True,32.881999206543,32.9309995651245,5.8,11.0,3.2,0,0,TRACKING_FALTANTE_TOTAL
Rudy Gobert,203497,Rudy Gobert,MIN,Minnesota Timberwolves @ San Antonio Spurs,SAS,0,PTS,SINGLE,8.5,1.79,1.88,OVER,1.79,10.255316734313965,1.7553167343139648,1.7553167343139648,20.650785109576056,4.8341,PTS,False,32.881999206543,32.9309995651245,5.8,11.0,3.2,0,0,TRACKING_FALTANTE_TOTAL
Rudy Gobert,203497,Rudy Gobert,MIN,Minnesota Timberwolves @ San Antonio Spurs,SAS,0,PTS,SINGLE,11.5,2.66,1.34,UNDER,1.34,10.255316734313965,-1.2446832656860352,1.2446832656860352,10.823332745095957,4.8341,PTS,False,32.881999206543,32.9309995651245,5.8,11.0,3.2,0,0,TRACKING_FALTANTE_TOTAL
Rudy Gobert,203497,Rudy Gobert,MIN,Minnesota Timberwolves @ San Antonio Spurs,SAS,0,PTS,SINGLE,10.5,2.29,1.45,UNDER,1.45,10.255316734313965,-0.24468326568603516,0.24468326568603516,2.330316816057478,4.8341,PTS,False,32.881999206543,32.9309995651245,5.8,11.0,3.2,0,0,TRACKING_FALTANTE_TOTAL
Rudy Gobert,203497,Rudy Gobert,MIN,Minnesota Timberwolves @ San Antonio Spurs,SAS,0,PTS,SINGLE,9.5,1.97,1.62,OVER,1.97,10.255316734313965,0.7553167343139648,0.7553167343139648,7.950702466462787,4.8341,PTS,False,32.881999206543,32.9309995651245,5.8,11.0,3.2,0,0,TRACKING_FALTANTE_TOTAL
Rudy Gobert,203497,Rudy Gobert,MIN,Minnesota Timberwolves @ San Antonio Spurs,SAS,0,PTS,SINGLE,7.5,1.53,2.12,OVER,1.53,10.255316734313965,2.755316734313965,2.755316734313965,36.73755645751953,4.8341,PTS,True,32.881999206543,32.9309995651245,5.8,11.0,3.2,0,0,TRACKING_FALTANTE_TOTAL
Rudy Gobert,203497,Rudy Gobert,MIN,Minnesota Timberwolves @ San Antonio Spurs,SAS,0,AST,SINGLE,1.5,1.77,1.91,OVER,1.77,2.26493501663208,0.7649350166320801,0.7649350166320801,50.99566777547201,1.4546,AST_FALLBACK,True,32.881999206543,32.9309995651245,5.8,11.0,3.2,0,0,TRACKING_FALTANTE_TOTAL
Rudy Gobert,203497,Rudy Gobert,MIN,Minnesota Timberwolves @ San Antonio Spurs,SAS,0,Q1_PTS,Q1,2.5,1.96,1.73,OVER,1.96,2.6966283321380615,0.19662833213806152,0.19662833213806152,7.86513328552246,2.087,Q1_PTS,False,32.881999206543,32.9309995651245,5.8,11.0,3.2,0,0,TRACKING_FALTANTE_TOTAL
Rudy Gobert,203497,Rudy Gobert,MIN,Minnesota Timberwolves @ San Antonio Spurs,SAS,0,Q1_PTS,Q1,3.5,2.08,1.55,UNDER,1.55,2.6966283321380615,-0.8033716678619385,0.8033716678619385,22.953476224626815,2.087,Q1_PTS,False,32.881999206543,32.9309995651245,5.8,11.0,3.2,0,0,TRACKING_FALTANTE_TOTAL
Rudy Gobert,203497,Rudy Gobert,MIN,Minnesota Timberwolves @ San Antonio Spurs,SAS,0,Q1_AST,Q1,0.5,2.0,1.69,OVER,2.0,0.8027327656745911,0.30273276567459106,0.30273276567459106,60.54655313491821,0.7063,Q1_AST,False,32.881999206543,32.9309995651245,5.8,11.0,3.2,0,0,TRACKING_FALTANTE_TOTAL
Rudy Gobert,203497,Rudy Gobert,MIN,Minnesota Timberwolves @ San Antonio Spurs,SAS,0,Q1_REB,Q1,3.5,1.74,1.94,UNDER,1.94,3.317352771759033,-0.1826472282409668,0.1826472282409668,5.2184922354561945,0.9236,Q1_REB,False,32.881999206543,32.9309995651245,5.8,11.0,3.2,0,0,TRACKING_FALTANTE_TOTAL
Rudy Gobert,203497,Rudy Gobert,MIN,Minnesota Timberwolves @ San Antonio Spurs,SAS,0,FTM,SINGLE,1.5,2.14,1.6,OVER,2.14,1.8957892656326294,0.3957892656326294,0.3957892656326294,26.385951042175293,1.4962,FTM,False,32.881999206543,32.9309995651245,5.8,11.0,3.2,0,0,TRACKING_FALTANTE_TOTAL
Rudy Gobert,203497,Rudy Gobert,MIN,Minnesota Timberwolves @ San Antonio Spurs,SAS,0,FTA,SINGLE,2.5,1.99,1.7,OVER,1.99,3.107544183731079,0.6075441837310791,0.6075441837310791,24.301767349243164,1.8012,FTA,False,32.881999206543,32.9309995651245,5.8,11.0,3.2,0,0,TRACKING_FALTANTE_TOTAL
Rudy Gobert,203497,Rudy Gobert,MIN,Minnesota Timberwolves @ San Antonio Spurs,SAS,0,FGM,SINGLE,3.5,1.78,1.89,OVER,1.78,4.167226314544678,0.6672263145446777,0.6672263145446777,19.063608986990793,1.8635,FGM,False,32.881999206543,32.9309995651245,5.8,11.0,3.2,0,0,TRACKING_FALTANTE_TOTAL
Rudy Gobert,203497,Rudy Gobert,MIN,Minnesota Timberwolves @ San Antonio Spurs,SAS,0,FGA,SINGLE,6.5,1.95,1.73,OVER,1.95,6.897944450378418,0.39794445037841797,0.39794445037841797,6.122222313514122,2.8767,FGA,False,32.881999206543,32.9309995651245,5.8,11.0,3.2,0,0,TRACKING_FALTANTE_TOTAL
Rudy Gobert,203497,Rudy Gobert,MIN,Minnesota Timberwolves @ San Antonio Spurs,SAS,0,REB,SINGLE,11.5,2.01,1.69,OVER,2.01,12.028895378112793,0.528895378112793,0.528895378112793,4.599090244459069,1.9667,REB,False,32.881999206543,32.9309995651245,5.8,11.0,3.2,0,0,TRACKING_FALTANTE_TOTAL
Rudy Gobert,203497,Rudy Gobert,MIN,Minnesota Timberwolves @ San Antonio Spurs,SAS,0,REB,SINGLE,13.5,2.71,1.32,UNDER,1.32,12.028895378112793,-1.471104621887207,1.471104621887207,10.89707127323857,1.9667,REB,True,32.881999206543,32.9309995651245,5.8,11.0,3.2,0,0,TRACKING_FALTANTE_TOTAL
Rudy Gobert,203497,Rudy Gobert,MIN,Minnesota Timberwolves @ San Antonio Spurs,SAS,0,REB,SINGLE,10.5,1.64,1.94,OVER,1.64,12.028895378112793,1.528895378112793,1.528895378112793,14.56090836297898,1.9667,REB,True,32.881999206543,32.9309995651245,5.8,11.0,3.2,0,0,TRACKING_FALTANTE_TOTAL
Rudy Gobert,203497,Rudy Gobert,MIN,Minnesota Timberwolves @ San Antonio Spurs,SAS,0,REB,SINGLE,9.5,1.45,2.29,OVER,1.45,12.028895378112793,2.528895378112793,2.528895378112793,26.619951348555716,1.9667,REB,True,32.881999206543,32.9309995651245,5.8,11.0,3.2,0,0,TRACKING_FALTANTE_TOTAL
Rudy Gobert,203497,Rudy Gobert,MIN,Minnesota Timberwolves @ San Antonio Spurs,SAS,0,REB,SINGLE,12.5,2.22,1.48,UNDER,1.48,12.028895378112793,-0.47110462188720703,0.47110462188720703,3.7688369750976567,1.9667,REB,False,32.881999206543,32.9309995651245,5.8,11.0,3.2,0,0,TRACKING_FALTANTE_TOTAL
Rudy Gobert,203497,Rudy Gobert,MIN,Minnesota Timberwolves @ San Antonio Spurs,SAS,0,PA,COMBO,10.5,1.85,1.82,OVER,1.85,11.426796913146973,0.9267969131469727,0.9267969131469727,8.826637268066406,5.2838,PA,False,32.881999206543,32.9309995651245,5.8,11.0,3.2,0,0,TRACKING_FALTANTE_TOTAL
Rudy Gobert,203497,Rudy Gobert,MIN,Minnesota Timberwolves @ San Antonio Spurs,SAS,0,PA,COMBO,9.5,1.57,2.04,OVER,1.57,11.426796913146973,1.9267969131469727,1.9267969131469727,20.28207276996813,5.2838,PA,False,32.881999206543,32.9309995651245,5.8,11.0,3.2,0,0,TRACKING_FALTANTE_TOTAL
Rudy Gobert,203497,Rudy Gobert,MIN,Minnesota Timberwolves @ San Antonio Spurs,SAS,0,PA,COMBO,11.5,2.05,1.57,UNDER,1.57,11.426796913146973,-0.07320308685302734,0.07320308685302734,0.6365485813306726,5.2838,PA,False,32.881999206543,32.9309995651245,5.8,11.0,3.2,0,0,TRACKING_FALTANTE_TOTAL
Rudy Gobert,203497,Rudy Gobert,MIN,Minnesota Timberwolves @ San Antonio Spurs,SAS,0,PR,COMBO,20.5,1.94,1.74,OVER,1.94,20.988147735595703,0.4881477355957031,0.4881477355957031,2.381208466320503,5.7314,PR,False,32.881999206543,32.9309995651245,5.8,11.0,3.2,0,0,TRACKING_FALTANTE_TOTAL
Rudy Gobert,203497,Rudy Gobert,MIN,Minnesota Timberwolves @ San Antonio Spurs,SAS,0,PR,COMBO,18.5,1.55,2.08,OVER,1.55,20.988147735595703,2.488147735595703,2.488147735595703,13.449447219436234,5.7314,PR,False,32.881999206543,32.9309995651245,5.8,11.0,3.2,0,0,TRACKING_FALTANTE_TOTAL
Rudy Gobert,203497,Rudy Gobert,MIN,Minnesota Timberwolves @ San Antonio Spurs,SAS,0,PR,COMBO,19.5,1.7,1.87,OVER,1.7,20.988147735595703,1.4881477355957031,1.4881477355957031,7.631526849208734,5.7314,PR,False,32.881999206543,32.9309995651245,5.8,11.0,3.2,0,0,TRACKING_FALTANTE_TOTAL
Rudy Gobert,203497,Rudy Gobert,MIN,Minnesota Timberwolves @ San Antonio Spurs,SAS,0,PR,COMBO,21.5,2.04,1.57,UNDER,1.57,20.988147735595703,-0.5118522644042969,0.5118522644042969,2.3807082065316134,5.7314,PR,False,32.881999206543,32.9309995651245,5.8,11.0,3.2,0,0,TRACKING_FALTANTE_TOTAL
Rudy Gobert,203497,Rudy Gobert,MIN,Minnesota Timberwolves @ San Antonio Spurs,SAS,0,RA,COMBO,12.5,1.74,1.94,UNDER,1.94,12.212989807128906,-0.28701019287109375,0.28701019287109375,2.29608154296875,2.6976,RA,False,32.881999206543,32.9309995651245,5.8,11.0,3.2,0,0,TRACKING_FALTANTE_TOTAL
Rudy Gobert,203497,Rudy Gobert,MIN,Minnesota Timberwolves @ San Antonio Spurs,SAS,0,RA,COMBO,13.5,1.96,1.63,UNDER,1.63,12.212989807128906,-1.2870101928710938,1.2870101928710938,9.533408836082176,2.6976,RA,False,32.881999206543,32.9309995651245,5.8,11.0,3.2,0,0,TRACKING_FALTANTE_TOTAL
Rudy Gobert,203497,Rudy Gobert,MIN,Minnesota Timberwolves @ San Antonio Spurs,SAS,0,RA,COMBO,11.5,1.54,2.1,OVER,1.54,12.212989807128906,0.7129898071289062,0.7129898071289062,6.199911366338315,2.6976,RA,False,32.881999206543,32.9309995651245,5.8,11.0,3.2,0,0,TRACKING_FALTANTE_TOTAL
Rudy Gobert,203497,Rudy Gobert,MIN,Minnesota Timberwolves @ San Antonio Spurs,SAS,0,PRA,COMBO,17.5,1.32,2.74,OVER,1.32,23.15003776550293,5.65003776550293,5.65003776550293,32.285930088588174,6.1893,PRA,True,32.881999206543,32.9309995651245,5.8,11.0,3.2,0,0,TRACKING_FALTANTE_TOTAL
Rudy Gobert,203497,Rudy Gobert,MIN,Minnesota Timberwolves @ San Antonio Spurs,SAS,0,PRA,COMBO,22.5,1.92,1.66,OVER,1.92,23.15003776550293,0.6500377655029297,0.6500377655029297,2.8890567355685763,6.1893,PRA,False,32.881999206543,32.9309995651245,5.8,11.0,3.2,0,0,TRACKING_FALTANTE_TOTAL
Rudy Gobert,203497,Rudy Gobert,MIN,Minnesota Timberwolves @ San Antonio Spurs,SAS,0,PRA,COMBO,21.5,1.78,1.89,OVER,1.78,23.15003776550293,1.6500377655029297,1.6500377655029297,7.674594258153161,6.1893,PRA,False,32.881999206543,32.9309995651245,5.8,11.0,3.2,0,0,TRACKING_FALTANTE_TOTAL
Rudy Gobert,203497,Rudy Gobert,MIN,Minnesota Timberwolves @ San Antonio Spurs,SAS,0,PRA,COMBO,18.5,1.4,2.43,OVER,1.4,23.15003776550293,4.65003776550293,4.65003776550293,25.13533927298881,6.1893,PRA,True,32.881999206543,32.9309995651245,5.8,11.0,3.2,0,0,TRACKING_FALTANTE_TOTAL
Rudy Gobert,203497,Rudy Gobert,MIN,Minnesota Timberwolves @ San Antonio Spurs,SAS,0,PRA,COMBO,19.5,1.52,2.14,OVER,1.52,23.15003776550293,3.6500377655029297,3.6500377655029297,18.71814238719451,6.1893,PRA,True,32.881999206543,32.9309995651245,5.8,11.0,3.2,0,0,TRACKING_FALTANTE_TOTAL
Rudy Gobert,203497,Rudy Gobert,MIN,Minnesota Timberwolves @ San Antonio Spurs,SAS,0,PRA,COMBO,23.5,2.08,1.55,UNDER,1.55,23.15003776550293,-0.3499622344970703,0.3499622344970703,1.4892009978598737,6.1893,PRA,False,32.881999206543,32.9309995651245,5.8,11.0,3.2,0,0,TRACKING_FALTANTE_TOTAL
Rudy Gobert,203497,Rudy Gobert,MIN,Minnesota Timberwolves @ San Antonio Spurs,SAS,0,PRA,COMBO,24.5,2.21,1.49,UNDER,1.49,23.15003776550293,-1.3499622344970703,1.3499622344970703,5.510049936722735,6.1893,PRA,False,32.881999206543,32.9309995651245,5.8,11.0,3.2,0,0,TRACKING_FALTANTE_TOTAL
Rudy Gobert,203497,Rudy Gobert,MIN,Minnesota Timberwolves @ San Antonio Spurs,SAS,0,PRA,COMBO,26.5,2.78,1.31,UNDER,1.31,23.15003776550293,-3.3499622344970703,3.3499622344970703,12.641366922630453,6.1893,PRA,True,32.881999206543,32.9309995651245,5.8,11.0,3.2,0,0,TRACKING_FALTANTE_TOTAL
Rudy Gobert,203497,Rudy Gobert,MIN,Minnesota Timberwolves @ San Antonio Spurs,SAS,0,PRA,COMBO,25.5,2.47,1.39,UNDER,1.39,23.15003776550293,-2.3499622344970703,2.3499622344970703,9.215538174498315,6.1893,PRA,False,32.881999206543,32.9309995651245,5.8,11.0,3.2,0,0,TRACKING_FALTANTE_TOTAL
Rudy Gobert,203497,Rudy Gobert,MIN,Minnesota Timberwolves @ San Antonio Spurs,SAS,0,PRA,COMBO,20.5,1.6,2.0,OVER,1.6,23.15003776550293,2.6500377655029297,2.6500377655029297,12.927013490258194,6.1893,PRA,False,32.881999206543,32.9309995651245,5.8,11.0,3.2,0,0,TRACKING_FALTANTE_TOTAL
Marcus Smart,203935,Marcus Smart,LAL,Oklahoma City Thunder @ Los Angeles Lakers,OKC,1,PTS,SINGLE,13.5,2.41,1.41,UNDER,1.41,11.345380783081055,-2.1546192169189453,2.1546192169189453,15.960142347547743,4.8341,PTS,False,34.6933338165283,31.7766666412354,12.0,4.4,5.0,0,0,TRACKING_FALTANTE_TOTAL
Marcus Smart,203935,Marcus Smart,LAL,Oklahoma City Thunder @ Los Angeles Lakers,OKC,1,PTS,SINGLE,7.5,1.28,2.9,OVER,1.28,11.345380783081055,3.8453807830810547,3.8453807830810547,51.271743774414055,4.8341,PTS,True,34.6933338165283,31.7766666412354,12.0,4.4,5.0,0,0,TRACKING_FALTANTE_TOTAL
Marcus Smart,203935,Marcus Smart,LAL,Oklahoma City Thunder @ Los Angeles Lakers,OKC,1,PTS,SINGLE,11.5,1.92,1.65,UNDER,1.65,11.345380783081055,-0.1546192169189453,0.1546192169189453,1.3445149297299592,4.8341,PTS,False,34.6933338165283,31.7766666412354,12.0,4.4,5.0,0,0,TRACKING_FALTANTE_TOTAL
Marcus Smart,203935,Marcus Smart,LAL,Oklahoma City Thunder @ Los Angeles Lakers,OKC,1,PTS,SINGLE,12.5,2.09,1.55,UNDER,1.55,11.345380783081055,-1.1546192169189453,1.1546192169189453,9.236953735351562,4.8341,PTS,False,34.6933338165283,31.7766666412354,12.0,4.4,5.0,0,0,TRACKING_FALTANTE_TOTAL
Marcus Smart,203935,Marcus Smart,LAL,Oklahoma City Thunder @ Los Angeles Lakers,OKC,1,PTS,SINGLE,14.5,2.81,1.3,UNDER,1.3,11.345380783081055,-3.1546192169189453,3.1546192169189453,21.755994599441003,4.8341,PTS,True,34.6933338165283,31.7766666412354,12.0,4.4,5.0,0,0,TRACKING_FALTANTE_TOTAL
Marcus Smart,203935,Marcus Smart,LAL,Oklahoma City Thunder @ Los Angeles Lakers,OKC,1,PTS,SINGLE,8.5,1.41,2.41,OVER,1.41,11.345380783081055,2.8453807830810547,2.8453807830810547,33.4750680362477,4.8341,PTS,True,34.6933338165283,31.7766666412354,12.0,4.4,5.0,0,0,TRACKING_FALTANTE_TOTAL
Marcus Smart,203935,Marcus Smart,LAL,Oklahoma City Thunder @ Los Angeles Lakers,OKC,1,PTS,SINGLE,9.5,1.56,2.07,OVER,1.56,11.345380783081055,1.8453807830810547,1.8453807830810547,19.42506087453742,4.8341,PTS,False,34.6933338165283,31.7766666412354,12.0,4.4,5.0,0,0,TRACKING_FALTANTE_TOTAL
Marcus Smart,203935,Marcus Smart,LAL,Oklahoma City Thunder @ Los Angeles Lakers,OKC,1,PTS,SINGLE,10.5,1.74,1.94,OVER,1.74,11.345380783081055,0.8453807830810547,0.8453807830810547,8.051245553152901,4.8341,PTS,False,34.6933338165283,31.7766666412354,12.0,4.4,5.0,0,0,TRACKING_FALTANTE_TOTAL
Marcus Smart,203935,Marcus Smart,LAL,Oklahoma City Thunder @ Los Angeles Lakers,OKC,1,AST,SINGLE,3.5,1.76,1.92,OVER,1.76,3.9230401515960693,0.42304015159606934,0.42304015159606934,12.086861474173409,1.4546,AST_FALLBACK,False,34.6933338165283,31.7766666412354,12.0,4.4,5.0,0,0,TRACKING_FALTANTE_TOTAL
Marcus Smart,203935,Marcus Smart,LAL,Oklahoma City Thunder @ Los Angeles Lakers,OKC,1,AST,SINGLE,2.5,1.32,2.72,OVER,1.32,3.9230401515960693,1.4230401515960693,1.4230401515960693,56.92160606384278,1.4546,AST_FALLBACK,True,34.6933338165283,31.7766666412354,12.0,4.4,5.0,0,0,TRACKING_FALTANTE_TOTAL
Marcus Smart,203935,Marcus Smart,LAL,Oklahoma City Thunder @ Los Angeles Lakers,OKC,1,AST,SINGLE,4.5,2.33,1.44,UNDER,1.44,3.9230401515960693,-0.5769598484039307,0.5769598484039307,12.821329964531792,1.4546,AST_FALLBACK,False,34.6933338165283,31.7766666412354,12.0,4.4,5.0,0,0,TRACKING_FALTANTE_TOTAL
Marcus Smart,203935,Marcus Smart,LAL,Oklahoma City Thunder @ Los Angeles Lakers,OKC,1,3PT,SINGLE,1.5,1.59,2.17,OVER,1.59,1.765621542930603,0.265621542930603,0.265621542930603,17.7081028620402,0.9642,3PT,False,34.6933338165283,31.7766666412354,12.0,4.4,5.0,0,0,TRACKING_FALTANTE_TOTAL
Marcus Smart,203935,Marcus Smart,LAL,Oklahoma City Thunder @ Los Angeles Lakers,OKC,1,3PT,SINGLE,2.5,2.41,1.41,UNDER,1.41,1.765621542930603,-0.734378457069397,0.734378457069397,29.375138282775882,0.9642,3PT,True,34.6933338165283,31.7766666412354,12.0,4.4,5.0,0,0,TRACKING_FALTANTE_TOTAL
Marcus Smart,203935,Marcus Smart,LAL,Oklahoma City Thunder @ Los Angeles Lakers,OKC,1,Q1_PTS,Q1,2.5,1.77,1.91,OVER,1.77,2.6271777153015137,0.12717771530151367,0.12717771530151367,5.087108612060547,2.087,Q1_PTS,False,34.6933338165283,31.7766666412354,12.0,4.4,5.0,0,0,TRACKING_FALTANTE_TOTAL
Marcus Smart,203935,Marcus Smart,LAL,Oklahoma City Thunder @ Los Angeles Lakers,OKC,1,Q1_REB,Q1,0.5,1.7,2.0,OVER,1.7,1.027095913887024,0.5270959138870239,0.5270959138870239,105.41918277740479,0.9236,Q1_REB,True,34.6933338165283,31.7766666412354,12.0,4.4,5.0,0,0,TRACKING_FALTANTE_TOTAL
Marcus Smart,203935,Marcus Smart,LAL,Oklahoma City Thunder @ Los Angeles Lakers,OKC,1,FTM,SINGLE,1.5,1.64,2.08,OVER,1.64,2.3368148803710938,0.8368148803710938,0.8368148803710938,55.78765869140625,1.4962,FTM,True,34.6933338165283,31.7766666412354,12.0,4.4,5.0,0,0,TRACKING_FALTANTE_TOTAL
Marcus Smart,203935,Marcus Smart,LAL,Oklahoma City Thunder @ Los Angeles Lakers,OKC,1,FGM,SINGLE,3.5,1.84,1.83,OVER,1.84,3.67397403717041,0.17397403717041016,0.17397403717041016,4.970686776297433,1.8635,FGM,False,34.6933338165283,31.7766666412354,12.0,4.4,5.0,0,0,TRACKING_FALTANTE_TOTAL
Marcus Smart,203935,Marcus Smart,LAL,Oklahoma City Thunder @ Los Angeles Lakers,OKC,1,FGA,SINGLE,9.5,1.9,1.77,UNDER,1.77,9.14344310760498,-0.35655689239501953,0.35655689239501953,3.7532304462633634,2.8767,FGA,False,34.6933338165283,31.7766666412354,12.0,4.4,5.0,0,0,TRACKING_FALTANTE_TOTAL
Marcus Smart,203935,Marcus Smart,LAL,Oklahoma City Thunder @ Los Angeles Lakers,OKC,1,FG3A,SINGLE,5.5,1.89,1.78,UNDER,1.78,4.948135852813721,-0.5518641471862793,0.5518641471862793,10.033893585205078,1.5883,FG3A,False,34.6933338165283,31.7766666412354,12.0,4.4,5.0,0,0,TRACKING_FALTANTE_TOTAL
Marcus Smart,203935,Marcus Smart,LAL,Oklahoma City Thunder @ Los Angeles Lakers,OKC,1,REB,SINGLE,2.5,1.59,2.17,OVER,1.59,3.7096333503723145,1.2096333503723145,1.2096333503723145,48.38533401489258,1.9667,REB,True,34.6933338165283,31.7766666412354,12.0,4.4,5.0,0,0,TRACKING_FALTANTE_TOTAL
Marcus Smart,203935,Marcus Smart,LAL,Oklahoma City Thunder @ Los Angeles Lakers,OKC,1,REB,SINGLE,3.5,2.2,1.49,OVER,2.2,3.7096333503723145,0.20963335037231445,0.20963335037231445,5.989524296351841,1.9667,REB,False,34.6933338165283,31.7766666412354,12.0,4.4,5.0,0,0,TRACKING_FALTANTE_TOTAL
Marcus Smart,203935,Marcus Smart,LAL,Oklahoma City Thunder @ Los Angeles Lakers,OKC,1,PA,COMBO,14.5,1.77,1.91,UNDER,1.91,14.395408630371094,-0.10459136962890625,0.10459136962890625,0.721319790544181,5.2838,PA,False,34.6933338165283,31.7766666412354,12.0,4.4,5.0,0,0,TRACKING_FALTANTE_TOTAL
Marcus Smart,203935,Marcus Smart,LAL,Oklahoma City Thunder @ Los Angeles Lakers,OKC,1,PA,COMBO,13.5,1.56,2.07,OVER,1.56,14.395408630371094,0.8954086303710938,0.8954086303710938,6.632656521267361,5.2838,PA,False,34.6933338165283,31.7766666412354,12.0,4.4,5.0,0,0,TRACKING_FALTANTE_TOTAL
Marcus Smart,203935,Marcus Smart,LAL,Oklahoma City Thunder @ Los Angeles Lakers,OKC,1,PA,COMBO,16.5,2.08,1.55,UNDER,1.55,14.395408630371094,-2.1045913696289062,2.1045913696289062,12.755099209872158,5.2838,PA,False,34.6933338165283,31.7766666412354,12.0,4.4,5.0,0,0,TRACKING_FALTANTE_TOTAL
Marcus Smart,203935,Marcus Smart,LAL,Oklahoma City Thunder @ Los Angeles Lakers,OKC,1,PA,COMBO,15.5,1.92,1.65,UNDER,1.65,14.395408630371094,-1.1045913696289062,1.1045913696289062,7.126395933089717,5.2838,PA,False,34.6933338165283,31.7766666412354,12.0,4.4,5.0,0,0,TRACKING_FALTANTE_TOTAL
Marcus Smart,203935,Marcus Smart,LAL,Oklahoma City Thunder @ Los Angeles Lakers,OKC,1,PR,COMBO,13.5,1.68,1.89,OVER,1.68,15.324480056762695,1.8244800567626953,1.8244800567626953,13.514667087131077,5.7314,PR,False,34.6933338165283,31.7766666412354,12.0,4.4,5.0,0,0,TRACKING_FALTANTE_TOTAL
Marcus Smart,203935,Marcus Smart,LAL,Oklahoma City Thunder @ Los Angeles Lakers,OKC,1,PR,COMBO,14.5,1.95,1.73,OVER,1.95,15.324480056762695,0.8244800567626953,0.8244800567626953,5.686069356984105,5.7314,PR,False,34.6933338165283,31.7766666412354,12.0,4.4,5.0,0,0,TRACKING_FALTANTE_TOTAL
Marcus Smart,203935,Marcus Smart,LAL,Oklahoma City Thunder @ Los Angeles Lakers,OKC,1,PR,COMBO,12.5,1.57,2.05,OVER,1.57,15.324480056762695,2.8244800567626953,2.8244800567626953,22.595840454101562,5.7314,PR,False,34.6933338165283,31.7766666412354,12.0,4.4,5.0,0,0,TRACKING_FALTANTE_TOTAL
Marcus Smart,203935,Marcus Smart,LAL,Oklahoma City Thunder @ Los Angeles Lakers,OKC,1,PR,COMBO,15.5,2.1,1.54,UNDER,1.54,15.324480056762695,-0.1755199432373047,0.1755199432373047,1.132386730563256,5.7314,PR,False,34.6933338165283,31.7766666412354,12.0,4.4,5.0,0,0,TRACKING_FALTANTE_TOTAL
Marcus Smart,203935,Marcus Smart,LAL,Oklahoma City Thunder @ Los Angeles Lakers,OKC,1,RA,COMBO,6.5,1.74,1.94,OVER,1.74,7.278233051300049,0.7782330513000488,0.7782330513000488,11.972816173846905,2.6976,RA,False,34.6933338165283,31.7766666412354,12.0,4.4,5.0,0,0,TRACKING_FALTANTE_TOTAL
Marcus Smart,203935,Marcus Smart,LAL,Oklahoma City Thunder @ Los Angeles Lakers,OKC,1,RA,COMBO,7.5,2.1,1.54,UNDER,1.54,7.278233051300049,-0.22176694869995117,0.22176694869995117,2.956892649332682,2.6976,RA,False,34.6933338165283,31.7766666412354,12.0,4.4,5.0,0,0,TRACKING_FALTANTE_TOTAL
Marcus Smart,203935,Marcus Smart,LAL,Oklahoma City Thunder @ Los Angeles Lakers,OKC,1,PRA,COMBO,18.5,1.88,1.68,UNDER,1.68,18.406734466552734,-0.09326553344726562,0.09326553344726562,0.5041380186338682,6.1893,PRA,False,34.6933338165283,31.7766666412354,12.0,4.4,5.0,0,0,TRACKING_FALTANTE_TOTAL
Marcus Smart,203935,Marcus Smart,LAL,Oklahoma City Thunder @ Los Angeles Lakers,OKC,1,PRA,COMBO,21.5,2.61,1.35,UNDER,1.35,18.406734466552734,-3.0932655334472656,3.0932655334472656,14.387281550917514,6.1893,PRA,False,34.6933338165283,31.7766666412354,12.0,4.4,5.0,0,0,TRACKING_FALTANTE_TOTAL
Marcus Smart,203935,Marcus Smart,LAL,Oklahoma City Thunder @ Los Angeles Lakers,OKC,1,PRA,COMBO,17.5,1.75,1.93,OVER,1.75,18.406734466552734,0.9067344665527344,0.9067344665527344,5.181339808872768,6.1893,PRA,False,34.6933338165283,31.7766666412354,12.0,4.4,5.0,0,0,TRACKING_FALTANTE_TOTAL
Marcus Smart,203935,Marcus Smart,LAL,Oklahoma City Thunder @ Los Angeles Lakers,OKC,1,PRA,COMBO,14.5,1.35,2.59,OVER,1.35,18.406734466552734,3.9067344665527344,3.9067344665527344,26.942996321053343,6.1893,PRA,True,34.6933338165283,31.7766666412354,12.0,4.4,5.0,0,0,TRACKING_FALTANTE_TOTAL
Marcus Smart,203935,Marcus Smart,LAL,Oklahoma City Thunder @ Los Angeles Lakers,OKC,1,PRA,COMBO,16.5,1.56,2.06,OVER,1.56,18.406734466552734,1.9067344665527344,1.9067344665527344,11.555966463955967,6.1893,PRA,False,34.6933338165283,31.7766666412354,12.0,4.4,5.0,0,0,TRACKING_FALTANTE_TOTAL
Marcus Smart,203935,Marcus Smart,LAL,Oklahoma City Thunder @ Los Angeles Lakers,OKC,1,PRA,COMBO,19.5,2.12,1.53,UNDER,1.53,18.406734466552734,-1.0932655334472656,1.0932655334472656,5.606489915114183,6.1893,PRA,False,34.6933338165283,31.7766666412354,12.0,4.4,5.0,0,0,TRACKING_FALTANTE_TOTAL
Marcus Smart,203935,Marcus Smart,LAL,Oklahoma City Thunder @ Los Angeles Lakers,OKC,1,PRA,COMBO,20.5,2.3,1.45,UNDER,1.45,18.406734466552734,-2.0932655334472656,2.0932655334472656,10.211051382669588,6.1893,PRA,False,34.6933338165283,31.7766666412354,12.0,4.4,5.0,0,0,TRACKING_FALTANTE_TOTAL
Marcus Smart,203935,Marcus Smart,LAL,Oklahoma City Thunder @ Los Angeles Lakers,OKC,1,PRA,COMBO,15.5,1.47,2.25,OVER,1.47,18.406734466552734,2.9067344665527344,2.9067344665527344,18.753125590662805,6.1893,PRA,False,34.6933338165283,31.7766666412354,12.0,4.4,5.0,0,0,TRACKING_FALTANTE_TOTAL
Joel Embiid,203954,Joel Embiid,PHI,Philadelphia 76ers @ New York Knicks,NYK,0,REB,SINGLE,8.5,1.61,1.98,UNDER,1.98,7.9075188636779785,-0.5924811363220215,0.5924811363220215,6.97036630967084,1.9667,REB,False,34.1616672515869,34.2508335113525,25.2,8.0,5.8,0,0,POTENTIAL_AST_FALTANTE
Joel Embiid,203954,Joel Embiid,PHI,Philadelphia 76ers @ New York Knicks,NYK,0,PR,COMBO,38.5,2.12,1.53,OVER,2.12,39.170570373535156,0.6705703735351562,0.6705703735351562,1.7417412299614448,5.7314,PR,False,34.1616672515869,34.2508335113525,25.2,8.0,5.8,0,0,POTENTIAL_AST_FALTANTE
Joel Embiid,203954,Joel Embiid,PHI,Philadelphia 76ers @ New York Knicks,NYK,0,PR,COMBO,37.5,2.03,1.58,OVER,2.03,39.170570373535156,1.6705703735351562,1.6705703735351562,4.454854329427083,5.7314,PR,False,34.1616672515869,34.2508335113525,25.2,8.0,5.8,0,0,POTENTIAL_AST_FALTANTE
Joel Embiid,203954,Joel Embiid,PHI,Philadelphia 76ers @ New York Knicks,NYK,0,PR,COMBO,32.5,1.54,2.1,OVER,1.54,39.170570373535156,6.670570373535156,6.670570373535156,20.52483191856971,5.7314,PR,True,34.1616672515869,34.2508335113525,25.2,8.0,5.8,0,0,POTENTIAL_AST_FALTANTE
Joel Embiid,203954,Joel Embiid,PHI,Philadelphia 76ers @ New York Knicks,NYK,0,PR,COMBO,33.5,1.59,2.01,OVER,1.59,39.170570373535156,5.670570373535156,5.670570373535156,16.92707574189599,5.7314,PR,True,34.1616672515869,34.2508335113525,25.2,8.0,5.8,0,0,POTENTIAL_AST_FALTANTE
Joel Embiid,203954,Joel Embiid,PHI,Philadelphia 76ers @ New York Knicks,NYK,0,PR,COMBO,34.5,1.68,1.89,OVER,1.68,39.170570373535156,4.670570373535156,4.670570373535156,13.537885140681613,5.7314,PR,True,34.1616672515869,34.2508335113525,25.2,8.0,5.8,0,0,POTENTIAL_AST_FALTANTE
Joel Embiid,203954,Joel Embiid,PHI,Philadelphia 76ers @ New York Knicks,NYK,0,PR,COMBO,35.5,1.85,1.82,OVER,1.85,39.170570373535156,3.6705703735351562,3.6705703735351562,10.33963485502861,5.7314,PR,True,34.1616672515869,34.2508335113525,25.2,8.0,5.8,0,0,POTENTIAL_AST_FALTANTE
Joel Embiid,203954,Joel Embiid,PHI,Philadelphia 76ers @ New York Knicks,NYK,0,PR,COMBO,36.5,1.9,1.67,OVER,1.9,39.170570373535156,2.6705703735351562,2.6705703735351562,7.3166311603702905,5.7314,PR,False,34.1616672515869,34.2508335113525,25.2,8.0,5.8,0,0,POTENTIAL_AST_FALTANTE
Joel Embiid,203954,Joel Embiid,PHI,Philadelphia 76ers @ New York Knicks,NYK,0,RA,COMBO,13.5,1.8,1.87,UNDER,1.87,10.875519752502441,-2.6244802474975586,2.6244802474975586,19.440594425907843,2.6976,RA,True,34.1616672515869,34.2508335113525,25.2,8.0,5.8,0,0,POTENTIAL_AST_FALTANTE
Joel Embiid,203954,Joel Embiid,PHI,Philadelphia 76ers @ New York Knicks,NYK,0,RA,COMBO,14.5,2.04,1.58,UNDER,1.58,10.875519752502441,-3.6244802474975586,3.6244802474975586,24.99641549998316,2.6976,RA,True,34.1616672515869,34.2508335113525,25.2,8.0,5.8,0,0,POTENTIAL_AST_FALTANTE
Joel Embiid,203954,Joel Embiid,PHI,Philadelphia 76ers @ New York Knicks,NYK,0,RA,COMBO,12.5,1.55,2.09,UNDER,2.09,10.875519752502441,-1.6244802474975586,1.6244802474975586,12.995841979980469,2.6976,RA,True,34.1616672515869,34.2508335113525,25.2,8.0,5.8,0,0,POTENTIAL_AST_FALTANTE
Joel Embiid,203954,Joel Embiid,PHI,Philadelphia 76ers @ New York Knicks,NYK,0,PRA,COMBO,36.5,1.5,2.19,OVER,1.5,44.1275634765625,7.6275634765625,7.6275634765625,20.897434182363014,6.1893,PRA,True,34.1616672515869,34.2508335113525,25.2,8.0,5.8,0,0,POTENTIAL_AST_FALTANTE
Joel Embiid,203954,Joel Embiid,PHI,Philadelphia 76ers @ New York Knicks,NYK,0,PRA,COMBO,40.5,1.88,1.79,OVER,1.88,44.1275634765625,3.6275634765625,3.6275634765625,8.956946855709877,6.1893,PRA,True,34.1616672515869,34.2508335113525,25.2,8.0,5.8,0,0,POTENTIAL_AST_FALTANTE
Joel Embiid,203954,Joel Embiid,PHI,Philadelphia 76ers @ New York Knicks,NYK,0,PRA,COMBO,46.5,2.77,1.31,UNDER,1.31,44.1275634765625,-2.3724365234375,2.3724365234375,5.102014028897849,6.1893,PRA,False,34.1616672515869,34.2508335113525,25.2,8.0,5.8,0,0,POTENTIAL_AST_FALTANTE
Joel Embiid,203954,Joel Embiid,PHI,Philadelphia 76ers @ New York Knicks,NYK,0,PRA,COMBO,37.5,1.53,2.12,OVER,1.53,44.1275634765625,6.6275634765625,6.6275634765625,17.673502604166664,6.1893,PRA,True,34.1616672515869,34.2508335113525,25.2,8.0,5.8,0,0,POTENTIAL_AST_FALTANTE
Joel Embiid,203954,Joel Embiid,PHI,Philadelphia 76ers @ New York Knicks,NYK,0,PRA,COMBO,35.5,1.42,2.38,OVER,1.42,44.1275634765625,8.6275634765625,8.6275634765625,24.30299570862676,6.1893,PRA,True,34.1616672515869,34.2508335113525,25.2,8.0,5.8,0,0,POTENTIAL_AST_FALTANTE
Joel Embiid,203954,Joel Embiid,PHI,Philadelphia 76ers @ New York Knicks,NYK,0,PRA,COMBO,38.5,1.62,1.97,OVER,1.62,44.1275634765625,5.6275634765625,5.6275634765625,14.617047991071427,6.1893,PRA,True,34.1616672515869,34.2508335113525,25.2,8.0,5.8,0,0,POTENTIAL_AST_FALTANTE
Joel Embiid,203954,Joel Embiid,PHI,Philadelphia 76ers @ New York Knicks,NYK,0,PRA,COMBO,41.5,1.94,1.64,OVER,1.94,44.1275634765625,2.6275634765625,2.6275634765625,6.331478256777108,6.1893,PRA,False,34.1616672515869,34.2508335113525,25.2,8.0,5.8,0,0,POTENTIAL_AST_FALTANTE
Joel Embiid,203954,Joel Embiid,PHI,Philadelphia 76ers @ New York Knicks,NYK,0,PRA,COMBO,43.5,2.14,1.52,OVER,2.14,44.1275634765625,0.6275634765625,0.6275634765625,1.4426746587643677,6.1893,PRA,False,34.1616672515869,34.2508335113525,25.2,8.0,5.8,0,0,POTENTIAL_AST_FALTANTE
Joel Embiid,203954,Joel Embiid,PHI,Philadelphia 76ers @ New York Knicks,NYK,0,PRA,COMBO,44.5,2.3,1.45,UNDER,1.45,44.1275634765625,-0.3724365234375,0.3724365234375,0.8369360077247191,6.1893,PRA,False,34.1616672515869,34.2508335113525,25.2,8.0,5.8,0,0,POTENTIAL_AST_FALTANTE
Joel Embiid,203954,Joel Embiid,PHI,Philadelphia 76ers @ New York Knicks,NYK,0,PRA,COMBO,45.5,2.53,1.37,UNDER,1.37,44.1275634765625,-1.3724365234375,1.3724365234375,3.0163440075549453,6.1893,PRA,False,34.1616672515869,34.2508335113525,25.2,8.0,5.8,0,0,POTENTIAL_AST_FALTANTE
Joel Embiid,203954,Joel Embiid,PHI,Philadelphia 76ers @ New York Knicks,NYK,0,PRA,COMBO,39.5,1.71,1.85,OVER,1.71,44.1275634765625,4.6275634765625,4.6275634765625,11.71535057357595,6.1893,PRA,True,34.1616672515869,34.2508335113525,25.2,8.0,5.8,0,0,POTENTIAL_AST_FALTANTE
Joel Embiid,203954,Joel Embiid,PHI,Philadelphia 76ers @ New York Knicks,NYK,0,PRA,COMBO,42.5,2.08,1.55,OVER,2.08,44.1275634765625,1.6275634765625,1.6275634765625,3.829561121323529,6.1893,PRA,False,34.1616672515869,34.2508335113525,25.2,8.0,5.8,0,0,POTENTIAL_AST_FALTANTE
Joel Embiid,203954,Joel Embiid,PHI,Philadelphia 76ers @ New York Knicks,NYK,0,PRA,COMBO,34.5,1.35,2.6,OVER,1.35,44.1275634765625,9.6275634765625,9.6275634765625,27.90598109148551,6.1893,PRA,True,34.1616672515869,34.2508335113525,25.2,8.0,5.8,0,0,POTENTIAL_AST_FALTANTE
Joel Embiid,203954,Joel Embiid,PHI,Philadelphia 76ers @ New York Knicks,NYK,0,FGM,SINGLE,8.5,1.96,1.73,OVER,1.96,9.186641693115234,0.6866416931152344,0.6866416931152344,8.078137566061582,1.8635,FGM,False,34.1616672515869,34.2508335113525,25.2,8.0,5.8,0,0,POTENTIAL_AST_FALTANTE
Joel Embiid,203954,Joel Embiid,PHI,Philadelphia 76ers @ New York Knicks,NYK,0,PA,COMBO,30.5,1.79,1.89,OVER,1.79,33.63972091674805,3.139720916748047,3.139720916748047,10.294166940157531,5.2838,PA,True,34.1616672515869,34.2508335113525,25.2,8.0,5.8,0,0,POTENTIAL_AST_FALTANTE
Joel Embiid,203954,Joel Embiid,PHI,Philadelphia 76ers @ New York Knicks,NYK,0,PA,COMBO,29.5,1.63,1.96,OVER,1.63,33.63972091674805,4.139720916748047,4.139720916748047,14.03295226016287,5.2838,PA,True,34.1616672515869,34.2508335113525,25.2,8.0,5.8,0,0,POTENTIAL_AST_FALTANTE
Joel Embiid,203954,Joel Embiid,PHI,Philadelphia 76ers @ New York Knicks,NYK,0,PA,COMBO,31.5,1.86,1.7,OVER,1.86,33.63972091674805,2.139720916748047,2.139720916748047,6.7927648150731645,5.2838,PA,False,34.1616672515869,34.2508335113525,25.2,8.0,5.8,0,0,POTENTIAL_AST_FALTANTE
Joel Embiid,203954,Joel Embiid,PHI,Philadelphia 76ers @ New York Knicks,NYK,0,PA,COMBO,32.5,2.02,1.59,OVER,2.02,33.63972091674805,1.1397209167480469,1.1397209167480469,3.506833589993991,5.2838,PA,False,34.1616672515869,34.2508335113525,25.2,8.0,5.8,0,0,POTENTIAL_AST_FALTANTE
Joel Embiid,203954,Joel Embiid,PHI,Philadelphia 76ers @ New York Knicks,NYK,0,PA,COMBO,28.5,1.56,2.07,OVER,1.56,33.63972091674805,5.139720916748047,5.139720916748047,18.03410847981771,5.2838,PA,True,34.1616672515869,34.2508335113525,25.2,8.0,5.8,0,0,POTENTIAL_AST_FALTANTE
Joel Embiid,203954,Joel Embiid,PHI,Philadelphia 76ers @ New York Knicks,NYK,0,PA,COMBO,33.5,2.12,1.53,OVER,2.12,33.63972091674805,0.13972091674804688,0.13972091674804688,0.4170773634270056,5.2838,PA,False,34.1616672515869,34.2508335113525,25.2,8.0,5.8,0,0,POTENTIAL_AST_FALTANTE
Joel Embiid,203954,Joel Embiid,PHI,Philadelphia 76ers @ New York Knicks,NYK,0,PTS,SINGLE,28.5,2.08,1.55,OVER,2.08,30.559480667114258,2.059480667114258,2.059480667114258,7.22624795478687,4.8341,PTS,False,34.1616672515869,34.2508335113525,25.2,8.0,5.8,0,0,POTENTIAL_AST_FALTANTE
Joel Embiid,203954,Joel Embiid,PHI,Philadelphia 76ers @ New York Knicks,NYK,0,PTS,SINGLE,21.5,1.34,2.65,OVER,1.34,30.559480667114258,9.059480667114258,9.059480667114258,42.13711938192678,4.8341,PTS,True,34.1616672515869,34.2508335113525,25.2,8.0,5.8,0,0,POTENTIAL_AST_FALTANTE
Joel Embiid,203954,Joel Embiid,PHI,Philadelphia 76ers @ New York Knicks,NYK,0,PTS,SINGLE,22.5,1.42,2.38,OVER,1.42,30.559480667114258,8.059480667114258,8.059480667114258,35.81991407606337,4.8341,PTS,True,34.1616672515869,34.2508335113525,25.2,8.0,5.8,0,0,POTENTIAL_AST_FALTANTE
Joel Embiid,203954,Joel Embiid,PHI,Philadelphia 76ers @ New York Knicks,NYK,0,PTS,SINGLE,23.5,1.51,2.16,OVER,1.51,30.559480667114258,7.059480667114258,7.059480667114258,30.04034326431599,4.8341,PTS,True,34.1616672515869,34.2508335113525,25.2,8.0,5.8,0,0,POTENTIAL_AST_FALTANTE
Joel Embiid,203954,Joel Embiid,PHI,Philadelphia 76ers @ New York Knicks,NYK,0,PTS,SINGLE,24.5,1.59,2.02,OVER,1.59,30.559480667114258,6.059480667114258,6.059480667114258,24.732574151486766,4.8341,PTS,True,34.1616672515869,34.2508335113525,25.2,8.0,5.8,0,0,POTENTIAL_AST_FALTANTE
Joel Embiid,203954,Joel Embiid,PHI,Philadelphia 76ers @ New York Knicks,NYK,0,PTS,SINGLE,27.5,1.98,1.61,OVER,1.98,30.559480667114258,3.059480667114258,3.059480667114258,11.125384244051846,4.8341,PTS,True,34.1616672515869,34.2508335113525,25.2,8.0,5.8,0,0,POTENTIAL_AST_FALTANTE
Joel Embiid,203954,Joel Embiid,PHI,Philadelphia 76ers @ New York Knicks,NYK,0,PTS,SINGLE,29.5,2.27,1.46,OVER,2.27,30.559480667114258,1.0594806671142578,1.0594806671142578,3.5914598885229077,4.8341,PTS,False,34.1616672515869,34.2508335113525,25.2,8.0,5.8,0,0,POTENTIAL_AST_FALTANTE
Joel Embiid,203954,Joel Embiid,PHI,Philadelphia 76ers @ New York Knicks,NYK,0,PTS,SINGLE,30.5,2.51,1.38,OVER,2.51,30.559480667114258,0.05948066711425781,0.05948066711425781,0.19501858070248462,4.8341,PTS,False,34.1616672515869,34.2508335113525,25.2,8.0,5.8,0,0,POTENTIAL_AST_FALTANTE
Joel Embiid,203954,Joel Embiid,PHI,Philadelphia 76ers @ New York Knicks,NYK,0,PTS,SINGLE,31.5,2.77,1.31,UNDER,1.31,30.559480667114258,-0.9405193328857422,0.9405193328857422,2.9857756599547374,4.8341,PTS,False,34.1616672515869,34.2508335113525,25.2,8.0,5.8,0,0,POTENTIAL_AST_FALTANTE
Joel Embiid,203954,Joel Embiid,PHI,Philadelphia 76ers @ New York Knicks,NYK,0,PTS,SINGLE,25.5,1.69,1.88,OVER,1.69,30.559480667114258,5.059480667114258,5.059480667114258,19.84110065535003,4.8341,PTS,True,34.1616672515869,34.2508335113525,25.2,8.0,5.8,0,0,POTENTIAL_AST_FALTANTE
Joel Embiid,203954,Joel Embiid,PHI,Philadelphia 76ers @ New York Knicks,NYK,0,PTS,SINGLE,26.5,1.89,1.78,OVER,1.89,30.559480667114258,4.059480667114258,4.059480667114258,15.318794970242482,4.8341,PTS,True,34.1616672515869,34.2508335113525,25.2,8.0,5.8,0,0,POTENTIAL_AST_FALTANTE
Joel Embiid,203954,Joel Embiid,PHI,Philadelphia 76ers @ New York Knicks,NYK,0,AST,SINGLE,3.5,1.45,2.3,OVER,1.45,4.42452335357666,0.9245233535766602,0.9245233535766602,26.41495295933315,1.4546,AST_FALLBACK,True,34.1616672515869,34.2508335113525,25.2,8.0,5.8,0,0,POTENTIAL_AST_FALTANTE
Joel Embiid,203954,Joel Embiid,PHI,Philadelphia 76ers @ New York Knicks,NYK,0,AST,SINGLE,5.5,2.5,1.38,UNDER,1.38,4.42452335357666,-1.0754766464233398,1.0754766464233398,19.554120844060723,1.4546,AST_FALLBACK,True,34.1616672515869,34.2508335113525,25.2,8.0,5.8,0,0,POTENTIAL_AST_FALTANTE
Joel Embiid,203954,Joel Embiid,PHI,Philadelphia 76ers @ New York Knicks,NYK,0,AST,SINGLE,4.5,1.92,1.75,UNDER,1.75,4.42452335357666,-0.07547664642333984,0.07547664642333984,1.677258809407552,1.4546,AST_FALLBACK,False,34.1616672515869,34.2508335113525,25.2,8.0,5.8,0,0,POTENTIAL_AST_FALTANTE
Joel Embiid,203954,Joel Embiid,PHI,Philadelphia 76ers @ New York Knicks,NYK,0,FTM,SINGLE,7.5,1.78,1.9,UNDER,1.9,7.432340621948242,-0.06765937805175781,0.06765937805175781,0.9021250406901042,1.4962,FTM,False,34.1616672515869,34.2508335113525,25.2,8.0,5.8,0,0,POTENTIAL_AST_FALTANTE
Joel Embiid,203954,Joel Embiid,PHI,Philadelphia 76ers @ New York Knicks,NYK,0,3PT,SINGLE,1.5,2.02,1.68,UNDER,1.68,1.4113872051239014,-0.08861279487609863,0.08861279487609863,5.907519658406576,0.9642,3PT,False,34.1616672515869,34.2508335113525,25.2,8.0,5.8,0,0,POTENTIAL_AST_FALTANTE
Joel Embiid,203954,Joel Embiid,PHI,Philadelphia 76ers @ New York Knicks,NYK,0,Q1_PTS,Q1,6.5,1.82,1.85,UNDER,1.85,5.352051258087158,-1.1479487419128418,1.1479487419128418,17.660749875582184,2.087,Q1_PTS,True,34.1616672515869,34.2508335113525,25.2,8.0,5.8,0,0,POTENTIAL_AST_FALTANTE
Joel Embiid,203954,Joel Embiid,PHI,Philadelphia 76ers @ New York Knicks,NYK,0,Q1_PTS,Q1,5.5,1.5,2.17,UNDER,2.17,5.352051258087158,-0.1479487419128418,0.1479487419128418,2.6899771256880327,2.087,Q1_PTS,False,34.1616672515869,34.2508335113525,25.2,8.0,5.8,0,0,POTENTIAL_AST_FALTANTE
Joel Embiid,203954,Joel Embiid,PHI,Philadelphia 76ers @ New York Knicks,NYK,0,Q1_PTS,Q1,7.5,2.04,1.58,UNDER,1.58,5.352051258087158,-2.147948741912842,2.147948741912842,28.63931655883789,2.087,Q1_PTS,True,34.1616672515869,34.2508335113525,25.2,8.0,5.8,0,0,POTENTIAL_AST_FALTANTE
Joel Embiid,203954,Joel Embiid,PHI,Philadelphia 76ers @ New York Knicks,NYK,0,Q1_REB,Q1,2.5,1.91,1.76,UNDER,1.76,2.116757869720459,-0.383242130279541,0.383242130279541,15.32968521118164,0.9236,Q1_REB,False,34.1616672515869,34.2508335113525,25.2,8.0,5.8,0,0,POTENTIAL_AST_FALTANTE
Joel Embiid,203954,Joel Embiid,PHI,Philadelphia 76ers @ New York Knicks,NYK,0,FTA,SINGLE,8.5,1.65,1.92,OVER,1.65,9.08060359954834,0.5806035995483398,0.5806035995483398,6.830630582921645,1.8012,FTA,False,34.1616672515869,34.2508335113525,25.2,8.0,5.8,0,0,POTENTIAL_AST_FALTANTE
Joel Embiid,203954,Joel Embiid,PHI,Philadelphia 76ers @ New York Knicks,NYK,0,FTA,SINGLE,9.5,1.94,1.74,UNDER,1.74,9.08060359954834,-0.41939640045166016,0.41939640045166016,4.414698952122738,1.8012,FTA,False,34.1616672515869,34.2508335113525,25.2,8.0,5.8,0,0,POTENTIAL_AST_FALTANTE
Joel Embiid,203954,Joel Embiid,PHI,Philadelphia 76ers @ New York Knicks,NYK,0,FGA,SINGLE,18.5,1.86,1.81,OVER,1.86,18.916885375976562,0.4168853759765625,0.4168853759765625,2.253434464738176,2.8767,FGA,False,34.1616672515869,34.2508335113525,25.2,8.0,5.8,0,0,POTENTIAL_AST_FALTANTE
Joel Embiid,203954,Joel Embiid,PHI,Philadelphia 76ers @ New York Knicks,NYK,0,FG3A,SINGLE,4.5,1.8,1.87,OVER,1.8,4.67637300491333,0.17637300491333008,0.17637300491333008,3.919400109185113,1.5883,FG3A,False,34.1616672515869,34.2508335113525,25.2,8.0,5.8,0,0,POTENTIAL_AST_FALTANTE
Joel Embiid,203954,Joel Embiid,PHI,Philadelphia 76ers @ New York Knicks,NYK,0,REB,SINGLE,7.5,1.4,2.42,OVER,1.4,7.9075188636779785,0.4075188636779785,0.4075188636779785,5.433584849039714,1.9667,REB,False,34.1616672515869,34.2508335113525,25.2,8.0,5.8,0,0,POTENTIAL_AST_FALTANTE
Joel Embiid,203954,Joel Embiid,PHI,Philadelphia 76ers @ New York Knicks,NYK,0,REB,SINGLE,9.5,2.02,1.68,UNDER,1.68,7.9075188636779785,-1.5924811363220215,1.5924811363220215,16.76295932970549,1.9667,REB,True,34.1616672515869,34.2508335113525,25.2,8.0,5.8,0,0,POTENTIAL_AST_FALTANTE
Joel Embiid,203954,Joel Embiid,PHI,Philadelphia 76ers @ New York Knicks,NYK,0,REB,SINGLE,10.5,2.36,1.43,UNDER,1.43,7.9075188636779785,-2.5924811363220215,2.5924811363220215,24.690296536400204,1.9667,REB,True,34.1616672515869,34.2508335113525,25.2,8.0,5.8,0,0,POTENTIAL_AST_FALTANTE
Alex Caruso,1627936,Alex Caruso,OKC,Oklahoma City Thunder @ Los Angeles Lakers,LAL,0,PTS,SINGLE,5.5,1.55,2.09,OVER,1.55,7.336880683898926,1.8368806838989258,1.8368806838989258,33.3978306163441,4.8341,PTS,False,20.9466665267944,18.6833333015442,8.2,3.6,1.2,0,0,TRACKING_FALTANTE_TOTAL
Alex Caruso,1627936,Alex Caruso,OKC,Oklahoma City Thunder @ Los Angeles Lakers,LAL,0,PTS,SINGLE,6.5,1.84,1.83,OVER,1.84,7.336880683898926,0.8368806838989258,0.8368806838989258,12.87508744459886,4.8341,PTS,False,20.9466665267944,18.6833333015442,8.2,3.6,1.2,0,0,TRACKING_FALTANTE_TOTAL
Alex Caruso,1627936,Alex Caruso,OKC,Oklahoma City Thunder @ Los Angeles Lakers,LAL,0,PTS,SINGLE,7.5,2.06,1.56,UNDER,1.56,7.336880683898926,-0.16311931610107422,0.16311931610107422,2.1749242146809897,4.8341,PTS,False,20.9466665267944,18.6833333015442,8.2,3.6,1.2,0,0,TRACKING_FALTANTE_TOTAL
Alex Caruso,1627936,Alex Caruso,OKC,Oklahoma City Thunder @ Los Angeles Lakers,LAL,0,PTS,SINGLE,8.5,2.38,1.42,UNDER,1.42,7.336880683898926,-1.1631193161010742,1.1631193161010742,13.683756660012639,4.8341,PTS,False,20.9466665267944,18.6833333015442,8.2,3.6,1.2,0,0,TRACKING_FALTANTE_TOTAL
Alex Caruso,1627936,Alex Caruso,OKC,Oklahoma City Thunder @ Los Angeles Lakers,LAL,0,PTS,SINGLE,9.5,2.82,1.3,UNDER,1.3,7.336880683898926,-2.163119316101074,2.163119316101074,22.769677011590257,4.8341,PTS,False,20.9466665267944,18.6833333015442,8.2,3.6,1.2,0,0,TRACKING_FALTANTE_TOTAL
Alex Caruso,1627936,Alex Caruso,OKC,Oklahoma City Thunder @ Los Angeles Lakers,LAL,0,PTS,SINGLE,4.5,1.36,2.56,OVER,1.36,7.336880683898926,2.836880683898926,2.836880683898926,63.041792975531685,4.8341,PTS,True,20.9466665267944,18.6833333015442,8.2,3.6,1.2,0,0,TRACKING_FALTANTE_TOTAL
Alex Caruso,1627936,Alex Caruso,OKC,Oklahoma City Thunder @ Los Angeles Lakers,LAL,0,AST,SINGLE,1.5,1.78,1.89,OVER,1.78,1.7256273031234741,0.22562730312347412,0.22562730312347412,15.041820208231607,1.4546,AST_FALLBACK,False,20.9466665267944,18.6833333015442,8.2,3.6,1.2,0,0,TRACKING_FALTANTE_TOTAL
Alex Caruso,1627936,Alex Caruso,OKC,Oklahoma City Thunder @ Los Angeles Lakers,LAL,0,AST,SINGLE,2.5,2.81,1.3,UNDER,1.3,1.7256273031234741,-0.7743726968765259,0.7743726968765259,30.974907875061035,1.4546,AST_FALLBACK,True,20.9466665267944,18.6833333015442,8.2,3.6,1.2,0,0,TRACKING_FALTANTE_TOTAL
Alex Caruso,1627936,Alex Caruso,OKC,Oklahoma City Thunder @ Los Angeles Lakers,LAL,0,3PT,SINGLE,1.5,2.54,1.44,UNDER,1.44,1.2945175170898438,-0.20548248291015625,0.20548248291015625,13.698832194010416,0.9642,3PT,False,20.9466665267944,18.6833333015442,8.2,3.6,1.2,0,0,TRACKING_FALTANTE_TOTAL
Alex Caruso,1627936,Alex Caruso,OKC,Oklahoma City Thunder @ Los Angeles Lakers,LAL,0,3PT,SINGLE,0.5,1.34,2.62,OVER,1.34,1.2945175170898438,0.7945175170898438,0.7945175170898438,158.90350341796875,0.9642,3PT,True,20.9466665267944,18.6833333015442,8.2,3.6,1.2,0,0,TRACKING_FALTANTE_TOTAL
Alex Caruso,1627936,Alex Caruso,OKC,Oklahoma City Thunder @ Los Angeles Lakers,LAL,0,Q1_PTS,Q1,0.5,1.94,1.74,OVER,1.94,1.9495881795883179,1.4495881795883179,1.4495881795883179,289.9176359176636,2.087,Q1_PTS,True,20.9466665267944,18.6833333015442,8.2,3.6,1.2,0,0,TRACKING_FALTANTE_TOTAL
Alex Caruso,1627936,Alex Caruso,OKC,Oklahoma City Thunder @ Los Angeles Lakers,LAL,0,Q1_PTS,Q1,1.5,1.92,1.65,OVER,1.92,1.9495881795883179,0.44958817958831787,0.44958817958831787,29.97254530588786,2.087,Q1_PTS,False,20.9466665267944,18.6833333015442,8.2,3.6,1.2,0,0,TRACKING_FALTANTE_TOTAL
Alex Caruso,1627936,Alex Caruso,OKC,Oklahoma City Thunder @ Los Angeles Lakers,LAL,0,Q1_REB,Q1,0.5,1.89,1.79,OVER,1.89,0.7671456336975098,0.26714563369750977,0.26714563369750977,53.42912673950195,0.9236,Q1_REB,False,20.9466665267944,18.6833333015442,8.2,3.6,1.2,0,0,TRACKING_FALTANTE_TOTAL
Alex Caruso,1627936,Alex Caruso,OKC,Oklahoma City Thunder @ Los Angeles Lakers,LAL,0,FGM,SINGLE,2.5,1.99,1.7,OVER,1.99,2.7707107067108154,0.27071070671081543,0.27071070671081543,10.828428268432617,1.8635,FGM,False,20.9466665267944,18.6833333015442,8.2,3.6,1.2,0,0,TRACKING_FALTANTE_TOTAL
Alex Caruso,1627936,Alex Caruso,OKC,Oklahoma City Thunder @ Los Angeles Lakers,LAL,0,FGA,SINGLE,5.5,1.9,1.78,UNDER,1.78,5.449655532836914,-0.05034446716308594,0.05034446716308594,0.9153539484197443,2.8767,FGA,False,20.9466665267944,18.6833333015442,8.2,3.6,1.2,0,0,TRACKING_FALTANTE_TOTAL
Alex Caruso,1627936,Alex Caruso,OKC,Oklahoma City Thunder @ Los Angeles Lakers,LAL,0,FG3A,SINGLE,3.5,2.1,1.63,OVER,2.1,3.9227685928344727,0.42276859283447266,0.42276859283447266,12.079102652413505,1.5883,FG3A,False,20.9466665267944,18.6833333015442,8.2,3.6,1.2,0,0,TRACKING_FALTANTE_TOTAL
Alex Caruso,1627936,Alex Caruso,OKC,Oklahoma City Thunder @ Los Angeles Lakers,LAL,0,REB,SINGLE,2.5,1.62,2.12,OVER,1.62,2.8365566730499268,0.33655667304992676,0.33655667304992676,13.46226692199707,1.9667,REB,False,20.9466665267944,18.6833333015442,8.2,3.6,1.2,0,0,TRACKING_FALTANTE_TOTAL
Alex Caruso,1627936,Alex Caruso,OKC,Oklahoma City Thunder @ Los Angeles Lakers,LAL,0,REB,SINGLE,3.5,2.2,1.49,UNDER,1.49,2.8365566730499268,-0.6634433269500732,0.6634433269500732,18.95552362714495,1.9667,REB,False,20.9466665267944,18.6833333015442,8.2,3.6,1.2,0,0,TRACKING_FALTANTE_TOTAL
Alex Caruso,1627936,Alex Caruso,OKC,Oklahoma City Thunder @ Los Angeles Lakers,LAL,0,PA,COMBO,7.5,1.6,1.99,OVER,1.6,8.52428150177002,1.0242815017700195,1.0242815017700195,13.657086690266926,5.2838,PA,False,20.9466665267944,18.6833333015442,8.2,3.6,1.2,0,0,TRACKING_FALTANTE_TOTAL
Alex Caruso,1627936,Alex Caruso,OKC,Oklahoma City Thunder @ Los Angeles Lakers,LAL,0,PA,COMBO,8.5,1.89,1.78,OVER,1.89,8.52428150177002,0.02428150177001953,0.02428150177001953,0.28566472670611215,5.2838,PA,False,20.9466665267944,18.6833333015442,8.2,3.6,1.2,0,0,TRACKING_FALTANTE_TOTAL
Alex Caruso,1627936,Alex Caruso,OKC,Oklahoma City Thunder @ Los Angeles Lakers,LAL,0,PA,COMBO,9.5,2.11,1.54,UNDER,1.54,8.52428150177002,-0.9757184982299805,0.9757184982299805,10.270721033999793,5.2838,PA,False,20.9466665267944,18.6833333015442,8.2,3.6,1.2,0,0,TRACKING_FALTANTE_TOTAL
Alex Caruso,1627936,Alex Caruso,OKC,Oklahoma City Thunder @ Los Angeles Lakers,LAL,0,PR,COMBO,9.5,1.81,1.86,OVER,1.81,10.574621200561523,1.0746212005615234,1.0746212005615234,11.31180211117393,5.7314,PR,False,20.9466665267944,18.6833333015442,8.2,3.6,1.2,0,0,TRACKING_FALTANTE_TOTAL
Alex Caruso,1627936,Alex Caruso,OKC,Oklahoma City Thunder @ Los Angeles Lakers,LAL,0,PR,COMBO,8.5,1.57,2.05,OVER,1.57,10.574621200561523,2.0746212005615234,2.0746212005615234,24.407308241900274,5.7314,PR,False,20.9466665267944,18.6833333015442,8.2,3.6,1.2,0,0,TRACKING_FALTANTE_TOTAL
Alex Caruso,1627936,Alex Caruso,OKC,Oklahoma City Thunder @ Los Angeles Lakers,LAL,0,PR,COMBO,10.5,2.01,1.6,OVER,2.01,10.574621200561523,0.07462120056152344,0.07462120056152344,0.7106781005859375,5.7314,PR,False,20.9466665267944,18.6833333015442,8.2,3.6,1.2,0,0,TRACKING_FALTANTE_TOTAL
Alex Caruso,1627936,Alex Caruso,OKC,Oklahoma City Thunder @ Los Angeles Lakers,LAL,0,RA,COMBO,4.5,1.79,1.88,OVER,1.79,4.630640983581543,0.13064098358154297,0.13064098358154297,2.9031329684787326,2.6976,RA,False,20.9466665267944,18.6833333015442,8.2,3.6,1.2,0,0,TRACKING_FALTANTE_TOTAL
Alex Caruso,1627936,Alex Caruso,OKC,Oklahoma City Thunder @ Los Angeles Lakers,LAL,0,PRA,COMBO,12.5,2.03,1.58,UNDER,1.58,12.009793281555176,-0.4902067184448242,0.4902067184448242,3.9216537475585933,6.1893,PRA,False,20.9466665267944,18.6833333015442,8.2,3.6,1.2,0,0,TRACKING_FALTANTE_TOTAL
Alex Caruso,1627936,Alex Caruso,OKC,Oklahoma City Thunder @ Los Angeles Lakers,LAL,0,PRA,COMBO,9.5,1.49,2.21,OVER,1.49,12.009793281555176,2.509793281555176,2.509793281555176,26.41887664794922,6.1893,PRA,False,20.9466665267944,18.6833333015442,8.2,3.6,1.2,0,0,TRACKING_FALTANTE_TOTAL
Alex Caruso,1627936,Alex Caruso,OKC,Oklahoma City Thunder @ Los Angeles Lakers,LAL,0,PRA,COMBO,10.5,1.62,1.97,OVER,1.62,12.009793281555176,1.5097932815551758,1.5097932815551758,14.378983633858816,6.1893,PRA,False,20.9466665267944,18.6833333015442,8.2,3.6,1.2,0,0,TRACKING_FALTANTE_TOTAL
Alex Caruso,1627936,Alex Caruso,OKC,Oklahoma City Thunder @ Los Angeles Lakers,LAL,0,PRA,COMBO,11.5,1.86,1.81,OVER,1.86,12.009793281555176,0.5097932815551758,0.5097932815551758,4.432985057001528,6.1893,PRA,False,20.9466665267944,18.6833333015442,8.2,3.6,1.2,0,0,TRACKING_FALTANTE_TOTAL
Alex Caruso,1627936,Alex Caruso,OKC,Oklahoma City Thunder @ Los Angeles Lakers,LAL,0,PRA,COMBO,8.5,1.34,2.62,OVER,1.34,12.009793281555176,3.509793281555176,3.509793281555176,41.29168566535501,6.1893,PRA,True,20.9466665267944,18.6833333015442,8.2,3.6,1.2,0,0,TRACKING_FALTANTE_TOTAL
Alex Caruso,1627936,Alex Caruso,OKC,Oklahoma City Thunder @ Los Angeles Lakers,LAL,0,PRA,COMBO,13.5,2.26,1.46,UNDER,1.46,12.009793281555176,-1.4902067184448242,1.4902067184448242,11.038568284776476,6.1893,PRA,False,20.9466665267944,18.6833333015442,8.2,3.6,1.2,0,0,TRACKING_FALTANTE_TOTAL
Alex Caruso,1627936,Alex Caruso,OKC,Oklahoma City Thunder @ Los Angeles Lakers,LAL,0,PRA,COMBO,14.5,2.63,1.34,UNDER,1.34,12.009793281555176,-2.490206718444824,2.490206718444824,17.173839437550512,6.1893,PRA,False,20.9466665267944,18.6833333015442,8.2,3.6,1.2,0,0,TRACKING_FALTANTE_TOTAL
De'Aaron Fox,1628368,De'Aaron Fox,SAS,Minnesota Timberwolves @ San Antonio Spurs,MIN,1,AST,SINGLE,5.5,1.88,1.8,OVER,1.88,6.192977428436279,0.6929774284362793,0.6929774284362793,12.599589607932351,1.4546,AST_FALLBACK,False,33.5963333129883,33.1081661224365,18.6,3.2,6.0,0,0,TRACKING_FALTANTE_TOTAL
De'Aaron Fox,1628368,De'Aaron Fox,SAS,Minnesota Timberwolves @ San Antonio Spurs,MIN,1,AST,SINGLE,4.5,1.45,2.31,OVER,1.45,6.192977428436279,1.6929774284362793,1.6929774284362793,37.62172063191731,1.4546,AST_FALLBACK,True,33.5963333129883,33.1081661224365,18.6,3.2,6.0,0,0,TRACKING_FALTANTE_TOTAL
De'Aaron Fox,1628368,De'Aaron Fox,SAS,Minnesota Timberwolves @ San Antonio Spurs,MIN,1,3PT,SINGLE,1.5,1.88,1.79,OVER,1.88,1.939161777496338,0.4391617774963379,0.4391617774963379,29.27745183308919,0.9642,3PT,False,33.5963333129883,33.1081661224365,18.6,3.2,6.0,0,0,TRACKING_FALTANTE_TOTAL
De'Aaron Fox,1628368,De'Aaron Fox,SAS,Minnesota Timberwolves @ San Antonio Spurs,MIN,1,Q1_PTS,Q1,4.5,2.06,1.56,UNDER,1.56,3.817192792892456,-0.682807207107544,0.682807207107544,15.173493491278755,2.087,Q1_PTS,False,33.5963333129883,33.1081661224365,18.6,3.2,6.0,0,0,TRACKING_FALTANTE_TOTAL
De'Aaron Fox,1628368,De'Aaron Fox,SAS,Minnesota Timberwolves @ San Antonio Spurs,MIN,1,Q1_PTS,Q1,3.5,1.67,2.03,OVER,1.67,3.817192792892456,0.31719279289245605,0.31719279289245605,9.062651225498744,2.087,Q1_PTS,False,33.5963333129883,33.1081661224365,18.6,3.2,6.0,0,0,TRACKING_FALTANTE_TOTAL
De'Aaron Fox,1628368,De'Aaron Fox,SAS,Minnesota Timberwolves @ San Antonio Spurs,MIN,1,Q1_AST,Q1,1.5,2.08,1.64,OVER,2.08,1.750133752822876,0.250133752822876,0.250133752822876,16.675583521525063,0.7063,Q1_AST,False,33.5963333129883,33.1081661224365,18.6,3.2,6.0,0,0,TRACKING_FALTANTE_TOTAL
De'Aaron Fox,1628368,De'Aaron Fox,SAS,Minnesota Timberwolves @ San Antonio Spurs,MIN,1,Q1_REB,Q1,0.5,1.57,2.21,OVER,1.57,1.0274065732955933,0.5274065732955933,0.5274065732955933,105.48131465911865,0.9236,Q1_REB,True,33.5963333129883,33.1081661224365,18.6,3.2,6.0,0,0,TRACKING_FALTANTE_TOTAL
De'Aaron Fox,1628368,De'Aaron Fox,SAS,Minnesota Timberwolves @ San Antonio Spurs,MIN,1,FTM,SINGLE,2.5,1.89,1.78,OVER,1.89,3.2054224014282227,0.7054224014282227,0.7054224014282227,28.216896057128903,1.4962,FTM,False,33.5963333129883,33.1081661224365,18.6,3.2,6.0,0,0,TRACKING_FALTANTE_TOTAL
De'Aaron Fox,1628368,De'Aaron Fox,SAS,Minnesota Timberwolves @ San Antonio Spurs,MIN,1,FTA,SINGLE,3.5,1.72,1.96,OVER,1.72,3.712242841720581,0.21224284172058105,0.21224284172058105,6.064081192016602,1.8012,FTA,False,33.5963333129883,33.1081661224365,18.6,3.2,6.0,0,0,TRACKING_FALTANTE_TOTAL
De'Aaron Fox,1628368,De'Aaron Fox,SAS,Minnesota Timberwolves @ San Antonio Spurs,MIN,1,FGM,SINGLE,6.5,2.1,1.63,OVER,2.1,6.776910781860352,0.27691078186035156,0.27691078186035156,4.260165874774639,1.8635,FGM,False,33.5963333129883,33.1081661224365,18.6,3.2,6.0,0,0,TRACKING_FALTANTE_TOTAL
De'Aaron Fox,1628368,De'Aaron Fox,SAS,Minnesota Timberwolves @ San Antonio Spurs,MIN,1,FGA,SINGLE,13.5,1.76,1.92,OVER,1.76,14.329980850219727,0.8299808502197266,0.8299808502197266,6.1480062979239,2.8767,FGA,False,33.5963333129883,33.1081661224365,18.6,3.2,6.0,0,0,TRACKING_FALTANTE_TOTAL
De'Aaron Fox,1628368,De'Aaron Fox,SAS,Minnesota Timberwolves @ San Antonio Spurs,MIN,1,FG3A,SINGLE,4.5,1.71,1.98,OVER,1.71,5.34840726852417,0.8484072685241699,0.8484072685241699,18.853494856092663,1.5883,FG3A,True,33.5963333129883,33.1081661224365,18.6,3.2,6.0,0,0,TRACKING_FALTANTE_TOTAL
De'Aaron Fox,1628368,De'Aaron Fox,SAS,Minnesota Timberwolves @ San Antonio Spurs,MIN,1,REB,SINGLE,2.5,1.4,2.42,OVER,1.4,3.97117018699646,1.47117018699646,1.47117018699646,58.8468074798584,1.9667,REB,True,33.5963333129883,33.1081661224365,18.6,3.2,6.0,0,0,TRACKING_FALTANTE_TOTAL
De'Aaron Fox,1628368,De'Aaron Fox,SAS,Minnesota Timberwolves @ San Antonio Spurs,MIN,1,REB,SINGLE,4.5,2.66,1.33,UNDER,1.33,3.97117018699646,-0.52882981300354,0.52882981300354,11.75177362230089,1.9667,REB,False,33.5963333129883,33.1081661224365,18.6,3.2,6.0,0,0,TRACKING_FALTANTE_TOTAL
De'Aaron Fox,1628368,De'Aaron Fox,SAS,Minnesota Timberwolves @ San Antonio Spurs,MIN,1,REB,SINGLE,3.5,1.96,1.73,OVER,1.96,3.97117018699646,0.47117018699645996,0.47117018699645996,13.462005342755997,1.9667,REB,False,33.5963333129883,33.1081661224365,18.6,3.2,6.0,0,0,TRACKING_FALTANTE_TOTAL
De'Aaron Fox,1628368,De'Aaron Fox,SAS,Minnesota Timberwolves @ San Antonio Spurs,MIN,1,PA,COMBO,20.5,1.56,2.06,OVER,1.56,21.82425308227539,1.3242530822753906,1.3242530822753906,6.459771133050686,5.2838,PA,False,33.5963333129883,33.1081661224365,18.6,3.2,6.0,0,0,TRACKING_FALTANTE_TOTAL
De'Aaron Fox,1628368,De'Aaron Fox,SAS,Minnesota Timberwolves @ San Antonio Spurs,MIN,1,PA,COMBO,21.5,1.65,1.92,OVER,1.65,21.82425308227539,0.3242530822753906,0.3242530822753906,1.5081538710483284,5.2838,PA,False,33.5963333129883,33.1081661224365,18.6,3.2,6.0,0,0,TRACKING_FALTANTE_TOTAL
De'Aaron Fox,1628368,De'Aaron Fox,SAS,Minnesota Timberwolves @ San Antonio Spurs,MIN,1,PA,COMBO,23.5,2.03,1.58,UNDER,1.58,21.82425308227539,-1.6757469177246094,1.6757469177246094,7.130837947764296,5.2838,PA,False,33.5963333129883,33.1081661224365,18.6,3.2,6.0,0,0,TRACKING_FALTANTE_TOTAL
De'Aaron Fox,1628368,De'Aaron Fox,SAS,Minnesota Timberwolves @ San Antonio Spurs,MIN,1,PA,COMBO,22.5,1.89,1.78,UNDER,1.78,21.82425308227539,-0.6757469177246094,0.6757469177246094,3.0033196343315973,5.2838,PA,False,33.5963333129883,33.1081661224365,18.6,3.2,6.0,0,0,TRACKING_FALTANTE_TOTAL
De'Aaron Fox,1628368,De'Aaron Fox,SAS,Minnesota Timberwolves @ San Antonio Spurs,MIN,1,PR,COMBO,19.5,1.69,1.87,OVER,1.69,21.606014251708984,2.1060142517089844,2.1060142517089844,10.8000730856871,5.7314,PR,False,33.5963333129883,33.1081661224365,18.6,3.2,6.0,0,0,TRACKING_FALTANTE_TOTAL
De'Aaron Fox,1628368,De'Aaron Fox,SAS,Minnesota Timberwolves @ San Antonio Spurs,MIN,1,PR,COMBO,20.5,1.93,1.75,OVER,1.93,21.606014251708984,1.1060142517089844,1.1060142517089844,5.3951914717511436,5.7314,PR,False,33.5963333129883,33.1081661224365,18.6,3.2,6.0,0,0,TRACKING_FALTANTE_TOTAL
De'Aaron Fox,1628368,De'Aaron Fox,SAS,Minnesota Timberwolves @ San Antonio Spurs,MIN,1,PR,COMBO,18.5,1.55,2.08,OVER,1.55,21.606014251708984,3.1060142517089844,3.1060142517089844,16.789266225453968,5.7314,PR,True,33.5963333129883,33.1081661224365,18.6,3.2,6.0,0,0,TRACKING_FALTANTE_TOTAL
De'Aaron Fox,1628368,De'Aaron Fox,SAS,Minnesota Timberwolves @ San Antonio Spurs,MIN,1,PR,COMBO,21.5,2.07,1.56,OVER,2.07,21.606014251708984,0.10601425170898438,0.10601425170898438,0.4930895428324855,5.7314,PR,False,33.5963333129883,33.1081661224365,18.6,3.2,6.0,0,0,TRACKING_FALTANTE_TOTAL
De'Aaron Fox,1628368,De'Aaron Fox,SAS,Minnesota Timberwolves @ San Antonio Spurs,MIN,1,RA,COMBO,8.5,1.66,2.06,OVER,1.66,8.7474946975708,0.24749469757080078,0.24749469757080078,2.911702324362362,2.6976,RA,False,33.5963333129883,33.1081661224365,18.6,3.2,6.0,0,0,TRACKING_FALTANTE_TOTAL
De'Aaron Fox,1628368,De'Aaron Fox,SAS,Minnesota Timberwolves @ San Antonio Spurs,MIN,1,RA,COMBO,9.5,1.98,1.61,UNDER,1.61,8.7474946975708,-0.7525053024291992,0.7525053024291992,7.92110844662315,2.6976,RA,False,33.5963333129883,33.1081661224365,18.6,3.2,6.0,0,0,TRACKING_FALTANTE_TOTAL
De'Aaron Fox,1628368,De'Aaron Fox,SAS,Minnesota Timberwolves @ San Antonio Spurs,MIN,1,PRA,COMBO,28.5,2.27,1.46,UNDER,1.46,26.609298706054688,-1.8907012939453125,1.8907012939453125,6.634039627878289,6.1893,PRA,False,33.5963333129883,33.1081661224365,18.6,3.2,6.0,0,0,TRACKING_FALTANTE_TOTAL
De'Aaron Fox,1628368,De'Aaron Fox,SAS,Minnesota Timberwolves @ San Antonio Spurs,MIN,1,PRA,COMBO,26.5,1.91,1.66,OVER,1.91,26.609298706054688,0.1092987060546875,0.1092987060546875,0.41244794737617924,6.1893,PRA,False,33.5963333129883,33.1081661224365,18.6,3.2,6.0,0,0,TRACKING_FALTANTE_TOTAL
De'Aaron Fox,1628368,De'Aaron Fox,SAS,Minnesota Timberwolves @ San Antonio Spurs,MIN,1,PRA,COMBO,25.5,1.78,1.89,OVER,1.78,26.609298706054688,1.1092987060546875,1.1092987060546875,4.35019100413603,6.1893,PRA,False,33.5963333129883,33.1081661224365,18.6,3.2,6.0,0,0,TRACKING_FALTANTE_TOTAL
De'Aaron Fox,1628368,De'Aaron Fox,SAS,Minnesota Timberwolves @ San Antonio Spurs,MIN,1,PRA,COMBO,24.5,1.61,1.99,OVER,1.61,26.609298706054688,2.1092987060546875,2.1092987060546875,8.609382473692602,6.1893,PRA,False,33.5963333129883,33.1081661224365,18.6,3.2,6.0,0,0,TRACKING_FALTANTE_TOTAL
De'Aaron Fox,1628368,De'Aaron Fox,SAS,Minnesota Timberwolves @ San Antonio Spurs,MIN,1,PRA,COMBO,29.5,2.55,1.36,UNDER,1.36,26.609298706054688,-2.8907012939453125,2.8907012939453125,9.798987437102754,6.1893,PRA,False,33.5963333129883,33.1081661224365,18.6,3.2,6.0,0,0,TRACKING_FALTANTE_TOTAL
De'Aaron Fox,1628368,De'Aaron Fox,SAS,Minnesota Timberwolves @ San Antonio Spurs,MIN,1,PRA,COMBO,21.5,1.33,2.7,OVER,1.33,26.609298706054688,5.1092987060546875,5.1092987060546875,23.764180028161338,6.1893,PRA,True,33.5963333129883,33.1081661224365,18.6,3.2,6.0,0,0,TRACKING_FALTANTE_TOTAL
De'Aaron Fox,1628368,De'Aaron Fox,SAS,Minnesota Timberwolves @ San Antonio Spurs,MIN,1,PRA,COMBO,22.5,1.41,2.4,OVER,1.41,26.609298706054688,4.1092987060546875,4.1092987060546875,18.2635498046875,6.1893,PRA,True,33.5963333129883,33.1081661224365,18.6,3.2,6.0,0,0,TRACKING_FALTANTE_TOTAL
De'Aaron Fox,1628368,De'Aaron Fox,SAS,Minnesota Timberwolves @ San Antonio Spurs,MIN,1,PRA,COMBO,23.5,1.52,2.14,OVER,1.52,26.609298706054688,3.1092987060546875,3.1092987060546875,13.231058323636969,6.1893,PRA,True,33.5963333129883,33.1081661224365,18.6,3.2,6.0,0,0,TRACKING_FALTANTE_TOTAL
De'Aaron Fox,1628368,De'Aaron Fox,SAS,Minnesota Timberwolves @ San Antonio Spurs,MIN,1,PRA,COMBO,27.5,2.11,1.54,UNDER,1.54,26.609298706054688,-0.8907012939453125,0.8907012939453125,3.2389137961647725,6.1893,PRA,False,33.5963333129883,33.1081661224365,18.6,3.2,6.0,0,0,TRACKING_FALTANTE_TOTAL
De'Aaron Fox,1628368,De'Aaron Fox,SAS,Minnesota Timberwolves @ San Antonio Spurs,MIN,1,PTS,SINGLE,16.5,1.83,1.84,OVER,1.83,18.51850128173828,2.0185012817382812,2.0185012817382812,12.233341101444129,4.8341,PTS,False,33.5963333129883,33.1081661224365,18.6,3.2,6.0,0,0,TRACKING_FALTANTE_TOTAL
De'Aaron Fox,1628368,De'Aaron Fox,SAS,Minnesota Timberwolves @ San Antonio Spurs,MIN,1,PTS,SINGLE,20.5,2.82,1.3,UNDER,1.3,18.51850128173828,-1.9814987182617188,1.9814987182617188,9.665847406154725,4.8341,PTS,False,33.5963333129883,33.1081661224365,18.6,3.2,6.0,0,0,TRACKING_FALTANTE_TOTAL
De'Aaron Fox,1628368,De'Aaron Fox,SAS,Minnesota Timberwolves @ San Antonio Spurs,MIN,1,PTS,SINGLE,12.5,1.28,2.89,OVER,1.28,18.51850128173828,6.018501281738281,6.018501281738281,48.14801025390625,4.8341,PTS,True,33.5963333129883,33.1081661224365,18.6,3.2,6.0,0,0,TRACKING_FALTANTE_TOTAL
De'Aaron Fox,1628368,De'Aaron Fox,SAS,Minnesota Timberwolves @ San Antonio Spurs,MIN,1,PTS,SINGLE,13.5,1.39,2.48,OVER,1.39,18.51850128173828,5.018501281738281,5.018501281738281,37.17408356843171,4.8341,PTS,True,33.5963333129883,33.1081661224365,18.6,3.2,6.0,0,0,TRACKING_FALTANTE_TOTAL
De'Aaron Fox,1628368,De'Aaron Fox,SAS,Minnesota Timberwolves @ San Antonio Spurs,MIN,1,PTS,SINGLE,18.5,2.15,1.51,OVER,2.15,18.51850128173828,0.01850128173828125,0.01850128173828125,0.1000069283150338,4.8341,PTS,False,33.5963333129883,33.1081661224365,18.6,3.2,6.0,0,0,TRACKING_FALTANTE_TOTAL
De'Aaron Fox,1628368,De'Aaron Fox,SAS,Minnesota Timberwolves @ San Antonio Spurs,MIN,1,PTS,SINGLE,15.5,1.6,1.99,OVER,1.6,18.51850128173828,3.0185012817382812,3.0185012817382812,19.47420181766633,4.8341,PTS,True,33.5963333129883,33.1081661224365,18.6,3.2,6.0,0,0,TRACKING_FALTANTE_TOTAL
De'Aaron Fox,1628368,De'Aaron Fox,SAS,Minnesota Timberwolves @ San Antonio Spurs,MIN,1,PTS,SINGLE,14.5,1.5,2.18,OVER,1.5,18.51850128173828,4.018501281738281,4.018501281738281,27.71380194302263,4.8341,PTS,True,33.5963333129883,33.1081661224365,18.6,3.2,6.0,0,0,TRACKING_FALTANTE_TOTAL
De'Aaron Fox,1628368,De'Aaron Fox,SAS,Minnesota Timberwolves @ San Antonio Spurs,MIN,1,PTS,SINGLE,19.5,2.46,1.39,UNDER,1.39,18.51850128173828,-0.9814987182617188,0.9814987182617188,5.033326760316506,4.8341,PTS,False,33.5963333129883,33.1081661224365,18.6,3.2,6.0,0,0,TRACKING_FALTANTE_TOTAL
De'Aaron Fox,1628368,De'Aaron Fox,SAS,Minnesota Timberwolves @ San Antonio Spurs,MIN,1,PTS,SINGLE,17.5,1.97,1.62,OVER,1.97,18.51850128173828,1.0185012817382812,1.0185012817382812,5.82000732421875,4.8341,PTS,False,33.5963333129883,33.1081661224365,18.6,3.2,6.0,0,0,TRACKING_FALTANTE_TOTAL
De'Aaron Fox,1628368,De'Aaron Fox,SAS,Minnesota Timberwolves @ San Antonio Spurs,MIN,1,AST,SINGLE,6.5,2.36,1.43,UNDER,1.43,6.192977428436279,-0.3070225715637207,0.3070225715637207,4.723424177903395,1.4546,AST_FALLBACK,False,33.5963333129883,33.1081661224365,18.6,3.2,6.0,0,0,TRACKING_FALTANTE_TOTAL
Donovan Mitchell,1628378,Donovan Mitchell,CLE,Detroit Pistons @ Cleveland Cavaliers,DET,1,PTS,SINGLE,28.5,2.53,1.37,UNDER,1.37,26.390836715698242,-2.109163284301758,2.109163284301758,7.400572927374589,4.8341,PTS,False,35.9793334960938,34.8396671295166,21.6,4.6,2.2,0,0,POTENTIAL_AST_FALTANTE
Donovan Mitchell,1628378,Donovan Mitchell,CLE,Detroit Pistons @ Cleveland Cavaliers,DET,1,PTS,SINGLE,19.5,1.31,2.74,OVER,1.31,26.390836715698242,6.890836715698242,6.890836715698242,35.33762418306791,4.8341,PTS,True,35.9793334960938,34.8396671295166,21.6,4.6,2.2,0,0,POTENTIAL_AST_FALTANTE
Donovan Mitchell,1628378,Donovan Mitchell,CLE,Detroit Pistons @ Cleveland Cavaliers,DET,1,PTS,SINGLE,21.5,1.49,2.2,OVER,1.49,26.390836715698242,4.890836715698242,4.890836715698242,22.748077747433683,4.8341,PTS,True,35.9793334960938,34.8396671295166,21.6,4.6,2.2,0,0,POTENTIAL_AST_FALTANTE
Donovan Mitchell,1628378,Donovan Mitchell,CLE,Detroit Pistons @ Cleveland Cavaliers,DET,1,PTS,SINGLE,22.5,1.56,2.07,OVER,1.56,26.390836715698242,3.890836715698242,3.890836715698242,17.29260762532552,4.8341,PTS,True,35.9793334960938,34.8396671295166,21.6,4.6,2.2,0,0,POTENTIAL_AST_FALTANTE
Donovan Mitchell,1628378,Donovan Mitchell,CLE,Detroit Pistons @ Cleveland Cavaliers,DET,1,PTS,SINGLE,23.5,1.67,1.9,OVER,1.67,26.390836715698242,2.890836715698242,2.890836715698242,12.301432832758477,4.8341,PTS,True,35.9793334960938,34.8396671295166,21.6,4.6,2.2,0,0,POTENTIAL_AST_FALTANTE
Donovan Mitchell,1628378,Donovan Mitchell,CLE,Detroit Pistons @ Cleveland Cavaliers,DET,1,PTS,SINGLE,25.5,1.96,1.62,OVER,1.96,26.390836715698242,0.8908367156982422,0.8908367156982422,3.4934773164636947,4.8341,PTS,False,35.9793334960938,34.8396671295166,21.6,4.6,2.2,0,0,POTENTIAL_AST_FALTANTE
Donovan Mitchell,1628378,Donovan Mitchell,CLE,Detroit Pistons @ Cleveland Cavaliers,DET,1,PTS,SINGLE,27.5,2.29,1.45,UNDER,1.45,26.390836715698242,-1.1091632843017578,1.1091632843017578,4.033321033824574,4.8341,PTS,False,35.9793334960938,34.8396671295166,21.6,4.6,2.2,0,0,POTENTIAL_AST_FALTANTE
Donovan Mitchell,1628378,Donovan Mitchell,CLE,Detroit Pistons @ Cleveland Cavaliers,DET,1,PTS,SINGLE,20.5,1.39,2.46,OVER,1.39,26.390836715698242,5.890836715698242,5.890836715698242,28.7357888570646,4.8341,PTS,True,35.9793334960938,34.8396671295166,21.6,4.6,2.2,0,0,POTENTIAL_AST_FALTANTE
Donovan Mitchell,1628378,Donovan Mitchell,CLE,Detroit Pistons @ Cleveland Cavaliers,DET,1,PTS,SINGLE,26.5,2.07,1.56,UNDER,1.56,26.390836715698242,-0.10916328430175781,0.10916328430175781,0.41193692189342573,4.8341,PTS,False,35.9793334960938,34.8396671295166,21.6,4.6,2.2,0,0,POTENTIAL_AST_FALTANTE
Donovan Mitchell,1628378,Donovan Mitchell,CLE,Detroit Pistons @ Cleveland Cavaliers,DET,1,PTS,SINGLE,29.5,2.84,1.29,UNDER,1.29,26.390836715698242,-3.109163284301758,3.109163284301758,10.539536556955111,4.8341,PTS,True,35.9793334960938,34.8396671295166,21.6,4.6,2.2,0,0,POTENTIAL_AST_FALTANTE
Donovan Mitchell,1628378,Donovan Mitchell,CLE,Detroit Pistons @ Cleveland Cavaliers,DET,1,PTS,SINGLE,24.5,1.87,1.8,OVER,1.87,26.390836715698242,1.8908367156982422,1.8908367156982422,7.717700880400989,4.8341,PTS,False,35.9793334960938,34.8396671295166,21.6,4.6,2.2,0,0,POTENTIAL_AST_FALTANTE
Donovan Mitchell,1628378,Donovan Mitchell,CLE,Detroit Pistons @ Cleveland Cavaliers,DET,1,AST,SINGLE,2.5,1.32,2.73,OVER,1.32,4.632892608642578,2.132892608642578,2.132892608642578,85.31570434570312,1.4546,AST_FALLBACK,True,35.9793334960938,34.8396671295166,21.6,4.6,2.2,0,0,POTENTIAL_AST_FALTANTE
Donovan Mitchell,1628378,Donovan Mitchell,CLE,Detroit Pistons @ Cleveland Cavaliers,DET,1,AST,SINGLE,3.5,1.77,1.9,OVER,1.77,4.632892608642578,1.1328926086425781,1.1328926086425781,32.368360246930806,1.4546,AST_FALLBACK,True,35.9793334960938,34.8396671295166,21.6,4.6,2.2,0,0,POTENTIAL_AST_FALTANTE
Donovan Mitchell,1628378,Donovan Mitchell,CLE,Detroit Pistons @ Cleveland Cavaliers,DET,1,AST,SINGLE,4.5,2.4,1.41,OVER,2.4,4.632892608642578,0.13289260864257812,0.13289260864257812,2.953169080946181,1.4546,AST_FALLBACK,False,35.9793334960938,34.8396671295166,21.6,4.6,2.2,0,0,POTENTIAL_AST_FALTANTE
Donovan Mitchell,1628378,Donovan Mitchell,CLE,Detroit Pistons @ Cleveland Cavaliers,DET,1,3PT,SINGLE,3.5,2.63,1.34,UNDER,1.34,2.921154499053955,-0.5788455009460449,0.5788455009460449,16.538442884172714,0.9642,3PT,True,35.9793334960938,34.8396671295166,21.6,4.6,2.2,0,0,POTENTIAL_AST_FALTANTE
Donovan Mitchell,1628378,Donovan Mitchell,CLE,Detroit Pistons @ Cleveland Cavaliers,DET,1,3PT,SINGLE,2.5,1.84,1.83,OVER,1.84,2.921154499053955,0.4211544990539551,0.4211544990539551,16.846179962158203,0.9642,3PT,False,35.9793334960938,34.8396671295166,21.6,4.6,2.2,0,0,POTENTIAL_AST_FALTANTE
Donovan Mitchell,1628378,Donovan Mitchell,CLE,Detroit Pistons @ Cleveland Cavaliers,DET,1,Q1_PTS,Q1,6.5,2.03,1.58,UNDER,1.58,4.9154510498046875,-1.5845489501953125,1.5845489501953125,24.37767615685096,2.087,Q1_PTS,True,35.9793334960938,34.8396671295166,21.6,4.6,2.2,0,0,POTENTIAL_AST_FALTANTE
Donovan Mitchell,1628378,Donovan Mitchell,CLE,Detroit Pistons @ Cleveland Cavaliers,DET,1,Q1_PTS,Q1,5.5,1.75,1.93,UNDER,1.93,4.9154510498046875,-0.5845489501953125,0.5845489501953125,10.628162730823863,2.087,Q1_PTS,False,35.9793334960938,34.8396671295166,21.6,4.6,2.2,0,0,POTENTIAL_AST_FALTANTE
Donovan Mitchell,1628378,Donovan Mitchell,CLE,Detroit Pistons @ Cleveland Cavaliers,DET,1,FTM,SINGLE,4.5,1.79,1.88,OVER,1.79,5.1160173416137695,0.6160173416137695,0.6160173416137695,13.689274258083767,1.4962,FTM,False,35.9793334960938,34.8396671295166,21.6,4.6,2.2,0,0,POTENTIAL_AST_FALTANTE
Donovan Mitchell,1628378,Donovan Mitchell,CLE,Detroit Pistons @ Cleveland Cavaliers,DET,1,FTA,SINGLE,5.5,1.93,1.75,UNDER,1.75,4.990454196929932,-0.5095458030700684,0.5095458030700684,9.264469146728516,1.8012,FTA,False,35.9793334960938,34.8396671295166,21.6,4.6,2.2,0,0,POTENTIAL_AST_FALTANTE
Donovan Mitchell,1628378,Donovan Mitchell,CLE,Detroit Pistons @ Cleveland Cavaliers,DET,1,FGM,SINGLE,8.5,1.93,1.75,OVER,1.93,9.608551025390625,1.108551025390625,1.108551025390625,13.041776769301471,1.8635,FGM,True,35.9793334960938,34.8396671295166,21.6,4.6,2.2,0,0,POTENTIAL_AST_FALTANTE
Donovan Mitchell,1628378,Donovan Mitchell,CLE,Detroit Pistons @ Cleveland Cavaliers,DET,1,FGA,SINGLE,19.5,1.81,1.86,OVER,1.81,19.81989097595215,0.31989097595214844,0.31989097595214844,1.6404665433443508,2.8767,FGA,False,35.9793334960938,34.8396671295166,21.6,4.6,2.2,0,0,POTENTIAL_AST_FALTANTE
Donovan Mitchell,1628378,Donovan Mitchell,CLE,Detroit Pistons @ Cleveland Cavaliers,DET,1,FG3A,SINGLE,7.5,1.77,1.9,OVER,1.77,8.110915184020996,0.6109151840209961,0.6109151840209961,8.145535786946615,1.5883,FG3A,False,35.9793334960938,34.8396671295166,21.6,4.6,2.2,0,0,POTENTIAL_AST_FALTANTE
Donovan Mitchell,1628378,Donovan Mitchell,CLE,Detroit Pistons @ Cleveland Cavaliers,DET,1,REB,SINGLE,3.5,1.66,2.05,OVER,1.66,4.482527256011963,0.9825272560119629,0.9825272560119629,28.072207314627512,1.9667,REB,False,35.9793334960938,34.8396671295166,21.6,4.6,2.2,0,0,POTENTIAL_AST_FALTANTE
Donovan Mitchell,1628378,Donovan Mitchell,CLE,Detroit Pistons @ Cleveland Cavaliers,DET,1,REB,SINGLE,4.5,2.21,1.49,UNDER,1.49,4.482527256011963,-0.01747274398803711,0.01747274398803711,0.388283199734158,1.9667,REB,False,35.9793334960938,34.8396671295166,21.6,4.6,2.2,0,0,POTENTIAL_AST_FALTANTE
Donovan Mitchell,1628378,Donovan Mitchell,CLE,Detroit Pistons @ Cleveland Cavaliers,DET,1,PA,COMBO,30.5,2.09,1.55,UNDER,1.55,29.6158447265625,-0.8841552734375,0.8841552734375,2.89886974897541,5.2838,PA,False,35.9793334960938,34.8396671295166,21.6,4.6,2.2,0,0,POTENTIAL_AST_FALTANTE
Donovan Mitchell,1628378,Donovan Mitchell,CLE,Detroit Pistons @ Cleveland Cavaliers,DET,1,PA,COMBO,29.5,1.97,1.62,OVER,1.97,29.6158447265625,0.1158447265625,0.1158447265625,0.39269398834745767,5.2838,PA,False,35.9793334960938,34.8396671295166,21.6,4.6,2.2,0,0,POTENTIAL_AST_FALTANTE
Donovan Mitchell,1628378,Donovan Mitchell,CLE,Detroit Pistons @ Cleveland Cavaliers,DET,1,PA,COMBO,28.5,1.89,1.78,OVER,1.89,29.6158447265625,1.1158447265625,1.1158447265625,3.9152446546052633,5.2838,PA,False,35.9793334960938,34.8396671295166,21.6,4.6,2.2,0,0,POTENTIAL_AST_FALTANTE
Donovan Mitchell,1628378,Donovan Mitchell,CLE,Detroit Pistons @ Cleveland Cavaliers,DET,1,PA,COMBO,25.5,1.52,2.14,OVER,1.52,29.6158447265625,4.1158447265625,4.1158447265625,16.140567555147058,5.2838,PA,True,35.9793334960938,34.8396671295166,21.6,4.6,2.2,0,0,POTENTIAL_AST_FALTANTE
Donovan Mitchell,1628378,Donovan Mitchell,CLE,Detroit Pistons @ Cleveland Cavaliers,DET,1,PA,COMBO,27.5,1.68,1.88,OVER,1.68,29.6158447265625,2.1158447265625,2.1158447265625,7.693980823863636,5.2838,PA,False,35.9793334960938,34.8396671295166,21.6,4.6,2.2,0,0,POTENTIAL_AST_FALTANTE
Donovan Mitchell,1628378,Donovan Mitchell,CLE,Detroit Pistons @ Cleveland Cavaliers,DET,1,PA,COMBO,26.5,1.57,2.04,OVER,1.57,29.6158447265625,3.1158447265625,3.1158447265625,11.757904628537736,5.2838,PA,True,35.9793334960938,34.8396671295166,21.6,4.6,2.2,0,0,POTENTIAL_AST_FALTANTE
Donovan Mitchell,1628378,Donovan Mitchell,CLE,Detroit Pistons @ Cleveland Cavaliers,DET,1,PR,COMBO,28.5,1.86,1.81,OVER,1.86,29.671253204345703,1.1712532043457031,1.1712532043457031,4.109660366125274,5.7314,PR,False,35.9793334960938,34.8396671295166,21.6,4.6,2.2,0,0,POTENTIAL_AST_FALTANTE
Donovan Mitchell,1628378,Donovan Mitchell,CLE,Detroit Pistons @ Cleveland Cavaliers,DET,1,PR,COMBO,25.5,1.52,2.15,OVER,1.52,29.671253204345703,4.171253204345703,4.171253204345703,16.35785570331648,5.7314,PR,True,35.9793334960938,34.8396671295166,21.6,4.6,2.2,0,0,POTENTIAL_AST_FALTANTE
Donovan Mitchell,1628378,Donovan Mitchell,CLE,Detroit Pistons @ Cleveland Cavaliers,DET,1,PR,COMBO,27.5,1.68,1.89,OVER,1.68,29.671253204345703,2.171253204345703,2.171253204345703,7.895466197620739,5.7314,PR,False,35.9793334960938,34.8396671295166,21.6,4.6,2.2,0,0,POTENTIAL_AST_FALTANTE
Donovan Mitchell,1628378,Donovan Mitchell,CLE,Detroit Pistons @ Cleveland Cavaliers,DET,1,PR,COMBO,30.5,2.04,1.57,UNDER,1.57,29.671253204345703,-0.8287467956542969,0.8287467956542969,2.7172026087026127,5.7314,PR,False,35.9793334960938,34.8396671295166,21.6,4.6,2.2,0,0,POTENTIAL_AST_FALTANTE
Donovan Mitchell,1628378,Donovan Mitchell,CLE,Detroit Pistons @ Cleveland Cavaliers,DET,1,PR,COMBO,29.5,1.95,1.64,OVER,1.95,29.671253204345703,0.17125320434570312,0.17125320434570312,0.5805193367650954,5.7314,PR,False,35.9793334960938,34.8396671295166,21.6,4.6,2.2,0,0,POTENTIAL_AST_FALTANTE
Donovan Mitchell,1628378,Donovan Mitchell,CLE,Detroit Pistons @ Cleveland Cavaliers,DET,1,PR,COMBO,26.5,1.58,2.03,OVER,1.58,29.671253204345703,3.171253204345703,3.171253204345703,11.96699322394605,5.7314,PR,True,35.9793334960938,34.8396671295166,21.6,4.6,2.2,0,0,POTENTIAL_AST_FALTANTE
Donovan Mitchell,1628378,Donovan Mitchell,CLE,Detroit Pistons @ Cleveland Cavaliers,DET,1,RA,COMBO,8.5,2.14,1.52,OVER,2.14,9.055115699768066,0.5551156997680664,0.5551156997680664,6.53077293844784,2.6976,RA,False,35.9793334960938,34.8396671295166,21.6,4.6,2.2,0,0,POTENTIAL_AST_FALTANTE
Donovan Mitchell,1628378,Donovan Mitchell,CLE,Detroit Pistons @ Cleveland Cavaliers,DET,1,RA,COMBO,7.5,1.79,1.88,OVER,1.79,9.055115699768066,1.5551156997680664,1.5551156997680664,20.73487599690755,2.6976,RA,True,35.9793334960938,34.8396671295166,21.6,4.6,2.2,0,0,POTENTIAL_AST_FALTANTE
Donovan Mitchell,1628378,Donovan Mitchell,CLE,Detroit Pistons @ Cleveland Cavaliers,DET,1,PRA,COMBO,32.5,1.88,1.79,OVER,1.88,33.1269645690918,0.6269645690917969,0.6269645690917969,1.9291217510516827,6.1893,PRA,False,35.9793334960938,34.8396671295166,21.6,4.6,2.2,0,0,POTENTIAL_AST_FALTANTE
Donovan Mitchell,1628378,Donovan Mitchell,CLE,Detroit Pistons @ Cleveland Cavaliers,DET,1,PRA,COMBO,27.5,1.35,2.59,OVER,1.35,33.1269645690918,5.626964569091797,5.626964569091797,20.46168934215199,6.1893,PRA,True,35.9793334960938,34.8396671295166,21.6,4.6,2.2,0,0,POTENTIAL_AST_FALTANTE
Donovan Mitchell,1628378,Donovan Mitchell,CLE,Detroit Pistons @ Cleveland Cavaliers,DET,1,PRA,COMBO,28.5,1.43,2.34,OVER,1.43,33.1269645690918,4.626964569091797,4.626964569091797,16.234963400322094,6.1893,PRA,True,35.9793334960938,34.8396671295166,21.6,4.6,2.2,0,0,POTENTIAL_AST_FALTANTE
Donovan Mitchell,1628378,Donovan Mitchell,CLE,Detroit Pistons @ Cleveland Cavaliers,DET,1,PRA,COMBO,29.5,1.53,2.12,OVER,1.53,33.1269645690918,3.626964569091797,3.626964569091797,12.294795149463718,6.1893,PRA,True,35.9793334960938,34.8396671295166,21.6,4.6,2.2,0,0,POTENTIAL_AST_FALTANTE
Donovan Mitchell,1628378,Donovan Mitchell,CLE,Detroit Pistons @ Cleveland Cavaliers,DET,1,PRA,COMBO,30.5,1.59,2.02,OVER,1.59,33.1269645690918,2.626964569091797,2.626964569091797,8.612998587186219,6.1893,PRA,False,35.9793334960938,34.8396671295166,21.6,4.6,2.2,0,0,POTENTIAL_AST_FALTANTE
Donovan Mitchell,1628378,Donovan Mitchell,CLE,Detroit Pistons @ Cleveland Cavaliers,DET,1,PRA,COMBO,31.5,1.69,1.88,OVER,1.69,33.1269645690918,1.6269645690917969,1.6269645690917969,5.164966886005704,6.1893,PRA,False,35.9793334960938,34.8396671295166,21.6,4.6,2.2,0,0,POTENTIAL_AST_FALTANTE
Donovan Mitchell,1628378,Donovan Mitchell,CLE,Detroit Pistons @ Cleveland Cavaliers,DET,1,PRA,COMBO,33.5,1.98,1.61,UNDER,1.61,33.1269645690918,-0.3730354309082031,0.3730354309082031,1.1135385997259795,6.1893,PRA,False,35.9793334960938,34.8396671295166,21.6,4.6,2.2,0,0,POTENTIAL_AST_FALTANTE
Donovan Mitchell,1628378,Donovan Mitchell,CLE,Detroit Pistons @ Cleveland Cavaliers,DET,1,PRA,COMBO,34.5,2.06,1.56,UNDER,1.56,33.1269645690918,-1.3730354309082031,1.3730354309082031,3.9798128432121826,6.1893,PRA,False,35.9793334960938,34.8396671295166,21.6,4.6,2.2,0,0,POTENTIAL_AST_FALTANTE
Donovan Mitchell,1628378,Donovan Mitchell,CLE,Detroit Pistons @ Cleveland Cavaliers,DET,1,PRA,COMBO,35.5,2.23,1.48,UNDER,1.48,33.1269645690918,-2.373035430908203,2.373035430908203,6.684606847628741,6.1893,PRA,False,35.9793334960938,34.8396671295166,21.6,4.6,2.2,0,0,POTENTIAL_AST_FALTANTE
Donovan Mitchell,1628378,Donovan Mitchell,CLE,Detroit Pistons @ Cleveland Cavaliers,DET,1,PRA,COMBO,36.5,2.47,1.39,UNDER,1.39,33.1269645690918,-3.373035430908203,3.373035430908203,9.241192961392338,6.1893,PRA,True,35.9793334960938,34.8396671295166,21.6,4.6,2.2,0,0,POTENTIAL_AST_FALTANTE
Donovan Mitchell,1628378,Donovan Mitchell,CLE,Detroit Pistons @ Cleveland Cavaliers,DET,1,PRA,COMBO,37.5,2.74,1.32,UNDER,1.32,33.1269645690918,-4.373035430908203,4.373035430908203,11.661427815755209,6.1893,PRA,True,35.9793334960938,34.8396671295166,21.6,4.6,2.2,0,0,POTENTIAL_AST_FALTANTE
Luke Kennard,1628379,Luke Kennard,LAL,Oklahoma City Thunder @ Los Angeles Lakers,OKC,1,PTS,SINGLE,7.5,1.73,1.96,OVER,1.73,9.728595733642578,2.228595733642578,2.228595733642578,29.714609781901043,4.8341,PTS,False,33.3000003814697,31.8300001144409,6.4,4.0,2.8,0,0,TRACKING_FALTANTE_TOTAL
Luke Kennard,1628379,Luke Kennard,LAL,Oklahoma City Thunder @ Los Angeles Lakers,OKC,1,PTS,SINGLE,5.5,1.37,2.55,OVER,1.37,9.728595733642578,4.228595733642578,4.228595733642578,76.88355879350142,4.8341,PTS,True,33.3000003814697,31.8300001144409,6.4,4.0,2.8,0,0,TRACKING_FALTANTE_TOTAL
Luke Kennard,1628379,Luke Kennard,LAL,Oklahoma City Thunder @ Los Angeles Lakers,OKC,1,PTS,SINGLE,6.5,1.52,2.15,OVER,1.52,9.728595733642578,3.228595733642578,3.228595733642578,49.670703594501205,4.8341,PTS,True,33.3000003814697,31.8300001144409,6.4,4.0,2.8,0,0,TRACKING_FALTANTE_TOTAL
Luke Kennard,1628379,Luke Kennard,LAL,Oklahoma City Thunder @ Los Angeles Lakers,OKC,1,PTS,SINGLE,8.5,1.95,1.63,OVER,1.95,9.728595733642578,1.2285957336425781,1.2285957336425781,14.454067454618565,4.8341,PTS,False,33.3000003814697,31.8300001144409,6.4,4.0,2.8,0,0,TRACKING_FALTANTE_TOTAL
Luke Kennard,1628379,Luke Kennard,LAL,Oklahoma City Thunder @ Los Angeles Lakers,OKC,1,PTS,SINGLE,9.5,2.22,1.48,OVER,2.22,9.728595733642578,0.22859573364257812,0.22859573364257812,2.4062708804481905,4.8341,PTS,False,33.3000003814697,31.8300001144409,6.4,4.0,2.8,0,0,TRACKING_FALTANTE_TOTAL
Luke Kennard,1628379,Luke Kennard,LAL,Oklahoma City Thunder @ Los Angeles Lakers,OKC,1,PTS,SINGLE,10.5,2.64,1.34,UNDER,1.34,9.728595733642578,-0.7714042663574219,0.7714042663574219,7.346707298642113,4.8341,PTS,False,33.3000003814697,31.8300001144409,6.4,4.0,2.8,0,0,TRACKING_FALTANTE_TOTAL
Luke Kennard,1628379,Luke Kennard,LAL,Oklahoma City Thunder @ Los Angeles Lakers,OKC,1,AST,SINGLE,1.5,1.55,2.25,OVER,1.55,2.558431386947632,1.0584313869476318,1.0584313869476318,70.56209246317545,1.4546,AST_FALLBACK,True,33.3000003814697,31.8300001144409,6.4,4.0,2.8,0,0,TRACKING_FALTANTE_TOTAL
Luke Kennard,1628379,Luke Kennard,LAL,Oklahoma City Thunder @ Los Angeles Lakers,OKC,1,AST,SINGLE,2.5,2.31,1.45,OVER,2.31,2.558431386947632,0.058431386947631836,0.058431386947631836,2.3372554779052734,1.4546,AST_FALLBACK,False,33.3000003814697,31.8300001144409,6.4,4.0,2.8,0,0,TRACKING_FALTANTE_TOTAL
Luke Kennard,1628379,Luke Kennard,LAL,Oklahoma City Thunder @ Los Angeles Lakers,OKC,1,3PT,SINGLE,1.5,2.18,1.58,OVER,2.18,1.5028607845306396,0.0028607845306396484,0.0028607845306396484,0.19071896870930988,0.9642,3PT,False,33.3000003814697,31.8300001144409,6.4,4.0,2.8,0,0,TRACKING_FALTANTE_TOTAL
Luke Kennard,1628379,Luke Kennard,LAL,Oklahoma City Thunder @ Los Angeles Lakers,OKC,1,Q1_PTS,Q1,1.5,1.62,2.12,OVER,1.62,2.6392550468444824,1.1392550468444824,1.1392550468444824,75.95033645629883,2.087,Q1_PTS,True,33.3000003814697,31.8300001144409,6.4,4.0,2.8,0,0,TRACKING_FALTANTE_TOTAL
Luke Kennard,1628379,Luke Kennard,LAL,Oklahoma City Thunder @ Los Angeles Lakers,OKC,1,Q1_PTS,Q1,0.5,1.55,2.09,OVER,1.55,2.6392550468444824,2.1392550468444824,2.1392550468444824,427.8510093688965,2.087,Q1_PTS,True,33.3000003814697,31.8300001144409,6.4,4.0,2.8,0,0,TRACKING_FALTANTE_TOTAL
Luke Kennard,1628379,Luke Kennard,LAL,Oklahoma City Thunder @ Los Angeles Lakers,OKC,1,Q1_PTS,Q1,2.5,2.13,1.52,OVER,2.13,2.6392550468444824,0.13925504684448242,0.13925504684448242,5.570201873779297,2.087,Q1_PTS,False,33.3000003814697,31.8300001144409,6.4,4.0,2.8,0,0,TRACKING_FALTANTE_TOTAL
Luke Kennard,1628379,Luke Kennard,LAL,Oklahoma City Thunder @ Los Angeles Lakers,OKC,1,Q1_AST,Q1,0.5,2.13,1.61,OVER,2.13,0.8573469519615173,0.35734695196151733,0.35734695196151733,71.46939039230347,0.7063,Q1_AST,True,33.3000003814697,31.8300001144409,6.4,4.0,2.8,0,0,TRACKING_FALTANTE_TOTAL
Luke Kennard,1628379,Luke Kennard,LAL,Oklahoma City Thunder @ Los Angeles Lakers,OKC,1,Q1_REB,Q1,0.5,1.59,2.17,OVER,1.59,1.015357255935669,0.515357255935669,0.515357255935669,103.07145118713379,0.9236,Q1_REB,True,33.3000003814697,31.8300001144409,6.4,4.0,2.8,0,0,TRACKING_FALTANTE_TOTAL
Luke Kennard,1628379,Luke Kennard,LAL,Oklahoma City Thunder @ Los Angeles Lakers,OKC,1,FTM,SINGLE,0.5,1.95,1.73,OVER,1.95,1.7219692468643188,1.2219692468643188,1.2219692468643188,244.39384937286377,1.4962,FTM,True,33.3000003814697,31.8300001144409,6.4,4.0,2.8,0,0,TRACKING_FALTANTE_TOTAL
Luke Kennard,1628379,Luke Kennard,LAL,Oklahoma City Thunder @ Los Angeles Lakers,OKC,1,FTA,SINGLE,0.5,1.91,1.77,OVER,1.91,1.9268929958343506,1.4268929958343506,1.4268929958343506,285.3785991668701,1.8012,FTA,True,33.3000003814697,31.8300001144409,6.4,4.0,2.8,0,0,TRACKING_FALTANTE_TOTAL
Luke Kennard,1628379,Luke Kennard,LAL,Oklahoma City Thunder @ Los Angeles Lakers,OKC,1,FGM,SINGLE,2.5,1.66,2.05,OVER,1.66,3.4939169883728027,0.9939169883728027,0.9939169883728027,39.75667953491211,1.8635,FGM,True,33.3000003814697,31.8300001144409,6.4,4.0,2.8,0,0,TRACKING_FALTANTE_TOTAL
Luke Kennard,1628379,Luke Kennard,LAL,Oklahoma City Thunder @ Los Angeles Lakers,OKC,1,FGA,SINGLE,6.5,1.79,1.88,OVER,1.79,8.212729454040527,1.7127294540405273,1.7127294540405273,26.349683908315807,2.8767,FGA,True,33.3000003814697,31.8300001144409,6.4,4.0,2.8,0,0,TRACKING_FALTANTE_TOTAL
Luke Kennard,1628379,Luke Kennard,LAL,Oklahoma City Thunder @ Los Angeles Lakers,OKC,1,FG3A,SINGLE,3.5,1.87,1.8,UNDER,1.8,3.4748711585998535,-0.025128841400146484,0.025128841400146484,0.7179668971470424,1.5883,FG3A,False,33.3000003814697,31.8300001144409,6.4,4.0,2.8,0,0,TRACKING_FALTANTE_TOTAL
Luke Kennard,1628379,Luke Kennard,LAL,Oklahoma City Thunder @ Los Angeles Lakers,OKC,1,REB,SINGLE,2.5,1.53,2.11,OVER,1.53,2.9912679195404053,0.4912679195404053,0.4912679195404053,19.65071678161621,1.9667,REB,False,33.3000003814697,31.8300001144409,6.4,4.0,2.8,0,0,TRACKING_FALTANTE_TOTAL
Luke Kennard,1628379,Luke Kennard,LAL,Oklahoma City Thunder @ Los Angeles Lakers,OKC,1,REB,SINGLE,3.5,2.19,1.58,UNDER,1.58,2.9912679195404053,-0.5087320804595947,0.5087320804595947,14.535202298845565,1.9667,REB,False,33.3000003814697,31.8300001144409,6.4,4.0,2.8,0,0,TRACKING_FALTANTE_TOTAL
Luke Kennard,1628379,Luke Kennard,LAL,Oklahoma City Thunder @ Los Angeles Lakers,OKC,1,PA,COMBO,9.5,1.72,1.96,OVER,1.72,11.6787748336792,2.178774833679199,2.178774833679199,22.934471933465257,5.2838,PA,False,33.3000003814697,31.8300001144409,6.4,4.0,2.8,0,0,TRACKING_FALTANTE_TOTAL
Luke Kennard,1628379,Luke Kennard,LAL,Oklahoma City Thunder @ Los Angeles Lakers,OKC,1,PA,COMBO,8.5,1.52,2.13,OVER,1.52,11.6787748336792,3.178774833679199,3.178774833679199,37.39735098446117,5.2838,PA,True,33.3000003814697,31.8300001144409,6.4,4.0,2.8,0,0,TRACKING_FALTANTE_TOTAL
Luke Kennard,1628379,Luke Kennard,LAL,Oklahoma City Thunder @ Los Angeles Lakers,OKC,1,PA,COMBO,10.5,1.92,1.66,OVER,1.92,11.6787748336792,1.1787748336791992,1.1787748336791992,11.226426987420945,5.2838,PA,False,33.3000003814697,31.8300001144409,6.4,4.0,2.8,0,0,TRACKING_FALTANTE_TOTAL
Luke Kennard,1628379,Luke Kennard,LAL,Oklahoma City Thunder @ Los Angeles Lakers,OKC,1,PA,COMBO,11.5,2.15,1.52,OVER,2.15,11.6787748336792,0.17877483367919922,0.17877483367919922,1.5545637711234714,5.2838,PA,False,33.3000003814697,31.8300001144409,6.4,4.0,2.8,0,0,TRACKING_FALTANTE_TOTAL
Luke Kennard,1628379,Luke Kennard,LAL,Oklahoma City Thunder @ Los Angeles Lakers,OKC,1,PR,COMBO,11.5,1.95,1.73,OVER,1.95,13.175562858581543,1.675562858581543,1.675562858581543,14.570111813752549,5.7314,PR,False,33.3000003814697,31.8300001144409,6.4,4.0,2.8,0,0,TRACKING_FALTANTE_TOTAL
Luke Kennard,1628379,Luke Kennard,LAL,Oklahoma City Thunder @ Los Angeles Lakers,OKC,1,PR,COMBO,12.5,2.05,1.57,OVER,2.05,13.175562858581543,0.675562858581543,0.675562858581543,5.404502868652344,5.7314,PR,False,33.3000003814697,31.8300001144409,6.4,4.0,2.8,0,0,TRACKING_FALTANTE_TOTAL
Luke Kennard,1628379,Luke Kennard,LAL,Oklahoma City Thunder @ Los Angeles Lakers,OKC,1,PR,COMBO,10.5,1.65,1.92,OVER,1.65,13.175562858581543,2.675562858581543,2.675562858581543,25.481551034109934,5.7314,PR,False,33.3000003814697,31.8300001144409,6.4,4.0,2.8,0,0,TRACKING_FALTANTE_TOTAL
Luke Kennard,1628379,Luke Kennard,LAL,Oklahoma City Thunder @ Los Angeles Lakers,OKC,1,PR,COMBO,9.5,1.52,2.13,OVER,1.52,13.175562858581543,3.675562858581543,3.675562858581543,38.69013535348992,5.7314,PR,True,33.3000003814697,31.8300001144409,6.4,4.0,2.8,0,0,TRACKING_FALTANTE_TOTAL
Luke Kennard,1628379,Luke Kennard,LAL,Oklahoma City Thunder @ Los Angeles Lakers,OKC,1,RA,COMBO,5.5,2.1,1.63,UNDER,1.63,5.3721442222595215,-0.12785577774047852,0.12785577774047852,2.3246505043723364,2.6976,RA,False,33.3000003814697,31.8300001144409,6.4,4.0,2.8,0,0,TRACKING_FALTANTE_TOTAL
Luke Kennard,1628379,Luke Kennard,LAL,Oklahoma City Thunder @ Los Angeles Lakers,OKC,1,RA,COMBO,4.5,1.54,2.11,OVER,1.54,5.3721442222595215,0.8721442222595215,0.8721442222595215,19.380982716878258,2.6976,RA,False,33.3000003814697,31.8300001144409,6.4,4.0,2.8,0,0,TRACKING_FALTANTE_TOTAL
Luke Kennard,1628379,Luke Kennard,LAL,Oklahoma City Thunder @ Los Angeles Lakers,OKC,1,PRA,COMBO,11.5,1.52,2.14,OVER,1.52,14.389277458190918,2.889277458190918,2.889277458190918,25.124151810355812,6.1893,PRA,False,33.3000003814697,31.8300001144409,6.4,4.0,2.8,0,0,TRACKING_FALTANTE_TOTAL
Luke Kennard,1628379,Luke Kennard,LAL,Oklahoma City Thunder @ Los Angeles Lakers,OKC,1,PRA,COMBO,12.5,1.66,1.92,OVER,1.66,14.389277458190918,1.889277458190918,1.889277458190918,15.114219665527342,6.1893,PRA,False,33.3000003814697,31.8300001144409,6.4,4.0,2.8,0,0,TRACKING_FALTANTE_TOTAL
Luke Kennard,1628379,Luke Kennard,LAL,Oklahoma City Thunder @ Los Angeles Lakers,OKC,1,PRA,COMBO,10.5,1.37,2.54,OVER,1.37,14.389277458190918,3.889277458190918,3.889277458190918,37.040737697056365,6.1893,PRA,True,33.3000003814697,31.8300001144409,6.4,4.0,2.8,0,0,TRACKING_FALTANTE_TOTAL
Luke Kennard,1628379,Luke Kennard,LAL,Oklahoma City Thunder @ Los Angeles Lakers,OKC,1,PRA,COMBO,13.5,1.93,1.75,OVER,1.93,14.389277458190918,0.889277458190918,0.889277458190918,6.587240431043837,6.1893,PRA,False,33.3000003814697,31.8300001144409,6.4,4.0,2.8,0,0,TRACKING_FALTANTE_TOTAL
Luke Kennard,1628379,Luke Kennard,LAL,Oklahoma City Thunder @ Los Angeles Lakers,OKC,1,PRA,COMBO,14.5,2.12,1.53,UNDER,1.53,14.389277458190918,-0.11072254180908203,0.11072254180908203,0.7636037366143589,6.1893,PRA,False,33.3000003814697,31.8300001144409,6.4,4.0,2.8,0,0,TRACKING_FALTANTE_TOTAL
Luke Kennard,1628379,Luke Kennard,LAL,Oklahoma City Thunder @ Los Angeles Lakers,OKC,1,PRA,COMBO,16.5,2.72,1.32,UNDER,1.32,14.389277458190918,-2.110722541809082,2.110722541809082,12.792257829145951,6.1893,PRA,False,33.3000003814697,31.8300001144409,6.4,4.0,2.8,0,0,TRACKING_FALTANTE_TOTAL
Luke Kennard,1628379,Luke Kennard,LAL,Oklahoma City Thunder @ Los Angeles Lakers,OKC,1,PRA,COMBO,15.5,2.34,1.43,UNDER,1.43,14.389277458190918,-1.110722541809082,1.110722541809082,7.165951882639239,6.1893,PRA,False,33.3000003814697,31.8300001144409,6.4,4.0,2.8,0,0,TRACKING_FALTANTE_TOTAL
OG Anunoby,1628384,OG Anunoby,NYK,Philadelphia 76ers @ New York Knicks,PHI,1,REB,SINGLE,5.5,1.87,1.8,OVER,1.87,5.784550666809082,0.28455066680908203,0.28455066680908203,5.1736484874378545,1.9667,REB,False,33.8876667022705,33.3438335418701,22.0,7.0,1.4,0,0,TRACKING_FALTANTE_TOTAL
OG Anunoby,1628384,OG Anunoby,NYK,Philadelphia 76ers @ New York Knicks,PHI,1,PTS,SINGLE,13.5,1.36,2.56,OVER,1.36,15.493657112121582,1.993657112121582,1.993657112121582,14.767830460159868,4.8341,PTS,False,33.8876667022705,33.3438335418701,22.0,7.0,1.4,0,0,TRACKING_FALTANTE_TOTAL
OG Anunoby,1628384,OG Anunoby,NYK,Philadelphia 76ers @ New York Knicks,PHI,1,PTS,SINGLE,16.5,1.8,1.88,UNDER,1.88,15.493657112121582,-1.006342887878418,1.006342887878418,6.099047805323745,4.8341,PTS,False,33.8876667022705,33.3438335418701,22.0,7.0,1.4,0,0,TRACKING_FALTANTE_TOTAL
OG Anunoby,1628384,OG Anunoby,NYK,Philadelphia 76ers @ New York Knicks,PHI,1,PTS,SINGLE,14.5,1.49,2.21,OVER,1.49,15.493657112121582,0.993657112121582,0.993657112121582,6.852807669804014,4.8341,PTS,False,33.8876667022705,33.3438335418701,22.0,7.0,1.4,0,0,TRACKING_FALTANTE_TOTAL
OG Anunoby,1628384,OG Anunoby,NYK,Philadelphia 76ers @ New York Knicks,PHI,1,PTS,SINGLE,15.5,1.58,2.03,UNDER,2.03,15.493657112121582,-0.006342887878417969,0.006342887878417969,0.04092185728011593,4.8341,PTS,False,33.8876667022705,33.3438335418701,22.0,7.0,1.4,0,0,TRACKING_FALTANTE_TOTAL
OG Anunoby,1628384,OG Anunoby,NYK,Philadelphia 76ers @ New York Knicks,PHI,1,PTS,SINGLE,17.5,1.93,1.65,UNDER,1.65,15.493657112121582,-2.006342887878418,2.006342887878418,11.464816502162387,4.8341,PTS,False,33.8876667022705,33.3438335418701,22.0,7.0,1.4,0,0,TRACKING_FALTANTE_TOTAL
OG Anunoby,1628384,OG Anunoby,NYK,Philadelphia 76ers @ New York Knicks,PHI,1,PTS,SINGLE,19.5,2.36,1.43,UNDER,1.43,15.493657112121582,-4.006342887878418,4.006342887878418,20.545348142966247,4.8341,PTS,True,33.8876667022705,33.3438335418701,22.0,7.0,1.4,0,0,TRACKING_FALTANTE_TOTAL
OG Anunoby,1628384,OG Anunoby,NYK,Philadelphia 76ers @ New York Knicks,PHI,1,PTS,SINGLE,20.5,2.68,1.33,UNDER,1.33,15.493657112121582,-5.006342887878418,5.006342887878418,24.421184818919112,4.8341,PTS,True,33.8876667022705,33.3438335418701,22.0,7.0,1.4,0,0,TRACKING_FALTANTE_TOTAL
OG Anunoby,1628384,OG Anunoby,NYK,Philadelphia 76ers @ New York Knicks,PHI,1,PTS,SINGLE,18.5,2.09,1.55,UNDER,1.55,15.493657112121582,-3.006342887878418,3.006342887878418,16.250502096640098,4.8341,PTS,True,33.8876667022705,33.3438335418701,22.0,7.0,1.4,0,0,TRACKING_FALTANTE_TOTAL
OG Anunoby,1628384,OG Anunoby,NYK,Philadelphia 76ers @ New York Knicks,PHI,1,AST,SINGLE,1.5,2.0,1.7,OVER,2.0,2.0867888927459717,0.5867888927459717,0.5867888927459717,39.11925951639812,1.4546,AST_FALLBACK,False,33.8876667022705,33.3438335418701,22.0,7.0,1.4,0,0,TRACKING_FALTANTE_TOTAL
OG Anunoby,1628384,OG Anunoby,NYK,Philadelphia 76ers @ New York Knicks,PHI,1,3PT,SINGLE,2.5,2.26,1.55,UNDER,1.55,2.2263736724853516,-0.27362632751464844,0.27362632751464844,10.945053100585938,0.9642,3PT,False,33.8876667022705,33.3438335418701,22.0,7.0,1.4,0,0,TRACKING_FALTANTE_TOTAL
OG Anunoby,1628384,OG Anunoby,NYK,Philadelphia 76ers @ New York Knicks,PHI,1,3PT,SINGLE,1.5,1.45,2.3,OVER,1.45,2.2263736724853516,0.7263736724853516,0.7263736724853516,48.42491149902344,0.9642,3PT,True,33.8876667022705,33.3438335418701,22.0,7.0,1.4,0,0,TRACKING_FALTANTE_TOTAL
OG Anunoby,1628384,OG Anunoby,NYK,Philadelphia 76ers @ New York Knicks,PHI,1,Q1_PTS,Q1,4.5,1.94,1.74,UNDER,1.74,3.9559342861175537,-0.5440657138824463,0.5440657138824463,12.090349197387695,2.087,Q1_PTS,False,33.8876667022705,33.3438335418701,22.0,7.0,1.4,0,0,TRACKING_FALTANTE_TOTAL
OG Anunoby,1628384,OG Anunoby,NYK,Philadelphia 76ers @ New York Knicks,PHI,1,Q1_PTS,Q1,3.5,1.56,2.07,OVER,1.56,3.9559342861175537,0.4559342861175537,0.4559342861175537,13.026693889072963,2.087,Q1_PTS,False,33.8876667022705,33.3438335418701,22.0,7.0,1.4,0,0,TRACKING_FALTANTE_TOTAL
OG Anunoby,1628384,OG Anunoby,NYK,Philadelphia 76ers @ New York Knicks,PHI,1,Q1_REB,Q1,1.5,1.93,1.75,OVER,1.93,1.62416410446167,0.12416410446166992,0.12416410446166992,8.277606964111328,0.9236,Q1_REB,False,33.8876667022705,33.3438335418701,22.0,7.0,1.4,0,0,TRACKING_FALTANTE_TOTAL
OG Anunoby,1628384,OG Anunoby,NYK,Philadelphia 76ers @ New York Knicks,PHI,1,FTA,SINGLE,3.5,2.0,1.6,UNDER,1.6,3.280600070953369,-0.21939992904663086,0.21939992904663086,6.268569401332311,1.8012,FTA,False,33.8876667022705,33.3438335418701,22.0,7.0,1.4,0,0,TRACKING_FALTANTE_TOTAL
OG Anunoby,1628384,OG Anunoby,NYK,Philadelphia 76ers @ New York Knicks,PHI,1,FTA,SINGLE,2.5,1.78,1.89,OVER,1.78,3.280600070953369,0.7806000709533691,0.7806000709533691,31.22400283813477,1.8012,FTA,False,33.8876667022705,33.3438335418701,22.0,7.0,1.4,0,0,TRACKING_FALTANTE_TOTAL
OG Anunoby,1628384,OG Anunoby,NYK,Philadelphia 76ers @ New York Knicks,PHI,1,FGA,SINGLE,13.5,1.97,1.72,UNDER,1.72,11.38155460357666,-2.11844539642334,2.11844539642334,15.692188121654368,2.8767,FGA,True,33.8876667022705,33.3438335418701,22.0,7.0,1.4,0,0,TRACKING_FALTANTE_TOTAL
OG Anunoby,1628384,OG Anunoby,NYK,Philadelphia 76ers @ New York Knicks,PHI,1,FG3A,SINGLE,6.5,1.78,1.89,UNDER,1.89,5.53835391998291,-0.9616460800170898,0.9616460800170898,14.794555077185997,1.5883,FG3A,True,33.8876667022705,33.3438335418701,22.0,7.0,1.4,0,0,TRACKING_FALTANTE_TOTAL
OG Anunoby,1628384,OG Anunoby,NYK,Philadelphia 76ers @ New York Knicks,PHI,1,FTM,SINGLE,2.5,2.01,1.69,OVER,2.01,2.8238024711608887,0.32380247116088867,0.32380247116088867,12.952098846435547,1.4962,FTM,False,33.8876667022705,33.3438335418701,22.0,7.0,1.4,0,0,TRACKING_FALTANTE_TOTAL
OG Anunoby,1628384,OG Anunoby,NYK,Philadelphia 76ers @ New York Knicks,PHI,1,FGM,SINGLE,5.5,1.6,2.15,OVER,1.6,5.68264627456665,0.1826462745666504,0.1826462745666504,3.32084135575728,1.8635,FGM,False,33.8876667022705,33.3438335418701,22.0,7.0,1.4,0,0,TRACKING_FALTANTE_TOTAL
OG Anunoby,1628384,OG Anunoby,NYK,Philadelphia 76ers @ New York Knicks,PHI,1,PA,COMBO,16.5,1.55,2.08,OVER,1.55,16.66057777404785,0.16057777404785156,0.16057777404785156,0.9731986305930397,5.2838,PA,False,33.8876667022705,33.3438335418701,22.0,7.0,1.4,0,0,TRACKING_FALTANTE_TOTAL
OG Anunoby,1628384,OG Anunoby,NYK,Philadelphia 76ers @ New York Knicks,PHI,1,PA,COMBO,18.5,1.88,1.79,UNDER,1.79,16.66057777404785,-1.8394222259521484,1.8394222259521484,9.942822842984587,5.2838,PA,False,33.8876667022705,33.3438335418701,22.0,7.0,1.4,0,0,TRACKING_FALTANTE_TOTAL
OG Anunoby,1628384,OG Anunoby,NYK,Philadelphia 76ers @ New York Knicks,PHI,1,PA,COMBO,17.5,1.66,1.91,UNDER,1.91,16.66057777404785,-0.8394222259521484,0.8394222259521484,4.796698434012277,5.2838,PA,False,33.8876667022705,33.3438335418701,22.0,7.0,1.4,0,0,TRACKING_FALTANTE_TOTAL
OG Anunoby,1628384,OG Anunoby,NYK,Philadelphia 76ers @ New York Knicks,PHI,1,PA,COMBO,20.5,2.17,1.51,UNDER,1.51,16.66057777404785,-3.8394222259521484,3.8394222259521484,18.72888890708365,5.2838,PA,True,33.8876667022705,33.3438335418701,22.0,7.0,1.4,0,0,TRACKING_FALTANTE_TOTAL
OG Anunoby,1628384,OG Anunoby,NYK,Philadelphia 76ers @ New York Knicks,PHI,1,PA,COMBO,19.5,2.01,1.59,UNDER,1.59,16.66057777404785,-2.8394222259521484,2.8394222259521484,14.561139620267427,5.2838,PA,True,33.8876667022705,33.3438335418701,22.0,7.0,1.4,0,0,TRACKING_FALTANTE_TOTAL
OG Anunoby,1628384,OG Anunoby,NYK,Philadelphia 76ers @ New York Knicks,PHI,1,PR,COMBO,22.5,1.86,1.81,UNDER,1.81,21.457672119140625,-1.042327880859375,1.042327880859375,4.632568359375,5.7314,PR,False,33.8876667022705,33.3438335418701,22.0,7.0,1.4,0,0,TRACKING_FALTANTE_TOTAL
OG Anunoby,1628384,OG Anunoby,NYK,Philadelphia 76ers @ New York Knicks,PHI,1,PR,COMBO,20.5,1.57,2.05,OVER,1.57,21.457672119140625,0.957672119140625,0.957672119140625,4.671571312881097,5.7314,PR,False,33.8876667022705,33.3438335418701,22.0,7.0,1.4,0,0,TRACKING_FALTANTE_TOTAL
OG Anunoby,1628384,OG Anunoby,NYK,Philadelphia 76ers @ New York Knicks,PHI,1,PR,COMBO,23.5,1.94,1.64,UNDER,1.64,21.457672119140625,-2.042327880859375,2.042327880859375,8.690756939827128,5.7314,PR,False,33.8876667022705,33.3438335418701,22.0,7.0,1.4,0,0,TRACKING_FALTANTE_TOTAL
OG Anunoby,1628384,OG Anunoby,NYK,Philadelphia 76ers @ New York Knicks,PHI,1,PR,COMBO,24.5,2.06,1.57,UNDER,1.57,21.457672119140625,-3.042327880859375,3.042327880859375,12.417664819834185,5.7314,PR,True,33.8876667022705,33.3438335418701,22.0,7.0,1.4,0,0,TRACKING_FALTANTE_TOTAL
OG Anunoby,1628384,OG Anunoby,NYK,Philadelphia 76ers @ New York Knicks,PHI,1,PR,COMBO,21.5,1.66,1.92,UNDER,1.92,21.457672119140625,-0.042327880859375,0.042327880859375,0.19687386446220928,5.7314,PR,False,33.8876667022705,33.3438335418701,22.0,7.0,1.4,0,0,TRACKING_FALTANTE_TOTAL
OG Anunoby,1628384,OG Anunoby,NYK,Philadelphia 76ers @ New York Knicks,PHI,1,RA,COMBO,7.5,2.06,1.65,OVER,2.06,7.8688435554504395,0.36884355545043945,0.36884355545043945,4.917914072672526,2.6976,RA,False,33.8876667022705,33.3438335418701,22.0,7.0,1.4,0,0,TRACKING_FALTANTE_TOTAL
OG Anunoby,1628384,OG Anunoby,NYK,Philadelphia 76ers @ New York Knicks,PHI,1,RA,COMBO,6.5,1.59,2.01,OVER,1.59,7.8688435554504395,1.3688435554504395,1.3688435554504395,21.059131622314453,2.6976,RA,True,33.8876667022705,33.3438335418701,22.0,7.0,1.4,0,0,TRACKING_FALTANTE_TOTAL
OG Anunoby,1628384,OG Anunoby,NYK,Philadelphia 76ers @ New York Knicks,PHI,1,PRA,COMBO,20.5,1.4,2.44,OVER,1.4,21.98471450805664,1.4847145080566406,1.4847145080566406,7.242509795398247,6.1893,PRA,False,33.8876667022705,33.3438335418701,22.0,7.0,1.4,0,0,TRACKING_FALTANTE_TOTAL
OG Anunoby,1628384,OG Anunoby,NYK,Philadelphia 76ers @ New York Knicks,PHI,1,PRA,COMBO,21.5,1.5,2.18,OVER,1.5,21.98471450805664,0.4847145080566406,0.4847145080566406,2.254486083984375,6.1893,PRA,False,33.8876667022705,33.3438335418701,22.0,7.0,1.4,0,0,TRACKING_FALTANTE_TOTAL
OG Anunoby,1628384,OG Anunoby,NYK,Philadelphia 76ers @ New York Knicks,PHI,1,PRA,COMBO,24.5,1.85,1.71,UNDER,1.71,21.98471450805664,-2.5152854919433594,2.5152854919433594,10.26647139568718,6.1893,PRA,False,33.8876667022705,33.3438335418701,22.0,7.0,1.4,0,0,TRACKING_FALTANTE_TOTAL
OG Anunoby,1628384,OG Anunoby,NYK,Philadelphia 76ers @ New York Knicks,PHI,1,PRA,COMBO,25.5,2.03,1.58,UNDER,1.58,21.98471450805664,-3.5152854919433594,3.5152854919433594,13.785433301738664,6.1893,PRA,True,33.8876667022705,33.3438335418701,22.0,7.0,1.4,0,0,TRACKING_FALTANTE_TOTAL
OG Anunoby,1628384,OG Anunoby,NYK,Philadelphia 76ers @ New York Knicks,PHI,1,PRA,COMBO,26.5,2.13,1.52,UNDER,1.52,21.98471450805664,-4.515285491943359,4.515285491943359,17.038813177144753,6.1893,PRA,True,33.8876667022705,33.3438335418701,22.0,7.0,1.4,0,0,TRACKING_FALTANTE_TOTAL
OG Anunoby,1628384,OG Anunoby,NYK,Philadelphia 76ers @ New York Knicks,PHI,1,PRA,COMBO,27.5,2.43,1.4,UNDER,1.4,21.98471450805664,-5.515285491943359,5.515285491943359,20.05558360706676,6.1893,PRA,True,33.8876667022705,33.3438335418701,22.0,7.0,1.4,0,0,TRACKING_FALTANTE_TOTAL
OG Anunoby,1628384,OG Anunoby,NYK,Philadelphia 76ers @ New York Knicks,PHI,1,PRA,COMBO,22.5,1.58,2.03,UNDER,2.03,21.98471450805664,-0.5152854919433594,0.5152854919433594,2.290157741970486,6.1893,PRA,False,33.8876667022705,33.3438335418701,22.0,7.0,1.4,0,0,TRACKING_FALTANTE_TOTAL
OG Anunoby,1628384,OG Anunoby,NYK,Philadelphia 76ers @ New York Knicks,PHI,1,PRA,COMBO,23.5,1.75,1.93,UNDER,1.93,21.98471450805664,-1.5152854919433594,1.5152854919433594,6.448023369971742,6.1893,PRA,False,33.8876667022705,33.3438335418701,22.0,7.0,1.4,0,0,TRACKING_FALTANTE_TOTAL
OG Anunoby,1628384,OG Anunoby,NYK,Philadelphia 76ers @ New York Knicks,PHI,1,PRA,COMBO,28.5,2.73,1.32,UNDER,1.32,21.98471450805664,-6.515285491943359,6.515285491943359,22.86065084892407,6.1893,PRA,True,33.8876667022705,33.3438335418701,22.0,7.0,1.4,0,0,TRACKING_FALTANTE_TOTAL
OG Anunoby,1628384,OG Anunoby,NYK,Philadelphia 76ers @ New York Knicks,PHI,1,PRA,COMBO,19.5,1.31,2.76,OVER,1.31,21.98471450805664,2.4847145080566406,2.4847145080566406,12.742125682341745,6.1893,PRA,False,33.8876667022705,33.3438335418701,22.0,7.0,1.4,0,0,TRACKING_FALTANTE_TOTAL
OG Anunoby,1628384,OG Anunoby,NYK,Philadelphia 76ers @ New York Knicks,PHI,1,REB,SINGLE,6.5,2.28,1.46,UNDER,1.46,5.784550666809082,-0.715449333190918,0.715449333190918,11.006912818321815,1.9667,REB,False,33.8876667022705,33.3438335418701,22.0,7.0,1.4,0,0,TRACKING_FALTANTE_TOTAL
OG Anunoby,1628384,OG Anunoby,NYK,Philadelphia 76ers @ New York Knicks,PHI,1,REB,SINGLE,4.5,1.44,2.32,OVER,1.44,5.784550666809082,1.284550666809082,1.284550666809082,28.545570373535156,1.9667,REB,True,33.8876667022705,33.3438335418701,22.0,7.0,1.4,0,0,TRACKING_FALTANTE_TOTAL
Jarrett Allen,1628386,Jarrett Allen,CLE,Detroit Pistons @ Cleveland Cavaliers,DET,1,REB,SINGLE,5.5,1.36,2.57,OVER,1.36,9.022682189941406,3.5226821899414062,3.5226821899414062,64.04876708984375,1.9667,REB,True,27.4950000762939,27.1575000762939,10.0,9.4,1.0,0,0,POTENTIAL_AST_FALTANTE
Jarrett Allen,1628386,Jarrett Allen,CLE,Detroit Pistons @ Cleveland Cavaliers,DET,1,REB,SINGLE,6.5,1.6,2.0,OVER,1.6,9.022682189941406,2.5226821899414062,2.5226821899414062,38.81049522986778,1.9667,REB,True,27.4950000762939,27.1575000762939,10.0,9.4,1.0,0,0,POTENTIAL_AST_FALTANTE
Jarrett Allen,1628386,Jarrett Allen,CLE,Detroit Pistons @ Cleveland Cavaliers,DET,1,PA,COMBO,10.5,1.55,2.08,OVER,1.55,12.510245323181152,2.0102453231811523,2.0102453231811523,19.145193554106214,5.2838,PA,False,27.4950000762939,27.1575000762939,10.0,9.4,1.0,0,0,POTENTIAL_AST_FALTANTE
Jarrett Allen,1628386,Jarrett Allen,CLE,Detroit Pistons @ Cleveland Cavaliers,DET,1,PA,COMBO,12.5,1.92,1.66,OVER,1.92,12.510245323181152,0.010245323181152344,0.010245323181152344,0.08196258544921875,5.2838,PA,False,27.4950000762939,27.1575000762939,10.0,9.4,1.0,0,0,POTENTIAL_AST_FALTANTE
Jarrett Allen,1628386,Jarrett Allen,CLE,Detroit Pistons @ Cleveland Cavaliers,DET,1,PA,COMBO,13.5,2.09,1.55,UNDER,1.55,12.510245323181152,-0.9897546768188477,0.9897546768188477,7.331516124584057,5.2838,PA,False,27.4950000762939,27.1575000762939,10.0,9.4,1.0,0,0,POTENTIAL_AST_FALTANTE
Jarrett Allen,1628386,Jarrett Allen,CLE,Detroit Pistons @ Cleveland Cavaliers,DET,1,PA,COMBO,11.5,1.74,1.94,OVER,1.74,12.510245323181152,1.0102453231811523,1.0102453231811523,8.784741940705674,5.2838,PA,False,27.4950000762939,27.1575000762939,10.0,9.4,1.0,0,0,POTENTIAL_AST_FALTANTE
Jarrett Allen,1628386,Jarrett Allen,CLE,Detroit Pistons @ Cleveland Cavaliers,DET,1,PR,COMBO,19.5,2.01,1.59,OVER,2.01,21.58083152770996,2.080831527709961,2.080831527709961,10.670930911333134,5.7314,PR,False,27.4950000762939,27.1575000762939,10.0,9.4,1.0,0,0,POTENTIAL_AST_FALTANTE
Jarrett Allen,1628386,Jarrett Allen,CLE,Detroit Pistons @ Cleveland Cavaliers,DET,1,PR,COMBO,16.5,1.54,2.1,OVER,1.54,21.58083152770996,5.080831527709961,5.080831527709961,30.792918349757336,5.7314,PR,True,27.4950000762939,27.1575000762939,10.0,9.4,1.0,0,0,POTENTIAL_AST_FALTANTE
Jarrett Allen,1628386,Jarrett Allen,CLE,Detroit Pistons @ Cleveland Cavaliers,DET,1,PR,COMBO,17.5,1.68,1.88,OVER,1.68,21.58083152770996,4.080831527709961,4.080831527709961,23.319037301199778,5.7314,PR,True,27.4950000762939,27.1575000762939,10.0,9.4,1.0,0,0,POTENTIAL_AST_FALTANTE
Jarrett Allen,1628386,Jarrett Allen,CLE,Detroit Pistons @ Cleveland Cavaliers,DET,1,PR,COMBO,20.5,2.15,1.51,OVER,2.15,21.58083152770996,1.080831527709961,1.080831527709961,5.272348915658346,5.7314,PR,False,27.4950000762939,27.1575000762939,10.0,9.4,1.0,0,0,POTENTIAL_AST_FALTANTE
Jarrett Allen,1628386,Jarrett Allen,CLE,Detroit Pistons @ Cleveland Cavaliers,DET,1,PR,COMBO,18.5,1.91,1.76,OVER,1.91,21.58083152770996,3.080831527709961,3.080831527709961,16.653143393026816,5.7314,PR,True,27.4950000762939,27.1575000762939,10.0,9.4,1.0,0,0,POTENTIAL_AST_FALTANTE
Jarrett Allen,1628386,Jarrett Allen,CLE,Detroit Pistons @ Cleveland Cavaliers,DET,1,RA,COMBO,7.5,1.6,2.0,OVER,1.6,11.352249145507812,3.8522491455078125,3.8522491455078125,51.363321940104164,2.6976,RA,True,27.4950000762939,27.1575000762939,10.0,9.4,1.0,0,0,POTENTIAL_AST_FALTANTE
Jarrett Allen,1628386,Jarrett Allen,CLE,Detroit Pistons @ Cleveland Cavaliers,DET,1,RA,COMBO,8.5,2.01,1.69,OVER,2.01,11.352249145507812,2.8522491455078125,2.8522491455078125,33.55587230009191,2.6976,RA,True,27.4950000762939,27.1575000762939,10.0,9.4,1.0,0,0,POTENTIAL_AST_FALTANTE
Jarrett Allen,1628386,Jarrett Allen,CLE,Detroit Pistons @ Cleveland Cavaliers,DET,1,PRA,COMBO,16.5,1.45,2.29,OVER,1.45,22.955528259277344,6.455528259277344,6.455528259277344,39.12441369258996,6.1893,PRA,True,27.4950000762939,27.1575000762939,10.0,9.4,1.0,0,0,POTENTIAL_AST_FALTANTE
Jarrett Allen,1628386,Jarrett Allen,CLE,Detroit Pistons @ Cleveland Cavaliers,DET,1,PRA,COMBO,17.5,1.54,2.1,OVER,1.54,22.955528259277344,5.455528259277344,5.455528259277344,31.174447195870535,6.1893,PRA,True,27.4950000762939,27.1575000762939,10.0,9.4,1.0,0,0,POTENTIAL_AST_FALTANTE
Jarrett Allen,1628386,Jarrett Allen,CLE,Detroit Pistons @ Cleveland Cavaliers,DET,1,PRA,COMBO,18.5,1.68,1.89,OVER,1.68,22.955528259277344,4.455528259277344,4.455528259277344,24.08393653663429,6.1893,PRA,True,27.4950000762939,27.1575000762939,10.0,9.4,1.0,0,0,POTENTIAL_AST_FALTANTE
Jarrett Allen,1628386,Jarrett Allen,CLE,Detroit Pistons @ Cleveland Cavaliers,DET,1,PRA,COMBO,23.5,2.68,1.33,UNDER,1.33,22.955528259277344,-0.5444717407226562,0.5444717407226562,2.3169010243517287,6.1893,PRA,False,27.4950000762939,27.1575000762939,10.0,9.4,1.0,0,0,POTENTIAL_AST_FALTANTE
Jarrett Allen,1628386,Jarrett Allen,CLE,Detroit Pistons @ Cleveland Cavaliers,DET,1,PRA,COMBO,15.5,1.35,2.59,OVER,1.35,22.955528259277344,7.455528259277344,7.455528259277344,48.100182317918346,6.1893,PRA,True,27.4950000762939,27.1575000762939,10.0,9.4,1.0,0,0,POTENTIAL_AST_FALTANTE
Jarrett Allen,1628386,Jarrett Allen,CLE,Detroit Pistons @ Cleveland Cavaliers,DET,1,PRA,COMBO,20.5,1.99,1.6,OVER,1.99,22.955528259277344,2.4555282592773438,2.4555282592773438,11.978186630621188,6.1893,PRA,False,27.4950000762939,27.1575000762939,10.0,9.4,1.0,0,0,POTENTIAL_AST_FALTANTE
Jarrett Allen,1628386,Jarrett Allen,CLE,Detroit Pistons @ Cleveland Cavaliers,DET,1,PRA,COMBO,21.5,2.13,1.53,OVER,2.13,22.955528259277344,1.4555282592773438,1.4555282592773438,6.769898880359738,6.1893,PRA,False,27.4950000762939,27.1575000762939,10.0,9.4,1.0,0,0,POTENTIAL_AST_FALTANTE
Jarrett Allen,1628386,Jarrett Allen,CLE,Detroit Pistons @ Cleveland Cavaliers,DET,1,PRA,COMBO,22.5,2.38,1.42,OVER,2.38,22.955528259277344,0.45552825927734375,0.45552825927734375,2.024570041232639,6.1893,PRA,False,27.4950000762939,27.1575000762939,10.0,9.4,1.0,0,0,POTENTIAL_AST_FALTANTE
Jarrett Allen,1628386,Jarrett Allen,CLE,Detroit Pistons @ Cleveland Cavaliers,DET,1,PRA,COMBO,19.5,1.89,1.78,OVER,1.89,22.955528259277344,3.4555282592773438,3.4555282592773438,17.720657739883812,6.1893,PRA,True,27.4950000762939,27.1575000762939,10.0,9.4,1.0,0,0,POTENTIAL_AST_FALTANTE
Jarrett Allen,1628386,Jarrett Allen,CLE,Detroit Pistons @ Cleveland Cavaliers,DET,1,PTS,SINGLE,9.5,1.54,2.1,OVER,1.54,12.178495407104492,2.678495407104492,2.678495407104492,28.19468849583676,4.8341,PTS,True,27.4950000762939,27.1575000762939,10.0,9.4,1.0,0,0,POTENTIAL_AST_FALTANTE
Jarrett Allen,1628386,Jarrett Allen,CLE,Detroit Pistons @ Cleveland Cavaliers,DET,1,PTS,SINGLE,11.5,1.92,1.65,OVER,1.92,12.178495407104492,0.6784954071044922,0.6784954071044922,5.899960061778193,4.8341,PTS,False,27.4950000762939,27.1575000762939,10.0,9.4,1.0,0,0,POTENTIAL_AST_FALTANTE
Jarrett Allen,1628386,Jarrett Allen,CLE,Detroit Pistons @ Cleveland Cavaliers,DET,1,PTS,SINGLE,12.5,2.16,1.51,UNDER,1.51,12.178495407104492,-0.3215045928955078,0.3215045928955078,2.5720367431640625,4.8341,PTS,False,27.4950000762939,27.1575000762939,10.0,9.4,1.0,0,0,POTENTIAL_AST_FALTANTE
Jarrett Allen,1628386,Jarrett Allen,CLE,Detroit Pistons @ Cleveland Cavaliers,DET,1,PTS,SINGLE,13.5,2.47,1.39,UNDER,1.39,12.178495407104492,-1.3215045928955078,1.3215045928955078,9.788922910337094,4.8341,PTS,False,27.4950000762939,27.1575000762939,10.0,9.4,1.0,0,0,POTENTIAL_AST_FALTANTE
Jarrett Allen,1628386,Jarrett Allen,CLE,Detroit Pistons @ Cleveland Cavaliers,DET,1,PTS,SINGLE,14.5,2.91,1.28,UNDER,1.28,12.178495407104492,-2.321504592895508,2.321504592895508,16.01037650272764,4.8341,PTS,False,27.4950000762939,27.1575000762939,10.0,9.4,1.0,0,0,POTENTIAL_AST_FALTANTE
Jarrett Allen,1628386,Jarrett Allen,CLE,Detroit Pistons @ Cleveland Cavaliers,DET,1,PTS,SINGLE,8.5,1.41,2.41,OVER,1.41,12.178495407104492,3.678495407104492,3.678495407104492,43.276416554170495,4.8341,PTS,True,27.4950000762939,27.1575000762939,10.0,9.4,1.0,0,0,POTENTIAL_AST_FALTANTE
Jarrett Allen,1628386,Jarrett Allen,CLE,Detroit Pistons @ Cleveland Cavaliers,DET,1,PTS,SINGLE,10.5,1.76,1.92,OVER,1.76,12.178495407104492,1.6784954071044922,1.6784954071044922,15.985670543852306,4.8341,PTS,False,27.4950000762939,27.1575000762939,10.0,9.4,1.0,0,0,POTENTIAL_AST_FALTANTE
Jarrett Allen,1628386,Jarrett Allen,CLE,Detroit Pistons @ Cleveland Cavaliers,DET,1,AST,SINGLE,1.5,2.66,1.33,OVER,2.66,1.5325218439102173,0.032521843910217285,0.032521843910217285,2.1681229273478193,1.4546,AST_FALLBACK,False,27.4950000762939,27.1575000762939,10.0,9.4,1.0,0,0,POTENTIAL_AST_FALTANTE
Jarrett Allen,1628386,Jarrett Allen,CLE,Detroit Pistons @ Cleveland Cavaliers,DET,1,AST,SINGLE,0.5,1.45,2.5,OVER,1.45,1.5325218439102173,1.0325218439102173,1.0325218439102173,206.50436878204346,1.4546,AST_FALLBACK,True,27.4950000762939,27.1575000762939,10.0,9.4,1.0,0,0,POTENTIAL_AST_FALTANTE
Jarrett Allen,1628386,Jarrett Allen,CLE,Detroit Pistons @ Cleveland Cavaliers,DET,1,Q1_PTS,Q1,3.5,1.91,1.66,UNDER,1.66,3.310072898864746,-0.1899271011352539,0.1899271011352539,5.426488603864398,2.087,Q1_PTS,False,27.4950000762939,27.1575000762939,10.0,9.4,1.0,0,0,POTENTIAL_AST_FALTANTE
Jarrett Allen,1628386,Jarrett Allen,CLE,Detroit Pistons @ Cleveland Cavaliers,DET,1,Q1_PTS,Q1,2.5,1.82,1.85,OVER,1.82,3.310072898864746,0.8100728988647461,0.8100728988647461,32.402915954589844,2.087,Q1_PTS,False,27.4950000762939,27.1575000762939,10.0,9.4,1.0,0,0,POTENTIAL_AST_FALTANTE
Jarrett Allen,1628386,Jarrett Allen,CLE,Detroit Pistons @ Cleveland Cavaliers,DET,1,Q1_REB,Q1,1.5,1.61,2.13,OVER,1.61,2.3723387718200684,0.8723387718200684,0.8723387718200684,58.15591812133789,0.9236,Q1_REB,True,27.4950000762939,27.1575000762939,10.0,9.4,1.0,0,0,POTENTIAL_AST_FALTANTE
Jarrett Allen,1628386,Jarrett Allen,CLE,Detroit Pistons @ Cleveland Cavaliers,DET,1,FTM,SINGLE,2.5,2.12,1.62,UNDER,1.62,2.3146445751190186,-0.18535542488098145,0.18535542488098145,7.414216995239258,1.4962,FTM,False,27.4950000762939,27.1575000762939,10.0,9.4,1.0,0,0,POTENTIAL_AST_FALTANTE
Jarrett Allen,1628386,Jarrett Allen,CLE,Detroit Pistons @ Cleveland Cavaliers,DET,1,FTA,SINGLE,3.5,1.75,1.93,OVER,1.75,3.6450421810150146,0.14504218101501465,0.14504218101501465,4.144062314714704,1.8012,FTA,False,27.4950000762939,27.1575000762939,10.0,9.4,1.0,0,0,POTENTIAL_AST_FALTANTE
Jarrett Allen,1628386,Jarrett Allen,CLE,Detroit Pistons @ Cleveland Cavaliers,DET,1,FGM,SINGLE,4.5,2.05,1.66,OVER,2.05,5.0954203605651855,0.5954203605651855,0.5954203605651855,13.231563568115234,1.8635,FGM,False,27.4950000762939,27.1575000762939,10.0,9.4,1.0,0,0,POTENTIAL_AST_FALTANTE
Jarrett Allen,1628386,Jarrett Allen,CLE,Detroit Pistons @ Cleveland Cavaliers,DET,1,FGA,SINGLE,7.5,1.81,1.86,UNDER,1.86,7.1472649574279785,-0.3527350425720215,0.3527350425720215,4.703133900960286,2.8767,FGA,False,27.4950000762939,27.1575000762939,10.0,9.4,1.0,0,0,POTENTIAL_AST_FALTANTE
Jarrett Allen,1628386,Jarrett Allen,CLE,Detroit Pistons @ Cleveland Cavaliers,DET,1,REB,SINGLE,7.5,2.04,1.67,OVER,2.04,9.022682189941406,1.5226821899414062,1.5226821899414062,20.30242919921875,1.9667,REB,True,27.4950000762939,27.1575000762939,10.0,9.4,1.0,0,0,POTENTIAL_AST_FALTANTE
Jarrett Allen,1628386,Jarrett Allen,CLE,Detroit Pistons @ Cleveland Cavaliers,DET,1,REB,SINGLE,8.5,2.4,1.41,OVER,2.4,9.022682189941406,0.5226821899414062,0.5226821899414062,6.14920223460478,1.9667,REB,False,27.4950000762939,27.1575000762939,10.0,9.4,1.0,0,0,POTENTIAL_AST_FALTANTE
Isaiah Hartenstein,1628392,Isaiah Hartenstein,OKC,Oklahoma City Thunder @ Los Angeles Lakers,LAL,0,PR,COMBO,14.5,1.5,2.17,OVER,1.5,17.720401763916016,3.2204017639160156,3.2204017639160156,22.20966733735183,5.7314,PR,True,23.8033336639404,21.2116669654846,10.4,8.4,2.4,0,0,TRACKING_FALTANTE_TOTAL
Isaiah Hartenstein,1628392,Isaiah Hartenstein,OKC,Oklahoma City Thunder @ Los Angeles Lakers,LAL,0,PR,COMBO,15.5,1.61,1.99,OVER,1.61,17.720401763916016,2.2204017639160156,2.2204017639160156,14.325172670425907,5.7314,PR,False,23.8033336639404,21.2116669654846,10.4,8.4,2.4,0,0,TRACKING_FALTANTE_TOTAL
Isaiah Hartenstein,1628392,Isaiah Hartenstein,OKC,Oklahoma City Thunder @ Los Angeles Lakers,LAL,0,PR,COMBO,18.5,2.07,1.56,UNDER,1.56,17.720401763916016,-0.7795982360839844,0.7795982360839844,4.214044519372888,5.7314,PR,False,23.8033336639404,21.2116669654846,10.4,8.4,2.4,0,0,TRACKING_FALTANTE_TOTAL
Isaiah Hartenstein,1628392,Isaiah Hartenstein,OKC,Oklahoma City Thunder @ Los Angeles Lakers,LAL,0,PR,COMBO,17.5,1.93,1.65,OVER,1.93,17.720401763916016,0.22040176391601562,0.22040176391601562,1.2594386509486606,5.7314,PR,False,23.8033336639404,21.2116669654846,10.4,8.4,2.4,0,0,TRACKING_FALTANTE_TOTAL
Isaiah Hartenstein,1628392,Isaiah Hartenstein,OKC,Oklahoma City Thunder @ Los Angeles Lakers,LAL,0,RA,COMBO,11.5,1.81,1.87,OVER,1.81,11.785386085510254,0.2853860855102539,0.2853860855102539,2.481618134871773,2.6976,RA,False,23.8033336639404,21.2116669654846,10.4,8.4,2.4,0,0,TRACKING_FALTANTE_TOTAL
Isaiah Hartenstein,1628392,Isaiah Hartenstein,OKC,Oklahoma City Thunder @ Los Angeles Lakers,LAL,0,RA,COMBO,10.5,1.54,2.11,OVER,1.54,11.785386085510254,1.285386085510254,1.285386085510254,12.241772242954799,2.6976,RA,False,23.8033336639404,21.2116669654846,10.4,8.4,2.4,0,0,TRACKING_FALTANTE_TOTAL
Isaiah Hartenstein,1628392,Isaiah Hartenstein,OKC,Oklahoma City Thunder @ Los Angeles Lakers,LAL,0,RA,COMBO,12.5,2.06,1.56,UNDER,1.56,11.785386085510254,-0.7146139144897461,0.7146139144897461,5.716911315917969,2.6976,RA,False,23.8033336639404,21.2116669654846,10.4,8.4,2.4,0,0,TRACKING_FALTANTE_TOTAL
Isaiah Hartenstein,1628392,Isaiah Hartenstein,OKC,Oklahoma City Thunder @ Los Angeles Lakers,LAL,0,PRA,COMBO,17.5,1.53,2.13,OVER,1.53,20.759761810302734,3.2597618103027344,3.2597618103027344,18.627210344587052,6.1893,PRA,True,23.8033336639404,21.2116669654846,10.4,8.4,2.4,0,0,TRACKING_FALTANTE_TOTAL
Isaiah Hartenstein,1628392,Isaiah Hartenstein,OKC,Oklahoma City Thunder @ Los Angeles Lakers,LAL,0,PRA,COMBO,19.5,1.79,1.88,OVER,1.79,20.759761810302734,1.2597618103027344,1.2597618103027344,6.460316975911458,6.1893,PRA,False,23.8033336639404,21.2116669654846,10.4,8.4,2.4,0,0,TRACKING_FALTANTE_TOTAL
Isaiah Hartenstein,1628392,Isaiah Hartenstein,OKC,Oklahoma City Thunder @ Los Angeles Lakers,LAL,0,PRA,COMBO,18.5,1.6,1.99,OVER,1.6,20.759761810302734,2.2597618103027344,2.2597618103027344,12.214928704339105,6.1893,PRA,False,23.8033336639404,21.2116669654846,10.4,8.4,2.4,0,0,TRACKING_FALTANTE_TOTAL
Isaiah Hartenstein,1628392,Isaiah Hartenstein,OKC,Oklahoma City Thunder @ Los Angeles Lakers,LAL,0,PRA,COMBO,20.5,1.92,1.66,OVER,1.92,20.759761810302734,0.2597618103027344,0.2597618103027344,1.2671307819645579,6.1893,PRA,False,23.8033336639404,21.2116669654846,10.4,8.4,2.4,0,0,TRACKING_FALTANTE_TOTAL
Isaiah Hartenstein,1628392,Isaiah Hartenstein,OKC,Oklahoma City Thunder @ Los Angeles Lakers,LAL,0,PRA,COMBO,21.5,2.1,1.54,UNDER,1.54,20.759761810302734,-0.7402381896972656,0.7402381896972656,3.442968324173328,6.1893,PRA,False,23.8033336639404,21.2116669654846,10.4,8.4,2.4,0,0,TRACKING_FALTANTE_TOTAL
Isaiah Hartenstein,1628392,Isaiah Hartenstein,OKC,Oklahoma City Thunder @ Los Angeles Lakers,LAL,0,PRA,COMBO,22.5,2.24,1.47,UNDER,1.47,20.759761810302734,-1.7402381896972656,1.7402381896972656,7.73439195421007,6.1893,PRA,False,23.8033336639404,21.2116669654846,10.4,8.4,2.4,0,0,TRACKING_FALTANTE_TOTAL
Isaiah Hartenstein,1628392,Isaiah Hartenstein,OKC,Oklahoma City Thunder @ Los Angeles Lakers,LAL,0,PRA,COMBO,23.5,2.52,1.37,UNDER,1.37,20.759761810302734,-2.7402381896972656,2.7402381896972656,11.66058804126496,6.1893,PRA,False,23.8033336639404,21.2116669654846,10.4,8.4,2.4,0,0,TRACKING_FALTANTE_TOTAL
Isaiah Hartenstein,1628392,Isaiah Hartenstein,OKC,Oklahoma City Thunder @ Los Angeles Lakers,LAL,0,PRA,COMBO,15.5,1.32,2.7,OVER,1.32,20.759761810302734,5.259761810302734,5.259761810302734,33.93394716324345,6.1893,PRA,True,23.8033336639404,21.2116669654846,10.4,8.4,2.4,0,0,TRACKING_FALTANTE_TOTAL
Isaiah Hartenstein,1628392,Isaiah Hartenstein,OKC,Oklahoma City Thunder @ Los Angeles Lakers,LAL,0,PRA,COMBO,16.5,1.41,2.4,OVER,1.41,20.759761810302734,4.259761810302734,4.259761810302734,25.816738244258996,6.1893,PRA,True,23.8033336639404,21.2116669654846,10.4,8.4,2.4,0,0,TRACKING_FALTANTE_TOTAL
Isaiah Hartenstein,1628392,Isaiah Hartenstein,OKC,Oklahoma City Thunder @ Los Angeles Lakers,LAL,0,FTM,SINGLE,1.5,2.01,1.68,OVER,2.01,1.54007089138031,0.04007089138031006,0.04007089138031006,2.671392758687337,1.4962,FTM,False,23.8033336639404,21.2116669654846,10.4,8.4,2.4,0,0,TRACKING_FALTANTE_TOTAL
Isaiah Hartenstein,1628392,Isaiah Hartenstein,OKC,Oklahoma City Thunder @ Los Angeles Lakers,LAL,0,FGA,SINGLE,5.5,1.92,1.76,OVER,1.92,5.527018070220947,0.027018070220947266,0.027018070220947266,0.4912376403808594,2.8767,FGA,False,23.8033336639404,21.2116669654846,10.4,8.4,2.4,0,0,TRACKING_FALTANTE_TOTAL
Isaiah Hartenstein,1628392,Isaiah Hartenstein,OKC,Oklahoma City Thunder @ Los Angeles Lakers,LAL,0,REB,SINGLE,10.5,2.61,1.35,UNDER,1.35,8.584692001342773,-1.9153079986572266,1.9153079986572266,18.241028558640256,1.9667,REB,True,23.8033336639404,21.2116669654846,10.4,8.4,2.4,0,0,TRACKING_FALTANTE_TOTAL
Isaiah Hartenstein,1628392,Isaiah Hartenstein,OKC,Oklahoma City Thunder @ Los Angeles Lakers,LAL,0,REB,SINGLE,8.5,1.83,1.84,OVER,1.83,8.584692001342773,0.08469200134277344,0.08469200134277344,0.9963764863855699,1.9667,REB,False,23.8033336639404,21.2116669654846,10.4,8.4,2.4,0,0,TRACKING_FALTANTE_TOTAL
Isaiah Hartenstein,1628392,Isaiah Hartenstein,OKC,Oklahoma City Thunder @ Los Angeles Lakers,LAL,0,REB,SINGLE,6.5,1.32,2.71,OVER,1.32,8.584692001342773,2.0846920013427734,2.0846920013427734,32.072184636042664,1.9667,REB,True,23.8033336639404,21.2116669654846,10.4,8.4,2.4,0,0,TRACKING_FALTANTE_TOTAL
Isaiah Hartenstein,1628392,Isaiah Hartenstein,OKC,Oklahoma City Thunder @ Los Angeles Lakers,LAL,0,REB,SINGLE,7.5,1.54,2.11,OVER,1.54,8.584692001342773,1.0846920013427734,1.0846920013427734,14.462560017903645,1.9667,REB,True,23.8033336639404,21.2116669654846,10.4,8.4,2.4,0,0,TRACKING_FALTANTE_TOTAL
Isaiah Hartenstein,1628392,Isaiah Hartenstein,OKC,Oklahoma City Thunder @ Los Angeles Lakers,LAL,0,REB,SINGLE,9.5,2.08,1.55,UNDER,1.55,8.584692001342773,-0.9153079986572266,0.9153079986572266,9.63482103849712,1.9667,REB,False,23.8033336639404,21.2116669654846,10.4,8.4,2.4,0,0,TRACKING_FALTANTE_TOTAL
Isaiah Hartenstein,1628392,Isaiah Hartenstein,OKC,Oklahoma City Thunder @ Los Angeles Lakers,LAL,0,PTS,SINGLE,7.5,1.7,1.99,OVER,1.7,8.608304977416992,1.1083049774169922,1.1083049774169922,14.777399698893229,4.8341,PTS,False,23.8033336639404,21.2116669654846,10.4,8.4,2.4,0,0,TRACKING_FALTANTE_TOTAL
Isaiah Hartenstein,1628392,Isaiah Hartenstein,OKC,Oklahoma City Thunder @ Los Angeles Lakers,LAL,0,PTS,SINGLE,5.5,1.32,2.71,OVER,1.32,8.608304977416992,3.108304977416992,3.108304977416992,56.51463595303622,4.8341,PTS,True,23.8033336639404,21.2116669654846,10.4,8.4,2.4,0,0,TRACKING_FALTANTE_TOTAL
Isaiah Hartenstein,1628392,Isaiah Hartenstein,OKC,Oklahoma City Thunder @ Los Angeles Lakers,LAL,0,PTS,SINGLE,6.5,1.55,2.08,OVER,1.55,8.608304977416992,2.108304977416992,2.108304977416992,32.435461191030655,4.8341,PTS,False,23.8033336639404,21.2116669654846,10.4,8.4,2.4,0,0,TRACKING_FALTANTE_TOTAL
Isaiah Hartenstein,1628392,Isaiah Hartenstein,OKC,Oklahoma City Thunder @ Los Angeles Lakers,LAL,0,PTS,SINGLE,8.5,1.97,1.62,OVER,1.97,8.608304977416992,0.10830497741699219,0.10830497741699219,1.2741762049057903,4.8341,PTS,False,23.8033336639404,21.2116669654846,10.4,8.4,2.4,0,0,TRACKING_FALTANTE_TOTAL
Isaiah Hartenstein,1628392,Isaiah Hartenstein,OKC,Oklahoma City Thunder @ Los Angeles Lakers,LAL,0,PTS,SINGLE,9.5,2.17,1.51,UNDER,1.51,8.608304977416992,-0.8916950225830078,0.8916950225830078,9.386263395610609,4.8341,PTS,False,23.8033336639404,21.2116669654846,10.4,8.4,2.4,0,0,TRACKING_FALTANTE_TOTAL
Isaiah Hartenstein,1628392,Isaiah Hartenstein,OKC,Oklahoma City Thunder @ Los Angeles Lakers,LAL,0,PTS,SINGLE,10.5,2.67,1.33,UNDER,1.33,8.608304977416992,-1.8916950225830078,1.8916950225830078,18.01614307221912,4.8341,PTS,False,23.8033336639404,21.2116669654846,10.4,8.4,2.4,0,0,TRACKING_FALTANTE_TOTAL
Isaiah Hartenstein,1628392,Isaiah Hartenstein,OKC,Oklahoma City Thunder @ Los Angeles Lakers,LAL,0,AST,SINGLE,3.5,2.25,1.47,UNDER,1.47,2.4357192516326904,-1.0642807483673096,1.0642807483673096,30.408021381923128,1.4546,AST_FALLBACK,True,23.8033336639404,21.2116669654846,10.4,8.4,2.4,0,0,TRACKING_FALTANTE_TOTAL
Isaiah Hartenstein,1628392,Isaiah Hartenstein,OKC,Oklahoma City Thunder @ Los Angeles Lakers,LAL,0,AST,SINGLE,2.5,1.64,2.09,UNDER,2.09,2.4357192516326904,-0.06428074836730957,0.06428074836730957,2.571229934692383,1.4546,AST_FALLBACK,False,23.8033336639404,21.2116669654846,10.4,8.4,2.4,0,0,TRACKING_FALTANTE_TOTAL
Isaiah Hartenstein,1628392,Isaiah Hartenstein,OKC,Oklahoma City Thunder @ Los Angeles Lakers,LAL,0,Q1_AST,Q1,0.5,1.9,1.77,OVER,1.9,0.6164164543151855,0.11641645431518555,0.11641645431518555,23.28329086303711,0.7063,Q1_AST,False,23.8033336639404,21.2116669654846,10.4,8.4,2.4,0,0,TRACKING_FALTANTE_TOTAL
Isaiah Hartenstein,1628392,Isaiah Hartenstein,OKC,Oklahoma City Thunder @ Los Angeles Lakers,LAL,0,Q1_REB,Q1,2.5,2.29,1.53,UNDER,1.53,2.2391135692596436,-0.26088643074035645,0.26088643074035645,10.435457229614258,0.9236,Q1_REB,False,23.8033336639404,21.2116669654846,10.4,8.4,2.4,0,0,TRACKING_FALTANTE_TOTAL
Isaiah Hartenstein,1628392,Isaiah Hartenstein,OKC,Oklahoma City Thunder @ Los Angeles Lakers,LAL,0,Q1_REB,Q1,1.5,1.51,2.15,OVER,1.51,2.2391135692596436,0.7391135692596436,0.7391135692596436,49.2742379506429,0.9236,Q1_REB,True,23.8033336639404,21.2116669654846,10.4,8.4,2.4,0,0,TRACKING_FALTANTE_TOTAL
Isaiah Hartenstein,1628392,Isaiah Hartenstein,OKC,Oklahoma City Thunder @ Los Angeles Lakers,LAL,0,FGM,SINGLE,3.5,2.1,1.63,OVER,2.1,3.7304775714874268,0.23047757148742676,0.23047757148742676,6.585073471069336,1.8635,FGM,False,23.8033336639404,21.2116669654846,10.4,8.4,2.4,0,0,TRACKING_FALTANTE_TOTAL
Isaiah Hartenstein,1628392,Isaiah Hartenstein,OKC,Oklahoma City Thunder @ Los Angeles Lakers,LAL,0,PA,COMBO,10.5,1.74,1.95,OVER,1.74,11.353832244873047,0.8538322448730469,0.8538322448730469,8.131735665457589,5.2838,PA,False,23.8033336639404,21.2116669654846,10.4,8.4,2.4,0,0,TRACKING_FALTANTE_TOTAL
Isaiah Hartenstein,1628392,Isaiah Hartenstein,OKC,Oklahoma City Thunder @ Los Angeles Lakers,LAL,0,PA,COMBO,11.5,1.92,1.65,UNDER,1.65,11.353832244873047,-0.14616775512695312,0.14616775512695312,1.2710239576256794,5.2838,PA,False,23.8033336639404,21.2116669654846,10.4,8.4,2.4,0,0,TRACKING_FALTANTE_TOTAL
Isaiah Hartenstein,1628392,Isaiah Hartenstein,OKC,Oklahoma City Thunder @ Los Angeles Lakers,LAL,0,PA,COMBO,9.5,1.55,2.08,OVER,1.55,11.353832244873047,1.8538322448730469,1.8538322448730469,19.5140236302426,5.2838,PA,False,23.8033336639404,21.2116669654846,10.4,8.4,2.4,0,0,TRACKING_FALTANTE_TOTAL
Isaiah Hartenstein,1628392,Isaiah Hartenstein,OKC,Oklahoma City Thunder @ Los Angeles Lakers,LAL,0,PA,COMBO,12.5,2.11,1.53,UNDER,1.53,11.353832244873047,-1.1461677551269531,1.1461677551269531,9.169342041015625,5.2838,PA,False,23.8033336639404,21.2116669654846,10.4,8.4,2.4,0,0,TRACKING_FALTANTE_TOTAL
Isaiah Hartenstein,1628392,Isaiah Hartenstein,OKC,Oklahoma City Thunder @ Los Angeles Lakers,LAL,0,PR,COMBO,16.5,1.82,1.85,OVER,1.82,17.720401763916016,1.2204017639160156,1.2204017639160156,7.396374326763731,5.7314,PR,False,23.8033336639404,21.2116669654846,10.4,8.4,2.4,0,0,TRACKING_FALTANTE_TOTAL
Luke Kornet,1628436,Luke Kornet,SAS,Minnesota Timberwolves @ San Antonio Spurs,MIN,1,PTS,SINGLE,3.5,1.74,1.95,OVER,1.74,7.20500373840332,3.7050037384033203,3.7050037384033203,105.8572496686663,4.8341,PTS,True,15.3439998626709,18.5519999504089,5.4,4.8,1.2,0,0,TRACKING_FALTANTE_TOTAL
Luke Kornet,1628436,Luke Kornet,SAS,Minnesota Timberwolves @ San Antonio Spurs,MIN,1,PTS,SINGLE,2.5,1.6,2.01,OVER,1.6,7.20500373840332,4.70500373840332,4.70500373840332,188.2001495361328,4.8341,PTS,True,15.3439998626709,18.5519999504089,5.4,4.8,1.2,0,0,TRACKING_FALTANTE_TOTAL
Luke Kornet,1628436,Luke Kornet,SAS,Minnesota Timberwolves @ San Antonio Spurs,MIN,1,PTS,SINGLE,5.5,2.56,1.36,OVER,2.56,7.20500373840332,1.7050037384033203,1.7050037384033203,31.000067970969457,4.8341,PTS,False,15.3439998626709,18.5519999504089,5.4,4.8,1.2,0,0,TRACKING_FALTANTE_TOTAL
Luke Kornet,1628436,Luke Kornet,SAS,Minnesota Timberwolves @ San Antonio Spurs,MIN,1,PTS,SINGLE,4.5,2.3,1.45,OVER,2.3,7.20500373840332,2.7050037384033203,2.7050037384033203,60.11119418674045,4.8341,PTS,True,15.3439998626709,18.5519999504089,5.4,4.8,1.2,0,0,TRACKING_FALTANTE_TOTAL
Luke Kornet,1628436,Luke Kornet,SAS,Minnesota Timberwolves @ San Antonio Spurs,MIN,1,AST,SINGLE,0.5,1.59,2.16,OVER,1.59,1.534975528717041,1.034975528717041,1.034975528717041,206.9951057434082,1.4546,AST_FALLBACK,True,15.3439998626709,18.5519999504089,5.4,4.8,1.2,0,0,TRACKING_FALTANTE_TOTAL
Luke Kornet,1628436,Luke Kornet,SAS,Minnesota Timberwolves @ San Antonio Spurs,MIN,1,Q1_PTS,Q1,1.5,2.06,1.56,OVER,2.06,1.729371190071106,0.22937119007110596,0.22937119007110596,15.291412671407064,2.087,Q1_PTS,False,15.3439998626709,18.5519999504089,5.4,4.8,1.2,0,0,TRACKING_FALTANTE_TOTAL
Luke Kornet,1628436,Luke Kornet,SAS,Minnesota Timberwolves @ San Antonio Spurs,MIN,1,Q1_PTS,Q1,0.5,2.06,1.65,OVER,2.06,1.729371190071106,1.229371190071106,1.229371190071106,245.8742380142212,2.087,Q1_PTS,True,15.3439998626709,18.5519999504089,5.4,4.8,1.2,0,0,TRACKING_FALTANTE_TOTAL
Luke Kornet,1628436,Luke Kornet,SAS,Minnesota Timberwolves @ San Antonio Spurs,MIN,1,FGM,SINGLE,1.5,2.02,1.68,OVER,2.02,2.855126142501831,1.355126142501831,1.355126142501831,90.34174283345541,1.8635,FGM,True,15.3439998626709,18.5519999504089,5.4,4.8,1.2,0,0,TRACKING_FALTANTE_TOTAL
Luke Kornet,1628436,Luke Kornet,SAS,Minnesota Timberwolves @ San Antonio Spurs,MIN,1,FGA,SINGLE,2.5,2.01,1.69,OVER,2.01,5.459527492523193,2.9595274925231934,2.9595274925231934,118.38109970092773,2.8767,FGA,True,15.3439998626709,18.5519999504089,5.4,4.8,1.2,0,0,TRACKING_FALTANTE_TOTAL
Luke Kornet,1628436,Luke Kornet,SAS,Minnesota Timberwolves @ San Antonio Spurs,MIN,1,REB,SINGLE,2.5,1.46,2.28,OVER,1.46,5.65897798538208,3.15897798538208,3.15897798538208,126.35911941528319,1.9667,REB,True,15.3439998626709,18.5519999504089,5.4,4.8,1.2,0,0,TRACKING_FALTANTE_TOTAL
Luke Kornet,1628436,Luke Kornet,SAS,Minnesota Timberwolves @ San Antonio Spurs,MIN,1,REB,SINGLE,3.5,1.87,1.8,OVER,1.87,5.65897798538208,2.15897798538208,2.15897798538208,61.68508529663086,1.9667,REB,True,15.3439998626709,18.5519999504089,5.4,4.8,1.2,0,0,TRACKING_FALTANTE_TOTAL
Luke Kornet,1628436,Luke Kornet,SAS,Minnesota Timberwolves @ San Antonio Spurs,MIN,1,REB,SINGLE,4.5,2.34,1.43,OVER,2.34,5.65897798538208,1.15897798538208,1.15897798538208,25.755066341824,1.9667,REB,True,15.3439998626709,18.5519999504089,5.4,4.8,1.2,0,0,TRACKING_FALTANTE_TOTAL
Luke Kornet,1628436,Luke Kornet,SAS,Minnesota Timberwolves @ San Antonio Spurs,MIN,1,PA,COMBO,4.5,1.9,1.77,OVER,1.9,8.954401016235352,4.454401016235352,4.454401016235352,98.98668924967447,5.2838,PA,True,15.3439998626709,18.5519999504089,5.4,4.8,1.2,0,0,TRACKING_FALTANTE_TOTAL
Luke Kornet,1628436,Luke Kornet,SAS,Minnesota Timberwolves @ San Antonio Spurs,MIN,1,PA,COMBO,3.5,1.55,2.09,OVER,1.55,8.954401016235352,5.454401016235352,5.454401016235352,155.84002903529577,5.2838,PA,True,15.3439998626709,18.5519999504089,5.4,4.8,1.2,0,0,TRACKING_FALTANTE_TOTAL
Luke Kornet,1628436,Luke Kornet,SAS,Minnesota Timberwolves @ San Antonio Spurs,MIN,1,PA,COMBO,5.5,2.13,1.53,OVER,2.13,8.954401016235352,3.4544010162353516,3.4544010162353516,62.80729120427912,5.2838,PA,True,15.3439998626709,18.5519999504089,5.4,4.8,1.2,0,0,TRACKING_FALTANTE_TOTAL
Luke Kornet,1628436,Luke Kornet,SAS,Minnesota Timberwolves @ San Antonio Spurs,MIN,1,PR,COMBO,7.5,1.97,1.71,OVER,1.97,13.27441692352295,5.774416923522949,5.774416923522949,76.99222564697266,5.7314,PR,True,15.3439998626709,18.5519999504089,5.4,4.8,1.2,0,0,TRACKING_FALTANTE_TOTAL
Luke Kornet,1628436,Luke Kornet,SAS,Minnesota Timberwolves @ San Antonio Spurs,MIN,1,PR,COMBO,8.5,2.1,1.54,OVER,2.1,13.27441692352295,4.774416923522949,4.774416923522949,56.16961086497587,5.7314,PR,True,15.3439998626709,18.5519999504089,5.4,4.8,1.2,0,0,TRACKING_FALTANTE_TOTAL
Luke Kornet,1628436,Luke Kornet,SAS,Minnesota Timberwolves @ San Antonio Spurs,MIN,1,PR,COMBO,5.5,1.5,2.18,OVER,1.5,13.27441692352295,7.774416923522949,7.774416923522949,141.35303497314453,5.7314,PR,True,15.3439998626709,18.5519999504089,5.4,4.8,1.2,0,0,TRACKING_FALTANTE_TOTAL
Luke Kornet,1628436,Luke Kornet,SAS,Minnesota Timberwolves @ San Antonio Spurs,MIN,1,PR,COMBO,6.5,1.66,1.92,OVER,1.66,13.27441692352295,6.774416923522949,6.774416923522949,104.22179882342999,5.7314,PR,True,15.3439998626709,18.5519999504089,5.4,4.8,1.2,0,0,TRACKING_FALTANTE_TOTAL
Luke Kornet,1628436,Luke Kornet,SAS,Minnesota Timberwolves @ San Antonio Spurs,MIN,1,RA,COMBO,3.5,1.53,2.13,OVER,1.53,7.270767688751221,3.7707676887512207,3.7707676887512207,107.73621967860632,2.6976,RA,True,15.3439998626709,18.5519999504089,5.4,4.8,1.2,0,0,TRACKING_FALTANTE_TOTAL
Luke Kornet,1628436,Luke Kornet,SAS,Minnesota Timberwolves @ San Antonio Spurs,MIN,1,RA,COMBO,4.5,1.92,1.76,OVER,1.92,7.270767688751221,2.7707676887512207,2.7707676887512207,61.57261530558268,2.6976,RA,True,15.3439998626709,18.5519999504089,5.4,4.8,1.2,0,0,TRACKING_FALTANTE_TOTAL
Luke Kornet,1628436,Luke Kornet,SAS,Minnesota Timberwolves @ San Antonio Spurs,MIN,1,PRA,COMBO,8.5,1.91,1.66,OVER,1.91,14.48970890045166,5.98970890045166,5.98970890045166,70.46716353472542,6.1893,PRA,True,15.3439998626709,18.5519999504089,5.4,4.8,1.2,0,0,TRACKING_FALTANTE_TOTAL
Luke Kornet,1628436,Luke Kornet,SAS,Minnesota Timberwolves @ San Antonio Spurs,MIN,1,PRA,COMBO,10.5,2.43,1.4,OVER,2.43,14.48970890045166,3.98970890045166,3.98970890045166,37.99722762334915,6.1893,PRA,True,15.3439998626709,18.5519999504089,5.4,4.8,1.2,0,0,TRACKING_FALTANTE_TOTAL
Luke Kornet,1628436,Luke Kornet,SAS,Minnesota Timberwolves @ San Antonio Spurs,MIN,1,PRA,COMBO,7.5,1.72,1.96,OVER,1.72,14.48970890045166,6.98970890045166,6.98970890045166,93.1961186726888,6.1893,PRA,True,15.3439998626709,18.5519999504089,5.4,4.8,1.2,0,0,TRACKING_FALTANTE_TOTAL
Luke Kornet,1628436,Luke Kornet,SAS,Minnesota Timberwolves @ San Antonio Spurs,MIN,1,PRA,COMBO,5.5,1.37,2.55,OVER,1.37,14.48970890045166,8.98970890045166,8.98970890045166,163.44925273548475,6.1893,PRA,True,15.3439998626709,18.5519999504089,5.4,4.8,1.2,0,0,TRACKING_FALTANTE_TOTAL
Luke Kornet,1628436,Luke Kornet,SAS,Minnesota Timberwolves @ San Antonio Spurs,MIN,1,PRA,COMBO,6.5,1.54,2.1,OVER,1.54,14.48970890045166,7.98970890045166,7.98970890045166,122.91859846848708,6.1893,PRA,True,15.3439998626709,18.5519999504089,5.4,4.8,1.2,0,0,TRACKING_FALTANTE_TOTAL
Luke Kornet,1628436,Luke Kornet,SAS,Minnesota Timberwolves @ San Antonio Spurs,MIN,1,PRA,COMBO,9.5,2.09,1.55,OVER,2.09,14.48970890045166,4.98970890045166,4.98970890045166,52.52325158370169,6.1893,PRA,True,15.3439998626709,18.5519999504089,5.4,4.8,1.2,0,0,TRACKING_FALTANTE_TOTAL
Shai Gilgeous-Alexander,1628983,Shai Gilgeous-Alexander,OKC,Oklahoma City Thunder @ Los Angeles Lakers,LAL,0,FTA,SINGLE,9.5,1.93,1.65,UNDER,1.65,7.0935869216918945,-2.4064130783081055,2.4064130783081055,25.330663982190583,1.8012,FTA,True,35.6333335876465,33.0366666793823,30.6,3.4,7.6,0,0,TRACKING_FALTANTE_TOTAL
Shai Gilgeous-Alexander,1628983,Shai Gilgeous-Alexander,OKC,Oklahoma City Thunder @ Los Angeles Lakers,LAL,0,FTA,SINGLE,8.5,1.72,1.96,UNDER,1.96,7.0935869216918945,-1.4064130783081055,1.4064130783081055,16.546036215389474,1.8012,FTA,True,35.6333335876465,33.0366666793823,30.6,3.4,7.6,0,0,TRACKING_FALTANTE_TOTAL
Shai Gilgeous-Alexander,1628983,Shai Gilgeous-Alexander,OKC,Oklahoma City Thunder @ Los Angeles Lakers,LAL,0,FTM,SINGLE,7.5,1.82,1.85,UNDER,1.85,6.065910816192627,-1.434089183807373,1.434089183807373,19.12118911743164,1.4962,FTM,True,35.6333335876465,33.0366666793823,30.6,3.4,7.6,0,0,TRACKING_FALTANTE_TOTAL
Shai Gilgeous-Alexander,1628983,Shai Gilgeous-Alexander,OKC,Oklahoma City Thunder @ Los Angeles Lakers,LAL,0,FGA,SINGLE,19.5,1.81,1.86,UNDER,1.86,17.87434196472168,-1.6256580352783203,1.6256580352783203,8.336707873222156,2.8767,FGA,True,35.6333335876465,33.0366666793823,30.6,3.4,7.6,0,0,TRACKING_FALTANTE_TOTAL
Shai Gilgeous-Alexander,1628983,Shai Gilgeous-Alexander,OKC,Oklahoma City Thunder @ Los Angeles Lakers,LAL,0,PR,COMBO,35.5,2.12,1.53,UNDER,1.53,32.55194091796875,-2.94805908203125,2.94805908203125,8.304391780369718,5.7314,PR,True,35.6333335876465,33.0366666793823,30.6,3.4,7.6,0,0,TRACKING_FALTANTE_TOTAL
Shai Gilgeous-Alexander,1628983,Shai Gilgeous-Alexander,OKC,Oklahoma City Thunder @ Los Angeles Lakers,LAL,0,PR,COMBO,33.5,1.86,1.81,UNDER,1.81,32.55194091796875,-0.94805908203125,0.94805908203125,2.8300271105410446,5.7314,PR,False,35.6333335876465,33.0366666793823,30.6,3.4,7.6,0,0,TRACKING_FALTANTE_TOTAL
Shai Gilgeous-Alexander,1628983,Shai Gilgeous-Alexander,OKC,Oklahoma City Thunder @ Los Angeles Lakers,LAL,0,PR,COMBO,30.5,1.51,2.16,OVER,1.51,32.55194091796875,2.05194091796875,2.05194091796875,6.727675140881148,5.7314,PR,False,35.6333335876465,33.0366666793823,30.6,3.4,7.6,0,0,TRACKING_FALTANTE_TOTAL
Shai Gilgeous-Alexander,1628983,Shai Gilgeous-Alexander,OKC,Oklahoma City Thunder @ Los Angeles Lakers,LAL,0,PR,COMBO,31.5,1.57,2.05,OVER,1.57,32.55194091796875,1.05194091796875,1.05194091796875,3.339494977678571,5.7314,PR,False,35.6333335876465,33.0366666793823,30.6,3.4,7.6,0,0,TRACKING_FALTANTE_TOTAL
Shai Gilgeous-Alexander,1628983,Shai Gilgeous-Alexander,OKC,Oklahoma City Thunder @ Los Angeles Lakers,LAL,0,PR,COMBO,32.5,1.67,1.9,OVER,1.67,32.55194091796875,0.05194091796875,0.05194091796875,0.1598182091346154,5.7314,PR,False,35.6333335876465,33.0366666793823,30.6,3.4,7.6,0,0,TRACKING_FALTANTE_TOTAL
Shai Gilgeous-Alexander,1628983,Shai Gilgeous-Alexander,OKC,Oklahoma City Thunder @ Los Angeles Lakers,LAL,0,PR,COMBO,34.5,1.93,1.65,UNDER,1.65,32.55194091796875,-1.94805908203125,1.94805908203125,5.646548063858696,5.7314,PR,False,35.6333335876465,33.0366666793823,30.6,3.4,7.6,0,0,TRACKING_FALTANTE_TOTAL
Shai Gilgeous-Alexander,1628983,Shai Gilgeous-Alexander,OKC,Oklahoma City Thunder @ Los Angeles Lakers,LAL,0,3PT,SINGLE,1.5,1.84,1.83,OVER,1.84,1.5890331268310547,0.08903312683105469,0.08903312683105469,5.935541788736979,0.9642,3PT,False,35.6333335876465,33.0366666793823,30.6,3.4,7.6,0,0,TRACKING_FALTANTE_TOTAL
Shai Gilgeous-Alexander,1628983,Shai Gilgeous-Alexander,OKC,Oklahoma City Thunder @ Los Angeles Lakers,LAL,0,FGM,SINGLE,9.5,1.72,1.96,UNDER,1.96,8.645185470581055,-0.8548145294189453,0.8548145294189453,8.99804767809416,1.8635,FGM,False,35.6333335876465,33.0366666793823,30.6,3.4,7.6,0,0,TRACKING_FALTANTE_TOTAL
Shai Gilgeous-Alexander,1628983,Shai Gilgeous-Alexander,OKC,Oklahoma City Thunder @ Los Angeles Lakers,LAL,0,RA,COMBO,11.5,2.0,1.69,UNDER,1.69,9.585481643676758,-1.9145183563232422,1.9145183563232422,16.64798570715863,2.6976,RA,True,35.6333335876465,33.0366666793823,30.6,3.4,7.6,0,0,TRACKING_FALTANTE_TOTAL
Shai Gilgeous-Alexander,1628983,Shai Gilgeous-Alexander,OKC,Oklahoma City Thunder @ Los Angeles Lakers,LAL,0,RA,COMBO,10.5,1.6,2.0,UNDER,2.0,9.585481643676758,-0.9145183563232422,0.9145183563232422,8.709698631649927,2.6976,RA,False,35.6333335876465,33.0366666793823,30.6,3.4,7.6,0,0,TRACKING_FALTANTE_TOTAL
Shai Gilgeous-Alexander,1628983,Shai Gilgeous-Alexander,OKC,Oklahoma City Thunder @ Los Angeles Lakers,LAL,0,Q1_PTS,Q1,8.5,1.92,1.75,UNDER,1.75,6.628362655639648,-1.8716373443603516,1.8716373443603516,22.019262874827668,2.087,Q1_PTS,True,35.6333335876465,33.0366666793823,30.6,3.4,7.6,0,0,TRACKING_FALTANTE_TOTAL
Shai Gilgeous-Alexander,1628983,Shai Gilgeous-Alexander,OKC,Oklahoma City Thunder @ Los Angeles Lakers,LAL,0,Q1_PTS,Q1,9.5,2.12,1.53,UNDER,1.53,6.628362655639648,-2.8716373443603516,2.8716373443603516,30.227761519582646,2.087,Q1_PTS,True,35.6333335876465,33.0366666793823,30.6,3.4,7.6,0,0,TRACKING_FALTANTE_TOTAL
Shai Gilgeous-Alexander,1628983,Shai Gilgeous-Alexander,OKC,Oklahoma City Thunder @ Los Angeles Lakers,LAL,0,Q1_PTS,Q1,7.5,1.59,2.02,UNDER,2.02,6.628362655639648,-0.8716373443603516,0.8716373443603516,11.621831258138021,2.087,Q1_PTS,False,35.6333335876465,33.0366666793823,30.6,3.4,7.6,0,0,TRACKING_FALTANTE_TOTAL
Shai Gilgeous-Alexander,1628983,Shai Gilgeous-Alexander,OKC,Oklahoma City Thunder @ Los Angeles Lakers,LAL,0,PTS,SINGLE,29.5,1.9,1.77,UNDER,1.77,25.754392623901367,-3.745607376098633,3.745607376098633,12.696974156266553,4.8341,PTS,True,35.6333335876465,33.0366666793823,30.6,3.4,7.6,0,0,TRACKING_FALTANTE_TOTAL
Shai Gilgeous-Alexander,1628983,Shai Gilgeous-Alexander,OKC,Oklahoma City Thunder @ Los Angeles Lakers,LAL,0,PTS,SINGLE,24.5,1.32,2.74,OVER,1.32,25.754392623901367,1.2543926239013672,1.2543926239013672,5.119969893474968,4.8341,PTS,False,35.6333335876465,33.0366666793823,30.6,3.4,7.6,0,0,TRACKING_FALTANTE_TOTAL
Shai Gilgeous-Alexander,1628983,Shai Gilgeous-Alexander,OKC,Oklahoma City Thunder @ Los Angeles Lakers,LAL,0,PTS,SINGLE,25.5,1.4,2.43,OVER,1.4,25.754392623901367,0.2543926239013672,0.2543926239013672,0.9976181329465379,4.8341,PTS,False,35.6333335876465,33.0366666793823,30.6,3.4,7.6,0,0,TRACKING_FALTANTE_TOTAL
Shai Gilgeous-Alexander,1628983,Shai Gilgeous-Alexander,OKC,Oklahoma City Thunder @ Los Angeles Lakers,LAL,0,PTS,SINGLE,28.5,1.69,1.88,UNDER,1.88,25.754392623901367,-2.745607376098633,2.745607376098633,9.63371009157415,4.8341,PTS,True,35.6333335876465,33.0366666793823,30.6,3.4,7.6,0,0,TRACKING_FALTANTE_TOTAL
Shai Gilgeous-Alexander,1628983,Shai Gilgeous-Alexander,OKC,Oklahoma City Thunder @ Los Angeles Lakers,LAL,0,PTS,SINGLE,26.5,1.5,2.17,UNDER,2.17,25.754392623901367,-0.7456073760986328,0.7456073760986328,2.813612739994841,4.8341,PTS,False,35.6333335876465,33.0366666793823,30.6,3.4,7.6,0,0,TRACKING_FALTANTE_TOTAL
Shai Gilgeous-Alexander,1628983,Shai Gilgeous-Alexander,OKC,Oklahoma City Thunder @ Los Angeles Lakers,LAL,0,PTS,SINGLE,27.5,1.58,2.04,UNDER,2.04,25.754392623901367,-1.7456073760986328,1.7456073760986328,6.34766318581321,4.8341,PTS,False,35.6333335876465,33.0366666793823,30.6,3.4,7.6,0,0,TRACKING_FALTANTE_TOTAL
Shai Gilgeous-Alexander,1628983,Shai Gilgeous-Alexander,OKC,Oklahoma City Thunder @ Los Angeles Lakers,LAL,0,PTS,SINGLE,30.5,2.0,1.6,UNDER,1.6,25.754392623901367,-4.745607376098633,4.745607376098633,15.559368446225024,4.8341,PTS,True,35.6333335876465,33.0366666793823,30.6,3.4,7.6,0,0,TRACKING_FALTANTE_TOTAL
Shai Gilgeous-Alexander,1628983,Shai Gilgeous-Alexander,OKC,Oklahoma City Thunder @ Los Angeles Lakers,LAL,0,PTS,SINGLE,31.5,2.11,1.54,UNDER,1.54,25.754392623901367,-5.745607376098633,5.745607376098633,18.240023416186133,4.8341,PTS,True,35.6333335876465,33.0366666793823,30.6,3.4,7.6,0,0,TRACKING_FALTANTE_TOTAL
Shai Gilgeous-Alexander,1628983,Shai Gilgeous-Alexander,OKC,Oklahoma City Thunder @ Los Angeles Lakers,LAL,0,PTS,SINGLE,32.5,2.33,1.44,UNDER,1.44,25.754392623901367,-6.745607376098633,6.745607376098633,20.75571500338041,4.8341,PTS,True,35.6333335876465,33.0366666793823,30.6,3.4,7.6,0,0,TRACKING_FALTANTE_TOTAL
Shai Gilgeous-Alexander,1628983,Shai Gilgeous-Alexander,OKC,Oklahoma City Thunder @ Los Angeles Lakers,LAL,0,PTS,SINGLE,33.5,2.58,1.36,UNDER,1.36,25.754392623901367,-7.745607376098633,7.745607376098633,23.121216048055622,4.8341,PTS,True,35.6333335876465,33.0366666793823,30.6,3.4,7.6,0,0,TRACKING_FALTANTE_TOTAL
Shai Gilgeous-Alexander,1628983,Shai Gilgeous-Alexander,OKC,Oklahoma City Thunder @ Los Angeles Lakers,LAL,0,PTS,SINGLE,34.5,2.87,1.29,UNDER,1.29,25.754392623901367,-8.745607376098633,8.745607376098633,25.34958659738734,4.8341,PTS,True,35.6333335876465,33.0366666793823,30.6,3.4,7.6,0,0,TRACKING_FALTANTE_TOTAL
Shai Gilgeous-Alexander,1628983,Shai Gilgeous-Alexander,OKC,Oklahoma City Thunder @ Los Angeles Lakers,LAL,0,Q1_AST,Q1,2.5,2.02,1.68,OVER,2.02,2.613070249557495,0.11307024955749512,0.11307024955749512,4.522809982299805,0.7063,Q1_AST,False,35.6333335876465,33.0366666793823,30.6,3.4,7.6,0,0,TRACKING_FALTANTE_TOTAL
Shai Gilgeous-Alexander,1628983,Shai Gilgeous-Alexander,OKC,Oklahoma City Thunder @ Los Angeles Lakers,LAL,0,REB,SINGLE,4.5,2.2,1.57,UNDER,1.57,3.8847599029541016,-0.6152400970458984,0.6152400970458984,13.672002156575521,1.9667,REB,False,35.6333335876465,33.0366666793823,30.6,3.4,7.6,0,0,TRACKING_FALTANTE_TOTAL
Shai Gilgeous-Alexander,1628983,Shai Gilgeous-Alexander,OKC,Oklahoma City Thunder @ Los Angeles Lakers,LAL,0,REB,SINGLE,3.5,1.53,2.13,OVER,1.53,3.8847599029541016,0.38475990295410156,0.38475990295410156,10.993140084402901,1.9667,REB,False,35.6333335876465,33.0366666793823,30.6,3.4,7.6,0,0,TRACKING_FALTANTE_TOTAL
Shai Gilgeous-Alexander,1628983,Shai Gilgeous-Alexander,OKC,Oklahoma City Thunder @ Los Angeles Lakers,LAL,0,PA,COMBO,36.5,1.87,1.8,UNDER,1.8,33.90770721435547,-2.5922927856445312,2.5922927856445312,7.10217201546447,5.2838,PA,False,35.6333335876465,33.0366666793823,30.6,3.4,7.6,0,0,TRACKING_FALTANTE_TOTAL
Shai Gilgeous-Alexander,1628983,Shai Gilgeous-Alexander,OKC,Oklahoma City Thunder @ Los Angeles Lakers,LAL,0,PA,COMBO,34.5,1.56,2.07,UNDER,2.07,33.90770721435547,-0.5922927856445312,0.5922927856445312,1.7167906830276267,5.2838,PA,False,35.6333335876465,33.0366666793823,30.6,3.4,7.6,0,0,TRACKING_FALTANTE_TOTAL
Shai Gilgeous-Alexander,1628983,Shai Gilgeous-Alexander,OKC,Oklahoma City Thunder @ Los Angeles Lakers,LAL,0,PA,COMBO,35.5,1.68,1.89,UNDER,1.89,33.90770721435547,-1.5922927856445312,1.5922927856445312,4.485331790547975,5.2838,PA,False,35.6333335876465,33.0366666793823,30.6,3.4,7.6,0,0,TRACKING_FALTANTE_TOTAL
Shai Gilgeous-Alexander,1628983,Shai Gilgeous-Alexander,OKC,Oklahoma City Thunder @ Los Angeles Lakers,LAL,0,PA,COMBO,37.5,1.96,1.62,UNDER,1.62,33.90770721435547,-3.5922927856445312,3.5922927856445312,9.579447428385416,5.2838,PA,True,35.6333335876465,33.0366666793823,30.6,3.4,7.6,0,0,TRACKING_FALTANTE_TOTAL
Shai Gilgeous-Alexander,1628983,Shai Gilgeous-Alexander,OKC,Oklahoma City Thunder @ Los Angeles Lakers,LAL,0,PA,COMBO,38.5,2.07,1.56,UNDER,1.56,33.90770721435547,-4.592292785644531,4.592292785644531,11.928033209466316,5.2838,PA,True,35.6333335876465,33.0366666793823,30.6,3.4,7.6,0,0,TRACKING_FALTANTE_TOTAL
Shai Gilgeous-Alexander,1628983,Shai Gilgeous-Alexander,OKC,Oklahoma City Thunder @ Los Angeles Lakers,LAL,0,AST,SINGLE,6.5,1.64,2.09,OVER,1.64,7.027372360229492,0.5273723602294922,0.5273723602294922,8.11342092660757,1.4546,AST_FALLBACK,False,35.6333335876465,33.0366666793823,30.6,3.4,7.6,0,0,TRACKING_FALTANTE_TOTAL
Shai Gilgeous-Alexander,1628983,Shai Gilgeous-Alexander,OKC,Oklahoma City Thunder @ Los Angeles Lakers,LAL,0,AST,SINGLE,5.5,1.33,2.67,OVER,1.33,7.027372360229492,1.5273723602294922,1.5273723602294922,27.77040654962713,1.4546,AST_FALLBACK,True,35.6333335876465,33.0366666793823,30.6,3.4,7.6,0,0,TRACKING_FALTANTE_TOTAL
Shai Gilgeous-Alexander,1628983,Shai Gilgeous-Alexander,OKC,Oklahoma City Thunder @ Los Angeles Lakers,LAL,0,AST,SINGLE,8.5,2.69,1.33,UNDER,1.33,7.027372360229492,-1.4726276397705078,1.4726276397705078,17.32503105612362,1.4546,AST_FALLBACK,True,35.6333335876465,33.0366666793823,30.6,3.4,7.6,0,0,TRACKING_FALTANTE_TOTAL
Shai Gilgeous-Alexander,1628983,Shai Gilgeous-Alexander,OKC,Oklahoma City Thunder @ Los Angeles Lakers,LAL,0,AST,SINGLE,7.5,2.04,1.57,UNDER,1.57,7.027372360229492,-0.4726276397705078,0.4726276397705078,6.3017018636067705,1.4546,AST_FALLBACK,False,35.6333335876465,33.0366666793823,30.6,3.4,7.6,0,0,TRACKING_FALTANTE_TOTAL
Shai Gilgeous-Alexander,1628983,Shai Gilgeous-Alexander,OKC,Oklahoma City Thunder @ Los Angeles Lakers,LAL,0,PRA,COMBO,40.5,1.83,1.83,UNDER,1.83,38.77717208862305,-1.7228279113769531,1.7228279113769531,4.253896077473959,6.1893,PRA,False,35.6333335876465,33.0366666793823,30.6,3.4,7.6,0,0,TRACKING_FALTANTE_TOTAL
Shai Gilgeous-Alexander,1628983,Shai Gilgeous-Alexander,OKC,Oklahoma City Thunder @ Los Angeles Lakers,LAL,0,PRA,COMBO,35.5,1.32,2.7,OVER,1.32,38.77717208862305,3.277172088623047,3.277172088623047,9.231470672177597,6.1893,PRA,True,35.6333335876465,33.0366666793823,30.6,3.4,7.6,0,0,TRACKING_FALTANTE_TOTAL
Shai Gilgeous-Alexander,1628983,Shai Gilgeous-Alexander,OKC,Oklahoma City Thunder @ Los Angeles Lakers,LAL,0,PRA,COMBO,36.5,1.4,2.42,OVER,1.4,38.77717208862305,2.277172088623047,2.277172088623047,6.238827640063143,6.1893,PRA,False,35.6333335876465,33.0366666793823,30.6,3.4,7.6,0,0,TRACKING_FALTANTE_TOTAL
Shai Gilgeous-Alexander,1628983,Shai Gilgeous-Alexander,OKC,Oklahoma City Thunder @ Los Angeles Lakers,LAL,0,PRA,COMBO,37.5,1.49,2.21,OVER,1.49,38.77717208862305,1.2771720886230469,1.2771720886230469,3.405792236328125,6.1893,PRA,False,35.6333335876465,33.0366666793823,30.6,3.4,7.6,0,0,TRACKING_FALTANTE_TOTAL
Shai Gilgeous-Alexander,1628983,Shai Gilgeous-Alexander,OKC,Oklahoma City Thunder @ Los Angeles Lakers,LAL,0,PRA,COMBO,38.5,1.55,2.09,OVER,1.55,38.77717208862305,0.2771720886230469,0.2771720886230469,0.7199275029170049,6.1893,PRA,False,35.6333335876465,33.0366666793823,30.6,3.4,7.6,0,0,TRACKING_FALTANTE_TOTAL
Shai Gilgeous-Alexander,1628983,Shai Gilgeous-Alexander,OKC,Oklahoma City Thunder @ Los Angeles Lakers,LAL,0,PRA,COMBO,39.5,1.66,1.92,UNDER,1.92,38.77717208862305,-0.7228279113769531,0.7228279113769531,1.8299440794353243,6.1893,PRA,False,35.6333335876465,33.0366666793823,30.6,3.4,7.6,0,0,TRACKING_FALTANTE_TOTAL
Shai Gilgeous-Alexander,1628983,Shai Gilgeous-Alexander,OKC,Oklahoma City Thunder @ Los Angeles Lakers,LAL,0,PRA,COMBO,41.5,1.92,1.66,UNDER,1.66,38.77717208862305,-2.722827911376953,2.722827911376953,6.561031111751695,6.1893,PRA,False,35.6333335876465,33.0366666793823,30.6,3.4,7.6,0,0,TRACKING_FALTANTE_TOTAL
Shai Gilgeous-Alexander,1628983,Shai Gilgeous-Alexander,OKC,Oklahoma City Thunder @ Los Angeles Lakers,LAL,0,PRA,COMBO,42.5,2.11,1.54,UNDER,1.54,38.77717208862305,-3.722827911376953,3.722827911376953,8.759595085592832,6.1893,PRA,True,35.6333335876465,33.0366666793823,30.6,3.4,7.6,0,0,TRACKING_FALTANTE_TOTAL
Shai Gilgeous-Alexander,1628983,Shai Gilgeous-Alexander,OKC,Oklahoma City Thunder @ Los Angeles Lakers,LAL,0,PRA,COMBO,43.5,2.2,1.49,UNDER,1.49,38.77717208862305,-4.722827911376953,4.722827911376953,10.857075658337823,6.1893,PRA,True,35.6333335876465,33.0366666793823,30.6,3.4,7.6,0,0,TRACKING_FALTANTE_TOTAL
Shai Gilgeous-Alexander,1628983,Shai Gilgeous-Alexander,OKC,Oklahoma City Thunder @ Los Angeles Lakers,LAL,0,PRA,COMBO,44.5,2.42,1.4,UNDER,1.4,38.77717208862305,-5.722827911376953,5.722827911376953,12.860287441296524,6.1893,PRA,True,35.6333335876465,33.0366666793823,30.6,3.4,7.6,0,0,TRACKING_FALTANTE_TOTAL
Shai Gilgeous-Alexander,1628983,Shai Gilgeous-Alexander,OKC,Oklahoma City Thunder @ Los Angeles Lakers,LAL,0,PRA,COMBO,45.5,2.66,1.34,UNDER,1.34,38.77717208862305,-6.722827911376953,6.722827911376953,14.775445959070227,6.1893,PRA,True,35.6333335876465,33.0366666793823,30.6,3.4,7.6,0,0,TRACKING_FALTANTE_TOTAL
Shai Gilgeous-Alexander,1628983,Shai Gilgeous-Alexander,OKC,Oklahoma City Thunder @ Los Angeles Lakers,LAL,0,Q1_REB,Q1,1.5,2.31,1.52,UNDER,1.52,1.0920894145965576,-0.4079105854034424,0.4079105854034424,27.19403902689616,0.9236,Q1_REB,False,35.6333335876465,33.0366666793823,30.6,3.4,7.6,0,0,TRACKING_FALTANTE_TOTAL
Deandre Ayton,1629028,Deandre Ayton,LAL,Oklahoma City Thunder @ Los Angeles Lakers,OKC,1,PTS,SINGLE,12.5,2.26,1.47,UNDER,1.47,12.347800254821777,-0.15219974517822266,0.15219974517822266,1.2175979614257812,4.8341,PTS,False,30.4066665649414,30.0133333206177,11.2,12.2,1.0,0,0,TRACKING_FALTANTE_TOTAL
Deandre Ayton,1629028,Deandre Ayton,LAL,Oklahoma City Thunder @ Los Angeles Lakers,OKC,1,PTS,SINGLE,10.5,1.83,1.84,OVER,1.83,12.347800254821777,1.8478002548217773,1.8478002548217773,17.59809766496931,4.8341,PTS,False,30.4066665649414,30.0133333206177,11.2,12.2,1.0,0,0,TRACKING_FALTANTE_TOTAL
Deandre Ayton,1629028,Deandre Ayton,LAL,Oklahoma City Thunder @ Los Angeles Lakers,OKC,1,PTS,SINGLE,7.5,1.27,2.94,OVER,1.27,12.347800254821777,4.847800254821777,4.847800254821777,64.63733673095703,4.8341,PTS,True,30.4066665649414,30.0133333206177,11.2,12.2,1.0,0,0,TRACKING_FALTANTE_TOTAL
Deandre Ayton,1629028,Deandre Ayton,LAL,Oklahoma City Thunder @ Los Angeles Lakers,OKC,1,PTS,SINGLE,8.5,1.46,2.28,OVER,1.46,12.347800254821777,3.8478002548217773,3.8478002548217773,45.26823829202091,4.8341,PTS,True,30.4066665649414,30.0133333206177,11.2,12.2,1.0,0,0,TRACKING_FALTANTE_TOTAL
Deandre Ayton,1629028,Deandre Ayton,LAL,Oklahoma City Thunder @ Los Angeles Lakers,OKC,1,PTS,SINGLE,9.5,1.57,2.04,OVER,1.57,12.347800254821777,2.8478002548217773,2.8478002548217773,29.976844787597656,4.8341,PTS,True,30.4066665649414,30.0133333206177,11.2,12.2,1.0,0,0,TRACKING_FALTANTE_TOTAL
Deandre Ayton,1629028,Deandre Ayton,LAL,Oklahoma City Thunder @ Los Angeles Lakers,OKC,1,PTS,SINGLE,13.5,2.55,1.36,UNDER,1.36,12.347800254821777,-1.1521997451782227,1.1521997451782227,8.534812927246094,4.8341,PTS,False,30.4066665649414,30.0133333206177,11.2,12.2,1.0,0,0,TRACKING_FALTANTE_TOTAL
Deandre Ayton,1629028,Deandre Ayton,LAL,Oklahoma City Thunder @ Los Angeles Lakers,OKC,1,PTS,SINGLE,11.5,1.95,1.63,OVER,1.95,12.347800254821777,0.8478002548217773,0.8478002548217773,7.3721761288850205,4.8341,PTS,False,30.4066665649414,30.0133333206177,11.2,12.2,1.0,0,0,TRACKING_FALTANTE_TOTAL
Deandre Ayton,1629028,Deandre Ayton,LAL,Oklahoma City Thunder @ Los Angeles Lakers,OKC,1,AST,SINGLE,0.5,1.68,2.01,OVER,1.68,1.2666819095611572,0.7666819095611572,0.7666819095611572,153.33638191223145,1.4546,AST_FALLBACK,True,30.4066665649414,30.0133333206177,11.2,12.2,1.0,0,0,TRACKING_FALTANTE_TOTAL
Deandre Ayton,1629028,Deandre Ayton,LAL,Oklahoma City Thunder @ Los Angeles Lakers,OKC,1,FGA,SINGLE,9.5,2.03,1.67,UNDER,1.67,9.277687072753906,-0.22231292724609375,0.22231292724609375,2.340136076274671,2.8767,FGA,False,30.4066665649414,30.0133333206177,11.2,12.2,1.0,0,0,TRACKING_FALTANTE_TOTAL
Deandre Ayton,1629028,Deandre Ayton,LAL,Oklahoma City Thunder @ Los Angeles Lakers,OKC,1,FGA,SINGLE,8.5,1.63,1.95,OVER,1.63,9.277687072753906,0.7776870727539062,0.7776870727539062,9.149259679457721,2.8767,FGA,False,30.4066665649414,30.0133333206177,11.2,12.2,1.0,0,0,TRACKING_FALTANTE_TOTAL
Deandre Ayton,1629028,Deandre Ayton,LAL,Oklahoma City Thunder @ Los Angeles Lakers,OKC,1,REB,SINGLE,7.5,1.49,2.2,OVER,1.49,8.078124046325684,0.5781240463256836,0.5781240463256836,7.708320617675782,1.9667,REB,False,30.4066665649414,30.0133333206177,11.2,12.2,1.0,0,0,TRACKING_FALTANTE_TOTAL
Deandre Ayton,1629028,Deandre Ayton,LAL,Oklahoma City Thunder @ Los Angeles Lakers,OKC,1,REB,SINGLE,9.5,2.07,1.56,UNDER,1.56,8.078124046325684,-1.4218759536743164,1.4218759536743164,14.96711530183491,1.9667,REB,True,30.4066665649414,30.0133333206177,11.2,12.2,1.0,0,0,TRACKING_FALTANTE_TOTAL
Deandre Ayton,1629028,Deandre Ayton,LAL,Oklahoma City Thunder @ Los Angeles Lakers,OKC,1,REB,SINGLE,8.5,1.76,1.91,UNDER,1.91,8.078124046325684,-0.4218759536743164,0.4218759536743164,4.963246513815487,1.9667,REB,False,30.4066665649414,30.0133333206177,11.2,12.2,1.0,0,0,TRACKING_FALTANTE_TOTAL
Deandre Ayton,1629028,Deandre Ayton,LAL,Oklahoma City Thunder @ Los Angeles Lakers,OKC,1,REB,SINGLE,10.5,2.48,1.39,UNDER,1.39,8.078124046325684,-2.4218759536743164,2.4218759536743164,23.06548527308873,1.9667,REB,True,30.4066665649414,30.0133333206177,11.2,12.2,1.0,0,0,TRACKING_FALTANTE_TOTAL
Deandre Ayton,1629028,Deandre Ayton,LAL,Oklahoma City Thunder @ Los Angeles Lakers,OKC,1,Q1_PTS,Q1,2.5,2.05,1.66,OVER,2.05,3.1426751613616943,0.6426751613616943,0.6426751613616943,25.707006454467773,2.087,Q1_PTS,False,30.4066665649414,30.0133333206177,11.2,12.2,1.0,0,0,TRACKING_FALTANTE_TOTAL
Deandre Ayton,1629028,Deandre Ayton,LAL,Oklahoma City Thunder @ Los Angeles Lakers,OKC,1,Q1_PTS,Q1,3.5,2.09,1.55,UNDER,1.55,3.1426751613616943,-0.35732483863830566,0.35732483863830566,10.209281103951591,2.087,Q1_PTS,False,30.4066665649414,30.0133333206177,11.2,12.2,1.0,0,0,TRACKING_FALTANTE_TOTAL
Deandre Ayton,1629028,Deandre Ayton,LAL,Oklahoma City Thunder @ Los Angeles Lakers,OKC,1,Q1_REB,Q1,2.5,2.11,1.62,OVER,2.11,2.6777889728546143,0.17778897285461426,0.17778897285461426,7.111558914184571,0.9236,Q1_REB,False,30.4066665649414,30.0133333206177,11.2,12.2,1.0,0,0,TRACKING_FALTANTE_TOTAL
Deandre Ayton,1629028,Deandre Ayton,LAL,Oklahoma City Thunder @ Los Angeles Lakers,OKC,1,FTM,SINGLE,1.5,2.13,1.61,OVER,2.13,1.5950487852096558,0.09504878520965576,0.09504878520965576,6.336585680643718,1.4962,FTM,False,30.4066665649414,30.0133333206177,11.2,12.2,1.0,0,0,TRACKING_FALTANTE_TOTAL
Deandre Ayton,1629028,Deandre Ayton,LAL,Oklahoma City Thunder @ Los Angeles Lakers,OKC,1,FGM,SINGLE,4.5,1.79,1.88,OVER,1.79,5.373657703399658,0.8736577033996582,0.8736577033996582,19.414615631103516,1.8635,FGM,False,30.4066665649414,30.0133333206177,11.2,12.2,1.0,0,0,TRACKING_FALTANTE_TOTAL
Deandre Ayton,1629028,Deandre Ayton,LAL,Oklahoma City Thunder @ Los Angeles Lakers,OKC,1,PA,COMBO,10.5,1.59,2.01,OVER,1.59,12.127991676330566,1.6279916763305664,1.6279916763305664,15.50468263171968,5.2838,PA,False,30.4066665649414,30.0133333206177,11.2,12.2,1.0,0,0,TRACKING_FALTANTE_TOTAL
Deandre Ayton,1629028,Deandre Ayton,LAL,Oklahoma City Thunder @ Los Angeles Lakers,OKC,1,PA,COMBO,11.5,1.85,1.82,OVER,1.85,12.127991676330566,0.6279916763305664,0.6279916763305664,5.4607971854831865,5.2838,PA,False,30.4066665649414,30.0133333206177,11.2,12.2,1.0,0,0,TRACKING_FALTANTE_TOTAL
Deandre Ayton,1629028,Deandre Ayton,LAL,Oklahoma City Thunder @ Los Angeles Lakers,OKC,1,PA,COMBO,12.5,2.04,1.57,UNDER,1.57,12.127991676330566,-0.3720083236694336,0.3720083236694336,2.9760665893554688,5.2838,PA,False,30.4066665649414,30.0133333206177,11.2,12.2,1.0,0,0,TRACKING_FALTANTE_TOTAL
Deandre Ayton,1629028,Deandre Ayton,LAL,Oklahoma City Thunder @ Los Angeles Lakers,OKC,1,PR,COMBO,18.5,1.63,1.96,OVER,1.63,20.354110717773438,1.8541107177734375,1.8541107177734375,10.022220096072635,5.7314,PR,False,30.4066665649414,30.0133333206177,11.2,12.2,1.0,0,0,TRACKING_FALTANTE_TOTAL
Deandre Ayton,1629028,Deandre Ayton,LAL,Oklahoma City Thunder @ Los Angeles Lakers,OKC,1,PR,COMBO,19.5,1.82,1.85,OVER,1.82,20.354110717773438,0.8541107177734375,0.8541107177734375,4.380054962940704,5.7314,PR,False,30.4066665649414,30.0133333206177,11.2,12.2,1.0,0,0,TRACKING_FALTANTE_TOTAL
Deandre Ayton,1629028,Deandre Ayton,LAL,Oklahoma City Thunder @ Los Angeles Lakers,OKC,1,PR,COMBO,21.5,2.06,1.57,UNDER,1.57,20.354110717773438,-1.1458892822265625,1.1458892822265625,5.329717591751453,5.7314,PR,False,30.4066665649414,30.0133333206177,11.2,12.2,1.0,0,0,TRACKING_FALTANTE_TOTAL
Deandre Ayton,1629028,Deandre Ayton,LAL,Oklahoma City Thunder @ Los Angeles Lakers,OKC,1,PR,COMBO,17.5,1.53,2.11,OVER,1.53,20.354110717773438,2.8541107177734375,2.8541107177734375,16.3092041015625,5.7314,PR,False,30.4066665649414,30.0133333206177,11.2,12.2,1.0,0,0,TRACKING_FALTANTE_TOTAL
Deandre Ayton,1629028,Deandre Ayton,LAL,Oklahoma City Thunder @ Los Angeles Lakers,OKC,1,PR,COMBO,20.5,1.93,1.65,UNDER,1.65,20.354110717773438,-0.1458892822265625,0.1458892822265625,0.7116550352515244,5.7314,PR,False,30.4066665649414,30.0133333206177,11.2,12.2,1.0,0,0,TRACKING_FALTANTE_TOTAL
Deandre Ayton,1629028,Deandre Ayton,LAL,Oklahoma City Thunder @ Los Angeles Lakers,OKC,1,RA,COMBO,10.5,2.05,1.57,OVER,2.05,10.515708923339844,0.01570892333984375,0.01570892333984375,0.14960879371279762,2.6976,RA,False,30.4066665649414,30.0133333206177,11.2,12.2,1.0,0,0,TRACKING_FALTANTE_TOTAL
Deandre Ayton,1629028,Deandre Ayton,LAL,Oklahoma City Thunder @ Los Angeles Lakers,OKC,1,RA,COMBO,9.5,1.83,1.84,OVER,1.83,10.515708923339844,1.0157089233398438,1.0157089233398438,10.691672877261512,2.6976,RA,False,30.4066665649414,30.0133333206177,11.2,12.2,1.0,0,0,TRACKING_FALTANTE_TOTAL
Deandre Ayton,1629028,Deandre Ayton,LAL,Oklahoma City Thunder @ Los Angeles Lakers,OKC,1,RA,COMBO,8.5,1.55,2.08,OVER,1.55,10.515708923339844,2.0157089233398438,2.0157089233398438,23.714222627527572,2.6976,RA,True,30.4066665649414,30.0133333206177,11.2,12.2,1.0,0,0,TRACKING_FALTANTE_TOTAL
Deandre Ayton,1629028,Deandre Ayton,LAL,Oklahoma City Thunder @ Los Angeles Lakers,OKC,1,PRA,COMBO,16.5,1.35,2.6,OVER,1.35,20.151315689086914,3.651315689086914,3.651315689086914,22.129185994466148,6.1893,PRA,True,30.4066665649414,30.0133333206177,11.2,12.2,1.0,0,0,TRACKING_FALTANTE_TOTAL
Deandre Ayton,1629028,Deandre Ayton,LAL,Oklahoma City Thunder @ Los Angeles Lakers,OKC,1,PRA,COMBO,17.5,1.44,2.31,OVER,1.44,20.151315689086914,2.651315689086914,2.651315689086914,15.15037536621094,6.1893,PRA,False,30.4066665649414,30.0133333206177,11.2,12.2,1.0,0,0,TRACKING_FALTANTE_TOTAL
Deandre Ayton,1629028,Deandre Ayton,LAL,Oklahoma City Thunder @ Los Angeles Lakers,OKC,1,PRA,COMBO,18.5,1.56,2.07,OVER,1.56,20.151315689086914,1.651315689086914,1.651315689086914,8.926030751821157,6.1893,PRA,False,30.4066665649414,30.0133333206177,11.2,12.2,1.0,0,0,TRACKING_FALTANTE_TOTAL
Deandre Ayton,1629028,Deandre Ayton,LAL,Oklahoma City Thunder @ Los Angeles Lakers,OKC,1,PRA,COMBO,19.5,1.66,1.92,OVER,1.66,20.151315689086914,0.6513156890869141,0.6513156890869141,3.34008045685597,6.1893,PRA,False,30.4066665649414,30.0133333206177,11.2,12.2,1.0,0,0,TRACKING_FALTANTE_TOTAL
Deandre Ayton,1629028,Deandre Ayton,LAL,Oklahoma City Thunder @ Los Angeles Lakers,OKC,1,PRA,COMBO,21.5,1.95,1.63,UNDER,1.63,20.151315689086914,-1.348684310913086,1.348684310913086,6.272950283316679,6.1893,PRA,False,30.4066665649414,30.0133333206177,11.2,12.2,1.0,0,0,TRACKING_FALTANTE_TOTAL
Deandre Ayton,1629028,Deandre Ayton,LAL,Oklahoma City Thunder @ Los Angeles Lakers,OKC,1,PRA,COMBO,22.5,2.08,1.55,UNDER,1.55,20.151315689086914,-2.348684310913086,2.348684310913086,10.438596937391493,6.1893,PRA,False,30.4066665649414,30.0133333206177,11.2,12.2,1.0,0,0,TRACKING_FALTANTE_TOTAL
Deandre Ayton,1629028,Deandre Ayton,LAL,Oklahoma City Thunder @ Los Angeles Lakers,OKC,1,PRA,COMBO,23.5,2.32,1.44,UNDER,1.44,20.151315689086914,-3.348684310913086,3.348684310913086,14.249720471970578,6.1893,PRA,True,30.4066665649414,30.0133333206177,11.2,12.2,1.0,0,0,TRACKING_FALTANTE_TOTAL
Deandre Ayton,1629028,Deandre Ayton,LAL,Oklahoma City Thunder @ Los Angeles Lakers,OKC,1,PRA,COMBO,24.5,2.64,1.34,UNDER,1.34,20.151315689086914,-4.348684310913086,4.348684310913086,17.749731881277903,6.1893,PRA,True,30.4066665649414,30.0133333206177,11.2,12.2,1.0,0,0,TRACKING_FALTANTE_TOTAL
Deandre Ayton,1629028,Deandre Ayton,LAL,Oklahoma City Thunder @ Los Angeles Lakers,OKC,1,PRA,COMBO,20.5,1.86,1.81,UNDER,1.81,20.151315689086914,-0.34868431091308594,0.34868431091308594,1.7008990776248094,6.1893,PRA,False,30.4066665649414,30.0133333206177,11.2,12.2,1.0,0,0,TRACKING_FALTANTE_TOTAL
Duncan Robinson,1629130,Duncan Robinson,DET,Detroit Pistons @ Cleveland Cavaliers,CLE,0,PTS,SINGLE,8.5,1.32,2.7,OVER,1.32,12.672220230102539,4.172220230102539,4.172220230102539,49.08494388355928,4.8341,PTS,True,30.8749996185303,28.7474998474121,12.4,3.0,1.8,0,0,POTENTIAL_AST_FALTANTE
Duncan Robinson,1629130,Duncan Robinson,DET,Detroit Pistons @ Cleveland Cavaliers,CLE,0,PTS,SINGLE,15.5,2.79,1.3,UNDER,1.3,12.672220230102539,-2.827779769897461,2.827779769897461,18.24374045095136,4.8341,PTS,True,30.8749996185303,28.7474998474121,12.4,3.0,1.8,0,0,POTENTIAL_AST_FALTANTE
Duncan Robinson,1629130,Duncan Robinson,DET,Detroit Pistons @ Cleveland Cavaliers,CLE,0,PTS,SINGLE,9.5,1.46,2.28,OVER,1.46,12.672220230102539,3.172220230102539,3.172220230102539,33.391791895816205,4.8341,PTS,True,30.8749996185303,28.7474998474121,12.4,3.0,1.8,0,0,POTENTIAL_AST_FALTANTE
Duncan Robinson,1629130,Duncan Robinson,DET,Detroit Pistons @ Cleveland Cavaliers,CLE,0,PTS,SINGLE,11.5,1.77,1.9,OVER,1.77,12.672220230102539,1.172220230102539,1.172220230102539,10.193219392195992,4.8341,PTS,False,30.8749996185303,28.7474998474121,12.4,3.0,1.8,0,0,POTENTIAL_AST_FALTANTE
Duncan Robinson,1629130,Duncan Robinson,DET,Detroit Pistons @ Cleveland Cavaliers,CLE,0,PTS,SINGLE,14.5,2.41,1.41,UNDER,1.41,12.672220230102539,-1.827779769897461,1.827779769897461,12.605377723430767,4.8341,PTS,False,30.8749996185303,28.7474998474121,12.4,3.0,1.8,0,0,POTENTIAL_AST_FALTANTE
Duncan Robinson,1629130,Duncan Robinson,DET,Detroit Pistons @ Cleveland Cavaliers,CLE,0,PTS,SINGLE,10.5,1.54,2.1,OVER,1.54,12.672220230102539,2.172220230102539,2.172220230102539,20.687811715262278,4.8341,PTS,False,30.8749996185303,28.7474998474121,12.4,3.0,1.8,0,0,POTENTIAL_AST_FALTANTE
Duncan Robinson,1629130,Duncan Robinson,DET,Detroit Pistons @ Cleveland Cavaliers,CLE,0,PTS,SINGLE,12.5,1.92,1.65,OVER,1.92,12.672220230102539,0.17222023010253906,0.17222023010253906,1.3777618408203125,4.8341,PTS,False,30.8749996185303,28.7474998474121,12.4,3.0,1.8,0,0,POTENTIAL_AST_FALTANTE
Duncan Robinson,1629130,Duncan Robinson,DET,Detroit Pistons @ Cleveland Cavaliers,CLE,0,PTS,SINGLE,13.5,2.08,1.55,UNDER,1.55,12.672220230102539,-0.8277797698974609,0.8277797698974609,6.131701999240451,4.8341,PTS,False,30.8749996185303,28.7474998474121,12.4,3.0,1.8,0,0,POTENTIAL_AST_FALTANTE
Duncan Robinson,1629130,Duncan Robinson,DET,Detroit Pistons @ Cleveland Cavaliers,CLE,0,AST,SINGLE,2.5,2.25,1.47,UNDER,1.47,2.123157501220703,-0.3768424987792969,0.3768424987792969,15.073699951171877,1.4546,AST_FALLBACK,False,30.8749996185303,28.7474998474121,12.4,3.0,1.8,0,0,POTENTIAL_AST_FALTANTE
Duncan Robinson,1629130,Duncan Robinson,DET,Detroit Pistons @ Cleveland Cavaliers,CLE,0,AST,SINGLE,1.5,1.5,2.36,OVER,1.5,2.123157501220703,0.6231575012207031,0.6231575012207031,41.543833414713546,1.4546,AST_FALLBACK,False,30.8749996185303,28.7474998474121,12.4,3.0,1.8,0,0,POTENTIAL_AST_FALTANTE
Duncan Robinson,1629130,Duncan Robinson,DET,Detroit Pistons @ Cleveland Cavaliers,CLE,0,3PT,SINGLE,2.5,1.71,1.98,OVER,1.71,2.7646560668945312,0.26465606689453125,0.26465606689453125,10.58624267578125,0.9642,3PT,False,30.8749996185303,28.7474998474121,12.4,3.0,1.8,0,0,POTENTIAL_AST_FALTANTE
Duncan Robinson,1629130,Duncan Robinson,DET,Detroit Pistons @ Cleveland Cavaliers,CLE,0,3PT,SINGLE,3.5,2.42,1.41,UNDER,1.41,2.7646560668945312,-0.7353439331054688,0.7353439331054688,21.00982666015625,0.9642,3PT,True,30.8749996185303,28.7474998474121,12.4,3.0,1.8,0,0,POTENTIAL_AST_FALTANTE
Duncan Robinson,1629130,Duncan Robinson,DET,Detroit Pistons @ Cleveland Cavaliers,CLE,0,Q1_PTS,Q1,2.5,1.69,2.01,OVER,1.69,3.306981086730957,0.806981086730957,0.806981086730957,32.27924346923828,2.087,Q1_PTS,False,30.8749996185303,28.7474998474121,12.4,3.0,1.8,0,0,POTENTIAL_AST_FALTANTE
Duncan Robinson,1629130,Duncan Robinson,DET,Detroit Pistons @ Cleveland Cavaliers,CLE,0,Q1_AST,Q1,0.5,2.17,1.59,OVER,2.17,0.6232729554176331,0.12327295541763306,0.12327295541763306,24.65459108352661,0.7063,Q1_AST,False,30.8749996185303,28.7474998474121,12.4,3.0,1.8,0,0,POTENTIAL_AST_FALTANTE
Duncan Robinson,1629130,Duncan Robinson,DET,Detroit Pistons @ Cleveland Cavaliers,CLE,0,Q1_REB,Q1,0.5,1.96,1.73,OVER,1.96,0.9639438986778259,0.4639438986778259,0.4639438986778259,92.78877973556519,0.9236,Q1_REB,True,30.8749996185303,28.7474998474121,12.4,3.0,1.8,0,0,POTENTIAL_AST_FALTANTE
Duncan Robinson,1629130,Duncan Robinson,DET,Detroit Pistons @ Cleveland Cavaliers,CLE,0,FTM,SINGLE,0.5,1.78,1.89,OVER,1.78,1.30856454372406,0.8085645437240601,0.8085645437240601,161.712908744812,1.4962,FTM,True,30.8749996185303,28.7474998474121,12.4,3.0,1.8,0,0,POTENTIAL_AST_FALTANTE
Duncan Robinson,1629130,Duncan Robinson,DET,Detroit Pistons @ Cleveland Cavaliers,CLE,0,FTA,SINGLE,1.5,1.92,1.75,OVER,1.92,1.7145843505859375,0.2145843505859375,0.2145843505859375,14.305623372395834,1.8012,FTA,False,30.8749996185303,28.7474998474121,12.4,3.0,1.8,0,0,POTENTIAL_AST_FALTANTE
Duncan Robinson,1629130,Duncan Robinson,DET,Detroit Pistons @ Cleveland Cavaliers,CLE,0,FTA,SINGLE,0.5,1.67,1.91,OVER,1.67,1.7145843505859375,1.2145843505859375,1.2145843505859375,242.9168701171875,1.8012,FTA,True,30.8749996185303,28.7474998474121,12.4,3.0,1.8,0,0,POTENTIAL_AST_FALTANTE
Duncan Robinson,1629130,Duncan Robinson,DET,Detroit Pistons @ Cleveland Cavaliers,CLE,0,FGA,SINGLE,9.5,1.82,1.85,OVER,1.82,9.618677139282227,0.11867713928222656,0.11867713928222656,1.2492330450760691,2.8767,FGA,False,30.8749996185303,28.7474998474121,12.4,3.0,1.8,0,0,POTENTIAL_AST_FALTANTE
Duncan Robinson,1629130,Duncan Robinson,DET,Detroit Pistons @ Cleveland Cavaliers,CLE,0,FG3A,SINGLE,7.5,2.01,1.69,UNDER,1.69,7.167500972747803,-0.33249902725219727,0.33249902725219727,4.43332036336263,1.5883,FG3A,False,30.8749996185303,28.7474998474121,12.4,3.0,1.8,0,0,POTENTIAL_AST_FALTANTE
Duncan Robinson,1629130,Duncan Robinson,DET,Detroit Pistons @ Cleveland Cavaliers,CLE,0,REB,SINGLE,2.5,1.97,1.71,OVER,1.97,3.4554455280303955,0.9554455280303955,0.9554455280303955,38.21782112121582,1.9667,REB,False,30.8749996185303,28.7474998474121,12.4,3.0,1.8,0,0,POTENTIAL_AST_FALTANTE
Duncan Robinson,1629130,Duncan Robinson,DET,Detroit Pistons @ Cleveland Cavaliers,CLE,0,REB,SINGLE,1.5,1.35,2.62,OVER,1.35,3.4554455280303955,1.9554455280303955,1.9554455280303955,130.36303520202637,1.9667,REB,True,30.8749996185303,28.7474998474121,12.4,3.0,1.8,0,0,POTENTIAL_AST_FALTANTE
Duncan Robinson,1629130,Duncan Robinson,DET,Detroit Pistons @ Cleveland Cavaliers,CLE,0,PA,COMBO,13.5,1.74,1.94,OVER,1.74,13.651411056518555,0.1514110565185547,0.1514110565185547,1.1215633816189237,5.2838,PA,False,30.8749996185303,28.7474998474121,12.4,3.0,1.8,0,0,POTENTIAL_AST_FALTANTE
Duncan Robinson,1629130,Duncan Robinson,DET,Detroit Pistons @ Cleveland Cavaliers,CLE,0,PA,COMBO,14.5,1.91,1.67,UNDER,1.67,13.651411056518555,-0.8485889434814453,0.8485889434814453,5.852337541251347,5.2838,PA,False,30.8749996185303,28.7474998474121,12.4,3.0,1.8,0,0,POTENTIAL_AST_FALTANTE
Duncan Robinson,1629130,Duncan Robinson,DET,Detroit Pistons @ Cleveland Cavaliers,CLE,0,PA,COMBO,12.5,1.55,2.09,OVER,1.55,13.651411056518555,1.1514110565185547,1.1514110565185547,9.211288452148438,5.2838,PA,False,30.8749996185303,28.7474998474121,12.4,3.0,1.8,0,0,POTENTIAL_AST_FALTANTE
Duncan Robinson,1629130,Duncan Robinson,DET,Detroit Pistons @ Cleveland Cavaliers,CLE,0,PA,COMBO,15.5,2.04,1.57,UNDER,1.57,13.651411056518555,-1.8485889434814453,1.8485889434814453,11.926380280525454,5.2838,PA,False,30.8749996185303,28.7474998474121,12.4,3.0,1.8,0,0,POTENTIAL_AST_FALTANTE
Duncan Robinson,1629130,Duncan Robinson,DET,Detroit Pistons @ Cleveland Cavaliers,CLE,0,PR,COMBO,13.5,1.64,1.93,OVER,1.64,15.818120956420898,2.3181209564208984,2.3181209564208984,17.17126634385851,5.7314,PR,False,30.8749996185303,28.7474998474121,12.4,3.0,1.8,0,0,POTENTIAL_AST_FALTANTE
Duncan Robinson,1629130,Duncan Robinson,DET,Detroit Pistons @ Cleveland Cavaliers,CLE,0,PR,COMBO,15.5,2.02,1.59,OVER,2.02,15.818120956420898,0.31812095642089844,0.31812095642089844,2.0523932672316025,5.7314,PR,False,30.8749996185303,28.7474998474121,12.4,3.0,1.8,0,0,POTENTIAL_AST_FALTANTE
Duncan Robinson,1629130,Duncan Robinson,DET,Detroit Pistons @ Cleveland Cavaliers,CLE,0,PR,COMBO,16.5,2.18,1.5,UNDER,1.5,15.818120956420898,-0.6818790435791016,0.6818790435791016,4.132600264115767,5.7314,PR,False,30.8749996185303,28.7474998474121,12.4,3.0,1.8,0,0,POTENTIAL_AST_FALTANTE
Duncan Robinson,1629130,Duncan Robinson,DET,Detroit Pistons @ Cleveland Cavaliers,CLE,0,PR,COMBO,14.5,1.87,1.8,OVER,1.87,15.818120956420898,1.3181209564208984,1.3181209564208984,9.090489354626886,5.7314,PR,False,30.8749996185303,28.7474998474121,12.4,3.0,1.8,0,0,POTENTIAL_AST_FALTANTE
Duncan Robinson,1629130,Duncan Robinson,DET,Detroit Pistons @ Cleveland Cavaliers,CLE,0,PR,COMBO,12.5,1.53,2.11,OVER,1.53,15.818120956420898,3.3181209564208984,3.3181209564208984,26.544967651367184,5.7314,PR,True,30.8749996185303,28.7474998474121,12.4,3.0,1.8,0,0,POTENTIAL_AST_FALTANTE
Duncan Robinson,1629130,Duncan Robinson,DET,Detroit Pistons @ Cleveland Cavaliers,CLE,0,RA,COMBO,4.5,1.87,1.8,OVER,1.87,4.957779407501221,0.4577794075012207,0.4577794075012207,10.172875722249348,2.6976,RA,False,30.8749996185303,28.7474998474121,12.4,3.0,1.8,0,0,POTENTIAL_AST_FALTANTE
Duncan Robinson,1629130,Duncan Robinson,DET,Detroit Pistons @ Cleveland Cavaliers,CLE,0,PRA,COMBO,16.5,1.84,1.83,OVER,1.84,16.603315353393555,0.10331535339355469,0.10331535339355469,0.6261536569306345,6.1893,PRA,False,30.8749996185303,28.7474998474121,12.4,3.0,1.8,0,0,POTENTIAL_AST_FALTANTE
Duncan Robinson,1629130,Duncan Robinson,DET,Detroit Pistons @ Cleveland Cavaliers,CLE,0,PRA,COMBO,14.5,1.53,2.13,OVER,1.53,16.603315353393555,2.1033153533935547,2.1033153533935547,14.505623126852102,6.1893,PRA,False,30.8749996185303,28.7474998474121,12.4,3.0,1.8,0,0,POTENTIAL_AST_FALTANTE
Duncan Robinson,1629130,Duncan Robinson,DET,Detroit Pistons @ Cleveland Cavaliers,CLE,0,PRA,COMBO,15.5,1.63,1.96,OVER,1.63,16.603315353393555,1.1033153533935547,1.1033153533935547,7.118163570280998,6.1893,PRA,False,30.8749996185303,28.7474998474121,12.4,3.0,1.8,0,0,POTENTIAL_AST_FALTANTE
Duncan Robinson,1629130,Duncan Robinson,DET,Detroit Pistons @ Cleveland Cavaliers,CLE,0,PRA,COMBO,17.5,1.97,1.62,UNDER,1.62,16.603315353393555,-0.8966846466064453,0.8966846466064453,5.123912266322544,6.1893,PRA,False,30.8749996185303,28.7474998474121,12.4,3.0,1.8,0,0,POTENTIAL_AST_FALTANTE
Duncan Robinson,1629130,Duncan Robinson,DET,Detroit Pistons @ Cleveland Cavaliers,CLE,0,PRA,COMBO,18.5,2.11,1.54,UNDER,1.54,16.603315353393555,-1.8966846466064453,1.8966846466064453,10.252349441115921,6.1893,PRA,False,30.8749996185303,28.7474998474121,12.4,3.0,1.8,0,0,POTENTIAL_AST_FALTANTE
Duncan Robinson,1629130,Duncan Robinson,DET,Detroit Pistons @ Cleveland Cavaliers,CLE,0,PRA,COMBO,20.5,2.74,1.31,UNDER,1.31,16.603315353393555,-3.8966846466064453,3.8966846466064453,19.00821778832412,6.1893,PRA,True,30.8749996185303,28.7474998474121,12.4,3.0,1.8,0,0,POTENTIAL_AST_FALTANTE
Duncan Robinson,1629130,Duncan Robinson,DET,Detroit Pistons @ Cleveland Cavaliers,CLE,0,PRA,COMBO,19.5,2.41,1.41,UNDER,1.41,16.603315353393555,-2.8966846466064453,2.8966846466064453,14.854793059520233,6.1893,PRA,False,30.8749996185303,28.7474998474121,12.4,3.0,1.8,0,0,POTENTIAL_AST_FALTANTE
Duncan Robinson,1629130,Duncan Robinson,DET,Detroit Pistons @ Cleveland Cavaliers,CLE,0,PRA,COMBO,13.5,1.4,2.43,OVER,1.4,16.603315353393555,3.1033153533935547,3.1033153533935547,22.987521136248553,6.1893,PRA,True,30.8749996185303,28.7474998474121,12.4,3.0,1.8,0,0,POTENTIAL_AST_FALTANTE
Max Strus,1629622,Max Strus,CLE,Detroit Pistons @ Cleveland Cavaliers,DET,1,PA,COMBO,10.5,1.65,1.92,OVER,1.65,12.32044506072998,1.8204450607299805,1.8204450607299805,17.337572006952197,5.2838,PA,False,25.2366668701172,24.3883333206177,9.2,5.8,2.4,0,0,POTENTIAL_AST_FALTANTE
Max Strus,1629622,Max Strus,CLE,Detroit Pistons @ Cleveland Cavaliers,DET,1,PA,COMBO,9.5,1.52,2.13,OVER,1.52,12.32044506072998,2.8204450607299805,2.8204450607299805,29.688895376105055,5.2838,PA,True,25.2366668701172,24.3883333206177,9.2,5.8,2.4,0,0,POTENTIAL_AST_FALTANTE
Max Strus,1629622,Max Strus,CLE,Detroit Pistons @ Cleveland Cavaliers,DET,1,PA,COMBO,11.5,1.91,1.76,OVER,1.91,12.32044506072998,0.8204450607299805,0.8204450607299805,7.134304875912874,5.2838,PA,False,25.2366668701172,24.3883333206177,9.2,5.8,2.4,0,0,POTENTIAL_AST_FALTANTE
Max Strus,1629622,Max Strus,CLE,Detroit Pistons @ Cleveland Cavaliers,DET,1,PR,COMBO,13.5,1.88,1.79,OVER,1.88,15.92225456237793,2.4222545623779297,2.4222545623779297,17.942626387984664,5.7314,PR,False,25.2366668701172,24.3883333206177,9.2,5.8,2.4,0,0,POTENTIAL_AST_FALTANTE
Max Strus,1629622,Max Strus,CLE,Detroit Pistons @ Cleveland Cavaliers,DET,1,PR,COMBO,11.5,1.54,2.11,OVER,1.54,15.92225456237793,4.42225456237793,4.42225456237793,38.454387498938516,5.7314,PR,True,25.2366668701172,24.3883333206177,9.2,5.8,2.4,0,0,POTENTIAL_AST_FALTANTE
Max Strus,1629622,Max Strus,CLE,Detroit Pistons @ Cleveland Cavaliers,DET,1,PR,COMBO,14.5,2.03,1.58,OVER,2.03,15.92225456237793,1.4222545623779297,1.4222545623779297,9.808652154330549,5.7314,PR,False,25.2366668701172,24.3883333206177,9.2,5.8,2.4,0,0,POTENTIAL_AST_FALTANTE
Max Strus,1629622,Max Strus,CLE,Detroit Pistons @ Cleveland Cavaliers,DET,1,PR,COMBO,12.5,1.66,1.92,OVER,1.66,15.92225456237793,3.4222545623779297,3.4222545623779297,27.378036499023438,5.7314,PR,True,25.2366668701172,24.3883333206177,9.2,5.8,2.4,0,0,POTENTIAL_AST_FALTANTE
Max Strus,1629622,Max Strus,CLE,Detroit Pistons @ Cleveland Cavaliers,DET,1,RA,COMBO,6.5,2.06,1.56,OVER,2.06,7.038270950317383,0.5382709503173828,0.5382709503173828,8.28109154334435,2.6976,RA,False,25.2366668701172,24.3883333206177,9.2,5.8,2.4,0,0,POTENTIAL_AST_FALTANTE
Max Strus,1629622,Max Strus,CLE,Detroit Pistons @ Cleveland Cavaliers,DET,1,RA,COMBO,5.5,1.66,2.06,OVER,1.66,7.038270950317383,1.5382709503173828,1.5382709503173828,27.968562733043324,2.6976,RA,True,25.2366668701172,24.3883333206177,9.2,5.8,2.4,0,0,POTENTIAL_AST_FALTANTE
Max Strus,1629622,Max Strus,CLE,Detroit Pistons @ Cleveland Cavaliers,DET,1,PRA,COMBO,15.5,1.86,1.81,OVER,1.86,17.345998764038086,1.845998764038086,1.845998764038086,11.909669445407006,6.1893,PRA,False,25.2366668701172,24.3883333206177,9.2,5.8,2.4,0,0,POTENTIAL_AST_FALTANTE
Max Strus,1629622,Max Strus,CLE,Detroit Pistons @ Cleveland Cavaliers,DET,1,PRA,COMBO,11.5,1.3,2.8,OVER,1.3,17.345998764038086,5.845998764038086,5.845998764038086,50.83477186120074,6.1893,PRA,True,25.2366668701172,24.3883333206177,9.2,5.8,2.4,0,0,POTENTIAL_AST_FALTANTE
Max Strus,1629622,Max Strus,CLE,Detroit Pistons @ Cleveland Cavaliers,DET,1,PRA,COMBO,12.5,1.41,2.39,OVER,1.41,17.345998764038086,4.845998764038086,4.845998764038086,38.76799011230469,6.1893,PRA,True,25.2366668701172,24.3883333206177,9.2,5.8,2.4,0,0,POTENTIAL_AST_FALTANTE
Max Strus,1629622,Max Strus,CLE,Detroit Pistons @ Cleveland Cavaliers,DET,1,PRA,COMBO,13.5,1.55,2.09,OVER,1.55,17.345998764038086,3.845998764038086,3.845998764038086,28.488879733615452,6.1893,PRA,True,25.2366668701172,24.3883333206177,9.2,5.8,2.4,0,0,POTENTIAL_AST_FALTANTE
Max Strus,1629622,Max Strus,CLE,Detroit Pistons @ Cleveland Cavaliers,DET,1,PRA,COMBO,14.5,1.64,1.94,OVER,1.64,17.345998764038086,2.845998764038086,2.845998764038086,19.627577683021283,6.1893,PRA,False,25.2366668701172,24.3883333206177,9.2,5.8,2.4,0,0,POTENTIAL_AST_FALTANTE
Max Strus,1629622,Max Strus,CLE,Detroit Pistons @ Cleveland Cavaliers,DET,1,PRA,COMBO,16.5,1.99,1.61,OVER,1.99,17.345998764038086,0.8459987640380859,0.8459987640380859,5.12726523659446,6.1893,PRA,False,25.2366668701172,24.3883333206177,9.2,5.8,2.4,0,0,POTENTIAL_AST_FALTANTE
Max Strus,1629622,Max Strus,CLE,Detroit Pistons @ Cleveland Cavaliers,DET,1,PRA,COMBO,17.5,2.17,1.5,UNDER,1.5,17.345998764038086,-0.15400123596191406,0.15400123596191406,0.8800070626395089,6.1893,PRA,False,25.2366668701172,24.3883333206177,9.2,5.8,2.4,0,0,POTENTIAL_AST_FALTANTE
Max Strus,1629622,Max Strus,CLE,Detroit Pistons @ Cleveland Cavaliers,DET,1,PRA,COMBO,18.5,2.45,1.39,UNDER,1.39,17.345998764038086,-1.154001235961914,1.154001235961914,6.237844518713049,6.1893,PRA,False,25.2366668701172,24.3883333206177,9.2,5.8,2.4,0,0,POTENTIAL_AST_FALTANTE
Max Strus,1629622,Max Strus,CLE,Detroit Pistons @ Cleveland Cavaliers,DET,1,PRA,COMBO,19.5,2.78,1.31,UNDER,1.31,17.345998764038086,-2.154001235961914,2.154001235961914,11.04616018442007,6.1893,PRA,False,25.2366668701172,24.3883333206177,9.2,5.8,2.4,0,0,POTENTIAL_AST_FALTANTE
Max Strus,1629622,Max Strus,CLE,Detroit Pistons @ Cleveland Cavaliers,DET,1,PTS,SINGLE,6.5,1.38,2.5,OVER,1.38,11.032026290893555,4.532026290893555,4.532026290893555,69.72348139836238,4.8341,PTS,True,25.2366668701172,24.3883333206177,9.2,5.8,2.4,0,0,POTENTIAL_AST_FALTANTE
Max Strus,1629622,Max Strus,CLE,Detroit Pistons @ Cleveland Cavaliers,DET,1,PTS,SINGLE,10.5,2.09,1.55,OVER,2.09,11.032026290893555,0.5320262908935547,0.5320262908935547,5.066917056129093,4.8341,PTS,False,25.2366668701172,24.3883333206177,9.2,5.8,2.4,0,0,POTENTIAL_AST_FALTANTE
Max Strus,1629622,Max Strus,CLE,Detroit Pistons @ Cleveland Cavaliers,DET,1,PTS,SINGLE,11.5,2.33,1.44,UNDER,1.44,11.032026290893555,-0.4679737091064453,0.4679737091064453,4.069336600925611,4.8341,PTS,False,25.2366668701172,24.3883333206177,9.2,5.8,2.4,0,0,POTENTIAL_AST_FALTANTE
Max Strus,1629622,Max Strus,CLE,Detroit Pistons @ Cleveland Cavaliers,DET,1,PTS,SINGLE,12.5,2.7,1.32,UNDER,1.32,11.032026290893555,-1.4679737091064453,1.4679737091064453,11.743789672851562,4.8341,PTS,False,25.2366668701172,24.3883333206177,9.2,5.8,2.4,0,0,POTENTIAL_AST_FALTANTE
Max Strus,1629622,Max Strus,CLE,Detroit Pistons @ Cleveland Cavaliers,DET,1,PTS,SINGLE,7.5,1.5,2.19,OVER,1.5,11.032026290893555,3.5320262908935547,3.5320262908935547,47.09368387858073,4.8341,PTS,True,25.2366668701172,24.3883333206177,9.2,5.8,2.4,0,0,POTENTIAL_AST_FALTANTE
Max Strus,1629622,Max Strus,CLE,Detroit Pistons @ Cleveland Cavaliers,DET,1,PTS,SINGLE,9.5,1.95,1.73,OVER,1.95,11.032026290893555,1.5320262908935547,1.5320262908935547,16.126592535721628,4.8341,PTS,False,25.2366668701172,24.3883333206177,9.2,5.8,2.4,0,0,POTENTIAL_AST_FALTANTE
Max Strus,1629622,Max Strus,CLE,Detroit Pistons @ Cleveland Cavaliers,DET,1,PTS,SINGLE,8.5,1.67,1.91,OVER,1.67,11.032026290893555,2.5320262908935547,2.5320262908935547,29.788544598747702,4.8341,PTS,True,25.2366668701172,24.3883333206177,9.2,5.8,2.4,0,0,POTENTIAL_AST_FALTANTE
Max Strus,1629622,Max Strus,CLE,Detroit Pistons @ Cleveland Cavaliers,DET,1,AST,SINGLE,1.5,1.56,2.22,OVER,1.56,2.027064800262451,0.5270648002624512,0.5270648002624512,35.13765335083008,1.4546,AST_FALLBACK,False,25.2366668701172,24.3883333206177,9.2,5.8,2.4,0,0,POTENTIAL_AST_FALTANTE
Max Strus,1629622,Max Strus,CLE,Detroit Pistons @ Cleveland Cavaliers,DET,1,AST,SINGLE,2.5,2.34,1.43,UNDER,1.43,2.027064800262451,-0.47293519973754883,0.47293519973754883,18.917407989501953,1.4546,AST_FALLBACK,False,25.2366668701172,24.3883333206177,9.2,5.8,2.4,0,0,POTENTIAL_AST_FALTANTE
Max Strus,1629622,Max Strus,CLE,Detroit Pistons @ Cleveland Cavaliers,DET,1,3PT,SINGLE,1.5,1.48,2.22,OVER,1.48,2.298842430114746,0.7988424301147461,0.7988424301147461,53.25616200764974,0.9642,3PT,True,25.2366668701172,24.3883333206177,9.2,5.8,2.4,0,0,POTENTIAL_AST_FALTANTE
Max Strus,1629622,Max Strus,CLE,Detroit Pistons @ Cleveland Cavaliers,DET,1,3PT,SINGLE,2.5,2.35,1.5,UNDER,1.5,2.298842430114746,-0.2011575698852539,0.2011575698852539,8.046302795410156,0.9642,3PT,False,25.2366668701172,24.3883333206177,9.2,5.8,2.4,0,0,POTENTIAL_AST_FALTANTE
Max Strus,1629622,Max Strus,CLE,Detroit Pistons @ Cleveland Cavaliers,DET,1,Q1_PTS,Q1,2.5,1.86,1.81,OVER,1.86,2.636458396911621,0.1364583969116211,0.1364583969116211,5.458335876464844,2.087,Q1_PTS,False,25.2366668701172,24.3883333206177,9.2,5.8,2.4,0,0,POTENTIAL_AST_FALTANTE
Max Strus,1629622,Max Strus,CLE,Detroit Pistons @ Cleveland Cavaliers,DET,1,Q1_PTS,Q1,0.5,1.51,2.15,OVER,1.51,2.636458396911621,2.136458396911621,2.136458396911621,427.2916793823242,2.087,Q1_PTS,True,25.2366668701172,24.3883333206177,9.2,5.8,2.4,0,0,POTENTIAL_AST_FALTANTE
Max Strus,1629622,Max Strus,CLE,Detroit Pistons @ Cleveland Cavaliers,DET,1,Q1_PTS,Q1,1.5,1.54,2.11,OVER,1.54,2.636458396911621,1.136458396911621,1.136458396911621,75.7638931274414,2.087,Q1_PTS,True,25.2366668701172,24.3883333206177,9.2,5.8,2.4,0,0,POTENTIAL_AST_FALTANTE
Max Strus,1629622,Max Strus,CLE,Detroit Pistons @ Cleveland Cavaliers,DET,1,Q1_AST,Q1,0.5,2.17,1.59,OVER,2.17,0.566876232624054,0.06687623262405396,0.06687623262405396,13.375246524810791,0.7063,Q1_AST,False,25.2366668701172,24.3883333206177,9.2,5.8,2.4,0,0,POTENTIAL_AST_FALTANTE
Max Strus,1629622,Max Strus,CLE,Detroit Pistons @ Cleveland Cavaliers,DET,1,FTM,SINGLE,0.5,2.13,1.61,OVER,2.13,1.1401766538619995,0.6401766538619995,0.6401766538619995,128.0353307723999,1.4962,FTM,False,25.2366668701172,24.3883333206177,9.2,5.8,2.4,0,0,POTENTIAL_AST_FALTANTE
Max Strus,1629622,Max Strus,CLE,Detroit Pistons @ Cleveland Cavaliers,DET,1,FTA,SINGLE,0.5,2.07,1.65,OVER,2.07,1.4868674278259277,0.9868674278259277,0.9868674278259277,197.37348556518555,1.8012,FTA,True,25.2366668701172,24.3883333206177,9.2,5.8,2.4,0,0,POTENTIAL_AST_FALTANTE
Max Strus,1629622,Max Strus,CLE,Detroit Pistons @ Cleveland Cavaliers,DET,1,FGA,SINGLE,7.5,1.69,2.01,OVER,1.69,8.092321395874023,0.5923213958740234,0.5923213958740234,7.897618611653646,2.8767,FGA,False,25.2366668701172,24.3883333206177,9.2,5.8,2.4,0,0,POTENTIAL_AST_FALTANTE
Max Strus,1629622,Max Strus,CLE,Detroit Pistons @ Cleveland Cavaliers,DET,1,FG3A,SINGLE,5.5,1.63,2.1,OVER,1.63,5.890505790710449,0.3905057907104492,0.3905057907104492,7.100105285644531,1.5883,FG3A,False,25.2366668701172,24.3883333206177,9.2,5.8,2.4,0,0,POTENTIAL_AST_FALTANTE
Max Strus,1629622,Max Strus,CLE,Detroit Pistons @ Cleveland Cavaliers,DET,1,REB,SINGLE,4.5,2.08,1.55,OVER,2.08,4.745101451873779,0.2451014518737793,0.2451014518737793,5.446698930528429,1.9667,REB,False,25.2366668701172,24.3883333206177,9.2,5.8,2.4,0,0,POTENTIAL_AST_FALTANTE
Max Strus,1629622,Max Strus,CLE,Detroit Pistons @ Cleveland Cavaliers,DET,1,REB,SINGLE,3.5,1.63,2.11,OVER,1.63,4.745101451873779,1.2451014518737793,1.2451014518737793,35.574327196393696,1.9667,REB,True,25.2366668701172,24.3883333206177,9.2,5.8,2.4,0,0,POTENTIAL_AST_FALTANTE
Max Strus,1629622,Max Strus,CLE,Detroit Pistons @ Cleveland Cavaliers,DET,1,PA,COMBO,12.5,2.05,1.57,UNDER,1.57,12.32044506072998,-0.17955493927001953,0.17955493927001953,1.4364395141601562,5.2838,PA,False,25.2366668701172,24.3883333206177,9.2,5.8,2.4,0,0,POTENTIAL_AST_FALTANTE
Jaxson Hayes,1629637,Jaxson Hayes,LAL,Oklahoma City Thunder @ Los Angeles Lakers,OKC,1,Q1_PTS,Q1,1.5,1.87,1.8,OVER,1.87,1.7167516946792603,0.21675169467926025,0.21675169467926025,14.45011297861735,2.087,Q1_PTS,False,15.5466667175293,17.8333334922791,4.4,3.4,0.6,0,0,TRACKING_FALTANTE_TOTAL
Jaxson Hayes,1629637,Jaxson Hayes,LAL,Oklahoma City Thunder @ Los Angeles Lakers,OKC,1,Q1_PTS,Q1,0.5,1.67,1.9,OVER,1.67,1.7167516946792603,1.2167516946792603,1.2167516946792603,243.35033893585205,2.087,Q1_PTS,True,15.5466667175293,17.8333334922791,4.4,3.4,0.6,0,0,TRACKING_FALTANTE_TOTAL
Jaxson Hayes,1629637,Jaxson Hayes,LAL,Oklahoma City Thunder @ Los Angeles Lakers,OKC,1,PTS,SINGLE,3.5,1.38,2.5,OVER,1.38,6.622843265533447,3.1228432655334473,3.1228432655334473,89.22409330095563,4.8341,PTS,True,15.5466667175293,17.8333334922791,4.4,3.4,0.6,0,0,TRACKING_FALTANTE_TOTAL
Jaxson Hayes,1629637,Jaxson Hayes,LAL,Oklahoma City Thunder @ Los Angeles Lakers,OKC,1,PTS,SINGLE,4.5,1.73,1.95,OVER,1.73,6.622843265533447,2.1228432655334473,2.1228432655334473,47.17429478963216,4.8341,PTS,False,15.5466667175293,17.8333334922791,4.4,3.4,0.6,0,0,TRACKING_FALTANTE_TOTAL
Jaxson Hayes,1629637,Jaxson Hayes,LAL,Oklahoma City Thunder @ Los Angeles Lakers,OKC,1,PTS,SINGLE,6.5,2.43,1.4,OVER,2.43,6.622843265533447,0.12284326553344727,0.12284326553344727,1.8898963928222656,4.8341,PTS,False,15.5466667175293,17.8333334922791,4.4,3.4,0.6,0,0,TRACKING_FALTANTE_TOTAL
Jaxson Hayes,1629637,Jaxson Hayes,LAL,Oklahoma City Thunder @ Los Angeles Lakers,OKC,1,PTS,SINGLE,7.5,2.89,1.28,UNDER,1.28,6.622843265533447,-0.8771567344665527,0.8771567344665527,11.695423126220703,4.8341,PTS,False,15.5466667175293,17.8333334922791,4.4,3.4,0.6,0,0,TRACKING_FALTANTE_TOTAL
Jaxson Hayes,1629637,Jaxson Hayes,LAL,Oklahoma City Thunder @ Los Angeles Lakers,OKC,1,PTS,SINGLE,5.5,1.93,1.65,OVER,1.93,6.622843265533447,1.1228432655334473,1.1228432655334473,20.415332100608133,4.8341,PTS,False,15.5466667175293,17.8333334922791,4.4,3.4,0.6,0,0,TRACKING_FALTANTE_TOTAL
Jaxson Hayes,1629637,Jaxson Hayes,LAL,Oklahoma City Thunder @ Los Angeles Lakers,OKC,1,AST,SINGLE,0.5,1.71,1.98,OVER,1.71,0.953807532787323,0.453807532787323,0.453807532787323,90.7615065574646,1.4546,AST_FALLBACK,False,15.5466667175293,17.8333334922791,4.4,3.4,0.6,0,0,TRACKING_FALTANTE_TOTAL
Jaxson Hayes,1629637,Jaxson Hayes,LAL,Oklahoma City Thunder @ Los Angeles Lakers,OKC,1,FGA,SINGLE,3.5,2.07,1.65,OVER,2.07,4.334221839904785,0.8342218399047852,0.8342218399047852,23.83490971156529,2.8767,FGA,False,15.5466667175293,17.8333334922791,4.4,3.4,0.6,0,0,TRACKING_FALTANTE_TOTAL
Jaxson Hayes,1629637,Jaxson Hayes,LAL,Oklahoma City Thunder @ Los Angeles Lakers,OKC,1,REB,SINGLE,5.5,2.79,1.3,UNDER,1.3,4.053155422210693,-1.4468445777893066,1.4468445777893066,26.306265050714668,1.9667,REB,True,15.5466667175293,17.8333334922791,4.4,3.4,0.6,0,0,TRACKING_FALTANTE_TOTAL
Jaxson Hayes,1629637,Jaxson Hayes,LAL,Oklahoma City Thunder @ Los Angeles Lakers,OKC,1,REB,SINGLE,3.5,1.61,2.14,OVER,1.61,4.053155422210693,0.5531554222106934,0.5531554222106934,15.804440634591238,1.9667,REB,False,15.5466667175293,17.8333334922791,4.4,3.4,0.6,0,0,TRACKING_FALTANTE_TOTAL
Jaxson Hayes,1629637,Jaxson Hayes,LAL,Oklahoma City Thunder @ Los Angeles Lakers,OKC,1,REB,SINGLE,4.5,2.11,1.54,UNDER,1.54,4.053155422210693,-0.44684457778930664,0.44684457778930664,9.929879506429035,1.9667,REB,False,15.5466667175293,17.8333334922791,4.4,3.4,0.6,0,0,TRACKING_FALTANTE_TOTAL
Jaxson Hayes,1629637,Jaxson Hayes,LAL,Oklahoma City Thunder @ Los Angeles Lakers,OKC,1,PR,COMBO,9.5,1.97,1.72,OVER,1.97,10.853158950805664,1.353158950805664,1.353158950805664,14.243778429533304,5.7314,PR,False,15.5466667175293,17.8333334922791,4.4,3.4,0.6,0,0,TRACKING_FALTANTE_TOTAL
Jaxson Hayes,1629637,Jaxson Hayes,LAL,Oklahoma City Thunder @ Los Angeles Lakers,OKC,1,PR,COMBO,7.5,1.5,2.18,OVER,1.5,10.853158950805664,3.353158950805664,3.353158950805664,44.70878601074219,5.7314,PR,True,15.5466667175293,17.8333334922791,4.4,3.4,0.6,0,0,TRACKING_FALTANTE_TOTAL
Jaxson Hayes,1629637,Jaxson Hayes,LAL,Oklahoma City Thunder @ Los Angeles Lakers,OKC,1,PR,COMBO,10.5,2.11,1.54,OVER,2.11,10.853158950805664,0.35315895080566406,0.35315895080566406,3.3634185791015625,5.7314,PR,False,15.5466667175293,17.8333334922791,4.4,3.4,0.6,0,0,TRACKING_FALTANTE_TOTAL
Jaxson Hayes,1629637,Jaxson Hayes,LAL,Oklahoma City Thunder @ Los Angeles Lakers,OKC,1,PR,COMBO,8.5,1.65,1.92,OVER,1.65,10.853158950805664,2.353158950805664,2.353158950805664,27.68422295065487,5.7314,PR,False,15.5466667175293,17.8333334922791,4.4,3.4,0.6,0,0,TRACKING_FALTANTE_TOTAL
Jaxson Hayes,1629637,Jaxson Hayes,LAL,Oklahoma City Thunder @ Los Angeles Lakers,OKC,1,PA,COMBO,5.5,1.75,1.92,OVER,1.75,7.438873767852783,1.9388737678527832,1.9388737678527832,35.252250324596055,5.2838,PA,False,15.5466667175293,17.8333334922791,4.4,3.4,0.6,0,0,TRACKING_FALTANTE_TOTAL
Jaxson Hayes,1629637,Jaxson Hayes,LAL,Oklahoma City Thunder @ Los Angeles Lakers,OKC,1,PA,COMBO,4.5,1.51,2.17,OVER,1.51,7.438873767852783,2.938873767852783,2.938873767852783,65.30830595228407,5.2838,PA,True,15.5466667175293,17.8333334922791,4.4,3.4,0.6,0,0,TRACKING_FALTANTE_TOTAL
Jaxson Hayes,1629637,Jaxson Hayes,LAL,Oklahoma City Thunder @ Los Angeles Lakers,OKC,1,PA,COMBO,6.5,2.07,1.56,OVER,2.07,7.438873767852783,0.9388737678527832,0.9388737678527832,14.444211813119741,5.2838,PA,False,15.5466667175293,17.8333334922791,4.4,3.4,0.6,0,0,TRACKING_FALTANTE_TOTAL
Jaxson Hayes,1629637,Jaxson Hayes,LAL,Oklahoma City Thunder @ Los Angeles Lakers,OKC,1,RA,COMBO,4.5,1.73,1.95,OVER,1.73,5.239376544952393,0.7393765449523926,0.7393765449523926,16.430589887830944,2.6976,RA,False,15.5466667175293,17.8333334922791,4.4,3.4,0.6,0,0,TRACKING_FALTANTE_TOTAL
Jaxson Hayes,1629637,Jaxson Hayes,LAL,Oklahoma City Thunder @ Los Angeles Lakers,OKC,1,RA,COMBO,5.5,2.11,1.54,UNDER,1.54,5.239376544952393,-0.2606234550476074,0.2606234550476074,4.738608273592862,2.6976,RA,False,15.5466667175293,17.8333334922791,4.4,3.4,0.6,0,0,TRACKING_FALTANTE_TOTAL
Jaxson Hayes,1629637,Jaxson Hayes,LAL,Oklahoma City Thunder @ Los Angeles Lakers,OKC,1,PRA,COMBO,11.5,2.16,1.51,UNDER,1.51,11.307799339294434,-0.1922006607055664,0.1922006607055664,1.6713100930918818,6.1893,PRA,False,15.5466667175293,17.8333334922791,4.4,3.4,0.6,0,0,TRACKING_FALTANTE_TOTAL
Jaxson Hayes,1629637,Jaxson Hayes,LAL,Oklahoma City Thunder @ Los Angeles Lakers,OKC,1,PRA,COMBO,10.5,1.92,1.65,OVER,1.92,11.307799339294434,0.8077993392944336,0.8077993392944336,7.6933270408993675,6.1893,PRA,False,15.5466667175293,17.8333334922791,4.4,3.4,0.6,0,0,TRACKING_FALTANTE_TOTAL
Jaxson Hayes,1629637,Jaxson Hayes,LAL,Oklahoma City Thunder @ Los Angeles Lakers,OKC,1,PRA,COMBO,9.5,1.74,1.94,OVER,1.74,11.307799339294434,1.8077993392944336,1.8077993392944336,19.02946672941509,6.1893,PRA,False,15.5466667175293,17.8333334922791,4.4,3.4,0.6,0,0,TRACKING_FALTANTE_TOTAL
Jaxson Hayes,1629637,Jaxson Hayes,LAL,Oklahoma City Thunder @ Los Angeles Lakers,OKC,1,PRA,COMBO,7.5,1.38,2.49,OVER,1.38,11.307799339294434,3.8077993392944336,3.8077993392944336,50.77065785725912,6.1893,PRA,True,15.5466667175293,17.8333334922791,4.4,3.4,0.6,0,0,TRACKING_FALTANTE_TOTAL
Jaxson Hayes,1629637,Jaxson Hayes,LAL,Oklahoma City Thunder @ Los Angeles Lakers,OKC,1,PRA,COMBO,12.5,2.51,1.38,UNDER,1.38,11.307799339294434,-1.1922006607055664,1.1922006607055664,9.537605285644531,6.1893,PRA,False,15.5466667175293,17.8333334922791,4.4,3.4,0.6,0,0,TRACKING_FALTANTE_TOTAL
Jaxson Hayes,1629637,Jaxson Hayes,LAL,Oklahoma City Thunder @ Los Angeles Lakers,OKC,1,PRA,COMBO,8.5,1.55,2.08,OVER,1.55,11.307799339294434,2.8077993392944336,2.8077993392944336,33.03293340346393,6.1893,PRA,False,15.5466667175293,17.8333334922791,4.4,3.4,0.6,0,0,TRACKING_FALTANTE_TOTAL
Luguentz Dort,1629652,Luguentz Dort,OKC,Oklahoma City Thunder @ Los Angeles Lakers,LAL,0,FGA,SINGLE,6.5,1.83,1.84,UNDER,1.84,6.177791595458984,-0.3222084045410156,0.3222084045410156,4.957052377554087,2.8767,FGA,False,25.1643333435059,23.0221668243408,6.6,2.6,1.8,0,0,TRACKING_FALTANTE_TOTAL
Luguentz Dort,1629652,Luguentz Dort,OKC,Oklahoma City Thunder @ Los Angeles Lakers,LAL,0,PR,COMBO,11.5,1.99,1.6,UNDER,1.6,11.080449104309082,-0.41955089569091797,0.41955089569091797,3.6482686581818955,5.7314,PR,False,25.1643333435059,23.0221668243408,6.6,2.6,1.8,0,0,TRACKING_FALTANTE_TOTAL
Luguentz Dort,1629652,Luguentz Dort,OKC,Oklahoma City Thunder @ Los Angeles Lakers,LAL,0,PR,COMBO,9.5,1.57,2.05,OVER,1.57,11.080449104309082,1.580449104309082,1.580449104309082,16.636306361148232,5.7314,PR,False,25.1643333435059,23.0221668243408,6.6,2.6,1.8,0,0,TRACKING_FALTANTE_TOTAL
Luguentz Dort,1629652,Luguentz Dort,OKC,Oklahoma City Thunder @ Los Angeles Lakers,LAL,0,PR,COMBO,10.5,1.82,1.85,OVER,1.82,11.080449104309082,0.580449104309082,0.580449104309082,5.528086707705543,5.7314,PR,False,25.1643333435059,23.0221668243408,6.6,2.6,1.8,0,0,TRACKING_FALTANTE_TOTAL
Luguentz Dort,1629652,Luguentz Dort,OKC,Oklahoma City Thunder @ Los Angeles Lakers,LAL,0,PR,COMBO,12.5,2.18,1.5,UNDER,1.5,11.080449104309082,-1.419550895690918,1.419550895690918,11.356407165527344,5.7314,PR,False,25.1643333435059,23.0221668243408,6.6,2.6,1.8,0,0,TRACKING_FALTANTE_TOTAL
Luguentz Dort,1629652,Luguentz Dort,OKC,Oklahoma City Thunder @ Los Angeles Lakers,LAL,0,3PT,SINGLE,1.5,1.56,2.22,OVER,1.56,2.1050291061401367,0.6050291061401367,0.6050291061401367,40.33527374267578,0.9642,3PT,True,25.1643333435059,23.0221668243408,6.6,2.6,1.8,0,0,TRACKING_FALTANTE_TOTAL
Luguentz Dort,1629652,Luguentz Dort,OKC,Oklahoma City Thunder @ Los Angeles Lakers,LAL,0,3PT,SINGLE,2.5,2.4,1.41,UNDER,1.41,2.1050291061401367,-0.3949708938598633,0.3949708938598633,15.79883575439453,0.9642,3PT,False,25.1643333435059,23.0221668243408,6.6,2.6,1.8,0,0,TRACKING_FALTANTE_TOTAL
Luguentz Dort,1629652,Luguentz Dort,OKC,Oklahoma City Thunder @ Los Angeles Lakers,LAL,0,FGM,SINGLE,2.5,1.78,1.89,OVER,1.78,2.9519190788269043,0.4519190788269043,0.4519190788269043,18.076763153076172,1.8635,FGM,False,25.1643333435059,23.0221668243408,6.6,2.6,1.8,0,0,TRACKING_FALTANTE_TOTAL
Luguentz Dort,1629652,Luguentz Dort,OKC,Oklahoma City Thunder @ Los Angeles Lakers,LAL,0,RA,COMBO,4.5,2.15,1.6,UNDER,1.6,4.431042671203613,-0.06895732879638672,0.06895732879638672,1.5323850843641493,2.6976,RA,False,25.1643333435059,23.0221668243408,6.6,2.6,1.8,0,0,TRACKING_FALTANTE_TOTAL
Luguentz Dort,1629652,Luguentz Dort,OKC,Oklahoma City Thunder @ Los Angeles Lakers,LAL,0,RA,COMBO,3.5,1.56,2.06,OVER,1.56,4.431042671203613,0.9310426712036133,0.9310426712036133,26.601219177246094,2.6976,RA,False,25.1643333435059,23.0221668243408,6.6,2.6,1.8,0,0,TRACKING_FALTANTE_TOTAL
Luguentz Dort,1629652,Luguentz Dort,OKC,Oklahoma City Thunder @ Los Angeles Lakers,LAL,0,Q1_PTS,Q1,2.5,1.82,1.85,UNDER,1.85,2.398163080215454,-0.1018369197845459,0.1018369197845459,4.073476791381836,2.087,Q1_PTS,False,25.1643333435059,23.0221668243408,6.6,2.6,1.8,0,0,TRACKING_FALTANTE_TOTAL
Luguentz Dort,1629652,Luguentz Dort,OKC,Oklahoma City Thunder @ Los Angeles Lakers,LAL,0,Q1_PTS,Q1,0.5,1.55,2.08,OVER,1.55,2.398163080215454,1.898163080215454,1.898163080215454,379.6326160430908,2.087,Q1_PTS,True,25.1643333435059,23.0221668243408,6.6,2.6,1.8,0,0,TRACKING_FALTANTE_TOTAL
Luguentz Dort,1629652,Luguentz Dort,OKC,Oklahoma City Thunder @ Los Angeles Lakers,LAL,0,Q1_PTS,Q1,1.5,1.57,2.05,OVER,1.57,2.398163080215454,0.8981630802154541,0.8981630802154541,59.87753868103027,2.087,Q1_PTS,False,25.1643333435059,23.0221668243408,6.6,2.6,1.8,0,0,TRACKING_FALTANTE_TOTAL
Luguentz Dort,1629652,Luguentz Dort,OKC,Oklahoma City Thunder @ Los Angeles Lakers,LAL,0,PTS,SINGLE,10.5,2.63,1.34,UNDER,1.34,7.990002632141113,-2.5099973678588867,2.5099973678588867,23.904736836751304,4.8341,PTS,True,25.1643333435059,23.0221668243408,6.6,2.6,1.8,0,0,TRACKING_FALTANTE_TOTAL
Luguentz Dort,1629652,Luguentz Dort,OKC,Oklahoma City Thunder @ Los Angeles Lakers,LAL,0,PTS,SINGLE,8.5,2.02,1.59,UNDER,1.59,7.990002632141113,-0.5099973678588867,0.5099973678588867,5.9999690336339615,4.8341,PTS,False,25.1643333435059,23.0221668243408,6.6,2.6,1.8,0,0,TRACKING_FALTANTE_TOTAL
Luguentz Dort,1629652,Luguentz Dort,OKC,Oklahoma City Thunder @ Los Angeles Lakers,LAL,0,PTS,SINGLE,7.5,1.77,1.9,OVER,1.77,7.990002632141113,0.4900026321411133,0.4900026321411133,6.533368428548177,4.8341,PTS,False,25.1643333435059,23.0221668243408,6.6,2.6,1.8,0,0,TRACKING_FALTANTE_TOTAL
Luguentz Dort,1629652,Luguentz Dort,OKC,Oklahoma City Thunder @ Los Angeles Lakers,LAL,0,PTS,SINGLE,5.5,1.39,2.46,OVER,1.39,7.990002632141113,2.4900026321411133,2.4900026321411133,45.27277512983842,4.8341,PTS,True,25.1643333435059,23.0221668243408,6.6,2.6,1.8,0,0,TRACKING_FALTANTE_TOTAL
Luguentz Dort,1629652,Luguentz Dort,OKC,Oklahoma City Thunder @ Los Angeles Lakers,LAL,0,PTS,SINGLE,6.5,1.59,2.01,OVER,1.59,7.990002632141113,1.4900026321411133,1.4900026321411133,22.923117417555588,4.8341,PTS,False,25.1643333435059,23.0221668243408,6.6,2.6,1.8,0,0,TRACKING_FALTANTE_TOTAL
Luguentz Dort,1629652,Luguentz Dort,OKC,Oklahoma City Thunder @ Los Angeles Lakers,LAL,0,PTS,SINGLE,9.5,2.33,1.44,UNDER,1.44,7.990002632141113,-1.5099973678588867,1.5099973678588867,15.894709135356702,4.8341,PTS,False,25.1643333435059,23.0221668243408,6.6,2.6,1.8,0,0,TRACKING_FALTANTE_TOTAL
Luguentz Dort,1629652,Luguentz Dort,OKC,Oklahoma City Thunder @ Los Angeles Lakers,LAL,0,FG3A,SINGLE,5.5,2.13,1.61,OVER,2.13,5.7217841148376465,0.22178411483764648,0.22178411483764648,4.032438451593572,1.5883,FG3A,False,25.1643333435059,23.0221668243408,6.6,2.6,1.8,0,0,TRACKING_FALTANTE_TOTAL
Luguentz Dort,1629652,Luguentz Dort,OKC,Oklahoma City Thunder @ Los Angeles Lakers,LAL,0,REB,SINGLE,2.5,1.6,2.15,OVER,1.6,3.0355536937713623,0.5355536937713623,0.5355536937713623,21.422147750854492,1.9667,REB,False,25.1643333435059,23.0221668243408,6.6,2.6,1.8,0,0,TRACKING_FALTANTE_TOTAL
Luguentz Dort,1629652,Luguentz Dort,OKC,Oklahoma City Thunder @ Los Angeles Lakers,LAL,0,REB,SINGLE,3.5,2.19,1.5,UNDER,1.5,3.0355536937713623,-0.4644463062286377,0.4644463062286377,13.269894463675364,1.9667,REB,False,25.1643333435059,23.0221668243408,6.6,2.6,1.8,0,0,TRACKING_FALTANTE_TOTAL
Luguentz Dort,1629652,Luguentz Dort,OKC,Oklahoma City Thunder @ Los Angeles Lakers,LAL,0,PA,COMBO,10.5,2.17,1.5,UNDER,1.5,9.073267936706543,-1.426732063293457,1.426732063293457,13.587924412318639,5.2838,PA,False,25.1643333435059,23.0221668243408,6.6,2.6,1.8,0,0,TRACKING_FALTANTE_TOTAL
Luguentz Dort,1629652,Luguentz Dort,OKC,Oklahoma City Thunder @ Los Angeles Lakers,LAL,0,PA,COMBO,8.5,1.76,1.92,OVER,1.76,9.073267936706543,0.573267936706543,0.573267936706543,6.7443286671358,5.2838,PA,False,25.1643333435059,23.0221668243408,6.6,2.6,1.8,0,0,TRACKING_FALTANTE_TOTAL
Luguentz Dort,1629652,Luguentz Dort,OKC,Oklahoma City Thunder @ Los Angeles Lakers,LAL,0,PA,COMBO,7.5,1.55,2.09,OVER,1.55,9.073267936706543,1.573267936706543,1.573267936706543,20.976905822753906,5.2838,PA,False,25.1643333435059,23.0221668243408,6.6,2.6,1.8,0,0,TRACKING_FALTANTE_TOTAL
Luguentz Dort,1629652,Luguentz Dort,OKC,Oklahoma City Thunder @ Los Angeles Lakers,LAL,0,PA,COMBO,9.5,1.96,1.63,UNDER,1.63,9.073267936706543,-0.42673206329345703,0.42673206329345703,4.4919164557206,5.2838,PA,False,25.1643333435059,23.0221668243408,6.6,2.6,1.8,0,0,TRACKING_FALTANTE_TOTAL
Luguentz Dort,1629652,Luguentz Dort,OKC,Oklahoma City Thunder @ Los Angeles Lakers,LAL,0,AST,SINGLE,1.5,2.56,1.43,OVER,2.56,1.712508201599121,0.2125082015991211,0.2125082015991211,14.167213439941406,1.4546,AST_FALLBACK,False,25.1643333435059,23.0221668243408,6.6,2.6,1.8,0,0,TRACKING_FALTANTE_TOTAL
Luguentz Dort,1629652,Luguentz Dort,OKC,Oklahoma City Thunder @ Los Angeles Lakers,LAL,0,AST,SINGLE,0.5,1.35,2.6,OVER,1.35,1.712508201599121,1.212508201599121,1.212508201599121,242.50164031982422,1.4546,AST_FALLBACK,True,25.1643333435059,23.0221668243408,6.6,2.6,1.8,0,0,TRACKING_FALTANTE_TOTAL
Luguentz Dort,1629652,Luguentz Dort,OKC,Oklahoma City Thunder @ Los Angeles Lakers,LAL,0,PRA,COMBO,11.5,1.77,1.91,OVER,1.77,11.52053165435791,0.020531654357910156,0.020531654357910156,0.17853612485139267,6.1893,PRA,False,25.1643333435059,23.0221668243408,6.6,2.6,1.8,0,0,TRACKING_FALTANTE_TOTAL
Luguentz Dort,1629652,Luguentz Dort,OKC,Oklahoma City Thunder @ Los Angeles Lakers,LAL,0,PRA,COMBO,15.5,2.78,1.31,UNDER,1.31,11.52053165435791,-3.97946834564209,3.97946834564209,25.673989326723163,6.1893,PRA,True,25.1643333435059,23.0221668243408,6.6,2.6,1.8,0,0,TRACKING_FALTANTE_TOTAL
Luguentz Dort,1629652,Luguentz Dort,OKC,Oklahoma City Thunder @ Los Angeles Lakers,LAL,0,PRA,COMBO,9.5,1.42,2.38,OVER,1.42,11.52053165435791,2.02053165435791,2.02053165435791,21.268754256399056,6.1893,PRA,False,25.1643333435059,23.0221668243408,6.6,2.6,1.8,0,0,TRACKING_FALTANTE_TOTAL
Luguentz Dort,1629652,Luguentz Dort,OKC,Oklahoma City Thunder @ Los Angeles Lakers,LAL,0,PRA,COMBO,10.5,1.53,2.11,OVER,1.53,11.52053165435791,1.0205316543579102,1.0205316543579102,9.719349089122954,6.1893,PRA,False,25.1643333435059,23.0221668243408,6.6,2.6,1.8,0,0,TRACKING_FALTANTE_TOTAL
Luguentz Dort,1629652,Luguentz Dort,OKC,Oklahoma City Thunder @ Los Angeles Lakers,LAL,0,PRA,COMBO,12.5,1.91,1.66,UNDER,1.66,11.52053165435791,-0.9794683456420898,0.9794683456420898,7.835746765136718,6.1893,PRA,False,25.1643333435059,23.0221668243408,6.6,2.6,1.8,0,0,TRACKING_FALTANTE_TOTAL
Luguentz Dort,1629652,Luguentz Dort,OKC,Oklahoma City Thunder @ Los Angeles Lakers,LAL,0,PRA,COMBO,13.5,2.1,1.54,UNDER,1.54,11.52053165435791,-1.9794683456420898,1.9794683456420898,14.662728486237702,6.1893,PRA,False,25.1643333435059,23.0221668243408,6.6,2.6,1.8,0,0,TRACKING_FALTANTE_TOTAL
Luguentz Dort,1629652,Luguentz Dort,OKC,Oklahoma City Thunder @ Los Angeles Lakers,LAL,0,PRA,COMBO,14.5,2.42,1.41,UNDER,1.41,11.52053165435791,-2.97946834564209,2.97946834564209,20.548057556152344,6.1893,PRA,False,25.1643333435059,23.0221668243408,6.6,2.6,1.8,0,0,TRACKING_FALTANTE_TOTAL
Luguentz Dort,1629652,Luguentz Dort,OKC,Oklahoma City Thunder @ Los Angeles Lakers,LAL,0,Q1_REB,Q1,0.5,1.66,2.05,OVER,1.66,0.9023807048797607,0.40238070487976074,0.40238070487976074,80.47614097595215,0.9236,Q1_REB,False,25.1643333435059,23.0221668243408,6.6,2.6,1.8,0,0,TRACKING_FALTANTE_TOTAL
Naz Reid,1629675,Naz Reid,MIN,Minnesota Timberwolves @ San Antonio Spurs,SAS,0,PTS,SINGLE,11.5,1.91,1.66,OVER,1.91,13.679009437561035,2.179009437561035,2.179009437561035,18.947908152704652,4.8341,PTS,False,27.373999786377,24.6669998168945,13.4,8.0,1.6,0,0,TRACKING_FALTANTE_TOTAL
Naz Reid,1629675,Naz Reid,MIN,Minnesota Timberwolves @ San Antonio Spurs,SAS,0,PTS,SINGLE,7.5,1.3,2.79,OVER,1.3,13.679009437561035,6.179009437561035,6.179009437561035,82.3867925008138,4.8341,PTS,True,27.373999786377,24.6669998168945,13.4,8.0,1.6,0,0,TRACKING_FALTANTE_TOTAL
Naz Reid,1629675,Naz Reid,MIN,Minnesota Timberwolves @ San Antonio Spurs,SAS,0,PTS,SINGLE,13.5,2.42,1.41,OVER,2.42,13.679009437561035,0.17900943756103516,0.17900943756103516,1.3259958337854456,4.8341,PTS,False,27.373999786377,24.6669998168945,13.4,8.0,1.6,0,0,TRACKING_FALTANTE_TOTAL
Naz Reid,1629675,Naz Reid,MIN,Minnesota Timberwolves @ San Antonio Spurs,SAS,0,PTS,SINGLE,10.5,1.75,1.92,OVER,1.75,13.679009437561035,3.179009437561035,3.179009437561035,30.276280357724143,4.8341,PTS,True,27.373999786377,24.6669998168945,13.4,8.0,1.6,0,0,TRACKING_FALTANTE_TOTAL
Naz Reid,1629675,Naz Reid,MIN,Minnesota Timberwolves @ San Antonio Spurs,SAS,0,PTS,SINGLE,8.5,1.43,2.35,OVER,1.43,13.679009437561035,5.179009437561035,5.179009437561035,60.92952279483571,4.8341,PTS,True,27.373999786377,24.6669998168945,13.4,8.0,1.6,0,0,TRACKING_FALTANTE_TOTAL
Naz Reid,1629675,Naz Reid,MIN,Minnesota Timberwolves @ San Antonio Spurs,SAS,0,PTS,SINGLE,9.5,1.53,2.11,OVER,1.53,13.679009437561035,4.179009437561035,4.179009437561035,43.98957302695827,4.8341,PTS,True,27.373999786377,24.6669998168945,13.4,8.0,1.6,0,0,TRACKING_FALTANTE_TOTAL
Naz Reid,1629675,Naz Reid,MIN,Minnesota Timberwolves @ San Antonio Spurs,SAS,0,PTS,SINGLE,12.5,2.1,1.54,OVER,2.1,13.679009437561035,1.1790094375610352,1.1790094375610352,9.432075500488281,4.8341,PTS,False,27.373999786377,24.6669998168945,13.4,8.0,1.6,0,0,TRACKING_FALTANTE_TOTAL
Naz Reid,1629675,Naz Reid,MIN,Minnesota Timberwolves @ San Antonio Spurs,SAS,0,PTS,SINGLE,14.5,2.78,1.31,UNDER,1.31,13.679009437561035,-0.8209905624389648,0.8209905624389648,5.662003878889413,4.8341,PTS,False,27.373999786377,24.6669998168945,13.4,8.0,1.6,0,0,TRACKING_FALTANTE_TOTAL
Naz Reid,1629675,Naz Reid,MIN,Minnesota Timberwolves @ San Antonio Spurs,SAS,0,AST,SINGLE,1.5,1.92,1.76,OVER,1.92,2.026643753051758,0.5266437530517578,0.5266437530517578,35.10958353678386,1.4546,AST_FALLBACK,False,27.373999786377,24.6669998168945,13.4,8.0,1.6,0,0,TRACKING_FALTANTE_TOTAL
Naz Reid,1629675,Naz Reid,MIN,Minnesota Timberwolves @ San Antonio Spurs,SAS,0,3PT,SINGLE,1.5,1.77,1.9,OVER,1.77,1.687890887260437,0.187890887260437,0.187890887260437,12.5260591506958,0.9642,3PT,False,27.373999786377,24.6669998168945,13.4,8.0,1.6,0,0,TRACKING_FALTANTE_TOTAL
Naz Reid,1629675,Naz Reid,MIN,Minnesota Timberwolves @ San Antonio Spurs,SAS,0,Q1_PTS,Q1,2.5,1.94,1.74,OVER,1.94,3.0177319049835205,0.5177319049835205,0.5177319049835205,20.70927619934082,2.087,Q1_PTS,False,27.373999786377,24.6669998168945,13.4,8.0,1.6,0,0,TRACKING_FALTANTE_TOTAL
Naz Reid,1629675,Naz Reid,MIN,Minnesota Timberwolves @ San Antonio Spurs,SAS,0,Q1_REB,Q1,1.5,2.2,1.58,OVER,2.2,1.8398410081863403,0.33984100818634033,0.33984100818634033,22.65606721242269,0.9236,Q1_REB,False,27.373999786377,24.6669998168945,13.4,8.0,1.6,0,0,TRACKING_FALTANTE_TOTAL
Naz Reid,1629675,Naz Reid,MIN,Minnesota Timberwolves @ San Antonio Spurs,SAS,0,FTM,SINGLE,0.5,1.75,1.93,OVER,1.75,1.4182239770889282,0.9182239770889282,0.9182239770889282,183.64479541778564,1.4962,FTM,True,27.373999786377,24.6669998168945,13.4,8.0,1.6,0,0,TRACKING_FALTANTE_TOTAL
Naz Reid,1629675,Naz Reid,MIN,Minnesota Timberwolves @ San Antonio Spurs,SAS,0,FTA,SINGLE,1.5,1.83,1.84,OVER,1.83,2.0082907676696777,0.5082907676696777,0.5082907676696777,33.886051177978516,1.8012,FTA,False,27.373999786377,24.6669998168945,13.4,8.0,1.6,0,0,TRACKING_FALTANTE_TOTAL
Naz Reid,1629675,Naz Reid,MIN,Minnesota Timberwolves @ San Antonio Spurs,SAS,0,FTA,SINGLE,0.5,1.61,1.99,OVER,1.61,2.0082907676696777,1.5082907676696777,1.5082907676696777,301.65815353393555,1.8012,FTA,True,27.373999786377,24.6669998168945,13.4,8.0,1.6,0,0,TRACKING_FALTANTE_TOTAL
Naz Reid,1629675,Naz Reid,MIN,Minnesota Timberwolves @ San Antonio Spurs,SAS,0,FGA,SINGLE,9.5,1.77,1.9,OVER,1.77,10.389548301696777,0.8895483016967773,0.8895483016967773,9.363666333650288,2.8767,FGA,False,27.373999786377,24.6669998168945,13.4,8.0,1.6,0,0,TRACKING_FALTANTE_TOTAL
Naz Reid,1629675,Naz Reid,MIN,Minnesota Timberwolves @ San Antonio Spurs,SAS,0,FG3A,SINGLE,4.5,1.8,1.87,OVER,1.8,4.802696228027344,0.30269622802734375,0.30269622802734375,6.726582845052083,1.5883,FG3A,False,27.373999786377,24.6669998168945,13.4,8.0,1.6,0,0,TRACKING_FALTANTE_TOTAL
Naz Reid,1629675,Naz Reid,MIN,Minnesota Timberwolves @ San Antonio Spurs,SAS,0,REB,SINGLE,6.5,1.96,1.73,OVER,1.96,6.71858024597168,0.2185802459716797,0.2185802459716797,3.362773014948918,1.9667,REB,False,27.373999786377,24.6669998168945,13.4,8.0,1.6,0,0,TRACKING_FALTANTE_TOTAL
Naz Reid,1629675,Naz Reid,MIN,Minnesota Timberwolves @ San Antonio Spurs,SAS,0,REB,SINGLE,7.5,2.37,1.42,UNDER,1.42,6.71858024597168,-0.7814197540283203,0.7814197540283203,10.418930053710938,1.9667,REB,False,27.373999786377,24.6669998168945,13.4,8.0,1.6,0,0,TRACKING_FALTANTE_TOTAL
Naz Reid,1629675,Naz Reid,MIN,Minnesota Timberwolves @ San Antonio Spurs,SAS,0,REB,SINGLE,5.5,1.57,2.06,OVER,1.57,6.71858024597168,1.2185802459716797,1.2185802459716797,22.156004472212356,1.9667,REB,True,27.373999786377,24.6669998168945,13.4,8.0,1.6,0,0,TRACKING_FALTANTE_TOTAL
Naz Reid,1629675,Naz Reid,MIN,Minnesota Timberwolves @ San Antonio Spurs,SAS,0,PA,COMBO,11.5,1.6,1.99,OVER,1.6,13.913415908813477,2.4134159088134766,2.4134159088134766,20.98622529403023,5.2838,PA,False,27.373999786377,24.6669998168945,13.4,8.0,1.6,0,0,TRACKING_FALTANTE_TOTAL
Naz Reid,1629675,Naz Reid,MIN,Minnesota Timberwolves @ San Antonio Spurs,SAS,0,PA,COMBO,13.5,2.0,1.6,OVER,2.0,13.913415908813477,0.41341590881347656,0.41341590881347656,3.0623400652850115,5.2838,PA,False,27.373999786377,24.6669998168945,13.4,8.0,1.6,0,0,TRACKING_FALTANTE_TOTAL
Naz Reid,1629675,Naz Reid,MIN,Minnesota Timberwolves @ San Antonio Spurs,SAS,0,PA,COMBO,12.5,1.85,1.82,OVER,1.85,13.913415908813477,1.4134159088134766,1.4134159088134766,11.307327270507812,5.2838,PA,False,27.373999786377,24.6669998168945,13.4,8.0,1.6,0,0,TRACKING_FALTANTE_TOTAL
Naz Reid,1629675,Naz Reid,MIN,Minnesota Timberwolves @ San Antonio Spurs,SAS,0,PR,COMBO,18.5,1.98,1.61,OVER,1.98,19.74327278137207,1.2432727813720703,1.2432727813720703,6.720393412822001,5.7314,PR,False,27.373999786377,24.6669998168945,13.4,8.0,1.6,0,0,TRACKING_FALTANTE_TOTAL
Naz Reid,1629675,Naz Reid,MIN,Minnesota Timberwolves @ San Antonio Spurs,SAS,0,PR,COMBO,16.5,1.65,1.92,OVER,1.65,19.74327278137207,3.2432727813720703,3.2432727813720703,19.656198674982246,5.7314,PR,True,27.373999786377,24.6669998168945,13.4,8.0,1.6,0,0,TRACKING_FALTANTE_TOTAL
Naz Reid,1629675,Naz Reid,MIN,Minnesota Timberwolves @ San Antonio Spurs,SAS,0,PR,COMBO,15.5,1.57,2.06,OVER,1.57,19.74327278137207,4.24327278137207,4.24327278137207,27.375953428206905,5.7314,PR,True,27.373999786377,24.6669998168945,13.4,8.0,1.6,0,0,TRACKING_FALTANTE_TOTAL
Naz Reid,1629675,Naz Reid,MIN,Minnesota Timberwolves @ San Antonio Spurs,SAS,0,PR,COMBO,17.5,1.87,1.8,OVER,1.87,19.74327278137207,2.2432727813720703,2.2432727813720703,12.818701607840403,5.7314,PR,False,27.373999786377,24.6669998168945,13.4,8.0,1.6,0,0,TRACKING_FALTANTE_TOTAL
Naz Reid,1629675,Naz Reid,MIN,Minnesota Timberwolves @ San Antonio Spurs,SAS,0,PR,COMBO,19.5,2.15,1.52,OVER,2.15,19.74327278137207,0.2432727813720703,0.2432727813720703,1.2475527249849758,5.7314,PR,False,27.373999786377,24.6669998168945,13.4,8.0,1.6,0,0,TRACKING_FALTANTE_TOTAL
Naz Reid,1629675,Naz Reid,MIN,Minnesota Timberwolves @ San Antonio Spurs,SAS,0,RA,COMBO,7.5,1.71,1.98,OVER,1.71,8.449117660522461,0.9491176605224609,0.9491176605224609,12.654902140299479,2.6976,RA,False,27.373999786377,24.6669998168945,13.4,8.0,1.6,0,0,TRACKING_FALTANTE_TOTAL
Naz Reid,1629675,Naz Reid,MIN,Minnesota Timberwolves @ San Antonio Spurs,SAS,0,RA,COMBO,8.5,2.04,1.58,UNDER,1.58,8.449117660522461,-0.05088233947753906,0.05088233947753906,0.5986157585592831,2.6976,RA,False,27.373999786377,24.6669998168945,13.4,8.0,1.6,0,0,TRACKING_FALTANTE_TOTAL
Naz Reid,1629675,Naz Reid,MIN,Minnesota Timberwolves @ San Antonio Spurs,SAS,0,PRA,COMBO,16.5,1.5,2.19,OVER,1.5,22.793310165405273,6.293310165405273,6.293310165405273,38.14127372972893,6.1893,PRA,True,27.373999786377,24.6669998168945,13.4,8.0,1.6,0,0,TRACKING_FALTANTE_TOTAL
Naz Reid,1629675,Naz Reid,MIN,Minnesota Timberwolves @ San Antonio Spurs,SAS,0,PRA,COMBO,18.5,1.75,1.93,OVER,1.75,22.793310165405273,4.293310165405273,4.293310165405273,23.20708197516364,6.1893,PRA,True,27.373999786377,24.6669998168945,13.4,8.0,1.6,0,0,TRACKING_FALTANTE_TOTAL
Naz Reid,1629675,Naz Reid,MIN,Minnesota Timberwolves @ San Antonio Spurs,SAS,0,PRA,COMBO,20.5,2.06,1.56,OVER,2.06,22.793310165405273,2.2933101654052734,2.2933101654052734,11.18687885563548,6.1893,PRA,False,27.373999786377,24.6669998168945,13.4,8.0,1.6,0,0,TRACKING_FALTANTE_TOTAL
Naz Reid,1629675,Naz Reid,MIN,Minnesota Timberwolves @ San Antonio Spurs,SAS,0,PRA,COMBO,21.5,2.21,1.49,OVER,2.21,22.793310165405273,1.2933101654052734,1.2933101654052734,6.0153961181640625,6.1893,PRA,False,27.373999786377,24.6669998168945,13.4,8.0,1.6,0,0,TRACKING_FALTANTE_TOTAL
Naz Reid,1629675,Naz Reid,MIN,Minnesota Timberwolves @ San Antonio Spurs,SAS,0,PRA,COMBO,22.5,2.49,1.38,OVER,2.49,22.793310165405273,0.29331016540527344,0.29331016540527344,1.3036007351345487,6.1893,PRA,False,27.373999786377,24.6669998168945,13.4,8.0,1.6,0,0,TRACKING_FALTANTE_TOTAL
Naz Reid,1629675,Naz Reid,MIN,Minnesota Timberwolves @ San Antonio Spurs,SAS,0,PRA,COMBO,23.5,2.8,1.3,UNDER,1.3,22.793310165405273,-0.7066898345947266,0.7066898345947266,3.007190785509475,6.1893,PRA,False,27.373999786377,24.6669998168945,13.4,8.0,1.6,0,0,TRACKING_FALTANTE_TOTAL
Naz Reid,1629675,Naz Reid,MIN,Minnesota Timberwolves @ San Antonio Spurs,SAS,0,PRA,COMBO,15.5,1.38,2.49,OVER,1.38,22.793310165405273,7.293310165405273,7.293310165405273,47.0536139703566,6.1893,PRA,True,27.373999786377,24.6669998168945,13.4,8.0,1.6,0,0,TRACKING_FALTANTE_TOTAL
Naz Reid,1629675,Naz Reid,MIN,Minnesota Timberwolves @ San Antonio Spurs,SAS,0,PRA,COMBO,19.5,1.87,1.69,OVER,1.87,22.793310165405273,3.2933101654052734,3.2933101654052734,16.888770079001404,6.1893,PRA,True,27.373999786377,24.6669998168945,13.4,8.0,1.6,0,0,TRACKING_FALTANTE_TOTAL
Naz Reid,1629675,Naz Reid,MIN,Minnesota Timberwolves @ San Antonio Spurs,SAS,0,PRA,COMBO,17.5,1.58,2.04,OVER,1.58,22.793310165405273,5.293310165405273,5.293310165405273,30.247486659458705,6.1893,PRA,True,27.373999786377,24.6669998168945,13.4,8.0,1.6,0,0,TRACKING_FALTANTE_TOTAL
Anthony Edwards,1630162,Anthony Edwards,MIN,Minnesota Timberwolves @ San Antonio Spurs,SAS,0,PRA,COMBO,30.5,1.71,1.85,OVER,1.71,30.633028030395508,0.1330280303955078,0.1330280303955078,0.436157476706583,6.1893,PRA,False,26.1366668701172,28.2083333969116,16.4,4.8,1.6,0,0,TRACKING_FALTANTE_TOTAL
Anthony Edwards,1630162,Anthony Edwards,MIN,Minnesota Timberwolves @ San Antonio Spurs,SAS,0,PRA,COMBO,32.5,1.95,1.63,UNDER,1.63,30.633028030395508,-1.8669719696044922,1.8669719696044922,5.744529137244592,6.1893,PRA,False,26.1366668701172,28.2083333969116,16.4,4.8,1.6,0,0,TRACKING_FALTANTE_TOTAL
Anthony Edwards,1630162,Anthony Edwards,MIN,Minnesota Timberwolves @ San Antonio Spurs,SAS,0,PRA,COMBO,25.5,1.32,2.7,OVER,1.32,30.633028030395508,5.133028030395508,5.133028030395508,20.129521687825523,6.1893,PRA,True,26.1366668701172,28.2083333969116,16.4,4.8,1.6,0,0,TRACKING_FALTANTE_TOTAL
Anthony Edwards,1630162,Anthony Edwards,MIN,Minnesota Timberwolves @ San Antonio Spurs,SAS,0,PRA,COMBO,27.5,1.47,2.25,OVER,1.47,30.633028030395508,3.133028030395508,3.133028030395508,11.39282920143821,6.1893,PRA,True,26.1366668701172,28.2083333969116,16.4,4.8,1.6,0,0,TRACKING_FALTANTE_TOTAL
Anthony Edwards,1630162,Anthony Edwards,MIN,Minnesota Timberwolves @ San Antonio Spurs,SAS,0,PRA,COMBO,28.5,1.56,2.07,OVER,1.56,30.633028030395508,2.133028030395508,2.133028030395508,7.4843088785807295,6.1893,PRA,False,26.1366668701172,28.2083333969116,16.4,4.8,1.6,0,0,TRACKING_FALTANTE_TOTAL
Anthony Edwards,1630162,Anthony Edwards,MIN,Minnesota Timberwolves @ San Antonio Spurs,SAS,0,PRA,COMBO,29.5,1.61,1.98,OVER,1.61,30.633028030395508,1.1330280303955078,1.1330280303955078,3.840772984391552,6.1893,PRA,False,26.1366668701172,28.2083333969116,16.4,4.8,1.6,0,0,TRACKING_FALTANTE_TOTAL
Anthony Edwards,1630162,Anthony Edwards,MIN,Minnesota Timberwolves @ San Antonio Spurs,SAS,0,PRA,COMBO,33.5,2.11,1.54,UNDER,1.54,30.633028030395508,-2.866971969604492,2.866971969604492,8.558125282401468,6.1893,PRA,False,26.1366668701172,28.2083333969116,16.4,4.8,1.6,0,0,TRACKING_FALTANTE_TOTAL
Anthony Edwards,1630162,Anthony Edwards,MIN,Minnesota Timberwolves @ San Antonio Spurs,SAS,0,PRA,COMBO,34.5,2.19,1.49,UNDER,1.49,30.633028030395508,-3.866971969604492,3.866971969604492,11.208614404650701,6.1893,PRA,True,26.1366668701172,28.2083333969116,16.4,4.8,1.6,0,0,TRACKING_FALTANTE_TOTAL
Anthony Edwards,1630162,Anthony Edwards,MIN,Minnesota Timberwolves @ San Antonio Spurs,SAS,0,PRA,COMBO,35.5,2.4,1.41,UNDER,1.41,30.633028030395508,-4.866971969604492,4.866971969604492,13.70978019606899,6.1893,PRA,True,26.1366668701172,28.2083333969116,16.4,4.8,1.6,0,0,TRACKING_FALTANTE_TOTAL
Anthony Edwards,1630162,Anthony Edwards,MIN,Minnesota Timberwolves @ San Antonio Spurs,SAS,0,PRA,COMBO,26.5,1.39,2.47,OVER,1.39,30.633028030395508,4.133028030395508,4.133028030395508,15.596332190171728,6.1893,PRA,True,26.1366668701172,28.2083333969116,16.4,4.8,1.6,0,0,TRACKING_FALTANTE_TOTAL
Anthony Edwards,1630162,Anthony Edwards,MIN,Minnesota Timberwolves @ San Antonio Spurs,SAS,0,PRA,COMBO,31.5,1.89,1.78,UNDER,1.78,30.633028030395508,-0.8669719696044922,0.8669719696044922,2.7522919669983876,6.1893,PRA,False,26.1366668701172,28.2083333969116,16.4,4.8,1.6,0,0,TRACKING_FALTANTE_TOTAL
Anthony Edwards,1630162,Anthony Edwards,MIN,Minnesota Timberwolves @ San Antonio Spurs,SAS,0,PTS,SINGLE,22.5,1.79,1.88,OVER,1.79,23.249542236328125,0.749542236328125,0.749542236328125,3.3312988281249996,4.8341,PTS,False,26.1366668701172,28.2083333969116,16.4,4.8,1.6,0,0,TRACKING_FALTANTE_TOTAL
Anthony Edwards,1630162,Anthony Edwards,MIN,Minnesota Timberwolves @ San Antonio Spurs,SAS,0,PTS,SINGLE,26.5,2.36,1.42,UNDER,1.42,23.249542236328125,-3.250457763671875,3.250457763671875,12.265878353478774,4.8341,PTS,True,26.1366668701172,28.2083333969116,16.4,4.8,1.6,0,0,TRACKING_FALTANTE_TOTAL
Anthony Edwards,1630162,Anthony Edwards,MIN,Minnesota Timberwolves @ San Antonio Spurs,SAS,0,PTS,SINGLE,19.5,1.43,2.34,OVER,1.43,23.249542236328125,3.749542236328125,3.749542236328125,19.228421724759613,4.8341,PTS,True,26.1366668701172,28.2083333969116,16.4,4.8,1.6,0,0,TRACKING_FALTANTE_TOTAL
Anthony Edwards,1630162,Anthony Edwards,MIN,Minnesota Timberwolves @ San Antonio Spurs,SAS,0,PTS,SINGLE,17.5,1.28,2.9,OVER,1.28,23.249542236328125,5.749542236328125,5.749542236328125,32.85452706473214,4.8341,PTS,True,26.1366668701172,28.2083333969116,16.4,4.8,1.6,0,0,TRACKING_FALTANTE_TOTAL
Anthony Edwards,1630162,Anthony Edwards,MIN,Minnesota Timberwolves @ San Antonio Spurs,SAS,0,PTS,SINGLE,18.5,1.35,2.6,OVER,1.35,23.249542236328125,4.749542236328125,4.749542236328125,25.673201277449326,4.8341,PTS,True,26.1366668701172,28.2083333969116,16.4,4.8,1.6,0,0,TRACKING_FALTANTE_TOTAL
Anthony Edwards,1630162,Anthony Edwards,MIN,Minnesota Timberwolves @ San Antonio Spurs,SAS,0,PTS,SINGLE,20.5,1.55,2.09,OVER,1.55,23.249542236328125,2.749542236328125,2.749542236328125,13.412401152820122,4.8341,PTS,True,26.1366668701172,28.2083333969116,16.4,4.8,1.6,0,0,TRACKING_FALTANTE_TOTAL
Anthony Edwards,1630162,Anthony Edwards,MIN,Minnesota Timberwolves @ San Antonio Spurs,SAS,0,PTS,SINGLE,24.5,2.05,1.57,UNDER,1.57,23.249542236328125,-1.250457763671875,1.250457763671875,5.103909239477041,4.8341,PTS,False,26.1366668701172,28.2083333969116,16.4,4.8,1.6,0,0,TRACKING_FALTANTE_TOTAL
Anthony Edwards,1630162,Anthony Edwards,MIN,Minnesota Timberwolves @ San Antonio Spurs,SAS,0,PTS,SINGLE,25.5,2.15,1.51,UNDER,1.51,23.249542236328125,-2.250457763671875,2.250457763671875,8.825324563419118,4.8341,PTS,False,26.1366668701172,28.2083333969116,16.4,4.8,1.6,0,0,TRACKING_FALTANTE_TOTAL
Anthony Edwards,1630162,Anthony Edwards,MIN,Minnesota Timberwolves @ San Antonio Spurs,SAS,0,PTS,SINGLE,27.5,2.61,1.35,UNDER,1.35,23.249542236328125,-4.250457763671875,4.250457763671875,15.45621004971591,4.8341,PTS,True,26.1366668701172,28.2083333969116,16.4,4.8,1.6,0,0,TRACKING_FALTANTE_TOTAL
Anthony Edwards,1630162,Anthony Edwards,MIN,Minnesota Timberwolves @ San Antonio Spurs,SAS,0,PTS,SINGLE,28.5,2.91,1.28,UNDER,1.28,23.249542236328125,-5.250457763671875,5.250457763671875,18.422658819901315,4.8341,PTS,True,26.1366668701172,28.2083333969116,16.4,4.8,1.6,0,0,TRACKING_FALTANTE_TOTAL
Anthony Edwards,1630162,Anthony Edwards,MIN,Minnesota Timberwolves @ San Antonio Spurs,SAS,0,PTS,SINGLE,21.5,1.62,1.97,OVER,1.62,23.249542236328125,1.749542236328125,1.749542236328125,8.137405750363373,4.8341,PTS,False,26.1366668701172,28.2083333969116,16.4,4.8,1.6,0,0,TRACKING_FALTANTE_TOTAL
Anthony Edwards,1630162,Anthony Edwards,MIN,Minnesota Timberwolves @ San Antonio Spurs,SAS,0,PTS,SINGLE,23.5,1.89,1.68,UNDER,1.68,23.249542236328125,-0.250457763671875,0.250457763671875,1.0657777177526595,4.8341,PTS,False,26.1366668701172,28.2083333969116,16.4,4.8,1.6,0,0,TRACKING_FALTANTE_TOTAL
Anthony Edwards,1630162,Anthony Edwards,MIN,Minnesota Timberwolves @ San Antonio Spurs,SAS,0,AST,SINGLE,3.5,1.7,2.0,UNDER,2.0,3.398522138595581,-0.10147786140441895,0.10147786140441895,2.899367468697684,1.4546,AST_FALLBACK,False,26.1366668701172,28.2083333969116,16.4,4.8,1.6,0,0,TRACKING_FALTANTE_TOTAL
Anthony Edwards,1630162,Anthony Edwards,MIN,Minnesota Timberwolves @ San Antonio Spurs,SAS,0,AST,SINGLE,4.5,2.23,1.48,UNDER,1.48,3.398522138595581,-1.101477861404419,1.101477861404419,24.477285808987087,1.4546,AST_FALLBACK,True,26.1366668701172,28.2083333969116,16.4,4.8,1.6,0,0,TRACKING_FALTANTE_TOTAL
Anthony Edwards,1630162,Anthony Edwards,MIN,Minnesota Timberwolves @ San Antonio Spurs,SAS,0,3PT,SINGLE,3.5,2.55,1.37,UNDER,1.37,2.5337162017822266,-0.9662837982177734,0.9662837982177734,27.608108520507812,0.9642,3PT,True,26.1366668701172,28.2083333969116,16.4,4.8,1.6,0,0,TRACKING_FALTANTE_TOTAL
Anthony Edwards,1630162,Anthony Edwards,MIN,Minnesota Timberwolves @ San Antonio Spurs,SAS,0,3PT,SINGLE,2.5,1.76,1.91,OVER,1.76,2.5337162017822266,0.03371620178222656,0.03371620178222656,1.3486480712890625,0.9642,3PT,False,26.1366668701172,28.2083333969116,16.4,4.8,1.6,0,0,TRACKING_FALTANTE_TOTAL
Anthony Edwards,1630162,Anthony Edwards,MIN,Minnesota Timberwolves @ San Antonio Spurs,SAS,0,Q1_PTS,Q1,5.5,1.82,1.85,UNDER,1.85,4.4139885902404785,-1.0860114097595215,1.0860114097595215,19.745661995627664,2.087,Q1_PTS,True,26.1366668701172,28.2083333969116,16.4,4.8,1.6,0,0,TRACKING_FALTANTE_TOTAL
Anthony Edwards,1630162,Anthony Edwards,MIN,Minnesota Timberwolves @ San Antonio Spurs,SAS,0,Q1_PTS,Q1,4.5,1.56,2.07,UNDER,2.07,4.4139885902404785,-0.08601140975952148,0.08601140975952148,1.9113646613226996,2.087,Q1_PTS,False,26.1366668701172,28.2083333969116,16.4,4.8,1.6,0,0,TRACKING_FALTANTE_TOTAL
Anthony Edwards,1630162,Anthony Edwards,MIN,Minnesota Timberwolves @ San Antonio Spurs,SAS,0,Q1_PTS,Q1,6.5,2.08,1.55,UNDER,1.55,4.4139885902404785,-2.0860114097595215,2.0860114097595215,32.092483227069565,2.087,Q1_PTS,True,26.1366668701172,28.2083333969116,16.4,4.8,1.6,0,0,TRACKING_FALTANTE_TOTAL
Anthony Edwards,1630162,Anthony Edwards,MIN,Minnesota Timberwolves @ San Antonio Spurs,SAS,0,FTM,SINGLE,4.5,1.93,1.75,UNDER,1.75,4.235327243804932,-0.26467275619506836,0.26467275619506836,5.881616804334852,1.4962,FTM,False,26.1366668701172,28.2083333969116,16.4,4.8,1.6,0,0,TRACKING_FALTANTE_TOTAL
Anthony Edwards,1630162,Anthony Edwards,MIN,Minnesota Timberwolves @ San Antonio Spurs,SAS,0,FTA,SINGLE,5.5,1.85,1.82,UNDER,1.82,5.39951753616333,-0.10048246383666992,0.10048246383666992,1.8269538879394531,1.8012,FTA,False,26.1366668701172,28.2083333969116,16.4,4.8,1.6,0,0,TRACKING_FALTANTE_TOTAL
Anthony Edwards,1630162,Anthony Edwards,MIN,Minnesota Timberwolves @ San Antonio Spurs,SAS,0,FGM,SINGLE,7.5,1.76,1.91,OVER,1.76,8.4409761428833,0.9409761428833008,0.9409761428833008,12.546348571777344,1.8635,FGM,True,26.1366668701172,28.2083333969116,16.4,4.8,1.6,0,0,TRACKING_FALTANTE_TOTAL
Anthony Edwards,1630162,Anthony Edwards,MIN,Minnesota Timberwolves @ San Antonio Spurs,SAS,0,FGA,SINGLE,18.5,1.85,1.82,UNDER,1.82,14.127471923828125,-4.372528076171875,4.372528076171875,23.63528689822635,2.8767,FGA,True,26.1366668701172,28.2083333969116,16.4,4.8,1.6,0,0,TRACKING_FALTANTE_TOTAL
Anthony Edwards,1630162,Anthony Edwards,MIN,Minnesota Timberwolves @ San Antonio Spurs,SAS,0,FGA,SINGLE,17.5,1.6,2.0,UNDER,2.0,14.127471923828125,-3.372528076171875,3.372528076171875,19.27158900669643,2.8767,FGA,True,26.1366668701172,28.2083333969116,16.4,4.8,1.6,0,0,TRACKING_FALTANTE_TOTAL
Anthony Edwards,1630162,Anthony Edwards,MIN,Minnesota Timberwolves @ San Antonio Spurs,SAS,0,FG3A,SINGLE,7.5,1.7,2.0,UNDER,2.0,7.331084728240967,-0.1689152717590332,0.1689152717590332,2.252203623453776,1.5883,FG3A,False,26.1366668701172,28.2083333969116,16.4,4.8,1.6,0,0,TRACKING_FALTANTE_TOTAL
Anthony Edwards,1630162,Anthony Edwards,MIN,Minnesota Timberwolves @ San Antonio Spurs,SAS,0,REB,SINGLE,3.5,1.54,2.11,OVER,1.54,4.638052940368652,1.1380529403686523,1.1380529403686523,32.51579829624721,1.9667,REB,True,26.1366668701172,28.2083333969116,16.4,4.8,1.6,0,0,TRACKING_FALTANTE_TOTAL
Anthony Edwards,1630162,Anthony Edwards,MIN,Minnesota Timberwolves @ San Antonio Spurs,SAS,0,REB,SINGLE,4.5,2.15,1.6,OVER,2.15,4.638052940368652,0.13805294036865234,0.13805294036865234,3.0678431193033857,1.9667,REB,False,26.1366668701172,28.2083333969116,16.4,4.8,1.6,0,0,TRACKING_FALTANTE_TOTAL
Anthony Edwards,1630162,Anthony Edwards,MIN,Minnesota Timberwolves @ San Antonio Spurs,SAS,0,PA,COMBO,26.5,1.8,1.88,UNDER,1.88,25.924827575683594,-0.5751724243164062,0.5751724243164062,2.1704619785524764,5.2838,PA,False,26.1366668701172,28.2083333969116,16.4,4.8,1.6,0,0,TRACKING_FALTANTE_TOTAL
Anthony Edwards,1630162,Anthony Edwards,MIN,Minnesota Timberwolves @ San Antonio Spurs,SAS,0,PA,COMBO,27.5,1.88,1.69,UNDER,1.69,25.924827575683594,-1.5751724243164062,1.5751724243164062,5.727899724786932,5.2838,PA,False,26.1366668701172,28.2083333969116,16.4,4.8,1.6,0,0,TRACKING_FALTANTE_TOTAL
Anthony Edwards,1630162,Anthony Edwards,MIN,Minnesota Timberwolves @ San Antonio Spurs,SAS,0,PA,COMBO,24.5,1.57,2.05,OVER,1.57,25.924827575683594,1.4248275756835938,1.4248275756835938,5.8156227578922195,5.2838,PA,False,26.1366668701172,28.2083333969116,16.4,4.8,1.6,0,0,TRACKING_FALTANTE_TOTAL
Anthony Edwards,1630162,Anthony Edwards,MIN,Minnesota Timberwolves @ San Antonio Spurs,SAS,0,PA,COMBO,28.5,2.03,1.58,UNDER,1.58,25.924827575683594,-2.5751724243164062,2.5751724243164062,9.035692716899671,5.2838,PA,False,26.1366668701172,28.2083333969116,16.4,4.8,1.6,0,0,TRACKING_FALTANTE_TOTAL
Anthony Edwards,1630162,Anthony Edwards,MIN,Minnesota Timberwolves @ San Antonio Spurs,SAS,0,PA,COMBO,29.5,2.11,1.53,UNDER,1.53,25.924827575683594,-3.5751724243164062,3.5751724243164062,12.119228557004767,5.2838,PA,True,26.1366668701172,28.2083333969116,16.4,4.8,1.6,0,0,TRACKING_FALTANTE_TOTAL
Anthony Edwards,1630162,Anthony Edwards,MIN,Minnesota Timberwolves @ San Antonio Spurs,SAS,0,PA,COMBO,25.5,1.63,1.96,OVER,1.63,25.924827575683594,0.42482757568359375,0.42482757568359375,1.665990492876838,5.2838,PA,False,26.1366668701172,28.2083333969116,16.4,4.8,1.6,0,0,TRACKING_FALTANTE_TOTAL
Anthony Edwards,1630162,Anthony Edwards,MIN,Minnesota Timberwolves @ San Antonio Spurs,SAS,0,PR,COMBO,24.5,1.55,2.09,OVER,1.55,29.038585662841797,4.538585662841797,4.538585662841797,18.5248394401706,5.7314,PR,True,26.1366668701172,28.2083333969116,16.4,4.8,1.6,0,0,TRACKING_FALTANTE_TOTAL
Anthony Edwards,1630162,Anthony Edwards,MIN,Minnesota Timberwolves @ San Antonio Spurs,SAS,0,PR,COMBO,27.5,1.9,1.77,OVER,1.9,29.038585662841797,1.5385856628417969,1.5385856628417969,5.594856955788352,5.7314,PR,False,26.1366668701172,28.2083333969116,16.4,4.8,1.6,0,0,TRACKING_FALTANTE_TOTAL
Anthony Edwards,1630162,Anthony Edwards,MIN,Minnesota Timberwolves @ San Antonio Spurs,SAS,0,PR,COMBO,26.5,1.7,1.86,OVER,1.7,29.038585662841797,2.538585662841797,2.538585662841797,9.579568539025649,5.7314,PR,False,26.1366668701172,28.2083333969116,16.4,4.8,1.6,0,0,TRACKING_FALTANTE_TOTAL
Anthony Edwards,1630162,Anthony Edwards,MIN,Minnesota Timberwolves @ San Antonio Spurs,SAS,0,PR,COMBO,28.5,1.97,1.62,OVER,1.97,29.038585662841797,0.5385856628417969,0.5385856628417969,1.8897742555852521,5.7314,PR,False,26.1366668701172,28.2083333969116,16.4,4.8,1.6,0,0,TRACKING_FALTANTE_TOTAL
Anthony Edwards,1630162,Anthony Edwards,MIN,Minnesota Timberwolves @ San Antonio Spurs,SAS,0,PR,COMBO,29.5,2.06,1.57,UNDER,1.57,29.038585662841797,-0.4614143371582031,0.4614143371582031,1.5641163971464513,5.7314,PR,False,26.1366668701172,28.2083333969116,16.4,4.8,1.6,0,0,TRACKING_FALTANTE_TOTAL
Anthony Edwards,1630162,Anthony Edwards,MIN,Minnesota Timberwolves @ San Antonio Spurs,SAS,0,PR,COMBO,25.5,1.6,2.0,OVER,1.6,29.038585662841797,3.538585662841797,3.538585662841797,13.876806520948223,5.7314,PR,True,26.1366668701172,28.2083333969116,16.4,4.8,1.6,0,0,TRACKING_FALTANTE_TOTAL
Anthony Edwards,1630162,Anthony Edwards,MIN,Minnesota Timberwolves @ San Antonio Spurs,SAS,0,RA,COMBO,7.5,1.66,2.06,OVER,1.66,7.565557479858398,0.06555747985839844,0.06555747985839844,0.8740997314453125,2.6976,RA,False,26.1366668701172,28.2083333969116,16.4,4.8,1.6,0,0,TRACKING_FALTANTE_TOTAL
Anthony Edwards,1630162,Anthony Edwards,MIN,Minnesota Timberwolves @ San Antonio Spurs,SAS,0,RA,COMBO,8.5,1.98,1.61,UNDER,1.61,7.565557479858398,-0.9344425201416016,0.9344425201416016,10.993441413430606,2.6976,RA,False,26.1366668701172,28.2083333969116,16.4,4.8,1.6,0,0,TRACKING_FALTANTE_TOTAL
Anthony Edwards,1630162,Anthony Edwards,MIN,Minnesota Timberwolves @ San Antonio Spurs,SAS,0,PRA,COMBO,36.5,2.63,1.34,UNDER,1.34,30.633028030395508,-5.866971969604492,5.866971969604492,16.073895807135596,6.1893,PRA,True,26.1366668701172,28.2083333969116,16.4,4.8,1.6,0,0,TRACKING_FALTANTE_TOTAL
Devin Vassell,1630170,Devin Vassell,SAS,Minnesota Timberwolves @ San Antonio Spurs,MIN,1,PTS,SINGLE,11.5,1.9,1.77,OVER,1.9,13.468585014343262,1.9685850143432617,1.9685850143432617,17.11813055950662,4.8341,PTS,False,31.846667098999,31.8933334350586,11.2,4.8,3.0,0,0,TRACKING_FALTANTE_TOTAL
Devin Vassell,1630170,Devin Vassell,SAS,Minnesota Timberwolves @ San Antonio Spurs,MIN,1,PTS,SINGLE,10.5,1.65,1.92,OVER,1.65,13.468585014343262,2.9685850143432617,2.9685850143432617,28.272238231840586,4.8341,PTS,True,31.846667098999,31.8933334350586,11.2,4.8,3.0,0,0,TRACKING_FALTANTE_TOTAL
Devin Vassell,1630170,Devin Vassell,SAS,Minnesota Timberwolves @ San Antonio Spurs,MIN,1,PTS,SINGLE,14.5,2.73,1.32,UNDER,1.32,13.468585014343262,-1.0314149856567383,1.0314149856567383,7.113206797632678,4.8341,PTS,False,31.846667098999,31.8933334350586,11.2,4.8,3.0,0,0,TRACKING_FALTANTE_TOTAL
Devin Vassell,1630170,Devin Vassell,SAS,Minnesota Timberwolves @ San Antonio Spurs,MIN,1,PTS,SINGLE,8.5,1.37,2.52,OVER,1.37,13.468585014343262,4.968585014343262,4.968585014343262,58.453941345214844,4.8341,PTS,True,31.846667098999,31.8933334350586,11.2,4.8,3.0,0,0,TRACKING_FALTANTE_TOTAL
Devin Vassell,1630170,Devin Vassell,SAS,Minnesota Timberwolves @ San Antonio Spurs,MIN,1,PTS,SINGLE,9.5,1.51,2.15,OVER,1.51,13.468585014343262,3.9685850143432617,3.9685850143432617,41.774579098350124,4.8341,PTS,True,31.846667098999,31.8933334350586,11.2,4.8,3.0,0,0,TRACKING_FALTANTE_TOTAL
Devin Vassell,1630170,Devin Vassell,SAS,Minnesota Timberwolves @ San Antonio Spurs,MIN,1,PTS,SINGLE,12.5,2.09,1.55,OVER,2.09,13.468585014343262,0.9685850143432617,0.9685850143432617,7.748680114746094,4.8341,PTS,False,31.846667098999,31.8933334350586,11.2,4.8,3.0,0,0,TRACKING_FALTANTE_TOTAL
Devin Vassell,1630170,Devin Vassell,SAS,Minnesota Timberwolves @ San Antonio Spurs,MIN,1,PTS,SINGLE,13.5,2.34,1.43,UNDER,1.43,13.468585014343262,-0.03141498565673828,0.03141498565673828,0.23270359745732058,4.8341,PTS,False,31.846667098999,31.8933334350586,11.2,4.8,3.0,0,0,TRACKING_FALTANTE_TOTAL
Devin Vassell,1630170,Devin Vassell,SAS,Minnesota Timberwolves @ San Antonio Spurs,MIN,1,AST,SINGLE,1.5,1.42,2.36,OVER,1.42,2.564412832260132,1.0644128322601318,1.0644128322601318,70.96085548400879,1.4546,AST_FALLBACK,True,31.846667098999,31.8933334350586,11.2,4.8,3.0,0,0,TRACKING_FALTANTE_TOTAL
Devin Vassell,1630170,Devin Vassell,SAS,Minnesota Timberwolves @ San Antonio Spurs,MIN,1,AST,SINGLE,2.5,2.24,1.56,OVER,2.24,2.564412832260132,0.06441283226013184,0.06441283226013184,2.5765132904052734,1.4546,AST_FALLBACK,False,31.846667098999,31.8933334350586,11.2,4.8,3.0,0,0,TRACKING_FALTANTE_TOTAL
Devin Vassell,1630170,Devin Vassell,SAS,Minnesota Timberwolves @ San Antonio Spurs,MIN,1,3PT,SINGLE,1.5,1.6,2.14,OVER,1.6,2.247990608215332,0.747990608215332,0.747990608215332,49.8660405476888,0.9642,3PT,True,31.846667098999,31.8933334350586,11.2,4.8,3.0,0,0,TRACKING_FALTANTE_TOTAL
Devin Vassell,1630170,Devin Vassell,SAS,Minnesota Timberwolves @ San Antonio Spurs,MIN,1,3PT,SINGLE,2.5,2.48,1.38,UNDER,1.38,2.247990608215332,-0.25200939178466797,0.25200939178466797,10.080375671386719,0.9642,3PT,False,31.846667098999,31.8933334350586,11.2,4.8,3.0,0,0,TRACKING_FALTANTE_TOTAL
Devin Vassell,1630170,Devin Vassell,SAS,Minnesota Timberwolves @ San Antonio Spurs,MIN,1,Q1_PTS,Q1,2.5,1.72,1.96,OVER,1.72,3.4400126934051514,0.9400126934051514,0.9400126934051514,37.600507736206055,2.087,Q1_PTS,False,31.846667098999,31.8933334350586,11.2,4.8,3.0,0,0,TRACKING_FALTANTE_TOTAL
Devin Vassell,1630170,Devin Vassell,SAS,Minnesota Timberwolves @ San Antonio Spurs,MIN,1,Q1_AST,Q1,0.5,2.0,1.7,OVER,2.0,0.7521163821220398,0.2521163821220398,0.2521163821220398,50.42327642440796,0.7063,Q1_AST,False,31.846667098999,31.8933334350586,11.2,4.8,3.0,0,0,TRACKING_FALTANTE_TOTAL
Devin Vassell,1630170,Devin Vassell,SAS,Minnesota Timberwolves @ San Antonio Spurs,MIN,1,FTM,SINGLE,1.5,1.92,1.76,OVER,1.92,1.5692270994186401,0.06922709941864014,0.06922709941864014,4.615139961242676,1.4962,FTM,False,31.846667098999,31.8933334350586,11.2,4.8,3.0,0,0,TRACKING_FALTANTE_TOTAL
Devin Vassell,1630170,Devin Vassell,SAS,Minnesota Timberwolves @ San Antonio Spurs,MIN,1,FTA,SINGLE,1.5,1.66,2.05,OVER,1.66,2.0547492504119873,0.5547492504119873,0.5547492504119873,36.98328336079915,1.8012,FTA,False,31.846667098999,31.8933334350586,11.2,4.8,3.0,0,0,TRACKING_FALTANTE_TOTAL
Devin Vassell,1630170,Devin Vassell,SAS,Minnesota Timberwolves @ San Antonio Spurs,MIN,1,FGM,SINGLE,3.5,1.66,2.04,OVER,1.66,4.93579626083374,1.4357962608337402,1.4357962608337402,41.02275030953543,1.8635,FGM,True,31.846667098999,31.8933334350586,11.2,4.8,3.0,0,0,TRACKING_FALTANTE_TOTAL
Devin Vassell,1630170,Devin Vassell,SAS,Minnesota Timberwolves @ San Antonio Spurs,MIN,1,FGA,SINGLE,9.5,1.73,1.95,OVER,1.73,11.188324928283691,1.6883249282836914,1.6883249282836914,17.77184135035465,2.8767,FGA,True,31.846667098999,31.8933334350586,11.2,4.8,3.0,0,0,TRACKING_FALTANTE_TOTAL
Devin Vassell,1630170,Devin Vassell,SAS,Minnesota Timberwolves @ San Antonio Spurs,MIN,1,FG3A,SINGLE,5.5,1.95,1.73,OVER,1.95,5.823755741119385,0.32375574111938477,0.32375574111938477,5.88646802035245,1.5883,FG3A,False,31.846667098999,31.8933334350586,11.2,4.8,3.0,0,0,TRACKING_FALTANTE_TOTAL
Devin Vassell,1630170,Devin Vassell,SAS,Minnesota Timberwolves @ San Antonio Spurs,MIN,1,REB,SINGLE,3.5,1.62,2.11,OVER,1.62,4.257390975952148,0.7573909759521484,0.7573909759521484,21.639742170061385,1.9667,REB,False,31.846667098999,31.8933334350586,11.2,4.8,3.0,0,0,TRACKING_FALTANTE_TOTAL
Devin Vassell,1630170,Devin Vassell,SAS,Minnesota Timberwolves @ San Antonio Spurs,MIN,1,REB,SINGLE,4.5,2.11,1.54,UNDER,1.54,4.257390975952148,-0.24260902404785156,0.24260902404785156,5.3913116455078125,1.9667,REB,False,31.846667098999,31.8933334350586,11.2,4.8,3.0,0,0,TRACKING_FALTANTE_TOTAL
Devin Vassell,1630170,Devin Vassell,SAS,Minnesota Timberwolves @ San Antonio Spurs,MIN,1,PA,COMBO,13.5,1.83,1.84,OVER,1.83,14.139357566833496,0.6393575668334961,0.6393575668334961,4.735981976544416,5.2838,PA,False,31.846667098999,31.8933334350586,11.2,4.8,3.0,0,0,TRACKING_FALTANTE_TOTAL
Devin Vassell,1630170,Devin Vassell,SAS,Minnesota Timberwolves @ San Antonio Spurs,MIN,1,PA,COMBO,12.5,1.6,2.0,OVER,1.6,14.139357566833496,1.639357566833496,1.639357566833496,13.114860534667969,5.2838,PA,False,31.846667098999,31.8933334350586,11.2,4.8,3.0,0,0,TRACKING_FALTANTE_TOTAL
Devin Vassell,1630170,Devin Vassell,SAS,Minnesota Timberwolves @ San Antonio Spurs,MIN,1,PA,COMBO,14.5,2.0,1.6,UNDER,1.6,14.139357566833496,-0.3606424331665039,0.3606424331665039,2.487189194251751,5.2838,PA,False,31.846667098999,31.8933334350586,11.2,4.8,3.0,0,0,TRACKING_FALTANTE_TOTAL
Devin Vassell,1630170,Devin Vassell,SAS,Minnesota Timberwolves @ San Antonio Spurs,MIN,1,PR,COMBO,14.5,1.64,1.94,OVER,1.64,18.441370010375977,3.9413700103759766,3.9413700103759766,27.181862140523975,5.7314,PR,True,31.846667098999,31.8933334350586,11.2,4.8,3.0,0,0,TRACKING_FALTANTE_TOTAL
Devin Vassell,1630170,Devin Vassell,SAS,Minnesota Timberwolves @ San Antonio Spurs,MIN,1,PR,COMBO,16.5,2.04,1.57,OVER,2.04,18.441370010375977,1.9413700103759766,1.9413700103759766,11.765878850763494,5.7314,PR,False,31.846667098999,31.8933334350586,11.2,4.8,3.0,0,0,TRACKING_FALTANTE_TOTAL
Devin Vassell,1630170,Devin Vassell,SAS,Minnesota Timberwolves @ San Antonio Spurs,MIN,1,PR,COMBO,15.5,1.88,1.79,OVER,1.88,18.441370010375977,2.9413700103759766,2.9413700103759766,18.976580712103075,5.7314,PR,True,31.846667098999,31.8933334350586,11.2,4.8,3.0,0,0,TRACKING_FALTANTE_TOTAL
Devin Vassell,1630170,Devin Vassell,SAS,Minnesota Timberwolves @ San Antonio Spurs,MIN,1,PR,COMBO,13.5,1.53,2.12,OVER,1.53,18.441370010375977,4.941370010375977,4.941370010375977,36.60274081759983,5.7314,PR,True,31.846667098999,31.8933334350586,11.2,4.8,3.0,0,0,TRACKING_FALTANTE_TOTAL
Devin Vassell,1630170,Devin Vassell,SAS,Minnesota Timberwolves @ San Antonio Spurs,MIN,1,RA,COMBO,5.5,1.53,2.13,OVER,1.53,7.0861310958862305,1.5861310958862305,1.5861310958862305,28.838747197931465,2.6976,RA,True,31.846667098999,31.8933334350586,11.2,4.8,3.0,0,0,TRACKING_FALTANTE_TOTAL
Devin Vassell,1630170,Devin Vassell,SAS,Minnesota Timberwolves @ San Antonio Spurs,MIN,1,RA,COMBO,6.5,2.03,1.67,OVER,2.03,7.0861310958862305,0.5861310958862305,0.5861310958862305,9.017401475172775,2.6976,RA,False,31.846667098999,31.8933334350586,11.2,4.8,3.0,0,0,TRACKING_FALTANTE_TOTAL
Devin Vassell,1630170,Devin Vassell,SAS,Minnesota Timberwolves @ San Antonio Spurs,MIN,1,PRA,COMBO,15.5,1.5,2.18,OVER,1.5,19.6790828704834,4.179082870483398,4.179082870483398,26.961824970860636,6.1893,PRA,True,31.846667098999,31.8933334350586,11.2,4.8,3.0,0,0,TRACKING_FALTANTE_TOTAL
Devin Vassell,1630170,Devin Vassell,SAS,Minnesota Timberwolves @ San Antonio Spurs,MIN,1,PRA,COMBO,20.5,2.41,1.41,UNDER,1.41,19.6790828704834,-0.8209171295166016,0.8209171295166016,4.004473802520008,6.1893,PRA,False,31.846667098999,31.8933334350586,11.2,4.8,3.0,0,0,TRACKING_FALTANTE_TOTAL
Devin Vassell,1630170,Devin Vassell,SAS,Minnesota Timberwolves @ San Antonio Spurs,MIN,1,PRA,COMBO,17.5,1.82,1.85,OVER,1.82,19.6790828704834,2.1790828704833984,2.1790828704833984,12.451902117047991,6.1893,PRA,False,31.846667098999,31.8933334350586,11.2,4.8,3.0,0,0,TRACKING_FALTANTE_TOTAL
Devin Vassell,1630170,Devin Vassell,SAS,Minnesota Timberwolves @ San Antonio Spurs,MIN,1,PRA,COMBO,14.5,1.37,2.53,OVER,1.37,19.6790828704834,5.179082870483398,5.179082870483398,35.7178128998855,6.1893,PRA,True,31.846667098999,31.8933334350586,11.2,4.8,3.0,0,0,TRACKING_FALTANTE_TOTAL
Devin Vassell,1630170,Devin Vassell,SAS,Minnesota Timberwolves @ San Antonio Spurs,MIN,1,PRA,COMBO,16.5,1.6,2.0,OVER,1.6,19.6790828704834,3.1790828704833984,3.1790828704833984,19.267168912020598,6.1893,PRA,True,31.846667098999,31.8933334350586,11.2,4.8,3.0,0,0,TRACKING_FALTANTE_TOTAL
Devin Vassell,1630170,Devin Vassell,SAS,Minnesota Timberwolves @ San Antonio Spurs,MIN,1,PRA,COMBO,18.5,1.94,1.64,OVER,1.94,19.6790828704834,1.1790828704833984,1.1790828704833984,6.373420921531883,6.1893,PRA,False,31.846667098999,31.8933334350586,11.2,4.8,3.0,0,0,TRACKING_FALTANTE_TOTAL
Devin Vassell,1630170,Devin Vassell,SAS,Minnesota Timberwolves @ San Antonio Spurs,MIN,1,PRA,COMBO,19.5,2.12,1.53,OVER,2.12,19.6790828704834,0.17908287048339844,0.17908287048339844,0.9183736947866586,6.1893,PRA,False,31.846667098999,31.8933334350586,11.2,4.8,3.0,0,0,TRACKING_FALTANTE_TOTAL
Devin Vassell,1630170,Devin Vassell,SAS,Minnesota Timberwolves @ San Antonio Spurs,MIN,1,PRA,COMBO,21.5,2.77,1.31,UNDER,1.31,19.6790828704834,-1.8209171295166016,1.8209171295166016,8.469381997751634,6.1893,PRA,False,31.846667098999,31.8933334350586,11.2,4.8,3.0,0,0,TRACKING_FALTANTE_TOTAL
Tyrese Maxey,1630178,Tyrese Maxey,PHI,Philadelphia 76ers @ New York Knicks,NYK,0,FTM,SINGLE,4.5,1.66,2.06,UNDER,2.06,4.472841739654541,-0.027158260345458984,0.027158260345458984,0.6035168965657551,1.4962,FTM,False,40.1963329315186,38.6881662368774,24.8,5.8,5.0,0,0,TRACKING_FALTANTE_TOTAL
Tyrese Maxey,1630178,Tyrese Maxey,PHI,Philadelphia 76ers @ New York Knicks,NYK,0,FTM,SINGLE,5.5,1.96,1.62,UNDER,1.62,4.472841739654541,-1.027158260345459,1.027158260345459,18.6756047335538,1.4962,FTM,True,40.1963329315186,38.6881662368774,24.8,5.8,5.0,0,0,TRACKING_FALTANTE_TOTAL
Tyrese Maxey,1630178,Tyrese Maxey,PHI,Philadelphia 76ers @ New York Knicks,NYK,0,FGM,SINGLE,8.5,1.92,1.76,OVER,1.92,8.709065437316895,0.20906543731689453,0.20906543731689453,2.459593380198759,1.8635,FGM,False,40.1963329315186,38.6881662368774,24.8,5.8,5.0,0,0,TRACKING_FALTANTE_TOTAL
Tyrese Maxey,1630178,Tyrese Maxey,PHI,Philadelphia 76ers @ New York Knicks,NYK,0,FGA,SINGLE,18.5,1.88,1.8,UNDER,1.8,18.269792556762695,-0.2302074432373047,0.2302074432373047,1.2443645580394849,2.8767,FGA,False,40.1963329315186,38.6881662368774,24.8,5.8,5.0,0,0,TRACKING_FALTANTE_TOTAL
Tyrese Maxey,1630178,Tyrese Maxey,PHI,Philadelphia 76ers @ New York Knicks,NYK,0,FG3A,SINGLE,6.5,1.9,1.78,OVER,1.9,7.509476184844971,1.0094761848449707,1.0094761848449707,15.530402843768782,1.5883,FG3A,True,40.1963329315186,38.6881662368774,24.8,5.8,5.0,0,0,TRACKING_FALTANTE_TOTAL
Tyrese Maxey,1630178,Tyrese Maxey,PHI,Philadelphia 76ers @ New York Knicks,NYK,0,REB,SINGLE,4.5,2.33,1.44,UNDER,1.44,4.459644317626953,-0.040355682373046875,0.040355682373046875,0.8967929416232638,1.9667,REB,False,40.1963329315186,38.6881662368774,24.8,5.8,5.0,0,0,TRACKING_FALTANTE_TOTAL
Tyrese Maxey,1630178,Tyrese Maxey,PHI,Philadelphia 76ers @ New York Knicks,NYK,0,REB,SINGLE,3.5,1.72,1.97,OVER,1.72,4.459644317626953,0.9596443176269531,0.9596443176269531,27.418409075055806,1.9667,REB,False,40.1963329315186,38.6881662368774,24.8,5.8,5.0,0,0,TRACKING_FALTANTE_TOTAL
Tyrese Maxey,1630178,Tyrese Maxey,PHI,Philadelphia 76ers @ New York Knicks,NYK,0,PTS,SINGLE,24.5,1.89,1.78,UNDER,1.78,23.646923065185547,-0.8530769348144531,0.8530769348144531,3.481946672712054,4.8341,PTS,False,40.1963329315186,38.6881662368774,24.8,5.8,5.0,0,0,TRACKING_FALTANTE_TOTAL
Tyrese Maxey,1630178,Tyrese Maxey,PHI,Philadelphia 76ers @ New York Knicks,NYK,0,PTS,SINGLE,27.5,2.3,1.45,UNDER,1.45,23.646923065185547,-3.853076934814453,3.853076934814453,14.011188853870738,4.8341,PTS,True,40.1963329315186,38.6881662368774,24.8,5.8,5.0,0,0,TRACKING_FALTANTE_TOTAL
Tyrese Maxey,1630178,Tyrese Maxey,PHI,Philadelphia 76ers @ New York Knicks,NYK,0,PTS,SINGLE,19.5,1.29,2.84,OVER,1.29,23.646923065185547,4.146923065185547,4.146923065185547,21.26627212915665,4.8341,PTS,True,40.1963329315186,38.6881662368774,24.8,5.8,5.0,0,0,TRACKING_FALTANTE_TOTAL
Tyrese Maxey,1630178,Tyrese Maxey,PHI,Philadelphia 76ers @ New York Knicks,NYK,0,PTS,SINGLE,20.5,1.38,2.49,OVER,1.38,23.646923065185547,3.146923065185547,3.146923065185547,15.3508442204173,4.8341,PTS,True,40.1963329315186,38.6881662368774,24.8,5.8,5.0,0,0,TRACKING_FALTANTE_TOTAL
Tyrese Maxey,1630178,Tyrese Maxey,PHI,Philadelphia 76ers @ New York Knicks,NYK,0,PTS,SINGLE,21.5,1.48,2.23,OVER,1.48,23.646923065185547,2.146923065185547,2.146923065185547,9.985688675281613,4.8341,PTS,False,40.1963329315186,38.6881662368774,24.8,5.8,5.0,0,0,TRACKING_FALTANTE_TOTAL
Tyrese Maxey,1630178,Tyrese Maxey,PHI,Philadelphia 76ers @ New York Knicks,NYK,0,PTS,SINGLE,23.5,1.68,1.88,OVER,1.68,23.646923065185547,0.14692306518554688,0.14692306518554688,0.6252045327044548,4.8341,PTS,False,40.1963329315186,38.6881662368774,24.8,5.8,5.0,0,0,TRACKING_FALTANTE_TOTAL
Tyrese Maxey,1630178,Tyrese Maxey,PHI,Philadelphia 76ers @ New York Knicks,NYK,0,PTS,SINGLE,25.5,1.99,1.61,UNDER,1.61,23.646923065185547,-1.8530769348144531,1.8530769348144531,7.266968371821385,4.8341,PTS,False,40.1963329315186,38.6881662368774,24.8,5.8,5.0,0,0,TRACKING_FALTANTE_TOTAL
Tyrese Maxey,1630178,Tyrese Maxey,PHI,Philadelphia 76ers @ New York Knicks,NYK,0,PTS,SINGLE,28.5,2.53,1.37,UNDER,1.37,23.646923065185547,-4.853076934814453,4.853076934814453,17.028340122155978,4.8341,PTS,True,40.1963329315186,38.6881662368774,24.8,5.8,5.0,0,0,TRACKING_FALTANTE_TOTAL
Tyrese Maxey,1630178,Tyrese Maxey,PHI,Philadelphia 76ers @ New York Knicks,NYK,0,PTS,SINGLE,29.5,2.81,1.3,UNDER,1.3,23.646923065185547,-5.853076934814453,5.853076934814453,19.840938762082892,4.8341,PTS,True,40.1963329315186,38.6881662368774,24.8,5.8,5.0,0,0,TRACKING_FALTANTE_TOTAL
Tyrese Maxey,1630178,Tyrese Maxey,PHI,Philadelphia 76ers @ New York Knicks,NYK,0,PTS,SINGLE,22.5,1.55,2.08,OVER,1.55,23.646923065185547,1.1469230651855469,1.1469230651855469,5.097435845269097,4.8341,PTS,False,40.1963329315186,38.6881662368774,24.8,5.8,5.0,0,0,TRACKING_FALTANTE_TOTAL
Tyrese Maxey,1630178,Tyrese Maxey,PHI,Philadelphia 76ers @ New York Knicks,NYK,0,PTS,SINGLE,26.5,2.09,1.55,UNDER,1.55,23.646923065185547,-2.853076934814453,2.853076934814453,10.766328055903598,4.8341,PTS,True,40.1963329315186,38.6881662368774,24.8,5.8,5.0,0,0,TRACKING_FALTANTE_TOTAL
Tyrese Maxey,1630178,Tyrese Maxey,PHI,Philadelphia 76ers @ New York Knicks,NYK,0,AST,SINGLE,6.5,2.12,1.62,UNDER,1.62,6.042015075683594,-0.45798492431640625,0.45798492431640625,7.045921912560097,1.4546,AST_FALLBACK,False,40.1963329315186,38.6881662368774,24.8,5.8,5.0,0,0,TRACKING_FALTANTE_TOTAL
Tyrese Maxey,1630178,Tyrese Maxey,PHI,Philadelphia 76ers @ New York Knicks,NYK,0,AST,SINGLE,5.5,1.56,2.07,OVER,1.56,6.042015075683594,0.5420150756835938,0.5420150756835938,9.854819557883522,1.4546,AST_FALLBACK,False,40.1963329315186,38.6881662368774,24.8,5.8,5.0,0,0,TRACKING_FALTANTE_TOTAL
Tyrese Maxey,1630178,Tyrese Maxey,PHI,Philadelphia 76ers @ New York Knicks,NYK,0,AST,SINGLE,7.5,2.67,1.33,UNDER,1.33,6.042015075683594,-1.4579849243164062,1.4579849243164062,19.439798990885418,1.4546,AST_FALLBACK,True,40.1963329315186,38.6881662368774,24.8,5.8,5.0,0,0,TRACKING_FALTANTE_TOTAL
Tyrese Maxey,1630178,Tyrese Maxey,PHI,Philadelphia 76ers @ New York Knicks,NYK,0,3PT,SINGLE,1.5,1.36,2.57,OVER,1.36,2.5657758712768555,1.0657758712768555,1.0657758712768555,71.05172475179037,0.9642,3PT,True,40.1963329315186,38.6881662368774,24.8,5.8,5.0,0,0,TRACKING_FALTANTE_TOTAL
Tyrese Maxey,1630178,Tyrese Maxey,PHI,Philadelphia 76ers @ New York Knicks,NYK,0,3PT,SINGLE,2.5,2.03,1.68,OVER,2.03,2.5657758712768555,0.06577587127685547,0.06577587127685547,2.6310348510742188,0.9642,3PT,False,40.1963329315186,38.6881662368774,24.8,5.8,5.0,0,0,TRACKING_FALTANTE_TOTAL
Tyrese Maxey,1630178,Tyrese Maxey,PHI,Philadelphia 76ers @ New York Knicks,NYK,0,Q1_PTS,Q1,6.5,2.0,1.7,UNDER,1.7,5.840028762817383,-0.6599712371826172,0.6599712371826172,10.15340364896334,2.087,Q1_PTS,False,40.1963329315186,38.6881662368774,24.8,5.8,5.0,0,0,TRACKING_FALTANTE_TOTAL
Tyrese Maxey,1630178,Tyrese Maxey,PHI,Philadelphia 76ers @ New York Knicks,NYK,0,Q1_PTS,Q1,5.5,1.63,1.95,OVER,1.63,5.840028762817383,0.3400287628173828,0.3400287628173828,6.182341142134233,2.087,Q1_PTS,False,40.1963329315186,38.6881662368774,24.8,5.8,5.0,0,0,TRACKING_FALTANTE_TOTAL
Tyrese Maxey,1630178,Tyrese Maxey,PHI,Philadelphia 76ers @ New York Knicks,NYK,0,Q1_AST,Q1,1.5,1.66,2.05,OVER,1.66,1.5850862264633179,0.08508622646331787,0.08508622646331787,5.672415097554525,0.7063,Q1_AST,False,40.1963329315186,38.6881662368774,24.8,5.8,5.0,0,0,TRACKING_FALTANTE_TOTAL
Tyrese Maxey,1630178,Tyrese Maxey,PHI,Philadelphia 76ers @ New York Knicks,NYK,0,FTA,SINGLE,5.5,1.8,1.87,UNDER,1.87,5.372157573699951,-0.12784242630004883,0.12784242630004883,2.324407750909979,1.8012,FTA,False,40.1963329315186,38.6881662368774,24.8,5.8,5.0,0,0,TRACKING_FALTANTE_TOTAL
Tyrese Maxey,1630178,Tyrese Maxey,PHI,Philadelphia 76ers @ New York Knicks,NYK,0,PA,COMBO,29.5,1.65,1.93,OVER,1.65,30.811946868896484,1.3119468688964844,1.3119468688964844,4.447277521682998,5.2838,PA,False,40.1963329315186,38.6881662368774,24.8,5.8,5.0,0,0,TRACKING_FALTANTE_TOTAL
Tyrese Maxey,1630178,Tyrese Maxey,PHI,Philadelphia 76ers @ New York Knicks,NYK,0,PA,COMBO,31.5,1.92,1.66,UNDER,1.66,30.811946868896484,-0.6880531311035156,0.6880531311035156,2.184295654296875,5.2838,PA,False,40.1963329315186,38.6881662368774,24.8,5.8,5.0,0,0,TRACKING_FALTANTE_TOTAL
Tyrese Maxey,1630178,Tyrese Maxey,PHI,Philadelphia 76ers @ New York Knicks,NYK,0,PA,COMBO,32.5,2.1,1.54,UNDER,1.54,30.811946868896484,-1.6880531311035156,1.6880531311035156,5.194009634164663,5.2838,PA,False,40.1963329315186,38.6881662368774,24.8,5.8,5.0,0,0,TRACKING_FALTANTE_TOTAL
Tyrese Maxey,1630178,Tyrese Maxey,PHI,Philadelphia 76ers @ New York Knicks,NYK,0,PA,COMBO,30.5,1.83,1.84,OVER,1.83,30.811946868896484,0.3119468688964844,0.3119468688964844,1.0227766193327357,5.2838,PA,False,40.1963329315186,38.6881662368774,24.8,5.8,5.0,0,0,TRACKING_FALTANTE_TOTAL
Tyrese Maxey,1630178,Tyrese Maxey,PHI,Philadelphia 76ers @ New York Knicks,NYK,0,PA,COMBO,28.5,1.53,2.12,OVER,1.53,30.811946868896484,2.3119468688964844,2.3119468688964844,8.112094276829769,5.2838,PA,False,40.1963329315186,38.6881662368774,24.8,5.8,5.0,0,0,TRACKING_FALTANTE_TOTAL
Tyrese Maxey,1630178,Tyrese Maxey,PHI,Philadelphia 76ers @ New York Knicks,NYK,0,PR,COMBO,27.5,1.7,1.86,OVER,1.7,28.77157974243164,1.2715797424316406,1.2715797424316406,4.623926336115057,5.7314,PR,False,40.1963329315186,38.6881662368774,24.8,5.8,5.0,0,0,TRACKING_FALTANTE_TOTAL
Tyrese Maxey,1630178,Tyrese Maxey,PHI,Philadelphia 76ers @ New York Knicks,NYK,0,PR,COMBO,28.5,1.91,1.77,OVER,1.91,28.77157974243164,0.2715797424316406,0.2715797424316406,0.952911376953125,5.7314,PR,False,40.1963329315186,38.6881662368774,24.8,5.8,5.0,0,0,TRACKING_FALTANTE_TOTAL
Tyrese Maxey,1630178,Tyrese Maxey,PHI,Philadelphia 76ers @ New York Knicks,NYK,0,PR,COMBO,25.5,1.51,2.16,OVER,1.51,28.77157974243164,3.2715797424316406,3.2715797424316406,12.82972448012408,5.7314,PR,True,40.1963329315186,38.6881662368774,24.8,5.8,5.0,0,0,TRACKING_FALTANTE_TOTAL
Tyrese Maxey,1630178,Tyrese Maxey,PHI,Philadelphia 76ers @ New York Knicks,NYK,0,PR,COMBO,26.5,1.58,2.03,OVER,1.58,28.77157974243164,2.2715797424316406,2.2715797424316406,8.571999028043926,5.7314,PR,False,40.1963329315186,38.6881662368774,24.8,5.8,5.0,0,0,TRACKING_FALTANTE_TOTAL
Tyrese Maxey,1630178,Tyrese Maxey,PHI,Philadelphia 76ers @ New York Knicks,NYK,0,PR,COMBO,29.5,1.99,1.61,UNDER,1.61,28.77157974243164,-0.7284202575683594,0.7284202575683594,2.4692212120961337,5.7314,PR,False,40.1963329315186,38.6881662368774,24.8,5.8,5.0,0,0,TRACKING_FALTANTE_TOTAL
Tyrese Maxey,1630178,Tyrese Maxey,PHI,Philadelphia 76ers @ New York Knicks,NYK,0,PR,COMBO,30.5,2.1,1.54,UNDER,1.54,28.77157974243164,-1.7284202575683594,1.7284202575683594,5.666951664158555,5.7314,PR,False,40.1963329315186,38.6881662368774,24.8,5.8,5.0,0,0,TRACKING_FALTANTE_TOTAL
Tyrese Maxey,1630178,Tyrese Maxey,PHI,Philadelphia 76ers @ New York Knicks,NYK,0,RA,COMBO,10.5,2.03,1.58,UNDER,1.58,9.142282485961914,-1.357717514038086,1.357717514038086,12.930642990838914,2.6976,RA,True,40.1963329315186,38.6881662368774,24.8,5.8,5.0,0,0,TRACKING_FALTANTE_TOTAL
Tyrese Maxey,1630178,Tyrese Maxey,PHI,Philadelphia 76ers @ New York Knicks,NYK,0,RA,COMBO,9.5,1.69,2.0,UNDER,2.0,9.142282485961914,-0.35771751403808594,0.35771751403808594,3.765447516190378,2.6976,RA,False,40.1963329315186,38.6881662368774,24.8,5.8,5.0,0,0,TRACKING_FALTANTE_TOTAL
Tyrese Maxey,1630178,Tyrese Maxey,PHI,Philadelphia 76ers @ New York Knicks,NYK,0,PRA,COMBO,34.5,1.88,1.8,UNDER,1.8,32.81328201293945,-1.6867179870605469,1.6867179870605469,4.889037643653759,6.1893,PRA,False,40.1963329315186,38.6881662368774,24.8,5.8,5.0,0,0,TRACKING_FALTANTE_TOTAL
Tyrese Maxey,1630178,Tyrese Maxey,PHI,Philadelphia 76ers @ New York Knicks,NYK,0,PRA,COMBO,39.5,2.67,1.33,UNDER,1.33,32.81328201293945,-6.686717987060547,6.686717987060547,16.92839996724189,6.1893,PRA,True,40.1963329315186,38.6881662368774,24.8,5.8,5.0,0,0,TRACKING_FALTANTE_TOTAL
Tyrese Maxey,1630178,Tyrese Maxey,PHI,Philadelphia 76ers @ New York Knicks,NYK,0,PRA,COMBO,29.5,1.32,2.73,OVER,1.32,32.81328201293945,3.313282012939453,3.313282012939453,11.231464450642214,6.1893,PRA,True,40.1963329315186,38.6881662368774,24.8,5.8,5.0,0,0,TRACKING_FALTANTE_TOTAL
Tyrese Maxey,1630178,Tyrese Maxey,PHI,Philadelphia 76ers @ New York Knicks,NYK,0,PRA,COMBO,30.5,1.41,2.42,OVER,1.41,32.81328201293945,2.313282012939453,2.313282012939453,7.5845311899654195,6.1893,PRA,False,40.1963329315186,38.6881662368774,24.8,5.8,5.0,0,0,TRACKING_FALTANTE_TOTAL
Tyrese Maxey,1630178,Tyrese Maxey,PHI,Philadelphia 76ers @ New York Knicks,NYK,0,PRA,COMBO,31.5,1.49,2.2,OVER,1.49,32.81328201293945,1.3132820129394531,1.3132820129394531,4.1691492474268355,6.1893,PRA,False,40.1963329315186,38.6881662368774,24.8,5.8,5.0,0,0,TRACKING_FALTANTE_TOTAL
Tyrese Maxey,1630178,Tyrese Maxey,PHI,Philadelphia 76ers @ New York Knicks,NYK,0,PRA,COMBO,33.5,1.67,1.9,UNDER,1.9,32.81328201293945,-0.6867179870605469,0.6867179870605469,2.049904438986707,6.1893,PRA,False,40.1963329315186,38.6881662368774,24.8,5.8,5.0,0,0,TRACKING_FALTANTE_TOTAL
Tyrese Maxey,1630178,Tyrese Maxey,PHI,Philadelphia 76ers @ New York Knicks,NYK,0,PRA,COMBO,36.5,2.11,1.54,UNDER,1.54,32.81328201293945,-3.686717987060547,3.686717987060547,10.100597224823415,6.1893,PRA,True,40.1963329315186,38.6881662368774,24.8,5.8,5.0,0,0,TRACKING_FALTANTE_TOTAL
Tyrese Maxey,1630178,Tyrese Maxey,PHI,Philadelphia 76ers @ New York Knicks,NYK,0,PRA,COMBO,37.5,2.19,1.5,UNDER,1.5,32.81328201293945,-4.686717987060547,4.686717987060547,12.497914632161459,6.1893,PRA,True,40.1963329315186,38.6881662368774,24.8,5.8,5.0,0,0,TRACKING_FALTANTE_TOTAL
Tyrese Maxey,1630178,Tyrese Maxey,PHI,Philadelphia 76ers @ New York Knicks,NYK,0,PRA,COMBO,38.5,2.41,1.41,UNDER,1.41,32.81328201293945,-5.686717987060547,5.686717987060547,14.770696070287133,6.1893,PRA,True,40.1963329315186,38.6881662368774,24.8,5.8,5.0,0,0,TRACKING_FALTANTE_TOTAL
Tyrese Maxey,1630178,Tyrese Maxey,PHI,Philadelphia 76ers @ New York Knicks,NYK,0,PRA,COMBO,32.5,1.55,2.08,OVER,1.55,32.81328201293945,0.3132820129394531,0.3132820129394531,0.9639446551983174,6.1893,PRA,False,40.1963329315186,38.6881662368774,24.8,5.8,5.0,0,0,TRACKING_FALTANTE_TOTAL
Tyrese Maxey,1630178,Tyrese Maxey,PHI,Philadelphia 76ers @ New York Knicks,NYK,0,PRA,COMBO,35.5,1.93,1.65,UNDER,1.65,32.81328201293945,-2.686717987060547,2.686717987060547,7.568219681860695,6.1893,PRA,False,40.1963329315186,38.6881662368774,24.8,5.8,5.0,0,0,TRACKING_FALTANTE_TOTAL
Isaiah Stewart,1630191,Isaiah Stewart,DET,Detroit Pistons @ Cleveland Cavaliers,CLE,0,Q1_PTS,Q1,1.5,2.11,1.53,OVER,2.11,1.9192363023757935,0.41923630237579346,0.41923630237579346,27.9490868250529,2.087,Q1_PTS,False,13.2350001335144,14.6175000667572,3.8,2.4,0.4,0,0,POTENTIAL_AST_FALTANTE
Isaiah Stewart,1630191,Isaiah Stewart,DET,Detroit Pistons @ Cleveland Cavaliers,CLE,0,Q1_PTS,Q1,0.5,2.11,1.63,OVER,2.11,1.9192363023757935,1.4192363023757935,1.4192363023757935,283.8472604751587,2.087,Q1_PTS,True,13.2350001335144,14.6175000667572,3.8,2.4,0.4,0,0,POTENTIAL_AST_FALTANTE
Isaiah Stewart,1630191,Isaiah Stewart,DET,Detroit Pistons @ Cleveland Cavaliers,CLE,0,Q1_REB,Q1,0.5,1.62,2.11,OVER,1.62,1.3009984493255615,0.8009984493255615,0.8009984493255615,160.1996898651123,0.9236,Q1_REB,True,13.2350001335144,14.6175000667572,3.8,2.4,0.4,0,0,POTENTIAL_AST_FALTANTE
Isaiah Stewart,1630191,Isaiah Stewart,DET,Detroit Pistons @ Cleveland Cavaliers,CLE,0,FGM,SINGLE,1.5,2.02,1.68,OVER,2.02,2.746450185775757,1.2464501857757568,1.2464501857757568,83.09667905171713,1.8635,FGM,False,13.2350001335144,14.6175000667572,3.8,2.4,0.4,0,0,POTENTIAL_AST_FALTANTE
Isaiah Stewart,1630191,Isaiah Stewart,DET,Detroit Pistons @ Cleveland Cavaliers,CLE,0,FGA,SINGLE,2.5,1.74,1.94,OVER,1.74,4.508645534515381,2.008645534515381,2.008645534515381,80.34582138061523,2.8767,FGA,False,13.2350001335144,14.6175000667572,3.8,2.4,0.4,0,0,POTENTIAL_AST_FALTANTE
Isaiah Stewart,1630191,Isaiah Stewart,DET,Detroit Pistons @ Cleveland Cavaliers,CLE,0,FG3A,SINGLE,0.5,1.85,1.82,OVER,1.85,1.1003097295761108,0.6003097295761108,0.6003097295761108,120.06194591522217,1.5883,FG3A,False,13.2350001335144,14.6175000667572,3.8,2.4,0.4,0,0,POTENTIAL_AST_FALTANTE
Isaiah Stewart,1630191,Isaiah Stewart,DET,Detroit Pistons @ Cleveland Cavaliers,CLE,0,REB,SINGLE,1.5,1.3,2.8,OVER,1.3,4.505256175994873,3.005256175994873,3.005256175994873,200.35041173299155,1.9667,REB,False,13.2350001335144,14.6175000667572,3.8,2.4,0.4,0,0,POTENTIAL_AST_FALTANTE
Isaiah Stewart,1630191,Isaiah Stewart,DET,Detroit Pistons @ Cleveland Cavaliers,CLE,0,REB,SINGLE,3.5,2.18,1.5,OVER,2.18,4.505256175994873,1.005256175994873,1.005256175994873,28.721605028424946,1.9667,REB,False,13.2350001335144,14.6175000667572,3.8,2.4,0.4,0,0,POTENTIAL_AST_FALTANTE
Isaiah Stewart,1630191,Isaiah Stewart,DET,Detroit Pistons @ Cleveland Cavaliers,CLE,0,REB,SINGLE,2.5,1.68,2.02,OVER,1.68,4.505256175994873,2.005256175994873,2.005256175994873,80.21024703979492,1.9667,REB,False,13.2350001335144,14.6175000667572,3.8,2.4,0.4,0,0,POTENTIAL_AST_FALTANTE
Isaiah Stewart,1630191,Isaiah Stewart,DET,Detroit Pistons @ Cleveland Cavaliers,CLE,0,PA,COMBO,4.5,2.02,1.68,OVER,2.02,8.038739204406738,3.5387392044067383,3.5387392044067383,78.6386489868164,5.2838,PA,False,13.2350001335144,14.6175000667572,3.8,2.4,0.4,0,0,POTENTIAL_AST_FALTANTE
Isaiah Stewart,1630191,Isaiah Stewart,DET,Detroit Pistons @ Cleveland Cavaliers,CLE,0,PA,COMBO,3.5,1.6,2.0,OVER,1.6,8.038739204406738,4.538739204406738,4.538739204406738,129.67826298304968,5.2838,PA,False,13.2350001335144,14.6175000667572,3.8,2.4,0.4,0,0,POTENTIAL_AST_FALTANTE
Isaiah Stewart,1630191,Isaiah Stewart,DET,Detroit Pistons @ Cleveland Cavaliers,CLE,0,PR,COMBO,6.5,1.82,1.85,OVER,1.82,12.002053260803223,5.502053260803223,5.502053260803223,84.6469732431265,5.7314,PR,False,13.2350001335144,14.6175000667572,3.8,2.4,0.4,0,0,POTENTIAL_AST_FALTANTE
Isaiah Stewart,1630191,Isaiah Stewart,DET,Detroit Pistons @ Cleveland Cavaliers,CLE,0,PR,COMBO,5.5,1.54,2.11,OVER,1.54,12.002053260803223,6.502053260803223,6.502053260803223,118.21915019642223,5.7314,PR,False,13.2350001335144,14.6175000667572,3.8,2.4,0.4,0,0,POTENTIAL_AST_FALTANTE
Isaiah Stewart,1630191,Isaiah Stewart,DET,Detroit Pistons @ Cleveland Cavaliers,CLE,0,PR,COMBO,7.5,2.03,1.58,OVER,2.03,12.002053260803223,4.502053260803223,4.502053260803223,60.02737681070963,5.7314,PR,False,13.2350001335144,14.6175000667572,3.8,2.4,0.4,0,0,POTENTIAL_AST_FALTANTE
Isaiah Stewart,1630191,Isaiah Stewart,DET,Detroit Pistons @ Cleveland Cavaliers,CLE,0,RA,COMBO,3.5,2.01,1.69,OVER,2.01,5.45650053024292,1.95650053024292,1.95650053024292,55.90001514979771,2.6976,RA,False,13.2350001335144,14.6175000667572,3.8,2.4,0.4,0,0,POTENTIAL_AST_FALTANTE
Isaiah Stewart,1630191,Isaiah Stewart,DET,Detroit Pistons @ Cleveland Cavaliers,CLE,0,RA,COMBO,2.5,1.52,2.14,OVER,1.52,5.45650053024292,2.95650053024292,2.95650053024292,118.2600212097168,2.6976,RA,False,13.2350001335144,14.6175000667572,3.8,2.4,0.4,0,0,POTENTIAL_AST_FALTANTE
Isaiah Stewart,1630191,Isaiah Stewart,DET,Detroit Pistons @ Cleveland Cavaliers,CLE,0,PRA,COMBO,7.5,1.97,1.71,OVER,1.97,11.654632568359375,4.154632568359375,4.154632568359375,55.39510091145833,6.1893,PRA,False,13.2350001335144,14.6175000667572,3.8,2.4,0.4,0,0,POTENTIAL_AST_FALTANTE
Isaiah Stewart,1630191,Isaiah Stewart,DET,Detroit Pistons @ Cleveland Cavaliers,CLE,0,PRA,COMBO,4.5,1.33,2.68,OVER,1.33,11.654632568359375,7.154632568359375,7.154632568359375,158.99183485243057,6.1893,PRA,False,13.2350001335144,14.6175000667572,3.8,2.4,0.4,0,0,POTENTIAL_AST_FALTANTE
Isaiah Stewart,1630191,Isaiah Stewart,DET,Detroit Pistons @ Cleveland Cavaliers,CLE,0,PRA,COMBO,5.5,1.49,2.19,OVER,1.49,11.654632568359375,6.154632568359375,6.154632568359375,111.90241033380681,6.1893,PRA,False,13.2350001335144,14.6175000667572,3.8,2.4,0.4,0,0,POTENTIAL_AST_FALTANTE
Isaiah Stewart,1630191,Isaiah Stewart,DET,Detroit Pistons @ Cleveland Cavaliers,CLE,0,PRA,COMBO,6.5,1.65,1.92,OVER,1.65,11.654632568359375,5.154632568359375,5.154632568359375,79.30203951322116,6.1893,PRA,False,13.2350001335144,14.6175000667572,3.8,2.4,0.4,0,0,POTENTIAL_AST_FALTANTE
Isaiah Stewart,1630191,Isaiah Stewart,DET,Detroit Pistons @ Cleveland Cavaliers,CLE,0,PRA,COMBO,8.5,2.11,1.54,OVER,2.11,11.654632568359375,3.154632568359375,3.154632568359375,37.11332433363971,6.1893,PRA,False,13.2350001335144,14.6175000667572,3.8,2.4,0.4,0,0,POTENTIAL_AST_FALTANTE
Isaiah Stewart,1630191,Isaiah Stewart,DET,Detroit Pistons @ Cleveland Cavaliers,CLE,0,PRA,COMBO,9.5,2.47,1.39,OVER,2.47,11.654632568359375,2.154632568359375,2.154632568359375,22.680342824835524,6.1893,PRA,False,13.2350001335144,14.6175000667572,3.8,2.4,0.4,0,0,POTENTIAL_AST_FALTANTE
Isaiah Stewart,1630191,Isaiah Stewart,DET,Detroit Pistons @ Cleveland Cavaliers,CLE,0,PTS,SINGLE,3.5,1.73,1.95,OVER,1.73,7.12734317779541,3.62734317779541,3.62734317779541,103.6383765084403,4.8341,PTS,False,13.2350001335144,14.6175000667572,3.8,2.4,0.4,0,0,POTENTIAL_AST_FALTANTE
Isaiah Stewart,1630191,Isaiah Stewart,DET,Detroit Pistons @ Cleveland Cavaliers,CLE,0,PTS,SINGLE,2.5,1.57,2.06,OVER,1.57,7.12734317779541,4.62734317779541,4.62734317779541,185.0937271118164,4.8341,PTS,False,13.2350001335144,14.6175000667572,3.8,2.4,0.4,0,0,POTENTIAL_AST_FALTANTE
Isaiah Stewart,1630191,Isaiah Stewart,DET,Detroit Pistons @ Cleveland Cavaliers,CLE,0,PTS,SINGLE,4.5,2.12,1.53,OVER,2.12,7.12734317779541,2.62734317779541,2.62734317779541,58.38540395100912,4.8341,PTS,False,13.2350001335144,14.6175000667572,3.8,2.4,0.4,0,0,POTENTIAL_AST_FALTANTE
Isaiah Stewart,1630191,Isaiah Stewart,DET,Detroit Pistons @ Cleveland Cavaliers,CLE,0,PTS,SINGLE,5.5,2.55,1.37,OVER,2.55,7.12734317779541,1.6273431777954102,1.6273431777954102,29.588057778098364,4.8341,PTS,False,13.2350001335144,14.6175000667572,3.8,2.4,0.4,0,0,POTENTIAL_AST_FALTANTE
Isaiah Joe,1630198,Isaiah Joe,OKC,Oklahoma City Thunder @ Los Angeles Lakers,LAL,0,FGA,SINGLE,5.5,1.93,1.75,OVER,1.93,6.771917343139648,1.2719173431396484,1.2719173431396484,23.125769875266336,2.8767,FGA,False,15.2456665039062,14.5928332328796,10.2,1.2,0.8,0,0,TRACKING_FALTANTE_TOTAL
Isaiah Joe,1630198,Isaiah Joe,OKC,Oklahoma City Thunder @ Los Angeles Lakers,LAL,0,FG3A,SINGLE,4.5,1.77,1.9,OVER,1.77,5.573265075683594,1.0732650756835938,1.0732650756835938,23.85033501519097,1.5883,FG3A,True,15.2456665039062,14.5928332328796,10.2,1.2,0.8,0,0,TRACKING_FALTANTE_TOTAL
Isaiah Joe,1630198,Isaiah Joe,OKC,Oklahoma City Thunder @ Los Angeles Lakers,LAL,0,REB,SINGLE,1.5,1.94,1.74,OVER,1.94,2.2865452766418457,0.7865452766418457,0.7865452766418457,52.43635177612305,1.9667,REB,False,15.2456665039062,14.5928332328796,10.2,1.2,0.8,0,0,TRACKING_FALTANTE_TOTAL
Isaiah Joe,1630198,Isaiah Joe,OKC,Oklahoma City Thunder @ Los Angeles Lakers,LAL,0,RA,COMBO,2.5,2.22,1.56,OVER,2.22,3.4743332862854004,0.9743332862854004,0.9743332862854004,38.973331451416016,2.6976,RA,False,15.2456665039062,14.5928332328796,10.2,1.2,0.8,0,0,TRACKING_FALTANTE_TOTAL
Isaiah Joe,1630198,Isaiah Joe,OKC,Oklahoma City Thunder @ Los Angeles Lakers,LAL,0,RA,COMBO,1.5,1.5,2.18,OVER,1.5,3.4743332862854004,1.9743332862854004,1.9743332862854004,131.62221908569336,2.6976,RA,True,15.2456665039062,14.5928332328796,10.2,1.2,0.8,0,0,TRACKING_FALTANTE_TOTAL
Isaiah Joe,1630198,Isaiah Joe,OKC,Oklahoma City Thunder @ Los Angeles Lakers,LAL,0,PRA,COMBO,8.5,1.75,1.93,OVER,1.75,12.305727005004883,3.805727005004883,3.805727005004883,44.77325888241039,6.1893,PRA,True,15.2456665039062,14.5928332328796,10.2,1.2,0.8,0,0,TRACKING_FALTANTE_TOTAL
Isaiah Joe,1630198,Isaiah Joe,OKC,Oklahoma City Thunder @ Los Angeles Lakers,LAL,0,PRA,COMBO,5.5,1.32,2.74,OVER,1.32,12.305727005004883,6.805727005004883,6.805727005004883,123.74049100008877,6.1893,PRA,True,15.2456665039062,14.5928332328796,10.2,1.2,0.8,0,0,TRACKING_FALTANTE_TOTAL
Isaiah Joe,1630198,Isaiah Joe,OKC,Oklahoma City Thunder @ Los Angeles Lakers,LAL,0,PRA,COMBO,6.5,1.44,2.32,OVER,1.44,12.305727005004883,5.805727005004883,5.805727005004883,89.31887700007512,6.1893,PRA,True,15.2456665039062,14.5928332328796,10.2,1.2,0.8,0,0,TRACKING_FALTANTE_TOTAL
Isaiah Joe,1630198,Isaiah Joe,OKC,Oklahoma City Thunder @ Los Angeles Lakers,LAL,0,PRA,COMBO,7.5,1.54,2.1,OVER,1.54,12.305727005004883,4.805727005004883,4.805727005004883,64.07636006673178,6.1893,PRA,True,15.2456665039062,14.5928332328796,10.2,1.2,0.8,0,0,TRACKING_FALTANTE_TOTAL
Isaiah Joe,1630198,Isaiah Joe,OKC,Oklahoma City Thunder @ Los Angeles Lakers,LAL,0,PRA,COMBO,9.5,1.88,1.69,OVER,1.88,12.305727005004883,2.805727005004883,2.805727005004883,29.533968473735612,6.1893,PRA,False,15.2456665039062,14.5928332328796,10.2,1.2,0.8,0,0,TRACKING_FALTANTE_TOTAL
Isaiah Joe,1630198,Isaiah Joe,OKC,Oklahoma City Thunder @ Los Angeles Lakers,LAL,0,PRA,COMBO,12.5,2.61,1.35,UNDER,1.35,12.305727005004883,-0.1942729949951172,0.1942729949951172,1.5541839599609375,6.1893,PRA,False,15.2456665039062,14.5928332328796,10.2,1.2,0.8,0,0,TRACKING_FALTANTE_TOTAL
Isaiah Joe,1630198,Isaiah Joe,OKC,Oklahoma City Thunder @ Los Angeles Lakers,LAL,0,PRA,COMBO,10.5,2.12,1.53,OVER,2.12,12.305727005004883,1.8057270050048828,1.8057270050048828,17.19740004766555,6.1893,PRA,False,15.2456665039062,14.5928332328796,10.2,1.2,0.8,0,0,TRACKING_FALTANTE_TOTAL
Isaiah Joe,1630198,Isaiah Joe,OKC,Oklahoma City Thunder @ Los Angeles Lakers,LAL,0,PRA,COMBO,11.5,2.31,1.45,OVER,2.31,12.305727005004883,0.8057270050048828,0.8057270050048828,7.006321782651155,6.1893,PRA,False,15.2456665039062,14.5928332328796,10.2,1.2,0.8,0,0,TRACKING_FALTANTE_TOTAL
Isaiah Joe,1630198,Isaiah Joe,OKC,Oklahoma City Thunder @ Los Angeles Lakers,LAL,0,PTS,SINGLE,9.5,2.64,1.34,UNDER,1.34,9.308014869689941,-0.1919851303100586,0.1919851303100586,2.020896108526933,4.8341,PTS,False,15.2456665039062,14.5928332328796,10.2,1.2,0.8,0,0,TRACKING_FALTANTE_TOTAL
Isaiah Joe,1630198,Isaiah Joe,OKC,Oklahoma City Thunder @ Los Angeles Lakers,LAL,0,PTS,SINGLE,5.5,1.53,2.13,OVER,1.53,9.308014869689941,3.8080148696899414,3.8080148696899414,69.23663399436258,4.8341,PTS,True,15.2456665039062,14.5928332328796,10.2,1.2,0.8,0,0,TRACKING_FALTANTE_TOTAL
Isaiah Joe,1630198,Isaiah Joe,OKC,Oklahoma City Thunder @ Los Angeles Lakers,LAL,0,PTS,SINGLE,6.5,1.93,1.75,OVER,1.93,9.308014869689941,2.8080148696899414,2.8080148696899414,43.20022876446063,4.8341,PTS,True,15.2456665039062,14.5928332328796,10.2,1.2,0.8,0,0,TRACKING_FALTANTE_TOTAL
Isaiah Joe,1630198,Isaiah Joe,OKC,Oklahoma City Thunder @ Los Angeles Lakers,LAL,0,PTS,SINGLE,3.5,1.38,2.5,OVER,1.38,9.308014869689941,5.808014869689941,5.808014869689941,165.9432819911412,4.8341,PTS,True,15.2456665039062,14.5928332328796,10.2,1.2,0.8,0,0,TRACKING_FALTANTE_TOTAL
Isaiah Joe,1630198,Isaiah Joe,OKC,Oklahoma City Thunder @ Los Angeles Lakers,LAL,0,PTS,SINGLE,4.5,1.43,2.36,OVER,1.43,9.308014869689941,4.808014869689941,4.808014869689941,106.8447748819987,4.8341,PTS,True,15.2456665039062,14.5928332328796,10.2,1.2,0.8,0,0,TRACKING_FALTANTE_TOTAL
Isaiah Joe,1630198,Isaiah Joe,OKC,Oklahoma City Thunder @ Los Angeles Lakers,LAL,0,PTS,SINGLE,7.5,1.94,1.64,OVER,1.94,9.308014869689941,1.8080148696899414,1.8080148696899414,24.10686492919922,4.8341,PTS,False,15.2456665039062,14.5928332328796,10.2,1.2,0.8,0,0,TRACKING_FALTANTE_TOTAL
Isaiah Joe,1630198,Isaiah Joe,OKC,Oklahoma City Thunder @ Los Angeles Lakers,LAL,0,PTS,SINGLE,8.5,2.12,1.53,OVER,2.12,9.308014869689941,0.8080148696899414,0.8080148696899414,9.506057290469899,4.8341,PTS,False,15.2456665039062,14.5928332328796,10.2,1.2,0.8,0,0,TRACKING_FALTANTE_TOTAL
Isaiah Joe,1630198,Isaiah Joe,OKC,Oklahoma City Thunder @ Los Angeles Lakers,LAL,0,PTS,SINGLE,10.5,2.87,1.29,UNDER,1.29,9.308014869689941,-1.1919851303100586,1.1919851303100586,11.352239336286273,4.8341,PTS,False,15.2456665039062,14.5928332328796,10.2,1.2,0.8,0,0,TRACKING_FALTANTE_TOTAL
Isaiah Joe,1630198,Isaiah Joe,OKC,Oklahoma City Thunder @ Los Angeles Lakers,LAL,0,AST,SINGLE,0.5,1.86,1.81,OVER,1.86,1.5035181045532227,1.0035181045532227,1.0035181045532227,200.70362091064453,1.4546,AST_FALLBACK,True,15.2456665039062,14.5928332328796,10.2,1.2,0.8,0,0,TRACKING_FALTANTE_TOTAL
Isaiah Joe,1630198,Isaiah Joe,OKC,Oklahoma City Thunder @ Los Angeles Lakers,LAL,0,3PT,SINGLE,1.5,1.68,2.02,OVER,1.68,2.1947271823883057,0.6947271823883057,0.6947271823883057,46.31514549255371,0.9642,3PT,True,15.2456665039062,14.5928332328796,10.2,1.2,0.8,0,0,TRACKING_FALTANTE_TOTAL
Isaiah Joe,1630198,Isaiah Joe,OKC,Oklahoma City Thunder @ Los Angeles Lakers,LAL,0,3PT,SINGLE,2.5,2.44,1.4,UNDER,1.4,2.1947271823883057,-0.30527281761169434,0.30527281761169434,12.210912704467773,0.9642,3PT,False,15.2456665039062,14.5928332328796,10.2,1.2,0.8,0,0,TRACKING_FALTANTE_TOTAL
Isaiah Joe,1630198,Isaiah Joe,OKC,Oklahoma City Thunder @ Los Angeles Lakers,LAL,0,Q1_PTS,Q1,0.5,2.36,1.5,OVER,2.36,2.43850040435791,1.9385004043579102,1.9385004043579102,387.70008087158203,2.087,Q1_PTS,True,15.2456665039062,14.5928332328796,10.2,1.2,0.8,0,0,TRACKING_FALTANTE_TOTAL
Isaiah Joe,1630198,Isaiah Joe,OKC,Oklahoma City Thunder @ Los Angeles Lakers,LAL,0,Q1_PTS,Q1,1.5,2.16,1.51,OVER,2.16,2.43850040435791,0.9385004043579102,0.9385004043579102,62.56669362386068,2.087,Q1_PTS,False,15.2456665039062,14.5928332328796,10.2,1.2,0.8,0,0,TRACKING_FALTANTE_TOTAL
Isaiah Joe,1630198,Isaiah Joe,OKC,Oklahoma City Thunder @ Los Angeles Lakers,LAL,0,PA,COMBO,7.5,1.91,1.77,OVER,1.91,11.477782249450684,3.9777822494506836,3.9777822494506836,53.03709665934245,5.2838,PA,True,15.2456665039062,14.5928332328796,10.2,1.2,0.8,0,0,TRACKING_FALTANTE_TOTAL
Isaiah Joe,1630198,Isaiah Joe,OKC,Oklahoma City Thunder @ Los Angeles Lakers,LAL,0,PA,COMBO,6.5,1.66,1.91,OVER,1.66,11.477782249450684,4.977782249450684,4.977782249450684,76.58126537616437,5.2838,PA,True,15.2456665039062,14.5928332328796,10.2,1.2,0.8,0,0,TRACKING_FALTANTE_TOTAL
Isaiah Joe,1630198,Isaiah Joe,OKC,Oklahoma City Thunder @ Los Angeles Lakers,LAL,0,PA,COMBO,8.5,2.01,1.59,OVER,2.01,11.477782249450684,2.9777822494506836,2.9777822494506836,35.03273234647863,5.2838,PA,True,15.2456665039062,14.5928332328796,10.2,1.2,0.8,0,0,TRACKING_FALTANTE_TOTAL
Isaiah Joe,1630198,Isaiah Joe,OKC,Oklahoma City Thunder @ Los Angeles Lakers,LAL,0,PR,COMBO,9.5,2.05,1.57,OVER,2.05,12.693852424621582,3.193852424621582,3.193852424621582,33.61949920654297,5.7314,PR,True,15.2456665039062,14.5928332328796,10.2,1.2,0.8,0,0,TRACKING_FALTANTE_TOTAL
Isaiah Joe,1630198,Isaiah Joe,OKC,Oklahoma City Thunder @ Los Angeles Lakers,LAL,0,PR,COMBO,8.5,1.89,1.78,OVER,1.89,12.693852424621582,4.193852424621582,4.193852424621582,49.33944028966567,5.7314,PR,True,15.2456665039062,14.5928332328796,10.2,1.2,0.8,0,0,TRACKING_FALTANTE_TOTAL
Isaiah Joe,1630198,Isaiah Joe,OKC,Oklahoma City Thunder @ Los Angeles Lakers,LAL,0,PR,COMBO,6.5,1.54,2.11,OVER,1.54,12.693852424621582,6.193852424621582,6.193852424621582,95.29003730187048,5.7314,PR,True,15.2456665039062,14.5928332328796,10.2,1.2,0.8,0,0,TRACKING_FALTANTE_TOTAL
Isaiah Joe,1630198,Isaiah Joe,OKC,Oklahoma City Thunder @ Los Angeles Lakers,LAL,0,PR,COMBO,7.5,1.66,1.91,OVER,1.66,12.693852424621582,5.193852424621582,5.193852424621582,69.2513656616211,5.7314,PR,True,15.2456665039062,14.5928332328796,10.2,1.2,0.8,0,0,TRACKING_FALTANTE_TOTAL
Ayo Dosunmu,1630245,Ayo Dosunmu,MIN,Minnesota Timberwolves @ San Antonio Spurs,SAS,0,PTS,SINGLE,9.5,1.66,1.92,OVER,1.66,14.9968843460083,5.496884346008301,5.496884346008301,57.861940484297904,4.8341,PTS,True,28.9966663360596,30.2783332824707,19.0,2.8,3.8,0,0,TRACKING_FALTANTE_TOTAL
Ayo Dosunmu,1630245,Ayo Dosunmu,MIN,Minnesota Timberwolves @ San Antonio Spurs,SAS,0,PTS,SINGLE,11.5,2.07,1.56,OVER,2.07,14.9968843460083,3.496884346008301,3.496884346008301,30.40768996528957,4.8341,PTS,True,28.9966663360596,30.2783332824707,19.0,2.8,3.8,0,0,TRACKING_FALTANTE_TOTAL
Ayo Dosunmu,1630245,Ayo Dosunmu,MIN,Minnesota Timberwolves @ San Antonio Spurs,SAS,0,PTS,SINGLE,8.5,1.53,2.13,OVER,1.53,14.9968843460083,6.496884346008301,6.496884346008301,76.4339334824506,4.8341,PTS,True,28.9966663360596,30.2783332824707,19.0,2.8,3.8,0,0,TRACKING_FALTANTE_TOTAL
Ayo Dosunmu,1630245,Ayo Dosunmu,MIN,Minnesota Timberwolves @ San Antonio Spurs,SAS,0,PTS,SINGLE,10.5,1.89,1.78,OVER,1.89,14.9968843460083,4.496884346008301,4.496884346008301,42.827469961983816,4.8341,PTS,True,28.9966663360596,30.2783332824707,19.0,2.8,3.8,0,0,TRACKING_FALTANTE_TOTAL
Ayo Dosunmu,1630245,Ayo Dosunmu,MIN,Minnesota Timberwolves @ San Antonio Spurs,SAS,0,PTS,SINGLE,7.5,1.38,2.48,OVER,1.38,14.9968843460083,7.496884346008301,7.496884346008301,99.95845794677734,4.8341,PTS,True,28.9966663360596,30.2783332824707,19.0,2.8,3.8,0,0,TRACKING_FALTANTE_TOTAL
Ayo Dosunmu,1630245,Ayo Dosunmu,MIN,Minnesota Timberwolves @ San Antonio Spurs,SAS,0,PTS,SINGLE,12.5,2.28,1.46,OVER,2.28,14.9968843460083,2.496884346008301,2.496884346008301,19.975074768066406,4.8341,PTS,True,28.9966663360596,30.2783332824707,19.0,2.8,3.8,0,0,TRACKING_FALTANTE_TOTAL
Ayo Dosunmu,1630245,Ayo Dosunmu,MIN,Minnesota Timberwolves @ San Antonio Spurs,SAS,0,PTS,SINGLE,13.5,2.65,1.34,OVER,2.65,14.9968843460083,1.4968843460083008,1.4968843460083008,11.08803219265408,4.8341,PTS,False,28.9966663360596,30.2783332824707,19.0,2.8,3.8,0,0,TRACKING_FALTANTE_TOTAL
Ayo Dosunmu,1630245,Ayo Dosunmu,MIN,Minnesota Timberwolves @ San Antonio Spurs,SAS,0,AST,SINGLE,2.5,1.59,2.18,OVER,1.59,3.616457462310791,1.116457462310791,1.116457462310791,44.65829849243164,1.4546,AST_FALLBACK,True,28.9966663360596,30.2783332824707,19.0,2.8,3.8,0,0,TRACKING_FALTANTE_TOTAL
Ayo Dosunmu,1630245,Ayo Dosunmu,MIN,Minnesota Timberwolves @ San Antonio Spurs,SAS,0,AST,SINGLE,3.5,2.12,1.53,OVER,2.12,3.616457462310791,0.11645746231079102,0.11645746231079102,3.3273560660226007,1.4546,AST_FALLBACK,False,28.9966663360596,30.2783332824707,19.0,2.8,3.8,0,0,TRACKING_FALTANTE_TOTAL
Ayo Dosunmu,1630245,Ayo Dosunmu,MIN,Minnesota Timberwolves @ San Antonio Spurs,SAS,0,3PT,SINGLE,0.5,1.37,2.53,OVER,1.37,1.60090172290802,1.10090172290802,1.10090172290802,220.180344581604,0.9642,3PT,True,28.9966663360596,30.2783332824707,19.0,2.8,3.8,0,0,TRACKING_FALTANTE_TOTAL
Ayo Dosunmu,1630245,Ayo Dosunmu,MIN,Minnesota Timberwolves @ San Antonio Spurs,SAS,0,3PT,SINGLE,1.5,2.54,1.43,OVER,2.54,1.60090172290802,0.10090172290802002,0.10090172290802002,6.726781527201335,0.9642,3PT,False,28.9966663360596,30.2783332824707,19.0,2.8,3.8,0,0,TRACKING_FALTANTE_TOTAL
Ayo Dosunmu,1630245,Ayo Dosunmu,MIN,Minnesota Timberwolves @ San Antonio Spurs,SAS,0,Q1_PTS,Q1,2.5,2.14,1.61,OVER,2.14,3.370410919189453,0.8704109191894531,0.8704109191894531,34.816436767578125,2.087,Q1_PTS,False,28.9966663360596,30.2783332824707,19.0,2.8,3.8,0,0,TRACKING_FALTANTE_TOTAL
Ayo Dosunmu,1630245,Ayo Dosunmu,MIN,Minnesota Timberwolves @ San Antonio Spurs,SAS,0,Q1_AST,Q1,0.5,1.75,1.93,OVER,1.75,0.8791286945343018,0.37912869453430176,0.37912869453430176,75.82573890686035,0.7063,Q1_AST,True,28.9966663360596,30.2783332824707,19.0,2.8,3.8,0,0,TRACKING_FALTANTE_TOTAL
Ayo Dosunmu,1630245,Ayo Dosunmu,MIN,Minnesota Timberwolves @ San Antonio Spurs,SAS,0,Q1_REB,Q1,0.5,1.88,1.8,OVER,1.88,0.8660049438476562,0.36600494384765625,0.36600494384765625,73.20098876953125,0.9236,Q1_REB,False,28.9966663360596,30.2783332824707,19.0,2.8,3.8,0,0,TRACKING_FALTANTE_TOTAL
Ayo Dosunmu,1630245,Ayo Dosunmu,MIN,Minnesota Timberwolves @ San Antonio Spurs,SAS,0,FTM,SINGLE,1.5,1.94,1.74,OVER,1.94,2.111346483230591,0.6113464832305908,0.6113464832305908,40.756432215372726,1.4962,FTM,False,28.9966663360596,30.2783332824707,19.0,2.8,3.8,0,0,TRACKING_FALTANTE_TOTAL
Ayo Dosunmu,1630245,Ayo Dosunmu,MIN,Minnesota Timberwolves @ San Antonio Spurs,SAS,0,FTA,SINGLE,1.5,1.71,1.99,OVER,1.71,2.3696811199188232,0.8696811199188232,0.8696811199188232,57.97874132792155,1.8012,FTA,False,28.9966663360596,30.2783332824707,19.0,2.8,3.8,0,0,TRACKING_FALTANTE_TOTAL
Ayo Dosunmu,1630245,Ayo Dosunmu,MIN,Minnesota Timberwolves @ San Antonio Spurs,SAS,0,FGM,SINGLE,3.5,1.71,1.98,OVER,1.71,5.58111047744751,2.0811104774475098,2.0811104774475098,59.46029935564313,1.8635,FGM,True,28.9966663360596,30.2783332824707,19.0,2.8,3.8,0,0,TRACKING_FALTANTE_TOTAL
Ayo Dosunmu,1630245,Ayo Dosunmu,MIN,Minnesota Timberwolves @ San Antonio Spurs,SAS,0,FGA,SINGLE,8.5,1.81,1.86,OVER,1.81,12.091364860534668,3.591364860534668,3.591364860534668,42.251351300407855,2.8767,FGA,True,28.9966663360596,30.2783332824707,19.0,2.8,3.8,0,0,TRACKING_FALTANTE_TOTAL
Ayo Dosunmu,1630245,Ayo Dosunmu,MIN,Minnesota Timberwolves @ San Antonio Spurs,SAS,0,FG3A,SINGLE,3.5,2.12,1.62,OVER,2.12,4.1030707359313965,0.6030707359313965,0.6030707359313965,17.230592455182755,1.5883,FG3A,False,28.9966663360596,30.2783332824707,19.0,2.8,3.8,0,0,TRACKING_FALTANTE_TOTAL
Ayo Dosunmu,1630245,Ayo Dosunmu,MIN,Minnesota Timberwolves @ San Antonio Spurs,SAS,0,REB,SINGLE,2.5,1.65,2.07,OVER,1.65,3.623034715652466,1.1230347156524658,1.1230347156524658,44.92138862609863,1.9667,REB,True,28.9966663360596,30.2783332824707,19.0,2.8,3.8,0,0,TRACKING_FALTANTE_TOTAL
Ayo Dosunmu,1630245,Ayo Dosunmu,MIN,Minnesota Timberwolves @ San Antonio Spurs,SAS,0,REB,SINGLE,3.5,2.21,1.49,OVER,2.21,3.623034715652466,0.12303471565246582,0.12303471565246582,3.5152775900704523,1.9667,REB,False,28.9966663360596,30.2783332824707,19.0,2.8,3.8,0,0,TRACKING_FALTANTE_TOTAL
Ayo Dosunmu,1630245,Ayo Dosunmu,MIN,Minnesota Timberwolves @ San Antonio Spurs,SAS,0,PA,COMBO,15.5,2.16,1.51,OVER,2.16,17.393503189086914,1.893503189086914,1.893503189086914,12.216149607012348,5.2838,PA,False,28.9966663360596,30.2783332824707,19.0,2.8,3.8,0,0,TRACKING_FALTANTE_TOTAL
Ayo Dosunmu,1630245,Ayo Dosunmu,MIN,Minnesota Timberwolves @ San Antonio Spurs,SAS,0,PA,COMBO,13.5,1.83,1.84,OVER,1.83,17.393503189086914,3.893503189086914,3.893503189086914,28.84076436360677,5.2838,PA,True,28.9966663360596,30.2783332824707,19.0,2.8,3.8,0,0,TRACKING_FALTANTE_TOTAL
Ayo Dosunmu,1630245,Ayo Dosunmu,MIN,Minnesota Timberwolves @ San Antonio Spurs,SAS,0,PA,COMBO,11.5,1.51,2.15,OVER,1.51,17.393503189086914,5.893503189086914,5.893503189086914,51.247853818147085,5.2838,PA,True,28.9966663360596,30.2783332824707,19.0,2.8,3.8,0,0,TRACKING_FALTANTE_TOTAL
Ayo Dosunmu,1630245,Ayo Dosunmu,MIN,Minnesota Timberwolves @ San Antonio Spurs,SAS,0,PA,COMBO,12.5,1.61,1.98,OVER,1.61,17.393503189086914,4.893503189086914,4.893503189086914,39.14802551269531,5.2838,PA,True,28.9966663360596,30.2783332824707,19.0,2.8,3.8,0,0,TRACKING_FALTANTE_TOTAL
Ayo Dosunmu,1630245,Ayo Dosunmu,MIN,Minnesota Timberwolves @ San Antonio Spurs,SAS,0,PA,COMBO,14.5,1.98,1.62,OVER,1.98,17.393503189086914,2.893503189086914,2.893503189086914,19.95519440749596,5.2838,PA,True,28.9966663360596,30.2783332824707,19.0,2.8,3.8,0,0,TRACKING_FALTANTE_TOTAL
Ayo Dosunmu,1630245,Ayo Dosunmu,MIN,Minnesota Timberwolves @ San Antonio Spurs,SAS,0,PR,COMBO,15.5,2.18,1.5,OVER,2.18,18.874338150024414,3.374338150024414,3.374338150024414,21.769923548544607,5.7314,PR,True,28.9966663360596,30.2783332824707,19.0,2.8,3.8,0,0,TRACKING_FALTANTE_TOTAL
Ayo Dosunmu,1630245,Ayo Dosunmu,MIN,Minnesota Timberwolves @ San Antonio Spurs,SAS,0,PR,COMBO,12.5,1.66,1.92,OVER,1.66,18.874338150024414,6.374338150024414,6.374338150024414,50.99470520019531,5.7314,PR,True,28.9966663360596,30.2783332824707,19.0,2.8,3.8,0,0,TRACKING_FALTANTE_TOTAL
Ayo Dosunmu,1630245,Ayo Dosunmu,MIN,Minnesota Timberwolves @ San Antonio Spurs,SAS,0,PR,COMBO,13.5,1.89,1.78,OVER,1.89,18.874338150024414,5.374338150024414,5.374338150024414,39.809912222403064,5.7314,PR,True,28.9966663360596,30.2783332824707,19.0,2.8,3.8,0,0,TRACKING_FALTANTE_TOTAL
Ayo Dosunmu,1630245,Ayo Dosunmu,MIN,Minnesota Timberwolves @ San Antonio Spurs,SAS,0,PR,COMBO,11.5,1.53,2.12,OVER,1.53,18.874338150024414,7.374338150024414,7.374338150024414,64.12467956542969,5.7314,PR,True,28.9966663360596,30.2783332824707,19.0,2.8,3.8,0,0,TRACKING_FALTANTE_TOTAL
Ayo Dosunmu,1630245,Ayo Dosunmu,MIN,Minnesota Timberwolves @ San Antonio Spurs,SAS,0,PR,COMBO,14.5,2.02,1.59,OVER,2.02,18.874338150024414,4.374338150024414,4.374338150024414,30.1678493105132,5.7314,PR,True,28.9966663360596,30.2783332824707,19.0,2.8,3.8,0,0,TRACKING_FALTANTE_TOTAL
Ayo Dosunmu,1630245,Ayo Dosunmu,MIN,Minnesota Timberwolves @ San Antonio Spurs,SAS,0,RA,COMBO,5.5,1.67,2.03,OVER,1.67,6.424385070800781,0.9243850708007812,0.9243850708007812,16.807001287286933,2.6976,RA,False,28.9966663360596,30.2783332824707,19.0,2.8,3.8,0,0,TRACKING_FALTANTE_TOTAL
Ayo Dosunmu,1630245,Ayo Dosunmu,MIN,Minnesota Timberwolves @ San Antonio Spurs,SAS,0,RA,COMBO,6.5,2.06,1.56,UNDER,1.56,6.424385070800781,-0.07561492919921875,0.07561492919921875,1.1633066030649037,2.6976,RA,False,28.9966663360596,30.2783332824707,19.0,2.8,3.8,0,0,TRACKING_FALTANTE_TOTAL
Ayo Dosunmu,1630245,Ayo Dosunmu,MIN,Minnesota Timberwolves @ San Antonio Spurs,SAS,0,PRA,COMBO,17.5,1.94,1.64,OVER,1.94,20.893413543701172,3.393413543701172,3.393413543701172,19.390934535435267,6.1893,PRA,True,28.9966663360596,30.2783332824707,19.0,2.8,3.8,0,0,TRACKING_FALTANTE_TOTAL
Ayo Dosunmu,1630245,Ayo Dosunmu,MIN,Minnesota Timberwolves @ San Antonio Spurs,SAS,0,PRA,COMBO,19.5,2.33,1.44,OVER,2.33,20.893413543701172,1.3934135437011719,1.3934135437011719,7.145710480518829,6.1893,PRA,False,28.9966663360596,30.2783332824707,19.0,2.8,3.8,0,0,TRACKING_FALTANTE_TOTAL
Ayo Dosunmu,1630245,Ayo Dosunmu,MIN,Minnesota Timberwolves @ San Antonio Spurs,SAS,0,PRA,COMBO,20.5,2.6,1.35,OVER,2.6,20.893413543701172,0.3934135437011719,0.3934135437011719,1.9190904570788874,6.1893,PRA,False,28.9966663360596,30.2783332824707,19.0,2.8,3.8,0,0,TRACKING_FALTANTE_TOTAL
Ayo Dosunmu,1630245,Ayo Dosunmu,MIN,Minnesota Timberwolves @ San Antonio Spurs,SAS,0,PRA,COMBO,16.5,1.82,1.85,OVER,1.82,20.893413543701172,4.393413543701172,4.393413543701172,26.62674874970407,6.1893,PRA,True,28.9966663360596,30.2783332824707,19.0,2.8,3.8,0,0,TRACKING_FALTANTE_TOTAL
Ayo Dosunmu,1630245,Ayo Dosunmu,MIN,Minnesota Timberwolves @ San Antonio Spurs,SAS,0,PRA,COMBO,12.5,1.33,2.69,OVER,1.33,20.893413543701172,8.393413543701172,8.393413543701172,67.14730834960938,6.1893,PRA,True,28.9966663360596,30.2783332824707,19.0,2.8,3.8,0,0,TRACKING_FALTANTE_TOTAL
Ayo Dosunmu,1630245,Ayo Dosunmu,MIN,Minnesota Timberwolves @ San Antonio Spurs,SAS,0,PRA,COMBO,13.5,1.42,2.38,OVER,1.42,20.893413543701172,7.393413543701172,7.393413543701172,54.76602624963831,6.1893,PRA,True,28.9966663360596,30.2783332824707,19.0,2.8,3.8,0,0,TRACKING_FALTANTE_TOTAL
Ayo Dosunmu,1630245,Ayo Dosunmu,MIN,Minnesota Timberwolves @ San Antonio Spurs,SAS,0,PRA,COMBO,14.5,1.54,2.11,OVER,1.54,20.893413543701172,6.393413543701172,6.393413543701172,44.09250719793912,6.1893,PRA,True,28.9966663360596,30.2783332824707,19.0,2.8,3.8,0,0,TRACKING_FALTANTE_TOTAL
Ayo Dosunmu,1630245,Ayo Dosunmu,MIN,Minnesota Timberwolves @ San Antonio Spurs,SAS,0,PRA,COMBO,15.5,1.62,1.96,OVER,1.62,20.893413543701172,5.393413543701172,5.393413543701172,34.7962164109753,6.1893,PRA,True,28.9966663360596,30.2783332824707,19.0,2.8,3.8,0,0,TRACKING_FALTANTE_TOTAL
Ayo Dosunmu,1630245,Ayo Dosunmu,MIN,Minnesota Timberwolves @ San Antonio Spurs,SAS,0,PRA,COMBO,18.5,2.09,1.55,OVER,2.09,20.893413543701172,2.393413543701172,2.393413543701172,12.93737050649282,6.1893,PRA,False,28.9966663360596,30.2783332824707,19.0,2.8,3.8,0,0,TRACKING_FALTANTE_TOTAL
Terrence Shannon Jr.,1630545,Terrence Shannon Jr.,MIN,Minnesota Timberwolves @ San Antonio Spurs,SAS,0,PR,COMBO,10.5,1.52,2.14,OVER,1.52,15.149352073669434,4.649352073669434,4.649352073669434,44.279543558756515,5.7314,PR,True,23.0506666183472,21.6853333950043,14.0,3.4,0.6,0,0,TRACKING_FALTANTE_TOTAL
Terrence Shannon Jr.,1630545,Terrence Shannon Jr.,MIN,Minnesota Timberwolves @ San Antonio Spurs,SAS,0,PR,COMBO,14.5,2.08,1.55,OVER,2.08,15.149352073669434,0.6493520736694336,0.6493520736694336,4.478290163237473,5.7314,PR,False,23.0506666183472,21.6853333950043,14.0,3.4,0.6,0,0,TRACKING_FALTANTE_TOTAL
Terrence Shannon Jr.,1630545,Terrence Shannon Jr.,MIN,Minnesota Timberwolves @ San Antonio Spurs,SAS,0,RA,COMBO,3.5,1.65,2.07,OVER,1.65,3.9430816173553467,0.4430816173553467,0.4430816173553467,12.659474781581334,2.6976,RA,False,23.0506666183472,21.6853333950043,14.0,3.4,0.6,0,0,TRACKING_FALTANTE_TOTAL
Terrence Shannon Jr.,1630545,Terrence Shannon Jr.,MIN,Minnesota Timberwolves @ San Antonio Spurs,SAS,0,RA,COMBO,4.5,2.1,1.54,UNDER,1.54,3.9430816173553467,-0.5569183826446533,0.5569183826446533,12.375964058770075,2.6976,RA,False,23.0506666183472,21.6853333950043,14.0,3.4,0.6,0,0,TRACKING_FALTANTE_TOTAL
Terrence Shannon Jr.,1630545,Terrence Shannon Jr.,MIN,Minnesota Timberwolves @ San Antonio Spurs,SAS,0,PRA,COMBO,10.5,1.39,2.47,OVER,1.39,15.892736434936523,5.392736434936523,5.392736434936523,51.359394618443076,6.1893,PRA,True,23.0506666183472,21.6853333950043,14.0,3.4,0.6,0,0,TRACKING_FALTANTE_TOTAL
Terrence Shannon Jr.,1630545,Terrence Shannon Jr.,MIN,Minnesota Timberwolves @ San Antonio Spurs,SAS,0,PRA,COMBO,14.5,1.88,1.68,OVER,1.88,15.892736434936523,1.3927364349365234,1.3927364349365234,9.605078861631196,6.1893,PRA,False,23.0506666183472,21.6853333950043,14.0,3.4,0.6,0,0,TRACKING_FALTANTE_TOTAL
Terrence Shannon Jr.,1630545,Terrence Shannon Jr.,MIN,Minnesota Timberwolves @ San Antonio Spurs,SAS,0,PRA,COMBO,18.5,2.78,1.31,UNDER,1.31,15.892736434936523,-2.6072635650634766,2.6072635650634766,14.093316567910685,6.1893,PRA,False,23.0506666183472,21.6853333950043,14.0,3.4,0.6,0,0,TRACKING_FALTANTE_TOTAL
Terrence Shannon Jr.,1630545,Terrence Shannon Jr.,MIN,Minnesota Timberwolves @ San Antonio Spurs,SAS,0,PRA,COMBO,9.5,1.31,2.78,OVER,1.31,15.892736434936523,6.392736434936523,6.392736434936523,67.29196247301603,6.1893,PRA,True,23.0506666183472,21.6853333950043,14.0,3.4,0.6,0,0,TRACKING_FALTANTE_TOTAL
Terrence Shannon Jr.,1630545,Terrence Shannon Jr.,MIN,Minnesota Timberwolves @ San Antonio Spurs,SAS,0,PRA,COMBO,11.5,1.5,2.18,OVER,1.5,15.892736434936523,4.392736434936523,4.392736434936523,38.19770812988281,6.1893,PRA,True,23.0506666183472,21.6853333950043,14.0,3.4,0.6,0,0,TRACKING_FALTANTE_TOTAL
Terrence Shannon Jr.,1630545,Terrence Shannon Jr.,MIN,Minnesota Timberwolves @ San Antonio Spurs,SAS,0,PRA,COMBO,12.5,1.58,2.04,OVER,1.58,15.892736434936523,3.3927364349365234,3.3927364349365234,27.141891479492188,6.1893,PRA,True,23.0506666183472,21.6853333950043,14.0,3.4,0.6,0,0,TRACKING_FALTANTE_TOTAL
Terrence Shannon Jr.,1630545,Terrence Shannon Jr.,MIN,Minnesota Timberwolves @ San Antonio Spurs,SAS,0,PRA,COMBO,15.5,2.09,1.55,OVER,2.09,15.892736434936523,0.39273643493652344,0.39273643493652344,2.533783451203377,6.1893,PRA,False,23.0506666183472,21.6853333950043,14.0,3.4,0.6,0,0,TRACKING_FALTANTE_TOTAL
Terrence Shannon Jr.,1630545,Terrence Shannon Jr.,MIN,Minnesota Timberwolves @ San Antonio Spurs,SAS,0,PRA,COMBO,16.5,2.23,1.48,UNDER,1.48,15.892736434936523,-0.6072635650634766,0.6072635650634766,3.6803852428089487,6.1893,PRA,False,23.0506666183472,21.6853333950043,14.0,3.4,0.6,0,0,TRACKING_FALTANTE_TOTAL
Terrence Shannon Jr.,1630545,Terrence Shannon Jr.,MIN,Minnesota Timberwolves @ San Antonio Spurs,SAS,0,PRA,COMBO,17.5,2.49,1.38,UNDER,1.38,15.892736434936523,-1.6072635650634766,1.6072635650634766,9.184363228934151,6.1893,PRA,False,23.0506666183472,21.6853333950043,14.0,3.4,0.6,0,0,TRACKING_FALTANTE_TOTAL
Terrence Shannon Jr.,1630545,Terrence Shannon Jr.,MIN,Minnesota Timberwolves @ San Antonio Spurs,SAS,0,PRA,COMBO,13.5,1.77,1.91,OVER,1.77,15.892736434936523,2.3927364349365234,2.3927364349365234,17.723973592122398,6.1893,PRA,False,23.0506666183472,21.6853333950043,14.0,3.4,0.6,0,0,TRACKING_FALTANTE_TOTAL
Terrence Shannon Jr.,1630545,Terrence Shannon Jr.,MIN,Minnesota Timberwolves @ San Antonio Spurs,SAS,0,PTS,SINGLE,11.5,2.12,1.53,OVER,2.12,12.511872291564941,1.0118722915649414,1.0118722915649414,8.798889491869055,4.8341,PTS,False,23.0506666183472,21.6853333950043,14.0,3.4,0.6,0,0,TRACKING_FALTANTE_TOTAL
Terrence Shannon Jr.,1630545,Terrence Shannon Jr.,MIN,Minnesota Timberwolves @ San Antonio Spurs,SAS,0,PTS,SINGLE,12.5,2.43,1.4,OVER,2.43,12.511872291564941,0.011872291564941406,0.011872291564941406,0.09497833251953125,4.8341,PTS,False,23.0506666183472,21.6853333950043,14.0,3.4,0.6,0,0,TRACKING_FALTANTE_TOTAL
Terrence Shannon Jr.,1630545,Terrence Shannon Jr.,MIN,Minnesota Timberwolves @ San Antonio Spurs,SAS,0,PTS,SINGLE,9.5,1.79,1.88,OVER,1.79,12.511872291564941,3.0118722915649414,3.0118722915649414,31.703918858578326,4.8341,PTS,True,23.0506666183472,21.6853333950043,14.0,3.4,0.6,0,0,TRACKING_FALTANTE_TOTAL
Terrence Shannon Jr.,1630545,Terrence Shannon Jr.,MIN,Minnesota Timberwolves @ San Antonio Spurs,SAS,0,PTS,SINGLE,13.5,2.79,1.3,UNDER,1.3,12.511872291564941,-0.9881277084350586,0.9881277084350586,7.3194645069263595,4.8341,PTS,False,23.0506666183472,21.6853333950043,14.0,3.4,0.6,0,0,TRACKING_FALTANTE_TOTAL
Terrence Shannon Jr.,1630545,Terrence Shannon Jr.,MIN,Minnesota Timberwolves @ San Antonio Spurs,SAS,0,PTS,SINGLE,10.5,1.95,1.63,OVER,1.95,12.511872291564941,2.0118722915649414,2.0118722915649414,19.160688491094678,4.8341,PTS,False,23.0506666183472,21.6853333950043,14.0,3.4,0.6,0,0,TRACKING_FALTANTE_TOTAL
Terrence Shannon Jr.,1630545,Terrence Shannon Jr.,MIN,Minnesota Timberwolves @ San Antonio Spurs,SAS,0,PTS,SINGLE,6.5,1.33,2.66,OVER,1.33,12.511872291564941,6.011872291564941,6.011872291564941,92.49034294715295,4.8341,PTS,True,23.0506666183472,21.6853333950043,14.0,3.4,0.6,0,0,TRACKING_FALTANTE_TOTAL
Terrence Shannon Jr.,1630545,Terrence Shannon Jr.,MIN,Minnesota Timberwolves @ San Antonio Spurs,SAS,0,PTS,SINGLE,7.5,1.47,2.25,OVER,1.47,12.511872291564941,5.011872291564941,5.011872291564941,66.82496388753255,4.8341,PTS,True,23.0506666183472,21.6853333950043,14.0,3.4,0.6,0,0,TRACKING_FALTANTE_TOTAL
Terrence Shannon Jr.,1630545,Terrence Shannon Jr.,MIN,Minnesota Timberwolves @ San Antonio Spurs,SAS,0,PTS,SINGLE,8.5,1.57,2.05,OVER,1.57,12.511872291564941,4.011872291564941,4.011872291564941,47.19849754782284,4.8341,PTS,True,23.0506666183472,21.6853333950043,14.0,3.4,0.6,0,0,TRACKING_FALTANTE_TOTAL
Terrence Shannon Jr.,1630545,Terrence Shannon Jr.,MIN,Minnesota Timberwolves @ San Antonio Spurs,SAS,0,AST,SINGLE,1.5,2.46,1.46,OVER,2.46,1.5769121646881104,0.07691216468811035,0.07691216468811035,5.127477645874023,1.4546,AST_FALLBACK,False,23.0506666183472,21.6853333950043,14.0,3.4,0.6,0,0,TRACKING_FALTANTE_TOTAL
Terrence Shannon Jr.,1630545,Terrence Shannon Jr.,MIN,Minnesota Timberwolves @ San Antonio Spurs,SAS,0,AST,SINGLE,0.5,1.36,2.56,OVER,1.36,1.5769121646881104,1.0769121646881104,1.0769121646881104,215.38243293762207,1.4546,AST_FALLBACK,True,23.0506666183472,21.6853333950043,14.0,3.4,0.6,0,0,TRACKING_FALTANTE_TOTAL
Terrence Shannon Jr.,1630545,Terrence Shannon Jr.,MIN,Minnesota Timberwolves @ San Antonio Spurs,SAS,0,3PT,SINGLE,1.5,2.51,1.45,UNDER,1.45,1.296210765838623,-0.20378923416137695,0.20378923416137695,13.585948944091797,0.9642,3PT,False,23.0506666183472,21.6853333950043,14.0,3.4,0.6,0,0,TRACKING_FALTANTE_TOTAL
Terrence Shannon Jr.,1630545,Terrence Shannon Jr.,MIN,Minnesota Timberwolves @ San Antonio Spurs,SAS,0,3PT,SINGLE,0.5,1.38,2.49,OVER,1.38,1.296210765838623,0.796210765838623,0.796210765838623,159.2421531677246,0.9642,3PT,True,23.0506666183472,21.6853333950043,14.0,3.4,0.6,0,0,TRACKING_FALTANTE_TOTAL
Terrence Shannon Jr.,1630545,Terrence Shannon Jr.,MIN,Minnesota Timberwolves @ San Antonio Spurs,SAS,0,Q1_PTS,Q1,1.5,1.59,2.17,OVER,1.59,2.5743815898895264,1.0743815898895264,1.0743815898895264,71.62543932596842,2.087,Q1_PTS,True,23.0506666183472,21.6853333950043,14.0,3.4,0.6,0,0,TRACKING_FALTANTE_TOTAL
Terrence Shannon Jr.,1630545,Terrence Shannon Jr.,MIN,Minnesota Timberwolves @ San Antonio Spurs,SAS,0,Q1_PTS,Q1,2.5,2.11,1.54,OVER,2.11,2.5743815898895264,0.07438158988952637,0.07438158988952637,2.9752635955810547,2.087,Q1_PTS,False,23.0506666183472,21.6853333950043,14.0,3.4,0.6,0,0,TRACKING_FALTANTE_TOTAL
Terrence Shannon Jr.,1630545,Terrence Shannon Jr.,MIN,Minnesota Timberwolves @ San Antonio Spurs,SAS,0,Q1_PTS,Q1,0.5,1.53,2.12,OVER,1.53,2.5743815898895264,2.0743815898895264,2.0743815898895264,414.8763179779053,2.087,Q1_PTS,True,23.0506666183472,21.6853333950043,14.0,3.4,0.6,0,0,TRACKING_FALTANTE_TOTAL
Terrence Shannon Jr.,1630545,Terrence Shannon Jr.,MIN,Minnesota Timberwolves @ San Antonio Spurs,SAS,0,Q1_REB,Q1,0.5,1.97,1.72,OVER,1.97,0.8425845503807068,0.3425845503807068,0.3425845503807068,68.51691007614136,0.9236,Q1_REB,False,23.0506666183472,21.6853333950043,14.0,3.4,0.6,0,0,TRACKING_FALTANTE_TOTAL
Terrence Shannon Jr.,1630545,Terrence Shannon Jr.,MIN,Minnesota Timberwolves @ San Antonio Spurs,SAS,0,FTM,SINGLE,1.5,1.78,1.89,OVER,1.78,2.1393685340881348,0.6393685340881348,0.6393685340881348,42.624568939208984,1.4962,FTM,False,23.0506666183472,21.6853333950043,14.0,3.4,0.6,0,0,TRACKING_FALTANTE_TOTAL
Terrence Shannon Jr.,1630545,Terrence Shannon Jr.,MIN,Minnesota Timberwolves @ San Antonio Spurs,SAS,0,FGM,SINGLE,3.5,1.94,1.74,OVER,1.94,4.3744215965271,0.8744215965270996,0.8744215965270996,24.98347418648856,1.8635,FGM,False,23.0506666183472,21.6853333950043,14.0,3.4,0.6,0,0,TRACKING_FALTANTE_TOTAL
Terrence Shannon Jr.,1630545,Terrence Shannon Jr.,MIN,Minnesota Timberwolves @ San Antonio Spurs,SAS,0,FGA,SINGLE,8.5,1.89,1.78,OVER,1.89,9.662014961242676,1.1620149612426758,1.1620149612426758,13.670764249913834,2.8767,FGA,False,23.0506666183472,21.6853333950043,14.0,3.4,0.6,0,0,TRACKING_FALTANTE_TOTAL
Terrence Shannon Jr.,1630545,Terrence Shannon Jr.,MIN,Minnesota Timberwolves @ San Antonio Spurs,SAS,0,FG3A,SINGLE,3.5,1.94,1.74,UNDER,1.74,3.1983017921447754,-0.3016982078552246,0.3016982078552246,8.61994879586356,1.5883,FG3A,False,23.0506666183472,21.6853333950043,14.0,3.4,0.6,0,0,TRACKING_FALTANTE_TOTAL
Terrence Shannon Jr.,1630545,Terrence Shannon Jr.,MIN,Minnesota Timberwolves @ San Antonio Spurs,SAS,0,REB,SINGLE,1.5,1.3,2.8,OVER,1.3,2.6509578227996826,1.1509578227996826,1.1509578227996826,76.73052151997885,1.9667,REB,True,23.0506666183472,21.6853333950043,14.0,3.4,0.6,0,0,TRACKING_FALTANTE_TOTAL
Terrence Shannon Jr.,1630545,Terrence Shannon Jr.,MIN,Minnesota Timberwolves @ San Antonio Spurs,SAS,0,REB,SINGLE,2.5,1.77,1.91,OVER,1.77,2.6509578227996826,0.15095782279968262,0.15095782279968262,6.038312911987305,1.9667,REB,False,23.0506666183472,21.6853333950043,14.0,3.4,0.6,0,0,TRACKING_FALTANTE_TOTAL
Terrence Shannon Jr.,1630545,Terrence Shannon Jr.,MIN,Minnesota Timberwolves @ San Antonio Spurs,SAS,0,REB,SINGLE,3.5,2.37,1.42,UNDER,1.42,2.6509578227996826,-0.8490421772003174,0.8490421772003174,24.25834792000907,1.9667,REB,False,23.0506666183472,21.6853333950043,14.0,3.4,0.6,0,0,TRACKING_FALTANTE_TOTAL
Terrence Shannon Jr.,1630545,Terrence Shannon Jr.,MIN,Minnesota Timberwolves @ San Antonio Spurs,SAS,0,PA,COMBO,10.5,1.74,1.94,OVER,1.74,13.710562705993652,3.2105627059936523,3.2105627059936523,30.576787676130024,5.2838,PA,True,23.0506666183472,21.6853333950043,14.0,3.4,0.6,0,0,TRACKING_FALTANTE_TOTAL
Terrence Shannon Jr.,1630545,Terrence Shannon Jr.,MIN,Minnesota Timberwolves @ San Antonio Spurs,SAS,0,PA,COMBO,9.5,1.53,2.11,OVER,1.53,13.710562705993652,4.210562705993652,4.210562705993652,44.321712694670026,5.2838,PA,True,23.0506666183472,21.6853333950043,14.0,3.4,0.6,0,0,TRACKING_FALTANTE_TOTAL
Terrence Shannon Jr.,1630545,Terrence Shannon Jr.,MIN,Minnesota Timberwolves @ San Antonio Spurs,SAS,0,PA,COMBO,11.5,1.89,1.68,OVER,1.89,13.710562705993652,2.2105627059936523,2.2105627059936523,19.222284399944805,5.2838,PA,False,23.0506666183472,21.6853333950043,14.0,3.4,0.6,0,0,TRACKING_FALTANTE_TOTAL
Terrence Shannon Jr.,1630545,Terrence Shannon Jr.,MIN,Minnesota Timberwolves @ San Antonio Spurs,SAS,0,PA,COMBO,12.5,2.11,1.53,OVER,2.11,13.710562705993652,1.2105627059936523,1.2105627059936523,9.684501647949219,5.2838,PA,False,23.0506666183472,21.6853333950043,14.0,3.4,0.6,0,0,TRACKING_FALTANTE_TOTAL
Terrence Shannon Jr.,1630545,Terrence Shannon Jr.,MIN,Minnesota Timberwolves @ San Antonio Spurs,SAS,0,PR,COMBO,13.5,1.93,1.65,OVER,1.93,15.149352073669434,1.6493520736694336,1.6493520736694336,12.21742276792173,5.7314,PR,False,23.0506666183472,21.6853333950043,14.0,3.4,0.6,0,0,TRACKING_FALTANTE_TOTAL
Terrence Shannon Jr.,1630545,Terrence Shannon Jr.,MIN,Minnesota Timberwolves @ San Antonio Spurs,SAS,0,PR,COMBO,11.5,1.62,1.97,OVER,1.62,15.149352073669434,3.6493520736694336,3.6493520736694336,31.733496292777687,5.7314,PR,True,23.0506666183472,21.6853333950043,14.0,3.4,0.6,0,0,TRACKING_FALTANTE_TOTAL
Terrence Shannon Jr.,1630545,Terrence Shannon Jr.,MIN,Minnesota Timberwolves @ San Antonio Spurs,SAS,0,PR,COMBO,12.5,1.82,1.85,OVER,1.82,15.149352073669434,2.6493520736694336,2.6493520736694336,21.19481658935547,5.7314,PR,False,23.0506666183472,21.6853333950043,14.0,3.4,0.6,0,0,TRACKING_FALTANTE_TOTAL
Austin Reaves,1630559,Austin Reaves,LAL,Oklahoma City Thunder @ Los Angeles Lakers,OKC,1,PTS,SINGLE,14.5,1.28,2.9,OVER,1.28,21.60161018371582,7.10161018371582,7.10161018371582,48.97662195666083,4.8341,PTS,True,32.7443332672119,34.8721662521362,15.8,4.4,3.8,0,0,TRACKING_FALTANTE_TOTAL
Austin Reaves,1630559,Austin Reaves,LAL,Oklahoma City Thunder @ Los Angeles Lakers,OKC,1,PTS,SINGLE,16.5,1.48,2.24,OVER,1.48,21.60161018371582,5.10161018371582,5.10161018371582,30.9188495982777,4.8341,PTS,True,32.7443332672119,34.8721662521362,15.8,4.4,3.8,0,0,TRACKING_FALTANTE_TOTAL
Austin Reaves,1630559,Austin Reaves,LAL,Oklahoma City Thunder @ Los Angeles Lakers,OKC,1,PTS,SINGLE,23.5,2.7,1.33,UNDER,1.33,21.60161018371582,-1.8983898162841797,1.8983898162841797,8.078254537379488,4.8341,PTS,False,32.7443332672119,34.8721662521362,15.8,4.4,3.8,0,0,TRACKING_FALTANTE_TOTAL
Austin Reaves,1630559,Austin Reaves,LAL,Oklahoma City Thunder @ Los Angeles Lakers,OKC,1,PTS,SINGLE,19.5,1.91,1.77,OVER,1.91,21.60161018371582,2.1016101837158203,2.1016101837158203,10.77748812161959,4.8341,PTS,False,32.7443332672119,34.8721662521362,15.8,4.4,3.8,0,0,TRACKING_FALTANTE_TOTAL
Austin Reaves,1630559,Austin Reaves,LAL,Oklahoma City Thunder @ Los Angeles Lakers,OKC,1,PTS,SINGLE,15.5,1.36,2.56,OVER,1.36,21.60161018371582,6.10161018371582,6.10161018371582,39.36522699171497,4.8341,PTS,True,32.7443332672119,34.8721662521362,15.8,4.4,3.8,0,0,TRACKING_FALTANTE_TOTAL
Austin Reaves,1630559,Austin Reaves,LAL,Oklahoma City Thunder @ Los Angeles Lakers,OKC,1,PTS,SINGLE,17.5,1.55,2.08,OVER,1.55,21.60161018371582,4.10161018371582,4.10161018371582,23.437772478376115,4.8341,PTS,True,32.7443332672119,34.8721662521362,15.8,4.4,3.8,0,0,TRACKING_FALTANTE_TOTAL
Austin Reaves,1630559,Austin Reaves,LAL,Oklahoma City Thunder @ Los Angeles Lakers,OKC,1,PTS,SINGLE,20.5,2.02,1.59,OVER,2.02,21.60161018371582,1.1016101837158203,1.1016101837158203,5.373708213247904,4.8341,PTS,False,32.7443332672119,34.8721662521362,15.8,4.4,3.8,0,0,TRACKING_FALTANTE_TOTAL
Austin Reaves,1630559,Austin Reaves,LAL,Oklahoma City Thunder @ Los Angeles Lakers,OKC,1,PTS,SINGLE,21.5,2.16,1.51,OVER,2.16,21.60161018371582,0.10161018371582031,0.10161018371582031,0.4726055056549782,4.8341,PTS,False,32.7443332672119,34.8721662521362,15.8,4.4,3.8,0,0,TRACKING_FALTANTE_TOTAL
Austin Reaves,1630559,Austin Reaves,LAL,Oklahoma City Thunder @ Los Angeles Lakers,OKC,1,PTS,SINGLE,22.5,2.4,1.41,UNDER,1.41,21.60161018371582,-0.8983898162841797,0.8983898162841797,3.9928436279296875,4.8341,PTS,False,32.7443332672119,34.8721662521362,15.8,4.4,3.8,0,0,TRACKING_FALTANTE_TOTAL
Austin Reaves,1630559,Austin Reaves,LAL,Oklahoma City Thunder @ Los Angeles Lakers,OKC,1,PTS,SINGLE,18.5,1.68,1.88,OVER,1.68,21.60161018371582,3.1016101837158203,3.1016101837158203,16.765460452517946,4.8341,PTS,True,32.7443332672119,34.8721662521362,15.8,4.4,3.8,0,0,TRACKING_FALTANTE_TOTAL
Austin Reaves,1630559,Austin Reaves,LAL,Oklahoma City Thunder @ Los Angeles Lakers,OKC,1,AST,SINGLE,5.5,2.05,1.66,UNDER,1.66,5.375324249267578,-0.12467575073242188,0.12467575073242188,2.2668318314985796,1.4546,AST_FALLBACK,False,32.7443332672119,34.8721662521362,15.8,4.4,3.8,0,0,TRACKING_FALTANTE_TOTAL
Austin Reaves,1630559,Austin Reaves,LAL,Oklahoma City Thunder @ Los Angeles Lakers,OKC,1,AST,SINGLE,6.5,2.61,1.35,UNDER,1.35,5.375324249267578,-1.1246757507324219,1.1246757507324219,17.302703857421875,1.4546,AST_FALLBACK,True,32.7443332672119,34.8721662521362,15.8,4.4,3.8,0,0,TRACKING_FALTANTE_TOTAL
Austin Reaves,1630559,Austin Reaves,LAL,Oklahoma City Thunder @ Los Angeles Lakers,OKC,1,AST,SINGLE,4.5,1.54,2.1,OVER,1.54,5.375324249267578,0.8753242492675781,0.8753242492675781,19.45164998372396,1.4546,AST_FALLBACK,True,32.7443332672119,34.8721662521362,15.8,4.4,3.8,0,0,TRACKING_FALTANTE_TOTAL
Austin Reaves,1630559,Austin Reaves,LAL,Oklahoma City Thunder @ Los Angeles Lakers,OKC,1,3PT,SINGLE,1.5,1.52,2.31,OVER,1.52,2.336729049682617,0.8367290496826172,0.8367290496826172,55.78193664550781,0.9642,3PT,True,32.7443332672119,34.8721662521362,15.8,4.4,3.8,0,0,TRACKING_FALTANTE_TOTAL
Austin Reaves,1630559,Austin Reaves,LAL,Oklahoma City Thunder @ Los Angeles Lakers,OKC,1,3PT,SINGLE,2.5,2.31,1.45,UNDER,1.45,2.336729049682617,-0.1632709503173828,0.1632709503173828,6.5308380126953125,0.9642,3PT,False,32.7443332672119,34.8721662521362,15.8,4.4,3.8,0,0,TRACKING_FALTANTE_TOTAL
Austin Reaves,1630559,Austin Reaves,LAL,Oklahoma City Thunder @ Los Angeles Lakers,OKC,1,Q1_PTS,Q1,3.5,1.52,2.14,OVER,1.52,3.583627223968506,0.08362722396850586,0.08362722396850586,2.3893492562430247,2.087,Q1_PTS,False,32.7443332672119,34.8721662521362,15.8,4.4,3.8,0,0,TRACKING_FALTANTE_TOTAL
Austin Reaves,1630559,Austin Reaves,LAL,Oklahoma City Thunder @ Los Angeles Lakers,OKC,1,Q1_PTS,Q1,5.5,2.13,1.52,UNDER,1.52,3.583627223968506,-1.9163727760314941,1.9163727760314941,34.843141382390804,2.087,Q1_PTS,True,32.7443332672119,34.8721662521362,15.8,4.4,3.8,0,0,TRACKING_FALTANTE_TOTAL
Austin Reaves,1630559,Austin Reaves,LAL,Oklahoma City Thunder @ Los Angeles Lakers,OKC,1,Q1_PTS,Q1,4.5,1.81,1.86,UNDER,1.86,3.583627223968506,-0.9163727760314941,0.9163727760314941,20.36383946736654,2.087,Q1_PTS,False,32.7443332672119,34.8721662521362,15.8,4.4,3.8,0,0,TRACKING_FALTANTE_TOTAL
Austin Reaves,1630559,Austin Reaves,LAL,Oklahoma City Thunder @ Los Angeles Lakers,OKC,1,Q1_AST,Q1,1.5,2.07,1.65,UNDER,1.65,1.2934283018112183,-0.20657169818878174,0.20657169818878174,13.771446545918783,0.7063,Q1_AST,False,32.7443332672119,34.8721662521362,15.8,4.4,3.8,0,0,TRACKING_FALTANTE_TOTAL
Austin Reaves,1630559,Austin Reaves,LAL,Oklahoma City Thunder @ Los Angeles Lakers,OKC,1,FTM,SINGLE,4.5,1.72,1.97,OVER,1.72,4.650584697723389,0.15058469772338867,0.15058469772338867,3.346326616075304,1.4962,FTM,False,32.7443332672119,34.8721662521362,15.8,4.4,3.8,0,0,TRACKING_FALTANTE_TOTAL
Austin Reaves,1630559,Austin Reaves,LAL,Oklahoma City Thunder @ Los Angeles Lakers,OKC,1,FTA,SINGLE,5.5,1.79,1.88,OVER,1.79,5.547885894775391,0.047885894775390625,0.047885894775390625,0.8706526322798296,1.8012,FTA,False,32.7443332672119,34.8721662521362,15.8,4.4,3.8,0,0,TRACKING_FALTANTE_TOTAL
Austin Reaves,1630559,Austin Reaves,LAL,Oklahoma City Thunder @ Los Angeles Lakers,OKC,1,FGA,SINGLE,14.5,1.71,1.98,UNDER,1.98,14.414179801940918,-0.08582019805908203,0.08582019805908203,0.5918634348902209,2.8767,FGA,False,32.7443332672119,34.8721662521362,15.8,4.4,3.8,0,0,TRACKING_FALTANTE_TOTAL
Austin Reaves,1630559,Austin Reaves,LAL,Oklahoma City Thunder @ Los Angeles Lakers,OKC,1,FGA,SINGLE,15.5,1.94,1.64,UNDER,1.64,14.414179801940918,-1.085820198059082,1.085820198059082,7.005291600381175,2.8767,FGA,False,32.7443332672119,34.8721662521362,15.8,4.4,3.8,0,0,TRACKING_FALTANTE_TOTAL
Austin Reaves,1630559,Austin Reaves,LAL,Oklahoma City Thunder @ Los Angeles Lakers,OKC,1,PA,COMBO,23.5,1.63,1.95,OVER,1.63,25.689950942993164,2.189950942993164,2.189950942993164,9.318940182949634,5.2838,PA,False,32.7443332672119,34.8721662521362,15.8,4.4,3.8,0,0,TRACKING_FALTANTE_TOTAL
Austin Reaves,1630559,Austin Reaves,LAL,Oklahoma City Thunder @ Los Angeles Lakers,OKC,1,PA,COMBO,24.5,1.82,1.85,OVER,1.82,25.689950942993164,1.189950942993164,1.189950942993164,4.856942624461894,5.2838,PA,False,32.7443332672119,34.8721662521362,15.8,4.4,3.8,0,0,TRACKING_FALTANTE_TOTAL
Austin Reaves,1630559,Austin Reaves,LAL,Oklahoma City Thunder @ Los Angeles Lakers,OKC,1,PA,COMBO,22.5,1.56,2.07,OVER,1.56,25.689950942993164,3.189950942993164,3.189950942993164,14.177559746636284,5.2838,PA,True,32.7443332672119,34.8721662521362,15.8,4.4,3.8,0,0,TRACKING_FALTANTE_TOTAL
Austin Reaves,1630559,Austin Reaves,LAL,Oklahoma City Thunder @ Los Angeles Lakers,OKC,1,PA,COMBO,25.5,1.91,1.66,OVER,1.91,25.689950942993164,0.18995094299316406,0.18995094299316406,0.7449056587967218,5.2838,PA,False,32.7443332672119,34.8721662521362,15.8,4.4,3.8,0,0,TRACKING_FALTANTE_TOTAL
Austin Reaves,1630559,Austin Reaves,LAL,Oklahoma City Thunder @ Los Angeles Lakers,OKC,1,PA,COMBO,26.5,2.1,1.54,UNDER,1.54,25.689950942993164,-0.8100490570068359,0.8100490570068359,3.0567888943654187,5.2838,PA,False,32.7443332672119,34.8721662521362,15.8,4.4,3.8,0,0,TRACKING_FALTANTE_TOTAL
Austin Reaves,1630559,Austin Reaves,LAL,Oklahoma City Thunder @ Los Angeles Lakers,OKC,1,PR,COMBO,23.5,1.81,1.86,OVER,1.81,24.72681999206543,1.2268199920654297,1.2268199920654297,5.220510604533744,5.7314,PR,False,32.7443332672119,34.8721662521362,15.8,4.4,3.8,0,0,TRACKING_FALTANTE_TOTAL
Austin Reaves,1630559,Austin Reaves,LAL,Oklahoma City Thunder @ Los Angeles Lakers,OKC,1,PR,COMBO,22.5,1.63,1.96,OVER,1.63,24.72681999206543,2.2268199920654297,2.2268199920654297,9.89697774251302,5.7314,PR,False,32.7443332672119,34.8721662521362,15.8,4.4,3.8,0,0,TRACKING_FALTANTE_TOTAL
Austin Reaves,1630559,Austin Reaves,LAL,Oklahoma City Thunder @ Los Angeles Lakers,OKC,1,PR,COMBO,25.5,2.09,1.55,UNDER,1.55,24.72681999206543,-0.7731800079345703,0.7731800079345703,3.032078462488511,5.7314,PR,False,32.7443332672119,34.8721662521362,15.8,4.4,3.8,0,0,TRACKING_FALTANTE_TOTAL
Austin Reaves,1630559,Austin Reaves,LAL,Oklahoma City Thunder @ Los Angeles Lakers,OKC,1,PR,COMBO,21.5,1.56,2.07,OVER,1.56,24.72681999206543,3.2268199920654297,3.2268199920654297,15.008465079374092,5.7314,PR,True,32.7443332672119,34.8721662521362,15.8,4.4,3.8,0,0,TRACKING_FALTANTE_TOTAL
Austin Reaves,1630559,Austin Reaves,LAL,Oklahoma City Thunder @ Los Angeles Lakers,OKC,1,PR,COMBO,24.5,1.92,1.65,OVER,1.92,24.72681999206543,0.2268199920654297,0.2268199920654297,0.9257958859813457,5.7314,PR,False,32.7443332672119,34.8721662521362,15.8,4.4,3.8,0,0,TRACKING_FALTANTE_TOTAL
Austin Reaves,1630559,Austin Reaves,LAL,Oklahoma City Thunder @ Los Angeles Lakers,OKC,1,RA,COMBO,8.5,1.52,2.14,OVER,1.52,9.459542274475098,0.9595422744750977,0.9595422744750977,11.288732640883502,2.6976,RA,False,32.7443332672119,34.8721662521362,15.8,4.4,3.8,0,0,TRACKING_FALTANTE_TOTAL
Austin Reaves,1630559,Austin Reaves,LAL,Oklahoma City Thunder @ Los Angeles Lakers,OKC,1,RA,COMBO,10.5,2.06,1.57,UNDER,1.57,9.459542274475098,-1.0404577255249023,1.0404577255249023,9.909121195475262,2.6976,RA,False,32.7443332672119,34.8721662521362,15.8,4.4,3.8,0,0,TRACKING_FALTANTE_TOTAL
Austin Reaves,1630559,Austin Reaves,LAL,Oklahoma City Thunder @ Los Angeles Lakers,OKC,1,RA,COMBO,9.5,1.81,1.86,UNDER,1.86,9.459542274475098,-0.040457725524902344,0.040457725524902344,0.425870794998972,2.6976,RA,False,32.7443332672119,34.8721662521362,15.8,4.4,3.8,0,0,TRACKING_FALTANTE_TOTAL
Austin Reaves,1630559,Austin Reaves,LAL,Oklahoma City Thunder @ Los Angeles Lakers,OKC,1,PRA,COMBO,30.5,1.99,1.61,OVER,1.99,31.31804656982422,0.8180465698242188,0.8180465698242188,2.6821199010630123,6.1893,PRA,False,32.7443332672119,34.8721662521362,15.8,4.4,3.8,0,0,TRACKING_FALTANTE_TOTAL
Austin Reaves,1630559,Austin Reaves,LAL,Oklahoma City Thunder @ Los Angeles Lakers,OKC,1,PRA,COMBO,32.5,2.31,1.45,UNDER,1.45,31.31804656982422,-1.1819534301757812,1.1819534301757812,3.63677978515625,6.1893,PRA,False,32.7443332672119,34.8721662521362,15.8,4.4,3.8,0,0,TRACKING_FALTANTE_TOTAL
Austin Reaves,1630559,Austin Reaves,LAL,Oklahoma City Thunder @ Los Angeles Lakers,OKC,1,PRA,COMBO,25.5,1.43,2.36,OVER,1.43,31.31804656982422,5.818046569824219,5.818046569824219,22.815868901271447,6.1893,PRA,True,32.7443332672119,34.8721662521362,15.8,4.4,3.8,0,0,TRACKING_FALTANTE_TOTAL
Austin Reaves,1630559,Austin Reaves,LAL,Oklahoma City Thunder @ Los Angeles Lakers,OKC,1,PRA,COMBO,29.5,1.91,1.77,OVER,1.91,31.31804656982422,1.8180465698242188,1.8180465698242188,6.162869728217691,6.1893,PRA,False,32.7443332672119,34.8721662521362,15.8,4.4,3.8,0,0,TRACKING_FALTANTE_TOTAL
Austin Reaves,1630559,Austin Reaves,LAL,Oklahoma City Thunder @ Los Angeles Lakers,OKC,1,PRA,COMBO,24.5,1.34,2.64,OVER,1.34,31.31804656982422,6.818046569824219,6.818046569824219,27.828761509486604,6.1893,PRA,True,32.7443332672119,34.8721662521362,15.8,4.4,3.8,0,0,TRACKING_FALTANTE_TOTAL
Austin Reaves,1630559,Austin Reaves,LAL,Oklahoma City Thunder @ Los Angeles Lakers,OKC,1,PRA,COMBO,26.5,1.52,2.14,OVER,1.52,31.31804656982422,4.818046569824219,4.818046569824219,18.18130781065743,6.1893,PRA,True,32.7443332672119,34.8721662521362,15.8,4.4,3.8,0,0,TRACKING_FALTANTE_TOTAL
Austin Reaves,1630559,Austin Reaves,LAL,Oklahoma City Thunder @ Los Angeles Lakers,OKC,1,PRA,COMBO,27.5,1.59,2.02,OVER,1.59,31.31804656982422,3.8180465698242188,3.8180465698242188,13.883805708451705,6.1893,PRA,True,32.7443332672119,34.8721662521362,15.8,4.4,3.8,0,0,TRACKING_FALTANTE_TOTAL
Austin Reaves,1630559,Austin Reaves,LAL,Oklahoma City Thunder @ Los Angeles Lakers,OKC,1,PRA,COMBO,28.5,1.71,1.86,OVER,1.71,31.31804656982422,2.8180465698242188,2.8180465698242188,9.88788270113761,6.1893,PRA,False,32.7443332672119,34.8721662521362,15.8,4.4,3.8,0,0,TRACKING_FALTANTE_TOTAL
Austin Reaves,1630559,Austin Reaves,LAL,Oklahoma City Thunder @ Los Angeles Lakers,OKC,1,PRA,COMBO,33.5,2.54,1.37,UNDER,1.37,31.31804656982422,-2.1819534301757812,2.1819534301757812,6.513293821420242,6.1893,PRA,False,32.7443332672119,34.8721662521362,15.8,4.4,3.8,0,0,TRACKING_FALTANTE_TOTAL
Austin Reaves,1630559,Austin Reaves,LAL,Oklahoma City Thunder @ Los Angeles Lakers,OKC,1,PRA,COMBO,31.5,2.09,1.55,UNDER,1.55,31.31804656982422,-0.18195343017578125,0.18195343017578125,0.5776299370659722,6.1893,PRA,False,32.7443332672119,34.8721662521362,15.8,4.4,3.8,0,0,TRACKING_FALTANTE_TOTAL
Austin Reaves,1630559,Austin Reaves,LAL,Oklahoma City Thunder @ Los Angeles Lakers,OKC,1,FGM,SINGLE,5.5,1.63,2.1,OVER,1.63,6.558616638183594,1.0586166381835938,1.0586166381835938,19.247575239701707,1.8635,FGM,True,32.7443332672119,34.8721662521362,15.8,4.4,3.8,0,0,TRACKING_FALTANTE_TOTAL
Austin Reaves,1630559,Austin Reaves,LAL,Oklahoma City Thunder @ Los Angeles Lakers,OKC,1,FG3A,SINGLE,6.5,2.08,1.64,OVER,2.08,6.6457014083862305,0.14570140838623047,0.14570140838623047,2.2415601290189304,1.5883,FG3A,False,32.7443332672119,34.8721662521362,15.8,4.4,3.8,0,0,TRACKING_FALTANTE_TOTAL
Austin Reaves,1630559,Austin Reaves,LAL,Oklahoma City Thunder @ Los Angeles Lakers,OKC,1,REB,SINGLE,3.5,1.48,2.22,OVER,1.48,4.642366886138916,1.142366886138916,1.142366886138916,32.63905388968332,1.9667,REB,True,32.7443332672119,34.8721662521362,15.8,4.4,3.8,0,0,TRACKING_FALTANTE_TOTAL
Austin Reaves,1630559,Austin Reaves,LAL,Oklahoma City Thunder @ Los Angeles Lakers,OKC,1,REB,SINGLE,5.5,2.62,1.34,UNDER,1.34,4.642366886138916,-0.857633113861084,0.857633113861084,15.593329342928799,1.9667,REB,False,32.7443332672119,34.8721662521362,15.8,4.4,3.8,0,0,TRACKING_FALTANTE_TOTAL
Austin Reaves,1630559,Austin Reaves,LAL,Oklahoma City Thunder @ Los Angeles Lakers,OKC,1,REB,SINGLE,4.5,2.02,1.68,OVER,2.02,4.642366886138916,0.14236688613891602,0.14236688613891602,3.1637085808648004,1.9667,REB,False,32.7443332672119,34.8721662521362,15.8,4.4,3.8,0,0,TRACKING_FALTANTE_TOTAL
Evan Mobley,1630596,Evan Mobley,CLE,Detroit Pistons @ Cleveland Cavaliers,DET,1,PTS,SINGLE,13.5,1.5,2.18,OVER,1.5,16.947120666503906,3.4471206665039062,3.4471206665039062,25.534227159288193,4.8341,PTS,True,33.8633338928223,32.6116672515869,16.8,9.6,3.2,0,0,POTENTIAL_AST_FALTANTE
Evan Mobley,1630596,Evan Mobley,CLE,Detroit Pistons @ Cleveland Cavaliers,DET,1,PTS,SINGLE,14.5,1.61,1.98,OVER,1.61,16.947120666503906,2.4471206665039062,2.4471206665039062,16.87669425175108,4.8341,PTS,True,33.8633338928223,32.6116672515869,16.8,9.6,3.2,0,0,POTENTIAL_AST_FALTANTE
Evan Mobley,1630596,Evan Mobley,CLE,Detroit Pistons @ Cleveland Cavaliers,DET,1,PTS,SINGLE,17.5,2.15,1.52,UNDER,1.52,16.947120666503906,-0.5528793334960938,0.5528793334960938,3.159310477120536,4.8341,PTS,False,33.8633338928223,32.6116672515869,16.8,9.6,3.2,0,0,POTENTIAL_AST_FALTANTE
Evan Mobley,1630596,Evan Mobley,CLE,Detroit Pistons @ Cleveland Cavaliers,DET,1,PTS,SINGLE,18.5,2.46,1.39,UNDER,1.39,16.947120666503906,-1.5528793334960938,1.5528793334960938,8.393942343222129,4.8341,PTS,False,33.8633338928223,32.6116672515869,16.8,9.6,3.2,0,0,POTENTIAL_AST_FALTANTE
Evan Mobley,1630596,Evan Mobley,CLE,Detroit Pistons @ Cleveland Cavaliers,DET,1,PTS,SINGLE,12.5,1.37,2.54,OVER,1.37,16.947120666503906,4.447120666503906,4.447120666503906,35.57696533203125,4.8341,PTS,True,33.8633338928223,32.6116672515869,16.8,9.6,3.2,0,0,POTENTIAL_AST_FALTANTE
Evan Mobley,1630596,Evan Mobley,CLE,Detroit Pistons @ Cleveland Cavaliers,DET,1,PTS,SINGLE,16.5,1.97,1.62,OVER,1.97,16.947120666503906,0.44712066650390625,0.44712066650390625,2.7098222212357954,4.8341,PTS,False,33.8633338928223,32.6116672515869,16.8,9.6,3.2,0,0,POTENTIAL_AST_FALTANTE
Evan Mobley,1630596,Evan Mobley,CLE,Detroit Pistons @ Cleveland Cavaliers,DET,1,PTS,SINGLE,15.5,1.83,1.84,OVER,1.83,16.947120666503906,1.4471206665039062,1.4471206665039062,9.336262364541332,4.8341,PTS,False,33.8633338928223,32.6116672515869,16.8,9.6,3.2,0,0,POTENTIAL_AST_FALTANTE
Evan Mobley,1630596,Evan Mobley,CLE,Detroit Pistons @ Cleveland Cavaliers,DET,1,PTS,SINGLE,19.5,2.81,1.3,UNDER,1.3,16.947120666503906,-2.5528793334960938,2.5528793334960938,13.091688889723557,4.8341,PTS,True,33.8633338928223,32.6116672515869,16.8,9.6,3.2,0,0,POTENTIAL_AST_FALTANTE
Evan Mobley,1630596,Evan Mobley,CLE,Detroit Pistons @ Cleveland Cavaliers,DET,1,AST,SINGLE,2.5,1.55,2.24,OVER,1.55,3.3355650901794434,0.8355650901794434,0.8355650901794434,33.422603607177734,1.4546,AST_FALLBACK,True,33.8633338928223,32.6116672515869,16.8,9.6,3.2,0,0,POTENTIAL_AST_FALTANTE
Evan Mobley,1630596,Evan Mobley,CLE,Detroit Pistons @ Cleveland Cavaliers,DET,1,AST,SINGLE,3.5,2.13,1.52,UNDER,1.52,3.3355650901794434,-0.16443490982055664,0.16443490982055664,4.6981402805873325,1.4546,AST_FALLBACK,False,33.8633338928223,32.6116672515869,16.8,9.6,3.2,0,0,POTENTIAL_AST_FALTANTE
Evan Mobley,1630596,Evan Mobley,CLE,Detroit Pistons @ Cleveland Cavaliers,DET,1,3PT,SINGLE,0.5,1.44,2.52,OVER,1.44,1.1719094514846802,0.6719094514846802,0.6719094514846802,134.38189029693604,0.9642,3PT,True,33.8633338928223,32.6116672515869,16.8,9.6,3.2,0,0,POTENTIAL_AST_FALTANTE
Evan Mobley,1630596,Evan Mobley,CLE,Detroit Pistons @ Cleveland Cavaliers,DET,1,3PT,SINGLE,1.5,2.66,1.33,UNDER,1.33,1.1719094514846802,-0.3280905485153198,0.3280905485153198,21.872703234354653,0.9642,3PT,False,33.8633338928223,32.6116672515869,16.8,9.6,3.2,0,0,POTENTIAL_AST_FALTANTE
Evan Mobley,1630596,Evan Mobley,CLE,Detroit Pistons @ Cleveland Cavaliers,DET,1,Q1_PTS,Q1,4.5,1.95,1.73,UNDER,1.73,4.270224571228027,-0.22977542877197266,0.22977542877197266,5.10612063937717,2.087,Q1_PTS,False,33.8633338928223,32.6116672515869,16.8,9.6,3.2,0,0,POTENTIAL_AST_FALTANTE
Evan Mobley,1630596,Evan Mobley,CLE,Detroit Pistons @ Cleveland Cavaliers,DET,1,Q1_PTS,Q1,3.5,1.51,2.16,OVER,1.51,4.270224571228027,0.7702245712280273,0.7702245712280273,22.00641632080078,2.087,Q1_PTS,False,33.8633338928223,32.6116672515869,16.8,9.6,3.2,0,0,POTENTIAL_AST_FALTANTE
Evan Mobley,1630596,Evan Mobley,CLE,Detroit Pistons @ Cleveland Cavaliers,DET,1,Q1_AST,Q1,0.5,1.54,2.27,OVER,1.54,0.85298091173172,0.35298091173171997,0.35298091173171997,70.596182346344,0.7063,Q1_AST,False,33.8633338928223,32.6116672515869,16.8,9.6,3.2,0,0,POTENTIAL_AST_FALTANTE
Evan Mobley,1630596,Evan Mobley,CLE,Detroit Pistons @ Cleveland Cavaliers,DET,1,Q1_REB,Q1,2.5,2.01,1.69,UNDER,1.69,2.109544515609741,-0.3904554843902588,0.3904554843902588,15.618219375610352,0.9236,Q1_REB,False,33.8633338928223,32.6116672515869,16.8,9.6,3.2,0,0,POTENTIAL_AST_FALTANTE
Evan Mobley,1630596,Evan Mobley,CLE,Detroit Pistons @ Cleveland Cavaliers,DET,1,FTM,SINGLE,2.5,1.94,1.74,UNDER,1.74,2.283331871032715,-0.21666812896728516,0.21666812896728516,8.666725158691406,1.4962,FTM,False,33.8633338928223,32.6116672515869,16.8,9.6,3.2,0,0,POTENTIAL_AST_FALTANTE
Evan Mobley,1630596,Evan Mobley,CLE,Detroit Pistons @ Cleveland Cavaliers,DET,1,FTA,SINGLE,4.5,2.13,1.61,UNDER,1.61,3.911651134490967,-0.5883488655090332,0.5883488655090332,13.074419233534071,1.8012,FTA,False,33.8633338928223,32.6116672515869,16.8,9.6,3.2,0,0,POTENTIAL_AST_FALTANTE
Evan Mobley,1630596,Evan Mobley,CLE,Detroit Pistons @ Cleveland Cavaliers,DET,1,FGM,SINGLE,5.5,1.64,2.08,OVER,1.64,6.766252517700195,1.2662525177001953,1.2662525177001953,23.02277304909446,1.8635,FGM,True,33.8633338928223,32.6116672515869,16.8,9.6,3.2,0,0,POTENTIAL_AST_FALTANTE
Evan Mobley,1630596,Evan Mobley,CLE,Detroit Pistons @ Cleveland Cavaliers,DET,1,FGA,SINGLE,12.5,1.96,1.72,UNDER,1.72,12.067370414733887,-0.4326295852661133,0.4326295852661133,3.4610366821289062,2.8767,FGA,False,33.8633338928223,32.6116672515869,16.8,9.6,3.2,0,0,POTENTIAL_AST_FALTANTE
Evan Mobley,1630596,Evan Mobley,CLE,Detroit Pistons @ Cleveland Cavaliers,DET,1,FGA,SINGLE,11.5,1.6,1.99,OVER,1.6,12.067370414733887,0.5673704147338867,0.5673704147338867,4.933655780294667,2.8767,FGA,False,33.8633338928223,32.6116672515869,16.8,9.6,3.2,0,0,POTENTIAL_AST_FALTANTE
Evan Mobley,1630596,Evan Mobley,CLE,Detroit Pistons @ Cleveland Cavaliers,DET,1,FG3A,SINGLE,3.5,2.13,1.61,UNDER,1.61,3.319247245788574,-0.18075275421142578,0.18075275421142578,5.164364406040737,1.5883,FG3A,False,33.8633338928223,32.6116672515869,16.8,9.6,3.2,0,0,POTENTIAL_AST_FALTANTE
Evan Mobley,1630596,Evan Mobley,CLE,Detroit Pistons @ Cleveland Cavaliers,DET,1,REB,SINGLE,9.5,2.08,1.55,UNDER,1.55,9.255085945129395,-0.24491405487060547,0.24491405487060547,2.5780426828484786,1.9667,REB,False,33.8633338928223,32.6116672515869,16.8,9.6,3.2,0,0,POTENTIAL_AST_FALTANTE
Evan Mobley,1630596,Evan Mobley,CLE,Detroit Pistons @ Cleveland Cavaliers,DET,1,REB,SINGLE,10.5,2.69,1.33,UNDER,1.33,9.255085945129395,-1.2449140548706055,1.2449140548706055,11.856324332101005,1.9667,REB,True,33.8633338928223,32.6116672515869,16.8,9.6,3.2,0,0,POTENTIAL_AST_FALTANTE
Evan Mobley,1630596,Evan Mobley,CLE,Detroit Pistons @ Cleveland Cavaliers,DET,1,REB,SINGLE,7.5,1.51,2.17,OVER,1.51,9.255085945129395,1.7550859451293945,1.7550859451293945,23.401145935058594,1.9667,REB,True,33.8633338928223,32.6116672515869,16.8,9.6,3.2,0,0,POTENTIAL_AST_FALTANTE
Evan Mobley,1630596,Evan Mobley,CLE,Detroit Pistons @ Cleveland Cavaliers,DET,1,REB,SINGLE,8.5,1.8,1.87,OVER,1.8,9.255085945129395,0.7550859451293945,0.7550859451293945,8.883364060345817,1.9667,REB,False,33.8633338928223,32.6116672515869,16.8,9.6,3.2,0,0,POTENTIAL_AST_FALTANTE
Evan Mobley,1630596,Evan Mobley,CLE,Detroit Pistons @ Cleveland Cavaliers,DET,1,PA,COMBO,19.5,1.91,1.66,UNDER,1.66,17.345380783081055,-2.1546192169189453,2.1546192169189453,11.049329317533054,5.2838,PA,False,33.8633338928223,32.6116672515869,16.8,9.6,3.2,0,0,POTENTIAL_AST_FALTANTE
Evan Mobley,1630596,Evan Mobley,CLE,Detroit Pistons @ Cleveland Cavaliers,DET,1,PA,COMBO,20.5,2.05,1.57,UNDER,1.57,17.345380783081055,-3.1546192169189453,3.1546192169189453,15.388386423994854,5.2838,PA,True,33.8633338928223,32.6116672515869,16.8,9.6,3.2,0,0,POTENTIAL_AST_FALTANTE
Evan Mobley,1630596,Evan Mobley,CLE,Detroit Pistons @ Cleveland Cavaliers,DET,1,PA,COMBO,17.5,1.58,2.03,UNDER,2.03,17.345380783081055,-0.1546192169189453,0.1546192169189453,0.8835383823939733,5.2838,PA,False,33.8633338928223,32.6116672515869,16.8,9.6,3.2,0,0,POTENTIAL_AST_FALTANTE
Evan Mobley,1630596,Evan Mobley,CLE,Detroit Pistons @ Cleveland Cavaliers,DET,1,PA,COMBO,18.5,1.78,1.89,UNDER,1.89,17.345380783081055,-1.1546192169189453,1.1546192169189453,6.241184956318623,5.2838,PA,False,33.8633338928223,32.6116672515869,16.8,9.6,3.2,0,0,POTENTIAL_AST_FALTANTE
Evan Mobley,1630596,Evan Mobley,CLE,Detroit Pistons @ Cleveland Cavaliers,DET,1,PR,COMBO,22.5,1.53,2.12,OVER,1.53,24.0440673828125,1.5440673828125,1.5440673828125,6.862521701388889,5.7314,PR,False,33.8633338928223,32.6116672515869,16.8,9.6,3.2,0,0,POTENTIAL_AST_FALTANTE
Evan Mobley,1630596,Evan Mobley,CLE,Detroit Pistons @ Cleveland Cavaliers,DET,1,PR,COMBO,24.5,1.84,1.83,UNDER,1.83,24.0440673828125,-0.4559326171875,0.4559326171875,1.8609494579081634,5.7314,PR,False,33.8633338928223,32.6116672515869,16.8,9.6,3.2,0,0,POTENTIAL_AST_FALTANTE
Evan Mobley,1630596,Evan Mobley,CLE,Detroit Pistons @ Cleveland Cavaliers,DET,1,PR,COMBO,25.5,1.93,1.64,UNDER,1.64,24.0440673828125,-1.4559326171875,1.4559326171875,5.709539675245098,5.7314,PR,False,33.8633338928223,32.6116672515869,16.8,9.6,3.2,0,0,POTENTIAL_AST_FALTANTE
Evan Mobley,1630596,Evan Mobley,CLE,Detroit Pistons @ Cleveland Cavaliers,DET,1,PR,COMBO,26.5,2.05,1.57,UNDER,1.57,24.0440673828125,-2.4559326171875,2.4559326171875,9.267670253537736,5.7314,PR,False,33.8633338928223,32.6116672515869,16.8,9.6,3.2,0,0,POTENTIAL_AST_FALTANTE
Evan Mobley,1630596,Evan Mobley,CLE,Detroit Pistons @ Cleveland Cavaliers,DET,1,PR,COMBO,23.5,1.66,1.91,OVER,1.66,24.0440673828125,0.5440673828125,0.5440673828125,2.315180352393617,5.7314,PR,False,33.8633338928223,32.6116672515869,16.8,9.6,3.2,0,0,POTENTIAL_AST_FALTANTE
Evan Mobley,1630596,Evan Mobley,CLE,Detroit Pistons @ Cleveland Cavaliers,DET,1,RA,COMBO,12.5,2.02,1.59,UNDER,1.59,12.173831939697266,-0.3261680603027344,0.3261680603027344,2.609344482421875,2.6976,RA,False,33.8633338928223,32.6116672515869,16.8,9.6,3.2,0,0,POTENTIAL_AST_FALTANTE
Evan Mobley,1630596,Evan Mobley,CLE,Detroit Pistons @ Cleveland Cavaliers,DET,1,RA,COMBO,10.5,1.52,2.15,OVER,1.52,12.173831939697266,1.6738319396972656,1.6738319396972656,15.941256568545386,2.6976,RA,True,33.8633338928223,32.6116672515869,16.8,9.6,3.2,0,0,POTENTIAL_AST_FALTANTE
Evan Mobley,1630596,Evan Mobley,CLE,Detroit Pistons @ Cleveland Cavaliers,DET,1,RA,COMBO,11.5,1.76,1.92,OVER,1.76,12.173831939697266,0.6738319396972656,0.6738319396972656,5.859408171280571,2.6976,RA,False,33.8633338928223,32.6116672515869,16.8,9.6,3.2,0,0,POTENTIAL_AST_FALTANTE
Evan Mobley,1630596,Evan Mobley,CLE,Detroit Pistons @ Cleveland Cavaliers,DET,1,PRA,COMBO,27.5,1.81,1.86,OVER,1.81,28.584333419799805,1.0843334197998047,1.0843334197998047,3.9430306174538354,6.1893,PRA,False,33.8633338928223,32.6116672515869,16.8,9.6,3.2,0,0,POTENTIAL_AST_FALTANTE
Evan Mobley,1630596,Evan Mobley,CLE,Detroit Pistons @ Cleveland Cavaliers,DET,1,PRA,COMBO,31.5,2.43,1.4,UNDER,1.4,28.584333419799805,-2.9156665802001953,2.9156665802001953,9.256084381587922,6.1893,PRA,False,33.8633338928223,32.6116672515869,16.8,9.6,3.2,0,0,POTENTIAL_AST_FALTANTE
Evan Mobley,1630596,Evan Mobley,CLE,Detroit Pistons @ Cleveland Cavaliers,DET,1,PRA,COMBO,32.5,2.72,1.32,UNDER,1.32,28.584333419799805,-3.9156665802001953,3.9156665802001953,12.048204862154448,6.1893,PRA,True,33.8633338928223,32.6116672515869,16.8,9.6,3.2,0,0,POTENTIAL_AST_FALTANTE
Evan Mobley,1630596,Evan Mobley,CLE,Detroit Pistons @ Cleveland Cavaliers,DET,1,PRA,COMBO,29.5,2.08,1.55,UNDER,1.55,28.584333419799805,-0.9156665802001953,0.9156665802001953,3.1039545091532044,6.1893,PRA,False,33.8633338928223,32.6116672515869,16.8,9.6,3.2,0,0,POTENTIAL_AST_FALTANTE
Evan Mobley,1630596,Evan Mobley,CLE,Detroit Pistons @ Cleveland Cavaliers,DET,1,PRA,COMBO,30.5,2.19,1.49,UNDER,1.49,28.584333419799805,-1.9156665802001953,1.9156665802001953,6.280874033443264,6.1893,PRA,False,33.8633338928223,32.6116672515869,16.8,9.6,3.2,0,0,POTENTIAL_AST_FALTANTE
Evan Mobley,1630596,Evan Mobley,CLE,Detroit Pistons @ Cleveland Cavaliers,DET,1,PRA,COMBO,23.5,1.37,2.55,OVER,1.37,28.584333419799805,5.084333419799805,5.084333419799805,21.635461360850233,6.1893,PRA,True,33.8633338928223,32.6116672515869,16.8,9.6,3.2,0,0,POTENTIAL_AST_FALTANTE
Evan Mobley,1630596,Evan Mobley,CLE,Detroit Pistons @ Cleveland Cavaliers,DET,1,PRA,COMBO,24.5,1.46,2.27,OVER,1.46,28.584333419799805,4.084333419799805,4.084333419799805,16.6707486522441,6.1893,PRA,True,33.8633338928223,32.6116672515869,16.8,9.6,3.2,0,0,POTENTIAL_AST_FALTANTE
Evan Mobley,1630596,Evan Mobley,CLE,Detroit Pistons @ Cleveland Cavaliers,DET,1,PRA,COMBO,25.5,1.56,2.06,OVER,1.56,28.584333419799805,3.0843334197998047,3.0843334197998047,12.09542517568551,6.1893,PRA,False,33.8633338928223,32.6116672515869,16.8,9.6,3.2,0,0,POTENTIAL_AST_FALTANTE
Evan Mobley,1630596,Evan Mobley,CLE,Detroit Pistons @ Cleveland Cavaliers,DET,1,PRA,COMBO,26.5,1.65,1.93,OVER,1.65,28.584333419799805,2.0843334197998047,2.0843334197998047,7.8654091313200185,6.1893,PRA,False,33.8633338928223,32.6116672515869,16.8,9.6,3.2,0,0,POTENTIAL_AST_FALTANTE
Evan Mobley,1630596,Evan Mobley,CLE,Detroit Pistons @ Cleveland Cavaliers,DET,1,PRA,COMBO,28.5,1.92,1.66,OVER,1.92,28.584333419799805,0.08433341979980469,0.08433341979980469,0.29590673613966556,6.1893,PRA,False,33.8633338928223,32.6116672515869,16.8,9.6,3.2,0,0,POTENTIAL_AST_FALTANTE
Chet Holmgren,1631096,Chet Holmgren,OKC,Oklahoma City Thunder @ Los Angeles Lakers,LAL,0,PTS,SINGLE,17.5,1.9,1.67,UNDER,1.67,16.22038459777832,-1.2796154022216797,1.2796154022216797,7.3120880126953125,4.8341,PTS,False,30.3630001068115,27.4715002059937,18.6,9.2,1.2,0,0,TRACKING_FALTANTE_TOTAL
Chet Holmgren,1631096,Chet Holmgren,OKC,Oklahoma City Thunder @ Los Angeles Lakers,LAL,0,PTS,SINGLE,14.5,1.45,2.3,OVER,1.45,16.22038459777832,1.7203845977783203,1.7203845977783203,11.864721363988416,4.8341,PTS,False,30.3630001068115,27.4715002059937,18.6,9.2,1.2,0,0,TRACKING_FALTANTE_TOTAL
Chet Holmgren,1631096,Chet Holmgren,OKC,Oklahoma City Thunder @ Los Angeles Lakers,LAL,0,PTS,SINGLE,15.5,1.56,2.07,OVER,1.56,16.22038459777832,0.7203845977783203,0.7203845977783203,4.6476425663117436,4.8341,PTS,False,30.3630001068115,27.4715002059937,18.6,9.2,1.2,0,0,TRACKING_FALTANTE_TOTAL
Chet Holmgren,1631096,Chet Holmgren,OKC,Oklahoma City Thunder @ Los Angeles Lakers,LAL,0,PTS,SINGLE,13.5,1.34,2.64,OVER,1.34,16.22038459777832,2.7203845977783203,2.7203845977783203,20.15099702058015,4.8341,PTS,True,30.3630001068115,27.4715002059937,18.6,9.2,1.2,0,0,TRACKING_FALTANTE_TOTAL
Chet Holmgren,1631096,Chet Holmgren,OKC,Oklahoma City Thunder @ Los Angeles Lakers,LAL,0,PTS,SINGLE,16.5,1.76,1.92,UNDER,1.92,16.22038459777832,-0.2796154022216797,0.2796154022216797,1.6946388013435132,4.8341,PTS,False,30.3630001068115,27.4715002059937,18.6,9.2,1.2,0,0,TRACKING_FALTANTE_TOTAL
Chet Holmgren,1631096,Chet Holmgren,OKC,Oklahoma City Thunder @ Los Angeles Lakers,LAL,0,PTS,SINGLE,18.5,2.12,1.53,UNDER,1.53,16.22038459777832,-2.2796154022216797,2.2796154022216797,12.322245417414484,4.8341,PTS,False,30.3630001068115,27.4715002059937,18.6,9.2,1.2,0,0,TRACKING_FALTANTE_TOTAL
Chet Holmgren,1631096,Chet Holmgren,OKC,Oklahoma City Thunder @ Los Angeles Lakers,LAL,0,PTS,SINGLE,19.5,2.31,1.44,UNDER,1.44,16.22038459777832,-3.2796154022216797,3.2796154022216797,16.818540524213745,4.8341,PTS,True,30.3630001068115,27.4715002059937,18.6,9.2,1.2,0,0,TRACKING_FALTANTE_TOTAL
Chet Holmgren,1631096,Chet Holmgren,OKC,Oklahoma City Thunder @ Los Angeles Lakers,LAL,0,PTS,SINGLE,20.5,2.62,1.35,UNDER,1.35,16.22038459777832,-4.27961540222168,4.27961540222168,20.876172693764293,4.8341,PTS,True,30.3630001068115,27.4715002059937,18.6,9.2,1.2,0,0,TRACKING_FALTANTE_TOTAL
Chet Holmgren,1631096,Chet Holmgren,OKC,Oklahoma City Thunder @ Los Angeles Lakers,LAL,0,AST,SINGLE,1.5,1.89,1.78,OVER,1.89,1.8139183521270752,0.3139183521270752,0.3139183521270752,20.927890141805015,1.4546,AST_FALLBACK,False,30.3630001068115,27.4715002059937,18.6,9.2,1.2,0,0,TRACKING_FALTANTE_TOTAL
Chet Holmgren,1631096,Chet Holmgren,OKC,Oklahoma City Thunder @ Los Angeles Lakers,LAL,0,3PT,SINGLE,1.5,2.11,1.62,UNDER,1.62,1.2409402132034302,-0.2590597867965698,0.2590597867965698,17.270652453104653,0.9642,3PT,False,30.3630001068115,27.4715002059937,18.6,9.2,1.2,0,0,TRACKING_FALTANTE_TOTAL
Chet Holmgren,1631096,Chet Holmgren,OKC,Oklahoma City Thunder @ Los Angeles Lakers,LAL,0,Q1_PTS,Q1,5.5,2.15,1.52,UNDER,1.52,4.164062023162842,-1.3359379768371582,1.3359379768371582,24.28978139703924,2.087,Q1_PTS,True,30.3630001068115,27.4715002059937,18.6,9.2,1.2,0,0,TRACKING_FALTANTE_TOTAL
Chet Holmgren,1631096,Chet Holmgren,OKC,Oklahoma City Thunder @ Los Angeles Lakers,LAL,0,Q1_PTS,Q1,4.5,1.88,1.8,UNDER,1.8,4.164062023162842,-0.3359379768371582,0.3359379768371582,7.465288374159071,2.087,Q1_PTS,False,30.3630001068115,27.4715002059937,18.6,9.2,1.2,0,0,TRACKING_FALTANTE_TOTAL
Chet Holmgren,1631096,Chet Holmgren,OKC,Oklahoma City Thunder @ Los Angeles Lakers,LAL,0,Q1_REB,Q1,2.5,1.97,1.72,UNDER,1.72,2.177299737930298,-0.32270026206970215,0.32270026206970215,12.908010482788084,0.9236,Q1_REB,False,30.3630001068115,27.4715002059937,18.6,9.2,1.2,0,0,TRACKING_FALTANTE_TOTAL
Chet Holmgren,1631096,Chet Holmgren,OKC,Oklahoma City Thunder @ Los Angeles Lakers,LAL,0,PA,COMBO,17.5,1.61,1.99,UNDER,1.99,16.77957534790039,-0.7204246520996094,0.7204246520996094,4.116712297712054,5.2838,PA,False,30.3630001068115,27.4715002059937,18.6,9.2,1.2,0,0,TRACKING_FALTANTE_TOTAL
Chet Holmgren,1631096,Chet Holmgren,OKC,Oklahoma City Thunder @ Los Angeles Lakers,LAL,0,PA,COMBO,18.5,1.82,1.85,UNDER,1.85,16.77957534790039,-1.7204246520996094,1.7204246520996094,9.299592714051942,5.2838,PA,False,30.3630001068115,27.4715002059937,18.6,9.2,1.2,0,0,TRACKING_FALTANTE_TOTAL
Chet Holmgren,1631096,Chet Holmgren,OKC,Oklahoma City Thunder @ Los Angeles Lakers,LAL,0,PA,COMBO,16.5,1.51,2.16,OVER,1.51,16.77957534790039,0.2795753479003906,0.2795753479003906,1.6943960478811553,5.2838,PA,False,30.3630001068115,27.4715002059937,18.6,9.2,1.2,0,0,TRACKING_FALTANTE_TOTAL
Chet Holmgren,1631096,Chet Holmgren,OKC,Oklahoma City Thunder @ Los Angeles Lakers,LAL,0,PA,COMBO,19.5,1.96,1.63,UNDER,1.63,16.77957534790039,-2.7204246520996094,2.7204246520996094,13.95089565179287,5.2838,PA,True,30.3630001068115,27.4715002059937,18.6,9.2,1.2,0,0,TRACKING_FALTANTE_TOTAL
Chet Holmgren,1631096,Chet Holmgren,OKC,Oklahoma City Thunder @ Los Angeles Lakers,LAL,0,PA,COMBO,20.5,2.11,1.53,UNDER,1.53,16.77957534790039,-3.7204246520996094,3.7204246520996094,18.148412937071264,5.2838,PA,True,30.3630001068115,27.4715002059937,18.6,9.2,1.2,0,0,TRACKING_FALTANTE_TOTAL
Chet Holmgren,1631096,Chet Holmgren,OKC,Oklahoma City Thunder @ Los Angeles Lakers,LAL,0,PR,COMBO,27.5,1.98,1.61,UNDER,1.61,24.99819564819336,-2.5018043518066406,2.5018043518066406,9.097470370205967,5.7314,PR,False,30.3630001068115,27.4715002059937,18.6,9.2,1.2,0,0,TRACKING_FALTANTE_TOTAL
Chet Holmgren,1631096,Chet Holmgren,OKC,Oklahoma City Thunder @ Los Angeles Lakers,LAL,0,PR,COMBO,28.5,2.1,1.54,UNDER,1.54,24.99819564819336,-3.5018043518066406,3.5018043518066406,12.287032813356634,5.7314,PR,True,30.3630001068115,27.4715002059937,18.6,9.2,1.2,0,0,TRACKING_FALTANTE_TOTAL
Chet Holmgren,1631096,Chet Holmgren,OKC,Oklahoma City Thunder @ Los Angeles Lakers,LAL,0,PR,COMBO,25.5,1.68,1.88,UNDER,1.88,24.99819564819336,-0.5018043518066406,0.5018043518066406,1.9678602031632968,5.7314,PR,False,30.3630001068115,27.4715002059937,18.6,9.2,1.2,0,0,TRACKING_FALTANTE_TOTAL
Chet Holmgren,1631096,Chet Holmgren,OKC,Oklahoma City Thunder @ Los Angeles Lakers,LAL,0,PR,COMBO,24.5,1.57,2.05,OVER,1.57,24.99819564819336,0.4981956481933594,0.4981956481933594,2.033451625279018,5.7314,PR,False,30.3630001068115,27.4715002059937,18.6,9.2,1.2,0,0,TRACKING_FALTANTE_TOTAL
Chet Holmgren,1631096,Chet Holmgren,OKC,Oklahoma City Thunder @ Los Angeles Lakers,LAL,0,PR,COMBO,26.5,1.9,1.77,UNDER,1.77,24.99819564819336,-1.5018043518066406,1.5018043518066406,5.667186233232606,5.7314,PR,False,30.3630001068115,27.4715002059937,18.6,9.2,1.2,0,0,TRACKING_FALTANTE_TOTAL
Chet Holmgren,1631096,Chet Holmgren,OKC,Oklahoma City Thunder @ Los Angeles Lakers,LAL,0,FTM,SINGLE,3.5,2.06,1.65,UNDER,1.65,2.861360549926758,-0.6386394500732422,0.6386394500732422,18.246841430664062,1.4962,FTM,False,30.3630001068115,27.4715002059937,18.6,9.2,1.2,0,0,TRACKING_FALTANTE_TOTAL
Chet Holmgren,1631096,Chet Holmgren,OKC,Oklahoma City Thunder @ Los Angeles Lakers,LAL,0,FTA,SINGLE,3.5,1.6,2.14,UNDER,2.14,3.2035787105560303,-0.2964212894439697,0.2964212894439697,8.469179698399135,1.8012,FTA,False,30.3630001068115,27.4715002059937,18.6,9.2,1.2,0,0,TRACKING_FALTANTE_TOTAL
Chet Holmgren,1631096,Chet Holmgren,OKC,Oklahoma City Thunder @ Los Angeles Lakers,LAL,0,FGM,SINGLE,6.5,2.13,1.61,UNDER,1.61,6.150052547454834,-0.349947452545166,0.349947452545166,5.383806962233324,1.8635,FGM,False,30.3630001068115,27.4715002059937,18.6,9.2,1.2,0,0,TRACKING_FALTANTE_TOTAL
Chet Holmgren,1631096,Chet Holmgren,OKC,Oklahoma City Thunder @ Los Angeles Lakers,LAL,0,FGA,SINGLE,12.5,1.98,1.61,UNDER,1.61,11.205491065979004,-1.294508934020996,1.294508934020996,10.356071472167969,2.8767,FGA,False,30.3630001068115,27.4715002059937,18.6,9.2,1.2,0,0,TRACKING_FALTANTE_TOTAL
Chet Holmgren,1631096,Chet Holmgren,OKC,Oklahoma City Thunder @ Los Angeles Lakers,LAL,0,FGA,SINGLE,11.5,1.7,1.99,UNDER,1.99,11.205491065979004,-0.2945089340209961,0.2945089340209961,2.560947252356488,2.8767,FGA,False,30.3630001068115,27.4715002059937,18.6,9.2,1.2,0,0,TRACKING_FALTANTE_TOTAL
Chet Holmgren,1631096,Chet Holmgren,OKC,Oklahoma City Thunder @ Los Angeles Lakers,LAL,0,FG3A,SINGLE,3.5,1.66,2.04,OVER,1.66,3.7047908306121826,0.20479083061218262,0.20479083061218262,5.8511665889195035,1.5883,FG3A,False,30.3630001068115,27.4715002059937,18.6,9.2,1.2,0,0,TRACKING_FALTANTE_TOTAL
Chet Holmgren,1631096,Chet Holmgren,OKC,Oklahoma City Thunder @ Los Angeles Lakers,LAL,0,REB,SINGLE,8.5,1.61,1.99,OVER,1.61,8.865005493164062,0.3650054931640625,0.3650054931640625,4.294182272518382,1.9667,REB,False,30.3630001068115,27.4715002059937,18.6,9.2,1.2,0,0,TRACKING_FALTANTE_TOTAL
Chet Holmgren,1631096,Chet Holmgren,OKC,Oklahoma City Thunder @ Los Angeles Lakers,LAL,0,REB,SINGLE,10.5,2.34,1.43,UNDER,1.43,8.865005493164062,-1.6349945068359375,1.6349945068359375,15.571376255580358,1.9667,REB,True,30.3630001068115,27.4715002059937,18.6,9.2,1.2,0,0,TRACKING_FALTANTE_TOTAL
Chet Holmgren,1631096,Chet Holmgren,OKC,Oklahoma City Thunder @ Los Angeles Lakers,LAL,0,REB,SINGLE,7.5,1.4,2.44,OVER,1.4,8.865005493164062,1.3650054931640625,1.3650054931640625,18.2000732421875,1.9667,REB,True,30.3630001068115,27.4715002059937,18.6,9.2,1.2,0,0,TRACKING_FALTANTE_TOTAL
Chet Holmgren,1631096,Chet Holmgren,OKC,Oklahoma City Thunder @ Los Angeles Lakers,LAL,0,REB,SINGLE,9.5,2.02,1.68,UNDER,1.68,8.865005493164062,-0.6349945068359375,0.6349945068359375,6.684152703536183,1.9667,REB,False,30.3630001068115,27.4715002059937,18.6,9.2,1.2,0,0,TRACKING_FALTANTE_TOTAL
Chet Holmgren,1631096,Chet Holmgren,OKC,Oklahoma City Thunder @ Los Angeles Lakers,LAL,0,RA,COMBO,11.5,2.07,1.56,UNDER,1.56,10.349696159362793,-1.150303840637207,1.150303840637207,10.002642092497451,2.6976,RA,False,30.3630001068115,27.4715002059937,18.6,9.2,1.2,0,0,TRACKING_FALTANTE_TOTAL
Chet Holmgren,1631096,Chet Holmgren,OKC,Oklahoma City Thunder @ Los Angeles Lakers,LAL,0,RA,COMBO,10.5,1.76,1.91,UNDER,1.91,10.349696159362793,-0.15030384063720703,0.15030384063720703,1.4314651489257812,2.6976,RA,False,30.3630001068115,27.4715002059937,18.6,9.2,1.2,0,0,TRACKING_FALTANTE_TOTAL
Chet Holmgren,1631096,Chet Holmgren,OKC,Oklahoma City Thunder @ Los Angeles Lakers,LAL,0,RA,COMBO,9.5,1.51,2.15,OVER,1.51,10.349696159362793,0.849696159362793,0.849696159362793,8.944170098555714,2.6976,RA,False,30.3630001068115,27.4715002059937,18.6,9.2,1.2,0,0,TRACKING_FALTANTE_TOTAL
Chet Holmgren,1631096,Chet Holmgren,OKC,Oklahoma City Thunder @ Los Angeles Lakers,LAL,0,PRA,COMBO,31.5,2.37,1.42,UNDER,1.42,23.29208755493164,-8.20791244506836,8.20791244506836,26.056864904978923,6.1893,PRA,True,30.3630001068115,27.4715002059937,18.6,9.2,1.2,0,0,TRACKING_FALTANTE_TOTAL
Chet Holmgren,1631096,Chet Holmgren,OKC,Oklahoma City Thunder @ Los Angeles Lakers,LAL,0,PRA,COMBO,30.5,2.15,1.51,UNDER,1.51,23.29208755493164,-7.207912445068359,7.207912445068359,23.63249981989626,6.1893,PRA,True,30.3630001068115,27.4715002059937,18.6,9.2,1.2,0,0,TRACKING_FALTANTE_TOTAL
Chet Holmgren,1631096,Chet Holmgren,OKC,Oklahoma City Thunder @ Los Angeles Lakers,LAL,0,PRA,COMBO,27.5,1.78,1.9,UNDER,1.9,23.29208755493164,-4.207912445068359,4.207912445068359,15.30149980024858,6.1893,PRA,True,30.3630001068115,27.4715002059937,18.6,9.2,1.2,0,0,TRACKING_FALTANTE_TOTAL
Chet Holmgren,1631096,Chet Holmgren,OKC,Oklahoma City Thunder @ Los Angeles Lakers,LAL,0,PRA,COMBO,23.5,1.35,2.62,UNDER,2.62,23.29208755493164,-0.20791244506835938,0.20791244506835938,0.8847338088015293,6.1893,PRA,False,30.3630001068115,27.4715002059937,18.6,9.2,1.2,0,0,TRACKING_FALTANTE_TOTAL
Chet Holmgren,1631096,Chet Holmgren,OKC,Oklahoma City Thunder @ Los Angeles Lakers,LAL,0,PRA,COMBO,24.5,1.43,2.34,UNDER,2.34,23.29208755493164,-1.2079124450683594,1.2079124450683594,4.930254877830039,6.1893,PRA,False,30.3630001068115,27.4715002059937,18.6,9.2,1.2,0,0,TRACKING_FALTANTE_TOTAL
Chet Holmgren,1631096,Chet Holmgren,OKC,Oklahoma City Thunder @ Los Angeles Lakers,LAL,0,PRA,COMBO,25.5,1.54,2.11,UNDER,2.11,23.29208755493164,-2.2079124450683594,2.2079124450683594,8.658480176738664,6.1893,PRA,False,30.3630001068115,27.4715002059937,18.6,9.2,1.2,0,0,TRACKING_FALTANTE_TOTAL
Chet Holmgren,1631096,Chet Holmgren,OKC,Oklahoma City Thunder @ Los Angeles Lakers,LAL,0,PRA,COMBO,26.5,1.61,1.98,UNDER,1.98,23.29208755493164,-3.2079124450683594,3.2079124450683594,12.105329981390035,6.1893,PRA,True,30.3630001068115,27.4715002059937,18.6,9.2,1.2,0,0,TRACKING_FALTANTE_TOTAL
Chet Holmgren,1631096,Chet Holmgren,OKC,Oklahoma City Thunder @ Los Angeles Lakers,LAL,0,PRA,COMBO,28.5,1.87,1.69,UNDER,1.69,23.29208755493164,-5.207912445068359,5.207912445068359,18.273377000239858,6.1893,PRA,True,30.3630001068115,27.4715002059937,18.6,9.2,1.2,0,0,TRACKING_FALTANTE_TOTAL
Chet Holmgren,1631096,Chet Holmgren,OKC,Oklahoma City Thunder @ Los Angeles Lakers,LAL,0,PRA,COMBO,29.5,2.04,1.58,UNDER,1.58,23.29208755493164,-6.207912445068359,6.207912445068359,21.043771000231725,6.1893,PRA,True,30.3630001068115,27.4715002059937,18.6,9.2,1.2,0,0,TRACKING_FALTANTE_TOTAL
Chet Holmgren,1631096,Chet Holmgren,OKC,Oklahoma City Thunder @ Los Angeles Lakers,LAL,0,PRA,COMBO,32.5,2.63,1.34,UNDER,1.34,23.29208755493164,-9.20791244506836,9.20791244506836,28.332038292518032,6.1893,PRA,True,30.3630001068115,27.4715002059937,18.6,9.2,1.2,0,0,TRACKING_FALTANTE_TOTAL
Cason Wallace,1641717,Cason Wallace,OKC,Oklahoma City Thunder @ Los Angeles Lakers,LAL,0,RA,COMBO,4.5,1.7,2.0,OVER,1.7,5.465070724487305,0.9650707244873047,0.9650707244873047,21.446016099717884,2.6976,RA,False,21.9219997406006,22.3110000610352,5.4,3.8,2.4,0,0,TRACKING_FALTANTE_TOTAL
Cason Wallace,1641717,Cason Wallace,OKC,Oklahoma City Thunder @ Los Angeles Lakers,LAL,0,RA,COMBO,5.5,2.09,1.55,UNDER,1.55,5.465070724487305,-0.03492927551269531,0.03492927551269531,0.6350777365944602,2.6976,RA,False,21.9219997406006,22.3110000610352,5.4,3.8,2.4,0,0,TRACKING_FALTANTE_TOTAL
Cason Wallace,1641717,Cason Wallace,OKC,Oklahoma City Thunder @ Los Angeles Lakers,LAL,0,PRA,COMBO,12.5,1.92,1.66,UNDER,1.66,12.446063041687012,-0.05393695831298828,0.05393695831298828,0.4314956665039063,6.1893,PRA,False,21.9219997406006,22.3110000610352,5.4,3.8,2.4,0,0,TRACKING_FALTANTE_TOTAL
Cason Wallace,1641717,Cason Wallace,OKC,Oklahoma City Thunder @ Los Angeles Lakers,LAL,0,PRA,COMBO,9.5,1.4,2.43,OVER,1.4,12.446063041687012,2.9460630416870117,2.9460630416870117,31.011189912494856,6.1893,PRA,False,21.9219997406006,22.3110000610352,5.4,3.8,2.4,0,0,TRACKING_FALTANTE_TOTAL
Cason Wallace,1641717,Cason Wallace,OKC,Oklahoma City Thunder @ Los Angeles Lakers,LAL,0,PRA,COMBO,10.5,1.56,2.07,OVER,1.56,12.446063041687012,1.9460630416870117,1.9460630416870117,18.53393373035249,6.1893,PRA,False,21.9219997406006,22.3110000610352,5.4,3.8,2.4,0,0,TRACKING_FALTANTE_TOTAL
Cason Wallace,1641717,Cason Wallace,OKC,Oklahoma City Thunder @ Los Angeles Lakers,LAL,0,PRA,COMBO,13.5,2.09,1.55,UNDER,1.55,12.446063041687012,-1.0539369583129883,1.0539369583129883,7.806940431948062,6.1893,PRA,False,21.9219997406006,22.3110000610352,5.4,3.8,2.4,0,0,TRACKING_FALTANTE_TOTAL
Cason Wallace,1641717,Cason Wallace,OKC,Oklahoma City Thunder @ Los Angeles Lakers,LAL,0,PRA,COMBO,14.5,2.38,1.42,UNDER,1.42,12.446063041687012,-2.0539369583129883,2.0539369583129883,14.165082471124057,6.1893,PRA,False,21.9219997406006,22.3110000610352,5.4,3.8,2.4,0,0,TRACKING_FALTANTE_TOTAL
Cason Wallace,1641717,Cason Wallace,OKC,Oklahoma City Thunder @ Los Angeles Lakers,LAL,0,PRA,COMBO,15.5,2.74,1.32,UNDER,1.32,12.446063041687012,-3.0539369583129883,3.0539369583129883,19.702819085890248,6.1893,PRA,False,21.9219997406006,22.3110000610352,5.4,3.8,2.4,0,0,TRACKING_FALTANTE_TOTAL
Cason Wallace,1641717,Cason Wallace,OKC,Oklahoma City Thunder @ Los Angeles Lakers,LAL,0,PRA,COMBO,11.5,1.73,1.96,OVER,1.73,12.446063041687012,0.9460630416870117,0.9460630416870117,8.22663514510445,6.1893,PRA,False,21.9219997406006,22.3110000610352,5.4,3.8,2.4,0,0,TRACKING_FALTANTE_TOTAL
Cason Wallace,1641717,Cason Wallace,OKC,Oklahoma City Thunder @ Los Angeles Lakers,LAL,0,FGM,SINGLE,2.5,1.75,1.93,OVER,1.75,2.868969678878784,0.3689696788787842,0.3689696788787842,14.758787155151367,1.8635,FGM,False,21.9219997406006,22.3110000610352,5.4,3.8,2.4,0,0,TRACKING_FALTANTE_TOTAL
Cason Wallace,1641717,Cason Wallace,OKC,Oklahoma City Thunder @ Los Angeles Lakers,LAL,0,FGA,SINGLE,6.5,2.06,1.66,UNDER,1.66,6.164251804351807,-0.33574819564819336,0.33574819564819336,5.165356856126051,2.8767,FGA,False,21.9219997406006,22.3110000610352,5.4,3.8,2.4,0,0,TRACKING_FALTANTE_TOTAL
Cason Wallace,1641717,Cason Wallace,OKC,Oklahoma City Thunder @ Los Angeles Lakers,LAL,0,REB,SINGLE,2.5,1.83,1.84,OVER,1.83,3.2651679515838623,0.7651679515838623,0.7651679515838623,30.606718063354492,1.9667,REB,False,21.9219997406006,22.3110000610352,5.4,3.8,2.4,0,0,TRACKING_FALTANTE_TOTAL
Cason Wallace,1641717,Cason Wallace,OKC,Oklahoma City Thunder @ Los Angeles Lakers,LAL,0,REB,SINGLE,3.5,2.55,1.36,UNDER,1.36,3.2651679515838623,-0.2348320484161377,0.2348320484161377,6.709487097603935,1.9667,REB,False,21.9219997406006,22.3110000610352,5.4,3.8,2.4,0,0,TRACKING_FALTANTE_TOTAL
Cason Wallace,1641717,Cason Wallace,OKC,Oklahoma City Thunder @ Los Angeles Lakers,LAL,0,PTS,SINGLE,4.5,1.33,2.69,OVER,1.33,7.987988471984863,3.4879884719848633,3.4879884719848633,77.51085493299696,4.8341,PTS,True,21.9219997406006,22.3110000610352,5.4,3.8,2.4,0,0,TRACKING_FALTANTE_TOTAL
Cason Wallace,1641717,Cason Wallace,OKC,Oklahoma City Thunder @ Los Angeles Lakers,LAL,0,PTS,SINGLE,5.5,1.53,2.13,OVER,1.53,7.987988471984863,2.4879884719848633,2.4879884719848633,45.23615403608842,4.8341,PTS,True,21.9219997406006,22.3110000610352,5.4,3.8,2.4,0,0,TRACKING_FALTANTE_TOTAL
Cason Wallace,1641717,Cason Wallace,OKC,Oklahoma City Thunder @ Los Angeles Lakers,LAL,0,PTS,SINGLE,7.5,1.92,1.66,OVER,1.92,7.987988471984863,0.4879884719848633,0.4879884719848633,6.506512959798178,4.8341,PTS,False,21.9219997406006,22.3110000610352,5.4,3.8,2.4,0,0,TRACKING_FALTANTE_TOTAL
Cason Wallace,1641717,Cason Wallace,OKC,Oklahoma City Thunder @ Los Angeles Lakers,LAL,0,PTS,SINGLE,8.5,2.2,1.49,UNDER,1.49,7.987988471984863,-0.5120115280151367,0.5120115280151367,6.023665035472197,4.8341,PTS,False,21.9219997406006,22.3110000610352,5.4,3.8,2.4,0,0,TRACKING_FALTANTE_TOTAL
Cason Wallace,1641717,Cason Wallace,OKC,Oklahoma City Thunder @ Los Angeles Lakers,LAL,0,PTS,SINGLE,9.5,2.61,1.35,UNDER,1.35,7.987988471984863,-1.5120115280151367,1.5120115280151367,15.915910821211964,4.8341,PTS,False,21.9219997406006,22.3110000610352,5.4,3.8,2.4,0,0,TRACKING_FALTANTE_TOTAL
Cason Wallace,1641717,Cason Wallace,OKC,Oklahoma City Thunder @ Los Angeles Lakers,LAL,0,PTS,SINGLE,6.5,1.71,1.98,OVER,1.71,7.987988471984863,1.4879884719848633,1.4879884719848633,22.892130338228668,4.8341,PTS,False,21.9219997406006,22.3110000610352,5.4,3.8,2.4,0,0,TRACKING_FALTANTE_TOTAL
Cason Wallace,1641717,Cason Wallace,OKC,Oklahoma City Thunder @ Los Angeles Lakers,LAL,0,AST,SINGLE,2.5,2.25,1.55,OVER,2.25,2.626837968826294,0.12683796882629395,0.12683796882629395,5.073518753051758,1.4546,AST_FALLBACK,False,21.9219997406006,22.3110000610352,5.4,3.8,2.4,0,0,TRACKING_FALTANTE_TOTAL
Cason Wallace,1641717,Cason Wallace,OKC,Oklahoma City Thunder @ Los Angeles Lakers,LAL,0,AST,SINGLE,1.5,1.47,2.26,OVER,1.47,2.626837968826294,1.126837968826294,1.126837968826294,75.12253125508627,1.4546,AST_FALLBACK,True,21.9219997406006,22.3110000610352,5.4,3.8,2.4,0,0,TRACKING_FALTANTE_TOTAL
Cason Wallace,1641717,Cason Wallace,OKC,Oklahoma City Thunder @ Los Angeles Lakers,LAL,0,3PT,SINGLE,1.5,2.59,1.42,UNDER,1.42,1.3623343706130981,-0.13766562938690186,0.13766562938690186,9.177708625793457,0.9642,3PT,False,21.9219997406006,22.3110000610352,5.4,3.8,2.4,0,0,TRACKING_FALTANTE_TOTAL
Cason Wallace,1641717,Cason Wallace,OKC,Oklahoma City Thunder @ Los Angeles Lakers,LAL,0,3PT,SINGLE,0.5,1.38,2.5,OVER,1.38,1.3623343706130981,0.8623343706130981,0.8623343706130981,172.46687412261963,0.9642,3PT,True,21.9219997406006,22.3110000610352,5.4,3.8,2.4,0,0,TRACKING_FALTANTE_TOTAL
Cason Wallace,1641717,Cason Wallace,OKC,Oklahoma City Thunder @ Los Angeles Lakers,LAL,0,Q1_PTS,Q1,0.5,1.63,1.95,OVER,1.63,2.0491669178009033,1.5491669178009033,1.5491669178009033,309.83338356018066,2.087,Q1_PTS,True,21.9219997406006,22.3110000610352,5.4,3.8,2.4,0,0,TRACKING_FALTANTE_TOTAL
Cason Wallace,1641717,Cason Wallace,OKC,Oklahoma City Thunder @ Los Angeles Lakers,LAL,0,Q1_PTS,Q1,1.5,1.69,2.01,OVER,1.69,2.0491669178009033,0.5491669178009033,0.5491669178009033,36.611127853393555,2.087,Q1_PTS,False,21.9219997406006,22.3110000610352,5.4,3.8,2.4,0,0,TRACKING_FALTANTE_TOTAL
Cason Wallace,1641717,Cason Wallace,OKC,Oklahoma City Thunder @ Los Angeles Lakers,LAL,0,Q1_AST,Q1,0.5,2.22,1.56,OVER,2.22,0.6613860130310059,0.16138601303100586,0.16138601303100586,32.27720260620117,0.7063,Q1_AST,False,21.9219997406006,22.3110000610352,5.4,3.8,2.4,0,0,TRACKING_FALTANTE_TOTAL
Cason Wallace,1641717,Cason Wallace,OKC,Oklahoma City Thunder @ Los Angeles Lakers,LAL,0,Q1_REB,Q1,0.5,1.8,1.87,OVER,1.8,0.9941161274909973,0.4941161274909973,0.4941161274909973,98.82322549819946,0.9236,Q1_REB,True,21.9219997406006,22.3110000610352,5.4,3.8,2.4,0,0,TRACKING_FALTANTE_TOTAL
Cason Wallace,1641717,Cason Wallace,OKC,Oklahoma City Thunder @ Los Angeles Lakers,LAL,0,PA,COMBO,8.5,1.63,1.96,OVER,1.63,9.271943092346191,0.7719430923461914,0.7719430923461914,9.081683439366959,5.2838,PA,False,21.9219997406006,22.3110000610352,5.4,3.8,2.4,0,0,TRACKING_FALTANTE_TOTAL
Cason Wallace,1641717,Cason Wallace,OKC,Oklahoma City Thunder @ Los Angeles Lakers,LAL,0,PA,COMBO,9.5,1.92,1.76,UNDER,1.76,9.271943092346191,-0.2280569076538086,0.2280569076538086,2.400599027934827,5.2838,PA,False,21.9219997406006,22.3110000610352,5.4,3.8,2.4,0,0,TRACKING_FALTANTE_TOTAL
Cason Wallace,1641717,Cason Wallace,OKC,Oklahoma City Thunder @ Los Angeles Lakers,LAL,0,PA,COMBO,10.5,2.06,1.57,UNDER,1.57,9.271943092346191,-1.2280569076538086,1.2280569076538086,11.695780072893415,5.2838,PA,False,21.9219997406006,22.3110000610352,5.4,3.8,2.4,0,0,TRACKING_FALTANTE_TOTAL
Cason Wallace,1641717,Cason Wallace,OKC,Oklahoma City Thunder @ Los Angeles Lakers,LAL,0,PR,COMBO,9.5,1.78,1.89,OVER,1.78,11.081073760986328,1.5810737609863281,1.5810737609863281,16.64288169459293,5.7314,PR,False,21.9219997406006,22.3110000610352,5.4,3.8,2.4,0,0,TRACKING_FALTANTE_TOTAL
Cason Wallace,1641717,Cason Wallace,OKC,Oklahoma City Thunder @ Los Angeles Lakers,LAL,0,PR,COMBO,8.5,1.54,2.09,OVER,1.54,11.081073760986328,2.581073760986328,2.581073760986328,30.365573658662683,5.7314,PR,False,21.9219997406006,22.3110000610352,5.4,3.8,2.4,0,0,TRACKING_FALTANTE_TOTAL
Cason Wallace,1641717,Cason Wallace,OKC,Oklahoma City Thunder @ Los Angeles Lakers,LAL,0,PR,COMBO,10.5,1.97,1.62,OVER,1.97,11.081073760986328,0.5810737609863281,0.5810737609863281,5.534035818917411,5.7314,PR,False,21.9219997406006,22.3110000610352,5.4,3.8,2.4,0,0,TRACKING_FALTANTE_TOTAL
Ronald Holland II,1641842,Ronald Holland II,DET,Detroit Pistons @ Cleveland Cavaliers,CLE,0,PTS,SINGLE,4.5,2.2,1.49,OVER,2.2,6.8109235763549805,2.3109235763549805,2.3109235763549805,51.3538572523329,4.8341,PTS,False,9.95666656494141,14.6983333587646,2.2,2.2,0.6,0,0,POTENTIAL_AST_FALTANTE
Ronald Holland II,1641842,Ronald Holland II,DET,Detroit Pistons @ Cleveland Cavaliers,CLE,0,PTS,SINGLE,2.5,1.65,1.92,OVER,1.65,6.8109235763549805,4.3109235763549805,4.3109235763549805,172.43694305419922,4.8341,PTS,False,9.95666656494141,14.6983333587646,2.2,2.2,0.6,0,0,POTENTIAL_AST_FALTANTE
Ronald Holland II,1641842,Ronald Holland II,DET,Detroit Pistons @ Cleveland Cavaliers,CLE,0,PTS,SINGLE,3.5,1.96,1.72,OVER,1.96,6.8109235763549805,3.3109235763549805,3.3109235763549805,94.59781646728516,4.8341,PTS,False,9.95666656494141,14.6983333587646,2.2,2.2,0.6,0,0,POTENTIAL_AST_FALTANTE
Ronald Holland II,1641842,Ronald Holland II,DET,Detroit Pistons @ Cleveland Cavaliers,CLE,0,PTS,SINGLE,5.5,2.7,1.33,OVER,2.7,6.8109235763549805,1.3109235763549805,1.3109235763549805,23.834974115545098,4.8341,PTS,False,9.95666656494141,14.6983333587646,2.2,2.2,0.6,0,0,POTENTIAL_AST_FALTANTE
Ronald Holland II,1641842,Ronald Holland II,DET,Detroit Pistons @ Cleveland Cavaliers,CLE,0,PTS,SINGLE,1.5,1.31,2.77,OVER,1.31,6.8109235763549805,5.3109235763549805,5.3109235763549805,354.06157175699866,4.8341,PTS,False,9.95666656494141,14.6983333587646,2.2,2.2,0.6,0,0,POTENTIAL_AST_FALTANTE
Ronald Holland II,1641842,Ronald Holland II,DET,Detroit Pistons @ Cleveland Cavaliers,CLE,0,3PT,SINGLE,0.5,2.97,1.33,OVER,2.97,0.8291820287704468,0.3291820287704468,0.3291820287704468,65.83640575408936,0.9642,3PT,False,9.95666656494141,14.6983333587646,2.2,2.2,0.6,0,0,POTENTIAL_AST_FALTANTE
Ronald Holland II,1641842,Ronald Holland II,DET,Detroit Pistons @ Cleveland Cavaliers,CLE,0,FGA,SINGLE,2.5,1.68,2.01,OVER,1.68,5.199992656707764,2.6999926567077637,2.6999926567077637,107.99970626831055,2.8767,FGA,False,9.95666656494141,14.6983333587646,2.2,2.2,0.6,0,0,POTENTIAL_AST_FALTANTE
Ronald Holland II,1641842,Ronald Holland II,DET,Detroit Pistons @ Cleveland Cavaliers,CLE,0,REB,SINGLE,2.5,2.45,1.39,OVER,2.45,3.6612632274627686,1.1612632274627686,1.1612632274627686,46.45052909851074,1.9667,REB,False,9.95666656494141,14.6983333587646,2.2,2.2,0.6,0,0,POTENTIAL_AST_FALTANTE
Ronald Holland II,1641842,Ronald Holland II,DET,Detroit Pistons @ Cleveland Cavaliers,CLE,0,REB,SINGLE,1.5,1.78,1.89,OVER,1.78,3.6612632274627686,2.1612632274627686,2.1612632274627686,144.08421516418457,1.9667,REB,False,9.95666656494141,14.6983333587646,2.2,2.2,0.6,0,0,POTENTIAL_AST_FALTANTE
Ronald Holland II,1641842,Ronald Holland II,DET,Detroit Pistons @ Cleveland Cavaliers,CLE,0,PA,COMBO,3.5,1.84,1.83,OVER,1.84,8.709819793701172,5.209819793701172,5.209819793701172,148.85199410574776,5.2838,PA,False,9.95666656494141,14.6983333587646,2.2,2.2,0.6,0,0,POTENTIAL_AST_FALTANTE
Ronald Holland II,1641842,Ronald Holland II,DET,Detroit Pistons @ Cleveland Cavaliers,CLE,0,PA,COMBO,2.5,1.56,2.06,OVER,1.56,8.709819793701172,6.209819793701172,6.209819793701172,248.3927917480469,5.2838,PA,False,9.95666656494141,14.6983333587646,2.2,2.2,0.6,0,0,POTENTIAL_AST_FALTANTE
Ronald Holland II,1641842,Ronald Holland II,DET,Detroit Pistons @ Cleveland Cavaliers,CLE,0,PA,COMBO,4.5,2.1,1.54,OVER,2.1,8.709819793701172,4.209819793701172,4.209819793701172,93.55155097113716,5.2838,PA,False,9.95666656494141,14.6983333587646,2.2,2.2,0.6,0,0,POTENTIAL_AST_FALTANTE
Ronald Holland II,1641842,Ronald Holland II,DET,Detroit Pistons @ Cleveland Cavaliers,CLE,0,PR,COMBO,3.5,1.51,2.15,OVER,1.51,9.810179710388184,6.310179710388184,6.310179710388184,180.2908488682338,5.7314,PR,False,9.95666656494141,14.6983333587646,2.2,2.2,0.6,0,0,POTENTIAL_AST_FALTANTE
Ronald Holland II,1641842,Ronald Holland II,DET,Detroit Pistons @ Cleveland Cavaliers,CLE,0,PR,COMBO,4.5,1.72,1.96,OVER,1.72,9.810179710388184,5.310179710388184,5.310179710388184,118.00399356418185,5.7314,PR,False,9.95666656494141,14.6983333587646,2.2,2.2,0.6,0,0,POTENTIAL_AST_FALTANTE
Ronald Holland II,1641842,Ronald Holland II,DET,Detroit Pistons @ Cleveland Cavaliers,CLE,0,PR,COMBO,6.5,2.13,1.52,OVER,2.13,9.810179710388184,3.3101797103881836,3.3101797103881836,50.92584169827975,5.7314,PR,False,9.95666656494141,14.6983333587646,2.2,2.2,0.6,0,0,POTENTIAL_AST_FALTANTE
Ronald Holland II,1641842,Ronald Holland II,DET,Detroit Pistons @ Cleveland Cavaliers,CLE,0,PR,COMBO,5.5,1.91,1.67,OVER,1.91,9.810179710388184,4.310179710388184,4.310179710388184,78.3669038252397,5.7314,PR,False,9.95666656494141,14.6983333587646,2.2,2.2,0.6,0,0,POTENTIAL_AST_FALTANTE
Ronald Holland II,1641842,Ronald Holland II,DET,Detroit Pistons @ Cleveland Cavaliers,CLE,0,RA,COMBO,1.5,1.57,2.2,OVER,1.57,4.814435958862305,3.3144359588623047,3.3144359588623047,220.96239725748697,2.6976,RA,False,9.95666656494141,14.6983333587646,2.2,2.2,0.6,0,0,POTENTIAL_AST_FALTANTE
Ronald Holland II,1641842,Ronald Holland II,DET,Detroit Pistons @ Cleveland Cavaliers,CLE,0,RA,COMBO,2.5,2.11,1.54,OVER,2.11,4.814435958862305,2.3144359588623047,2.3144359588623047,92.57743835449219,2.6976,RA,False,9.95666656494141,14.6983333587646,2.2,2.2,0.6,0,0,POTENTIAL_AST_FALTANTE
Ronald Holland II,1641842,Ronald Holland II,DET,Detroit Pistons @ Cleveland Cavaliers,CLE,0,PRA,COMBO,7.5,2.28,1.46,OVER,2.28,10.520647048950195,3.0206470489501953,3.0206470489501953,40.2752939860026,6.1893,PRA,False,9.95666656494141,14.6983333587646,2.2,2.2,0.6,0,0,POTENTIAL_AST_FALTANTE
Ronald Holland II,1641842,Ronald Holland II,DET,Detroit Pistons @ Cleveland Cavaliers,CLE,0,PRA,COMBO,8.5,2.63,1.34,OVER,2.63,10.520647048950195,2.0206470489501953,2.0206470489501953,23.772318222943476,6.1893,PRA,False,9.95666656494141,14.6983333587646,2.2,2.2,0.6,0,0,POTENTIAL_AST_FALTANTE
Ronald Holland II,1641842,Ronald Holland II,DET,Detroit Pistons @ Cleveland Cavaliers,CLE,0,PRA,COMBO,5.5,1.89,1.78,OVER,1.89,10.520647048950195,5.020647048950195,5.020647048950195,91.28449179909445,6.1893,PRA,False,9.95666656494141,14.6983333587646,2.2,2.2,0.6,0,0,POTENTIAL_AST_FALTANTE
Ronald Holland II,1641842,Ronald Holland II,DET,Detroit Pistons @ Cleveland Cavaliers,CLE,0,PRA,COMBO,4.5,1.61,1.99,OVER,1.61,10.520647048950195,6.020647048950195,6.020647048950195,133.79215664333768,6.1893,PRA,False,9.95666656494141,14.6983333587646,2.2,2.2,0.6,0,0,POTENTIAL_AST_FALTANTE
Ronald Holland II,1641842,Ronald Holland II,DET,Detroit Pistons @ Cleveland Cavaliers,CLE,0,PRA,COMBO,3.5,1.45,2.29,OVER,1.45,10.520647048950195,7.020647048950195,7.020647048950195,200.58991568429127,6.1893,PRA,False,9.95666656494141,14.6983333587646,2.2,2.2,0.6,0,0,POTENTIAL_AST_FALTANTE
Ronald Holland II,1641842,Ronald Holland II,DET,Detroit Pistons @ Cleveland Cavaliers,CLE,0,PRA,COMBO,6.5,2.07,1.56,OVER,2.07,10.520647048950195,4.020647048950195,4.020647048950195,61.856108445387626,6.1893,PRA,False,9.95666656494141,14.6983333587646,2.2,2.2,0.6,0,0,POTENTIAL_AST_FALTANTE
Stephon Castle,1642264,Stephon Castle,SAS,Minnesota Timberwolves @ San Antonio Spurs,MIN,1,PTS,SINGLE,19.5,2.38,1.42,UNDER,1.42,18.003917694091797,-1.4960823059082031,1.4960823059082031,7.6722169533754005,4.8341,PTS,False,29.1839996337891,31.6719997406006,20.4,3.0,5.4,0,0,TRACKING_FALTANTE_TOTAL
Stephon Castle,1642264,Stephon Castle,SAS,Minnesota Timberwolves @ San Antonio Spurs,MIN,1,PTS,SINGLE,16.5,1.82,1.85,OVER,1.82,18.003917694091797,1.5039176940917969,1.5039176940917969,9.114652691465436,4.8341,PTS,False,29.1839996337891,31.6719997406006,20.4,3.0,5.4,0,0,TRACKING_FALTANTE_TOTAL
Stephon Castle,1642264,Stephon Castle,SAS,Minnesota Timberwolves @ San Antonio Spurs,MIN,1,PTS,SINGLE,15.5,1.62,1.98,OVER,1.62,18.003917694091797,2.503917694091797,2.503917694091797,16.154307703818045,4.8341,PTS,True,29.1839996337891,31.6719997406006,20.4,3.0,5.4,0,0,TRACKING_FALTANTE_TOTAL
Stephon Castle,1642264,Stephon Castle,SAS,Minnesota Timberwolves @ San Antonio Spurs,MIN,1,PTS,SINGLE,12.5,1.28,2.89,OVER,1.28,18.003917694091797,5.503917694091797,5.503917694091797,44.031341552734375,4.8341,PTS,True,29.1839996337891,31.6719997406006,20.4,3.0,5.4,0,0,TRACKING_FALTANTE_TOTAL
Stephon Castle,1642264,Stephon Castle,SAS,Minnesota Timberwolves @ San Antonio Spurs,MIN,1,PTS,SINGLE,13.5,1.38,2.49,OVER,1.38,18.003917694091797,4.503917694091797,4.503917694091797,33.362353289568865,4.8341,PTS,True,29.1839996337891,31.6719997406006,20.4,3.0,5.4,0,0,TRACKING_FALTANTE_TOTAL
Stephon Castle,1642264,Stephon Castle,SAS,Minnesota Timberwolves @ San Antonio Spurs,MIN,1,PTS,SINGLE,14.5,1.52,2.15,OVER,1.52,18.003917694091797,3.503917694091797,3.503917694091797,24.164949614426185,4.8341,PTS,True,29.1839996337891,31.6719997406006,20.4,3.0,5.4,0,0,TRACKING_FALTANTE_TOTAL
Stephon Castle,1642264,Stephon Castle,SAS,Minnesota Timberwolves @ San Antonio Spurs,MIN,1,PTS,SINGLE,17.5,1.94,1.64,OVER,1.94,18.003917694091797,0.5039176940917969,0.5039176940917969,2.8795296805245534,4.8341,PTS,False,29.1839996337891,31.6719997406006,20.4,3.0,5.4,0,0,TRACKING_FALTANTE_TOTAL
Stephon Castle,1642264,Stephon Castle,SAS,Minnesota Timberwolves @ San Antonio Spurs,MIN,1,PTS,SINGLE,18.5,2.09,1.55,UNDER,1.55,18.003917694091797,-0.4960823059082031,0.4960823059082031,2.681525977882179,4.8341,PTS,False,29.1839996337891,31.6719997406006,20.4,3.0,5.4,0,0,TRACKING_FALTANTE_TOTAL
Stephon Castle,1642264,Stephon Castle,SAS,Minnesota Timberwolves @ San Antonio Spurs,MIN,1,PTS,SINGLE,20.5,2.72,1.32,UNDER,1.32,18.003917694091797,-2.496082305908203,2.496082305908203,12.176011248332697,4.8341,PTS,True,29.1839996337891,31.6719997406006,20.4,3.0,5.4,0,0,TRACKING_FALTANTE_TOTAL
Stephon Castle,1642264,Stephon Castle,SAS,Minnesota Timberwolves @ San Antonio Spurs,MIN,1,AST,SINGLE,5.5,1.49,2.2,OVER,1.49,6.425646781921387,0.9256467819213867,0.9256467819213867,16.829941489479758,1.4546,AST_FALLBACK,True,29.1839996337891,31.6719997406006,20.4,3.0,5.4,0,0,TRACKING_FALTANTE_TOTAL
Stephon Castle,1642264,Stephon Castle,SAS,Minnesota Timberwolves @ San Antonio Spurs,MIN,1,AST,SINGLE,6.5,1.9,1.77,UNDER,1.77,6.425646781921387,-0.07435321807861328,0.07435321807861328,1.1438956627478967,1.4546,AST_FALLBACK,False,29.1839996337891,31.6719997406006,20.4,3.0,5.4,0,0,TRACKING_FALTANTE_TOTAL
Stephon Castle,1642264,Stephon Castle,SAS,Minnesota Timberwolves @ San Antonio Spurs,MIN,1,AST,SINGLE,7.5,2.32,1.44,UNDER,1.44,6.425646781921387,-1.0743532180786133,1.0743532180786133,14.324709574381512,1.4546,AST_FALLBACK,True,29.1839996337891,31.6719997406006,20.4,3.0,5.4,0,0,TRACKING_FALTANTE_TOTAL
Stephon Castle,1642264,Stephon Castle,SAS,Minnesota Timberwolves @ San Antonio Spurs,MIN,1,3PT,SINGLE,0.5,1.37,2.53,OVER,1.37,1.4471677541732788,0.9471677541732788,0.9471677541732788,189.43355083465576,0.9642,3PT,True,29.1839996337891,31.6719997406006,20.4,3.0,5.4,0,0,TRACKING_FALTANTE_TOTAL
Stephon Castle,1642264,Stephon Castle,SAS,Minnesota Timberwolves @ San Antonio Spurs,MIN,1,3PT,SINGLE,1.5,2.61,1.41,UNDER,1.41,1.4471677541732788,-0.05283224582672119,0.05283224582672119,3.5221497217814126,0.9642,3PT,False,29.1839996337891,31.6719997406006,20.4,3.0,5.4,0,0,TRACKING_FALTANTE_TOTAL
Stephon Castle,1642264,Stephon Castle,SAS,Minnesota Timberwolves @ San Antonio Spurs,MIN,1,Q1_PTS,Q1,3.5,1.51,2.15,OVER,1.51,3.9369566440582275,0.43695664405822754,0.43695664405822754,12.484475544520787,2.087,Q1_PTS,False,29.1839996337891,31.6719997406006,20.4,3.0,5.4,0,0,TRACKING_FALTANTE_TOTAL
Stephon Castle,1642264,Stephon Castle,SAS,Minnesota Timberwolves @ San Antonio Spurs,MIN,1,Q1_PTS,Q1,4.5,1.92,1.76,UNDER,1.76,3.9369566440582275,-0.5630433559417725,0.5630433559417725,12.512074576483833,2.087,Q1_PTS,False,29.1839996337891,31.6719997406006,20.4,3.0,5.4,0,0,TRACKING_FALTANTE_TOTAL
Stephon Castle,1642264,Stephon Castle,SAS,Minnesota Timberwolves @ San Antonio Spurs,MIN,1,Q1_AST,Q1,1.5,1.65,2.07,OVER,1.65,1.9050660133361816,0.40506601333618164,0.40506601333618164,27.004400889078777,0.7063,Q1_AST,True,29.1839996337891,31.6719997406006,20.4,3.0,5.4,0,0,TRACKING_FALTANTE_TOTAL
Stephon Castle,1642264,Stephon Castle,SAS,Minnesota Timberwolves @ San Antonio Spurs,MIN,1,FTM,SINGLE,3.5,1.67,2.04,OVER,1.67,4.97531270980835,1.4753127098083496,1.4753127098083496,42.15179170880999,1.4962,FTM,True,29.1839996337891,31.6719997406006,20.4,3.0,5.4,0,0,TRACKING_FALTANTE_TOTAL
Stephon Castle,1642264,Stephon Castle,SAS,Minnesota Timberwolves @ San Antonio Spurs,MIN,1,FTA,SINGLE,5.5,1.97,1.72,OVER,1.97,5.776393890380859,0.2763938903808594,0.2763938903808594,5.025343461470171,1.8012,FTA,False,29.1839996337891,31.6719997406006,20.4,3.0,5.4,0,0,TRACKING_FALTANTE_TOTAL
Stephon Castle,1642264,Stephon Castle,SAS,Minnesota Timberwolves @ San Antonio Spurs,MIN,1,FTA,SINGLE,4.5,1.66,1.91,OVER,1.66,5.776393890380859,1.2763938903808594,1.2763938903808594,28.364308675130207,1.8012,FTA,True,29.1839996337891,31.6719997406006,20.4,3.0,5.4,0,0,TRACKING_FALTANTE_TOTAL
Stephon Castle,1642264,Stephon Castle,SAS,Minnesota Timberwolves @ San Antonio Spurs,MIN,1,FGM,SINGLE,5.5,1.79,1.88,OVER,1.79,5.807281970977783,0.3072819709777832,0.3072819709777832,5.586944926868786,1.8635,FGM,False,29.1839996337891,31.6719997406006,20.4,3.0,5.4,0,0,TRACKING_FALTANTE_TOTAL
Stephon Castle,1642264,Stephon Castle,SAS,Minnesota Timberwolves @ San Antonio Spurs,MIN,1,FGA,SINGLE,12.5,1.92,1.75,OVER,1.92,13.633099555969238,1.1330995559692383,1.1330995559692383,9.064796447753906,2.8767,FGA,False,29.1839996337891,31.6719997406006,20.4,3.0,5.4,0,0,TRACKING_FALTANTE_TOTAL
Stephon Castle,1642264,Stephon Castle,SAS,Minnesota Timberwolves @ San Antonio Spurs,MIN,1,FG3A,SINGLE,3.5,1.92,1.75,OVER,1.92,4.146221160888672,0.6462211608886719,0.6462211608886719,18.46346173967634,1.5883,FG3A,False,29.1839996337891,31.6719997406006,20.4,3.0,5.4,0,0,TRACKING_FALTANTE_TOTAL
Stephon Castle,1642264,Stephon Castle,SAS,Minnesota Timberwolves @ San Antonio Spurs,MIN,1,REB,SINGLE,5.5,2.3,1.45,UNDER,1.45,4.942494869232178,-0.5575051307678223,0.5575051307678223,10.136456923051314,1.9667,REB,False,29.1839996337891,31.6719997406006,20.4,3.0,5.4,0,0,TRACKING_FALTANTE_TOTAL
Stephon Castle,1642264,Stephon Castle,SAS,Minnesota Timberwolves @ San Antonio Spurs,MIN,1,REB,SINGLE,4.5,1.81,1.86,OVER,1.81,4.942494869232178,0.44249486923217773,0.44249486923217773,9.833219316270617,1.9667,REB,False,29.1839996337891,31.6719997406006,20.4,3.0,5.4,0,0,TRACKING_FALTANTE_TOTAL
Stephon Castle,1642264,Stephon Castle,SAS,Minnesota Timberwolves @ San Antonio Spurs,MIN,1,REB,SINGLE,3.5,1.4,2.44,OVER,1.4,4.942494869232178,1.4424948692321777,1.4424948692321777,41.21413912091936,1.9667,REB,True,29.1839996337891,31.6719997406006,20.4,3.0,5.4,0,0,TRACKING_FALTANTE_TOTAL
Stephon Castle,1642264,Stephon Castle,SAS,Minnesota Timberwolves @ San Antonio Spurs,MIN,1,PA,COMBO,23.5,1.87,1.8,UNDER,1.8,22.29136848449707,-1.2086315155029297,1.2086315155029297,5.143112831927361,5.2838,PA,False,29.1839996337891,31.6719997406006,20.4,3.0,5.4,0,0,TRACKING_FALTANTE_TOTAL
Stephon Castle,1642264,Stephon Castle,SAS,Minnesota Timberwolves @ San Antonio Spurs,MIN,1,PA,COMBO,21.5,1.55,2.09,OVER,1.55,22.29136848449707,0.7913684844970703,0.7913684844970703,3.680783648823583,5.2838,PA,False,29.1839996337891,31.6719997406006,20.4,3.0,5.4,0,0,TRACKING_FALTANTE_TOTAL
Stephon Castle,1642264,Stephon Castle,SAS,Minnesota Timberwolves @ San Antonio Spurs,MIN,1,PA,COMBO,22.5,1.67,1.91,UNDER,1.91,22.29136848449707,-0.2086315155029297,0.2086315155029297,0.9272511800130208,5.2838,PA,False,29.1839996337891,31.6719997406006,20.4,3.0,5.4,0,0,TRACKING_FALTANTE_TOTAL
Stephon Castle,1642264,Stephon Castle,SAS,Minnesota Timberwolves @ San Antonio Spurs,MIN,1,PA,COMBO,24.5,1.97,1.62,UNDER,1.62,22.29136848449707,-2.2086315155029297,2.2086315155029297,9.014822512256856,5.2838,PA,False,29.1839996337891,31.6719997406006,20.4,3.0,5.4,0,0,TRACKING_FALTANTE_TOTAL
Stephon Castle,1642264,Stephon Castle,SAS,Minnesota Timberwolves @ San Antonio Spurs,MIN,1,PA,COMBO,25.5,2.11,1.53,UNDER,1.53,22.29136848449707,-3.2086315155029297,3.2086315155029297,12.582868688246784,5.2838,PA,True,29.1839996337891,31.6719997406006,20.4,3.0,5.4,0,0,TRACKING_FALTANTE_TOTAL
Stephon Castle,1642264,Stephon Castle,SAS,Minnesota Timberwolves @ San Antonio Spurs,MIN,1,PR,COMBO,21.5,1.86,1.81,OVER,1.86,21.77145767211914,0.2714576721191406,0.2714576721191406,1.2625938238099563,5.7314,PR,False,29.1839996337891,31.6719997406006,20.4,3.0,5.4,0,0,TRACKING_FALTANTE_TOTAL
Stephon Castle,1642264,Stephon Castle,SAS,Minnesota Timberwolves @ San Antonio Spurs,MIN,1,PR,COMBO,19.5,1.53,2.11,OVER,1.53,21.77145767211914,2.2714576721191406,2.2714576721191406,11.648500882662258,5.7314,PR,False,29.1839996337891,31.6719997406006,20.4,3.0,5.4,0,0,TRACKING_FALTANTE_TOTAL
Stephon Castle,1642264,Stephon Castle,SAS,Minnesota Timberwolves @ San Antonio Spurs,MIN,1,PR,COMBO,20.5,1.66,1.91,OVER,1.66,21.77145767211914,1.2714576721191406,1.2714576721191406,6.202232546922637,5.7314,PR,False,29.1839996337891,31.6719997406006,20.4,3.0,5.4,0,0,TRACKING_FALTANTE_TOTAL
Stephon Castle,1642264,Stephon Castle,SAS,Minnesota Timberwolves @ San Antonio Spurs,MIN,1,PR,COMBO,22.5,1.98,1.61,UNDER,1.61,21.77145767211914,-0.7285423278808594,0.7285423278808594,3.2379659016927085,5.7314,PR,False,29.1839996337891,31.6719997406006,20.4,3.0,5.4,0,0,TRACKING_FALTANTE_TOTAL
Stephon Castle,1642264,Stephon Castle,SAS,Minnesota Timberwolves @ San Antonio Spurs,MIN,1,PR,COMBO,23.5,2.11,1.54,UNDER,1.54,21.77145767211914,-1.7285423278808594,1.7285423278808594,7.355499267578125,5.7314,PR,False,29.1839996337891,31.6719997406006,20.4,3.0,5.4,0,0,TRACKING_FALTANTE_TOTAL
Stephon Castle,1642264,Stephon Castle,SAS,Minnesota Timberwolves @ San Antonio Spurs,MIN,1,RA,COMBO,10.5,1.6,2.0,OVER,1.6,10.752691268920898,0.25269126892089844,0.25269126892089844,2.406583513532366,2.6976,RA,False,29.1839996337891,31.6719997406006,20.4,3.0,5.4,0,0,TRACKING_FALTANTE_TOTAL
Stephon Castle,1642264,Stephon Castle,SAS,Minnesota Timberwolves @ San Antonio Spurs,MIN,1,RA,COMBO,11.5,1.95,1.73,UNDER,1.73,10.752691268920898,-0.7473087310791016,0.7473087310791016,6.4983367919921875,2.6976,RA,False,29.1839996337891,31.6719997406006,20.4,3.0,5.4,0,0,TRACKING_FALTANTE_TOTAL
Stephon Castle,1642264,Stephon Castle,SAS,Minnesota Timberwolves @ San Antonio Spurs,MIN,1,PRA,COMBO,24.5,1.42,2.39,OVER,1.42,27.194929122924805,2.6949291229248047,2.6949291229248047,10.999710705815529,6.1893,PRA,False,29.1839996337891,31.6719997406006,20.4,3.0,5.4,0,0,TRACKING_FALTANTE_TOTAL
Stephon Castle,1642264,Stephon Castle,SAS,Minnesota Timberwolves @ San Antonio Spurs,MIN,1,PRA,COMBO,32.5,2.6,1.35,UNDER,1.35,27.194929122924805,-5.305070877075195,5.305070877075195,16.323295006385216,6.1893,PRA,True,29.1839996337891,31.6719997406006,20.4,3.0,5.4,0,0,TRACKING_FALTANTE_TOTAL
Stephon Castle,1642264,Stephon Castle,SAS,Minnesota Timberwolves @ San Antonio Spurs,MIN,1,PRA,COMBO,25.5,1.51,2.16,OVER,1.51,27.194929122924805,1.6949291229248047,1.6949291229248047,6.646780874214921,6.1893,PRA,False,29.1839996337891,31.6719997406006,20.4,3.0,5.4,0,0,TRACKING_FALTANTE_TOTAL
Stephon Castle,1642264,Stephon Castle,SAS,Minnesota Timberwolves @ San Antonio Spurs,MIN,1,PRA,COMBO,26.5,1.58,2.03,OVER,1.58,27.194929122924805,0.6949291229248047,0.6949291229248047,2.6223740487728477,6.1893,PRA,False,29.1839996337891,31.6719997406006,20.4,3.0,5.4,0,0,TRACKING_FALTANTE_TOTAL
Stephon Castle,1642264,Stephon Castle,SAS,Minnesota Timberwolves @ San Antonio Spurs,MIN,1,PRA,COMBO,30.5,2.11,1.54,UNDER,1.54,27.194929122924805,-3.3050708770751953,3.3050708770751953,10.836297957623591,6.1893,PRA,True,29.1839996337891,31.6719997406006,20.4,3.0,5.4,0,0,TRACKING_FALTANTE_TOTAL
Stephon Castle,1642264,Stephon Castle,SAS,Minnesota Timberwolves @ San Antonio Spurs,MIN,1,PRA,COMBO,31.5,2.35,1.43,UNDER,1.43,27.194929122924805,-4.305070877075195,4.305070877075195,13.66689167325459,6.1893,PRA,True,29.1839996337891,31.6719997406006,20.4,3.0,5.4,0,0,TRACKING_FALTANTE_TOTAL
Stephon Castle,1642264,Stephon Castle,SAS,Minnesota Timberwolves @ San Antonio Spurs,MIN,1,PRA,COMBO,29.5,2.01,1.6,UNDER,1.6,27.194929122924805,-2.3050708770751953,2.3050708770751953,7.813799583305747,6.1893,PRA,False,29.1839996337891,31.6719997406006,20.4,3.0,5.4,0,0,TRACKING_FALTANTE_TOTAL
Stephon Castle,1642264,Stephon Castle,SAS,Minnesota Timberwolves @ San Antonio Spurs,MIN,1,PRA,COMBO,27.5,1.76,1.92,UNDER,1.92,27.194929122924805,-0.3050708770751953,0.3050708770751953,1.109348643909801,6.1893,PRA,False,29.1839996337891,31.6719997406006,20.4,3.0,5.4,0,0,TRACKING_FALTANTE_TOTAL
Stephon Castle,1642264,Stephon Castle,SAS,Minnesota Timberwolves @ San Antonio Spurs,MIN,1,PRA,COMBO,23.5,1.33,2.67,OVER,1.33,27.194929122924805,3.6949291229248047,3.6949291229248047,15.72310265074385,6.1893,PRA,True,29.1839996337891,31.6719997406006,20.4,3.0,5.4,0,0,TRACKING_FALTANTE_TOTAL
Stephon Castle,1642264,Stephon Castle,SAS,Minnesota Timberwolves @ San Antonio Spurs,MIN,1,PRA,COMBO,28.5,1.85,1.71,UNDER,1.71,27.194929122924805,-1.3050708770751953,1.3050708770751953,4.579196059912967,6.1893,PRA,False,29.1839996337891,31.6719997406006,20.4,3.0,5.4,0,0,TRACKING_FALTANTE_TOTAL
Jared McCain,1642272,Jared McCain,OKC,Oklahoma City Thunder @ Los Angeles Lakers,LAL,0,PA,COMBO,5.5,1.91,1.66,OVER,1.91,9.075973510742188,3.5759735107421875,3.5759735107421875,65.0177001953125,5.2838,PA,False,7.38999993354082,12.1949998475611,4.8,1.2,0.6,0,0,TRACKING_FALTANTE_TOTAL
Jared McCain,1642272,Jared McCain,OKC,Oklahoma City Thunder @ Los Angeles Lakers,LAL,0,PA,COMBO,4.5,1.71,1.97,OVER,1.71,9.075973510742188,4.5759735107421875,4.5759735107421875,101.68830023871527,5.2838,PA,False,7.38999993354082,12.1949998475611,4.8,1.2,0.6,0,0,TRACKING_FALTANTE_TOTAL
Jared McCain,1642272,Jared McCain,OKC,Oklahoma City Thunder @ Los Angeles Lakers,LAL,0,PA,COMBO,3.5,1.54,2.11,OVER,1.54,9.075973510742188,5.5759735107421875,5.5759735107421875,159.31352887834822,5.2838,PA,False,7.38999993354082,12.1949998475611,4.8,1.2,0.6,0,0,TRACKING_FALTANTE_TOTAL
Jared McCain,1642272,Jared McCain,OKC,Oklahoma City Thunder @ Los Angeles Lakers,LAL,0,PA,COMBO,6.5,2.13,1.52,OVER,2.13,9.075973510742188,2.5759735107421875,2.5759735107421875,39.63036170372597,5.2838,PA,False,7.38999993354082,12.1949998475611,4.8,1.2,0.6,0,0,TRACKING_FALTANTE_TOTAL
Jared McCain,1642272,Jared McCain,OKC,Oklahoma City Thunder @ Los Angeles Lakers,LAL,0,PR,COMBO,5.5,1.85,1.82,OVER,1.85,9.762874603271484,4.262874603271484,4.262874603271484,77.50681096857245,5.7314,PR,False,7.38999993354082,12.1949998475611,4.8,1.2,0.6,0,0,TRACKING_FALTANTE_TOTAL
Jared McCain,1642272,Jared McCain,OKC,Oklahoma City Thunder @ Los Angeles Lakers,LAL,0,PR,COMBO,4.5,1.59,2.02,OVER,1.59,9.762874603271484,5.262874603271484,5.262874603271484,116.95276896158855,5.7314,PR,False,7.38999993354082,12.1949998475611,4.8,1.2,0.6,0,0,TRACKING_FALTANTE_TOTAL
Jared McCain,1642272,Jared McCain,OKC,Oklahoma City Thunder @ Los Angeles Lakers,LAL,0,PR,COMBO,6.5,2.03,1.58,OVER,2.03,9.762874603271484,3.2628746032714844,3.2628746032714844,50.1980708195613,5.7314,PR,False,7.38999993354082,12.1949998475611,4.8,1.2,0.6,0,0,TRACKING_FALTANTE_TOTAL
Jared McCain,1642272,Jared McCain,OKC,Oklahoma City Thunder @ Los Angeles Lakers,LAL,0,RA,COMBO,1.5,1.74,1.94,OVER,1.74,3.251006603240967,1.7510066032409668,1.7510066032409668,116.73377354939778,2.6976,RA,False,7.38999993354082,12.1949998475611,4.8,1.2,0.6,0,0,TRACKING_FALTANTE_TOTAL
Jared McCain,1642272,Jared McCain,OKC,Oklahoma City Thunder @ Los Angeles Lakers,LAL,0,PRA,COMBO,9.5,2.67,1.33,OVER,2.67,10.21884822845459,0.7188482284545898,0.7188482284545898,7.566823457416735,6.1893,PRA,False,7.38999993354082,12.1949998475611,4.8,1.2,0.6,0,0,TRACKING_FALTANTE_TOTAL
Jared McCain,1642272,Jared McCain,OKC,Oklahoma City Thunder @ Los Angeles Lakers,LAL,0,PRA,COMBO,6.5,1.92,1.76,OVER,1.92,10.21884822845459,3.71884822845459,3.71884822845459,57.21304966853216,6.1893,PRA,False,7.38999993354082,12.1949998475611,4.8,1.2,0.6,0,0,TRACKING_FALTANTE_TOTAL
Jared McCain,1642272,Jared McCain,OKC,Oklahoma City Thunder @ Los Angeles Lakers,LAL,0,PRA,COMBO,7.5,2.08,1.55,OVER,2.08,10.21884822845459,2.71884822845459,2.71884822845459,36.25130971272787,6.1893,PRA,False,7.38999993354082,12.1949998475611,4.8,1.2,0.6,0,0,TRACKING_FALTANTE_TOTAL
Jared McCain,1642272,Jared McCain,OKC,Oklahoma City Thunder @ Los Angeles Lakers,LAL,0,PRA,COMBO,3.5,1.36,2.57,OVER,1.36,10.21884822845459,6.71884822845459,6.71884822845459,191.9670922415597,6.1893,PRA,False,7.38999993354082,12.1949998475611,4.8,1.2,0.6,0,0,TRACKING_FALTANTE_TOTAL
Jared McCain,1642272,Jared McCain,OKC,Oklahoma City Thunder @ Los Angeles Lakers,LAL,0,PRA,COMBO,4.5,1.52,2.15,OVER,1.52,10.21884822845459,5.71884822845459,5.71884822845459,127.08551618787978,6.1893,PRA,False,7.38999993354082,12.1949998475611,4.8,1.2,0.6,0,0,TRACKING_FALTANTE_TOTAL
Jared McCain,1642272,Jared McCain,OKC,Oklahoma City Thunder @ Los Angeles Lakers,LAL,0,PRA,COMBO,5.5,1.65,1.92,OVER,1.65,10.21884822845459,4.71884822845459,4.71884822845459,85.79724051735617,6.1893,PRA,False,7.38999993354082,12.1949998475611,4.8,1.2,0.6,0,0,TRACKING_FALTANTE_TOTAL
Jared McCain,1642272,Jared McCain,OKC,Oklahoma City Thunder @ Los Angeles Lakers,LAL,0,PRA,COMBO,8.5,2.3,1.45,OVER,2.3,10.21884822845459,1.7188482284545898,1.7188482284545898,20.221743864171646,6.1893,PRA,False,7.38999993354082,12.1949998475611,4.8,1.2,0.6,0,0,TRACKING_FALTANTE_TOTAL
Jared McCain,1642272,Jared McCain,OKC,Oklahoma City Thunder @ Los Angeles Lakers,LAL,0,FGM,SINGLE,1.5,1.89,1.79,OVER,1.89,3.0117764472961426,1.5117764472961426,1.5117764472961426,100.7850964864095,1.8635,FGM,False,7.38999993354082,12.1949998475611,4.8,1.2,0.6,0,0,TRACKING_FALTANTE_TOTAL
Jared McCain,1642272,Jared McCain,OKC,Oklahoma City Thunder @ Los Angeles Lakers,LAL,0,FGA,SINGLE,3.5,1.69,2.01,OVER,1.69,6.094266414642334,2.594266414642334,2.594266414642334,74.12189756120954,2.8767,FGA,False,7.38999993354082,12.1949998475611,4.8,1.2,0.6,0,0,TRACKING_FALTANTE_TOTAL
Jared McCain,1642272,Jared McCain,OKC,Oklahoma City Thunder @ Los Angeles Lakers,LAL,0,FG3A,SINGLE,2.5,2.08,1.64,OVER,2.08,3.908717155456543,1.408717155456543,1.408717155456543,56.348686218261726,1.5883,FG3A,False,7.38999993354082,12.1949998475611,4.8,1.2,0.6,0,0,TRACKING_FALTANTE_TOTAL
Jared McCain,1642272,Jared McCain,OKC,Oklahoma City Thunder @ Los Angeles Lakers,LAL,0,REB,SINGLE,1.5,2.53,1.44,OVER,2.53,1.9625194072723389,0.46251940727233887,0.46251940727233887,30.834627151489258,1.9667,REB,False,7.38999993354082,12.1949998475611,4.8,1.2,0.6,0,0,TRACKING_FALTANTE_TOTAL
Jared McCain,1642272,Jared McCain,OKC,Oklahoma City Thunder @ Los Angeles Lakers,LAL,0,REB,SINGLE,0.5,1.46,2.28,OVER,1.46,1.9625194072723389,1.4625194072723389,1.4625194072723389,292.5038814544678,1.9667,REB,False,7.38999993354082,12.1949998475611,4.8,1.2,0.6,0,0,TRACKING_FALTANTE_TOTAL
Jared McCain,1642272,Jared McCain,OKC,Oklahoma City Thunder @ Los Angeles Lakers,LAL,0,PTS,SINGLE,4.5,1.87,1.8,OVER,1.87,7.6967997550964355,3.1967997550964355,3.1967997550964355,71.03999455769858,4.8341,PTS,False,7.38999993354082,12.1949998475611,4.8,1.2,0.6,0,0,TRACKING_FALTANTE_TOTAL
Jared McCain,1642272,Jared McCain,OKC,Oklahoma City Thunder @ Los Angeles Lakers,LAL,0,PTS,SINGLE,2.5,1.43,2.36,OVER,1.43,7.6967997550964355,5.1967997550964355,5.1967997550964355,207.8719902038574,4.8341,PTS,False,7.38999993354082,12.1949998475611,4.8,1.2,0.6,0,0,TRACKING_FALTANTE_TOTAL
Jared McCain,1642272,Jared McCain,OKC,Oklahoma City Thunder @ Los Angeles Lakers,LAL,0,PTS,SINGLE,3.5,1.66,1.91,OVER,1.66,7.6967997550964355,4.1967997550964355,4.1967997550964355,119.90856443132674,4.8341,PTS,False,7.38999993354082,12.1949998475611,4.8,1.2,0.6,0,0,TRACKING_FALTANTE_TOTAL
Jared McCain,1642272,Jared McCain,OKC,Oklahoma City Thunder @ Los Angeles Lakers,LAL,0,PTS,SINGLE,5.5,2.1,1.54,OVER,2.1,7.6967997550964355,2.1967997550964355,2.1967997550964355,39.9418137290261,4.8341,PTS,False,7.38999993354082,12.1949998475611,4.8,1.2,0.6,0,0,TRACKING_FALTANTE_TOTAL
Jared McCain,1642272,Jared McCain,OKC,Oklahoma City Thunder @ Los Angeles Lakers,LAL,0,PTS,SINGLE,6.5,2.45,1.39,OVER,2.45,7.6967997550964355,1.1967997550964355,1.1967997550964355,18.412303924560547,4.8341,PTS,False,7.38999993354082,12.1949998475611,4.8,1.2,0.6,0,0,TRACKING_FALTANTE_TOTAL
Jared McCain,1642272,Jared McCain,OKC,Oklahoma City Thunder @ Los Angeles Lakers,LAL,0,PTS,SINGLE,7.5,2.88,1.29,OVER,2.88,7.6967997550964355,0.19679975509643555,0.19679975509643555,2.6239967346191406,4.8341,PTS,False,7.38999993354082,12.1949998475611,4.8,1.2,0.6,0,0,TRACKING_FALTANTE_TOTAL
Jared McCain,1642272,Jared McCain,OKC,Oklahoma City Thunder @ Los Angeles Lakers,LAL,0,AST,SINGLE,0.5,1.95,1.73,OVER,1.95,1.635815978050232,1.135815978050232,1.135815978050232,227.1631956100464,1.4546,AST_FALLBACK,False,7.38999993354082,12.1949998475611,4.8,1.2,0.6,0,0,TRACKING_FALTANTE_TOTAL
Jared McCain,1642272,Jared McCain,OKC,Oklahoma City Thunder @ Los Angeles Lakers,LAL,0,3PT,SINGLE,0.5,1.61,2.13,OVER,1.61,1.385455846786499,0.885455846786499,0.885455846786499,177.0911693572998,0.9642,3PT,False,7.38999993354082,12.1949998475611,4.8,1.2,0.6,0,0,TRACKING_FALTANTE_TOTAL
Jaylon Tyson,1642281,Jaylon Tyson,CLE,Detroit Pistons @ Cleveland Cavaliers,DET,1,PTS,SINGLE,6.5,1.71,1.98,OVER,1.71,9.913620948791504,3.413620948791504,3.413620948791504,52.51724536602313,4.8341,PTS,True,17.2466667175293,17.7533332824707,5.8,4.8,2.0,0,0,POTENTIAL_AST_FALTANTE
Jaylon Tyson,1642281,Jaylon Tyson,CLE,Detroit Pistons @ Cleveland Cavaliers,DET,1,PTS,SINGLE,9.5,2.55,1.36,OVER,2.55,9.913620948791504,0.4136209487915039,0.4136209487915039,4.353904724121094,4.8341,PTS,False,17.2466667175293,17.7533332824707,5.8,4.8,2.0,0,0,POTENTIAL_AST_FALTANTE
Jaylon Tyson,1642281,Jaylon Tyson,CLE,Detroit Pistons @ Cleveland Cavaliers,DET,1,PTS,SINGLE,4.5,1.34,2.65,OVER,1.34,9.913620948791504,5.413620948791504,5.413620948791504,120.3026877509223,4.8341,PTS,True,17.2466667175293,17.7533332824707,5.8,4.8,2.0,0,0,POTENTIAL_AST_FALTANTE
Jaylon Tyson,1642281,Jaylon Tyson,CLE,Detroit Pistons @ Cleveland Cavaliers,DET,1,PTS,SINGLE,5.5,1.53,2.12,OVER,1.53,9.913620948791504,4.413620948791504,4.413620948791504,80.24765361439098,4.8341,PTS,True,17.2466667175293,17.7533332824707,5.8,4.8,2.0,0,0,POTENTIAL_AST_FALTANTE
Jaylon Tyson,1642281,Jaylon Tyson,CLE,Detroit Pistons @ Cleveland Cavaliers,DET,1,PTS,SINGLE,7.5,1.92,1.65,OVER,1.92,9.913620948791504,2.413620948791504,2.413620948791504,32.18161265055339,4.8341,PTS,False,17.2466667175293,17.7533332824707,5.8,4.8,2.0,0,0,POTENTIAL_AST_FALTANTE
Jaylon Tyson,1642281,Jaylon Tyson,CLE,Detroit Pistons @ Cleveland Cavaliers,DET,1,PTS,SINGLE,8.5,2.15,1.52,OVER,2.15,9.913620948791504,1.413620948791504,1.413620948791504,16.630834691664752,4.8341,PTS,False,17.2466667175293,17.7533332824707,5.8,4.8,2.0,0,0,POTENTIAL_AST_FALTANTE
Jaylon Tyson,1642281,Jaylon Tyson,CLE,Detroit Pistons @ Cleveland Cavaliers,DET,1,AST,SINGLE,1.5,2.19,1.58,OVER,2.19,2.0249152183532715,0.5249152183532715,0.5249152183532715,34.994347890218094,1.4546,AST_FALLBACK,False,17.2466667175293,17.7533332824707,5.8,4.8,2.0,0,0,POTENTIAL_AST_FALTANTE
Jaylon Tyson,1642281,Jaylon Tyson,CLE,Detroit Pistons @ Cleveland Cavaliers,DET,1,AST,SINGLE,0.5,1.3,2.8,OVER,1.3,2.0249152183532715,1.5249152183532715,1.5249152183532715,304.9830436706543,1.4546,AST_FALLBACK,True,17.2466667175293,17.7533332824707,5.8,4.8,2.0,0,0,POTENTIAL_AST_FALTANTE
Jaylon Tyson,1642281,Jaylon Tyson,CLE,Detroit Pistons @ Cleveland Cavaliers,DET,1,3PT,SINGLE,1.5,2.44,1.4,UNDER,1.4,1.400303602218628,-0.09969639778137207,0.09969639778137207,6.646426518758138,0.9642,3PT,False,17.2466667175293,17.7533332824707,5.8,4.8,2.0,0,0,POTENTIAL_AST_FALTANTE
Jaylon Tyson,1642281,Jaylon Tyson,CLE,Detroit Pistons @ Cleveland Cavaliers,DET,1,3PT,SINGLE,0.5,1.4,2.67,OVER,1.4,1.400303602218628,0.9003036022186279,0.9003036022186279,180.0607204437256,0.9642,3PT,True,17.2466667175293,17.7533332824707,5.8,4.8,2.0,0,0,POTENTIAL_AST_FALTANTE
Jaylon Tyson,1642281,Jaylon Tyson,CLE,Detroit Pistons @ Cleveland Cavaliers,DET,1,FTM,SINGLE,0.5,2.12,1.62,OVER,2.12,1.133000135421753,0.6330001354217529,0.6330001354217529,126.60002708435059,1.4962,FTM,False,17.2466667175293,17.7533332824707,5.8,4.8,2.0,0,0,POTENTIAL_AST_FALTANTE
Jaylon Tyson,1642281,Jaylon Tyson,CLE,Detroit Pistons @ Cleveland Cavaliers,DET,1,FTA,SINGLE,0.5,1.98,1.71,OVER,1.98,1.6389172077178955,1.1389172077178955,1.1389172077178955,227.7834415435791,1.8012,FTA,True,17.2466667175293,17.7533332824707,5.8,4.8,2.0,0,0,POTENTIAL_AST_FALTANTE
Jaylon Tyson,1642281,Jaylon Tyson,CLE,Detroit Pistons @ Cleveland Cavaliers,DET,1,FGM,SINGLE,2.5,1.82,1.85,OVER,1.82,3.772212028503418,1.272212028503418,1.272212028503418,50.88848114013672,1.8635,FGM,True,17.2466667175293,17.7533332824707,5.8,4.8,2.0,0,0,POTENTIAL_AST_FALTANTE
Jaylon Tyson,1642281,Jaylon Tyson,CLE,Detroit Pistons @ Cleveland Cavaliers,DET,1,FGA,SINGLE,6.5,2.06,1.66,OVER,2.06,6.903546333312988,0.4035463333129883,0.4035463333129883,6.208405127892128,2.8767,FGA,False,17.2466667175293,17.7533332824707,5.8,4.8,2.0,0,0,POTENTIAL_AST_FALTANTE
Jaylon Tyson,1642281,Jaylon Tyson,CLE,Detroit Pistons @ Cleveland Cavaliers,DET,1,FGA,SINGLE,5.5,1.6,2.0,OVER,1.6,6.903546333312988,1.4035463333129883,1.4035463333129883,25.519024242054332,2.8767,FGA,False,17.2466667175293,17.7533332824707,5.8,4.8,2.0,0,0,POTENTIAL_AST_FALTANTE
Jaylon Tyson,1642281,Jaylon Tyson,CLE,Detroit Pistons @ Cleveland Cavaliers,DET,1,FG3A,SINGLE,2.5,1.61,2.14,OVER,1.61,3.7169787883758545,1.2169787883758545,1.2169787883758545,48.67915153503418,1.5883,FG3A,True,17.2466667175293,17.7533332824707,5.8,4.8,2.0,0,0,POTENTIAL_AST_FALTANTE
Jaylon Tyson,1642281,Jaylon Tyson,CLE,Detroit Pistons @ Cleveland Cavaliers,DET,1,REB,SINGLE,4.5,2.64,1.34,UNDER,1.34,4.041376113891602,-0.45862388610839844,0.45862388610839844,10.191641913519964,1.9667,REB,False,17.2466667175293,17.7533332824707,5.8,4.8,2.0,0,0,POTENTIAL_AST_FALTANTE
Jaylon Tyson,1642281,Jaylon Tyson,CLE,Detroit Pistons @ Cleveland Cavaliers,DET,1,REB,SINGLE,3.5,2.04,1.67,OVER,2.04,4.041376113891602,0.5413761138916016,0.5413761138916016,15.467888968331472,1.9667,REB,False,17.2466667175293,17.7533332824707,5.8,4.8,2.0,0,0,POTENTIAL_AST_FALTANTE
Jaylon Tyson,1642281,Jaylon Tyson,CLE,Detroit Pistons @ Cleveland Cavaliers,DET,1,REB,SINGLE,2.5,1.48,2.22,OVER,1.48,4.041376113891602,1.5413761138916016,1.5413761138916016,61.65504455566406,1.9667,REB,True,17.2466667175293,17.7533332824707,5.8,4.8,2.0,0,0,POTENTIAL_AST_FALTANTE
Jaylon Tyson,1642281,Jaylon Tyson,CLE,Detroit Pistons @ Cleveland Cavaliers,DET,1,PA,COMBO,7.5,1.6,2.0,OVER,1.6,11.313338279724121,3.813338279724121,3.813338279724121,50.84451039632162,5.2838,PA,True,17.2466667175293,17.7533332824707,5.8,4.8,2.0,0,0,POTENTIAL_AST_FALTANTE
Jaylon Tyson,1642281,Jaylon Tyson,CLE,Detroit Pistons @ Cleveland Cavaliers,DET,1,PA,COMBO,9.5,2.07,1.56,OVER,2.07,11.313338279724121,1.813338279724121,1.813338279724121,19.087771365517064,5.2838,PA,False,17.2466667175293,17.7533332824707,5.8,4.8,2.0,0,0,POTENTIAL_AST_FALTANTE
Jaylon Tyson,1642281,Jaylon Tyson,CLE,Detroit Pistons @ Cleveland Cavaliers,DET,1,PA,COMBO,8.5,1.86,1.81,OVER,1.86,11.313338279724121,2.813338279724121,2.813338279724121,33.098097408519074,5.2838,PA,True,17.2466667175293,17.7533332824707,5.8,4.8,2.0,0,0,POTENTIAL_AST_FALTANTE
Jaylon Tyson,1642281,Jaylon Tyson,CLE,Detroit Pistons @ Cleveland Cavaliers,DET,1,PR,COMBO,10.5,1.85,1.82,OVER,1.85,14.138586044311523,3.6385860443115234,3.6385860443115234,34.65320042201451,5.7314,PR,True,17.2466667175293,17.7533332824707,5.8,4.8,2.0,0,0,POTENTIAL_AST_FALTANTE
Jaylon Tyson,1642281,Jaylon Tyson,CLE,Detroit Pistons @ Cleveland Cavaliers,DET,1,PR,COMBO,9.5,1.61,1.98,OVER,1.61,14.138586044311523,4.638586044311523,4.638586044311523,48.82722151906867,5.7314,PR,True,17.2466667175293,17.7533332824707,5.8,4.8,2.0,0,0,POTENTIAL_AST_FALTANTE
Jaylon Tyson,1642281,Jaylon Tyson,CLE,Detroit Pistons @ Cleveland Cavaliers,DET,1,PR,COMBO,11.5,2.01,1.59,OVER,2.01,14.138586044311523,2.6385860443115234,2.6385860443115234,22.944226472274117,5.7314,PR,False,17.2466667175293,17.7533332824707,5.8,4.8,2.0,0,0,POTENTIAL_AST_FALTANTE
Jaylon Tyson,1642281,Jaylon Tyson,CLE,Detroit Pistons @ Cleveland Cavaliers,DET,1,RA,COMBO,5.5,2.15,1.52,OVER,2.15,5.9320969581604,0.4320969581604004,0.4320969581604004,7.856308330189098,2.6976,RA,False,17.2466667175293,17.7533332824707,5.8,4.8,2.0,0,0,POTENTIAL_AST_FALTANTE
Jaylon Tyson,1642281,Jaylon Tyson,CLE,Detroit Pistons @ Cleveland Cavaliers,DET,1,RA,COMBO,4.5,1.77,1.9,OVER,1.77,5.9320969581604,1.4320969581604004,1.4320969581604004,31.824376848008896,2.6976,RA,True,17.2466667175293,17.7533332824707,5.8,4.8,2.0,0,0,POTENTIAL_AST_FALTANTE
Jaylon Tyson,1642281,Jaylon Tyson,CLE,Detroit Pistons @ Cleveland Cavaliers,DET,1,PRA,COMBO,8.5,1.33,2.69,OVER,1.33,16.013988494873047,7.513988494873047,7.513988494873047,88.39986464556526,6.1893,PRA,True,17.2466667175293,17.7533332824707,5.8,4.8,2.0,0,0,POTENTIAL_AST_FALTANTE
Jaylon Tyson,1642281,Jaylon Tyson,CLE,Detroit Pistons @ Cleveland Cavaliers,DET,1,PRA,COMBO,12.5,1.9,1.67,OVER,1.9,16.013988494873047,3.513988494873047,3.513988494873047,28.11190795898437,6.1893,PRA,True,17.2466667175293,17.7533332824707,5.8,4.8,2.0,0,0,POTENTIAL_AST_FALTANTE
Jaylon Tyson,1642281,Jaylon Tyson,CLE,Detroit Pistons @ Cleveland Cavaliers,DET,1,PRA,COMBO,13.5,2.06,1.56,OVER,2.06,16.013988494873047,2.513988494873047,2.513988494873047,18.622136999059606,6.1893,PRA,False,17.2466667175293,17.7533332824707,5.8,4.8,2.0,0,0,POTENTIAL_AST_FALTANTE
Jaylon Tyson,1642281,Jaylon Tyson,CLE,Detroit Pistons @ Cleveland Cavaliers,DET,1,PRA,COMBO,14.5,2.35,1.43,OVER,2.35,16.013988494873047,1.5139884948730469,1.5139884948730469,10.441299964641702,6.1893,PRA,False,17.2466667175293,17.7533332824707,5.8,4.8,2.0,0,0,POTENTIAL_AST_FALTANTE
Jaylon Tyson,1642281,Jaylon Tyson,CLE,Detroit Pistons @ Cleveland Cavaliers,DET,1,PRA,COMBO,15.5,2.67,1.33,OVER,2.67,16.013988494873047,0.5139884948730469,0.5139884948730469,3.31605480563256,6.1893,PRA,False,17.2466667175293,17.7533332824707,5.8,4.8,2.0,0,0,POTENTIAL_AST_FALTANTE
Jaylon Tyson,1642281,Jaylon Tyson,CLE,Detroit Pistons @ Cleveland Cavaliers,DET,1,PRA,COMBO,11.5,1.75,1.93,OVER,1.75,16.013988494873047,4.513988494873047,4.513988494873047,39.25207386846128,6.1893,PRA,True,17.2466667175293,17.7533332824707,5.8,4.8,2.0,0,0,POTENTIAL_AST_FALTANTE
Jaylon Tyson,1642281,Jaylon Tyson,CLE,Detroit Pistons @ Cleveland Cavaliers,DET,1,PRA,COMBO,10.5,1.54,2.11,OVER,1.54,16.013988494873047,5.513988494873047,5.513988494873047,52.514176141648065,6.1893,PRA,True,17.2466667175293,17.7533332824707,5.8,4.8,2.0,0,0,POTENTIAL_AST_FALTANTE
Jaylon Tyson,1642281,Jaylon Tyson,CLE,Detroit Pistons @ Cleveland Cavaliers,DET,1,PRA,COMBO,9.5,1.44,2.31,OVER,1.44,16.013988494873047,6.513988494873047,6.513988494873047,68.56829994603207,6.1893,PRA,True,17.2466667175293,17.7533332824707,5.8,4.8,2.0,0,0,POTENTIAL_AST_FALTANTE
Ajay Mitchell,1642349,Ajay Mitchell,OKC,Oklahoma City Thunder @ Los Angeles Lakers,LAL,0,FGM,SINGLE,5.5,1.7,1.99,UNDER,1.99,5.429415702819824,-0.07058429718017578,0.07058429718017578,1.2833508578213777,1.8635,FGM,False,29.0056663513184,26.1428333282471,15.6,4.4,3.8,0,0,TRACKING_FALTANTE_TOTAL
Ajay Mitchell,1642349,Ajay Mitchell,OKC,Oklahoma City Thunder @ Los Angeles Lakers,LAL,0,FGA,SINGLE,12.5,1.79,1.88,UNDER,1.88,12.311239242553711,-0.18876075744628906,0.18876075744628906,1.5100860595703125,2.8767,FGA,False,29.0056663513184,26.1428333282471,15.6,4.4,3.8,0,0,TRACKING_FALTANTE_TOTAL
Ajay Mitchell,1642349,Ajay Mitchell,OKC,Oklahoma City Thunder @ Los Angeles Lakers,LAL,0,REB,SINGLE,3.5,1.8,1.88,OVER,1.8,3.6927826404571533,0.19278264045715332,0.19278264045715332,5.508075441632952,1.9667,REB,False,29.0056663513184,26.1428333282471,15.6,4.4,3.8,0,0,TRACKING_FALTANTE_TOTAL
Ajay Mitchell,1642349,Ajay Mitchell,OKC,Oklahoma City Thunder @ Los Angeles Lakers,LAL,0,REB,SINGLE,2.5,1.33,2.66,OVER,1.33,3.6927826404571533,1.1927826404571533,1.1927826404571533,47.71130561828613,1.9667,REB,True,29.0056663513184,26.1428333282471,15.6,4.4,3.8,0,0,TRACKING_FALTANTE_TOTAL
Ajay Mitchell,1642349,Ajay Mitchell,OKC,Oklahoma City Thunder @ Los Angeles Lakers,LAL,0,REB,SINGLE,4.5,2.37,1.42,UNDER,1.42,3.6927826404571533,-0.8072173595428467,0.8072173595428467,17.938163545396595,1.9667,REB,False,29.0056663513184,26.1428333282471,15.6,4.4,3.8,0,0,TRACKING_FALTANTE_TOTAL
Ajay Mitchell,1642349,Ajay Mitchell,OKC,Oklahoma City Thunder @ Los Angeles Lakers,LAL,0,PR,COMBO,19.5,1.84,1.83,UNDER,1.83,18.910783767700195,-0.5892162322998047,0.5892162322998047,3.0216217041015625,5.7314,PR,False,29.0056663513184,26.1428333282471,15.6,4.4,3.8,0,0,TRACKING_FALTANTE_TOTAL
Ajay Mitchell,1642349,Ajay Mitchell,OKC,Oklahoma City Thunder @ Los Angeles Lakers,LAL,0,PR,COMBO,17.5,1.53,2.11,OVER,1.53,18.910783767700195,1.4107837677001953,1.4107837677001953,8.061621529715401,5.7314,PR,False,29.0056663513184,26.1428333282471,15.6,4.4,3.8,0,0,TRACKING_FALTANTE_TOTAL
Ajay Mitchell,1642349,Ajay Mitchell,OKC,Oklahoma City Thunder @ Los Angeles Lakers,LAL,0,PR,COMBO,18.5,1.63,1.95,OVER,1.63,18.910783767700195,0.4107837677001953,0.4107837677001953,2.2204527983794344,5.7314,PR,False,29.0056663513184,26.1428333282471,15.6,4.4,3.8,0,0,TRACKING_FALTANTE_TOTAL
Ajay Mitchell,1642349,Ajay Mitchell,OKC,Oklahoma City Thunder @ Los Angeles Lakers,LAL,0,PR,COMBO,20.5,1.98,1.61,UNDER,1.61,18.910783767700195,-1.5892162322998047,1.5892162322998047,7.752274303901487,5.7314,PR,False,29.0056663513184,26.1428333282471,15.6,4.4,3.8,0,0,TRACKING_FALTANTE_TOTAL
Ajay Mitchell,1642349,Ajay Mitchell,OKC,Oklahoma City Thunder @ Los Angeles Lakers,LAL,0,PR,COMBO,21.5,2.12,1.53,UNDER,1.53,18.910783767700195,-2.5892162322998047,2.5892162322998047,12.042866196743278,5.7314,PR,False,29.0056663513184,26.1428333282471,15.6,4.4,3.8,0,0,TRACKING_FALTANTE_TOTAL
Ajay Mitchell,1642349,Ajay Mitchell,OKC,Oklahoma City Thunder @ Los Angeles Lakers,LAL,0,RA,COMBO,7.5,1.87,1.8,UNDER,1.8,7.062953948974609,-0.4370460510253906,0.4370460510253906,5.827280680338542,2.6976,RA,False,29.0056663513184,26.1428333282471,15.6,4.4,3.8,0,0,TRACKING_FALTANTE_TOTAL
Ajay Mitchell,1642349,Ajay Mitchell,OKC,Oklahoma City Thunder @ Los Angeles Lakers,LAL,0,RA,COMBO,6.5,1.52,2.14,OVER,1.52,7.062953948974609,0.5629539489746094,0.5629539489746094,8.660829984224758,2.6976,RA,False,29.0056663513184,26.1428333282471,15.6,4.4,3.8,0,0,TRACKING_FALTANTE_TOTAL
Ajay Mitchell,1642349,Ajay Mitchell,OKC,Oklahoma City Thunder @ Los Angeles Lakers,LAL,0,PRA,COMBO,20.5,1.44,2.32,OVER,1.44,20.5255184173584,0.025518417358398438,0.025518417358398438,0.12448008467511433,6.1893,PRA,False,29.0056663513184,26.1428333282471,15.6,4.4,3.8,0,0,TRACKING_FALTANTE_TOTAL
Ajay Mitchell,1642349,Ajay Mitchell,OKC,Oklahoma City Thunder @ Los Angeles Lakers,LAL,0,PRA,COMBO,22.5,1.66,1.91,UNDER,1.91,20.5255184173584,-1.9744815826416016,1.9744815826416016,8.775473700629341,6.1893,PRA,False,29.0056663513184,26.1428333282471,15.6,4.4,3.8,0,0,TRACKING_FALTANTE_TOTAL
Ajay Mitchell,1642349,Ajay Mitchell,OKC,Oklahoma City Thunder @ Los Angeles Lakers,LAL,0,PRA,COMBO,23.5,1.86,1.81,UNDER,1.81,20.5255184173584,-2.9744815826416016,2.9744815826416016,12.657368436772773,6.1893,PRA,False,29.0056663513184,26.1428333282471,15.6,4.4,3.8,0,0,TRACKING_FALTANTE_TOTAL
Ajay Mitchell,1642349,Ajay Mitchell,OKC,Oklahoma City Thunder @ Los Angeles Lakers,LAL,0,PRA,COMBO,19.5,1.34,2.65,OVER,1.34,20.5255184173584,1.0255184173583984,1.0255184173583984,5.259068806966146,6.1893,PRA,False,29.0056663513184,26.1428333282471,15.6,4.4,3.8,0,0,TRACKING_FALTANTE_TOTAL
Ajay Mitchell,1642349,Ajay Mitchell,OKC,Oklahoma City Thunder @ Los Angeles Lakers,LAL,0,PRA,COMBO,21.5,1.56,2.06,UNDER,2.06,20.5255184173584,-0.9744815826416016,0.9744815826416016,4.532472477402798,6.1893,PRA,False,29.0056663513184,26.1428333282471,15.6,4.4,3.8,0,0,TRACKING_FALTANTE_TOTAL
Ajay Mitchell,1642349,Ajay Mitchell,OKC,Oklahoma City Thunder @ Los Angeles Lakers,LAL,0,PRA,COMBO,24.5,1.97,1.62,UNDER,1.62,20.5255184173584,-3.9744815826416016,3.9744815826416016,16.222373806700414,6.1893,PRA,True,29.0056663513184,26.1428333282471,15.6,4.4,3.8,0,0,TRACKING_FALTANTE_TOTAL
Ajay Mitchell,1642349,Ajay Mitchell,OKC,Oklahoma City Thunder @ Los Angeles Lakers,LAL,0,PRA,COMBO,25.5,2.11,1.54,UNDER,1.54,20.5255184173584,-4.974481582641602,4.974481582641602,19.507770912320005,6.1893,PRA,True,29.0056663513184,26.1428333282471,15.6,4.4,3.8,0,0,TRACKING_FALTANTE_TOTAL
Ajay Mitchell,1642349,Ajay Mitchell,OKC,Oklahoma City Thunder @ Los Angeles Lakers,LAL,0,PRA,COMBO,26.5,2.37,1.42,UNDER,1.42,20.5255184173584,-5.974481582641602,5.974481582641602,22.54521351940227,6.1893,PRA,True,29.0056663513184,26.1428333282471,15.6,4.4,3.8,0,0,TRACKING_FALTANTE_TOTAL
Ajay Mitchell,1642349,Ajay Mitchell,OKC,Oklahoma City Thunder @ Los Angeles Lakers,LAL,0,PRA,COMBO,27.5,2.66,1.34,UNDER,1.34,20.5255184173584,-6.974481582641602,6.974481582641602,25.361751209605828,6.1893,PRA,True,29.0056663513184,26.1428333282471,15.6,4.4,3.8,0,0,TRACKING_FALTANTE_TOTAL
Ajay Mitchell,1642349,Ajay Mitchell,OKC,Oklahoma City Thunder @ Los Angeles Lakers,LAL,0,PTS,SINGLE,12.5,1.35,2.61,OVER,1.35,14.743180274963379,2.243180274963379,2.243180274963379,17.94544219970703,4.8341,PTS,False,29.0056663513184,26.1428333282471,15.6,4.4,3.8,0,0,TRACKING_FALTANTE_TOTAL
Ajay Mitchell,1642349,Ajay Mitchell,OKC,Oklahoma City Thunder @ Los Angeles Lakers,LAL,0,PTS,SINGLE,13.5,1.46,2.26,OVER,1.46,14.743180274963379,1.243180274963379,1.243180274963379,9.208742777506512,4.8341,PTS,False,29.0056663513184,26.1428333282471,15.6,4.4,3.8,0,0,TRACKING_FALTANTE_TOTAL
Ajay Mitchell,1642349,Ajay Mitchell,OKC,Oklahoma City Thunder @ Los Angeles Lakers,LAL,0,PTS,SINGLE,15.5,1.79,1.89,UNDER,1.89,14.743180274963379,-0.7568197250366211,0.7568197250366211,4.882707903462072,4.8341,PTS,False,29.0056663513184,26.1428333282471,15.6,4.4,3.8,0,0,TRACKING_FALTANTE_TOTAL
Ajay Mitchell,1642349,Ajay Mitchell,OKC,Oklahoma City Thunder @ Los Angeles Lakers,LAL,0,PTS,SINGLE,14.5,1.58,2.03,OVER,1.58,14.743180274963379,0.2431802749633789,0.2431802749633789,1.677105344575027,4.8341,PTS,False,29.0056663513184,26.1428333282471,15.6,4.4,3.8,0,0,TRACKING_FALTANTE_TOTAL
Ajay Mitchell,1642349,Ajay Mitchell,OKC,Oklahoma City Thunder @ Los Angeles Lakers,LAL,0,PTS,SINGLE,16.5,1.93,1.65,UNDER,1.65,14.743180274963379,-1.756819725036621,1.756819725036621,10.647392272949219,4.8341,PTS,False,29.0056663513184,26.1428333282471,15.6,4.4,3.8,0,0,TRACKING_FALTANTE_TOTAL
Ajay Mitchell,1642349,Ajay Mitchell,OKC,Oklahoma City Thunder @ Los Angeles Lakers,LAL,0,PTS,SINGLE,18.5,2.38,1.42,UNDER,1.42,14.743180274963379,-3.756819725036621,3.756819725036621,20.3071336488466,4.8341,PTS,True,29.0056663513184,26.1428333282471,15.6,4.4,3.8,0,0,TRACKING_FALTANTE_TOTAL
Ajay Mitchell,1642349,Ajay Mitchell,OKC,Oklahoma City Thunder @ Los Angeles Lakers,LAL,0,PTS,SINGLE,19.5,2.72,1.32,UNDER,1.32,14.743180274963379,-4.756819725036621,4.756819725036621,24.393947307880108,4.8341,PTS,True,29.0056663513184,26.1428333282471,15.6,4.4,3.8,0,0,TRACKING_FALTANTE_TOTAL
Ajay Mitchell,1642349,Ajay Mitchell,OKC,Oklahoma City Thunder @ Los Angeles Lakers,LAL,0,PTS,SINGLE,17.5,2.09,1.55,UNDER,1.55,14.743180274963379,-2.756819725036621,2.756819725036621,15.753255571637833,4.8341,PTS,True,29.0056663513184,26.1428333282471,15.6,4.4,3.8,0,0,TRACKING_FALTANTE_TOTAL
Ajay Mitchell,1642349,Ajay Mitchell,OKC,Oklahoma City Thunder @ Los Angeles Lakers,LAL,0,AST,SINGLE,2.5,1.3,2.8,OVER,1.3,4.014932155609131,1.5149321556091309,1.5149321556091309,60.597286224365234,1.4546,AST_FALLBACK,True,29.0056663513184,26.1428333282471,15.6,4.4,3.8,0,0,TRACKING_FALTANTE_TOTAL
Ajay Mitchell,1642349,Ajay Mitchell,OKC,Oklahoma City Thunder @ Los Angeles Lakers,LAL,0,AST,SINGLE,3.5,1.73,1.96,OVER,1.73,4.014932155609131,0.5149321556091309,0.5149321556091309,14.712347303118026,1.4546,AST_FALLBACK,False,29.0056663513184,26.1428333282471,15.6,4.4,3.8,0,0,TRACKING_FALTANTE_TOTAL
Ajay Mitchell,1642349,Ajay Mitchell,OKC,Oklahoma City Thunder @ Los Angeles Lakers,LAL,0,AST,SINGLE,4.5,2.32,1.44,UNDER,1.44,4.014932155609131,-0.48506784439086914,0.48506784439086914,10.779285430908203,1.4546,AST_FALLBACK,False,29.0056663513184,26.1428333282471,15.6,4.4,3.8,0,0,TRACKING_FALTANTE_TOTAL
Ajay Mitchell,1642349,Ajay Mitchell,OKC,Oklahoma City Thunder @ Los Angeles Lakers,LAL,0,3PT,SINGLE,1.5,1.98,1.71,UNDER,1.71,1.4319230318069458,-0.0680769681930542,0.0680769681930542,4.538464546203613,0.9642,3PT,False,29.0056663513184,26.1428333282471,15.6,4.4,3.8,0,0,TRACKING_FALTANTE_TOTAL
Ajay Mitchell,1642349,Ajay Mitchell,OKC,Oklahoma City Thunder @ Los Angeles Lakers,LAL,0,Q1_PTS,Q1,3.5,1.86,1.81,UNDER,1.81,3.1359848976135254,-0.3640151023864746,0.3640151023864746,10.400431496756417,2.087,Q1_PTS,False,29.0056663513184,26.1428333282471,15.6,4.4,3.8,0,0,TRACKING_FALTANTE_TOTAL
Ajay Mitchell,1642349,Ajay Mitchell,OKC,Oklahoma City Thunder @ Los Angeles Lakers,LAL,0,Q1_PTS,Q1,2.5,1.57,2.06,OVER,1.57,3.1359848976135254,0.6359848976135254,0.6359848976135254,25.43939590454102,2.087,Q1_PTS,False,29.0056663513184,26.1428333282471,15.6,4.4,3.8,0,0,TRACKING_FALTANTE_TOTAL
Ajay Mitchell,1642349,Ajay Mitchell,OKC,Oklahoma City Thunder @ Los Angeles Lakers,LAL,0,Q1_AST,Q1,0.5,1.52,2.3,OVER,1.52,0.8414350748062134,0.3414350748062134,0.3414350748062134,68.28701496124268,0.7063,Q1_AST,False,29.0056663513184,26.1428333282471,15.6,4.4,3.8,0,0,TRACKING_FALTANTE_TOTAL
Ajay Mitchell,1642349,Ajay Mitchell,OKC,Oklahoma City Thunder @ Los Angeles Lakers,LAL,0,PA,COMBO,19.5,1.8,1.87,UNDER,1.87,16.456674575805664,-3.043325424194336,3.043325424194336,15.606797047150442,5.2838,PA,True,29.0056663513184,26.1428333282471,15.6,4.4,3.8,0,0,TRACKING_FALTANTE_TOTAL
Ajay Mitchell,1642349,Ajay Mitchell,OKC,Oklahoma City Thunder @ Los Angeles Lakers,LAL,0,PA,COMBO,18.5,1.6,2.0,UNDER,2.0,16.456674575805664,-2.043325424194336,2.043325424194336,11.045002292942357,5.2838,PA,False,29.0056663513184,26.1428333282471,15.6,4.4,3.8,0,0,TRACKING_FALTANTE_TOTAL
Ajay Mitchell,1642349,Ajay Mitchell,OKC,Oklahoma City Thunder @ Los Angeles Lakers,LAL,0,PA,COMBO,20.5,1.93,1.65,UNDER,1.65,16.456674575805664,-4.043325424194336,4.043325424194336,19.723538654606518,5.2838,PA,True,29.0056663513184,26.1428333282471,15.6,4.4,3.8,0,0,TRACKING_FALTANTE_TOTAL
Ajay Mitchell,1642349,Ajay Mitchell,OKC,Oklahoma City Thunder @ Los Angeles Lakers,LAL,0,PA,COMBO,21.5,2.1,1.54,UNDER,1.54,16.456674575805664,-5.043325424194336,5.043325424194336,23.45732755439226,5.2838,PA,True,29.0056663513184,26.1428333282471,15.6,4.4,3.8,0,0,TRACKING_FALTANTE_TOTAL
Ajay Mitchell,1642349,Ajay Mitchell,OKC,Oklahoma City Thunder @ Los Angeles Lakers,LAL,0,FTM,SINGLE,2.5,2.01,1.69,UNDER,1.69,2.212520122528076,-0.28747987747192383,0.28747987747192383,11.499195098876953,1.4962,FTM,False,29.0056663513184,26.1428333282471,15.6,4.4,3.8,0,0,TRACKING_FALTANTE_TOTAL
Ajay Mitchell,1642349,Ajay Mitchell,OKC,Oklahoma City Thunder @ Los Angeles Lakers,LAL,0,FTA,SINGLE,2.5,1.84,1.83,OVER,1.84,2.784045934677124,0.284045934677124,0.284045934677124,11.361837387084961,1.8012,FTA,False,29.0056663513184,26.1428333282471,15.6,4.4,3.8,0,0,TRACKING_FALTANTE_TOTAL
Dylan Harper,1642844,Dylan Harper,SAS,Minnesota Timberwolves @ San Antonio Spurs,MIN,1,PTS,SINGLE,12.5,2.19,1.49,UNDER,1.49,12.481354713439941,-0.018645286560058594,0.018645286560058594,0.14916229248046875,4.8341,PTS,False,26.3796669006348,25.5198331832886,15.2,5.2,2.8,0,0,TRACKING_FALTANTE_TOTAL
Dylan Harper,1642844,Dylan Harper,SAS,Minnesota Timberwolves @ San Antonio Spurs,MIN,1,PTS,SINGLE,7.5,1.3,2.83,OVER,1.3,12.481354713439941,4.981354713439941,4.981354713439941,66.41806284586589,4.8341,PTS,True,26.3796669006348,25.5198331832886,15.2,5.2,2.8,0,0,TRACKING_FALTANTE_TOTAL
Dylan Harper,1642844,Dylan Harper,SAS,Minnesota Timberwolves @ San Antonio Spurs,MIN,1,PTS,SINGLE,9.5,1.57,2.05,OVER,1.57,12.481354713439941,2.9813547134399414,2.9813547134399414,31.382681194104645,4.8341,PTS,True,26.3796669006348,25.5198331832886,15.2,5.2,2.8,0,0,TRACKING_FALTANTE_TOTAL
Dylan Harper,1642844,Dylan Harper,SAS,Minnesota Timberwolves @ San Antonio Spurs,MIN,1,PTS,SINGLE,13.5,2.57,1.36,UNDER,1.36,12.481354713439941,-1.0186452865600586,1.0186452865600586,7.54552064118562,4.8341,PTS,False,26.3796669006348,25.5198331832886,15.2,5.2,2.8,0,0,TRACKING_FALTANTE_TOTAL
Dylan Harper,1642844,Dylan Harper,SAS,Minnesota Timberwolves @ San Antonio Spurs,MIN,1,PTS,SINGLE,8.5,1.44,2.33,OVER,1.44,12.481354713439941,3.9813547134399414,3.9813547134399414,46.83946721694049,4.8341,PTS,True,26.3796669006348,25.5198331832886,15.2,5.2,2.8,0,0,TRACKING_FALTANTE_TOTAL
Dylan Harper,1642844,Dylan Harper,SAS,Minnesota Timberwolves @ San Antonio Spurs,MIN,1,PTS,SINGLE,11.5,1.98,1.61,OVER,1.98,12.481354713439941,0.9813547134399414,0.9813547134399414,8.533519247303838,4.8341,PTS,False,26.3796669006348,25.5198331832886,15.2,5.2,2.8,0,0,TRACKING_FALTANTE_TOTAL
Dylan Harper,1642844,Dylan Harper,SAS,Minnesota Timberwolves @ San Antonio Spurs,MIN,1,PTS,SINGLE,10.5,1.81,1.86,OVER,1.81,12.481354713439941,1.9813547134399414,1.9813547134399414,18.870044889904204,4.8341,PTS,False,26.3796669006348,25.5198331832886,15.2,5.2,2.8,0,0,TRACKING_FALTANTE_TOTAL
Dylan Harper,1642844,Dylan Harper,SAS,Minnesota Timberwolves @ San Antonio Spurs,MIN,1,AST,SINGLE,2.5,1.59,2.16,OVER,1.59,3.2015559673309326,0.7015559673309326,0.7015559673309326,28.06223869323731,1.4546,AST_FALLBACK,False,26.3796669006348,25.5198331832886,15.2,5.2,2.8,0,0,TRACKING_FALTANTE_TOTAL
Dylan Harper,1642844,Dylan Harper,SAS,Minnesota Timberwolves @ San Antonio Spurs,MIN,1,AST,SINGLE,3.5,2.19,1.5,UNDER,1.5,3.2015559673309326,-0.2984440326690674,0.2984440326690674,8.526972361973353,1.4546,AST_FALLBACK,False,26.3796669006348,25.5198331832886,15.2,5.2,2.8,0,0,TRACKING_FALTANTE_TOTAL
Dylan Harper,1642844,Dylan Harper,SAS,Minnesota Timberwolves @ San Antonio Spurs,MIN,1,3PT,SINGLE,0.5,1.6,2.15,OVER,1.6,0.934518039226532,0.434518039226532,0.434518039226532,86.9036078453064,0.9642,3PT,False,26.3796669006348,25.5198331832886,15.2,5.2,2.8,0,0,TRACKING_FALTANTE_TOTAL
Dylan Harper,1642844,Dylan Harper,SAS,Minnesota Timberwolves @ San Antonio Spurs,MIN,1,Q1_PTS,Q1,2.5,2.04,1.67,OVER,2.04,2.988086462020874,0.488086462020874,0.488086462020874,19.52345848083496,2.087,Q1_PTS,False,26.3796669006348,25.5198331832886,15.2,5.2,2.8,0,0,TRACKING_FALTANTE_TOTAL
Dylan Harper,1642844,Dylan Harper,SAS,Minnesota Timberwolves @ San Antonio Spurs,MIN,1,Q1_AST,Q1,0.5,1.75,1.93,OVER,1.75,0.8888245820999146,0.38882458209991455,0.38882458209991455,77.76491641998291,0.7063,Q1_AST,True,26.3796669006348,25.5198331832886,15.2,5.2,2.8,0,0,TRACKING_FALTANTE_TOTAL
Dylan Harper,1642844,Dylan Harper,SAS,Minnesota Timberwolves @ San Antonio Spurs,MIN,1,Q1_REB,Q1,0.5,1.64,2.09,OVER,1.64,1.0893440246582031,0.5893440246582031,0.5893440246582031,117.86880493164062,0.9236,Q1_REB,True,26.3796669006348,25.5198331832886,15.2,5.2,2.8,0,0,TRACKING_FALTANTE_TOTAL
Dylan Harper,1642844,Dylan Harper,SAS,Minnesota Timberwolves @ San Antonio Spurs,MIN,1,FTM,SINGLE,1.5,1.99,1.7,OVER,1.99,1.5117539167404175,0.01175391674041748,0.01175391674041748,0.7835944493611654,1.4962,FTM,False,26.3796669006348,25.5198331832886,15.2,5.2,2.8,0,0,TRACKING_FALTANTE_TOTAL
Dylan Harper,1642844,Dylan Harper,SAS,Minnesota Timberwolves @ San Antonio Spurs,MIN,1,FGM,SINGLE,4.5,2.1,1.63,OVER,2.1,4.846889019012451,0.34688901901245117,0.34688901901245117,7.708644866943359,1.8635,FGM,False,26.3796669006348,25.5198331832886,15.2,5.2,2.8,0,0,TRACKING_FALTANTE_TOTAL
Dylan Harper,1642844,Dylan Harper,SAS,Minnesota Timberwolves @ San Antonio Spurs,MIN,1,FGA,SINGLE,8.5,1.7,1.99,OVER,1.7,9.925032615661621,1.425032615661621,1.425032615661621,16.765089596019074,2.8767,FGA,False,26.3796669006348,25.5198331832886,15.2,5.2,2.8,0,0,TRACKING_FALTANTE_TOTAL
Dylan Harper,1642844,Dylan Harper,SAS,Minnesota Timberwolves @ San Antonio Spurs,MIN,1,FG3A,SINGLE,2.5,1.99,1.7,OVER,1.99,2.762579917907715,0.26257991790771484,0.26257991790771484,10.503196716308594,1.5883,FG3A,False,26.3796669006348,25.5198331832886,15.2,5.2,2.8,0,0,TRACKING_FALTANTE_TOTAL
Dylan Harper,1642844,Dylan Harper,SAS,Minnesota Timberwolves @ San Antonio Spurs,MIN,1,REB,SINGLE,3.5,2.11,1.62,OVER,2.11,4.006342887878418,0.506342887878418,0.506342887878418,14.466939653669083,1.9667,REB,False,26.3796669006348,25.5198331832886,15.2,5.2,2.8,0,0,TRACKING_FALTANTE_TOTAL
Dylan Harper,1642844,Dylan Harper,SAS,Minnesota Timberwolves @ San Antonio Spurs,MIN,1,REB,SINGLE,2.5,1.49,2.21,OVER,1.49,4.006342887878418,1.506342887878418,1.506342887878418,60.25371551513672,1.9667,REB,True,26.3796669006348,25.5198331832886,15.2,5.2,2.8,0,0,TRACKING_FALTANTE_TOTAL
Dylan Harper,1642844,Dylan Harper,SAS,Minnesota Timberwolves @ San Antonio Spurs,MIN,1,PA,COMBO,15.5,2.12,1.53,UNDER,1.53,14.386144638061523,-1.1138553619384766,1.1138553619384766,7.1861636254095265,5.2838,PA,False,26.3796669006348,25.5198331832886,15.2,5.2,2.8,0,0,TRACKING_FALTANTE_TOTAL
Dylan Harper,1642844,Dylan Harper,SAS,Minnesota Timberwolves @ San Antonio Spurs,MIN,1,PA,COMBO,12.5,1.57,2.06,OVER,1.57,14.386144638061523,1.8861446380615234,1.8861446380615234,15.089157104492188,5.2838,PA,False,26.3796669006348,25.5198331832886,15.2,5.2,2.8,0,0,TRACKING_FALTANTE_TOTAL
Dylan Harper,1642844,Dylan Harper,SAS,Minnesota Timberwolves @ San Antonio Spurs,MIN,1,PA,COMBO,13.5,1.78,1.9,OVER,1.78,14.386144638061523,0.8861446380615234,0.8861446380615234,6.564034356011285,5.2838,PA,False,26.3796669006348,25.5198331832886,15.2,5.2,2.8,0,0,TRACKING_FALTANTE_TOTAL
Dylan Harper,1642844,Dylan Harper,SAS,Minnesota Timberwolves @ San Antonio Spurs,MIN,1,PA,COMBO,14.5,1.94,1.64,UNDER,1.64,14.386144638061523,-0.11385536193847656,0.11385536193847656,0.7852093926791487,5.2838,PA,False,26.3796669006348,25.5198331832886,15.2,5.2,2.8,0,0,TRACKING_FALTANTE_TOTAL
Dylan Harper,1642844,Dylan Harper,SAS,Minnesota Timberwolves @ San Antonio Spurs,MIN,1,PR,COMBO,14.5,1.9,1.67,OVER,1.9,16.89345359802246,2.393453598022461,2.393453598022461,16.506576538085938,5.7314,PR,False,26.3796669006348,25.5198331832886,15.2,5.2,2.8,0,0,TRACKING_FALTANTE_TOTAL
Dylan Harper,1642844,Dylan Harper,SAS,Minnesota Timberwolves @ San Antonio Spurs,MIN,1,PR,COMBO,12.5,1.54,2.1,OVER,1.54,16.89345359802246,4.393453598022461,4.393453598022461,35.14762878417969,5.7314,PR,True,26.3796669006348,25.5198331832886,15.2,5.2,2.8,0,0,TRACKING_FALTANTE_TOTAL
Dylan Harper,1642844,Dylan Harper,SAS,Minnesota Timberwolves @ San Antonio Spurs,MIN,1,PR,COMBO,15.5,2.12,1.53,OVER,2.12,16.89345359802246,1.393453598022461,1.393453598022461,8.990023213048135,5.7314,PR,False,26.3796669006348,25.5198331832886,15.2,5.2,2.8,0,0,TRACKING_FALTANTE_TOTAL
Dylan Harper,1642844,Dylan Harper,SAS,Minnesota Timberwolves @ San Antonio Spurs,MIN,1,PR,COMBO,13.5,1.75,1.92,OVER,1.75,16.89345359802246,3.393453598022461,3.393453598022461,25.136693318684895,5.7314,PR,True,26.3796669006348,25.5198331832886,15.2,5.2,2.8,0,0,TRACKING_FALTANTE_TOTAL
Dylan Harper,1642844,Dylan Harper,SAS,Minnesota Timberwolves @ San Antonio Spurs,MIN,1,RA,COMBO,5.5,1.53,2.12,OVER,1.53,7.1814398765563965,1.6814398765563965,1.6814398765563965,30.571634119207207,2.6976,RA,True,26.3796669006348,25.5198331832886,15.2,5.2,2.8,0,0,TRACKING_FALTANTE_TOTAL
Dylan Harper,1642844,Dylan Harper,SAS,Minnesota Timberwolves @ San Antonio Spurs,MIN,1,RA,COMBO,6.5,1.99,1.7,OVER,1.99,7.1814398765563965,0.6814398765563965,0.6814398765563965,10.483690408559946,2.6976,RA,False,26.3796669006348,25.5198331832886,15.2,5.2,2.8,0,0,TRACKING_FALTANTE_TOTAL
Dylan Harper,1642844,Dylan Harper,SAS,Minnesota Timberwolves @ San Antonio Spurs,MIN,1,PRA,COMBO,17.5,1.94,1.74,OVER,1.94,19.13874626159668,1.6387462615966797,1.6387462615966797,9.364264351981026,6.1893,PRA,False,26.3796669006348,25.5198331832886,15.2,5.2,2.8,0,0,TRACKING_FALTANTE_TOTAL
Dylan Harper,1642844,Dylan Harper,SAS,Minnesota Timberwolves @ San Antonio Spurs,MIN,1,PRA,COMBO,13.5,1.34,2.65,OVER,1.34,19.13874626159668,5.63874626159668,5.63874626159668,41.76849082664207,6.1893,PRA,True,26.3796669006348,25.5198331832886,15.2,5.2,2.8,0,0,TRACKING_FALTANTE_TOTAL
Dylan Harper,1642844,Dylan Harper,SAS,Minnesota Timberwolves @ San Antonio Spurs,MIN,1,PRA,COMBO,15.5,1.55,2.09,OVER,1.55,19.13874626159668,3.6387462615966797,3.6387462615966797,23.475782332881803,6.1893,PRA,True,26.3796669006348,25.5198331832886,15.2,5.2,2.8,0,0,TRACKING_FALTANTE_TOTAL
Dylan Harper,1642844,Dylan Harper,SAS,Minnesota Timberwolves @ San Antonio Spurs,MIN,1,PRA,COMBO,20.5,2.53,1.37,UNDER,1.37,19.13874626159668,-1.3612537384033203,1.3612537384033203,6.6402621385527825,6.1893,PRA,False,26.3796669006348,25.5198331832886,15.2,5.2,2.8,0,0,TRACKING_FALTANTE_TOTAL
Dylan Harper,1642844,Dylan Harper,SAS,Minnesota Timberwolves @ San Antonio Spurs,MIN,1,PRA,COMBO,16.5,1.69,1.88,OVER,1.69,19.13874626159668,2.6387462615966797,2.6387462615966797,15.992401585434424,6.1893,PRA,False,26.3796669006348,25.5198331832886,15.2,5.2,2.8,0,0,TRACKING_FALTANTE_TOTAL
Dylan Harper,1642844,Dylan Harper,SAS,Minnesota Timberwolves @ San Antonio Spurs,MIN,1,PRA,COMBO,18.5,2.07,1.56,OVER,2.07,19.13874626159668,0.6387462615966797,0.6387462615966797,3.4526824951171875,6.1893,PRA,False,26.3796669006348,25.5198331832886,15.2,5.2,2.8,0,0,TRACKING_FALTANTE_TOTAL
Dylan Harper,1642844,Dylan Harper,SAS,Minnesota Timberwolves @ San Antonio Spurs,MIN,1,PRA,COMBO,19.5,2.25,1.47,UNDER,1.47,19.13874626159668,-0.3612537384033203,0.3612537384033203,1.8525832738631811,6.1893,PRA,False,26.3796669006348,25.5198331832886,15.2,5.2,2.8,0,0,TRACKING_FALTANTE_TOTAL
Dylan Harper,1642844,Dylan Harper,SAS,Minnesota Timberwolves @ San Antonio Spurs,MIN,1,PRA,COMBO,14.5,1.46,2.28,OVER,1.46,19.13874626159668,4.63874626159668,4.63874626159668,31.991353528252965,6.1893,PRA,True,26.3796669006348,25.5198331832886,15.2,5.2,2.8,0,0,TRACKING_FALTANTE_TOTAL
VJ Edgecombe,1642845,VJ Edgecombe,PHI,Philadelphia 76ers @ New York Knicks,NYK,0,FTM,SINGLE,1.5,1.9,1.77,OVER,1.9,2.2449734210968018,0.7449734210968018,0.7449734210968018,49.66489473978679,1.4962,FTM,False,37.9523334503174,36.7961668014526,15.2,5.4,3.0,0,0,TRACKING_FALTANTE_TOTAL
VJ Edgecombe,1642845,VJ Edgecombe,PHI,Philadelphia 76ers @ New York Knicks,NYK,0,FGM,SINGLE,4.5,1.67,2.04,OVER,1.67,5.512595176696777,1.0125951766967773,1.0125951766967773,22.502115037706165,1.8635,FGM,True,37.9523334503174,36.7961668014526,15.2,5.4,3.0,0,0,TRACKING_FALTANTE_TOTAL
VJ Edgecombe,1642845,VJ Edgecombe,PHI,Philadelphia 76ers @ New York Knicks,NYK,0,FGA,SINGLE,11.5,1.7,1.99,OVER,1.7,12.704534530639648,1.2045345306396484,1.2045345306396484,10.474213309909986,2.8767,FGA,False,37.9523334503174,36.7961668014526,15.2,5.4,3.0,0,0,TRACKING_FALTANTE_TOTAL
VJ Edgecombe,1642845,VJ Edgecombe,PHI,Philadelphia 76ers @ New York Knicks,NYK,0,FGA,SINGLE,12.5,1.98,1.62,OVER,1.98,12.704534530639648,0.20453453063964844,0.20453453063964844,1.6362762451171873,2.8767,FGA,False,37.9523334503174,36.7961668014526,15.2,5.4,3.0,0,0,TRACKING_FALTANTE_TOTAL
VJ Edgecombe,1642845,VJ Edgecombe,PHI,Philadelphia 76ers @ New York Knicks,NYK,0,FG3A,SINGLE,5.5,1.91,1.76,OVER,1.91,6.23262357711792,0.7326235771179199,0.7326235771179199,13.320428674871271,1.5883,FG3A,False,37.9523334503174,36.7961668014526,15.2,5.4,3.0,0,0,TRACKING_FALTANTE_TOTAL
VJ Edgecombe,1642845,VJ Edgecombe,PHI,Philadelphia 76ers @ New York Knicks,NYK,0,REB,SINGLE,6.5,2.41,1.41,UNDER,1.41,5.41631555557251,-1.0836844444274902,1.0836844444274902,16.67206837580754,1.9667,REB,True,37.9523334503174,36.7961668014526,15.2,5.4,3.0,0,0,TRACKING_FALTANTE_TOTAL
VJ Edgecombe,1642845,VJ Edgecombe,PHI,Philadelphia 76ers @ New York Knicks,NYK,0,REB,SINGLE,5.5,1.95,1.73,UNDER,1.73,5.41631555557251,-0.08368444442749023,0.08368444442749023,1.5215353532270952,1.9667,REB,False,37.9523334503174,36.7961668014526,15.2,5.4,3.0,0,0,TRACKING_FALTANTE_TOTAL
VJ Edgecombe,1642845,VJ Edgecombe,PHI,Philadelphia 76ers @ New York Knicks,NYK,0,REB,SINGLE,4.5,1.5,2.18,OVER,1.5,5.41631555557251,0.9163155555725098,0.9163155555725098,20.362567901611328,1.9667,REB,False,37.9523334503174,36.7961668014526,15.2,5.4,3.0,0,0,TRACKING_FALTANTE_TOTAL
VJ Edgecombe,1642845,VJ Edgecombe,PHI,Philadelphia 76ers @ New York Knicks,NYK,0,PR,COMBO,16.5,1.51,2.16,OVER,1.51,20.045738220214844,3.5457382202148438,3.5457382202148438,21.48932254675663,5.7314,PR,True,37.9523334503174,36.7961668014526,15.2,5.4,3.0,0,0,TRACKING_FALTANTE_TOTAL
VJ Edgecombe,1642845,VJ Edgecombe,PHI,Philadelphia 76ers @ New York Knicks,NYK,0,PR,COMBO,17.5,1.61,1.99,OVER,1.61,20.045738220214844,2.5457382202148438,2.5457382202148438,14.547075544084823,5.7314,PR,False,37.9523334503174,36.7961668014526,15.2,5.4,3.0,0,0,TRACKING_FALTANTE_TOTAL
VJ Edgecombe,1642845,VJ Edgecombe,PHI,Philadelphia 76ers @ New York Knicks,NYK,0,PR,COMBO,19.5,1.92,1.65,OVER,1.92,20.045738220214844,0.5457382202148438,0.5457382202148438,2.798657539563301,5.7314,PR,False,37.9523334503174,36.7961668014526,15.2,5.4,3.0,0,0,TRACKING_FALTANTE_TOTAL
VJ Edgecombe,1642845,VJ Edgecombe,PHI,Philadelphia 76ers @ New York Knicks,NYK,0,PR,COMBO,20.5,2.06,1.57,UNDER,1.57,20.045738220214844,-0.45426177978515625,0.45426177978515625,2.2159111209032014,5.7314,PR,False,37.9523334503174,36.7961668014526,15.2,5.4,3.0,0,0,TRACKING_FALTANTE_TOTAL
VJ Edgecombe,1642845,VJ Edgecombe,PHI,Philadelphia 76ers @ New York Knicks,NYK,0,PR,COMBO,18.5,1.79,1.88,OVER,1.79,20.045738220214844,1.5457382202148438,1.5457382202148438,8.355341730891046,5.7314,PR,False,37.9523334503174,36.7961668014526,15.2,5.4,3.0,0,0,TRACKING_FALTANTE_TOTAL
VJ Edgecombe,1642845,VJ Edgecombe,PHI,Philadelphia 76ers @ New York Knicks,NYK,0,RA,COMBO,8.5,1.74,1.93,OVER,1.74,8.658170700073242,0.1581707000732422,0.1581707000732422,1.860831765567555,2.6976,RA,False,37.9523334503174,36.7961668014526,15.2,5.4,3.0,0,0,TRACKING_FALTANTE_TOTAL
VJ Edgecombe,1642845,VJ Edgecombe,PHI,Philadelphia 76ers @ New York Knicks,NYK,0,RA,COMBO,9.5,2.11,1.54,UNDER,1.54,8.658170700073242,-0.8418292999267578,0.8418292999267578,8.861361051860609,2.6976,RA,False,37.9523334503174,36.7961668014526,15.2,5.4,3.0,0,0,TRACKING_FALTANTE_TOTAL
VJ Edgecombe,1642845,VJ Edgecombe,PHI,Philadelphia 76ers @ New York Knicks,NYK,0,PRA,COMBO,20.5,1.56,2.07,OVER,1.56,22.265920639038086,1.765920639038086,1.765920639038086,8.61424701969798,6.1893,PRA,False,37.9523334503174,36.7961668014526,15.2,5.4,3.0,0,0,TRACKING_FALTANTE_TOTAL
VJ Edgecombe,1642845,VJ Edgecombe,PHI,Philadelphia 76ers @ New York Knicks,NYK,0,PRA,COMBO,21.5,1.68,1.89,OVER,1.68,22.265920639038086,0.7659206390380859,0.7659206390380859,3.56242157692133,6.1893,PRA,False,37.9523334503174,36.7961668014526,15.2,5.4,3.0,0,0,TRACKING_FALTANTE_TOTAL
VJ Edgecombe,1642845,VJ Edgecombe,PHI,Philadelphia 76ers @ New York Knicks,NYK,0,PRA,COMBO,23.5,2.03,1.58,UNDER,1.58,22.265920639038086,-1.234079360961914,1.234079360961914,5.251401536008145,6.1893,PRA,False,37.9523334503174,36.7961668014526,15.2,5.4,3.0,0,0,TRACKING_FALTANTE_TOTAL
VJ Edgecombe,1642845,VJ Edgecombe,PHI,Philadelphia 76ers @ New York Knicks,NYK,0,PRA,COMBO,19.5,1.48,2.22,OVER,1.48,22.265920639038086,2.765920639038086,2.765920639038086,14.184208405323517,6.1893,PRA,False,37.9523334503174,36.7961668014526,15.2,5.4,3.0,0,0,TRACKING_FALTANTE_TOTAL
VJ Edgecombe,1642845,VJ Edgecombe,PHI,Philadelphia 76ers @ New York Knicks,NYK,0,PRA,COMBO,22.5,1.91,1.76,UNDER,1.76,22.265920639038086,-0.23407936096191406,0.23407936096191406,1.0403527153862846,6.1893,PRA,False,37.9523334503174,36.7961668014526,15.2,5.4,3.0,0,0,TRACKING_FALTANTE_TOTAL
VJ Edgecombe,1642845,VJ Edgecombe,PHI,Philadelphia 76ers @ New York Knicks,NYK,0,PRA,COMBO,18.5,1.38,2.49,OVER,1.38,22.265920639038086,3.765920639038086,3.765920639038086,20.356327778584248,6.1893,PRA,True,37.9523334503174,36.7961668014526,15.2,5.4,3.0,0,0,TRACKING_FALTANTE_TOTAL
VJ Edgecombe,1642845,VJ Edgecombe,PHI,Philadelphia 76ers @ New York Knicks,NYK,0,PRA,COMBO,24.5,2.16,1.51,UNDER,1.51,22.265920639038086,-2.234079360961914,2.234079360961914,9.118691269232302,6.1893,PRA,False,37.9523334503174,36.7961668014526,15.2,5.4,3.0,0,0,TRACKING_FALTANTE_TOTAL
VJ Edgecombe,1642845,VJ Edgecombe,PHI,Philadelphia 76ers @ New York Knicks,NYK,0,PRA,COMBO,26.5,2.73,1.32,UNDER,1.32,22.265920639038086,-4.234079360961914,4.234079360961914,15.977657965894016,6.1893,PRA,True,37.9523334503174,36.7961668014526,15.2,5.4,3.0,0,0,TRACKING_FALTANTE_TOTAL
VJ Edgecombe,1642845,VJ Edgecombe,PHI,Philadelphia 76ers @ New York Knicks,NYK,0,PRA,COMBO,25.5,2.41,1.41,UNDER,1.41,22.265920639038086,-3.234079360961914,3.234079360961914,12.682664160634957,6.1893,PRA,True,37.9523334503174,36.7961668014526,15.2,5.4,3.0,0,0,TRACKING_FALTANTE_TOTAL
VJ Edgecombe,1642845,VJ Edgecombe,PHI,Philadelphia 76ers @ New York Knicks,NYK,0,PTS,SINGLE,13.5,1.91,1.76,OVER,1.91,15.39970874786377,1.8997087478637695,1.8997087478637695,14.071916650842736,4.8341,PTS,False,37.9523334503174,36.7961668014526,15.2,5.4,3.0,0,0,TRACKING_FALTANTE_TOTAL
VJ Edgecombe,1642845,VJ Edgecombe,PHI,Philadelphia 76ers @ New York Knicks,NYK,0,PTS,SINGLE,10.5,1.42,2.38,OVER,1.42,15.39970874786377,4.8997087478637695,4.8997087478637695,46.66389283679781,4.8341,PTS,True,37.9523334503174,36.7961668014526,15.2,5.4,3.0,0,0,TRACKING_FALTANTE_TOTAL
VJ Edgecombe,1642845,VJ Edgecombe,PHI,Philadelphia 76ers @ New York Knicks,NYK,0,PTS,SINGLE,9.5,1.3,2.82,OVER,1.3,15.39970874786377,5.8997087478637695,5.8997087478637695,62.10219734593442,4.8341,PTS,True,37.9523334503174,36.7961668014526,15.2,5.4,3.0,0,0,TRACKING_FALTANTE_TOTAL
VJ Edgecombe,1642845,VJ Edgecombe,PHI,Philadelphia 76ers @ New York Knicks,NYK,0,PTS,SINGLE,11.5,1.55,2.08,OVER,1.55,15.39970874786377,3.8997087478637695,3.8997087478637695,33.9105108509893,4.8341,PTS,True,37.9523334503174,36.7961668014526,15.2,5.4,3.0,0,0,TRACKING_FALTANTE_TOTAL
VJ Edgecombe,1642845,VJ Edgecombe,PHI,Philadelphia 76ers @ New York Knicks,NYK,0,PTS,SINGLE,16.5,2.6,1.35,UNDER,1.35,15.39970874786377,-1.1002912521362305,1.1002912521362305,6.66843183112867,4.8341,PTS,False,37.9523334503174,36.7961668014526,15.2,5.4,3.0,0,0,TRACKING_FALTANTE_TOTAL
VJ Edgecombe,1642845,VJ Edgecombe,PHI,Philadelphia 76ers @ New York Knicks,NYK,0,PTS,SINGLE,15.5,2.28,1.46,UNDER,1.46,15.39970874786377,-0.10029125213623047,0.10029125213623047,0.6470403363627772,4.8341,PTS,False,37.9523334503174,36.7961668014526,15.2,5.4,3.0,0,0,TRACKING_FALTANTE_TOTAL
VJ Edgecombe,1642845,VJ Edgecombe,PHI,Philadelphia 76ers @ New York Knicks,NYK,0,PTS,SINGLE,14.5,2.07,1.56,OVER,2.07,15.39970874786377,0.8997087478637695,0.8997087478637695,6.204887916301859,4.8341,PTS,False,37.9523334503174,36.7961668014526,15.2,5.4,3.0,0,0,TRACKING_FALTANTE_TOTAL
VJ Edgecombe,1642845,VJ Edgecombe,PHI,Philadelphia 76ers @ New York Knicks,NYK,0,PTS,SINGLE,12.5,1.67,1.9,OVER,1.67,15.39970874786377,2.8997087478637695,2.8997087478637695,23.197669982910156,4.8341,PTS,True,37.9523334503174,36.7961668014526,15.2,5.4,3.0,0,0,TRACKING_FALTANTE_TOTAL
VJ Edgecombe,1642845,VJ Edgecombe,PHI,Philadelphia 76ers @ New York Knicks,NYK,0,AST,SINGLE,3.5,2.1,1.63,OVER,2.1,3.830070734024048,0.33007073402404785,0.33007073402404785,9.43059240068708,1.4546,AST_FALLBACK,False,37.9523334503174,36.7961668014526,15.2,5.4,3.0,0,0,TRACKING_FALTANTE_TOTAL
VJ Edgecombe,1642845,VJ Edgecombe,PHI,Philadelphia 76ers @ New York Knicks,NYK,0,AST,SINGLE,2.5,1.47,2.24,OVER,1.47,3.830070734024048,1.3300707340240479,1.3300707340240479,53.202829360961914,1.4546,AST_FALLBACK,True,37.9523334503174,36.7961668014526,15.2,5.4,3.0,0,0,TRACKING_FALTANTE_TOTAL
VJ Edgecombe,1642845,VJ Edgecombe,PHI,Philadelphia 76ers @ New York Knicks,NYK,0,3PT,SINGLE,2.5,2.55,1.37,UNDER,1.37,2.1235008239746094,-0.3764991760253906,0.3764991760253906,15.059967041015627,0.9642,3PT,False,37.9523334503174,36.7961668014526,15.2,5.4,3.0,0,0,TRACKING_FALTANTE_TOTAL
VJ Edgecombe,1642845,VJ Edgecombe,PHI,Philadelphia 76ers @ New York Knicks,NYK,0,3PT,SINGLE,1.5,1.63,2.1,OVER,1.63,2.1235008239746094,0.6235008239746094,0.6235008239746094,41.566721598307296,0.9642,3PT,True,37.9523334503174,36.7961668014526,15.2,5.4,3.0,0,0,TRACKING_FALTANTE_TOTAL
VJ Edgecombe,1642845,VJ Edgecombe,PHI,Philadelphia 76ers @ New York Knicks,NYK,0,Q1_PTS,Q1,2.5,1.73,1.95,OVER,1.73,3.6147525310516357,1.1147525310516357,1.1147525310516357,44.59010124206543,2.087,Q1_PTS,True,37.9523334503174,36.7961668014526,15.2,5.4,3.0,0,0,TRACKING_FALTANTE_TOTAL
VJ Edgecombe,1642845,VJ Edgecombe,PHI,Philadelphia 76ers @ New York Knicks,NYK,0,Q1_PTS,Q1,3.5,2.07,1.56,OVER,2.07,3.6147525310516357,0.11475253105163574,0.11475253105163574,3.2786437443324496,2.087,Q1_PTS,False,37.9523334503174,36.7961668014526,15.2,5.4,3.0,0,0,TRACKING_FALTANTE_TOTAL
VJ Edgecombe,1642845,VJ Edgecombe,PHI,Philadelphia 76ers @ New York Knicks,NYK,0,Q1_AST,Q1,0.5,1.63,2.09,OVER,1.63,1.0540261268615723,0.5540261268615723,0.5540261268615723,110.80522537231445,0.7063,Q1_AST,True,37.9523334503174,36.7961668014526,15.2,5.4,3.0,0,0,TRACKING_FALTANTE_TOTAL
VJ Edgecombe,1642845,VJ Edgecombe,PHI,Philadelphia 76ers @ New York Knicks,NYK,0,Q1_REB,Q1,1.5,2.29,1.53,UNDER,1.53,1.3310680389404297,-0.1689319610595703,0.1689319610595703,11.262130737304688,0.9236,Q1_REB,False,37.9523334503174,36.7961668014526,15.2,5.4,3.0,0,0,TRACKING_FALTANTE_TOTAL
VJ Edgecombe,1642845,VJ Edgecombe,PHI,Philadelphia 76ers @ New York Knicks,NYK,0,PA,COMBO,14.5,1.52,2.15,OVER,1.52,16.732654571533203,2.232654571533203,2.232654571533203,15.397617734711746,5.2838,PA,False,37.9523334503174,36.7961668014526,15.2,5.4,3.0,0,0,TRACKING_FALTANTE_TOTAL
VJ Edgecombe,1642845,VJ Edgecombe,PHI,Philadelphia 76ers @ New York Knicks,NYK,0,PA,COMBO,17.5,1.96,1.63,UNDER,1.63,16.732654571533203,-0.7673454284667969,0.7673454284667969,4.384831019810268,5.2838,PA,False,37.9523334503174,36.7961668014526,15.2,5.4,3.0,0,0,TRACKING_FALTANTE_TOTAL
VJ Edgecombe,1642845,VJ Edgecombe,PHI,Philadelphia 76ers @ New York Knicks,NYK,0,PA,COMBO,18.5,2.12,1.53,UNDER,1.53,16.732654571533203,-1.7673454284667969,1.7673454284667969,9.553218532252956,5.2838,PA,False,37.9523334503174,36.7961668014526,15.2,5.4,3.0,0,0,TRACKING_FALTANTE_TOTAL
VJ Edgecombe,1642845,VJ Edgecombe,PHI,Philadelphia 76ers @ New York Knicks,NYK,0,PA,COMBO,16.5,1.83,1.84,OVER,1.83,16.732654571533203,0.23265457153320312,0.23265457153320312,1.4100277062618372,5.2838,PA,False,37.9523334503174,36.7961668014526,15.2,5.4,3.0,0,0,TRACKING_FALTANTE_TOTAL
VJ Edgecombe,1642845,VJ Edgecombe,PHI,Philadelphia 76ers @ New York Knicks,NYK,0,PA,COMBO,15.5,1.63,1.96,OVER,1.63,16.732654571533203,1.2326545715332031,1.2326545715332031,7.952610138923891,5.2838,PA,False,37.9523334503174,36.7961668014526,15.2,5.4,3.0,0,0,TRACKING_FALTANTE_TOTAL
