row_uid,snapshot_id,scraped_at_source,scraped_at_utc,book,sport,league,source_file,partido,game_norm,jugador,player_norm,mercado_raw,linea_raw,handicap_raw,odds_decimal,market_key,stat_key,side,threshold,model_line,event_text,valid,error
3e62fa61bf9c67de2e6be8cf2a8973f8bf4a657a,20260521_145741,2026-05-21T14:57:41-03:00,2026-05-21T17:57:41+00:00,betano,basketball,NBA,props_nba_20260521_145741.csv,New York Knicks Cleveland Cavaliers,new york knicks cleveland cavaliers,Jalen Brunson,jalen brunson,Puntos (hitos),25+,0.0,1.47,player_points_hito,PTS,over,25,24.5,Jalen Brunson 25+ PTS,1,
21a2b2d26fafcabb1933fb515bb3d4a61bd5eb9c,20260521_145741,2026-05-21T14:57:41-03:00,2026-05-21T17:57:41+00:00,betano,basketball,NBA,props_nba_20260521_145741.csv,New York Knicks Cleveland Cavaliers,new york knicks cleveland cavaliers,Jalen Brunson,jalen brunson,Puntos (hitos),26+,0.0,1.6,player_points_hito,PTS,over,26,25.5,Jalen Brunson 26+ PTS,1,
17c23a7f225939b62dca27755f600932d37be521,20260521_145741,2026-05-21T14:57:41-03:00,2026-05-21T17:57:41+00:00,betano,basketball,NBA,props_nba_20260521_145741.csv,New York Knicks Cleveland Cavaliers,new york knicks cleveland cavaliers,Jalen Brunson,jalen brunson,Puntos (hitos),27+,0.0,1.75,player_points_hito,PTS,over,27,26.5,Jalen Brunson 27+ PTS,1,
2a65b7f74325973b634bb28cd88f67d37dd3e035,20260521_145741,2026-05-21T14:57:41-03:00,2026-05-21T17:57:41+00:00,betano,basketball,NBA,props_nba_20260521_145741.csv,New York Knicks Cleveland Cavaliers,new york knicks cleveland cavaliers,Jalen Brunson,jalen brunson,Puntos (hitos),28+,0.0,1.93,player_points_hito,PTS,over,28,27.5,Jalen Brunson 28+ PTS,1,
0074b3bf454cefe54be05569b1cb50a853c31ac1,20260521_145741,2026-05-21T14:57:41-03:00,2026-05-21T17:57:41+00:00,betano,basketball,NBA,props_nba_20260521_145741.csv,New York Knicks Cleveland Cavaliers,new york knicks cleveland cavaliers,Jalen Brunson,jalen brunson,Puntos (hitos),29+,0.0,2.15,player_points_hito,PTS,over,29,28.5,Jalen Brunson 29+ PTS,1,
fce77b67da7c54164e7bc4273376c605ca8a8a3b,20260521_145741,2026-05-21T14:57:41-03:00,2026-05-21T17:57:41+00:00,betano,basketball,NBA,props_nba_20260521_145741.csv,New York Knicks Cleveland Cavaliers,new york knicks cleveland cavaliers,Jalen Brunson,jalen brunson,Puntos (hitos),30+,0.0,2.4,player_points_hito,PTS,over,30,29.5,Jalen Brunson 30+ PTS,1,
03d8ea3f5e2b79ac7d36bcaf1e5d148dbaff1b97,20260521_145741,2026-05-21T14:57:41-03:00,2026-05-21T17:57:41+00:00,betano,basketball,NBA,props_nba_20260521_145741.csv,New York Knicks Cleveland Cavaliers,new york knicks cleveland cavaliers,Jalen Brunson,jalen brunson,Puntos (hitos),31+,0.0,2.7,player_points_hito,PTS,over,31,30.5,Jalen Brunson 31+ PTS,1,
291e1f4855d3e562e50db0fd5d1b458a72d71039,20260521_145741,2026-05-21T14:57:41-03:00,2026-05-21T17:57:41+00:00,betano,basketball,NBA,props_nba_20260521_145741.csv,New York Knicks Cleveland Cavaliers,new york knicks cleveland cavaliers,Jalen Brunson,jalen brunson,Puntos (hitos),32+,0.0,3.05,player_points_hito,PTS,over,32,31.5,Jalen Brunson 32+ PTS,1,
831fba45ffdff4b4ddd78c8aa96431dfdd471a5c,20260521_145741,2026-05-21T14:57:41-03:00,2026-05-21T17:57:41+00:00,betano,basketball,NBA,props_nba_20260521_145741.csv,New York Knicks Cleveland Cavaliers,new york knicks cleveland cavaliers,Jalen Brunson,jalen brunson,Puntos (hitos),33+,0.0,3.55,player_points_hito,PTS,over,33,32.5,Jalen Brunson 33+ PTS,1,
755a99a03fce436ef2afbea412c618e444090d74,20260521_145741,2026-05-21T14:57:41-03:00,2026-05-21T17:57:41+00:00,betano,basketball,NBA,props_nba_20260521_145741.csv,New York Knicks Cleveland Cavaliers,new york knicks cleveland cavaliers,Donovan Mitchell,donovan mitchell,Puntos (hitos),25+,0.0,1.6,player_points_hito,PTS,over,25,24.5,Donovan Mitchell 25+ PTS,1,
b32f5be18e22e35b479fdda0d4641f207eb1303c,20260521_145741,2026-05-21T14:57:41-03:00,2026-05-21T17:57:41+00:00,betano,basketball,NBA,props_nba_20260521_145741.csv,New York Knicks Cleveland Cavaliers,new york knicks cleveland cavaliers,Donovan Mitchell,donovan mitchell,Puntos (hitos),26+,0.0,1.75,player_points_hito,PTS,over,26,25.5,Donovan Mitchell 26+ PTS,1,
88afecd730180242242a897ab8a08d64531091d7,20260521_145741,2026-05-21T14:57:41-03:00,2026-05-21T17:57:41+00:00,betano,basketball,NBA,props_nba_20260521_145741.csv,New York Knicks Cleveland Cavaliers,new york knicks cleveland cavaliers,Donovan Mitchell,donovan mitchell,Puntos (hitos),27+,0.0,1.93,player_points_hito,PTS,over,27,26.5,Donovan Mitchell 27+ PTS,1,
44f2cda0797d319255780f019275215548e514b5,20260521_145741,2026-05-21T14:57:41-03:00,2026-05-21T17:57:41+00:00,betano,basketball,NBA,props_nba_20260521_145741.csv,New York Knicks Cleveland Cavaliers,new york knicks cleveland cavaliers,Donovan Mitchell,donovan mitchell,Puntos (hitos),28+,0.0,2.15,player_points_hito,PTS,over,28,27.5,Donovan Mitchell 28+ PTS,1,
4f7c5ead185f7662dfa0b9ee94e2406bece7a4fd,20260521_145741,2026-05-21T14:57:41-03:00,2026-05-21T17:57:41+00:00,betano,basketball,NBA,props_nba_20260521_145741.csv,New York Knicks Cleveland Cavaliers,new york knicks cleveland cavaliers,Donovan Mitchell,donovan mitchell,Puntos (hitos),29+,0.0,2.42,player_points_hito,PTS,over,29,28.5,Donovan Mitchell 29+ PTS,1,
8bd204945f04b4aade1c8da5b6a79793823367e9,20260521_145741,2026-05-21T14:57:41-03:00,2026-05-21T17:57:41+00:00,betano,basketball,NBA,props_nba_20260521_145741.csv,New York Knicks Cleveland Cavaliers,new york knicks cleveland cavaliers,Donovan Mitchell,donovan mitchell,Puntos (hitos),30+,0.0,2.72,player_points_hito,PTS,over,30,29.5,Donovan Mitchell 30+ PTS,1,
793f21851e99fa0776277a22bb5f5d66d8e0a072,20260521_145741,2026-05-21T14:57:41-03:00,2026-05-21T17:57:41+00:00,betano,basketball,NBA,props_nba_20260521_145741.csv,New York Knicks Cleveland Cavaliers,new york knicks cleveland cavaliers,Donovan Mitchell,donovan mitchell,Puntos (hitos),31+,0.0,3.1,player_points_hito,PTS,over,31,30.5,Donovan Mitchell 31+ PTS,1,
da4e4a8a5870e32098c3bb01490db717d689d897,20260521_145741,2026-05-21T14:57:41-03:00,2026-05-21T17:57:41+00:00,betano,basketball,NBA,props_nba_20260521_145741.csv,New York Knicks Cleveland Cavaliers,new york knicks cleveland cavaliers,Donovan Mitchell,donovan mitchell,Puntos (hitos),32+,0.0,3.5,player_points_hito,PTS,over,32,31.5,Donovan Mitchell 32+ PTS,1,
4f1a82fe6f69d143b96d0fd3aaa888d08ad175cc,20260521_145741,2026-05-21T14:57:41-03:00,2026-05-21T17:57:41+00:00,betano,basketball,NBA,props_nba_20260521_145741.csv,New York Knicks Cleveland Cavaliers,new york knicks cleveland cavaliers,Donovan Mitchell,donovan mitchell,Puntos (hitos),33+,0.0,4,player_points_hito,PTS,over,33,32.5,Donovan Mitchell 33+ PTS,1,
405e19d402f05b2b1dee49ef0c43b804de06dac8,20260521_145741,2026-05-21T14:57:41-03:00,2026-05-21T17:57:41+00:00,betano,basketball,NBA,props_nba_20260521_145741.csv,New York Knicks Cleveland Cavaliers,new york knicks cleveland cavaliers,James Harden,james harden,Puntos (hitos),16+,0.0,1.37,player_points_hito,PTS,over,16,15.5,James Harden 16+ PTS,1,
e1cfa0fe333ac16f27f1dc3a1d89315fbcf61378,20260521_145741,2026-05-21T14:57:41-03:00,2026-05-21T17:57:41+00:00,betano,basketball,NBA,props_nba_20260521_145741.csv,New York Knicks Cleveland Cavaliers,new york knicks cleveland cavaliers,James Harden,james harden,Puntos (hitos),17+,0.0,1.5,player_points_hito,PTS,over,17,16.5,James Harden 17+ PTS,1,
d84f8c1ce37fc7770b30d2fb67c73376f066a526,20260521_145741,2026-05-21T14:57:41-03:00,2026-05-21T17:57:41+00:00,betano,basketball,NBA,props_nba_20260521_145741.csv,New York Knicks Cleveland Cavaliers,new york knicks cleveland cavaliers,James Harden,james harden,Puntos (hitos),18+,0.0,1.65,player_points_hito,PTS,over,18,17.5,James Harden 18+ PTS,1,
1934d9f888081a8aeffb0be1b849aa52ea286a08,20260521_145741,2026-05-21T14:57:41-03:00,2026-05-21T17:57:41+00:00,betano,basketball,NBA,props_nba_20260521_145741.csv,New York Knicks Cleveland Cavaliers,new york knicks cleveland cavaliers,James Harden,james harden,Puntos (hitos),19+,0.0,1.83,player_points_hito,PTS,over,19,18.5,James Harden 19+ PTS,1,
f1d6aa0b89c38d9cec13784d1d08380c44aa5bb9,20260521_145741,2026-05-21T14:57:41-03:00,2026-05-21T17:57:41+00:00,betano,basketball,NBA,props_nba_20260521_145741.csv,New York Knicks Cleveland Cavaliers,new york knicks cleveland cavaliers,James Harden,james harden,Puntos (hitos),20+,0.0,2.05,player_points_hito,PTS,over,20,19.5,James Harden 20+ PTS,1,
8b0caa39dd83110b97a4a30aacaa45e1499865bc,20260521_145741,2026-05-21T14:57:41-03:00,2026-05-21T17:57:41+00:00,betano,basketball,NBA,props_nba_20260521_145741.csv,New York Knicks Cleveland Cavaliers,new york knicks cleveland cavaliers,James Harden,james harden,Puntos (hitos),21+,0.0,2.32,player_points_hito,PTS,over,21,20.5,James Harden 21+ PTS,1,
5eb390573fb707449747f13d05bf4bac6b80acef,20260521_145741,2026-05-21T14:57:41-03:00,2026-05-21T17:57:41+00:00,betano,basketball,NBA,props_nba_20260521_145741.csv,New York Knicks Cleveland Cavaliers,new york knicks cleveland cavaliers,James Harden,james harden,Puntos (hitos),22+,0.0,2.65,player_points_hito,PTS,over,22,21.5,James Harden 22+ PTS,1,
c0e33d9549f8a57ddda353ff252de0a06e8b8a51,20260521_145741,2026-05-21T14:57:41-03:00,2026-05-21T17:57:41+00:00,betano,basketball,NBA,props_nba_20260521_145741.csv,New York Knicks Cleveland Cavaliers,new york knicks cleveland cavaliers,James Harden,james harden,Puntos (hitos),23+,0.0,3,player_points_hito,PTS,over,23,22.5,James Harden 23+ PTS,1,
938171ebde0ca1743ed00427190f2a168b9e6d95,20260521_145741,2026-05-21T14:57:41-03:00,2026-05-21T17:57:41+00:00,betano,basketball,NBA,props_nba_20260521_145741.csv,New York Knicks Cleveland Cavaliers,new york knicks cleveland cavaliers,James Harden,james harden,Puntos (hitos),24+,0.0,3.5,player_points_hito,PTS,over,24,23.5,James Harden 24+ PTS,1,
8e8cd58e5d3e72bd6d7d91d76b7c9ecc9d96cbd3,20260521_145741,2026-05-21T14:57:41-03:00,2026-05-21T17:57:41+00:00,betano,basketball,NBA,props_nba_20260521_145741.csv,New York Knicks Cleveland Cavaliers,new york knicks cleveland cavaliers,Karl-Anthony Towns,karl anthony towns,Puntos (hitos),15+,0.0,1.44,player_points_hito,PTS,over,15,14.5,Karl-Anthony Towns 15+ PTS,1,
a844d413cbafc3c3b40914cd5d71ef0342210997,20260521_145741,2026-05-21T14:57:41-03:00,2026-05-21T17:57:41+00:00,betano,basketball,NBA,props_nba_20260521_145741.csv,New York Knicks Cleveland Cavaliers,new york knicks cleveland cavaliers,Karl-Anthony Towns,karl anthony towns,Puntos (hitos),16+,0.0,1.57,player_points_hito,PTS,over,16,15.5,Karl-Anthony Towns 16+ PTS,1,
4163e7fd7180ca68c96a19ad38abb288b353716f,20260521_145741,2026-05-21T14:57:41-03:00,2026-05-21T17:57:41+00:00,betano,basketball,NBA,props_nba_20260521_145741.csv,New York Knicks Cleveland Cavaliers,new york knicks cleveland cavaliers,Karl-Anthony Towns,karl anthony towns,Puntos (hitos),17+,0.0,1.75,player_points_hito,PTS,over,17,16.5,Karl-Anthony Towns 17+ PTS,1,
4cf8d68fe8fad05473cae791ff5a180c313109d3,20260521_145741,2026-05-21T14:57:41-03:00,2026-05-21T17:57:41+00:00,betano,basketball,NBA,props_nba_20260521_145741.csv,New York Knicks Cleveland Cavaliers,new york knicks cleveland cavaliers,Karl-Anthony Towns,karl anthony towns,Puntos (hitos),18+,0.0,1.98,player_points_hito,PTS,over,18,17.5,Karl-Anthony Towns 18+ PTS,1,
79cade187c0e2215e66557dfbabcf0690053d0e0,20260521_145741,2026-05-21T14:57:41-03:00,2026-05-21T17:57:41+00:00,betano,basketball,NBA,props_nba_20260521_145741.csv,New York Knicks Cleveland Cavaliers,new york knicks cleveland cavaliers,Karl-Anthony Towns,karl anthony towns,Puntos (hitos),19+,0.0,2.27,player_points_hito,PTS,over,19,18.5,Karl-Anthony Towns 19+ PTS,1,
7b96f410a06bbe6eb002ec080a81e732d68e9432,20260521_145741,2026-05-21T14:57:41-03:00,2026-05-21T17:57:41+00:00,betano,basketball,NBA,props_nba_20260521_145741.csv,New York Knicks Cleveland Cavaliers,new york knicks cleveland cavaliers,Karl-Anthony Towns,karl anthony towns,Puntos (hitos),20+,0.0,2.62,player_points_hito,PTS,over,20,19.5,Karl-Anthony Towns 20+ PTS,1,
8454858d292ab0f89896078a23c8409267488bf8,20260521_145741,2026-05-21T14:57:41-03:00,2026-05-21T17:57:41+00:00,betano,basketball,NBA,props_nba_20260521_145741.csv,New York Knicks Cleveland Cavaliers,new york knicks cleveland cavaliers,Karl-Anthony Towns,karl anthony towns,Puntos (hitos),21+,0.0,3.05,player_points_hito,PTS,over,21,20.5,Karl-Anthony Towns 21+ PTS,1,
e934c42f8ec6dcbc4e35c0ed31b9d1a581790a46,20260521_145741,2026-05-21T14:57:41-03:00,2026-05-21T17:57:41+00:00,betano,basketball,NBA,props_nba_20260521_145741.csv,New York Knicks Cleveland Cavaliers,new york knicks cleveland cavaliers,Karl-Anthony Towns,karl anthony towns,Puntos (hitos),22+,0.0,3.6,player_points_hito,PTS,over,22,21.5,Karl-Anthony Towns 22+ PTS,1,
ceefb3ba7d50f27fc93ad9cba30305921224c36c,20260521_145741,2026-05-21T14:57:41-03:00,2026-05-21T17:57:41+00:00,betano,basketball,NBA,props_nba_20260521_145741.csv,New York Knicks Cleveland Cavaliers,new york knicks cleveland cavaliers,Karl-Anthony Towns,karl anthony towns,Puntos (hitos),23+,0.0,4.25,player_points_hito,PTS,over,23,22.5,Karl-Anthony Towns 23+ PTS,1,
a17f4cd1c56f27ce2b4a8dd3c5524c68831ccd09,20260521_145741,2026-05-21T14:57:41-03:00,2026-05-21T17:57:41+00:00,betano,basketball,NBA,props_nba_20260521_145741.csv,New York Knicks Cleveland Cavaliers,new york knicks cleveland cavaliers,Evan Mobley,evan mobley,Puntos (hitos),14+,0.0,1.47,player_points_hito,PTS,over,14,13.5,Evan Mobley 14+ PTS,1,
04378419b8462af271a951a248615edac70a9470,20260521_145741,2026-05-21T14:57:41-03:00,2026-05-21T17:57:41+00:00,betano,basketball,NBA,props_nba_20260521_145741.csv,New York Knicks Cleveland Cavaliers,new york knicks cleveland cavaliers,Evan Mobley,evan mobley,Puntos (hitos),16+,0.0,1.85,player_points_hito,PTS,over,16,15.5,Evan Mobley 16+ PTS,1,
2e9c00385744cf079e906e51d416a1f06c2d4ad4,20260521_145741,2026-05-21T14:57:41-03:00,2026-05-21T17:57:41+00:00,betano,basketball,NBA,props_nba_20260521_145741.csv,New York Knicks Cleveland Cavaliers,new york knicks cleveland cavaliers,Evan Mobley,evan mobley,Puntos (hitos),18+,0.0,2.45,player_points_hito,PTS,over,18,17.5,Evan Mobley 18+ PTS,1,
74b143da7dedabaee21e497578731fb05eb22c33,20260521_145741,2026-05-21T14:57:41-03:00,2026-05-21T17:57:41+00:00,betano,basketball,NBA,props_nba_20260521_145741.csv,New York Knicks Cleveland Cavaliers,new york knicks cleveland cavaliers,Evan Mobley,evan mobley,Puntos (hitos),20+,0.0,3.35,player_points_hito,PTS,over,20,19.5,Evan Mobley 20+ PTS,1,
491b89c656f8a10fb9c5f91e870d21a6745ce1a4,20260521_145741,2026-05-21T14:57:41-03:00,2026-05-21T17:57:41+00:00,betano,basketball,NBA,props_nba_20260521_145741.csv,New York Knicks Cleveland Cavaliers,new york knicks cleveland cavaliers,Evan Mobley,evan mobley,Puntos (hitos),22+,0.0,4.8,player_points_hito,PTS,over,22,21.5,Evan Mobley 22+ PTS,1,
2dfb142a2fbab880594dc31fbcc0468b1a8e0191,20260521_145741,2026-05-21T14:57:41-03:00,2026-05-21T17:57:41+00:00,betano,basketball,NBA,props_nba_20260521_145741.csv,New York Knicks Cleveland Cavaliers,new york knicks cleveland cavaliers,Evan Mobley,evan mobley,Puntos (hitos),24+,0.0,6.9,player_points_hito,PTS,over,24,23.5,Evan Mobley 24+ PTS,1,
b4ee0a361cd17436071d2f4c68142e80963841f5,20260521_145741,2026-05-21T14:57:41-03:00,2026-05-21T17:57:41+00:00,betano,basketball,NBA,props_nba_20260521_145741.csv,New York Knicks Cleveland Cavaliers,new york knicks cleveland cavaliers,Evan Mobley,evan mobley,Puntos (hitos),26+,0.0,9.5,player_points_hito,PTS,over,26,25.5,Evan Mobley 26+ PTS,1,
55d233193cd96e491aa85675c00c2232d953a748,20260521_145741,2026-05-21T14:57:41-03:00,2026-05-21T17:57:41+00:00,betano,basketball,NBA,props_nba_20260521_145741.csv,New York Knicks Cleveland Cavaliers,new york knicks cleveland cavaliers,Evan Mobley,evan mobley,Puntos (hitos),28+,0.0,12.5,player_points_hito,PTS,over,28,27.5,Evan Mobley 28+ PTS,1,
1ce877e9d16fb6b12094e634a25a3b6acd4c9227,20260521_145741,2026-05-21T14:57:41-03:00,2026-05-21T17:57:41+00:00,betano,basketball,NBA,props_nba_20260521_145741.csv,New York Knicks Cleveland Cavaliers,new york knicks cleveland cavaliers,Evan Mobley,evan mobley,Puntos (hitos),30+,0.0,15.5,player_points_hito,PTS,over,30,29.5,Evan Mobley 30+ PTS,1,
f458a00ee5e46bc204d8650e917f742ec7560cca,20260521_145741,2026-05-21T14:57:41-03:00,2026-05-21T17:57:41+00:00,betano,basketball,NBA,props_nba_20260521_145741.csv,New York Knicks Cleveland Cavaliers,new york knicks cleveland cavaliers,OG Anunoby,og anunoby,Puntos (hitos),12+,0.0,1.3,player_points_hito,PTS,over,12,11.5,OG Anunoby 12+ PTS,1,
0249045de1590c8209a7d34fddb4a4cad9752dbc,20260521_145741,2026-05-21T14:57:41-03:00,2026-05-21T17:57:41+00:00,betano,basketball,NBA,props_nba_20260521_145741.csv,New York Knicks Cleveland Cavaliers,new york knicks cleveland cavaliers,OG Anunoby,og anunoby,Puntos (hitos),13+,0.0,1.42,player_points_hito,PTS,over,13,12.5,OG Anunoby 13+ PTS,1,
a3b09dc743d78f4be2976a459db6b8faecb5c31d,20260521_145741,2026-05-21T14:57:41-03:00,2026-05-21T17:57:41+00:00,betano,basketball,NBA,props_nba_20260521_145741.csv,New York Knicks Cleveland Cavaliers,new york knicks cleveland cavaliers,OG Anunoby,og anunoby,Puntos (hitos),14+,0.0,1.57,player_points_hito,PTS,over,14,13.5,OG Anunoby 14+ PTS,1,
80b24932da4f045bfc8007906a1a797eb957c2da,20260521_145741,2026-05-21T14:57:41-03:00,2026-05-21T17:57:41+00:00,betano,basketball,NBA,props_nba_20260521_145741.csv,New York Knicks Cleveland Cavaliers,new york knicks cleveland cavaliers,OG Anunoby,og anunoby,Puntos (hitos),15+,0.0,1.75,player_points_hito,PTS,over,15,14.5,OG Anunoby 15+ PTS,1,
37eb229f9f118a3053b6786893e0e58b82c98f24,20260521_145741,2026-05-21T14:57:41-03:00,2026-05-21T17:57:41+00:00,betano,basketball,NBA,props_nba_20260521_145741.csv,New York Knicks Cleveland Cavaliers,new york knicks cleveland cavaliers,OG Anunoby,og anunoby,Puntos (hitos),16+,0.0,1.98,player_points_hito,PTS,over,16,15.5,OG Anunoby 16+ PTS,1,
ee2c146a3a53402d43b687dc3ba1c719c5a68dac,20260521_145741,2026-05-21T14:57:41-03:00,2026-05-21T17:57:41+00:00,betano,basketball,NBA,props_nba_20260521_145741.csv,New York Knicks Cleveland Cavaliers,new york knicks cleveland cavaliers,OG Anunoby,og anunoby,Puntos (hitos),17+,0.0,2.27,player_points_hito,PTS,over,17,16.5,OG Anunoby 17+ PTS,1,
9051c8cd22c3c28dc218c4cca87ad6143d5cabe2,20260521_145741,2026-05-21T14:57:41-03:00,2026-05-21T17:57:41+00:00,betano,basketball,NBA,props_nba_20260521_145741.csv,New York Knicks Cleveland Cavaliers,new york knicks cleveland cavaliers,OG Anunoby,og anunoby,Puntos (hitos),18+,0.0,2.65,player_points_hito,PTS,over,18,17.5,OG Anunoby 18+ PTS,1,
3898e4e7c365114faf2785cb92a5124f36a1d636,20260521_145741,2026-05-21T14:57:41-03:00,2026-05-21T17:57:41+00:00,betano,basketball,NBA,props_nba_20260521_145741.csv,New York Knicks Cleveland Cavaliers,new york knicks cleveland cavaliers,OG Anunoby,og anunoby,Puntos (hitos),19+,0.0,3.1,player_points_hito,PTS,over,19,18.5,OG Anunoby 19+ PTS,1,
b803569495945052dd64cee3669250b5ee557c5c,20260521_145741,2026-05-21T14:57:41-03:00,2026-05-21T17:57:41+00:00,betano,basketball,NBA,props_nba_20260521_145741.csv,New York Knicks Cleveland Cavaliers,new york knicks cleveland cavaliers,OG Anunoby,og anunoby,Puntos (hitos),20+,0.0,3.65,player_points_hito,PTS,over,20,19.5,OG Anunoby 20+ PTS,1,
696a89c165a0c4a664c9410dc6a1b7b717a4bad8,20260521_145741,2026-05-21T14:57:41-03:00,2026-05-21T17:57:41+00:00,betano,basketball,NBA,props_nba_20260521_145741.csv,New York Knicks Cleveland Cavaliers,new york knicks cleveland cavaliers,Mikal Bridges,mikal bridges,Puntos (hitos),12+,0.0,1.5,player_points_hito,PTS,over,12,11.5,Mikal Bridges 12+ PTS,1,
984053da19f037507d53b3eb0349e78ff55055cf,20260521_145741,2026-05-21T14:57:41-03:00,2026-05-21T17:57:41+00:00,betano,basketball,NBA,props_nba_20260521_145741.csv,New York Knicks Cleveland Cavaliers,new york knicks cleveland cavaliers,Mikal Bridges,mikal bridges,Puntos (hitos),14+,0.0,1.93,player_points_hito,PTS,over,14,13.5,Mikal Bridges 14+ PTS,1,
5f08a298b8acb37e3d22bce10eff465cad7d19d5,20260521_145741,2026-05-21T14:57:41-03:00,2026-05-21T17:57:41+00:00,betano,basketball,NBA,props_nba_20260521_145741.csv,New York Knicks Cleveland Cavaliers,new york knicks cleveland cavaliers,Mikal Bridges,mikal bridges,Puntos (hitos),16+,0.0,2.6,player_points_hito,PTS,over,16,15.5,Mikal Bridges 16+ PTS,1,
1b83015e6d2cdd0d594e9e92fb76644320706393,20260521_145741,2026-05-21T14:57:41-03:00,2026-05-21T17:57:41+00:00,betano,basketball,NBA,props_nba_20260521_145741.csv,New York Knicks Cleveland Cavaliers,new york knicks cleveland cavaliers,Mikal Bridges,mikal bridges,Puntos (hitos),18+,0.0,3.7,player_points_hito,PTS,over,18,17.5,Mikal Bridges 18+ PTS,1,
9d74b862d289a2154108707c0ca61b971345130e,20260521_145741,2026-05-21T14:57:41-03:00,2026-05-21T17:57:41+00:00,betano,basketball,NBA,props_nba_20260521_145741.csv,New York Knicks Cleveland Cavaliers,new york knicks cleveland cavaliers,Mikal Bridges,mikal bridges,Puntos (hitos),20+,0.0,5.3,player_points_hito,PTS,over,20,19.5,Mikal Bridges 20+ PTS,1,
bea669f42473df30fa1b7177811b919d2f1822e1,20260521_145741,2026-05-21T14:57:41-03:00,2026-05-21T17:57:41+00:00,betano,basketball,NBA,props_nba_20260521_145741.csv,New York Knicks Cleveland Cavaliers,new york knicks cleveland cavaliers,Mikal Bridges,mikal bridges,Puntos (hitos),22+,0.0,7.7,player_points_hito,PTS,over,22,21.5,Mikal Bridges 22+ PTS,1,
0a7e1bf06a375de5bc09e5f657c322aa8ecad3cd,20260521_145741,2026-05-21T14:57:41-03:00,2026-05-21T17:57:41+00:00,betano,basketball,NBA,props_nba_20260521_145741.csv,New York Knicks Cleveland Cavaliers,new york knicks cleveland cavaliers,Mikal Bridges,mikal bridges,Puntos (hitos),24+,0.0,10.75,player_points_hito,PTS,over,24,23.5,Mikal Bridges 24+ PTS,1,
02dd13e5bd67dcfc8bc9e5539ef5858ea2b43f8b,20260521_145741,2026-05-21T14:57:41-03:00,2026-05-21T17:57:41+00:00,betano,basketball,NBA,props_nba_20260521_145741.csv,New York Knicks Cleveland Cavaliers,new york knicks cleveland cavaliers,Mikal Bridges,mikal bridges,Puntos (hitos),26+,0.0,13.5,player_points_hito,PTS,over,26,25.5,Mikal Bridges 26+ PTS,1,
7000a8b4a74c4035dec9ecafa7cbaab8617a3fb9,20260521_145741,2026-05-21T14:57:41-03:00,2026-05-21T17:57:41+00:00,betano,basketball,NBA,props_nba_20260521_145741.csv,New York Knicks Cleveland Cavaliers,new york knicks cleveland cavaliers,Mikal Bridges,mikal bridges,Puntos (hitos),28+,0.0,16,player_points_hito,PTS,over,28,27.5,Mikal Bridges 28+ PTS,1,
d34e6dd0c4b621f28b14d94a88b98511f00d0839,20260521_145741,2026-05-21T14:57:41-03:00,2026-05-21T17:57:41+00:00,betano,basketball,NBA,props_nba_20260521_145741.csv,New York Knicks Cleveland Cavaliers,new york knicks cleveland cavaliers,Jarrett Allen,jarrett allen,Puntos (hitos),10+,0.0,1.35,player_points_hito,PTS,over,10,9.5,Jarrett Allen 10+ PTS,1,
10e44e66211b0e20a611b0bb13fed541649c0506,20260521_145741,2026-05-21T14:57:41-03:00,2026-05-21T17:57:41+00:00,betano,basketball,NBA,props_nba_20260521_145741.csv,New York Knicks Cleveland Cavaliers,new york knicks cleveland cavaliers,Jarrett Allen,jarrett allen,Puntos (hitos),11+,0.0,1.53,player_points_hito,PTS,over,11,10.5,Jarrett Allen 11+ PTS,1,
d6e48251cadc1c3cfad8489c33cfcf747921cad0,20260521_145741,2026-05-21T14:57:41-03:00,2026-05-21T17:57:41+00:00,betano,basketball,NBA,props_nba_20260521_145741.csv,New York Knicks Cleveland Cavaliers,new york knicks cleveland cavaliers,Jarrett Allen,jarrett allen,Puntos (hitos),12+,0.0,1.75,player_points_hito,PTS,over,12,11.5,Jarrett Allen 12+ PTS,1,
10d3ba2a297935d638b404be48cda4941bc7f4f5,20260521_145741,2026-05-21T14:57:41-03:00,2026-05-21T17:57:41+00:00,betano,basketball,NBA,props_nba_20260521_145741.csv,New York Knicks Cleveland Cavaliers,new york knicks cleveland cavaliers,Jarrett Allen,jarrett allen,Puntos (hitos),13+,0.0,2.07,player_points_hito,PTS,over,13,12.5,Jarrett Allen 13+ PTS,1,
6bdfedfb649d1a13e97e6d91bc578a5dea9393f1,20260521_145741,2026-05-21T14:57:41-03:00,2026-05-21T17:57:41+00:00,betano,basketball,NBA,props_nba_20260521_145741.csv,New York Knicks Cleveland Cavaliers,new york knicks cleveland cavaliers,Jarrett Allen,jarrett allen,Puntos (hitos),14+,0.0,2.42,player_points_hito,PTS,over,14,13.5,Jarrett Allen 14+ PTS,1,
48346a6ea2564cb4c9b64fce1c4574beaa3bd5a2,20260521_145741,2026-05-21T14:57:41-03:00,2026-05-21T17:57:41+00:00,betano,basketball,NBA,props_nba_20260521_145741.csv,New York Knicks Cleveland Cavaliers,new york knicks cleveland cavaliers,Jarrett Allen,jarrett allen,Puntos (hitos),15+,0.0,2.95,player_points_hito,PTS,over,15,14.5,Jarrett Allen 15+ PTS,1,
a5c106606a90fd6b2c14985bc009dfd69b022962,20260521_145741,2026-05-21T14:57:41-03:00,2026-05-21T17:57:41+00:00,betano,basketball,NBA,props_nba_20260521_145741.csv,New York Knicks Cleveland Cavaliers,new york knicks cleveland cavaliers,Jarrett Allen,jarrett allen,Puntos (hitos),16+,0.0,3.6,player_points_hito,PTS,over,16,15.5,Jarrett Allen 16+ PTS,1,
cda2f8e8b36af25797a21a481314d8413b55cca4,20260521_145741,2026-05-21T14:57:41-03:00,2026-05-21T17:57:41+00:00,betano,basketball,NBA,props_nba_20260521_145741.csv,New York Knicks Cleveland Cavaliers,new york knicks cleveland cavaliers,Jarrett Allen,jarrett allen,Puntos (hitos),17+,0.0,4.45,player_points_hito,PTS,over,17,16.5,Jarrett Allen 17+ PTS,1,
a69d976391720911d0f82ae3b29329ca7daba45e,20260521_145741,2026-05-21T14:57:41-03:00,2026-05-21T17:57:41+00:00,betano,basketball,NBA,props_nba_20260521_145741.csv,New York Knicks Cleveland Cavaliers,new york knicks cleveland cavaliers,Jarrett Allen,jarrett allen,Puntos (hitos),18+,0.0,5.5,player_points_hito,PTS,over,18,17.5,Jarrett Allen 18+ PTS,1,
dde7e5953b51ac1d0e553dafc0f9337ab883fa3b,20260521_145741,2026-05-21T14:57:41-03:00,2026-05-21T17:57:41+00:00,betano,basketball,NBA,props_nba_20260521_145741.csv,New York Knicks Cleveland Cavaliers,new york knicks cleveland cavaliers,Josh Hart,josh hart,Puntos (hitos),10+,0.0,1.45,player_points_hito,PTS,over,10,9.5,Josh Hart 10+ PTS,1,
a442d246827e600a68a7b420c2f92ad7f16867dd,20260521_145741,2026-05-21T14:57:41-03:00,2026-05-21T17:57:41+00:00,betano,basketball,NBA,props_nba_20260521_145741.csv,New York Knicks Cleveland Cavaliers,new york knicks cleveland cavaliers,Josh Hart,josh hart,Puntos (hitos),11+,0.0,1.62,player_points_hito,PTS,over,11,10.5,Josh Hart 11+ PTS,1,
bd5114431a9e334c05ab26317035631fc41e3bb5,20260521_145741,2026-05-21T14:57:41-03:00,2026-05-21T17:57:41+00:00,betano,basketball,NBA,props_nba_20260521_145741.csv,New York Knicks Cleveland Cavaliers,new york knicks cleveland cavaliers,Josh Hart,josh hart,Puntos (hitos),12+,0.0,1.85,player_points_hito,PTS,over,12,11.5,Josh Hart 12+ PTS,1,
ff6d6f8b460e42a8831a69aa4474de658a8bef66,20260521_145741,2026-05-21T14:57:41-03:00,2026-05-21T17:57:41+00:00,betano,basketball,NBA,props_nba_20260521_145741.csv,New York Knicks Cleveland Cavaliers,new york knicks cleveland cavaliers,Josh Hart,josh hart,Puntos (hitos),13+,0.0,2.15,player_points_hito,PTS,over,13,12.5,Josh Hart 13+ PTS,1,
86059c1588d3794b33b04d1df02eb44aac0bf6cc,20260521_145741,2026-05-21T14:57:41-03:00,2026-05-21T17:57:41+00:00,betano,basketball,NBA,props_nba_20260521_145741.csv,New York Knicks Cleveland Cavaliers,new york knicks cleveland cavaliers,Josh Hart,josh hart,Puntos (hitos),14+,0.0,2.52,player_points_hito,PTS,over,14,13.5,Josh Hart 14+ PTS,1,
145cd0d576ef5ece23a303f51d2c0a540ce92ffd,20260521_145741,2026-05-21T14:57:41-03:00,2026-05-21T17:57:41+00:00,betano,basketball,NBA,props_nba_20260521_145741.csv,New York Knicks Cleveland Cavaliers,new york knicks cleveland cavaliers,Josh Hart,josh hart,Puntos (hitos),15+,0.0,3,player_points_hito,PTS,over,15,14.5,Josh Hart 15+ PTS,1,
25591e43d954bdd9d9b44aa9b6fd1e5d206193c3,20260521_145741,2026-05-21T14:57:41-03:00,2026-05-21T17:57:41+00:00,betano,basketball,NBA,props_nba_20260521_145741.csv,New York Knicks Cleveland Cavaliers,new york knicks cleveland cavaliers,Josh Hart,josh hart,Puntos (hitos),16+,0.0,3.65,player_points_hito,PTS,over,16,15.5,Josh Hart 16+ PTS,1,
7502a68e563a3689c6c7f243c5c6752fb4eb26c3,20260521_145741,2026-05-21T14:57:41-03:00,2026-05-21T17:57:41+00:00,betano,basketball,NBA,props_nba_20260521_145741.csv,New York Knicks Cleveland Cavaliers,new york knicks cleveland cavaliers,Josh Hart,josh hart,Puntos (hitos),17+,0.0,4.4,player_points_hito,PTS,over,17,16.5,Josh Hart 17+ PTS,1,
005672b46048c5935ab57eb407cf081c7618c05a,20260521_145741,2026-05-21T14:57:41-03:00,2026-05-21T17:57:41+00:00,betano,basketball,NBA,props_nba_20260521_145741.csv,New York Knicks Cleveland Cavaliers,new york knicks cleveland cavaliers,Josh Hart,josh hart,Puntos (hitos),18+,0.0,5.4,player_points_hito,PTS,over,18,17.5,Josh Hart 18+ PTS,1,
efebe8fba1d8fbaa99f72fa526aca72bdecad923,20260521_145741,2026-05-21T14:57:41-03:00,2026-05-21T17:57:41+00:00,betano,basketball,NBA,props_nba_20260521_145741.csv,New York Knicks Cleveland Cavaliers,new york knicks cleveland cavaliers,Max Strus,max strus,Puntos (hitos),8+,0.0,1.7,player_points_hito,PTS,over,8,7.5,Max Strus 8+ PTS,1,
95f32700a670b720dffa3b162542280dcd1bc1e9,20260521_145741,2026-05-21T14:57:41-03:00,2026-05-21T17:57:41+00:00,betano,basketball,NBA,props_nba_20260521_145741.csv,New York Knicks Cleveland Cavaliers,new york knicks cleveland cavaliers,Max Strus,max strus,Puntos (hitos),9+,0.0,1.95,player_points_hito,PTS,over,9,8.5,Max Strus 9+ PTS,1,
e6797a15b8a7070a349b7e1bb921edce53b0944e,20260521_145741,2026-05-21T14:57:41-03:00,2026-05-21T17:57:41+00:00,betano,basketball,NBA,props_nba_20260521_145741.csv,New York Knicks Cleveland Cavaliers,new york knicks cleveland cavaliers,Max Strus,max strus,Puntos (hitos),10+,0.0,2.45,player_points_hito,PTS,over,10,9.5,Max Strus 10+ PTS,1,
217a1be11f1f85987e4df297aabbfb794d2a534d,20260521_145741,2026-05-21T14:57:41-03:00,2026-05-21T17:57:41+00:00,betano,basketball,NBA,props_nba_20260521_145741.csv,New York Knicks Cleveland Cavaliers,new york knicks cleveland cavaliers,Max Strus,max strus,Puntos (hitos),11+,0.0,2.77,player_points_hito,PTS,over,11,10.5,Max Strus 11+ PTS,1,
880a4016e861a81d06b0e23bd7938d90fea93d54,20260521_145741,2026-05-21T14:57:41-03:00,2026-05-21T17:57:41+00:00,betano,basketball,NBA,props_nba_20260521_145741.csv,New York Knicks Cleveland Cavaliers,new york knicks cleveland cavaliers,Max Strus,max strus,Puntos (hitos),12+,0.0,3.3,player_points_hito,PTS,over,12,11.5,Max Strus 12+ PTS,1,
ed327f91356842c0c54676c280559c5dc75892f8,20260521_145741,2026-05-21T14:57:41-03:00,2026-05-21T17:57:41+00:00,betano,basketball,NBA,props_nba_20260521_145741.csv,New York Knicks Cleveland Cavaliers,new york knicks cleveland cavaliers,Max Strus,max strus,Puntos (hitos),13+,0.0,4.35,player_points_hito,PTS,over,13,12.5,Max Strus 13+ PTS,1,
f1d15afe89e75ccfa0374ab7a1267fe67797f99c,20260521_145741,2026-05-21T14:57:41-03:00,2026-05-21T17:57:41+00:00,betano,basketball,NBA,props_nba_20260521_145741.csv,New York Knicks Cleveland Cavaliers,new york knicks cleveland cavaliers,Max Strus,max strus,Puntos (hitos),14+,0.0,5.2,player_points_hito,PTS,over,14,13.5,Max Strus 14+ PTS,1,
725ae992c7ee04047a218d3752ab5f654c5e3670,20260521_145741,2026-05-21T14:57:41-03:00,2026-05-21T17:57:41+00:00,betano,basketball,NBA,props_nba_20260521_145741.csv,New York Knicks Cleveland Cavaliers,new york knicks cleveland cavaliers,Max Strus,max strus,Puntos (hitos),15+,0.0,6.2,player_points_hito,PTS,over,15,14.5,Max Strus 15+ PTS,1,
d4db9e9cd95c515aeb17b71125107520cad5cca2,20260521_145741,2026-05-21T14:57:41-03:00,2026-05-21T17:57:41+00:00,betano,basketball,NBA,props_nba_20260521_145741.csv,New York Knicks Cleveland Cavaliers,new york knicks cleveland cavaliers,Sam Merrill,sam merrill,Puntos (hitos),7+,0.0,1.5,player_points_hito,PTS,over,7,6.5,Sam Merrill 7+ PTS,1,
9769e5c85c74180f7bda722e26a70f32c3cab16e,20260521_145741,2026-05-21T14:57:41-03:00,2026-05-21T17:57:41+00:00,betano,basketball,NBA,props_nba_20260521_145741.csv,New York Knicks Cleveland Cavaliers,new york knicks cleveland cavaliers,Sam Merrill,sam merrill,Puntos (hitos),8+,0.0,1.65,player_points_hito,PTS,over,8,7.5,Sam Merrill 8+ PTS,1,
0238b7d47db595b181f2f274dc78efbe1324c328,20260521_145741,2026-05-21T14:57:41-03:00,2026-05-21T17:57:41+00:00,betano,basketball,NBA,props_nba_20260521_145741.csv,New York Knicks Cleveland Cavaliers,new york knicks cleveland cavaliers,Sam Merrill,sam merrill,Puntos (hitos),9+,0.0,1.91,player_points_hito,PTS,over,9,8.5,Sam Merrill 9+ PTS,1,
0e7ed707c8dbf6701b93a23f4d1464287f114f02,20260521_145741,2026-05-21T14:57:41-03:00,2026-05-21T17:57:41+00:00,betano,basketball,NBA,props_nba_20260521_145741.csv,New York Knicks Cleveland Cavaliers,new york knicks cleveland cavaliers,Sam Merrill,sam merrill,Puntos (hitos),10+,0.0,2.35,player_points_hito,PTS,over,10,9.5,Sam Merrill 10+ PTS,1,
ea6e9717c2ea67810b8ed5ad6ddcbf90f32cc1d9,20260521_145741,2026-05-21T14:57:41-03:00,2026-05-21T17:57:41+00:00,betano,basketball,NBA,props_nba_20260521_145741.csv,New York Knicks Cleveland Cavaliers,new york knicks cleveland cavaliers,Sam Merrill,sam merrill,Puntos (hitos),11+,0.0,2.7,player_points_hito,PTS,over,11,10.5,Sam Merrill 11+ PTS,1,
0ce4694b7655b76f5ccf9eff18adcbccecc3642a,20260521_145741,2026-05-21T14:57:41-03:00,2026-05-21T17:57:41+00:00,betano,basketball,NBA,props_nba_20260521_145741.csv,New York Knicks Cleveland Cavaliers,new york knicks cleveland cavaliers,Sam Merrill,sam merrill,Puntos (hitos),12+,0.0,3.2,player_points_hito,PTS,over,12,11.5,Sam Merrill 12+ PTS,1,
1611efeaddac6ac063b4568594fc76c5a811eb52,20260521_145741,2026-05-21T14:57:41-03:00,2026-05-21T17:57:41+00:00,betano,basketball,NBA,props_nba_20260521_145741.csv,New York Knicks Cleveland Cavaliers,new york knicks cleveland cavaliers,Sam Merrill,sam merrill,Puntos (hitos),13+,0.0,3.9,player_points_hito,PTS,over,13,12.5,Sam Merrill 13+ PTS,1,
afe48d25b9def9c04678440852b63382d8a7ee43,20260521_145741,2026-05-21T14:57:41-03:00,2026-05-21T17:57:41+00:00,betano,basketball,NBA,props_nba_20260521_145741.csv,New York Knicks Cleveland Cavaliers,new york knicks cleveland cavaliers,Sam Merrill,sam merrill,Puntos (hitos),14+,0.0,4.55,player_points_hito,PTS,over,14,13.5,Sam Merrill 14+ PTS,1,
8f6eb76a8bab20d2c22f77a110d4c001bb0b32b7,20260521_145741,2026-05-21T14:57:41-03:00,2026-05-21T17:57:41+00:00,betano,basketball,NBA,props_nba_20260521_145741.csv,New York Knicks Cleveland Cavaliers,new york knicks cleveland cavaliers,Dennis Schroder,dennis schroder,Puntos (hitos),5+,0.0,1.42,player_points_hito,PTS,over,5,4.5,Dennis Schroder 5+ PTS,1,
93eaf1cb888a9b96f683bbe4ab340fa3c127f3be,20260521_145741,2026-05-21T14:57:41-03:00,2026-05-21T17:57:41+00:00,betano,basketball,NBA,props_nba_20260521_145741.csv,New York Knicks Cleveland Cavaliers,new york knicks cleveland cavaliers,Dennis Schroder,dennis schroder,Puntos (hitos),6+,0.0,1.7,player_points_hito,PTS,over,6,5.5,Dennis Schroder 6+ PTS,1,
a760dcce10ccd6641cc76a31f106b51adbfe30b0,20260521_145741,2026-05-21T14:57:41-03:00,2026-05-21T17:57:41+00:00,betano,basketball,NBA,props_nba_20260521_145741.csv,New York Knicks Cleveland Cavaliers,new york knicks cleveland cavaliers,Dennis Schroder,dennis schroder,Puntos (hitos),7+,0.0,2.07,player_points_hito,PTS,over,7,6.5,Dennis Schroder 7+ PTS,1,
e17b1a6d9fb8995017e5862c6c37320e0b0b0874,20260521_145741,2026-05-21T14:57:41-03:00,2026-05-21T17:57:41+00:00,betano,basketball,NBA,props_nba_20260521_145741.csv,New York Knicks Cleveland Cavaliers,new york knicks cleveland cavaliers,Dennis Schroder,dennis schroder,Puntos (hitos),8+,0.0,2.55,player_points_hito,PTS,over,8,7.5,Dennis Schroder 8+ PTS,1,
d9147e15f256b31fac3fe19198a2d35ed0170a56,20260521_145741,2026-05-21T14:57:41-03:00,2026-05-21T17:57:41+00:00,betano,basketball,NBA,props_nba_20260521_145741.csv,New York Knicks Cleveland Cavaliers,new york knicks cleveland cavaliers,Dennis Schroder,dennis schroder,Puntos (hitos),9+,0.0,3.2,player_points_hito,PTS,over,9,8.5,Dennis Schroder 9+ PTS,1,
a8479f83743c4fbba8f7b4d281b050621e7053f5,20260521_145741,2026-05-21T14:57:41-03:00,2026-05-21T17:57:41+00:00,betano,basketball,NBA,props_nba_20260521_145741.csv,New York Knicks Cleveland Cavaliers,new york knicks cleveland cavaliers,Dennis Schroder,dennis schroder,Puntos (hitos),10+,0.0,3.95,player_points_hito,PTS,over,10,9.5,Dennis Schroder 10+ PTS,1,
c7be224b7cb00a0532bb69f2e067f669761aea38,20260521_145741,2026-05-21T14:57:41-03:00,2026-05-21T17:57:41+00:00,betano,basketball,NBA,props_nba_20260521_145741.csv,New York Knicks Cleveland Cavaliers,new york knicks cleveland cavaliers,Landry Shamet,landry shamet,Puntos (hitos),5+,0.0,1.44,player_points_hito,PTS,over,5,4.5,Landry Shamet 5+ PTS,1,
34ca29568575efb51161c1da718a4dd08aff9f90,20260521_145741,2026-05-21T14:57:41-03:00,2026-05-21T17:57:41+00:00,betano,basketball,NBA,props_nba_20260521_145741.csv,New York Knicks Cleveland Cavaliers,new york knicks cleveland cavaliers,Landry Shamet,landry shamet,Puntos (hitos),6+,0.0,1.67,player_points_hito,PTS,over,6,5.5,Landry Shamet 6+ PTS,1,
cbb62421dd8533b0905f9dd7610d548858bb6bb6,20260521_145741,2026-05-21T14:57:41-03:00,2026-05-21T17:57:41+00:00,betano,basketball,NBA,props_nba_20260521_145741.csv,New York Knicks Cleveland Cavaliers,new york knicks cleveland cavaliers,Landry Shamet,landry shamet,Puntos (hitos),7+,0.0,2.15,player_points_hito,PTS,over,7,6.5,Landry Shamet 7+ PTS,1,
87d45838447dc3c34eb7defd33d0d9ea5d2f02e5,20260521_145741,2026-05-21T14:57:41-03:00,2026-05-21T17:57:41+00:00,betano,basketball,NBA,props_nba_20260521_145741.csv,New York Knicks Cleveland Cavaliers,new york knicks cleveland cavaliers,Landry Shamet,landry shamet,Puntos (hitos),8+,0.0,2.42,player_points_hito,PTS,over,8,7.5,Landry Shamet 8+ PTS,1,
3621f1c0f564d5f902992d7dcb7c139661a2aae0,20260521_145741,2026-05-21T14:57:41-03:00,2026-05-21T17:57:41+00:00,betano,basketball,NBA,props_nba_20260521_145741.csv,New York Knicks Cleveland Cavaliers,new york knicks cleveland cavaliers,Landry Shamet,landry shamet,Puntos (hitos),9+,0.0,2.92,player_points_hito,PTS,over,9,8.5,Landry Shamet 9+ PTS,1,
587c4ae7c99cd1ec510f41c303b5b0701e25a6c5,20260521_145741,2026-05-21T14:57:41-03:00,2026-05-21T17:57:41+00:00,betano,basketball,NBA,props_nba_20260521_145741.csv,New York Knicks Cleveland Cavaliers,new york knicks cleveland cavaliers,Landry Shamet,landry shamet,Puntos (hitos),10+,0.0,3.65,player_points_hito,PTS,over,10,9.5,Landry Shamet 10+ PTS,1,
6c82dc804d02514ce1fb9614cf6a9623f733aa10,20260521_145741,2026-05-21T14:57:41-03:00,2026-05-21T17:57:41+00:00,betano,basketball,NBA,props_nba_20260521_145741.csv,New York Knicks Cleveland Cavaliers,new york knicks cleveland cavaliers,Miles McBride,miles mcbride,Puntos (hitos),5+,0.0,1.57,player_points_hito,PTS,over,5,4.5,Miles McBride 5+ PTS,1,
16b99a3cf8152d34d47015dc5b0803231d091016,20260521_145741,2026-05-21T14:57:41-03:00,2026-05-21T17:57:41+00:00,betano,basketball,NBA,props_nba_20260521_145741.csv,New York Knicks Cleveland Cavaliers,new york knicks cleveland cavaliers,Miles McBride,miles mcbride,Puntos (hitos),6+,0.0,1.91,player_points_hito,PTS,over,6,5.5,Miles McBride 6+ PTS,1,
ac226cc28744df05908f53f2ae14612d29618ecd,20260521_145741,2026-05-21T14:57:41-03:00,2026-05-21T17:57:41+00:00,betano,basketball,NBA,props_nba_20260521_145741.csv,New York Knicks Cleveland Cavaliers,new york knicks cleveland cavaliers,Miles McBride,miles mcbride,Puntos (hitos),7+,0.0,2.47,player_points_hito,PTS,over,7,6.5,Miles McBride 7+ PTS,1,
eefefc5f70c5dc900f8d8b1a6f69365a48b07d95,20260521_145741,2026-05-21T14:57:41-03:00,2026-05-21T17:57:41+00:00,betano,basketball,NBA,props_nba_20260521_145741.csv,New York Knicks Cleveland Cavaliers,new york knicks cleveland cavaliers,Miles McBride,miles mcbride,Puntos (hitos),8+,0.0,2.95,player_points_hito,PTS,over,8,7.5,Miles McBride 8+ PTS,1,
1f9905f7dba01d2cb879ae167bd5b3aec06639b1,20260521_145741,2026-05-21T14:57:41-03:00,2026-05-21T17:57:41+00:00,betano,basketball,NBA,props_nba_20260521_145741.csv,New York Knicks Cleveland Cavaliers,new york knicks cleveland cavaliers,Miles McBride,miles mcbride,Puntos (hitos),9+,0.0,3.75,player_points_hito,PTS,over,9,8.5,Miles McBride 9+ PTS,1,
807d23de791357d58dd3da5290bddd8d05abd425,20260521_145741,2026-05-21T14:57:41-03:00,2026-05-21T17:57:41+00:00,betano,basketball,NBA,props_nba_20260521_145741.csv,New York Knicks Cleveland Cavaliers,new york knicks cleveland cavaliers,Miles McBride,miles mcbride,Puntos (hitos),10+,0.0,5,player_points_hito,PTS,over,10,9.5,Miles McBride 10+ PTS,1,
9de1f0fcd97cde234e9f75eb9f0f3f03a4ed1c7e,20260521_145741,2026-05-21T14:57:41-03:00,2026-05-21T17:57:41+00:00,betano,basketball,NBA,props_nba_20260521_145741.csv,New York Knicks Cleveland Cavaliers,new york knicks cleveland cavaliers,Jordan Clarkson,jordan clarkson,Puntos (hitos),4+,0.0,1.44,player_points_hito,PTS,over,4,3.5,Jordan Clarkson 4+ PTS,1,
472bd6b2ef8117a11b99604070b57ad15316d378,20260521_145741,2026-05-21T14:57:41-03:00,2026-05-21T17:57:41+00:00,betano,basketball,NBA,props_nba_20260521_145741.csv,New York Knicks Cleveland Cavaliers,new york knicks cleveland cavaliers,Jordan Clarkson,jordan clarkson,Puntos (hitos),5+,0.0,1.82,player_points_hito,PTS,over,5,4.5,Jordan Clarkson 5+ PTS,1,
39b55b31b2e500051f77ed9a8646f55c057f91d6,20260521_145741,2026-05-21T14:57:41-03:00,2026-05-21T17:57:41+00:00,betano,basketball,NBA,props_nba_20260521_145741.csv,New York Knicks Cleveland Cavaliers,new york knicks cleveland cavaliers,Jordan Clarkson,jordan clarkson,Puntos (hitos),6+,0.0,2.22,player_points_hito,PTS,over,6,5.5,Jordan Clarkson 6+ PTS,1,
77ad50050cdac9ebd7eccbecd39d3bbe71dd5f53,20260521_145741,2026-05-21T14:57:41-03:00,2026-05-21T17:57:41+00:00,betano,basketball,NBA,props_nba_20260521_145741.csv,New York Knicks Cleveland Cavaliers,new york knicks cleveland cavaliers,Jordan Clarkson,jordan clarkson,Puntos (hitos),7+,0.0,2.92,player_points_hito,PTS,over,7,6.5,Jordan Clarkson 7+ PTS,1,
45cb926d957fe7588c21c0bc39bbcae3f9ce4dd5,20260521_145741,2026-05-21T14:57:41-03:00,2026-05-21T17:57:41+00:00,betano,basketball,NBA,props_nba_20260521_145741.csv,New York Knicks Cleveland Cavaliers,new york knicks cleveland cavaliers,Jordan Clarkson,jordan clarkson,Puntos (hitos),8+,0.0,3.9,player_points_hito,PTS,over,8,7.5,Jordan Clarkson 8+ PTS,1,
c40289dcfb7dfed15218fb1f1136f67506800e1f,20260521_145741,2026-05-21T14:57:41-03:00,2026-05-21T17:57:41+00:00,betano,basketball,NBA,props_nba_20260521_145741.csv,New York Knicks Cleveland Cavaliers,new york knicks cleveland cavaliers,Jordan Clarkson,jordan clarkson,Puntos (hitos),9+,0.0,5.2,player_points_hito,PTS,over,9,8.5,Jordan Clarkson 9+ PTS,1,
a63010d1f28ecc5ba2c8a77c90720aa387a49de7,20260521_145741,2026-05-21T14:57:41-03:00,2026-05-21T17:57:41+00:00,betano,basketball,NBA,props_nba_20260521_145741.csv,New York Knicks Cleveland Cavaliers,new york knicks cleveland cavaliers,Dean Wade,dean wade,Puntos (hitos),3+,0.0,1.32,player_points_hito,PTS,over,3,2.5,Dean Wade 3+ PTS,1,
9f125e4f20053f23e9e60272004a9d0647d4c870,20260521_145741,2026-05-21T14:57:41-03:00,2026-05-21T17:57:41+00:00,betano,basketball,NBA,props_nba_20260521_145741.csv,New York Knicks Cleveland Cavaliers,new york knicks cleveland cavaliers,Dean Wade,dean wade,Puntos (hitos),4+,0.0,1.72,player_points_hito,PTS,over,4,3.5,Dean Wade 4+ PTS,1,
7e66cc0d6bd5ce562b9c7ee949275bd15a31c31a,20260521_145741,2026-05-21T14:57:41-03:00,2026-05-21T17:57:41+00:00,betano,basketball,NBA,props_nba_20260521_145741.csv,New York Knicks Cleveland Cavaliers,new york knicks cleveland cavaliers,Dean Wade,dean wade,Puntos (hitos),5+,0.0,1.9,player_points_hito,PTS,over,5,4.5,Dean Wade 5+ PTS,1,
bd5082b849024e90483d874c783ed1e2ae51c34a,20260521_145741,2026-05-21T14:57:41-03:00,2026-05-21T17:57:41+00:00,betano,basketball,NBA,props_nba_20260521_145741.csv,New York Knicks Cleveland Cavaliers,new york knicks cleveland cavaliers,Dean Wade,dean wade,Puntos (hitos),6+,0.0,2.42,player_points_hito,PTS,over,6,5.5,Dean Wade 6+ PTS,1,
22f43ad0889159b30fdf0d76a47b370654ab3116,20260521_145741,2026-05-21T14:57:41-03:00,2026-05-21T17:57:41+00:00,betano,basketball,NBA,props_nba_20260521_145741.csv,New York Knicks Cleveland Cavaliers,new york knicks cleveland cavaliers,Dean Wade,dean wade,Puntos (hitos),7+,0.0,3.3,player_points_hito,PTS,over,7,6.5,Dean Wade 7+ PTS,1,
3fb982559f0863a40aca51b6d77735e6a8b74c34,20260521_145741,2026-05-21T14:57:41-03:00,2026-05-21T17:57:41+00:00,betano,basketball,NBA,props_nba_20260521_145741.csv,New York Knicks Cleveland Cavaliers,new york knicks cleveland cavaliers,Dean Wade,dean wade,Puntos (hitos),8+,0.0,4.05,player_points_hito,PTS,over,8,7.5,Dean Wade 8+ PTS,1,
4f86ed946c226e43b83195bb17956b7fc89ff251,20260521_145741,2026-05-21T14:57:41-03:00,2026-05-21T17:57:41+00:00,betano,basketball,NBA,props_nba_20260521_145741.csv,New York Knicks Cleveland Cavaliers,new york knicks cleveland cavaliers,Jalen Brunson,jalen brunson,Asistencias (hitos),6+,0.0,1.55,player_assists_hito,AST,over,6,5.5,Jalen Brunson 6+ AST,1,
7280b25c69bfec862a079bd5b4f8ee62081200b7,20260521_145741,2026-05-21T14:57:41-03:00,2026-05-21T17:57:41+00:00,betano,basketball,NBA,props_nba_20260521_145741.csv,New York Knicks Cleveland Cavaliers,new york knicks cleveland cavaliers,Jalen Brunson,jalen brunson,Asistencias (hitos),7+,0.0,2.07,player_assists_hito,AST,over,7,6.5,Jalen Brunson 7+ AST,1,
979508c0d8dd8e30ff7ae039c84d21bbe73c37de,20260521_145741,2026-05-21T14:57:41-03:00,2026-05-21T17:57:41+00:00,betano,basketball,NBA,props_nba_20260521_145741.csv,New York Knicks Cleveland Cavaliers,new york knicks cleveland cavaliers,Jalen Brunson,jalen brunson,Asistencias (hitos),8+,0.0,3,player_assists_hito,AST,over,8,7.5,Jalen Brunson 8+ AST,1,
6322dd4d052645067b87c1e073ebeae457f50d97,20260521_145741,2026-05-21T14:57:41-03:00,2026-05-21T17:57:41+00:00,betano,basketball,NBA,props_nba_20260521_145741.csv,New York Knicks Cleveland Cavaliers,new york knicks cleveland cavaliers,Jalen Brunson,jalen brunson,Asistencias (hitos),9+,0.0,4.65,player_assists_hito,AST,over,9,8.5,Jalen Brunson 9+ AST,1,
20b9d2ede59f6a6cd56b1822c5d1fbbc193776ea,20260521_145741,2026-05-21T14:57:41-03:00,2026-05-21T17:57:41+00:00,betano,basketball,NBA,props_nba_20260521_145741.csv,New York Knicks Cleveland Cavaliers,new york knicks cleveland cavaliers,Jalen Brunson,jalen brunson,Asistencias (hitos),10+,0.0,7.2,player_assists_hito,AST,over,10,9.5,Jalen Brunson 10+ AST,1,
08b361b57ba1c2fdd06b3d9b6ef17b3431ba49e2,20260521_145741,2026-05-21T14:57:41-03:00,2026-05-21T17:57:41+00:00,betano,basketball,NBA,props_nba_20260521_145741.csv,New York Knicks Cleveland Cavaliers,new york knicks cleveland cavaliers,Jalen Brunson,jalen brunson,Asistencias (hitos),11+,0.0,10.75,player_assists_hito,AST,over,11,10.5,Jalen Brunson 11+ AST,1,
6038108e29ed3b66a3e25bdff2548ad568cd0332,20260521_145741,2026-05-21T14:57:41-03:00,2026-05-21T17:57:41+00:00,betano,basketball,NBA,props_nba_20260521_145741.csv,New York Knicks Cleveland Cavaliers,new york knicks cleveland cavaliers,Jalen Brunson,jalen brunson,Asistencias (hitos),12+,0.0,14.5,player_assists_hito,AST,over,12,11.5,Jalen Brunson 12+ AST,1,
189a05ac24b983aaca14fe48d239c77ba8a933b0,20260521_145741,2026-05-21T14:57:41-03:00,2026-05-21T17:57:41+00:00,betano,basketball,NBA,props_nba_20260521_145741.csv,New York Knicks Cleveland Cavaliers,new york knicks cleveland cavaliers,Jalen Brunson,jalen brunson,Asistencias (hitos),13+,0.0,17.5,player_assists_hito,AST,over,13,12.5,Jalen Brunson 13+ AST,1,
1d6999a53c481d7b0876085eaf8e878d71c95328,20260521_145741,2026-05-21T14:57:41-03:00,2026-05-21T17:57:41+00:00,betano,basketball,NBA,props_nba_20260521_145741.csv,New York Knicks Cleveland Cavaliers,new york knicks cleveland cavaliers,James Harden,james harden,Asistencias (hitos),5+,0.0,1.25,player_assists_hito,AST,over,5,4.5,James Harden 5+ AST,1,
590ba9a36621e3e309997df12d94392306823eae,20260521_145741,2026-05-21T14:57:41-03:00,2026-05-21T17:57:41+00:00,betano,basketball,NBA,props_nba_20260521_145741.csv,New York Knicks Cleveland Cavaliers,new york knicks cleveland cavaliers,James Harden,james harden,Asistencias (hitos),6+,0.0,1.55,player_assists_hito,AST,over,6,5.5,James Harden 6+ AST,1,
c7bb019c77f565f97fc67d882e4f540f1c877a64,20260521_145741,2026-05-21T14:57:41-03:00,2026-05-21T17:57:41+00:00,betano,basketball,NBA,props_nba_20260521_145741.csv,New York Knicks Cleveland Cavaliers,new york knicks cleveland cavaliers,James Harden,james harden,Asistencias (hitos),7+,0.0,2.1,player_assists_hito,AST,over,7,6.5,James Harden 7+ AST,1,
9a14e5d9bda20db0eed29a26c3e01bc03dc8e42a,20260521_145741,2026-05-21T14:57:41-03:00,2026-05-21T17:57:41+00:00,betano,basketball,NBA,props_nba_20260521_145741.csv,New York Knicks Cleveland Cavaliers,new york knicks cleveland cavaliers,James Harden,james harden,Asistencias (hitos),8+,0.0,3.05,player_assists_hito,AST,over,8,7.5,James Harden 8+ AST,1,
a6b138b883234035a10add5d526ef85c676f9714,20260521_145741,2026-05-21T14:57:41-03:00,2026-05-21T17:57:41+00:00,betano,basketball,NBA,props_nba_20260521_145741.csv,New York Knicks Cleveland Cavaliers,new york knicks cleveland cavaliers,James Harden,james harden,Asistencias (hitos),9+,0.0,4.7,player_assists_hito,AST,over,9,8.5,James Harden 9+ AST,1,
b988b3f8f8f635c728855da310ce9548c0189d53,20260521_145741,2026-05-21T14:57:41-03:00,2026-05-21T17:57:41+00:00,betano,basketball,NBA,props_nba_20260521_145741.csv,New York Knicks Cleveland Cavaliers,new york knicks cleveland cavaliers,James Harden,james harden,Asistencias (hitos),10+,0.0,7.3,player_assists_hito,AST,over,10,9.5,James Harden 10+ AST,1,
f35cbe07eb28ff677226764e1884b50f865ee348,20260521_145741,2026-05-21T14:57:41-03:00,2026-05-21T17:57:41+00:00,betano,basketball,NBA,props_nba_20260521_145741.csv,New York Knicks Cleveland Cavaliers,new york knicks cleveland cavaliers,Karl-Anthony Towns,karl anthony towns,Asistencias (hitos),4+,0.0,1.18,player_assists_hito,AST,over,4,3.5,Karl-Anthony Towns 4+ AST,1,
4d6cb496155a02f991d98c11c7625a762e9b343b,20260521_145741,2026-05-21T14:57:41-03:00,2026-05-21T17:57:41+00:00,betano,basketball,NBA,props_nba_20260521_145741.csv,New York Knicks Cleveland Cavaliers,new york knicks cleveland cavaliers,Karl-Anthony Towns,karl anthony towns,Asistencias (hitos),5+,0.0,1.47,player_assists_hito,AST,over,5,4.5,Karl-Anthony Towns 5+ AST,1,
0630209030c116c5d8fb0c05f7cd0b30a6a32baa,20260521_145741,2026-05-21T14:57:41-03:00,2026-05-21T17:57:41+00:00,betano,basketball,NBA,props_nba_20260521_145741.csv,New York Knicks Cleveland Cavaliers,new york knicks cleveland cavaliers,Karl-Anthony Towns,karl anthony towns,Asistencias (hitos),6+,0.0,2.05,player_assists_hito,AST,over,6,5.5,Karl-Anthony Towns 6+ AST,1,
2ae4a357575ddd7011c56addfbd787f799489dd4,20260521_145741,2026-05-21T14:57:41-03:00,2026-05-21T17:57:41+00:00,betano,basketball,NBA,props_nba_20260521_145741.csv,New York Knicks Cleveland Cavaliers,new york knicks cleveland cavaliers,Karl-Anthony Towns,karl anthony towns,Asistencias (hitos),7+,0.0,3.05,player_assists_hito,AST,over,7,6.5,Karl-Anthony Towns 7+ AST,1,
b939c079bdfcfdc067a2c8b25dda687ae3bd6f73,20260521_145741,2026-05-21T14:57:41-03:00,2026-05-21T17:57:41+00:00,betano,basketball,NBA,props_nba_20260521_145741.csv,New York Knicks Cleveland Cavaliers,new york knicks cleveland cavaliers,Karl-Anthony Towns,karl anthony towns,Asistencias (hitos),8+,0.0,4.55,player_assists_hito,AST,over,8,7.5,Karl-Anthony Towns 8+ AST,1,
ec14562eca5574ccddd5aeff8990e165d95d3a69,20260521_145741,2026-05-21T14:57:41-03:00,2026-05-21T17:57:41+00:00,betano,basketball,NBA,props_nba_20260521_145741.csv,New York Knicks Cleveland Cavaliers,new york knicks cleveland cavaliers,Karl-Anthony Towns,karl anthony towns,Asistencias (hitos),9+,0.0,6.8,player_assists_hito,AST,over,9,8.5,Karl-Anthony Towns 9+ AST,1,
def1e042eecded7b220f5d1fc931deda522c2dc1,20260521_145741,2026-05-21T14:57:41-03:00,2026-05-21T17:57:41+00:00,betano,basketball,NBA,props_nba_20260521_145741.csv,New York Knicks Cleveland Cavaliers,new york knicks cleveland cavaliers,Josh Hart,josh hart,Asistencias (hitos),4+,0.0,1.45,player_assists_hito,AST,over,4,3.5,Josh Hart 4+ AST,1,
0272c23cfa1268cc128cdb35e2391ee5b68ab3e8,20260521_145741,2026-05-21T14:57:41-03:00,2026-05-21T17:57:41+00:00,betano,basketball,NBA,props_nba_20260521_145741.csv,New York Knicks Cleveland Cavaliers,new york knicks cleveland cavaliers,Josh Hart,josh hart,Asistencias (hitos),5+,0.0,2.07,player_assists_hito,AST,over,5,4.5,Josh Hart 5+ AST,1,
478a35b4b67b0d7b6a9dba413a990e6cb09a65fb,20260521_145741,2026-05-21T14:57:41-03:00,2026-05-21T17:57:41+00:00,betano,basketball,NBA,props_nba_20260521_145741.csv,New York Knicks Cleveland Cavaliers,new york knicks cleveland cavaliers,Josh Hart,josh hart,Asistencias (hitos),6+,0.0,3.25,player_assists_hito,AST,over,6,5.5,Josh Hart 6+ AST,1,
77c6ace10e081f4f9d6dc47b8d93ffd4fabb507a,20260521_145741,2026-05-21T14:57:41-03:00,2026-05-21T17:57:41+00:00,betano,basketball,NBA,props_nba_20260521_145741.csv,New York Knicks Cleveland Cavaliers,new york knicks cleveland cavaliers,Josh Hart,josh hart,Asistencias (hitos),7+,0.0,5.3,player_assists_hito,AST,over,7,6.5,Josh Hart 7+ AST,1,
fda234a0d99759217b06e3cfa9ee90240236df5f,20260521_145741,2026-05-21T14:57:41-03:00,2026-05-21T17:57:41+00:00,betano,basketball,NBA,props_nba_20260521_145741.csv,New York Knicks Cleveland Cavaliers,new york knicks cleveland cavaliers,Josh Hart,josh hart,Asistencias (hitos),8+,0.0,8.5,player_assists_hito,AST,over,8,7.5,Josh Hart 8+ AST,1,
937b5830835225758f32628122de7adf6e93d4e2,20260521_145741,2026-05-21T14:57:41-03:00,2026-05-21T17:57:41+00:00,betano,basketball,NBA,props_nba_20260521_145741.csv,New York Knicks Cleveland Cavaliers,new york knicks cleveland cavaliers,Josh Hart,josh hart,Asistencias (hitos),9+,0.0,13,player_assists_hito,AST,over,9,8.5,Josh Hart 9+ AST,1,
4059d1585e11e177936e4e27a2c4309a0347a209,20260521_145741,2026-05-21T14:57:41-03:00,2026-05-21T17:57:41+00:00,betano,basketball,NBA,props_nba_20260521_145741.csv,New York Knicks Cleveland Cavaliers,new york knicks cleveland cavaliers,Donovan Mitchell,donovan mitchell,Asistencias (hitos),3+,0.0,1.31,player_assists_hito,AST,over,3,2.5,Donovan Mitchell 3+ AST,1,
cc39ddb4c30be61b7c89b32e69310f3bd4861c17,20260521_145741,2026-05-21T14:57:41-03:00,2026-05-21T17:57:41+00:00,betano,basketball,NBA,props_nba_20260521_145741.csv,New York Knicks Cleveland Cavaliers,new york knicks cleveland cavaliers,Donovan Mitchell,donovan mitchell,Asistencias (hitos),4+,0.0,1.83,player_assists_hito,AST,over,4,3.5,Donovan Mitchell 4+ AST,1,
8939458f74df7fed34ed0058fad8ba7f33b55831,20260521_145741,2026-05-21T14:57:41-03:00,2026-05-21T17:57:41+00:00,betano,basketball,NBA,props_nba_20260521_145741.csv,New York Knicks Cleveland Cavaliers,new york knicks cleveland cavaliers,Donovan Mitchell,donovan mitchell,Asistencias (hitos),5+,0.0,2.85,player_assists_hito,AST,over,5,4.5,Donovan Mitchell 5+ AST,1,
f7f9ccbcf437f6604a7c47bbe6d5f39d5f7c9a9c,20260521_145741,2026-05-21T14:57:41-03:00,2026-05-21T17:57:41+00:00,betano,basketball,NBA,props_nba_20260521_145741.csv,New York Knicks Cleveland Cavaliers,new york knicks cleveland cavaliers,Donovan Mitchell,donovan mitchell,Asistencias (hitos),6+,0.0,4.8,player_assists_hito,AST,over,6,5.5,Donovan Mitchell 6+ AST,1,
1c3de185cbdccac11b3fda8f73f615895a0bd91e,20260521_145741,2026-05-21T14:57:41-03:00,2026-05-21T17:57:41+00:00,betano,basketball,NBA,props_nba_20260521_145741.csv,New York Knicks Cleveland Cavaliers,new york knicks cleveland cavaliers,Donovan Mitchell,donovan mitchell,Asistencias (hitos),7+,0.0,8.25,player_assists_hito,AST,over,7,6.5,Donovan Mitchell 7+ AST,1,
7ddd684f771fcb37d4910595c17cb000c61f87e4,20260521_145741,2026-05-21T14:57:41-03:00,2026-05-21T17:57:41+00:00,betano,basketball,NBA,props_nba_20260521_145741.csv,New York Knicks Cleveland Cavaliers,new york knicks cleveland cavaliers,Donovan Mitchell,donovan mitchell,Asistencias (hitos),8+,0.0,12.5,player_assists_hito,AST,over,8,7.5,Donovan Mitchell 8+ AST,1,
beaf53a9b1f085a7e94557f23562b8a64ee9792b,20260521_145741,2026-05-21T14:57:41-03:00,2026-05-21T17:57:41+00:00,betano,basketball,NBA,props_nba_20260521_145741.csv,New York Knicks Cleveland Cavaliers,new york knicks cleveland cavaliers,Evan Mobley,evan mobley,Asistencias (hitos),3+,0.0,1.45,player_assists_hito,AST,over,3,2.5,Evan Mobley 3+ AST,1,
780289a593b47f78f2cd099e34e70eaffb96f0a5,20260521_145741,2026-05-21T14:57:41-03:00,2026-05-21T17:57:41+00:00,betano,basketball,NBA,props_nba_20260521_145741.csv,New York Knicks Cleveland Cavaliers,new york knicks cleveland cavaliers,Evan Mobley,evan mobley,Asistencias (hitos),4+,0.0,2.15,player_assists_hito,AST,over,4,3.5,Evan Mobley 4+ AST,1,
290e5df4955ae6d667d26dddb54d87533fa81167,20260521_145741,2026-05-21T14:57:41-03:00,2026-05-21T17:57:41+00:00,betano,basketball,NBA,props_nba_20260521_145741.csv,New York Knicks Cleveland Cavaliers,new york knicks cleveland cavaliers,Evan Mobley,evan mobley,Asistencias (hitos),5+,0.0,3.6,player_assists_hito,AST,over,5,4.5,Evan Mobley 5+ AST,1,
3b15544310872393bf8458831153568040351a0c,20260521_145741,2026-05-21T14:57:41-03:00,2026-05-21T17:57:41+00:00,betano,basketball,NBA,props_nba_20260521_145741.csv,New York Knicks Cleveland Cavaliers,new york knicks cleveland cavaliers,Evan Mobley,evan mobley,Asistencias (hitos),6+,0.0,6.4,player_assists_hito,AST,over,6,5.5,Evan Mobley 6+ AST,1,
6cc447374dad5285bc6d6eeab7c3d95aa6158334,20260521_145741,2026-05-21T14:57:41-03:00,2026-05-21T17:57:41+00:00,betano,basketball,NBA,props_nba_20260521_145741.csv,New York Knicks Cleveland Cavaliers,new york knicks cleveland cavaliers,Evan Mobley,evan mobley,Asistencias (hitos),7+,0.0,10.75,player_assists_hito,AST,over,7,6.5,Evan Mobley 7+ AST,1,
b607c8ac9cb5dbab595a570bf8cb10190451b4de,20260521_145741,2026-05-21T14:57:41-03:00,2026-05-21T17:57:41+00:00,betano,basketball,NBA,props_nba_20260521_145741.csv,New York Knicks Cleveland Cavaliers,new york knicks cleveland cavaliers,Evan Mobley,evan mobley,Asistencias (hitos),8+,0.0,15.5,player_assists_hito,AST,over,8,7.5,Evan Mobley 8+ AST,1,
3fdf016a426a8e7d7f75d405a3cf1df558162090,20260521_145741,2026-05-21T14:57:41-03:00,2026-05-21T17:57:41+00:00,betano,basketball,NBA,props_nba_20260521_145741.csv,New York Knicks Cleveland Cavaliers,new york knicks cleveland cavaliers,Dennis Schroder,dennis schroder,Asistencias (hitos),2+,0.0,1.18,player_assists_hito,AST,over,2,1.5,Dennis Schroder 2+ AST,1,
cf7e1fd70bd71d118831b81bc3ad92455224bd10,20260521_145741,2026-05-21T14:57:41-03:00,2026-05-21T17:57:41+00:00,betano,basketball,NBA,props_nba_20260521_145741.csv,New York Knicks Cleveland Cavaliers,new york knicks cleveland cavaliers,Dennis Schroder,dennis schroder,Asistencias (hitos),3+,0.0,1.7,player_assists_hito,AST,over,3,2.5,Dennis Schroder 3+ AST,1,
8029b2f154e9eb5571accbd8ee508014f23e39b2,20260521_145741,2026-05-21T14:57:41-03:00,2026-05-21T17:57:41+00:00,betano,basketball,NBA,props_nba_20260521_145741.csv,New York Knicks Cleveland Cavaliers,new york knicks cleveland cavaliers,Dennis Schroder,dennis schroder,Asistencias (hitos),4+,0.0,2.75,player_assists_hito,AST,over,4,3.5,Dennis Schroder 4+ AST,1,
c83ed934d0a3547cc585ee98a68550e14b28933a,20260521_145741,2026-05-21T14:57:41-03:00,2026-05-21T17:57:41+00:00,betano,basketball,NBA,props_nba_20260521_145741.csv,New York Knicks Cleveland Cavaliers,new york knicks cleveland cavaliers,Dennis Schroder,dennis schroder,Asistencias (hitos),5+,0.0,4.65,player_assists_hito,AST,over,5,4.5,Dennis Schroder 5+ AST,1,
0e9b129f47b9d7bdea3c8bba398d4a10c1bf993e,20260521_145741,2026-05-21T14:57:41-03:00,2026-05-21T17:57:41+00:00,betano,basketball,NBA,props_nba_20260521_145741.csv,New York Knicks Cleveland Cavaliers,new york knicks cleveland cavaliers,Mikal Bridges,mikal bridges,Asistencias (hitos),2+,0.0,1.32,player_assists_hito,AST,over,2,1.5,Mikal Bridges 2+ AST,1,
1d0b0abf828675ae69c77de5bcaab606989944b5,20260521_145741,2026-05-21T14:57:41-03:00,2026-05-21T17:57:41+00:00,betano,basketball,NBA,props_nba_20260521_145741.csv,New York Knicks Cleveland Cavaliers,new york knicks cleveland cavaliers,Mikal Bridges,mikal bridges,Asistencias (hitos),3+,0.0,2.05,player_assists_hito,AST,over,3,2.5,Mikal Bridges 3+ AST,1,
8c39876bf59f7d1c33cb507d02bc9318e0e1c1cd,20260521_145741,2026-05-21T14:57:41-03:00,2026-05-21T17:57:41+00:00,betano,basketball,NBA,props_nba_20260521_145741.csv,New York Knicks Cleveland Cavaliers,new york knicks cleveland cavaliers,Mikal Bridges,mikal bridges,Asistencias (hitos),4+,0.0,3.6,player_assists_hito,AST,over,4,3.5,Mikal Bridges 4+ AST,1,
4d8c4ed4c9b9dafd06a7a2812dfb5662312a3b24,20260521_145741,2026-05-21T14:57:41-03:00,2026-05-21T17:57:41+00:00,betano,basketball,NBA,props_nba_20260521_145741.csv,New York Knicks Cleveland Cavaliers,new york knicks cleveland cavaliers,Mikal Bridges,mikal bridges,Asistencias (hitos),5+,0.0,6.8,player_assists_hito,AST,over,5,4.5,Mikal Bridges 5+ AST,1,
06144d1e3377d7f9d473d098e35cf8f9f173f81c,20260521_145741,2026-05-21T14:57:41-03:00,2026-05-21T17:57:41+00:00,betano,basketball,NBA,props_nba_20260521_145741.csv,New York Knicks Cleveland Cavaliers,new york knicks cleveland cavaliers,Max Strus,max strus,Asistencias (hitos),1+,0.0,1.13,player_assists_hito,AST,over,1,0.5,Max Strus 1+ AST,1,
bbfa668e401f6d925aedbdadf671b6b72d4b98bd,20260521_145741,2026-05-21T14:57:41-03:00,2026-05-21T17:57:41+00:00,betano,basketball,NBA,props_nba_20260521_145741.csv,New York Knicks Cleveland Cavaliers,new york knicks cleveland cavaliers,Max Strus,max strus,Asistencias (hitos),2+,0.0,1.7,player_assists_hito,AST,over,2,1.5,Max Strus 2+ AST,1,
3d4d3372b632cfbf9357a0fba75c2dcf234418d2,20260521_145741,2026-05-21T14:57:41-03:00,2026-05-21T17:57:41+00:00,betano,basketball,NBA,props_nba_20260521_145741.csv,New York Knicks Cleveland Cavaliers,new york knicks cleveland cavaliers,Max Strus,max strus,Asistencias (hitos),3+,0.0,3.15,player_assists_hito,AST,over,3,2.5,Max Strus 3+ AST,1,
21c72468a2db75f407f20af69fa7e039ea46d1e9,20260521_145741,2026-05-21T14:57:41-03:00,2026-05-21T17:57:41+00:00,betano,basketball,NBA,props_nba_20260521_145741.csv,New York Knicks Cleveland Cavaliers,new york knicks cleveland cavaliers,Max Strus,max strus,Asistencias (hitos),4+,0.0,6.5,player_assists_hito,AST,over,4,3.5,Max Strus 4+ AST,1,
b6cc65767631193a98c093f46dab0d1245acf830,20260521_145741,2026-05-21T14:57:41-03:00,2026-05-21T17:57:41+00:00,betano,basketball,NBA,props_nba_20260521_145741.csv,New York Knicks Cleveland Cavaliers,new york knicks cleveland cavaliers,Jarrett Allen,jarrett allen,Asistencias (hitos),1+,0.0,1.19,player_assists_hito,AST,over,1,0.5,Jarrett Allen 1+ AST,1,
eaaff94c132a198d940b66e6851fe96b485c6a75,20260521_145741,2026-05-21T14:57:41-03:00,2026-05-21T17:57:41+00:00,betano,basketball,NBA,props_nba_20260521_145741.csv,New York Knicks Cleveland Cavaliers,new york knicks cleveland cavaliers,Jarrett Allen,jarrett allen,Asistencias (hitos),2+,0.0,2.07,player_assists_hito,AST,over,2,1.5,Jarrett Allen 2+ AST,1,
295b0d301ecb49951080accb4f82beb2cf6d8b1b,20260521_145741,2026-05-21T14:57:41-03:00,2026-05-21T17:57:41+00:00,betano,basketball,NBA,props_nba_20260521_145741.csv,New York Knicks Cleveland Cavaliers,new york knicks cleveland cavaliers,Jarrett Allen,jarrett allen,Asistencias (hitos),3+,0.0,4.1,player_assists_hito,AST,over,3,2.5,Jarrett Allen 3+ AST,1,
2b68e366fd6bb32f8ac61564ff1a3f165d28df1f,20260521_145741,2026-05-21T14:57:41-03:00,2026-05-21T17:57:41+00:00,betano,basketball,NBA,props_nba_20260521_145741.csv,New York Knicks Cleveland Cavaliers,new york knicks cleveland cavaliers,Jarrett Allen,jarrett allen,Asistencias (hitos),4+,0.0,7,player_assists_hito,AST,over,4,3.5,Jarrett Allen 4+ AST,1,
7e72291efa2594f72e8bafdbe95b81f8e6cba2b6,20260521_145741,2026-05-21T14:57:41-03:00,2026-05-21T17:57:41+00:00,betano,basketball,NBA,props_nba_20260521_145741.csv,New York Knicks Cleveland Cavaliers,new york knicks cleveland cavaliers,OG Anunoby,og anunoby,Asistencias (hitos),1+,0.0,1.22,player_assists_hito,AST,over,1,0.5,OG Anunoby 1+ AST,1,
517e329818596c7504382f5c7cd5dd913a45d6a9,20260521_145741,2026-05-21T14:57:41-03:00,2026-05-21T17:57:41+00:00,betano,basketball,NBA,props_nba_20260521_145741.csv,New York Knicks Cleveland Cavaliers,new york knicks cleveland cavaliers,OG Anunoby,og anunoby,Asistencias (hitos),2+,0.0,2.12,player_assists_hito,AST,over,2,1.5,OG Anunoby 2+ AST,1,
43c9d6c73d99ba49d7b72abbcb971ab7a59e33cf,20260521_145741,2026-05-21T14:57:41-03:00,2026-05-21T17:57:41+00:00,betano,basketball,NBA,props_nba_20260521_145741.csv,New York Knicks Cleveland Cavaliers,new york knicks cleveland cavaliers,OG Anunoby,og anunoby,Asistencias (hitos),3+,0.0,4.4,player_assists_hito,AST,over,3,2.5,OG Anunoby 3+ AST,1,
5b39518e50efabe369d31a5954fc426b329a0da0,20260521_145741,2026-05-21T14:57:41-03:00,2026-05-21T17:57:41+00:00,betano,basketball,NBA,props_nba_20260521_145741.csv,New York Knicks Cleveland Cavaliers,new york knicks cleveland cavaliers,OG Anunoby,og anunoby,Asistencias (hitos),4+,0.0,9.25,player_assists_hito,AST,over,4,3.5,OG Anunoby 4+ AST,1,
920198074b8671c8eaa0085afb967ba9d81bfd57,20260521_145741,2026-05-21T14:57:41-03:00,2026-05-21T17:57:41+00:00,betano,basketball,NBA,props_nba_20260521_145741.csv,New York Knicks Cleveland Cavaliers,new york knicks cleveland cavaliers,Sam Merrill,sam merrill,Asistencias (hitos),1+,0.0,1.24,player_assists_hito,AST,over,1,0.5,Sam Merrill 1+ AST,1,
e3e98465b787ee61d0a8bd85e800653373547022,20260521_145741,2026-05-21T14:57:41-03:00,2026-05-21T17:57:41+00:00,betano,basketball,NBA,props_nba_20260521_145741.csv,New York Knicks Cleveland Cavaliers,new york knicks cleveland cavaliers,Sam Merrill,sam merrill,Asistencias (hitos),2+,0.0,2.18,player_assists_hito,AST,over,2,1.5,Sam Merrill 2+ AST,1,
0cdd3b831bd5dc22887c5984072ac024bd291576,20260521_145741,2026-05-21T14:57:41-03:00,2026-05-21T17:57:41+00:00,betano,basketball,NBA,props_nba_20260521_145741.csv,New York Knicks Cleveland Cavaliers,new york knicks cleveland cavaliers,Sam Merrill,sam merrill,Asistencias (hitos),3+,0.0,4.65,player_assists_hito,AST,over,3,2.5,Sam Merrill 3+ AST,1,
276ae5da8ddfcf6df9ce0efebb86f8e254800de9,20260521_145741,2026-05-21T14:57:41-03:00,2026-05-21T17:57:41+00:00,betano,basketball,NBA,props_nba_20260521_145741.csv,New York Knicks Cleveland Cavaliers,new york knicks cleveland cavaliers,Sam Merrill,sam merrill,Asistencias (hitos),4+,0.0,10,player_assists_hito,AST,over,4,3.5,Sam Merrill 4+ AST,1,
332925e8b3bd0df96b5faba615e12ef7c34a4451,20260521_145741,2026-05-21T14:57:41-03:00,2026-05-21T17:57:41+00:00,betano,basketball,NBA,props_nba_20260521_145741.csv,New York Knicks Cleveland Cavaliers,new york knicks cleveland cavaliers,Miles McBride,miles mcbride,Asistencias (hitos),1+,0.0,1.36,player_assists_hito,AST,over,1,0.5,Miles McBride 1+ AST,1,
ff78e68e7585572bed6aac7c8f174a911ad8b59c,20260521_145741,2026-05-21T14:57:41-03:00,2026-05-21T17:57:41+00:00,betano,basketball,NBA,props_nba_20260521_145741.csv,New York Knicks Cleveland Cavaliers,new york knicks cleveland cavaliers,Miles McBride,miles mcbride,Asistencias (hitos),2+,0.0,2.75,player_assists_hito,AST,over,2,1.5,Miles McBride 2+ AST,1,
72bb8e7fd29821137a78a0b9f23cc7ee9387b3ce,20260521_145741,2026-05-21T14:57:41-03:00,2026-05-21T17:57:41+00:00,betano,basketball,NBA,props_nba_20260521_145741.csv,New York Knicks Cleveland Cavaliers,new york knicks cleveland cavaliers,Miles McBride,miles mcbride,Asistencias (hitos),3+,0.0,6.3,player_assists_hito,AST,over,3,2.5,Miles McBride 3+ AST,1,
cdacf09efda91003bf88165e3921b2e0208958f9,20260521_145741,2026-05-21T14:57:41-03:00,2026-05-21T17:57:41+00:00,betano,basketball,NBA,props_nba_20260521_145741.csv,New York Knicks Cleveland Cavaliers,new york knicks cleveland cavaliers,Miles McBride,miles mcbride,Asistencias (hitos),4+,0.0,13,player_assists_hito,AST,over,4,3.5,Miles McBride 4+ AST,1,
605c89fb967625a7a161f3b9c7c42d72654955aa,20260521_145741,2026-05-21T14:57:41-03:00,2026-05-21T17:57:41+00:00,betano,basketball,NBA,props_nba_20260521_145741.csv,New York Knicks Cleveland Cavaliers,new york knicks cleveland cavaliers,Jose Alvarado,jose alvarado,Asistencias (hitos),1+,0.0,1.44,player_assists_hito,AST,over,1,0.5,Jose Alvarado 1+ AST,1,
d11c1f23b0db556e1140cc57899462ed97eb7b01,20260521_145741,2026-05-21T14:57:41-03:00,2026-05-21T17:57:41+00:00,betano,basketball,NBA,props_nba_20260521_145741.csv,New York Knicks Cleveland Cavaliers,new york knicks cleveland cavaliers,Jose Alvarado,jose alvarado,Asistencias (hitos),2+,0.0,3.15,player_assists_hito,AST,over,2,1.5,Jose Alvarado 2+ AST,1,
8e2be3020514f9dc37615d0ed694b7e8050ce114,20260521_145741,2026-05-21T14:57:41-03:00,2026-05-21T17:57:41+00:00,betano,basketball,NBA,props_nba_20260521_145741.csv,New York Knicks Cleveland Cavaliers,new york knicks cleveland cavaliers,Jose Alvarado,jose alvarado,Asistencias (hitos),3+,0.0,6.7,player_assists_hito,AST,over,3,2.5,Jose Alvarado 3+ AST,1,
aa9bd83f24a06c590edb281a5ed123b79d98ef7d,20260521_145741,2026-05-21T14:57:41-03:00,2026-05-21T17:57:41+00:00,betano,basketball,NBA,props_nba_20260521_145741.csv,New York Knicks Cleveland Cavaliers,new york knicks cleveland cavaliers,Jose Alvarado,jose alvarado,Asistencias (hitos),4+,0.0,10.25,player_assists_hito,AST,over,4,3.5,Jose Alvarado 4+ AST,1,
0eeae8f4d1f94c379aa533367d294e8d56ee15f2,20260521_145741,2026-05-21T14:57:41-03:00,2026-05-21T17:57:41+00:00,betano,basketball,NBA,props_nba_20260521_145741.csv,New York Knicks Cleveland Cavaliers,new york knicks cleveland cavaliers,Jordan Clarkson,jordan clarkson,Asistencias (hitos),1+,0.0,1.62,player_assists_hito,AST,over,1,0.5,Jordan Clarkson 1+ AST,1,
b63afa3cb0bcdda439e6bb552c9cbb82b342df68,20260521_145741,2026-05-21T14:57:41-03:00,2026-05-21T17:57:41+00:00,betano,basketball,NBA,props_nba_20260521_145741.csv,New York Knicks Cleveland Cavaliers,new york knicks cleveland cavaliers,Jordan Clarkson,jordan clarkson,Asistencias (hitos),2+,0.0,4,player_assists_hito,AST,over,2,1.5,Jordan Clarkson 2+ AST,1,
49099327c1fa68b20d3548d396001c37770c83ae,20260521_145741,2026-05-21T14:57:41-03:00,2026-05-21T17:57:41+00:00,betano,basketball,NBA,props_nba_20260521_145741.csv,New York Knicks Cleveland Cavaliers,new york knicks cleveland cavaliers,Jordan Clarkson,jordan clarkson,Asistencias (hitos),3+,0.0,10,player_assists_hito,AST,over,3,2.5,Jordan Clarkson 3+ AST,1,
40349f49f49c86e656ee44bb1377a7fcb20cc959,20260521_145741,2026-05-21T14:57:41-03:00,2026-05-21T17:57:41+00:00,betano,basketball,NBA,props_nba_20260521_145741.csv,New York Knicks Cleveland Cavaliers,new york knicks cleveland cavaliers,Jordan Clarkson,jordan clarkson,Asistencias (hitos),4+,0.0,17,player_assists_hito,AST,over,4,3.5,Jordan Clarkson 4+ AST,1,
7b7581076dccc1c065b84280bbfcb002f72c3a4c,20260521_145741,2026-05-21T14:57:41-03:00,2026-05-21T17:57:41+00:00,betano,basketball,NBA,props_nba_20260521_145741.csv,New York Knicks Cleveland Cavaliers,new york knicks cleveland cavaliers,Dean Wade,dean wade,Asistencias (hitos),1+,0.0,1.65,player_assists_hito,AST,over,1,0.5,Dean Wade 1+ AST,1,
d12d0af0ca925541104166acfe1e8c764b6bb65e,20260521_145741,2026-05-21T14:57:41-03:00,2026-05-21T17:57:41+00:00,betano,basketball,NBA,props_nba_20260521_145741.csv,New York Knicks Cleveland Cavaliers,new york knicks cleveland cavaliers,Dean Wade,dean wade,Asistencias (hitos),2+,0.0,4.05,player_assists_hito,AST,over,2,1.5,Dean Wade 2+ AST,1,
0058419fd34f90e21f1af790292fb62b158dedd2,20260521_145741,2026-05-21T14:57:41-03:00,2026-05-21T17:57:41+00:00,betano,basketball,NBA,props_nba_20260521_145741.csv,New York Knicks Cleveland Cavaliers,new york knicks cleveland cavaliers,Dean Wade,dean wade,Asistencias (hitos),3+,0.0,10.25,player_assists_hito,AST,over,3,2.5,Dean Wade 3+ AST,1,
8e76c87163158bb7cd0dbe7651e682cc3f18e877,20260521_145741,2026-05-21T14:57:41-03:00,2026-05-21T17:57:41+00:00,betano,basketball,NBA,props_nba_20260521_145741.csv,New York Knicks Cleveland Cavaliers,new york knicks cleveland cavaliers,Dean Wade,dean wade,Asistencias (hitos),4+,0.0,17,player_assists_hito,AST,over,4,3.5,Dean Wade 4+ AST,1,
5ffa42e32eccb311ba4be326a2f7c7b2564858f5,20260521_145741,2026-05-21T14:57:41-03:00,2026-05-21T17:57:41+00:00,betano,basketball,NBA,props_nba_20260521_145741.csv,New York Knicks Cleveland Cavaliers,new york knicks cleveland cavaliers,Landry Shamet,landry shamet,Asistencias (hitos),1+,0.0,2.07,player_assists_hito,AST,over,1,0.5,Landry Shamet 1+ AST,1,
c8acc58f5f0e3bc010ca86a6fe80de4dab91a011,20260521_145741,2026-05-21T14:57:41-03:00,2026-05-21T17:57:41+00:00,betano,basketball,NBA,props_nba_20260521_145741.csv,New York Knicks Cleveland Cavaliers,new york knicks cleveland cavaliers,Landry Shamet,landry shamet,Asistencias (hitos),2+,0.0,6.3,player_assists_hito,AST,over,2,1.5,Landry Shamet 2+ AST,1,
4d506d49fe4be78937766c489566d7cb1cc2acb1,20260521_145741,2026-05-21T14:57:41-03:00,2026-05-21T17:57:41+00:00,betano,basketball,NBA,props_nba_20260521_145741.csv,New York Knicks Cleveland Cavaliers,new york knicks cleveland cavaliers,Landry Shamet,landry shamet,Asistencias (hitos),3+,0.0,15,player_assists_hito,AST,over,3,2.5,Landry Shamet 3+ AST,1,
0f068bb50aeae4fb3f3868319f8be65e556cd2b5,20260521_145741,2026-05-21T14:57:41-03:00,2026-05-21T17:57:41+00:00,betano,basketball,NBA,props_nba_20260521_145741.csv,New York Knicks Cleveland Cavaliers,new york knicks cleveland cavaliers,Mitchell Robinson,mitchell robinson,Asistencias (hitos),1+,0.0,2.3,player_assists_hito,AST,over,1,0.5,Mitchell Robinson 1+ AST,1,
9eee110444b00d4e8807f0d87cfc5ed6e4b23c59,20260521_145741,2026-05-21T14:57:41-03:00,2026-05-21T17:57:41+00:00,betano,basketball,NBA,props_nba_20260521_145741.csv,New York Knicks Cleveland Cavaliers,new york knicks cleveland cavaliers,Mitchell Robinson,mitchell robinson,Asistencias (hitos),2+,0.0,7.7,player_assists_hito,AST,over,2,1.5,Mitchell Robinson 2+ AST,1,
28d8e612d4be02ad489cae2b315bccee9c5fa9a2,20260521_145741,2026-05-21T14:57:41-03:00,2026-05-21T17:57:41+00:00,betano,basketball,NBA,props_nba_20260521_145741.csv,New York Knicks Cleveland Cavaliers,new york knicks cleveland cavaliers,Mitchell Robinson,mitchell robinson,Asistencias (hitos),3+,0.0,16.5,player_assists_hito,AST,over,3,2.5,Mitchell Robinson 3+ AST,1,
cc259cf7ef4e90340b60cb1f3c2d7a9a1e44d71b,20260521_145741,2026-05-21T14:57:41-03:00,2026-05-21T17:57:41+00:00,betano,basketball,NBA,props_nba_20260521_145741.csv,New York Knicks Cleveland Cavaliers,new york knicks cleveland cavaliers,Karl-Anthony Towns,karl anthony towns,Rebotes (hitos),10+,0.0,1.33,player_rebounds_hito,REB,over,10,9.5,Karl-Anthony Towns 10+ REB,1,
68890ae2831172a5b5c98bb87057a0da65dc24dd,20260521_145741,2026-05-21T14:57:41-03:00,2026-05-21T17:57:41+00:00,betano,basketball,NBA,props_nba_20260521_145741.csv,New York Knicks Cleveland Cavaliers,new york knicks cleveland cavaliers,Karl-Anthony Towns,karl anthony towns,Rebotes (hitos),12+,0.0,1.98,player_rebounds_hito,REB,over,12,11.5,Karl-Anthony Towns 12+ REB,1,
f652b20b4a3e2dc146c5ff1db068cc89add18ae9,20260521_145741,2026-05-21T14:57:41-03:00,2026-05-21T17:57:41+00:00,betano,basketball,NBA,props_nba_20260521_145741.csv,New York Knicks Cleveland Cavaliers,new york knicks cleveland cavaliers,Karl-Anthony Towns,karl anthony towns,Rebotes (hitos),14+,0.0,3.45,player_rebounds_hito,REB,over,14,13.5,Karl-Anthony Towns 14+ REB,1,
c79f66a51b2eda724c442fbe915dee454f82d30d,20260521_145741,2026-05-21T14:57:41-03:00,2026-05-21T17:57:41+00:00,betano,basketball,NBA,props_nba_20260521_145741.csv,New York Knicks Cleveland Cavaliers,new york knicks cleveland cavaliers,Karl-Anthony Towns,karl anthony towns,Rebotes (hitos),16+,0.0,6.6,player_rebounds_hito,REB,over,16,15.5,Karl-Anthony Towns 16+ REB,1,
8cbb43455692a87c38a873a98bbe4a32d0e9f02a,20260521_145741,2026-05-21T14:57:41-03:00,2026-05-21T17:57:41+00:00,betano,basketball,NBA,props_nba_20260521_145741.csv,New York Knicks Cleveland Cavaliers,new york knicks cleveland cavaliers,Karl-Anthony Towns,karl anthony towns,Rebotes (hitos),18+,0.0,11.75,player_rebounds_hito,REB,over,18,17.5,Karl-Anthony Towns 18+ REB,1,
e1b9cf0216168a882e2a45ab7f1fbd80d583be5a,20260521_145741,2026-05-21T14:57:41-03:00,2026-05-21T17:57:41+00:00,betano,basketball,NBA,props_nba_20260521_145741.csv,New York Knicks Cleveland Cavaliers,new york knicks cleveland cavaliers,Karl-Anthony Towns,karl anthony towns,Rebotes (hitos),20+,0.0,17,player_rebounds_hito,REB,over,20,19.5,Karl-Anthony Towns 20+ REB,1,
3e6ec5a36ad10f711dc14b9d533f1add4ff86a11,20260521_145741,2026-05-21T14:57:41-03:00,2026-05-21T17:57:41+00:00,betano,basketball,NBA,props_nba_20260521_145741.csv,New York Knicks Cleveland Cavaliers,new york knicks cleveland cavaliers,Evan Mobley,evan mobley,Rebotes (hitos),8+,0.0,1.5,player_rebounds_hito,REB,over,8,7.5,Evan Mobley 8+ REB,1,
569ed04f04fa497ffdfd1732883d591372fe98c6,20260521_145741,2026-05-21T14:57:41-03:00,2026-05-21T17:57:41+00:00,betano,basketball,NBA,props_nba_20260521_145741.csv,New York Knicks Cleveland Cavaliers,new york knicks cleveland cavaliers,Evan Mobley,evan mobley,Rebotes (hitos),9+,0.0,1.91,player_rebounds_hito,REB,over,9,8.5,Evan Mobley 9+ REB,1,
766b5f6ad40ea0cb508641fde976ae7862b89143,20260521_145741,2026-05-21T14:57:41-03:00,2026-05-21T17:57:41+00:00,betano,basketball,NBA,props_nba_20260521_145741.csv,New York Knicks Cleveland Cavaliers,new york knicks cleveland cavaliers,Evan Mobley,evan mobley,Rebotes (hitos),10+,0.0,2.57,player_rebounds_hito,REB,over,10,9.5,Evan Mobley 10+ REB,1,
34580e823befcfaf78dd7244c9c34b2bd9dba9d4,20260521_145741,2026-05-21T14:57:41-03:00,2026-05-21T17:57:41+00:00,betano,basketball,NBA,props_nba_20260521_145741.csv,New York Knicks Cleveland Cavaliers,new york knicks cleveland cavaliers,Evan Mobley,evan mobley,Rebotes (hitos),11+,0.0,3.6,player_rebounds_hito,REB,over,11,10.5,Evan Mobley 11+ REB,1,
dd8febcfe5cae0fe8a05ef7b0d604df5e6971925,20260521_145741,2026-05-21T14:57:41-03:00,2026-05-21T17:57:41+00:00,betano,basketball,NBA,props_nba_20260521_145741.csv,New York Knicks Cleveland Cavaliers,new york knicks cleveland cavaliers,Evan Mobley,evan mobley,Rebotes (hitos),12+,0.0,5.3,player_rebounds_hito,REB,over,12,11.5,Evan Mobley 12+ REB,1,
eaefb875f6b259bebc87fda10081a5041978d008,20260521_145741,2026-05-21T14:57:41-03:00,2026-05-21T17:57:41+00:00,betano,basketball,NBA,props_nba_20260521_145741.csv,New York Knicks Cleveland Cavaliers,new york knicks cleveland cavaliers,Evan Mobley,evan mobley,Rebotes (hitos),13+,0.0,7.6,player_rebounds_hito,REB,over,13,12.5,Evan Mobley 13+ REB,1,
c1b4f5e48193c454904f1cad84431df073601055,20260521_145741,2026-05-21T14:57:41-03:00,2026-05-21T17:57:41+00:00,betano,basketball,NBA,props_nba_20260521_145741.csv,New York Knicks Cleveland Cavaliers,new york knicks cleveland cavaliers,Evan Mobley,evan mobley,Rebotes (hitos),14+,0.0,10.5,player_rebounds_hito,REB,over,14,13.5,Evan Mobley 14+ REB,1,
da25b8264f738fad7458fde5966bb53152d19dbe,20260521_145741,2026-05-21T14:57:41-03:00,2026-05-21T17:57:41+00:00,betano,basketball,NBA,props_nba_20260521_145741.csv,New York Knicks Cleveland Cavaliers,new york knicks cleveland cavaliers,Evan Mobley,evan mobley,Rebotes (hitos),15+,0.0,14,player_rebounds_hito,REB,over,15,14.5,Evan Mobley 15+ REB,1,
e9815c4326b0ec71e5dc6787138b086e2daf1a5a,20260521_145741,2026-05-21T14:57:41-03:00,2026-05-21T17:57:41+00:00,betano,basketball,NBA,props_nba_20260521_145741.csv,New York Knicks Cleveland Cavaliers,new york knicks cleveland cavaliers,Jarrett Allen,jarrett allen,Rebotes (hitos),7+,0.0,1.44,player_rebounds_hito,REB,over,7,6.5,Jarrett Allen 7+ REB,1,
81acc2f7b1078339a692733bc48e7fd138ac6887,20260521_145741,2026-05-21T14:57:41-03:00,2026-05-21T17:57:41+00:00,betano,basketball,NBA,props_nba_20260521_145741.csv,New York Knicks Cleveland Cavaliers,new york knicks cleveland cavaliers,Jarrett Allen,jarrett allen,Rebotes (hitos),8+,0.0,1.83,player_rebounds_hito,REB,over,8,7.5,Jarrett Allen 8+ REB,1,
46da10ccd6cac5b8ef0d6cde6a30f9b979207282,20260521_145741,2026-05-21T14:57:41-03:00,2026-05-21T17:57:41+00:00,betano,basketball,NBA,props_nba_20260521_145741.csv,New York Knicks Cleveland Cavaliers,new york knicks cleveland cavaliers,Jarrett Allen,jarrett allen,Rebotes (hitos),9+,0.0,2.5,player_rebounds_hito,REB,over,9,8.5,Jarrett Allen 9+ REB,1,
fa9e3ff2197448339ba02d7238fc3986c38dba6e,20260521_145741,2026-05-21T14:57:41-03:00,2026-05-21T17:57:41+00:00,betano,basketball,NBA,props_nba_20260521_145741.csv,New York Knicks Cleveland Cavaliers,new york knicks cleveland cavaliers,Jarrett Allen,jarrett allen,Rebotes (hitos),10+,0.0,3.55,player_rebounds_hito,REB,over,10,9.5,Jarrett Allen 10+ REB,1,
b9c6e59a811b6686199a1b708a8161b09a87c341,20260521_145741,2026-05-21T14:57:41-03:00,2026-05-21T17:57:41+00:00,betano,basketball,NBA,props_nba_20260521_145741.csv,New York Knicks Cleveland Cavaliers,new york knicks cleveland cavaliers,Jarrett Allen,jarrett allen,Rebotes (hitos),11+,0.0,5.3,player_rebounds_hito,REB,over,11,10.5,Jarrett Allen 11+ REB,1,
db876a35422ad938abb32bcb02b4126a6feacdda,20260521_145741,2026-05-21T14:57:41-03:00,2026-05-21T17:57:41+00:00,betano,basketball,NBA,props_nba_20260521_145741.csv,New York Knicks Cleveland Cavaliers,new york knicks cleveland cavaliers,Jarrett Allen,jarrett allen,Rebotes (hitos),12+,0.0,7.8,player_rebounds_hito,REB,over,12,11.5,Jarrett Allen 12+ REB,1,
a1422212dbfd762a45310b5a40af7517c1295217,20260521_145741,2026-05-21T14:57:41-03:00,2026-05-21T17:57:41+00:00,betano,basketball,NBA,props_nba_20260521_145741.csv,New York Knicks Cleveland Cavaliers,new york knicks cleveland cavaliers,Jarrett Allen,jarrett allen,Rebotes (hitos),13+,0.0,11,player_rebounds_hito,REB,over,13,12.5,Jarrett Allen 13+ REB,1,
f3c1720eacd28312f0a2489a575c416e857856aa,20260521_145741,2026-05-21T14:57:41-03:00,2026-05-21T17:57:41+00:00,betano,basketball,NBA,props_nba_20260521_145741.csv,New York Knicks Cleveland Cavaliers,new york knicks cleveland cavaliers,Jarrett Allen,jarrett allen,Rebotes (hitos),14+,0.0,14,player_rebounds_hito,REB,over,14,13.5,Jarrett Allen 14+ REB,1,
c0e7173c1f3a6ab4fbecd36b6b267f5e4b39b67b,20260521_145741,2026-05-21T14:57:41-03:00,2026-05-21T17:57:41+00:00,betano,basketball,NBA,props_nba_20260521_145741.csv,New York Knicks Cleveland Cavaliers,new york knicks cleveland cavaliers,Josh Hart,josh hart,Rebotes (hitos),7+,0.0,1.5,player_rebounds_hito,REB,over,7,6.5,Josh Hart 7+ REB,1,
a45acf6ec142510c3e751ddd2923a85390ab4fd1,20260521_145741,2026-05-21T14:57:41-03:00,2026-05-21T17:57:41+00:00,betano,basketball,NBA,props_nba_20260521_145741.csv,New York Knicks Cleveland Cavaliers,new york knicks cleveland cavaliers,Josh Hart,josh hart,Rebotes (hitos),8+,0.0,1.93,player_rebounds_hito,REB,over,8,7.5,Josh Hart 8+ REB,1,
1931fa4d5ee262a2bb3a9ba349fd3d8c18e28054,20260521_145741,2026-05-21T14:57:41-03:00,2026-05-21T17:57:41+00:00,betano,basketball,NBA,props_nba_20260521_145741.csv,New York Knicks Cleveland Cavaliers,new york knicks cleveland cavaliers,Josh Hart,josh hart,Rebotes (hitos),9+,0.0,2.65,player_rebounds_hito,REB,over,9,8.5,Josh Hart 9+ REB,1,
c31bb925a9dc044292276e6bf3d80015a424a96c,20260521_145741,2026-05-21T14:57:41-03:00,2026-05-21T17:57:41+00:00,betano,basketball,NBA,props_nba_20260521_145741.csv,New York Knicks Cleveland Cavaliers,new york knicks cleveland cavaliers,Josh Hart,josh hart,Rebotes (hitos),10+,0.0,3.85,player_rebounds_hito,REB,over,10,9.5,Josh Hart 10+ REB,1,
5f8538bc1015486127634ea1a21cb6a4ce32386c,20260521_145741,2026-05-21T14:57:41-03:00,2026-05-21T17:57:41+00:00,betano,basketball,NBA,props_nba_20260521_145741.csv,New York Knicks Cleveland Cavaliers,new york knicks cleveland cavaliers,Josh Hart,josh hart,Rebotes (hitos),11+,0.0,5.7,player_rebounds_hito,REB,over,11,10.5,Josh Hart 11+ REB,1,
a34d5696a82342fc88d4e6ce9752514ca6169e34,20260521_145741,2026-05-21T14:57:41-03:00,2026-05-21T17:57:41+00:00,betano,basketball,NBA,props_nba_20260521_145741.csv,New York Knicks Cleveland Cavaliers,new york knicks cleveland cavaliers,Josh Hart,josh hart,Rebotes (hitos),12+,0.0,8.25,player_rebounds_hito,REB,over,12,11.5,Josh Hart 12+ REB,1,
3d03f172d972e6d752941c5db3016cbea2ce7e1f,20260521_145741,2026-05-21T14:57:41-03:00,2026-05-21T17:57:41+00:00,betano,basketball,NBA,props_nba_20260521_145741.csv,New York Knicks Cleveland Cavaliers,new york knicks cleveland cavaliers,Josh Hart,josh hart,Rebotes (hitos),13+,0.0,11.75,player_rebounds_hito,REB,over,13,12.5,Josh Hart 13+ REB,1,
46f7f9c0680053eb69eb35f8faceb45ff56d0ee3,20260521_145741,2026-05-21T14:57:41-03:00,2026-05-21T17:57:41+00:00,betano,basketball,NBA,props_nba_20260521_145741.csv,New York Knicks Cleveland Cavaliers,new york knicks cleveland cavaliers,Josh Hart,josh hart,Rebotes (hitos),14+,0.0,15,player_rebounds_hito,REB,over,14,13.5,Josh Hart 14+ REB,1,
621c5279066db7217d88f7ab42f4a9cc036835d2,20260521_145741,2026-05-21T14:57:41-03:00,2026-05-21T17:57:41+00:00,betano,basketball,NBA,props_nba_20260521_145741.csv,New York Knicks Cleveland Cavaliers,new york knicks cleveland cavaliers,Mitchell Robinson,mitchell robinson,Rebotes (hitos),6+,0.0,1.27,player_rebounds_hito,REB,over,6,5.5,Mitchell Robinson 6+ REB,1,
8dae936c5e3a52503e0e03553fa58590982a2bd6,20260521_145741,2026-05-21T14:57:41-03:00,2026-05-21T17:57:41+00:00,betano,basketball,NBA,props_nba_20260521_145741.csv,New York Knicks Cleveland Cavaliers,new york knicks cleveland cavaliers,Mitchell Robinson,mitchell robinson,Rebotes (hitos),7+,0.0,1.6,player_rebounds_hito,REB,over,7,6.5,Mitchell Robinson 7+ REB,1,
31ff9fdd612df46d072c34a635b453c6124a4b52,20260521_145741,2026-05-21T14:57:41-03:00,2026-05-21T17:57:41+00:00,betano,basketball,NBA,props_nba_20260521_145741.csv,New York Knicks Cleveland Cavaliers,new york knicks cleveland cavaliers,Mitchell Robinson,mitchell robinson,Rebotes (hitos),8+,0.0,2.12,player_rebounds_hito,REB,over,8,7.5,Mitchell Robinson 8+ REB,1,
6f1b1a57ebb876b084d989324d2fd9e3e1c7b22d,20260521_145741,2026-05-21T14:57:41-03:00,2026-05-21T17:57:41+00:00,betano,basketball,NBA,props_nba_20260521_145741.csv,New York Knicks Cleveland Cavaliers,new york knicks cleveland cavaliers,Mitchell Robinson,mitchell robinson,Rebotes (hitos),9+,0.0,2.75,player_rebounds_hito,REB,over,9,8.5,Mitchell Robinson 9+ REB,1,
24a3cab4d9ff6f606fe87eebe0bc748cd8679a19,20260521_145741,2026-05-21T14:57:41-03:00,2026-05-21T17:57:41+00:00,betano,basketball,NBA,props_nba_20260521_145741.csv,New York Knicks Cleveland Cavaliers,new york knicks cleveland cavaliers,Mitchell Robinson,mitchell robinson,Rebotes (hitos),10+,0.0,3.75,player_rebounds_hito,REB,over,10,9.5,Mitchell Robinson 10+ REB,1,
9498d2dba66470b74ba7386611d90d9eb39c35be,20260521_145741,2026-05-21T14:57:41-03:00,2026-05-21T17:57:41+00:00,betano,basketball,NBA,props_nba_20260521_145741.csv,New York Knicks Cleveland Cavaliers,new york knicks cleveland cavaliers,Mitchell Robinson,mitchell robinson,Rebotes (hitos),11+,0.0,5.1,player_rebounds_hito,REB,over,11,10.5,Mitchell Robinson 11+ REB,1,
44a7bf2810f24d1b1beea464c59990261b4108a6,20260521_145741,2026-05-21T14:57:41-03:00,2026-05-21T17:57:41+00:00,betano,basketball,NBA,props_nba_20260521_145741.csv,New York Knicks Cleveland Cavaliers,new york knicks cleveland cavaliers,Mitchell Robinson,mitchell robinson,Rebotes (hitos),12+,0.0,6.4,player_rebounds_hito,REB,over,12,11.5,Mitchell Robinson 12+ REB,1,
fb3e373c91c159c0895e34bc6276211345c8e63b,20260521_145741,2026-05-21T14:57:41-03:00,2026-05-21T17:57:41+00:00,betano,basketball,NBA,props_nba_20260521_145741.csv,New York Knicks Cleveland Cavaliers,new york knicks cleveland cavaliers,Mitchell Robinson,mitchell robinson,Rebotes (hitos),13+,0.0,7.4,player_rebounds_hito,REB,over,13,12.5,Mitchell Robinson 13+ REB,1,
e3619935097a73704ea81a5100a449acd75ed2f5,20260521_145741,2026-05-21T14:57:41-03:00,2026-05-21T17:57:41+00:00,betano,basketball,NBA,props_nba_20260521_145741.csv,New York Knicks Cleveland Cavaliers,new york knicks cleveland cavaliers,OG Anunoby,og anunoby,Rebotes (hitos),5+,0.0,1.52,player_rebounds_hito,REB,over,5,4.5,OG Anunoby 5+ REB,1,
bd63e960f511e6a76fb90c1078ad0f0c2df7d2e9,20260521_145741,2026-05-21T14:57:41-03:00,2026-05-21T17:57:41+00:00,betano,basketball,NBA,props_nba_20260521_145741.csv,New York Knicks Cleveland Cavaliers,new york knicks cleveland cavaliers,OG Anunoby,og anunoby,Rebotes (hitos),6+,0.0,2.07,player_rebounds_hito,REB,over,6,5.5,OG Anunoby 6+ REB,1,
f6084554f61a009080b404d5739cce9d81785933,20260521_145741,2026-05-21T14:57:41-03:00,2026-05-21T17:57:41+00:00,betano,basketball,NBA,props_nba_20260521_145741.csv,New York Knicks Cleveland Cavaliers,new york knicks cleveland cavaliers,OG Anunoby,og anunoby,Rebotes (hitos),7+,0.0,3.05,player_rebounds_hito,REB,over,7,6.5,OG Anunoby 7+ REB,1,
1ce9c7248feff1fac2775c3f8829d84c4b05da2d,20260521_145741,2026-05-21T14:57:41-03:00,2026-05-21T17:57:41+00:00,betano,basketball,NBA,props_nba_20260521_145741.csv,New York Knicks Cleveland Cavaliers,new york knicks cleveland cavaliers,OG Anunoby,og anunoby,Rebotes (hitos),8+,0.0,4.85,player_rebounds_hito,REB,over,8,7.5,OG Anunoby 8+ REB,1,
52323eb7f644c3125ba12e66db1fb8e4635f626f,20260521_145741,2026-05-21T14:57:41-03:00,2026-05-21T17:57:41+00:00,betano,basketball,NBA,props_nba_20260521_145741.csv,New York Knicks Cleveland Cavaliers,new york knicks cleveland cavaliers,OG Anunoby,og anunoby,Rebotes (hitos),9+,0.0,7.6,player_rebounds_hito,REB,over,9,8.5,OG Anunoby 9+ REB,1,
7f1853d4da854398e3481a3cd03679b67b1f8e81,20260521_145741,2026-05-21T14:57:41-03:00,2026-05-21T17:57:41+00:00,betano,basketball,NBA,props_nba_20260521_145741.csv,New York Knicks Cleveland Cavaliers,new york knicks cleveland cavaliers,OG Anunoby,og anunoby,Rebotes (hitos),10+,0.0,11.25,player_rebounds_hito,REB,over,10,9.5,OG Anunoby 10+ REB,1,
2a548672b97b6ae12d4b3a361322422a9e433114,20260521_145741,2026-05-21T14:57:41-03:00,2026-05-21T17:57:41+00:00,betano,basketball,NBA,props_nba_20260521_145741.csv,New York Knicks Cleveland Cavaliers,new york knicks cleveland cavaliers,James Harden,james harden,Rebotes (hitos),4+,0.0,1.39,player_rebounds_hito,REB,over,4,3.5,James Harden 4+ REB,1,
034d2435fc857d22138004d06d748c8a6bec043b,20260521_145741,2026-05-21T14:57:41-03:00,2026-05-21T17:57:41+00:00,betano,basketball,NBA,props_nba_20260521_145741.csv,New York Knicks Cleveland Cavaliers,new york knicks cleveland cavaliers,James Harden,james harden,Rebotes (hitos),5+,0.0,1.91,player_rebounds_hito,REB,over,5,4.5,James Harden 5+ REB,1,
041a8f36c848749c76d5509d27e0ee86e3e72544,20260521_145741,2026-05-21T14:57:41-03:00,2026-05-21T17:57:41+00:00,betano,basketball,NBA,props_nba_20260521_145741.csv,New York Knicks Cleveland Cavaliers,new york knicks cleveland cavaliers,James Harden,james harden,Rebotes (hitos),6+,0.0,2.9,player_rebounds_hito,REB,over,6,5.5,James Harden 6+ REB,1,
90543fe3794d630791836515e59c292ab793cf69,20260521_145741,2026-05-21T14:57:41-03:00,2026-05-21T17:57:41+00:00,betano,basketball,NBA,props_nba_20260521_145741.csv,New York Knicks Cleveland Cavaliers,new york knicks cleveland cavaliers,James Harden,james harden,Rebotes (hitos),7+,0.0,4.6,player_rebounds_hito,REB,over,7,6.5,James Harden 7+ REB,1,
b93a7cab6ab3d3b4e1b2258c66dac0f403af42d5,20260521_145741,2026-05-21T14:57:41-03:00,2026-05-21T17:57:41+00:00,betano,basketball,NBA,props_nba_20260521_145741.csv,New York Knicks Cleveland Cavaliers,new york knicks cleveland cavaliers,James Harden,james harden,Rebotes (hitos),8+,0.0,7.5,player_rebounds_hito,REB,over,8,7.5,James Harden 8+ REB,1,
82abfd0c6d2a7c6793749262b97e1a29046f9132,20260521_145741,2026-05-21T14:57:41-03:00,2026-05-21T17:57:41+00:00,betano,basketball,NBA,props_nba_20260521_145741.csv,New York Knicks Cleveland Cavaliers,new york knicks cleveland cavaliers,James Harden,james harden,Rebotes (hitos),9+,0.0,11.25,player_rebounds_hito,REB,over,9,8.5,James Harden 9+ REB,1,
5e9ff6d631df1658fe9f2ab1bc0ea6f9c5034311,20260521_145741,2026-05-21T14:57:41-03:00,2026-05-21T17:57:41+00:00,betano,basketball,NBA,props_nba_20260521_145741.csv,New York Knicks Cleveland Cavaliers,new york knicks cleveland cavaliers,Donovan Mitchell,donovan mitchell,Rebotes (hitos),4+,0.0,1.44,player_rebounds_hito,REB,over,4,3.5,Donovan Mitchell 4+ REB,1,
cab3b4a062f1c4a5334823e9a71e252b31b1f6cc,20260521_145741,2026-05-21T14:57:41-03:00,2026-05-21T17:57:41+00:00,betano,basketball,NBA,props_nba_20260521_145741.csv,New York Knicks Cleveland Cavaliers,new york knicks cleveland cavaliers,Donovan Mitchell,donovan mitchell,Rebotes (hitos),5+,0.0,2.02,player_rebounds_hito,REB,over,5,4.5,Donovan Mitchell 5+ REB,1,
d2c3cd26fe5fe344083e5b6daffdc4e5a93772ed,20260521_145741,2026-05-21T14:57:41-03:00,2026-05-21T17:57:41+00:00,betano,basketball,NBA,props_nba_20260521_145741.csv,New York Knicks Cleveland Cavaliers,new york knicks cleveland cavaliers,Donovan Mitchell,donovan mitchell,Rebotes (hitos),6+,0.0,3.1,player_rebounds_hito,REB,over,6,5.5,Donovan Mitchell 6+ REB,1,
9279e8113b5199428d4f3e1ac45ecaf26abd605d,20260521_145741,2026-05-21T14:57:41-03:00,2026-05-21T17:57:41+00:00,betano,basketball,NBA,props_nba_20260521_145741.csv,New York Knicks Cleveland Cavaliers,new york knicks cleveland cavaliers,Donovan Mitchell,donovan mitchell,Rebotes (hitos),7+,0.0,5,player_rebounds_hito,REB,over,7,6.5,Donovan Mitchell 7+ REB,1,
79b2c200f539a67d9f722cc49d6c7fafcd909e2a,20260521_145741,2026-05-21T14:57:41-03:00,2026-05-21T17:57:41+00:00,betano,basketball,NBA,props_nba_20260521_145741.csv,New York Knicks Cleveland Cavaliers,new york knicks cleveland cavaliers,Donovan Mitchell,donovan mitchell,Rebotes (hitos),8+,0.0,8,player_rebounds_hito,REB,over,8,7.5,Donovan Mitchell 8+ REB,1,
0c79d89997aceaf43e71577b90e7121f3212aa94,20260521_145741,2026-05-21T14:57:41-03:00,2026-05-21T17:57:41+00:00,betano,basketball,NBA,props_nba_20260521_145741.csv,New York Knicks Cleveland Cavaliers,new york knicks cleveland cavaliers,Donovan Mitchell,donovan mitchell,Rebotes (hitos),9+,0.0,12,player_rebounds_hito,REB,over,9,8.5,Donovan Mitchell 9+ REB,1,
6fa1c8c46c2df54b418fae51dad7d1894b9342a7,20260521_145741,2026-05-21T14:57:41-03:00,2026-05-21T17:57:41+00:00,betano,basketball,NBA,props_nba_20260521_145741.csv,New York Knicks Cleveland Cavaliers,new york knicks cleveland cavaliers,Max Strus,max strus,Rebotes (hitos),4+,0.0,1.5,player_rebounds_hito,REB,over,4,3.5,Max Strus 4+ REB,1,
e1772f98445b24f574a884cc1756d07656e01a54,20260521_145741,2026-05-21T14:57:41-03:00,2026-05-21T17:57:41+00:00,betano,basketball,NBA,props_nba_20260521_145741.csv,New York Knicks Cleveland Cavaliers,new york knicks cleveland cavaliers,Max Strus,max strus,Rebotes (hitos),5+,0.0,2.12,player_rebounds_hito,REB,over,5,4.5,Max Strus 5+ REB,1,
b1a8c6750900ff32497244e69bd41b0b6d41ff68,20260521_145741,2026-05-21T14:57:41-03:00,2026-05-21T17:57:41+00:00,betano,basketball,NBA,props_nba_20260521_145741.csv,New York Knicks Cleveland Cavaliers,new york knicks cleveland cavaliers,Max Strus,max strus,Rebotes (hitos),6+,0.0,3.3,player_rebounds_hito,REB,over,6,5.5,Max Strus 6+ REB,1,
85a0c6aeb65306b0fa76b6a1ad06e829251d4e09,20260521_145741,2026-05-21T14:57:41-03:00,2026-05-21T17:57:41+00:00,betano,basketball,NBA,props_nba_20260521_145741.csv,New York Knicks Cleveland Cavaliers,new york knicks cleveland cavaliers,Max Strus,max strus,Rebotes (hitos),7+,0.0,5.4,player_rebounds_hito,REB,over,7,6.5,Max Strus 7+ REB,1,
013e73c2747fbefbe6307dc43474c6380b0cb70b,20260521_145741,2026-05-21T14:57:41-03:00,2026-05-21T17:57:41+00:00,betano,basketball,NBA,props_nba_20260521_145741.csv,New York Knicks Cleveland Cavaliers,new york knicks cleveland cavaliers,Max Strus,max strus,Rebotes (hitos),8+,0.0,8.75,player_rebounds_hito,REB,over,8,7.5,Max Strus 8+ REB,1,
777bbf7cca927a032f80c3c88a2ddf774fff69df,20260521_145741,2026-05-21T14:57:41-03:00,2026-05-21T17:57:41+00:00,betano,basketball,NBA,props_nba_20260521_145741.csv,New York Knicks Cleveland Cavaliers,new york knicks cleveland cavaliers,Max Strus,max strus,Rebotes (hitos),9+,0.0,13,player_rebounds_hito,REB,over,9,8.5,Max Strus 9+ REB,1,
2e22fe588c0a9fe5f544e2d7cad75526f5432f74,20260521_145741,2026-05-21T14:57:41-03:00,2026-05-21T17:57:41+00:00,betano,basketball,NBA,props_nba_20260521_145741.csv,New York Knicks Cleveland Cavaliers,new york knicks cleveland cavaliers,Dean Wade,dean wade,Rebotes (hitos),3+,0.0,1.19,player_rebounds_hito,REB,over,3,2.5,Dean Wade 3+ REB,1,
ee4dbf05edb1f01390fda8405fe419fb1ee98173,20260521_145741,2026-05-21T14:57:41-03:00,2026-05-21T17:57:41+00:00,betano,basketball,NBA,props_nba_20260521_145741.csv,New York Knicks Cleveland Cavaliers,new york knicks cleveland cavaliers,Dean Wade,dean wade,Rebotes (hitos),4+,0.0,1.52,player_rebounds_hito,REB,over,4,3.5,Dean Wade 4+ REB,1,
f395e58997a1ead3ff121d1b574560b28bb9b207,20260521_145741,2026-05-21T14:57:41-03:00,2026-05-21T17:57:41+00:00,betano,basketball,NBA,props_nba_20260521_145741.csv,New York Knicks Cleveland Cavaliers,new york knicks cleveland cavaliers,Dean Wade,dean wade,Rebotes (hitos),5+,0.0,2.15,player_rebounds_hito,REB,over,5,4.5,Dean Wade 5+ REB,1,
83ec25248ed5e2c761a2aeba8ad9c6631470717c,20260521_145741,2026-05-21T14:57:41-03:00,2026-05-21T17:57:41+00:00,betano,basketball,NBA,props_nba_20260521_145741.csv,New York Knicks Cleveland Cavaliers,new york knicks cleveland cavaliers,Dean Wade,dean wade,Rebotes (hitos),6+,0.0,3.4,player_rebounds_hito,REB,over,6,5.5,Dean Wade 6+ REB,1,
469eff30d526ef30efa7e7cfd5c7c69d5ed05a1c,20260521_145741,2026-05-21T14:57:41-03:00,2026-05-21T17:57:41+00:00,betano,basketball,NBA,props_nba_20260521_145741.csv,New York Knicks Cleveland Cavaliers,new york knicks cleveland cavaliers,Dean Wade,dean wade,Rebotes (hitos),7+,0.0,5.6,player_rebounds_hito,REB,over,7,6.5,Dean Wade 7+ REB,1,
293b57cfdfd96e29b3bf82dd3c593c17f6db4edd,20260521_145741,2026-05-21T14:57:41-03:00,2026-05-21T17:57:41+00:00,betano,basketball,NBA,props_nba_20260521_145741.csv,New York Knicks Cleveland Cavaliers,new york knicks cleveland cavaliers,Dean Wade,dean wade,Rebotes (hitos),8+,0.0,9,player_rebounds_hito,REB,over,8,7.5,Dean Wade 8+ REB,1,
ce53d050da65bc9ccf2fe3eabc2231afdd30f061,20260521_145741,2026-05-21T14:57:41-03:00,2026-05-21T17:57:41+00:00,betano,basketball,NBA,props_nba_20260521_145741.csv,New York Knicks Cleveland Cavaliers,new york knicks cleveland cavaliers,Mikal Bridges,mikal bridges,Rebotes (hitos),3+,0.0,1.42,player_rebounds_hito,REB,over,3,2.5,Mikal Bridges 3+ REB,1,
059023cec5794bfd582f8acf04c1045e6dcb2569,20260521_145741,2026-05-21T14:57:41-03:00,2026-05-21T17:57:41+00:00,betano,basketball,NBA,props_nba_20260521_145741.csv,New York Knicks Cleveland Cavaliers,new york knicks cleveland cavaliers,Mikal Bridges,mikal bridges,Rebotes (hitos),4+,0.0,2.07,player_rebounds_hito,REB,over,4,3.5,Mikal Bridges 4+ REB,1,
bdcc0c8b937e25770929dae567f3b6386335bc92,20260521_145741,2026-05-21T14:57:41-03:00,2026-05-21T17:57:41+00:00,betano,basketball,NBA,props_nba_20260521_145741.csv,New York Knicks Cleveland Cavaliers,new york knicks cleveland cavaliers,Mikal Bridges,mikal bridges,Rebotes (hitos),5+,0.0,3.4,player_rebounds_hito,REB,over,5,4.5,Mikal Bridges 5+ REB,1,
dc31f77794cc4d50f32f121e84643b0b2d09b3bb,20260521_145741,2026-05-21T14:57:41-03:00,2026-05-21T17:57:41+00:00,betano,basketball,NBA,props_nba_20260521_145741.csv,New York Knicks Cleveland Cavaliers,new york knicks cleveland cavaliers,Mikal Bridges,mikal bridges,Rebotes (hitos),6+,0.0,5.9,player_rebounds_hito,REB,over,6,5.5,Mikal Bridges 6+ REB,1,
386be9504676e1d9457ceea652a97d6047eecc40,20260521_145741,2026-05-21T14:57:41-03:00,2026-05-21T17:57:41+00:00,betano,basketball,NBA,props_nba_20260521_145741.csv,New York Knicks Cleveland Cavaliers,new york knicks cleveland cavaliers,Mikal Bridges,mikal bridges,Rebotes (hitos),7+,0.0,9.75,player_rebounds_hito,REB,over,7,6.5,Mikal Bridges 7+ REB,1,
49dc4c95375737d987f508ea23f078e721ea9b87,20260521_145741,2026-05-21T14:57:41-03:00,2026-05-21T17:57:41+00:00,betano,basketball,NBA,props_nba_20260521_145741.csv,New York Knicks Cleveland Cavaliers,new york knicks cleveland cavaliers,Mikal Bridges,mikal bridges,Rebotes (hitos),8+,0.0,14.5,player_rebounds_hito,REB,over,8,7.5,Mikal Bridges 8+ REB,1,
a955f7193309c1482e678ac491614c7131b84c43,20260521_145741,2026-05-21T14:57:41-03:00,2026-05-21T17:57:41+00:00,betano,basketball,NBA,props_nba_20260521_145741.csv,New York Knicks Cleveland Cavaliers,new york knicks cleveland cavaliers,Jalen Brunson,jalen brunson,Rebotes (hitos),2+,0.0,1.12,player_rebounds_hito,REB,over,2,1.5,Jalen Brunson 2+ REB,1,
ab1eb2c6e552e88c9ef0d3a3bd0fd9ec8d644955,20260521_145741,2026-05-21T14:57:41-03:00,2026-05-21T17:57:41+00:00,betano,basketball,NBA,props_nba_20260521_145741.csv,New York Knicks Cleveland Cavaliers,new york knicks cleveland cavaliers,Jalen Brunson,jalen brunson,Rebotes (hitos),3+,0.0,1.52,player_rebounds_hito,REB,over,3,2.5,Jalen Brunson 3+ REB,1,
5e61af24703470a4d4292ee7667757081b6c7d1b,20260521_145741,2026-05-21T14:57:41-03:00,2026-05-21T17:57:41+00:00,betano,basketball,NBA,props_nba_20260521_145741.csv,New York Knicks Cleveland Cavaliers,new york knicks cleveland cavaliers,Jalen Brunson,jalen brunson,Rebotes (hitos),4+,0.0,2.32,player_rebounds_hito,REB,over,4,3.5,Jalen Brunson 4+ REB,1,
4fe00db771568b24046e29d2c1b0172f8c6ceb3b,20260521_145741,2026-05-21T14:57:41-03:00,2026-05-21T17:57:41+00:00,betano,basketball,NBA,props_nba_20260521_145741.csv,New York Knicks Cleveland Cavaliers,new york knicks cleveland cavaliers,Jalen Brunson,jalen brunson,Rebotes (hitos),5+,0.0,3.8,player_rebounds_hito,REB,over,5,4.5,Jalen Brunson 5+ REB,1,
33a470c959dc5df27f33f428770dbc8f639090f2,20260521_145741,2026-05-21T14:57:41-03:00,2026-05-21T17:57:41+00:00,betano,basketball,NBA,props_nba_20260521_145741.csv,New York Knicks Cleveland Cavaliers,new york knicks cleveland cavaliers,Jordan Clarkson,jordan clarkson,Rebotes (hitos),1+,0.0,1.16,player_rebounds_hito,REB,over,1,0.5,Jordan Clarkson 1+ REB,1,
d58f342c478facd2c766ff70463b577c8ac87694,20260521_145741,2026-05-21T14:57:41-03:00,2026-05-21T17:57:41+00:00,betano,basketball,NBA,props_nba_20260521_145741.csv,New York Knicks Cleveland Cavaliers,new york knicks cleveland cavaliers,Jordan Clarkson,jordan clarkson,Rebotes (hitos),2+,0.0,1.85,player_rebounds_hito,REB,over,2,1.5,Jordan Clarkson 2+ REB,1,
0216515b0ae7e86f915fa33fe8a137b7ce1ac615,20260521_145741,2026-05-21T14:57:41-03:00,2026-05-21T17:57:41+00:00,betano,basketball,NBA,props_nba_20260521_145741.csv,New York Knicks Cleveland Cavaliers,new york knicks cleveland cavaliers,Jordan Clarkson,jordan clarkson,Rebotes (hitos),3+,0.0,3.55,player_rebounds_hito,REB,over,3,2.5,Jordan Clarkson 3+ REB,1,
c780eb9e4570c43227958da88ea4604e95edca8c,20260521_145741,2026-05-21T14:57:41-03:00,2026-05-21T17:57:41+00:00,betano,basketball,NBA,props_nba_20260521_145741.csv,New York Knicks Cleveland Cavaliers,new york knicks cleveland cavaliers,Jordan Clarkson,jordan clarkson,Rebotes (hitos),4+,0.0,7.4,player_rebounds_hito,REB,over,4,3.5,Jordan Clarkson 4+ REB,1,
3351f8ea86103ad3dafb36b02ca905e1fc6cb63b,20260521_145741,2026-05-21T14:57:41-03:00,2026-05-21T17:57:41+00:00,betano,basketball,NBA,props_nba_20260521_145741.csv,New York Knicks Cleveland Cavaliers,new york knicks cleveland cavaliers,Sam Merrill,sam merrill,Rebotes (hitos),1+,0.0,1.16,player_rebounds_hito,REB,over,1,0.5,Sam Merrill 1+ REB,1,
d85153de19de3bbe7cb14a4611dd1e740373cb68,20260521_145741,2026-05-21T14:57:41-03:00,2026-05-21T17:57:41+00:00,betano,basketball,NBA,props_nba_20260521_145741.csv,New York Knicks Cleveland Cavaliers,new york knicks cleveland cavaliers,Sam Merrill,sam merrill,Rebotes (hitos),2+,0.0,1.85,player_rebounds_hito,REB,over,2,1.5,Sam Merrill 2+ REB,1,
9ac34c026a2c3a925047c0738efee9765058f60e,20260521_145741,2026-05-21T14:57:41-03:00,2026-05-21T17:57:41+00:00,betano,basketball,NBA,props_nba_20260521_145741.csv,New York Knicks Cleveland Cavaliers,new york knicks cleveland cavaliers,Sam Merrill,sam merrill,Rebotes (hitos),3+,0.0,3.65,player_rebounds_hito,REB,over,3,2.5,Sam Merrill 3+ REB,1,
5c0a3e0026ee2331956124838eb4d42584adcb8d,20260521_145741,2026-05-21T14:57:41-03:00,2026-05-21T17:57:41+00:00,betano,basketball,NBA,props_nba_20260521_145741.csv,New York Knicks Cleveland Cavaliers,new york knicks cleveland cavaliers,Sam Merrill,sam merrill,Rebotes (hitos),4+,0.0,7.8,player_rebounds_hito,REB,over,4,3.5,Sam Merrill 4+ REB,1,
5ecf4aaa1845205be35813835a824e8178b45f2b,20260521_145741,2026-05-21T14:57:41-03:00,2026-05-21T17:57:41+00:00,betano,basketball,NBA,props_nba_20260521_145741.csv,New York Knicks Cleveland Cavaliers,new york knicks cleveland cavaliers,Dennis Schroder,dennis schroder,Rebotes (hitos),1+,0.0,1.18,player_rebounds_hito,REB,over,1,0.5,Dennis Schroder 1+ REB,1,
888a69f5b4a86d1212071aa9eb42179d7f550616,20260521_145741,2026-05-21T14:57:41-03:00,2026-05-21T17:57:41+00:00,betano,basketball,NBA,props_nba_20260521_145741.csv,New York Knicks Cleveland Cavaliers,new york knicks cleveland cavaliers,Dennis Schroder,dennis schroder,Rebotes (hitos),2+,0.0,1.93,player_rebounds_hito,REB,over,2,1.5,Dennis Schroder 2+ REB,1,
8e52be227abcf36e6b6417083c1269ca8b7bc7f6,20260521_145741,2026-05-21T14:57:41-03:00,2026-05-21T17:57:41+00:00,betano,basketball,NBA,props_nba_20260521_145741.csv,New York Knicks Cleveland Cavaliers,new york knicks cleveland cavaliers,Dennis Schroder,dennis schroder,Rebotes (hitos),3+,0.0,3.85,player_rebounds_hito,REB,over,3,2.5,Dennis Schroder 3+ REB,1,
1104792fbc43e0d0cbd6a4bb959ad1289bb0cfb5,20260521_145741,2026-05-21T14:57:41-03:00,2026-05-21T17:57:41+00:00,betano,basketball,NBA,props_nba_20260521_145741.csv,New York Knicks Cleveland Cavaliers,new york knicks cleveland cavaliers,Dennis Schroder,dennis schroder,Rebotes (hitos),4+,0.0,7.8,player_rebounds_hito,REB,over,4,3.5,Dennis Schroder 4+ REB,1,
9c93faed0f392a698eea5fbb918c2a2eca5f2d8c,20260521_145741,2026-05-21T14:57:41-03:00,2026-05-21T17:57:41+00:00,betano,basketball,NBA,props_nba_20260521_145741.csv,New York Knicks Cleveland Cavaliers,new york knicks cleveland cavaliers,Landry Shamet,landry shamet,Rebotes (hitos),1+,0.0,1.3,player_rebounds_hito,REB,over,1,0.5,Landry Shamet 1+ REB,1,
08f91ec0cb0f4228f5324d0cf73cb641efe37a5a,20260521_145741,2026-05-21T14:57:41-03:00,2026-05-21T17:57:41+00:00,betano,basketball,NBA,props_nba_20260521_145741.csv,New York Knicks Cleveland Cavaliers,new york knicks cleveland cavaliers,Landry Shamet,landry shamet,Rebotes (hitos),2+,0.0,2.5,player_rebounds_hito,REB,over,2,1.5,Landry Shamet 2+ REB,1,
27252c3361ccafa3e41fc566149d68c121369457,20260521_145741,2026-05-21T14:57:41-03:00,2026-05-21T17:57:41+00:00,betano,basketball,NBA,props_nba_20260521_145741.csv,New York Knicks Cleveland Cavaliers,new york knicks cleveland cavaliers,Landry Shamet,landry shamet,Rebotes (hitos),3+,0.0,5.7,player_rebounds_hito,REB,over,3,2.5,Landry Shamet 3+ REB,1,
ce794bbb2cd29487cfafc2928983e62287bcc847,20260521_145741,2026-05-21T14:57:41-03:00,2026-05-21T17:57:41+00:00,betano,basketball,NBA,props_nba_20260521_145741.csv,New York Knicks Cleveland Cavaliers,new york knicks cleveland cavaliers,Landry Shamet,landry shamet,Rebotes (hitos),4+,0.0,11.75,player_rebounds_hito,REB,over,4,3.5,Landry Shamet 4+ REB,1,
ad7c3131f7c4776ba199f5e1c6d376fa859faf8b,20260521_145741,2026-05-21T14:57:41-03:00,2026-05-21T17:57:41+00:00,betano,basketball,NBA,props_nba_20260521_145741.csv,New York Knicks Cleveland Cavaliers,new york knicks cleveland cavaliers,Miles McBride,miles mcbride,Rebotes (hitos),1+,0.0,1.33,player_rebounds_hito,REB,over,1,0.5,Miles McBride 1+ REB,1,
7018a829be3cab121d86f89740ad260bbd173614,20260521_145741,2026-05-21T14:57:41-03:00,2026-05-21T17:57:41+00:00,betano,basketball,NBA,props_nba_20260521_145741.csv,New York Knicks Cleveland Cavaliers,new york knicks cleveland cavaliers,Miles McBride,miles mcbride,Rebotes (hitos),2+,0.0,2.6,player_rebounds_hito,REB,over,2,1.5,Miles McBride 2+ REB,1,
e93361665f1727c27d77f502a973c247587f0a86,20260521_145741,2026-05-21T14:57:41-03:00,2026-05-21T17:57:41+00:00,betano,basketball,NBA,props_nba_20260521_145741.csv,New York Knicks Cleveland Cavaliers,new york knicks cleveland cavaliers,Miles McBride,miles mcbride,Rebotes (hitos),3+,0.0,6,player_rebounds_hito,REB,over,3,2.5,Miles McBride 3+ REB,1,
b9efd9179b9572378372c21704e7c0f35f913eb8,20260521_145741,2026-05-21T14:57:41-03:00,2026-05-21T17:57:41+00:00,betano,basketball,NBA,props_nba_20260521_145741.csv,New York Knicks Cleveland Cavaliers,new york knicks cleveland cavaliers,Miles McBride,miles mcbride,Rebotes (hitos),4+,0.0,12,player_rebounds_hito,REB,over,4,3.5,Miles McBride 4+ REB,1,
8d822becbd366ceb6b3aa76d11ffae457d072bb8,20260521_145741,2026-05-21T14:57:41-03:00,2026-05-21T17:57:41+00:00,betano,basketball,NBA,props_nba_20260521_145741.csv,New York Knicks Cleveland Cavaliers,new york knicks cleveland cavaliers,Donovan Mitchell,donovan mitchell,Triples (hitos),2+,0.0,1.18,player_threes_hito,3PM,over,2,1.5,Donovan Mitchell 2+ 3PM,1,
0dbee2df8c634e9938671efc19e704b093b7c2bd,20260521_145741,2026-05-21T14:57:41-03:00,2026-05-21T17:57:41+00:00,betano,basketball,NBA,props_nba_20260521_145741.csv,New York Knicks Cleveland Cavaliers,new york knicks cleveland cavaliers,Donovan Mitchell,donovan mitchell,Triples (hitos),3+,0.0,1.62,player_threes_hito,3PM,over,3,2.5,Donovan Mitchell 3+ 3PM,1,
e95d7a6df3568e281f344730fe24c7d032366c6c,20260521_145741,2026-05-21T14:57:41-03:00,2026-05-21T17:57:41+00:00,betano,basketball,NBA,props_nba_20260521_145741.csv,New York Knicks Cleveland Cavaliers,new york knicks cleveland cavaliers,Donovan Mitchell,donovan mitchell,Triples (hitos),4+,0.0,2.57,player_threes_hito,3PM,over,4,3.5,Donovan Mitchell 4+ 3PM,1,
eade04e57c321487d05035cd04787a340091e69c,20260521_145741,2026-05-21T14:57:41-03:00,2026-05-21T17:57:41+00:00,betano,basketball,NBA,props_nba_20260521_145741.csv,New York Knicks Cleveland Cavaliers,new york knicks cleveland cavaliers,Donovan Mitchell,donovan mitchell,Triples (hitos),5+,0.0,4.6,player_threes_hito,3PM,over,5,4.5,Donovan Mitchell 5+ 3PM,1,
d9021ae53eb079203cbdd7e1f84b38342273da7d,20260521_145741,2026-05-21T14:57:41-03:00,2026-05-21T17:57:41+00:00,betano,basketball,NBA,props_nba_20260521_145741.csv,New York Knicks Cleveland Cavaliers,new york knicks cleveland cavaliers,Jalen Brunson,jalen brunson,Triples (hitos),2+,0.0,1.28,player_threes_hito,3PM,over,2,1.5,Jalen Brunson 2+ 3PM,1,
5287eb3a3ee33d4b353ea609da1e5dbc8dba99f8,20260521_145741,2026-05-21T14:57:41-03:00,2026-05-21T17:57:41+00:00,betano,basketball,NBA,props_nba_20260521_145741.csv,New York Knicks Cleveland Cavaliers,new york knicks cleveland cavaliers,Jalen Brunson,jalen brunson,Triples (hitos),3+,0.0,1.91,player_threes_hito,3PM,over,3,2.5,Jalen Brunson 3+ 3PM,1,
e1008fba2a34789b16d8559e719be80fdc5feb1f,20260521_145741,2026-05-21T14:57:41-03:00,2026-05-21T17:57:41+00:00,betano,basketball,NBA,props_nba_20260521_145741.csv,New York Knicks Cleveland Cavaliers,new york knicks cleveland cavaliers,Jalen Brunson,jalen brunson,Triples (hitos),4+,0.0,3.35,player_threes_hito,3PM,over,4,3.5,Jalen Brunson 4+ 3PM,1,
5d67cf0a4521f390d4dc62ba86d7d94a2815b98e,20260521_145741,2026-05-21T14:57:41-03:00,2026-05-21T17:57:41+00:00,betano,basketball,NBA,props_nba_20260521_145741.csv,New York Knicks Cleveland Cavaliers,new york knicks cleveland cavaliers,Jalen Brunson,jalen brunson,Triples (hitos),5+,0.0,6.2,player_threes_hito,3PM,over,5,4.5,Jalen Brunson 5+ 3PM,1,
0c128d2ca21b0f2eadea30347cc08fe2b6ec7f81,20260521_145741,2026-05-21T14:57:41-03:00,2026-05-21T17:57:41+00:00,betano,basketball,NBA,props_nba_20260521_145741.csv,New York Knicks Cleveland Cavaliers,new york knicks cleveland cavaliers,James Harden,james harden,Triples (hitos),2+,0.0,1.35,player_threes_hito,3PM,over,2,1.5,James Harden 2+ 3PM,1,
1e4209b9b627ba7c2d2ccba00a3406d2b86470fc,20260521_145741,2026-05-21T14:57:41-03:00,2026-05-21T17:57:41+00:00,betano,basketball,NBA,props_nba_20260521_145741.csv,New York Knicks Cleveland Cavaliers,new york knicks cleveland cavaliers,James Harden,james harden,Triples (hitos),3+,0.0,2.12,player_threes_hito,3PM,over,3,2.5,James Harden 3+ 3PM,1,
1b843ddc5781ddaebce10905ed20752b8d866c01,20260521_145741,2026-05-21T14:57:41-03:00,2026-05-21T17:57:41+00:00,betano,basketball,NBA,props_nba_20260521_145741.csv,New York Knicks Cleveland Cavaliers,new york knicks cleveland cavaliers,James Harden,james harden,Triples (hitos),4+,0.0,3.9,player_threes_hito,3PM,over,4,3.5,James Harden 4+ 3PM,1,
476eb91a9b55583f78ac5446887aa0c9b3e1294b,20260521_145741,2026-05-21T14:57:41-03:00,2026-05-21T17:57:41+00:00,betano,basketball,NBA,props_nba_20260521_145741.csv,New York Knicks Cleveland Cavaliers,new york knicks cleveland cavaliers,James Harden,james harden,Triples (hitos),5+,0.0,7.5,player_threes_hito,3PM,over,5,4.5,James Harden 5+ 3PM,1,
33cd1120205504813d7216d183a063def477a8c9,20260521_145741,2026-05-21T14:57:41-03:00,2026-05-21T17:57:41+00:00,betano,basketball,NBA,props_nba_20260521_145741.csv,New York Knicks Cleveland Cavaliers,new york knicks cleveland cavaliers,Max Strus,max strus,Triples (hitos),2+,0.0,1.39,player_threes_hito,3PM,over,2,1.5,Max Strus 2+ 3PM,1,
bad8bfaa7c8e0aae6d24914198ba2164968a3a26,20260521_145741,2026-05-21T14:57:41-03:00,2026-05-21T17:57:41+00:00,betano,basketball,NBA,props_nba_20260521_145741.csv,New York Knicks Cleveland Cavaliers,new york knicks cleveland cavaliers,Max Strus,max strus,Triples (hitos),3+,0.0,2.25,player_threes_hito,3PM,over,3,2.5,Max Strus 3+ 3PM,1,
4ad5b294259a668e046010d0c47880e5e6f291dc,20260521_145741,2026-05-21T14:57:41-03:00,2026-05-21T17:57:41+00:00,betano,basketball,NBA,props_nba_20260521_145741.csv,New York Knicks Cleveland Cavaliers,new york knicks cleveland cavaliers,Max Strus,max strus,Triples (hitos),4+,0.0,4.15,player_threes_hito,3PM,over,4,3.5,Max Strus 4+ 3PM,1,
4ed48fec74813fd957b3504e7593b7c4e43c4c0e,20260521_145741,2026-05-21T14:57:41-03:00,2026-05-21T17:57:41+00:00,betano,basketball,NBA,props_nba_20260521_145741.csv,New York Knicks Cleveland Cavaliers,new york knicks cleveland cavaliers,Max Strus,max strus,Triples (hitos),5+,0.0,8,player_threes_hito,3PM,over,5,4.5,Max Strus 5+ 3PM,1,
0b131b9144bd588a43db268546a9f7a71ae13a7b,20260521_145741,2026-05-21T14:57:41-03:00,2026-05-21T17:57:41+00:00,betano,basketball,NBA,props_nba_20260521_145741.csv,New York Knicks Cleveland Cavaliers,new york knicks cleveland cavaliers,OG Anunoby,og anunoby,Triples (hitos),1+,0.0,1.06,player_threes_hito,3PM,over,1,0.5,OG Anunoby 1+ 3PM,1,
bec982597eb9adc2ee323d323424c4244bb69bf9,20260521_145741,2026-05-21T14:57:41-03:00,2026-05-21T17:57:41+00:00,betano,basketball,NBA,props_nba_20260521_145741.csv,New York Knicks Cleveland Cavaliers,new york knicks cleveland cavaliers,OG Anunoby,og anunoby,Triples (hitos),2+,0.0,1.44,player_threes_hito,3PM,over,2,1.5,OG Anunoby 2+ 3PM,1,
e2b4a1e9078ebdbe792b4b48c4382148964d96fa,20260521_145741,2026-05-21T14:57:41-03:00,2026-05-21T17:57:41+00:00,betano,basketball,NBA,props_nba_20260521_145741.csv,New York Knicks Cleveland Cavaliers,new york knicks cleveland cavaliers,OG Anunoby,og anunoby,Triples (hitos),3+,0.0,2.4,player_threes_hito,3PM,over,3,2.5,OG Anunoby 3+ 3PM,1,
4a3acee63a42a791e661758f9f7ad41bbd57736b,20260521_145741,2026-05-21T14:57:41-03:00,2026-05-21T17:57:41+00:00,betano,basketball,NBA,props_nba_20260521_145741.csv,New York Knicks Cleveland Cavaliers,new york knicks cleveland cavaliers,OG Anunoby,og anunoby,Triples (hitos),4+,0.0,4.55,player_threes_hito,3PM,over,4,3.5,OG Anunoby 4+ 3PM,1,
cb3d9d5daf6dcd4b3470ea1b0b45840da5554ffc,20260521_145741,2026-05-21T14:57:41-03:00,2026-05-21T17:57:41+00:00,betano,basketball,NBA,props_nba_20260521_145741.csv,New York Knicks Cleveland Cavaliers,new york knicks cleveland cavaliers,Sam Merrill,sam merrill,Triples (hitos),1+,0.0,1.09,player_threes_hito,3PM,over,1,0.5,Sam Merrill 1+ 3PM,1,
39aa8d935514b094702900aa078d9418deed4886,20260521_145741,2026-05-21T14:57:41-03:00,2026-05-21T17:57:41+00:00,betano,basketball,NBA,props_nba_20260521_145741.csv,New York Knicks Cleveland Cavaliers,new york knicks cleveland cavaliers,Sam Merrill,sam merrill,Triples (hitos),2+,0.0,1.53,player_threes_hito,3PM,over,2,1.5,Sam Merrill 2+ 3PM,1,
25de86b61d5688db24d28f1032cb8a0b14c24f18,20260521_145741,2026-05-21T14:57:41-03:00,2026-05-21T17:57:41+00:00,betano,basketball,NBA,props_nba_20260521_145741.csv,New York Knicks Cleveland Cavaliers,new york knicks cleveland cavaliers,Sam Merrill,sam merrill,Triples (hitos),3+,0.0,2.67,player_threes_hito,3PM,over,3,2.5,Sam Merrill 3+ 3PM,1,
61b2966b0eff3492f3fd074a2afb7186a3f09df4,20260521_145741,2026-05-21T14:57:41-03:00,2026-05-21T17:57:41+00:00,betano,basketball,NBA,props_nba_20260521_145741.csv,New York Knicks Cleveland Cavaliers,new york knicks cleveland cavaliers,Sam Merrill,sam merrill,Triples (hitos),4+,0.0,5.3,player_threes_hito,3PM,over,4,3.5,Sam Merrill 4+ 3PM,1,
119204617a02007fc896382230361a1bc37b9d99,20260521_145741,2026-05-21T14:57:41-03:00,2026-05-21T17:57:41+00:00,betano,basketball,NBA,props_nba_20260521_145741.csv,New York Knicks Cleveland Cavaliers,new york knicks cleveland cavaliers,Mikal Bridges,mikal bridges,Triples (hitos),1+,0.0,1.19,player_threes_hito,3PM,over,1,0.5,Mikal Bridges 1+ 3PM,1,
6ed107271f590508bf44b6790914b55fb2910192,20260521_145741,2026-05-21T14:57:41-03:00,2026-05-21T17:57:41+00:00,betano,basketball,NBA,props_nba_20260521_145741.csv,New York Knicks Cleveland Cavaliers,new york knicks cleveland cavaliers,Mikal Bridges,mikal bridges,Triples (hitos),2+,0.0,1.95,player_threes_hito,3PM,over,2,1.5,Mikal Bridges 2+ 3PM,1,
433f4a510f044f2cf855a0921efbc764af877b36,20260521_145741,2026-05-21T14:57:41-03:00,2026-05-21T17:57:41+00:00,betano,basketball,NBA,props_nba_20260521_145741.csv,New York Knicks Cleveland Cavaliers,new york knicks cleveland cavaliers,Mikal Bridges,mikal bridges,Triples (hitos),3+,0.0,4,player_threes_hito,3PM,over,3,2.5,Mikal Bridges 3+ 3PM,1,
39ce2332bb051dccfa483029d92648747e16f1d4,20260521_145741,2026-05-21T14:57:41-03:00,2026-05-21T17:57:41+00:00,betano,basketball,NBA,props_nba_20260521_145741.csv,New York Knicks Cleveland Cavaliers,new york knicks cleveland cavaliers,Mikal Bridges,mikal bridges,Triples (hitos),4+,0.0,8.5,player_threes_hito,3PM,over,4,3.5,Mikal Bridges 4+ 3PM,1,
82b5688ff2040b69f27cfccfd87c1ea0172ddeb2,20260521_145741,2026-05-21T14:57:41-03:00,2026-05-21T17:57:41+00:00,betano,basketball,NBA,props_nba_20260521_145741.csv,New York Knicks Cleveland Cavaliers,new york knicks cleveland cavaliers,Josh Hart,josh hart,Triples (hitos),1+,0.0,1.23,player_threes_hito,3PM,over,1,0.5,Josh Hart 1+ 3PM,1,
bae96827013ad5f6e8037d3b3ecb09b4688938d3,20260521_145741,2026-05-21T14:57:41-03:00,2026-05-21T17:57:41+00:00,betano,basketball,NBA,props_nba_20260521_145741.csv,New York Knicks Cleveland Cavaliers,new york knicks cleveland cavaliers,Josh Hart,josh hart,Triples (hitos),2+,0.0,2.15,player_threes_hito,3PM,over,2,1.5,Josh Hart 2+ 3PM,1,
a4a8e4429fa60d669a1aa692b48f8ff26c90fad9,20260521_145741,2026-05-21T14:57:41-03:00,2026-05-21T17:57:41+00:00,betano,basketball,NBA,props_nba_20260521_145741.csv,New York Knicks Cleveland Cavaliers,new york knicks cleveland cavaliers,Josh Hart,josh hart,Triples (hitos),3+,0.0,4.6,player_threes_hito,3PM,over,3,2.5,Josh Hart 3+ 3PM,1,
dfa576e7db2b29e5c0569900785e69525a72bc4c,20260521_145741,2026-05-21T14:57:41-03:00,2026-05-21T17:57:41+00:00,betano,basketball,NBA,props_nba_20260521_145741.csv,New York Knicks Cleveland Cavaliers,new york knicks cleveland cavaliers,Josh Hart,josh hart,Triples (hitos),4+,0.0,9.75,player_threes_hito,3PM,over,4,3.5,Josh Hart 4+ 3PM,1,
c9801bba9223d8d651f6d9e7af165107ec858c5c,20260521_145741,2026-05-21T14:57:41-03:00,2026-05-21T17:57:41+00:00,betano,basketball,NBA,props_nba_20260521_145741.csv,New York Knicks Cleveland Cavaliers,new york knicks cleveland cavaliers,Landry Shamet,landry shamet,Triples (hitos),1+,0.0,1.23,player_threes_hito,3PM,over,1,0.5,Landry Shamet 1+ 3PM,1,
ad6fac5629eadaa2b02555f99d56b3472b575b97,20260521_145741,2026-05-21T14:57:41-03:00,2026-05-21T17:57:41+00:00,betano,basketball,NBA,props_nba_20260521_145741.csv,New York Knicks Cleveland Cavaliers,new york knicks cleveland cavaliers,Landry Shamet,landry shamet,Triples (hitos),2+,0.0,2.22,player_threes_hito,3PM,over,2,1.5,Landry Shamet 2+ 3PM,1,
8b61de25d6e421821425b05605bdb927ef63b93f,20260521_145741,2026-05-21T14:57:41-03:00,2026-05-21T17:57:41+00:00,betano,basketball,NBA,props_nba_20260521_145741.csv,New York Knicks Cleveland Cavaliers,new york knicks cleveland cavaliers,Landry Shamet,landry shamet,Triples (hitos),3+,0.0,4.5,player_threes_hito,3PM,over,3,2.5,Landry Shamet 3+ 3PM,1,
17a8b4bc5e0569af677473db2784b8b77da38f16,20260521_145741,2026-05-21T14:57:41-03:00,2026-05-21T17:57:41+00:00,betano,basketball,NBA,props_nba_20260521_145741.csv,New York Knicks Cleveland Cavaliers,new york knicks cleveland cavaliers,Landry Shamet,landry shamet,Triples (hitos),4+,0.0,8,player_threes_hito,3PM,over,4,3.5,Landry Shamet 4+ 3PM,1,
8bb4e45efb1873c70b8213ed02d7f18595e7ea0f,20260521_145741,2026-05-21T14:57:41-03:00,2026-05-21T17:57:41+00:00,betano,basketball,NBA,props_nba_20260521_145741.csv,New York Knicks Cleveland Cavaliers,new york knicks cleveland cavaliers,Evan Mobley,evan mobley,Triples (hitos),1+,0.0,1.26,player_threes_hito,3PM,over,1,0.5,Evan Mobley 1+ 3PM,1,
6626d07eb3b782115080b92d063790634a8322ed,20260521_145741,2026-05-21T14:57:41-03:00,2026-05-21T17:57:41+00:00,betano,basketball,NBA,props_nba_20260521_145741.csv,New York Knicks Cleveland Cavaliers,new york knicks cleveland cavaliers,Evan Mobley,evan mobley,Triples (hitos),2+,0.0,2.3,player_threes_hito,3PM,over,2,1.5,Evan Mobley 2+ 3PM,1,
2500cf09add4309925c000af4c310ccbfa8d0ea2,20260521_145741,2026-05-21T14:57:41-03:00,2026-05-21T17:57:41+00:00,betano,basketball,NBA,props_nba_20260521_145741.csv,New York Knicks Cleveland Cavaliers,new york knicks cleveland cavaliers,Evan Mobley,evan mobley,Triples (hitos),3+,0.0,5.1,player_threes_hito,3PM,over,3,2.5,Evan Mobley 3+ 3PM,1,
b04684241adb174f7a9dc0e796b587c0dfa209d0,20260521_145741,2026-05-21T14:57:41-03:00,2026-05-21T17:57:41+00:00,betano,basketball,NBA,props_nba_20260521_145741.csv,New York Knicks Cleveland Cavaliers,new york knicks cleveland cavaliers,Evan Mobley,evan mobley,Triples (hitos),4+,0.0,10.75,player_threes_hito,3PM,over,4,3.5,Evan Mobley 4+ 3PM,1,
e3239bd0f37b56b71babc8fb1174abc0aeac13a4,20260521_145741,2026-05-21T14:57:41-03:00,2026-05-21T17:57:41+00:00,betano,basketball,NBA,props_nba_20260521_145741.csv,New York Knicks Cleveland Cavaliers,new york knicks cleveland cavaliers,Miles McBride,miles mcbride,Triples (hitos),1+,0.0,1.28,player_threes_hito,3PM,over,1,0.5,Miles McBride 1+ 3PM,1,
53e5ba69a55c3b3defaad7e43d67f3307a4e70ac,20260521_145741,2026-05-21T14:57:41-03:00,2026-05-21T17:57:41+00:00,betano,basketball,NBA,props_nba_20260521_145741.csv,New York Knicks Cleveland Cavaliers,new york knicks cleveland cavaliers,Miles McBride,miles mcbride,Triples (hitos),2+,0.0,2.4,player_threes_hito,3PM,over,2,1.5,Miles McBride 2+ 3PM,1,
9e472861a5907b7094d1f7f46d79369ebe6d8d78,20260521_145741,2026-05-21T14:57:41-03:00,2026-05-21T17:57:41+00:00,betano,basketball,NBA,props_nba_20260521_145741.csv,New York Knicks Cleveland Cavaliers,new york knicks cleveland cavaliers,Miles McBride,miles mcbride,Triples (hitos),3+,0.0,5.5,player_threes_hito,3PM,over,3,2.5,Miles McBride 3+ 3PM,1,
b08459881815ac53174bdae846e52da7ed31f6c7,20260521_145741,2026-05-21T14:57:41-03:00,2026-05-21T17:57:41+00:00,betano,basketball,NBA,props_nba_20260521_145741.csv,New York Knicks Cleveland Cavaliers,new york knicks cleveland cavaliers,Miles McBride,miles mcbride,Triples (hitos),4+,0.0,11.5,player_threes_hito,3PM,over,4,3.5,Miles McBride 4+ 3PM,1,
755688abb8672835a7b8cc8b72e3318c681f0b12,20260521_145741,2026-05-21T14:57:41-03:00,2026-05-21T17:57:41+00:00,betano,basketball,NBA,props_nba_20260521_145741.csv,New York Knicks Cleveland Cavaliers,new york knicks cleveland cavaliers,Karl-Anthony Towns,karl anthony towns,Triples (hitos),1+,0.0,1.29,player_threes_hito,3PM,over,1,0.5,Karl-Anthony Towns 1+ 3PM,1,
b622253d94d58e53a7358b6bc53e1c80644ce416,20260521_145741,2026-05-21T14:57:41-03:00,2026-05-21T17:57:41+00:00,betano,basketball,NBA,props_nba_20260521_145741.csv,New York Knicks Cleveland Cavaliers,new york knicks cleveland cavaliers,Karl-Anthony Towns,karl anthony towns,Triples (hitos),2+,0.0,2.4,player_threes_hito,3PM,over,2,1.5,Karl-Anthony Towns 2+ 3PM,1,
15a62eacc7ab9b57dfbc588ca8d954b5de0cbbae,20260521_145741,2026-05-21T14:57:41-03:00,2026-05-21T17:57:41+00:00,betano,basketball,NBA,props_nba_20260521_145741.csv,New York Knicks Cleveland Cavaliers,new york knicks cleveland cavaliers,Karl-Anthony Towns,karl anthony towns,Triples (hitos),3+,0.0,5.4,player_threes_hito,3PM,over,3,2.5,Karl-Anthony Towns 3+ 3PM,1,
edfb81986d2675c523d3710bca6160ab2ecb9010,20260521_145741,2026-05-21T14:57:41-03:00,2026-05-21T17:57:41+00:00,betano,basketball,NBA,props_nba_20260521_145741.csv,New York Knicks Cleveland Cavaliers,new york knicks cleveland cavaliers,Karl-Anthony Towns,karl anthony towns,Triples (hitos),4+,0.0,11.25,player_threes_hito,3PM,over,4,3.5,Karl-Anthony Towns 4+ 3PM,1,
a956e27a679257404998ad3a951b733c2a00de1c,20260521_145741,2026-05-21T14:57:41-03:00,2026-05-21T17:57:41+00:00,betano,basketball,NBA,props_nba_20260521_145741.csv,New York Knicks Cleveland Cavaliers,new york knicks cleveland cavaliers,Dean Wade,dean wade,Triples (hitos),1+,0.0,1.45,player_threes_hito,3PM,over,1,0.5,Dean Wade 1+ 3PM,1,
090093a63181a4eac1c7cba1273da3197b89f2d7,20260521_145741,2026-05-21T14:57:41-03:00,2026-05-21T17:57:41+00:00,betano,basketball,NBA,props_nba_20260521_145741.csv,New York Knicks Cleveland Cavaliers,new york knicks cleveland cavaliers,Dean Wade,dean wade,Triples (hitos),2+,0.0,3.15,player_threes_hito,3PM,over,2,1.5,Dean Wade 2+ 3PM,1,
6669039c2af6ced33d7b2f0974f2ac9071f71b0b,20260521_145741,2026-05-21T14:57:41-03:00,2026-05-21T17:57:41+00:00,betano,basketball,NBA,props_nba_20260521_145741.csv,New York Knicks Cleveland Cavaliers,new york knicks cleveland cavaliers,Dean Wade,dean wade,Triples (hitos),3+,0.0,7.8,player_threes_hito,3PM,over,3,2.5,Dean Wade 3+ 3PM,1,
44636644a8fc01c738ce175caa26bcfa3013b606,20260521_145741,2026-05-21T14:57:41-03:00,2026-05-21T17:57:41+00:00,betano,basketball,NBA,props_nba_20260521_145741.csv,New York Knicks Cleveland Cavaliers,new york knicks cleveland cavaliers,Dean Wade,dean wade,Triples (hitos),4+,0.0,14.5,player_threes_hito,3PM,over,4,3.5,Dean Wade 4+ 3PM,1,
2c75577732ff14d4cdf4f413b478f3bc0728897b,20260521_145741,2026-05-21T14:57:41-03:00,2026-05-21T17:57:41+00:00,betano,basketball,NBA,props_nba_20260521_145741.csv,New York Knicks Cleveland Cavaliers,new york knicks cleveland cavaliers,Dennis Schroder,dennis schroder,Triples (hitos),1+,0.0,2.02,player_threes_hito,3PM,over,1,0.5,Dennis Schroder 1+ 3PM,1,
4be6c52fe4a34dff28080f9608f4c1b4264c01b1,20260521_145741,2026-05-21T14:57:41-03:00,2026-05-21T17:57:41+00:00,betano,basketball,NBA,props_nba_20260521_145741.csv,New York Knicks Cleveland Cavaliers,new york knicks cleveland cavaliers,Dennis Schroder,dennis schroder,Triples (hitos),2+,0.0,6,player_threes_hito,3PM,over,2,1.5,Dennis Schroder 2+ 3PM,1,
e942cd1776a58fb9913f8744cae4fcd1b289544f,20260521_145741,2026-05-21T14:57:41-03:00,2026-05-21T17:57:41+00:00,betano,basketball,NBA,props_nba_20260521_145741.csv,New York Knicks Cleveland Cavaliers,new york knicks cleveland cavaliers,Dennis Schroder,dennis schroder,Triples (hitos),3+,0.0,14,player_threes_hito,3PM,over,3,2.5,Dennis Schroder 3+ 3PM,1,
f2a8c0ae2bc1c66fb873bcf0eff24fe0d2ce9695,20260521_145741,2026-05-21T14:57:41-03:00,2026-05-21T17:57:41+00:00,betano,basketball,NBA,props_nba_20260521_145741.csv,New York Knicks Cleveland Cavaliers,new york knicks cleveland cavaliers,Jordan Clarkson,jordan clarkson,Triples (hitos),1+,0.0,3.1,player_threes_hito,3PM,over,1,0.5,Jordan Clarkson 1+ 3PM,1,
563db3e73a40e0115aefce17eab93b5af076e894,20260521_145741,2026-05-21T14:57:41-03:00,2026-05-21T17:57:41+00:00,betano,basketball,NBA,props_nba_20260521_145741.csv,New York Knicks Cleveland Cavaliers,new york knicks cleveland cavaliers,Jordan Clarkson,jordan clarkson,Triples (hitos),2+,0.0,11.25,player_threes_hito,3PM,over,2,1.5,Jordan Clarkson 2+ 3PM,1,
284f351de82532659fc330d5e79d04fad23f7c66,20260521_145741,2026-05-21T14:57:41-03:00,2026-05-21T17:57:41+00:00,betano,basketball,NBA,props_nba_20260521_145741.csv,New York Knicks Cleveland Cavaliers,new york knicks cleveland cavaliers,OG Anunoby,og anunoby,Robos (hitos),1+,0.0,1.25,player_steals_hito,STL,over,1,0.5,OG Anunoby 1+ STL,1,
4820a08213fe3ae0241010404f8f8b3d1e4a1263,20260521_145741,2026-05-21T14:57:41-03:00,2026-05-21T17:57:41+00:00,betano,basketball,NBA,props_nba_20260521_145741.csv,New York Knicks Cleveland Cavaliers,new york knicks cleveland cavaliers,OG Anunoby,og anunoby,Robos (hitos),2+,0.0,2.22,player_steals_hito,STL,over,2,1.5,OG Anunoby 2+ STL,1,
c0b0bc17b11fcb6d0209092474e19e7cfbe72d50,20260521_145741,2026-05-21T14:57:41-03:00,2026-05-21T17:57:41+00:00,betano,basketball,NBA,props_nba_20260521_145741.csv,New York Knicks Cleveland Cavaliers,new york knicks cleveland cavaliers,OG Anunoby,og anunoby,Robos (hitos),3+,0.0,4.7,player_steals_hito,STL,over,3,2.5,OG Anunoby 3+ STL,1,
2894df9c2bec80b0e79de1b041195404fbef03ff,20260521_145741,2026-05-21T14:57:41-03:00,2026-05-21T17:57:41+00:00,betano,basketball,NBA,props_nba_20260521_145741.csv,New York Knicks Cleveland Cavaliers,new york knicks cleveland cavaliers,OG Anunoby,og anunoby,Robos (hitos),4+,0.0,10,player_steals_hito,STL,over,4,3.5,OG Anunoby 4+ STL,1,
9fe4c8cf60ae9a4f47f9dd0f7102f5cb27cb2799,20260521_145741,2026-05-21T14:57:41-03:00,2026-05-21T17:57:41+00:00,betano,basketball,NBA,props_nba_20260521_145741.csv,New York Knicks Cleveland Cavaliers,new york knicks cleveland cavaliers,Josh Hart,josh hart,Robos (hitos),1+,0.0,1.28,player_steals_hito,STL,over,1,0.5,Josh Hart 1+ STL,1,
5ac7c3aeace7dddc525b52c12212298229d36211,20260521_145741,2026-05-21T14:57:41-03:00,2026-05-21T17:57:41+00:00,betano,basketball,NBA,props_nba_20260521_145741.csv,New York Knicks Cleveland Cavaliers,new york knicks cleveland cavaliers,Josh Hart,josh hart,Robos (hitos),2+,0.0,2.37,player_steals_hito,STL,over,2,1.5,Josh Hart 2+ STL,1,
43fc9774c3fd1a5503d6606af1bd64048617acc2,20260521_145741,2026-05-21T14:57:41-03:00,2026-05-21T17:57:41+00:00,betano,basketball,NBA,props_nba_20260521_145741.csv,New York Knicks Cleveland Cavaliers,new york knicks cleveland cavaliers,Josh Hart,josh hart,Robos (hitos),3+,0.0,5.3,player_steals_hito,STL,over,3,2.5,Josh Hart 3+ STL,1,
ba021b6b4346972810c046ec7e43fba9d65713d7,20260521_145741,2026-05-21T14:57:41-03:00,2026-05-21T17:57:41+00:00,betano,basketball,NBA,props_nba_20260521_145741.csv,New York Knicks Cleveland Cavaliers,new york knicks cleveland cavaliers,Josh Hart,josh hart,Robos (hitos),4+,0.0,11.25,player_steals_hito,STL,over,4,3.5,Josh Hart 4+ STL,1,
d5f34837cc0b7557cf23037a4f08802b72363db6,20260521_145741,2026-05-21T14:57:41-03:00,2026-05-21T17:57:41+00:00,betano,basketball,NBA,props_nba_20260521_145741.csv,New York Knicks Cleveland Cavaliers,new york knicks cleveland cavaliers,Donovan Mitchell,donovan mitchell,Robos (hitos),1+,0.0,1.3,player_steals_hito,STL,over,1,0.5,Donovan Mitchell 1+ STL,1,
25e15db689b1f33593cd7cf240d122d980b0fbe4,20260521_145741,2026-05-21T14:57:41-03:00,2026-05-21T17:57:41+00:00,betano,basketball,NBA,props_nba_20260521_145741.csv,New York Knicks Cleveland Cavaliers,new york knicks cleveland cavaliers,Donovan Mitchell,donovan mitchell,Robos (hitos),2+,0.0,2.45,player_steals_hito,STL,over,2,1.5,Donovan Mitchell 2+ STL,1,
0da2ed75d64b6b906f623e30d9695f8de2908f98,20260521_145741,2026-05-21T14:57:41-03:00,2026-05-21T17:57:41+00:00,betano,basketball,NBA,props_nba_20260521_145741.csv,New York Knicks Cleveland Cavaliers,new york knicks cleveland cavaliers,Donovan Mitchell,donovan mitchell,Robos (hitos),3+,0.0,5.5,player_steals_hito,STL,over,3,2.5,Donovan Mitchell 3+ STL,1,
72124271d5560496a3f78d4b94c9fc794b0ab399,20260521_145741,2026-05-21T14:57:41-03:00,2026-05-21T17:57:41+00:00,betano,basketball,NBA,props_nba_20260521_145741.csv,New York Knicks Cleveland Cavaliers,new york knicks cleveland cavaliers,Donovan Mitchell,donovan mitchell,Robos (hitos),4+,0.0,11.5,player_steals_hito,STL,over,4,3.5,Donovan Mitchell 4+ STL,1,
ad814608454cffa8824d7caf257c77e788dd8163,20260521_145741,2026-05-21T14:57:41-03:00,2026-05-21T17:57:41+00:00,betano,basketball,NBA,props_nba_20260521_145741.csv,New York Knicks Cleveland Cavaliers,new york knicks cleveland cavaliers,James Harden,james harden,Robos (hitos),1+,0.0,1.3,player_steals_hito,STL,over,1,0.5,James Harden 1+ STL,1,
9dce0115ebcf9565b4047251ecb08c9efc3bb419,20260521_145741,2026-05-21T14:57:41-03:00,2026-05-21T17:57:41+00:00,betano,basketball,NBA,props_nba_20260521_145741.csv,New York Knicks Cleveland Cavaliers,new york knicks cleveland cavaliers,James Harden,james harden,Robos (hitos),2+,0.0,2.47,player_steals_hito,STL,over,2,1.5,James Harden 2+ STL,1,
34fae479c184aac289bc289c430d5a31d397f6f2,20260521_145741,2026-05-21T14:57:41-03:00,2026-05-21T17:57:41+00:00,betano,basketball,NBA,props_nba_20260521_145741.csv,New York Knicks Cleveland Cavaliers,new york knicks cleveland cavaliers,James Harden,james harden,Robos (hitos),3+,0.0,5.5,player_steals_hito,STL,over,3,2.5,James Harden 3+ STL,1,
389f9a2b57009059131caa3822ca7a8ead8ba874,20260521_145741,2026-05-21T14:57:41-03:00,2026-05-21T17:57:41+00:00,betano,basketball,NBA,props_nba_20260521_145741.csv,New York Knicks Cleveland Cavaliers,new york knicks cleveland cavaliers,James Harden,james harden,Robos (hitos),4+,0.0,11.75,player_steals_hito,STL,over,4,3.5,James Harden 4+ STL,1,
50daaa04f3c01b1dfdae7d6379a0a3801a6d1c65,20260521_145741,2026-05-21T14:57:41-03:00,2026-05-21T17:57:41+00:00,betano,basketball,NBA,props_nba_20260521_145741.csv,New York Knicks Cleveland Cavaliers,new york knicks cleveland cavaliers,Mikal Bridges,mikal bridges,Robos (hitos),1+,0.0,1.32,player_steals_hito,STL,over,1,0.5,Mikal Bridges 1+ STL,1,
915e4e687af59a9cf80f938bc17477dfed2668c3,20260521_145741,2026-05-21T14:57:41-03:00,2026-05-21T17:57:41+00:00,betano,basketball,NBA,props_nba_20260521_145741.csv,New York Knicks Cleveland Cavaliers,new york knicks cleveland cavaliers,Mikal Bridges,mikal bridges,Robos (hitos),2+,0.0,2.55,player_steals_hito,STL,over,2,1.5,Mikal Bridges 2+ STL,1,
15e73cb12a77a271fd19045fc2bd4bead00b5547,20260521_145741,2026-05-21T14:57:41-03:00,2026-05-21T17:57:41+00:00,betano,basketball,NBA,props_nba_20260521_145741.csv,New York Knicks Cleveland Cavaliers,new york knicks cleveland cavaliers,Mikal Bridges,mikal bridges,Robos (hitos),3+,0.0,5.9,player_steals_hito,STL,over,3,2.5,Mikal Bridges 3+ STL,1,
05621a82cd3b52255292bf1d5c2592e0474393b2,20260521_145741,2026-05-21T14:57:41-03:00,2026-05-21T17:57:41+00:00,betano,basketball,NBA,props_nba_20260521_145741.csv,New York Knicks Cleveland Cavaliers,new york knicks cleveland cavaliers,Mikal Bridges,mikal bridges,Robos (hitos),4+,0.0,12,player_steals_hito,STL,over,4,3.5,Mikal Bridges 4+ STL,1,
fe8d6ab143a1199f20b0be91d0462af1b1455b38,20260521_145741,2026-05-21T14:57:41-03:00,2026-05-21T17:57:41+00:00,betano,basketball,NBA,props_nba_20260521_145741.csv,New York Knicks Cleveland Cavaliers,new york knicks cleveland cavaliers,Jalen Brunson,jalen brunson,Robos (hitos),1+,0.0,1.38,player_steals_hito,STL,over,1,0.5,Jalen Brunson 1+ STL,1,
f0bab428d48ab70dce37a49a6d0e30d012730f46,20260521_145741,2026-05-21T14:57:41-03:00,2026-05-21T17:57:41+00:00,betano,basketball,NBA,props_nba_20260521_145741.csv,New York Knicks Cleveland Cavaliers,new york knicks cleveland cavaliers,Jalen Brunson,jalen brunson,Robos (hitos),2+,0.0,2.77,player_steals_hito,STL,over,2,1.5,Jalen Brunson 2+ STL,1,
32e601a201f6dedf7cd8e28c486b373e122c0e53,20260521_145741,2026-05-21T14:57:41-03:00,2026-05-21T17:57:41+00:00,betano,basketball,NBA,props_nba_20260521_145741.csv,New York Knicks Cleveland Cavaliers,new york knicks cleveland cavaliers,Jalen Brunson,jalen brunson,Robos (hitos),3+,0.0,6.6,player_steals_hito,STL,over,3,2.5,Jalen Brunson 3+ STL,1,
4aa6e39fa068f8a678815ca4eaa5ccd4bc6f7f3c,20260521_145741,2026-05-21T14:57:41-03:00,2026-05-21T17:57:41+00:00,betano,basketball,NBA,props_nba_20260521_145741.csv,New York Knicks Cleveland Cavaliers,new york knicks cleveland cavaliers,Jalen Brunson,jalen brunson,Robos (hitos),4+,0.0,13,player_steals_hito,STL,over,4,3.5,Jalen Brunson 4+ STL,1,
df80ff34197cbb16a1bf624f85e33d48610349c0,20260521_145741,2026-05-21T14:57:41-03:00,2026-05-21T17:57:41+00:00,betano,basketball,NBA,props_nba_20260521_145741.csv,New York Knicks Cleveland Cavaliers,new york knicks cleveland cavaliers,Karl-Anthony Towns,karl anthony towns,Robos (hitos),1+,0.0,1.44,player_steals_hito,STL,over,1,0.5,Karl-Anthony Towns 1+ STL,1,
0eac73892edc84a8befb1b525c1582e2c794f863,20260521_145741,2026-05-21T14:57:41-03:00,2026-05-21T17:57:41+00:00,betano,basketball,NBA,props_nba_20260521_145741.csv,New York Knicks Cleveland Cavaliers,new york knicks cleveland cavaliers,Karl-Anthony Towns,karl anthony towns,Robos (hitos),2+,0.0,3.05,player_steals_hito,STL,over,2,1.5,Karl-Anthony Towns 2+ STL,1,
a303d3c0877d818057eb3becfd381287de22a6ea,20260521_145741,2026-05-21T14:57:41-03:00,2026-05-21T17:57:41+00:00,betano,basketball,NBA,props_nba_20260521_145741.csv,New York Knicks Cleveland Cavaliers,new york knicks cleveland cavaliers,Karl-Anthony Towns,karl anthony towns,Robos (hitos),3+,0.0,7.4,player_steals_hito,STL,over,3,2.5,Karl-Anthony Towns 3+ STL,1,
98eef25d109c5cac2c67bd04079cf9ba6484ec56,20260521_145741,2026-05-21T14:57:41-03:00,2026-05-21T17:57:41+00:00,betano,basketball,NBA,props_nba_20260521_145741.csv,New York Knicks Cleveland Cavaliers,new york knicks cleveland cavaliers,Karl-Anthony Towns,karl anthony towns,Robos (hitos),4+,0.0,14.5,player_steals_hito,STL,over,4,3.5,Karl-Anthony Towns 4+ STL,1,
63698fe67101e54e7ce2154729a4480ba17a5a36,20260521_145741,2026-05-21T14:57:41-03:00,2026-05-21T17:57:41+00:00,betano,basketball,NBA,props_nba_20260521_145741.csv,New York Knicks Cleveland Cavaliers,new york knicks cleveland cavaliers,Jarrett Allen,jarrett allen,Robos (hitos),1+,0.0,1.6,player_steals_hito,STL,over,1,0.5,Jarrett Allen 1+ STL,1,
ddbe232239f94a3f3f0f282c7b0a6202fdd18180,20260521_145741,2026-05-21T14:57:41-03:00,2026-05-21T17:57:41+00:00,betano,basketball,NBA,props_nba_20260521_145741.csv,New York Knicks Cleveland Cavaliers,new york knicks cleveland cavaliers,Jarrett Allen,jarrett allen,Robos (hitos),2+,0.0,3.9,player_steals_hito,STL,over,2,1.5,Jarrett Allen 2+ STL,1,
93c902e6c526490019ee42dd98ca1117d466f03a,20260521_145741,2026-05-21T14:57:41-03:00,2026-05-21T17:57:41+00:00,betano,basketball,NBA,props_nba_20260521_145741.csv,New York Knicks Cleveland Cavaliers,new york knicks cleveland cavaliers,Jarrett Allen,jarrett allen,Robos (hitos),3+,0.0,10,player_steals_hito,STL,over,3,2.5,Jarrett Allen 3+ STL,1,
5ebcdc9f9a33d6c4727c9fef903b04cfa2b13901,20260521_145741,2026-05-21T14:57:41-03:00,2026-05-21T17:57:41+00:00,betano,basketball,NBA,props_nba_20260521_145741.csv,New York Knicks Cleveland Cavaliers,new york knicks cleveland cavaliers,Jarrett Allen,jarrett allen,Robos (hitos),4+,0.0,16.5,player_steals_hito,STL,over,4,3.5,Jarrett Allen 4+ STL,1,
aa474ce8002cd399fa43948892c0b07b99c7aa7a,20260521_145741,2026-05-21T14:57:41-03:00,2026-05-21T17:57:41+00:00,betano,basketball,NBA,props_nba_20260521_145741.csv,New York Knicks Cleveland Cavaliers,new york knicks cleveland cavaliers,Evan Mobley,evan mobley,Robos (hitos),1+,0.0,1.72,player_steals_hito,STL,over,1,0.5,Evan Mobley 1+ STL,1,
5b6ec208f4776037cf72c4e9fd5e94791e54b49a,20260521_145741,2026-05-21T14:57:41-03:00,2026-05-21T17:57:41+00:00,betano,basketball,NBA,props_nba_20260521_145741.csv,New York Knicks Cleveland Cavaliers,new york knicks cleveland cavaliers,Evan Mobley,evan mobley,Robos (hitos),2+,0.0,4.5,player_steals_hito,STL,over,2,1.5,Evan Mobley 2+ STL,1,
542679ccd296fd62dda6b2951671eaaa7fed3d83,20260521_145741,2026-05-21T14:57:41-03:00,2026-05-21T17:57:41+00:00,betano,basketball,NBA,props_nba_20260521_145741.csv,New York Knicks Cleveland Cavaliers,new york knicks cleveland cavaliers,Evan Mobley,evan mobley,Robos (hitos),3+,0.0,11.25,player_steals_hito,STL,over,3,2.5,Evan Mobley 3+ STL,1,
91aad35feac8e180af2544ff7124847326af6b40,20260521_145741,2026-05-21T14:57:41-03:00,2026-05-21T17:57:41+00:00,betano,basketball,NBA,props_nba_20260521_145741.csv,New York Knicks Cleveland Cavaliers,new york knicks cleveland cavaliers,Evan Mobley,evan mobley,Robos (hitos),4+,0.0,18,player_steals_hito,STL,over,4,3.5,Evan Mobley 4+ STL,1,
8dd38e1b1b406ed3d20ca43e899721b866dfe5e7,20260521_145741,2026-05-21T14:57:41-03:00,2026-05-21T17:57:41+00:00,betano,basketball,NBA,props_nba_20260521_145741.csv,New York Knicks Cleveland Cavaliers,new york knicks cleveland cavaliers,Mitchell Robinson,mitchell robinson,Robos (hitos),1+,0.0,1.72,player_steals_hito,STL,over,1,0.5,Mitchell Robinson 1+ STL,1,
ae01a93d695406436aff62a28676bb544e5db6f5,20260521_145741,2026-05-21T14:57:41-03:00,2026-05-21T17:57:41+00:00,betano,basketball,NBA,props_nba_20260521_145741.csv,New York Knicks Cleveland Cavaliers,new york knicks cleveland cavaliers,Mitchell Robinson,mitchell robinson,Robos (hitos),2+,0.0,4.5,player_steals_hito,STL,over,2,1.5,Mitchell Robinson 2+ STL,1,
91ab376e16acf82ecaa387a1b65894149d617031,20260521_145741,2026-05-21T14:57:41-03:00,2026-05-21T17:57:41+00:00,betano,basketball,NBA,props_nba_20260521_145741.csv,New York Knicks Cleveland Cavaliers,new york knicks cleveland cavaliers,Mitchell Robinson,mitchell robinson,Robos (hitos),3+,0.0,11,player_steals_hito,STL,over,3,2.5,Mitchell Robinson 3+ STL,1,
453873840742252617b497a1c34590a625978385,20260521_145741,2026-05-21T14:57:41-03:00,2026-05-21T17:57:41+00:00,betano,basketball,NBA,props_nba_20260521_145741.csv,New York Knicks Cleveland Cavaliers,new york knicks cleveland cavaliers,Mitchell Robinson,mitchell robinson,Robos (hitos),4+,0.0,17.5,player_steals_hito,STL,over,4,3.5,Mitchell Robinson 4+ STL,1,
cfd54b0f26b152d6a831f3148c91d3e0dd4311f8,20260521_145741,2026-05-21T14:57:41-03:00,2026-05-21T17:57:41+00:00,betano,basketball,NBA,props_nba_20260521_145741.csv,New York Knicks Cleveland Cavaliers,new york knicks cleveland cavaliers,Dean Wade,dean wade,Robos (hitos),1+,0.0,2.02,player_steals_hito,STL,over,1,0.5,Dean Wade 1+ STL,1,
8071efc066957b0744e0eda7ab08cd6503c42c71,20260521_145741,2026-05-21T14:57:41-03:00,2026-05-21T17:57:41+00:00,betano,basketball,NBA,props_nba_20260521_145741.csv,New York Knicks Cleveland Cavaliers,new york knicks cleveland cavaliers,Dean Wade,dean wade,Robos (hitos),2+,0.0,5.9,player_steals_hito,STL,over,2,1.5,Dean Wade 2+ STL,1,
84f2426c673da52742b05b5935f117879ed8ea8d,20260521_145741,2026-05-21T14:57:41-03:00,2026-05-21T17:57:41+00:00,betano,basketball,NBA,props_nba_20260521_145741.csv,New York Knicks Cleveland Cavaliers,new york knicks cleveland cavaliers,Dean Wade,dean wade,Robos (hitos),3+,0.0,14,player_steals_hito,STL,over,3,2.5,Dean Wade 3+ STL,1,
0ae7616aa918b7072794c69e61ab608c48d1c732,20260521_145741,2026-05-21T14:57:41-03:00,2026-05-21T17:57:41+00:00,betano,basketball,NBA,props_nba_20260521_145741.csv,New York Knicks Cleveland Cavaliers,new york knicks cleveland cavaliers,Sam Merrill,sam merrill,Robos (hitos),1+,0.0,2.02,player_steals_hito,STL,over,1,0.5,Sam Merrill 1+ STL,1,
0a19317250da75b968ee91663f85d4b39d3ffda1,20260521_145741,2026-05-21T14:57:41-03:00,2026-05-21T17:57:41+00:00,betano,basketball,NBA,props_nba_20260521_145741.csv,New York Knicks Cleveland Cavaliers,new york knicks cleveland cavaliers,Sam Merrill,sam merrill,Robos (hitos),2+,0.0,6.2,player_steals_hito,STL,over,2,1.5,Sam Merrill 2+ STL,1,
a479325f1e08d07c08babd8a1170ab7a977297ef,20260521_145741,2026-05-21T14:57:41-03:00,2026-05-21T17:57:41+00:00,betano,basketball,NBA,props_nba_20260521_145741.csv,New York Knicks Cleveland Cavaliers,new york knicks cleveland cavaliers,Sam Merrill,sam merrill,Robos (hitos),3+,0.0,14.5,player_steals_hito,STL,over,3,2.5,Sam Merrill 3+ STL,1,
634610399ccc85c69b387f277bf0611652ee34dd,20260521_145741,2026-05-21T14:57:41-03:00,2026-05-21T17:57:41+00:00,betano,basketball,NBA,props_nba_20260521_145741.csv,New York Knicks Cleveland Cavaliers,new york knicks cleveland cavaliers,Max Strus,max strus,Robos (hitos),1+,0.0,2.1,player_steals_hito,STL,over,1,0.5,Max Strus 1+ STL,1,
d640be30a42c3883b1cf1e0817f7dacc2d4ff74d,20260521_145741,2026-05-21T14:57:41-03:00,2026-05-21T17:57:41+00:00,betano,basketball,NBA,props_nba_20260521_145741.csv,New York Knicks Cleveland Cavaliers,new york knicks cleveland cavaliers,Max Strus,max strus,Robos (hitos),2+,0.0,6.6,player_steals_hito,STL,over,2,1.5,Max Strus 2+ STL,1,
a4ca567dbda46dc402914e18297cea60b2e8716e,20260521_145741,2026-05-21T14:57:41-03:00,2026-05-21T17:57:41+00:00,betano,basketball,NBA,props_nba_20260521_145741.csv,New York Knicks Cleveland Cavaliers,new york knicks cleveland cavaliers,Max Strus,max strus,Robos (hitos),3+,0.0,15,player_steals_hito,STL,over,3,2.5,Max Strus 3+ STL,1,
fed423fa665e1779913c523b3836391127912c21,20260521_145741,2026-05-21T14:57:41-03:00,2026-05-21T17:57:41+00:00,betano,basketball,NBA,props_nba_20260521_145741.csv,New York Knicks Cleveland Cavaliers,new york knicks cleveland cavaliers,Miles McBride,miles mcbride,Robos (hitos),1+,0.0,2.18,player_steals_hito,STL,over,1,0.5,Miles McBride 1+ STL,1,
7c7f5ea33ad39e04d0f7b31b3acb85d96ff10ed7,20260521_145741,2026-05-21T14:57:41-03:00,2026-05-21T17:57:41+00:00,betano,basketball,NBA,props_nba_20260521_145741.csv,New York Knicks Cleveland Cavaliers,new york knicks cleveland cavaliers,Miles McBride,miles mcbride,Robos (hitos),2+,0.0,6.9,player_steals_hito,STL,over,2,1.5,Miles McBride 2+ STL,1,
a81901846b31b92837f6416013fced2199b2fbcc,20260521_145741,2026-05-21T14:57:41-03:00,2026-05-21T17:57:41+00:00,betano,basketball,NBA,props_nba_20260521_145741.csv,New York Knicks Cleveland Cavaliers,new york knicks cleveland cavaliers,Miles McBride,miles mcbride,Robos (hitos),3+,0.0,15.5,player_steals_hito,STL,over,3,2.5,Miles McBride 3+ STL,1,
0c421c66b8d3c8f900792c5d928fbc23e82df175,20260521_145741,2026-05-21T14:57:41-03:00,2026-05-21T17:57:41+00:00,betano,basketball,NBA,props_nba_20260521_145741.csv,New York Knicks Cleveland Cavaliers,new york knicks cleveland cavaliers,Landry Shamet,landry shamet,Robos (hitos),1+,0.0,2.47,player_steals_hito,STL,over,1,0.5,Landry Shamet 1+ STL,1,
9b37fbf6913721f75fd91f11e08181e625f68133,20260521_145741,2026-05-21T14:57:41-03:00,2026-05-21T17:57:41+00:00,betano,basketball,NBA,props_nba_20260521_145741.csv,New York Knicks Cleveland Cavaliers,new york knicks cleveland cavaliers,Landry Shamet,landry shamet,Robos (hitos),2+,0.0,8.5,player_steals_hito,STL,over,2,1.5,Landry Shamet 2+ STL,1,
767ceb02f2b7d5ecfef8b42f5d4b64c1693b38dc,20260521_145741,2026-05-21T14:57:41-03:00,2026-05-21T17:57:41+00:00,betano,basketball,NBA,props_nba_20260521_145741.csv,New York Knicks Cleveland Cavaliers,new york knicks cleveland cavaliers,Landry Shamet,landry shamet,Robos (hitos),3+,0.0,17,player_steals_hito,STL,over,3,2.5,Landry Shamet 3+ STL,1,
4195c196878d89c3515afc50253a44d2433bc8e4,20260521_145741,2026-05-21T14:57:41-03:00,2026-05-21T17:57:41+00:00,betano,basketball,NBA,props_nba_20260521_145741.csv,New York Knicks Cleveland Cavaliers,new york knicks cleveland cavaliers,Dennis Schroder,dennis schroder,Robos (hitos),1+,0.0,2.57,player_steals_hito,STL,over,1,0.5,Dennis Schroder 1+ STL,1,
4cc688237691403587e5d2352d86a2169bbd3bb4,20260521_145741,2026-05-21T14:57:41-03:00,2026-05-21T17:57:41+00:00,betano,basketball,NBA,props_nba_20260521_145741.csv,New York Knicks Cleveland Cavaliers,new york knicks cleveland cavaliers,Dennis Schroder,dennis schroder,Robos (hitos),2+,0.0,8.75,player_steals_hito,STL,over,2,1.5,Dennis Schroder 2+ STL,1,
e7117749167a87029ccf72b5c78929da986e2728,20260521_145741,2026-05-21T14:57:41-03:00,2026-05-21T17:57:41+00:00,betano,basketball,NBA,props_nba_20260521_145741.csv,New York Knicks Cleveland Cavaliers,new york knicks cleveland cavaliers,Dennis Schroder,dennis schroder,Robos (hitos),3+,0.0,17,player_steals_hito,STL,over,3,2.5,Dennis Schroder 3+ STL,1,
c01fed19f12536cd1ca07ccff5f21ca150013f22,20260521_145741,2026-05-21T14:57:41-03:00,2026-05-21T17:57:41+00:00,betano,basketball,NBA,props_nba_20260521_145741.csv,New York Knicks Cleveland Cavaliers,new york knicks cleveland cavaliers,Jordan Clarkson,jordan clarkson,Robos (hitos),1+,0.0,2.67,player_steals_hito,STL,over,1,0.5,Jordan Clarkson 1+ STL,1,
106a0a06aa9c1d51d003835f3052c61f5a5d3e47,20260521_145741,2026-05-21T14:57:41-03:00,2026-05-21T17:57:41+00:00,betano,basketball,NBA,props_nba_20260521_145741.csv,New York Knicks Cleveland Cavaliers,new york knicks cleveland cavaliers,Jordan Clarkson,jordan clarkson,Robos (hitos),2+,0.0,9.25,player_steals_hito,STL,over,2,1.5,Jordan Clarkson 2+ STL,1,
bf5245a944eabb3e6d8e2686227f0731958e7d22,20260521_145741,2026-05-21T14:57:41-03:00,2026-05-21T17:57:41+00:00,betano,basketball,NBA,props_nba_20260521_145741.csv,New York Knicks Cleveland Cavaliers,new york knicks cleveland cavaliers,Jordan Clarkson,jordan clarkson,Robos (hitos),3+,0.0,18,player_steals_hito,STL,over,3,2.5,Jordan Clarkson 3+ STL,1,
21d21beb05e426376a7887b68d2e9419561d5ad5,20260521_145741,2026-05-21T14:57:41-03:00,2026-05-21T17:57:41+00:00,betano,basketball,NBA,props_nba_20260521_145741.csv,New York Knicks Cleveland Cavaliers,new york knicks cleveland cavaliers,Jose Alvarado,jose alvarado,Robos (hitos),1+,0.0,2.75,player_steals_hito,STL,over,1,0.5,Jose Alvarado 1+ STL,1,
716b4bc321577fe4459cd2b16f3eb063f946ea2d,20260521_145741,2026-05-21T14:57:41-03:00,2026-05-21T17:57:41+00:00,betano,basketball,NBA,props_nba_20260521_145741.csv,New York Knicks Cleveland Cavaliers,new york knicks cleveland cavaliers,Jose Alvarado,jose alvarado,Robos (hitos),2+,0.0,9.75,player_steals_hito,STL,over,2,1.5,Jose Alvarado 2+ STL,1,
43dc757727131b8643bab33ddfd0d89a4af99907,20260521_145741,2026-05-21T14:57:41-03:00,2026-05-21T17:57:41+00:00,betano,basketball,NBA,props_nba_20260521_145741.csv,New York Knicks Cleveland Cavaliers,new york knicks cleveland cavaliers,Jose Alvarado,jose alvarado,Robos (hitos),3+,0.0,17.5,player_steals_hito,STL,over,3,2.5,Jose Alvarado 3+ STL,1,
9dc80db3d77137e75fa1e00ceb87823e76f9669e,20260521_145741,2026-05-21T14:57:41-03:00,2026-05-21T17:57:41+00:00,betano,basketball,NBA,props_nba_20260521_145741.csv,New York Knicks Cleveland Cavaliers,new york knicks cleveland cavaliers,Evan Mobley,evan mobley,Tapones (hitos),1+,0.0,1.14,player_blocks_hito,BLK,over,1,0.5,Evan Mobley 1+ BLK,1,
391e2b4276a3bf55d77020176484dff9a2817e02,20260521_145741,2026-05-21T14:57:41-03:00,2026-05-21T17:57:41+00:00,betano,basketball,NBA,props_nba_20260521_145741.csv,New York Knicks Cleveland Cavaliers,new york knicks cleveland cavaliers,Evan Mobley,evan mobley,Tapones (hitos),2+,0.0,1.75,player_blocks_hito,BLK,over,2,1.5,Evan Mobley 2+ BLK,1,
c473544de69e7187a1ba886b931d8d3b41e83918,20260521_145741,2026-05-21T14:57:41-03:00,2026-05-21T17:57:41+00:00,betano,basketball,NBA,props_nba_20260521_145741.csv,New York Knicks Cleveland Cavaliers,new york knicks cleveland cavaliers,Evan Mobley,evan mobley,Tapones (hitos),3+,0.0,3.3,player_blocks_hito,BLK,over,3,2.5,Evan Mobley 3+ BLK,1,
b8ba7799fffc14768efe413ea9f478c89da784e4,20260521_145741,2026-05-21T14:57:41-03:00,2026-05-21T17:57:41+00:00,betano,basketball,NBA,props_nba_20260521_145741.csv,New York Knicks Cleveland Cavaliers,new york knicks cleveland cavaliers,Evan Mobley,evan mobley,Tapones (hitos),4+,0.0,6.9,player_blocks_hito,BLK,over,4,3.5,Evan Mobley 4+ BLK,1,
d46ab5c533f7d2d3ab18ea99eb31bd0a8e1b1a8a,20260521_145741,2026-05-21T14:57:41-03:00,2026-05-21T17:57:41+00:00,betano,basketball,NBA,props_nba_20260521_145741.csv,New York Knicks Cleveland Cavaliers,new york knicks cleveland cavaliers,Jarrett Allen,jarrett allen,Tapones (hitos),1+,0.0,1.23,player_blocks_hito,BLK,over,1,0.5,Jarrett Allen 1+ BLK,1,
14e73be1073ca5a82bb59bf4d54939e40cb0fb9a,20260521_145741,2026-05-21T14:57:41-03:00,2026-05-21T17:57:41+00:00,betano,basketball,NBA,props_nba_20260521_145741.csv,New York Knicks Cleveland Cavaliers,new york knicks cleveland cavaliers,Jarrett Allen,jarrett allen,Tapones (hitos),2+,0.0,2.18,player_blocks_hito,BLK,over,2,1.5,Jarrett Allen 2+ BLK,1,
6a7e2c24e03799fa8856a4cd539ad79bb79fbba4,20260521_145741,2026-05-21T14:57:41-03:00,2026-05-21T17:57:41+00:00,betano,basketball,NBA,props_nba_20260521_145741.csv,New York Knicks Cleveland Cavaliers,new york knicks cleveland cavaliers,Jarrett Allen,jarrett allen,Tapones (hitos),3+,0.0,4.6,player_blocks_hito,BLK,over,3,2.5,Jarrett Allen 3+ BLK,1,
20f74114a7e6d9b5823ceb848050c7f04ba10470,20260521_145741,2026-05-21T14:57:41-03:00,2026-05-21T17:57:41+00:00,betano,basketball,NBA,props_nba_20260521_145741.csv,New York Knicks Cleveland Cavaliers,new york knicks cleveland cavaliers,Jarrett Allen,jarrett allen,Tapones (hitos),4+,0.0,9.75,player_blocks_hito,BLK,over,4,3.5,Jarrett Allen 4+ BLK,1,
9c09ce6f2cf2b97e619cfacc6ba36bbb05fb5463,20260521_145741,2026-05-21T14:57:41-03:00,2026-05-21T17:57:41+00:00,betano,basketball,NBA,props_nba_20260521_145741.csv,New York Knicks Cleveland Cavaliers,new york knicks cleveland cavaliers,Karl-Anthony Towns,karl anthony towns,Tapones (hitos),1+,0.0,1.55,player_blocks_hito,BLK,over,1,0.5,Karl-Anthony Towns 1+ BLK,1,
163ead5fdcbe16958f07cf8e90de8b2727f7107c,20260521_145741,2026-05-21T14:57:41-03:00,2026-05-21T17:57:41+00:00,betano,basketball,NBA,props_nba_20260521_145741.csv,New York Knicks Cleveland Cavaliers,new york knicks cleveland cavaliers,Karl-Anthony Towns,karl anthony towns,Tapones (hitos),2+,0.0,3.6,player_blocks_hito,BLK,over,2,1.5,Karl-Anthony Towns 2+ BLK,1,
58b01890119381f2984847fccf137c7a3322daf6,20260521_145741,2026-05-21T14:57:41-03:00,2026-05-21T17:57:41+00:00,betano,basketball,NBA,props_nba_20260521_145741.csv,New York Knicks Cleveland Cavaliers,new york knicks cleveland cavaliers,Karl-Anthony Towns,karl anthony towns,Tapones (hitos),3+,0.0,9,player_blocks_hito,BLK,over,3,2.5,Karl-Anthony Towns 3+ BLK,1,
19ca84f31ffa807c6d964c63b6d887a238554b8d,20260521_145741,2026-05-21T14:57:41-03:00,2026-05-21T17:57:41+00:00,betano,basketball,NBA,props_nba_20260521_145741.csv,New York Knicks Cleveland Cavaliers,new york knicks cleveland cavaliers,Karl-Anthony Towns,karl anthony towns,Tapones (hitos),4+,0.0,16,player_blocks_hito,BLK,over,4,3.5,Karl-Anthony Towns 4+ BLK,1,
7e1b750e89bf8c271c80355c82973303a5ec18e0,20260521_145741,2026-05-21T14:57:41-03:00,2026-05-21T17:57:41+00:00,betano,basketball,NBA,props_nba_20260521_145741.csv,New York Knicks Cleveland Cavaliers,new york knicks cleveland cavaliers,Mitchell Robinson,mitchell robinson,Tapones (hitos),1+,0.0,1.67,player_blocks_hito,BLK,over,1,0.5,Mitchell Robinson 1+ BLK,1,
e9735d1a1235e110ed092fa2438a445307cbad39,20260521_145741,2026-05-21T14:57:41-03:00,2026-05-21T17:57:41+00:00,betano,basketball,NBA,props_nba_20260521_145741.csv,New York Knicks Cleveland Cavaliers,new york knicks cleveland cavaliers,Mitchell Robinson,mitchell robinson,Tapones (hitos),2+,0.0,4.25,player_blocks_hito,BLK,over,2,1.5,Mitchell Robinson 2+ BLK,1,
b9d62f0cbe38940cc0409f5a5e057d07eb5c0f22,20260521_145741,2026-05-21T14:57:41-03:00,2026-05-21T17:57:41+00:00,betano,basketball,NBA,props_nba_20260521_145741.csv,New York Knicks Cleveland Cavaliers,new york knicks cleveland cavaliers,Mitchell Robinson,mitchell robinson,Tapones (hitos),3+,0.0,10.5,player_blocks_hito,BLK,over,3,2.5,Mitchell Robinson 3+ BLK,1,
498fa649683429ae8e46725b828d7e27173c4ec1,20260521_145741,2026-05-21T14:57:41-03:00,2026-05-21T17:57:41+00:00,betano,basketball,NBA,props_nba_20260521_145741.csv,New York Knicks Cleveland Cavaliers,new york knicks cleveland cavaliers,Mitchell Robinson,mitchell robinson,Tapones (hitos),4+,0.0,17,player_blocks_hito,BLK,over,4,3.5,Mitchell Robinson 4+ BLK,1,
08668762b217fb99b878ace4e521e3f701965c8b,20260521_145741,2026-05-21T14:57:41-03:00,2026-05-21T17:57:41+00:00,betano,basketball,NBA,props_nba_20260521_145741.csv,New York Knicks Cleveland Cavaliers,new york knicks cleveland cavaliers,OG Anunoby,og anunoby,Tapones (hitos),1+,0.0,1.72,player_blocks_hito,BLK,over,1,0.5,OG Anunoby 1+ BLK,1,
22e45d20f7fc2ea9c42f533f7929967c23eb6ea0,20260521_145741,2026-05-21T14:57:41-03:00,2026-05-21T17:57:41+00:00,betano,basketball,NBA,props_nba_20260521_145741.csv,New York Knicks Cleveland Cavaliers,new york knicks cleveland cavaliers,OG Anunoby,og anunoby,Tapones (hitos),2+,0.0,4.6,player_blocks_hito,BLK,over,2,1.5,OG Anunoby 2+ BLK,1,
2dd644b3243dbf24d35bbc251c270dd7f751ec69,20260521_145741,2026-05-21T14:57:41-03:00,2026-05-21T17:57:41+00:00,betano,basketball,NBA,props_nba_20260521_145741.csv,New York Knicks Cleveland Cavaliers,new york knicks cleveland cavaliers,OG Anunoby,og anunoby,Tapones (hitos),3+,0.0,11.25,player_blocks_hito,BLK,over,3,2.5,OG Anunoby 3+ BLK,1,
96f2fcea5f1edc723aa269e792d7c3a34bd42cd6,20260521_145741,2026-05-21T14:57:41-03:00,2026-05-21T17:57:41+00:00,betano,basketball,NBA,props_nba_20260521_145741.csv,New York Knicks Cleveland Cavaliers,new york knicks cleveland cavaliers,OG Anunoby,og anunoby,Tapones (hitos),4+,0.0,17.5,player_blocks_hito,BLK,over,4,3.5,OG Anunoby 4+ BLK,1,
74b3de0220faffebcba0b73f2cc7e8fbe4c4a065,20260521_145741,2026-05-21T14:57:41-03:00,2026-05-21T17:57:41+00:00,betano,basketball,NBA,props_nba_20260521_145741.csv,New York Knicks Cleveland Cavaliers,new york knicks cleveland cavaliers,James Harden,james harden,Tapones (hitos),1+,0.0,1.91,player_blocks_hito,BLK,over,1,0.5,James Harden 1+ BLK,1,
cefb6fe69b38f84890fc12757371a42c7220ce87,20260521_145741,2026-05-21T14:57:41-03:00,2026-05-21T17:57:41+00:00,betano,basketball,NBA,props_nba_20260521_145741.csv,New York Knicks Cleveland Cavaliers,new york knicks cleveland cavaliers,James Harden,james harden,Tapones (hitos),2+,0.0,5.5,player_blocks_hito,BLK,over,2,1.5,James Harden 2+ BLK,1,
6fc2a8d1c776fb188a698e4b6a5621b042f67349,20260521_145741,2026-05-21T14:57:41-03:00,2026-05-21T17:57:41+00:00,betano,basketball,NBA,props_nba_20260521_145741.csv,New York Knicks Cleveland Cavaliers,new york knicks cleveland cavaliers,James Harden,james harden,Tapones (hitos),3+,0.0,13,player_blocks_hito,BLK,over,3,2.5,James Harden 3+ BLK,1,
ce991e64887bd6baf8124a4d54dd2ea6cdd320c3,20260521_145741,2026-05-21T14:57:41-03:00,2026-05-21T17:57:41+00:00,betano,basketball,NBA,props_nba_20260521_145741.csv,New York Knicks Cleveland Cavaliers,new york knicks cleveland cavaliers,Mikal Bridges,mikal bridges,Tapones (hitos),1+,0.0,2.32,player_blocks_hito,BLK,over,1,0.5,Mikal Bridges 1+ BLK,1,
06ad041f3c6edb0f7c99229c6b3fc2e65c6f83e0,20260521_145741,2026-05-21T14:57:41-03:00,2026-05-21T17:57:41+00:00,betano,basketball,NBA,props_nba_20260521_145741.csv,New York Knicks Cleveland Cavaliers,new york knicks cleveland cavaliers,Mikal Bridges,mikal bridges,Tapones (hitos),2+,0.0,6.1,player_blocks_hito,BLK,over,2,1.5,Mikal Bridges 2+ BLK,1,
e2e67bf50d6fdebac70f085a0d9a1851b267dcfe,20260521_145741,2026-05-21T14:57:41-03:00,2026-05-21T17:57:41+00:00,betano,basketball,NBA,props_nba_20260521_145741.csv,New York Knicks Cleveland Cavaliers,new york knicks cleveland cavaliers,Mikal Bridges,mikal bridges,Tapones (hitos),3+,0.0,9,player_blocks_hito,BLK,over,3,2.5,Mikal Bridges 3+ BLK,1,
efdd84966708211b22034ccaa86fa98efd11c1f9,20260521_145741,2026-05-21T14:57:41-03:00,2026-05-21T17:57:41+00:00,betano,basketball,NBA,props_nba_20260521_145741.csv,New York Knicks Cleveland Cavaliers,new york knicks cleveland cavaliers,Josh Hart,josh hart,Tapones (hitos),1+,0.0,3.65,player_blocks_hito,BLK,over,1,0.5,Josh Hart 1+ BLK,1,
8e3926bb9b58aab58ddaebf4a724b69b0d575c3b,20260521_145741,2026-05-21T14:57:41-03:00,2026-05-21T17:57:41+00:00,betano,basketball,NBA,props_nba_20260521_145741.csv,New York Knicks Cleveland Cavaliers,new york knicks cleveland cavaliers,Josh Hart,josh hart,Tapones (hitos),2+,0.0,13,player_blocks_hito,BLK,over,2,1.5,Josh Hart 2+ BLK,1,
5dbc9a74c5d6fb67ffca3bee4d035e6410be5dac,20260521_145741,2026-05-21T14:57:41-03:00,2026-05-21T17:57:41+00:00,betano,basketball,NBA,props_nba_20260521_145741.csv,New York Knicks Cleveland Cavaliers,new york knicks cleveland cavaliers,Donovan Mitchell,donovan mitchell,Tapones (hitos),1+,0.0,3.7,player_blocks_hito,BLK,over,1,0.5,Donovan Mitchell 1+ BLK,1,
5edcc04eb7178f61f36bd990259991ebb0de2b2b,20260521_145741,2026-05-21T14:57:41-03:00,2026-05-21T17:57:41+00:00,betano,basketball,NBA,props_nba_20260521_145741.csv,New York Knicks Cleveland Cavaliers,new york knicks cleveland cavaliers,Donovan Mitchell,donovan mitchell,Tapones (hitos),2+,0.0,13,player_blocks_hito,BLK,over,2,1.5,Donovan Mitchell 2+ BLK,1,
313d2ea6e486a5a429b69075d1ef46b49fe2db3e,20260521_145741,2026-05-21T14:57:41-03:00,2026-05-21T17:57:41+00:00,betano,basketball,NBA,props_nba_20260521_145741.csv,New York Knicks Cleveland Cavaliers,new york knicks cleveland cavaliers,Max Strus,max strus,Tapones (hitos),1+,0.0,4.2,player_blocks_hito,BLK,over,1,0.5,Max Strus 1+ BLK,1,
277f2cf77117eac1527c0e9d7c01b4e5ff209bb0,20260521_145741,2026-05-21T14:57:41-03:00,2026-05-21T17:57:41+00:00,betano,basketball,NBA,props_nba_20260521_145741.csv,New York Knicks Cleveland Cavaliers,new york knicks cleveland cavaliers,Max Strus,max strus,Tapones (hitos),2+,0.0,14.5,player_blocks_hito,BLK,over,2,1.5,Max Strus 2+ BLK,1,
ddb43f8c0fcd8d06613b27a19906a70941d36f41,20260521_145741,2026-05-21T14:57:41-03:00,2026-05-21T17:57:41+00:00,betano,basketball,NBA,props_nba_20260521_145741.csv,New York Knicks Cleveland Cavaliers,new york knicks cleveland cavaliers,Dean Wade,dean wade,Tapones (hitos),1+,0.0,4.3,player_blocks_hito,BLK,over,1,0.5,Dean Wade 1+ BLK,1,
97b1c8d8a90aa3cc4247bf0349edb7bdeeec0acb,20260521_145741,2026-05-21T14:57:41-03:00,2026-05-21T17:57:41+00:00,betano,basketball,NBA,props_nba_20260521_145741.csv,New York Knicks Cleveland Cavaliers,new york knicks cleveland cavaliers,Dean Wade,dean wade,Tapones (hitos),2+,0.0,9,player_blocks_hito,BLK,over,2,1.5,Dean Wade 2+ BLK,1,
938764f75ff50aaf222620231bb528bf77d50d7a,20260521_145741,2026-05-21T14:57:41-03:00,2026-05-21T17:57:41+00:00,betano,basketball,NBA,props_nba_20260521_145741.csv,New York Knicks Cleveland Cavaliers,new york knicks cleveland cavaliers,Jalen Brunson,jalen brunson,Tapones (hitos),1+,0.0,5.5,player_blocks_hito,BLK,over,1,0.5,Jalen Brunson 1+ BLK,1,
c7c85f2e5b0cc854a704fd0d11f3660816c14aa6,20260521_145741,2026-05-21T14:57:41-03:00,2026-05-21T17:57:41+00:00,betano,basketball,NBA,props_nba_20260521_145741.csv,New York Knicks Cleveland Cavaliers,new york knicks cleveland cavaliers,Jalen Brunson,jalen brunson,Tapones (hitos),2+,0.0,17,player_blocks_hito,BLK,over,2,1.5,Jalen Brunson 2+ BLK,1,
13a6e81712c7c20899b46ddf734ab6399ac9e29c,20260521_145741,2026-05-21T14:57:41-03:00,2026-05-21T17:57:41+00:00,betano,basketball,NBA,props_nba_20260521_145741.csv,New York Knicks Cleveland Cavaliers,new york knicks cleveland cavaliers,Dennis Schroder,dennis schroder,Tapones (hitos),1+,0.0,5.9,player_blocks_hito,BLK,over,1,0.5,Dennis Schroder 1+ BLK,1,
a265a6c813aa0a81e7542f305b898b2cb75b2ca6,20260521_145741,2026-05-21T14:57:41-03:00,2026-05-21T17:57:41+00:00,betano,basketball,NBA,props_nba_20260521_145741.csv,New York Knicks Cleveland Cavaliers,new york knicks cleveland cavaliers,Dennis Schroder,dennis schroder,Tapones (hitos),2+,0.0,17.5,player_blocks_hito,BLK,over,2,1.5,Dennis Schroder 2+ BLK,1,
bb01581202cc5f8ffbcb6b9aac832df1cbd590c6,20260521_145741,2026-05-21T14:57:41-03:00,2026-05-21T17:57:41+00:00,betano,basketball,NBA,props_nba_20260521_145741.csv,New York Knicks Cleveland Cavaliers,new york knicks cleveland cavaliers,Miles McBride,miles mcbride,Tapones (hitos),1+,0.0,6.3,player_blocks_hito,BLK,over,1,0.5,Miles McBride 1+ BLK,1,
9896ea311fb76aa77c270942ff99be6fd7a982b9,20260521_145741,2026-05-21T14:57:41-03:00,2026-05-21T17:57:41+00:00,betano,basketball,NBA,props_nba_20260521_145741.csv,New York Knicks Cleveland Cavaliers,new york knicks cleveland cavaliers,Miles McBride,miles mcbride,Tapones (hitos),2+,0.0,18,player_blocks_hito,BLK,over,2,1.5,Miles McBride 2+ BLK,1,
9962a3e3e59e1a334ed57a842edffbb8a8570009,20260521_145741,2026-05-21T14:57:41-03:00,2026-05-21T17:57:41+00:00,betano,basketball,NBA,props_nba_20260521_145741.csv,New York Knicks Cleveland Cavaliers,new york knicks cleveland cavaliers,Sam Merrill,sam merrill,Tapones (hitos),1+,0.0,6.4,player_blocks_hito,BLK,over,1,0.5,Sam Merrill 1+ BLK,1,
92baec94d60e7ebd92b7e4f251ed04515ae359e9,20260521_145741,2026-05-21T14:57:41-03:00,2026-05-21T17:57:41+00:00,betano,basketball,NBA,props_nba_20260521_145741.csv,New York Knicks Cleveland Cavaliers,new york knicks cleveland cavaliers,Sam Merrill,sam merrill,Tapones (hitos),2+,0.0,17.5,player_blocks_hito,BLK,over,2,1.5,Sam Merrill 2+ BLK,1,
1ce3cd8cff399cd9cf1dec7c9a26a04b8ec67b8e,20260521_145741,2026-05-21T14:57:41-03:00,2026-05-21T17:57:41+00:00,betano,basketball,NBA,props_nba_20260521_145741.csv,New York Knicks Cleveland Cavaliers,new york knicks cleveland cavaliers,Jordan Clarkson,jordan clarkson,Tapones (hitos),1+,0.0,6.9,player_blocks_hito,BLK,over,1,0.5,Jordan Clarkson 1+ BLK,1,
98f9859948731babda82c13d38a8c04210372ef8,20260521_145741,2026-05-21T14:57:41-03:00,2026-05-21T17:57:41+00:00,betano,basketball,NBA,props_nba_20260521_145741.csv,New York Knicks Cleveland Cavaliers,new york knicks cleveland cavaliers,Jordan Clarkson,jordan clarkson,Tapones (hitos),2+,0.0,18,player_blocks_hito,BLK,over,2,1.5,Jordan Clarkson 2+ BLK,1,
e8830a69aeb6bc01219508824e2d05b12a27e3ba,20260521_145741,2026-05-21T14:57:41-03:00,2026-05-21T17:57:41+00:00,betano,basketball,NBA,props_nba_20260521_145741.csv,New York Knicks Cleveland Cavaliers,new york knicks cleveland cavaliers,Jalen Brunson,jalen brunson,PRA (hitos),34+,0.0,1.45,player_pra_hito,PRA,over,34,33.5,Jalen Brunson 34+ PRA,1,
f7435411eca625197cd513e62f1731b8c652ff2f,20260521_145741,2026-05-21T14:57:41-03:00,2026-05-21T17:57:41+00:00,betano,basketball,NBA,props_nba_20260521_145741.csv,New York Knicks Cleveland Cavaliers,new york knicks cleveland cavaliers,Jalen Brunson,jalen brunson,PRA (hitos),35+,0.0,1.57,player_pra_hito,PRA,over,35,34.5,Jalen Brunson 35+ PRA,1,
4430caad597a6006d242a074e6a91ae69b86f0ad,20260521_145741,2026-05-21T14:57:41-03:00,2026-05-21T17:57:41+00:00,betano,basketball,NBA,props_nba_20260521_145741.csv,New York Knicks Cleveland Cavaliers,new york knicks cleveland cavaliers,Jalen Brunson,jalen brunson,PRA (hitos),36+,0.0,1.72,player_pra_hito,PRA,over,36,35.5,Jalen Brunson 36+ PRA,1,
18000ba6c07515df7c2c935cec7510c39568f04f,20260521_145741,2026-05-21T14:57:41-03:00,2026-05-21T17:57:41+00:00,betano,basketball,NBA,props_nba_20260521_145741.csv,New York Knicks Cleveland Cavaliers,new york knicks cleveland cavaliers,Jalen Brunson,jalen brunson,PRA (hitos),37+,0.0,1.88,player_pra_hito,PRA,over,37,36.5,Jalen Brunson 37+ PRA,1,
fec9f4aba9be9597d8587a943ef468aa8eff5511,20260521_145741,2026-05-21T14:57:41-03:00,2026-05-21T17:57:41+00:00,betano,basketball,NBA,props_nba_20260521_145741.csv,New York Knicks Cleveland Cavaliers,new york knicks cleveland cavaliers,Jalen Brunson,jalen brunson,PRA (hitos),38+,0.0,2.07,player_pra_hito,PRA,over,38,37.5,Jalen Brunson 38+ PRA,1,
42f3c1a8fce299cc37e4ae60b6f50c83c9bdaa6c,20260521_145741,2026-05-21T14:57:41-03:00,2026-05-21T17:57:41+00:00,betano,basketball,NBA,props_nba_20260521_145741.csv,New York Knicks Cleveland Cavaliers,new york knicks cleveland cavaliers,Jalen Brunson,jalen brunson,PRA (hitos),39+,0.0,2.3,player_pra_hito,PRA,over,39,38.5,Jalen Brunson 39+ PRA,1,
c3272c85d03b2e8d7eb96bb6d276a90c0907e7ff,20260521_145741,2026-05-21T14:57:41-03:00,2026-05-21T17:57:41+00:00,betano,basketball,NBA,props_nba_20260521_145741.csv,New York Knicks Cleveland Cavaliers,new york knicks cleveland cavaliers,Jalen Brunson,jalen brunson,PRA (hitos),40+,0.0,2.57,player_pra_hito,PRA,over,40,39.5,Jalen Brunson 40+ PRA,1,
5cd9ba5e4fed2a059a6fb4e752888e69c7f42eb5,20260521_145741,2026-05-21T14:57:41-03:00,2026-05-21T17:57:41+00:00,betano,basketball,NBA,props_nba_20260521_145741.csv,New York Knicks Cleveland Cavaliers,new york knicks cleveland cavaliers,Jalen Brunson,jalen brunson,PRA (hitos),41+,0.0,2.9,player_pra_hito,PRA,over,41,40.5,Jalen Brunson 41+ PRA,1,
a0fc253b59a524d841a50ea0f411a71b57db18fa,20260521_145741,2026-05-21T14:57:41-03:00,2026-05-21T17:57:41+00:00,betano,basketball,NBA,props_nba_20260521_145741.csv,New York Knicks Cleveland Cavaliers,new york knicks cleveland cavaliers,Jalen Brunson,jalen brunson,PRA (hitos),42+,0.0,3.3,player_pra_hito,PRA,over,42,41.5,Jalen Brunson 42+ PRA,1,
d0a0915ad20af0fc43c3e19fc954a0feb19780a3,20260521_145741,2026-05-21T14:57:41-03:00,2026-05-21T17:57:41+00:00,betano,basketball,NBA,props_nba_20260521_145741.csv,New York Knicks Cleveland Cavaliers,new york knicks cleveland cavaliers,Donovan Mitchell,donovan mitchell,PRA (hitos),33+,0.0,1.57,player_pra_hito,PRA,over,33,32.5,Donovan Mitchell 33+ PRA,1,
86c0e895a03c4c8c9c3a1faa44caf25f16365fba,20260521_145741,2026-05-21T14:57:41-03:00,2026-05-21T17:57:41+00:00,betano,basketball,NBA,props_nba_20260521_145741.csv,New York Knicks Cleveland Cavaliers,new york knicks cleveland cavaliers,Donovan Mitchell,donovan mitchell,PRA (hitos),34+,0.0,1.72,player_pra_hito,PRA,over,34,33.5,Donovan Mitchell 34+ PRA,1,
69135ea71e3f93cd37b1c7fb243051b3df424e6c,20260521_145741,2026-05-21T14:57:41-03:00,2026-05-21T17:57:41+00:00,betano,basketball,NBA,props_nba_20260521_145741.csv,New York Knicks Cleveland Cavaliers,new york knicks cleveland cavaliers,Donovan Mitchell,donovan mitchell,PRA (hitos),35+,0.0,1.88,player_pra_hito,PRA,over,35,34.5,Donovan Mitchell 35+ PRA,1,
b3d0128f01527b7e811957019117386a892c5a00,20260521_145741,2026-05-21T14:57:41-03:00,2026-05-21T17:57:41+00:00,betano,basketball,NBA,props_nba_20260521_145741.csv,New York Knicks Cleveland Cavaliers,new york knicks cleveland cavaliers,Donovan Mitchell,donovan mitchell,PRA (hitos),36+,0.0,2.07,player_pra_hito,PRA,over,36,35.5,Donovan Mitchell 36+ PRA,1,
ba0b819971597a44b8b801a823d04a1ca2a494c6,20260521_145741,2026-05-21T14:57:41-03:00,2026-05-21T17:57:41+00:00,betano,basketball,NBA,props_nba_20260521_145741.csv,New York Knicks Cleveland Cavaliers,new york knicks cleveland cavaliers,Donovan Mitchell,donovan mitchell,PRA (hitos),37+,0.0,2.32,player_pra_hito,PRA,over,37,36.5,Donovan Mitchell 37+ PRA,1,
603dd39b0d0a9c2bad314fd937389c57491dffc3,20260521_145741,2026-05-21T14:57:41-03:00,2026-05-21T17:57:41+00:00,betano,basketball,NBA,props_nba_20260521_145741.csv,New York Knicks Cleveland Cavaliers,new york knicks cleveland cavaliers,Donovan Mitchell,donovan mitchell,PRA (hitos),38+,0.0,2.6,player_pra_hito,PRA,over,38,37.5,Donovan Mitchell 38+ PRA,1,
b80a476092370a06099d606d600bf7a65e06aa90,20260521_145741,2026-05-21T14:57:41-03:00,2026-05-21T17:57:41+00:00,betano,basketball,NBA,props_nba_20260521_145741.csv,New York Knicks Cleveland Cavaliers,new york knicks cleveland cavaliers,Donovan Mitchell,donovan mitchell,PRA (hitos),39+,0.0,2.95,player_pra_hito,PRA,over,39,38.5,Donovan Mitchell 39+ PRA,1,
eb6fd0f1299808ab393c9d85b0bdc89cf7f72914,20260521_145741,2026-05-21T14:57:41-03:00,2026-05-21T17:57:41+00:00,betano,basketball,NBA,props_nba_20260521_145741.csv,New York Knicks Cleveland Cavaliers,new york knicks cleveland cavaliers,Donovan Mitchell,donovan mitchell,PRA (hitos),40+,0.0,3.3,player_pra_hito,PRA,over,40,39.5,Donovan Mitchell 40+ PRA,1,
0ef294180c916f942c9cf411ed6b48fbef0d832a,20260521_145741,2026-05-21T14:57:41-03:00,2026-05-21T17:57:41+00:00,betano,basketball,NBA,props_nba_20260521_145741.csv,New York Knicks Cleveland Cavaliers,new york knicks cleveland cavaliers,Donovan Mitchell,donovan mitchell,PRA (hitos),41+,0.0,3.75,player_pra_hito,PRA,over,41,40.5,Donovan Mitchell 41+ PRA,1,
08ca718fae5a06c886236a7c6bcb7cd64e56f392,20260521_145741,2026-05-21T14:57:41-03:00,2026-05-21T17:57:41+00:00,betano,basketball,NBA,props_nba_20260521_145741.csv,New York Knicks Cleveland Cavaliers,new york knicks cleveland cavaliers,Karl-Anthony Towns,karl anthony towns,PRA (hitos),32+,0.0,1.52,player_pra_hito,PRA,over,32,31.5,Karl-Anthony Towns 32+ PRA,1,
3f3aa4ad3b1433a22aaf54a2b9c282d0ee49b31f,20260521_145741,2026-05-21T14:57:41-03:00,2026-05-21T17:57:41+00:00,betano,basketball,NBA,props_nba_20260521_145741.csv,New York Knicks Cleveland Cavaliers,new york knicks cleveland cavaliers,Karl-Anthony Towns,karl anthony towns,PRA (hitos),33+,0.0,1.65,player_pra_hito,PRA,over,33,32.5,Karl-Anthony Towns 33+ PRA,1,
d5010d34bd23bb93c3f3922df72387e4fca56a75,20260521_145741,2026-05-21T14:57:41-03:00,2026-05-21T17:57:41+00:00,betano,basketball,NBA,props_nba_20260521_145741.csv,New York Knicks Cleveland Cavaliers,new york knicks cleveland cavaliers,Karl-Anthony Towns,karl anthony towns,PRA (hitos),34+,0.0,1.83,player_pra_hito,PRA,over,34,33.5,Karl-Anthony Towns 34+ PRA,1,
63d480ac5ad7b487d95d2dc1c25ec2f96ff2357e,20260521_145741,2026-05-21T14:57:41-03:00,2026-05-21T17:57:41+00:00,betano,basketball,NBA,props_nba_20260521_145741.csv,New York Knicks Cleveland Cavaliers,new york knicks cleveland cavaliers,Karl-Anthony Towns,karl anthony towns,PRA (hitos),35+,0.0,2.02,player_pra_hito,PRA,over,35,34.5,Karl-Anthony Towns 35+ PRA,1,
1985434d6c6e2c2125df978a6a33d07ec0de3baa,20260521_145741,2026-05-21T14:57:41-03:00,2026-05-21T17:57:41+00:00,betano,basketball,NBA,props_nba_20260521_145741.csv,New York Knicks Cleveland Cavaliers,new york knicks cleveland cavaliers,Karl-Anthony Towns,karl anthony towns,PRA (hitos),36+,0.0,2.3,player_pra_hito,PRA,over,36,35.5,Karl-Anthony Towns 36+ PRA,1,
ccbeeb345f8096a75ab267b00570181d362eb74d,20260521_145741,2026-05-21T14:57:41-03:00,2026-05-21T17:57:41+00:00,betano,basketball,NBA,props_nba_20260521_145741.csv,New York Knicks Cleveland Cavaliers,new york knicks cleveland cavaliers,Karl-Anthony Towns,karl anthony towns,PRA (hitos),37+,0.0,2.6,player_pra_hito,PRA,over,37,36.5,Karl-Anthony Towns 37+ PRA,1,
a5142cabaab4bd50466064cb9624dd9ca5146046,20260521_145741,2026-05-21T14:57:41-03:00,2026-05-21T17:57:41+00:00,betano,basketball,NBA,props_nba_20260521_145741.csv,New York Knicks Cleveland Cavaliers,new york knicks cleveland cavaliers,Karl-Anthony Towns,karl anthony towns,PRA (hitos),38+,0.0,2.95,player_pra_hito,PRA,over,38,37.5,Karl-Anthony Towns 38+ PRA,1,
6798509abf24407d1684eb51936aec9d1cdef657,20260521_145741,2026-05-21T14:57:41-03:00,2026-05-21T17:57:41+00:00,betano,basketball,NBA,props_nba_20260521_145741.csv,New York Knicks Cleveland Cavaliers,new york knicks cleveland cavaliers,Karl-Anthony Towns,karl anthony towns,PRA (hitos),39+,0.0,3.4,player_pra_hito,PRA,over,39,38.5,Karl-Anthony Towns 39+ PRA,1,
db31f15d2576de5c337d74ca2419892f3161c80a,20260521_145741,2026-05-21T14:57:41-03:00,2026-05-21T17:57:41+00:00,betano,basketball,NBA,props_nba_20260521_145741.csv,New York Knicks Cleveland Cavaliers,new york knicks cleveland cavaliers,Karl-Anthony Towns,karl anthony towns,PRA (hitos),40+,0.0,3.95,player_pra_hito,PRA,over,40,39.5,Karl-Anthony Towns 40+ PRA,1,
35b3dd75d4367d2e0a3facf843e6e83dded0d9e5,20260521_145741,2026-05-21T14:57:41-03:00,2026-05-21T17:57:41+00:00,betano,basketball,NBA,props_nba_20260521_145741.csv,New York Knicks Cleveland Cavaliers,new york knicks cleveland cavaliers,James Harden,james harden,PRA (hitos),27+,0.0,1.47,player_pra_hito,PRA,over,27,26.5,James Harden 27+ PRA,1,
4cd63dd7d0968e903ccff5e3f3bf9e65c899eb69,20260521_145741,2026-05-21T14:57:41-03:00,2026-05-21T17:57:41+00:00,betano,basketball,NBA,props_nba_20260521_145741.csv,New York Knicks Cleveland Cavaliers,new york knicks cleveland cavaliers,James Harden,james harden,PRA (hitos),28+,0.0,1.62,player_pra_hito,PRA,over,28,27.5,James Harden 28+ PRA,1,
0cfcab7857cd4823f34628dad48bd5fa079331fd,20260521_145741,2026-05-21T14:57:41-03:00,2026-05-21T17:57:41+00:00,betano,basketball,NBA,props_nba_20260521_145741.csv,New York Knicks Cleveland Cavaliers,new york knicks cleveland cavaliers,James Harden,james harden,PRA (hitos),29+,0.0,1.78,player_pra_hito,PRA,over,29,28.5,James Harden 29+ PRA,1,
ea3a34b8e54202070327a6c992792a7f828f75a6,20260521_145741,2026-05-21T14:57:41-03:00,2026-05-21T17:57:41+00:00,betano,basketball,NBA,props_nba_20260521_145741.csv,New York Knicks Cleveland Cavaliers,new york knicks cleveland cavaliers,James Harden,james harden,PRA (hitos),30+,0.0,1.98,player_pra_hito,PRA,over,30,29.5,James Harden 30+ PRA,1,
899a94107ff2b7c6febd5dd52df071523ff1c20b,20260521_145741,2026-05-21T14:57:41-03:00,2026-05-21T17:57:41+00:00,betano,basketball,NBA,props_nba_20260521_145741.csv,New York Knicks Cleveland Cavaliers,new york knicks cleveland cavaliers,James Harden,james harden,PRA (hitos),31+,0.0,2.22,player_pra_hito,PRA,over,31,30.5,James Harden 31+ PRA,1,
883088f6b9522d7c3aeeddf104396ac4071dc8f0,20260521_145741,2026-05-21T14:57:41-03:00,2026-05-21T17:57:41+00:00,betano,basketball,NBA,props_nba_20260521_145741.csv,New York Knicks Cleveland Cavaliers,new york knicks cleveland cavaliers,James Harden,james harden,PRA (hitos),32+,0.0,2.52,player_pra_hito,PRA,over,32,31.5,James Harden 32+ PRA,1,
51831bc6d9b00bad3cffe5ae914233a2a0fe3505,20260521_145741,2026-05-21T14:57:41-03:00,2026-05-21T17:57:41+00:00,betano,basketball,NBA,props_nba_20260521_145741.csv,New York Knicks Cleveland Cavaliers,new york knicks cleveland cavaliers,James Harden,james harden,PRA (hitos),33+,0.0,2.87,player_pra_hito,PRA,over,33,32.5,James Harden 33+ PRA,1,
74779c5e38111667f4721fa148ea378103ed850f,20260521_145741,2026-05-21T14:57:41-03:00,2026-05-21T17:57:41+00:00,betano,basketball,NBA,props_nba_20260521_145741.csv,New York Knicks Cleveland Cavaliers,new york knicks cleveland cavaliers,James Harden,james harden,PRA (hitos),34+,0.0,3.35,player_pra_hito,PRA,over,34,33.5,James Harden 34+ PRA,1,
8d0c6523cfbbfdeea45802b1b31db243023a66f6,20260521_145741,2026-05-21T14:57:41-03:00,2026-05-21T17:57:41+00:00,betano,basketball,NBA,props_nba_20260521_145741.csv,New York Knicks Cleveland Cavaliers,new york knicks cleveland cavaliers,James Harden,james harden,PRA (hitos),35+,0.0,3.85,player_pra_hito,PRA,over,35,34.5,James Harden 35+ PRA,1,
301d3754e3cb20c62fbd079e8cdcaebac9f520cd,20260521_145741,2026-05-21T14:57:41-03:00,2026-05-21T17:57:41+00:00,betano,basketball,NBA,props_nba_20260521_145741.csv,New York Knicks Cleveland Cavaliers,new york knicks cleveland cavaliers,Evan Mobley,evan mobley,PRA (hitos),26+,0.0,1.42,player_pra_hito,PRA,over,26,25.5,Evan Mobley 26+ PRA,1,
89d12ed18282a5626337fbf3e201920075e72349,20260521_145741,2026-05-21T14:57:41-03:00,2026-05-21T17:57:41+00:00,betano,basketball,NBA,props_nba_20260521_145741.csv,New York Knicks Cleveland Cavaliers,new york knicks cleveland cavaliers,Evan Mobley,evan mobley,PRA (hitos),27+,0.0,1.57,player_pra_hito,PRA,over,27,26.5,Evan Mobley 27+ PRA,1,
d5ccda6fccf9d41ab6282da1ad2572dc89e154d5,20260521_145741,2026-05-21T14:57:41-03:00,2026-05-21T17:57:41+00:00,betano,basketball,NBA,props_nba_20260521_145741.csv,New York Knicks Cleveland Cavaliers,new york knicks cleveland cavaliers,Evan Mobley,evan mobley,PRA (hitos),28+,0.0,1.72,player_pra_hito,PRA,over,28,27.5,Evan Mobley 28+ PRA,1,
53037c6830661a25cea94f3a5f0ba2723e29db9b,20260521_145741,2026-05-21T14:57:41-03:00,2026-05-21T17:57:41+00:00,betano,basketball,NBA,props_nba_20260521_145741.csv,New York Knicks Cleveland Cavaliers,new york knicks cleveland cavaliers,Evan Mobley,evan mobley,PRA (hitos),29+,0.0,1.93,player_pra_hito,PRA,over,29,28.5,Evan Mobley 29+ PRA,1,
2333746487b182ed2d0d1ea6a7b7c599babb03f3,20260521_145741,2026-05-21T14:57:41-03:00,2026-05-21T17:57:41+00:00,betano,basketball,NBA,props_nba_20260521_145741.csv,New York Knicks Cleveland Cavaliers,new york knicks cleveland cavaliers,Evan Mobley,evan mobley,PRA (hitos),30+,0.0,2.18,player_pra_hito,PRA,over,30,29.5,Evan Mobley 30+ PRA,1,
4ca150fcc6ea55ced6a2dd7d7be92fee29bb7f9a,20260521_145741,2026-05-21T14:57:41-03:00,2026-05-21T17:57:41+00:00,betano,basketball,NBA,props_nba_20260521_145741.csv,New York Knicks Cleveland Cavaliers,new york knicks cleveland cavaliers,Evan Mobley,evan mobley,PRA (hitos),31+,0.0,2.45,player_pra_hito,PRA,over,31,30.5,Evan Mobley 31+ PRA,1,
4c67a90a3cbe5b71fa05d7fb82d53d7ac4bbe912,20260521_145741,2026-05-21T14:57:41-03:00,2026-05-21T17:57:41+00:00,betano,basketball,NBA,props_nba_20260521_145741.csv,New York Knicks Cleveland Cavaliers,new york knicks cleveland cavaliers,Evan Mobley,evan mobley,PRA (hitos),32+,0.0,2.77,player_pra_hito,PRA,over,32,31.5,Evan Mobley 32+ PRA,1,
5a35e0e89a989d5edd7949799e1a277af70e3d0a,20260521_145741,2026-05-21T14:57:41-03:00,2026-05-21T17:57:41+00:00,betano,basketball,NBA,props_nba_20260521_145741.csv,New York Knicks Cleveland Cavaliers,new york knicks cleveland cavaliers,Evan Mobley,evan mobley,PRA (hitos),33+,0.0,3.2,player_pra_hito,PRA,over,33,32.5,Evan Mobley 33+ PRA,1,
253c78b850dc3c7f705b2857a7070837f4945b54,20260521_145741,2026-05-21T14:57:41-03:00,2026-05-21T17:57:41+00:00,betano,basketball,NBA,props_nba_20260521_145741.csv,New York Knicks Cleveland Cavaliers,new york knicks cleveland cavaliers,Evan Mobley,evan mobley,PRA (hitos),34+,0.0,3.65,player_pra_hito,PRA,over,34,33.5,Evan Mobley 34+ PRA,1,
08947293d73db78a8fefa319c582c95084dd9c2f,20260521_145741,2026-05-21T14:57:41-03:00,2026-05-21T17:57:41+00:00,betano,basketball,NBA,props_nba_20260521_145741.csv,New York Knicks Cleveland Cavaliers,new york knicks cleveland cavaliers,Josh Hart,josh hart,PRA (hitos),22+,0.0,1.5,player_pra_hito,PRA,over,22,21.5,Josh Hart 22+ PRA,1,
536cf60d882167a223c0d7f6978abd80fadbe058,20260521_145741,2026-05-21T14:57:41-03:00,2026-05-21T17:57:41+00:00,betano,basketball,NBA,props_nba_20260521_145741.csv,New York Knicks Cleveland Cavaliers,new york knicks cleveland cavaliers,Josh Hart,josh hart,PRA (hitos),23+,0.0,1.65,player_pra_hito,PRA,over,23,22.5,Josh Hart 23+ PRA,1,
24a3bfabff7e5bd07fdb44445daa62d1b8398ac9,20260521_145741,2026-05-21T14:57:41-03:00,2026-05-21T17:57:41+00:00,betano,basketball,NBA,props_nba_20260521_145741.csv,New York Knicks Cleveland Cavaliers,new york knicks cleveland cavaliers,Josh Hart,josh hart,PRA (hitos),24+,0.0,1.85,player_pra_hito,PRA,over,24,23.5,Josh Hart 24+ PRA,1,
ace0237cfa3f7021b38c5d7a0cf1f64d7007ba1c,20260521_145741,2026-05-21T14:57:41-03:00,2026-05-21T17:57:41+00:00,betano,basketball,NBA,props_nba_20260521_145741.csv,New York Knicks Cleveland Cavaliers,new york knicks cleveland cavaliers,Josh Hart,josh hart,PRA (hitos),25+,0.0,2.1,player_pra_hito,PRA,over,25,24.5,Josh Hart 25+ PRA,1,
a00d4258e2f65ad8167990e3ef8e6b272d05b681,20260521_145741,2026-05-21T14:57:41-03:00,2026-05-21T17:57:41+00:00,betano,basketball,NBA,props_nba_20260521_145741.csv,New York Knicks Cleveland Cavaliers,new york knicks cleveland cavaliers,Josh Hart,josh hart,PRA (hitos),26+,0.0,2.42,player_pra_hito,PRA,over,26,25.5,Josh Hart 26+ PRA,1,
4346fc4f82dc5036232fe540fca19ac0e987b512,20260521_145741,2026-05-21T14:57:41-03:00,2026-05-21T17:57:41+00:00,betano,basketball,NBA,props_nba_20260521_145741.csv,New York Knicks Cleveland Cavaliers,new york knicks cleveland cavaliers,Josh Hart,josh hart,PRA (hitos),27+,0.0,2.8,player_pra_hito,PRA,over,27,26.5,Josh Hart 27+ PRA,1,
1eb7914d1ce7ef4bb3fe388fd4dcdf0c23d642a9,20260521_145741,2026-05-21T14:57:41-03:00,2026-05-21T17:57:41+00:00,betano,basketball,NBA,props_nba_20260521_145741.csv,New York Knicks Cleveland Cavaliers,new york knicks cleveland cavaliers,Josh Hart,josh hart,PRA (hitos),28+,0.0,3.3,player_pra_hito,PRA,over,28,27.5,Josh Hart 28+ PRA,1,
7117c6560d0bb17cb3943785dbaa46d5a954da7f,20260521_145741,2026-05-21T14:57:41-03:00,2026-05-21T17:57:41+00:00,betano,basketball,NBA,props_nba_20260521_145741.csv,New York Knicks Cleveland Cavaliers,new york knicks cleveland cavaliers,Josh Hart,josh hart,PRA (hitos),29+,0.0,3.85,player_pra_hito,PRA,over,29,28.5,Josh Hart 29+ PRA,1,
28bd3d9703858dc15c64d78064080eaa9bd6a983,20260521_145741,2026-05-21T14:57:41-03:00,2026-05-21T17:57:41+00:00,betano,basketball,NBA,props_nba_20260521_145741.csv,New York Knicks Cleveland Cavaliers,new york knicks cleveland cavaliers,Josh Hart,josh hart,PRA (hitos),30+,0.0,4.55,player_pra_hito,PRA,over,30,29.5,Josh Hart 30+ PRA,1,
538c56aba4b43e457a8fdf1b77a1aec1ce42d727,20260521_145741,2026-05-21T14:57:41-03:00,2026-05-21T17:57:41+00:00,betano,basketball,NBA,props_nba_20260521_145741.csv,New York Knicks Cleveland Cavaliers,new york knicks cleveland cavaliers,OG Anunoby,og anunoby,PRA (hitos),19+,0.0,1.24,player_pra_hito,PRA,over,19,18.5,OG Anunoby 19+ PRA,1,
9602b2e686c10dae10d699875aabd1e9d93fad4f,20260521_145741,2026-05-21T14:57:41-03:00,2026-05-21T17:57:41+00:00,betano,basketball,NBA,props_nba_20260521_145741.csv,New York Knicks Cleveland Cavaliers,new york knicks cleveland cavaliers,OG Anunoby,og anunoby,PRA (hitos),20+,0.0,1.34,player_pra_hito,PRA,over,20,19.5,OG Anunoby 20+ PRA,1,
9e29c13048e51ccbb08d71bee17b3015ac2097ff,20260521_145741,2026-05-21T14:57:41-03:00,2026-05-21T17:57:41+00:00,betano,basketball,NBA,props_nba_20260521_145741.csv,New York Knicks Cleveland Cavaliers,new york knicks cleveland cavaliers,OG Anunoby,og anunoby,PRA (hitos),21+,0.0,1.45,player_pra_hito,PRA,over,21,20.5,OG Anunoby 21+ PRA,1,
86fd27d05db5f3c1408a54f02a41c2c5f922515f,20260521_145741,2026-05-21T14:57:41-03:00,2026-05-21T17:57:41+00:00,betano,basketball,NBA,props_nba_20260521_145741.csv,New York Knicks Cleveland Cavaliers,new york knicks cleveland cavaliers,OG Anunoby,og anunoby,PRA (hitos),22+,0.0,1.6,player_pra_hito,PRA,over,22,21.5,OG Anunoby 22+ PRA,1,
99c6fe4f367fc42ff5d7e05b18fb687c87f71cb9,20260521_145741,2026-05-21T14:57:41-03:00,2026-05-21T17:57:41+00:00,betano,basketball,NBA,props_nba_20260521_145741.csv,New York Knicks Cleveland Cavaliers,new york knicks cleveland cavaliers,OG Anunoby,og anunoby,PRA (hitos),23+,0.0,1.78,player_pra_hito,PRA,over,23,22.5,OG Anunoby 23+ PRA,1,
e4e5e4ff3427144a84dec155dec1a168b07f91dc,20260521_145741,2026-05-21T14:57:41-03:00,2026-05-21T17:57:41+00:00,betano,basketball,NBA,props_nba_20260521_145741.csv,New York Knicks Cleveland Cavaliers,new york knicks cleveland cavaliers,OG Anunoby,og anunoby,PRA (hitos),24+,0.0,2,player_pra_hito,PRA,over,24,23.5,OG Anunoby 24+ PRA,1,
003ff416d755ae8a0534ba7e9328f246ef858ea4,20260521_145741,2026-05-21T14:57:41-03:00,2026-05-21T17:57:41+00:00,betano,basketball,NBA,props_nba_20260521_145741.csv,New York Knicks Cleveland Cavaliers,new york knicks cleveland cavaliers,OG Anunoby,og anunoby,PRA (hitos),25+,0.0,2.25,player_pra_hito,PRA,over,25,24.5,OG Anunoby 25+ PRA,1,
29549c01efcb50f824d32bedbb85a475ec18e780,20260521_145741,2026-05-21T14:57:41-03:00,2026-05-21T17:57:41+00:00,betano,basketball,NBA,props_nba_20260521_145741.csv,New York Knicks Cleveland Cavaliers,new york knicks cleveland cavaliers,OG Anunoby,og anunoby,PRA (hitos),26+,0.0,2.57,player_pra_hito,PRA,over,26,25.5,OG Anunoby 26+ PRA,1,
95eed8904b60fa0e59220bcef00dd831366900ec,20260521_145741,2026-05-21T14:57:41-03:00,2026-05-21T17:57:41+00:00,betano,basketball,NBA,props_nba_20260521_145741.csv,New York Knicks Cleveland Cavaliers,new york knicks cleveland cavaliers,OG Anunoby,og anunoby,PRA (hitos),27+,0.0,2.92,player_pra_hito,PRA,over,27,26.5,OG Anunoby 27+ PRA,1,
352bfc87de97a32249a7858709a3defa68b80eda,20260521_145741,2026-05-21T14:57:41-03:00,2026-05-21T17:57:41+00:00,betano,basketball,NBA,props_nba_20260521_145741.csv,New York Knicks Cleveland Cavaliers,new york knicks cleveland cavaliers,Jarrett Allen,jarrett allen,PRA (hitos),19+,0.0,1.4,player_pra_hito,PRA,over,19,18.5,Jarrett Allen 19+ PRA,1,
8e1bd588485660ae098d36196c54a1ab150114c8,20260521_145741,2026-05-21T14:57:41-03:00,2026-05-21T17:57:41+00:00,betano,basketball,NBA,props_nba_20260521_145741.csv,New York Knicks Cleveland Cavaliers,new york knicks cleveland cavaliers,Jarrett Allen,jarrett allen,PRA (hitos),20+,0.0,1.55,player_pra_hito,PRA,over,20,19.5,Jarrett Allen 20+ PRA,1,
c125038d820bc7a74f979e59d16c75a75410c0b7,20260521_145741,2026-05-21T14:57:41-03:00,2026-05-21T17:57:41+00:00,betano,basketball,NBA,props_nba_20260521_145741.csv,New York Knicks Cleveland Cavaliers,new york knicks cleveland cavaliers,Jarrett Allen,jarrett allen,PRA (hitos),21+,0.0,1.75,player_pra_hito,PRA,over,21,20.5,Jarrett Allen 21+ PRA,1,
703e0c9d8e815194bc0de0fe6ed22dcc4d495be8,20260521_145741,2026-05-21T14:57:41-03:00,2026-05-21T17:57:41+00:00,betano,basketball,NBA,props_nba_20260521_145741.csv,New York Knicks Cleveland Cavaliers,new york knicks cleveland cavaliers,Jarrett Allen,jarrett allen,PRA (hitos),22+,0.0,2,player_pra_hito,PRA,over,22,21.5,Jarrett Allen 22+ PRA,1,
67eeb99029db9d9d5cde981af467029ea978b239,20260521_145741,2026-05-21T14:57:41-03:00,2026-05-21T17:57:41+00:00,betano,basketball,NBA,props_nba_20260521_145741.csv,New York Knicks Cleveland Cavaliers,new york knicks cleveland cavaliers,Jarrett Allen,jarrett allen,PRA (hitos),23+,0.0,2.32,player_pra_hito,PRA,over,23,22.5,Jarrett Allen 23+ PRA,1,
66798bd592cb57efec6f0b87c60ca43dc8905ef3,20260521_145741,2026-05-21T14:57:41-03:00,2026-05-21T17:57:41+00:00,betano,basketball,NBA,props_nba_20260521_145741.csv,New York Knicks Cleveland Cavaliers,new york knicks cleveland cavaliers,Jarrett Allen,jarrett allen,PRA (hitos),24+,0.0,2.72,player_pra_hito,PRA,over,24,23.5,Jarrett Allen 24+ PRA,1,
8db7debb68ec33b5768bcba9ac047599abd46bc3,20260521_145741,2026-05-21T14:57:41-03:00,2026-05-21T17:57:41+00:00,betano,basketball,NBA,props_nba_20260521_145741.csv,New York Knicks Cleveland Cavaliers,new york knicks cleveland cavaliers,Jarrett Allen,jarrett allen,PRA (hitos),25+,0.0,3.2,player_pra_hito,PRA,over,25,24.5,Jarrett Allen 25+ PRA,1,
9db3b508950d27aa0b3b5aefa4176419da7aad67,20260521_145741,2026-05-21T14:57:41-03:00,2026-05-21T17:57:41+00:00,betano,basketball,NBA,props_nba_20260521_145741.csv,New York Knicks Cleveland Cavaliers,new york knicks cleveland cavaliers,Jarrett Allen,jarrett allen,PRA (hitos),26+,0.0,3.85,player_pra_hito,PRA,over,26,25.5,Jarrett Allen 26+ PRA,1,
3017401e06b47d87988a2dd00f24754dc2e465ca,20260521_145741,2026-05-21T14:57:41-03:00,2026-05-21T17:57:41+00:00,betano,basketball,NBA,props_nba_20260521_145741.csv,New York Knicks Cleveland Cavaliers,new york knicks cleveland cavaliers,Jarrett Allen,jarrett allen,PRA (hitos),27+,0.0,4.65,player_pra_hito,PRA,over,27,26.5,Jarrett Allen 27+ PRA,1,
75db1bbf252510ee8e8bc0356bb7749846b01711,20260521_145741,2026-05-21T14:57:41-03:00,2026-05-21T17:57:41+00:00,betano,basketball,NBA,props_nba_20260521_145741.csv,New York Knicks Cleveland Cavaliers,new york knicks cleveland cavaliers,Mikal Bridges,mikal bridges,PRA (hitos),18+,0.0,1.53,player_pra_hito,PRA,over,18,17.5,Mikal Bridges 18+ PRA,1,
99189bdc95c37269feab82920872ae0be00d06e2,20260521_145741,2026-05-21T14:57:41-03:00,2026-05-21T17:57:41+00:00,betano,basketball,NBA,props_nba_20260521_145741.csv,New York Knicks Cleveland Cavaliers,new york knicks cleveland cavaliers,Mikal Bridges,mikal bridges,PRA (hitos),20+,0.0,1.93,player_pra_hito,PRA,over,20,19.5,Mikal Bridges 20+ PRA,1,
2ac6724b0567b99a03e8e2ca40c8e77fb1532380,20260521_145741,2026-05-21T14:57:41-03:00,2026-05-21T17:57:41+00:00,betano,basketball,NBA,props_nba_20260521_145741.csv,New York Knicks Cleveland Cavaliers,new york knicks cleveland cavaliers,Mikal Bridges,mikal bridges,PRA (hitos),22+,0.0,2.55,player_pra_hito,PRA,over,22,21.5,Mikal Bridges 22+ PRA,1,
425a09310b5b20626dff900b0f3a0e18b542dd0f,20260521_145741,2026-05-21T14:57:41-03:00,2026-05-21T17:57:41+00:00,betano,basketball,NBA,props_nba_20260521_145741.csv,New York Knicks Cleveland Cavaliers,new york knicks cleveland cavaliers,Mikal Bridges,mikal bridges,PRA (hitos),24+,0.0,3.5,player_pra_hito,PRA,over,24,23.5,Mikal Bridges 24+ PRA,1,
e40391b3bc4ee4a18d15f6a3d75063d5b42aecda,20260521_145741,2026-05-21T14:57:41-03:00,2026-05-21T17:57:41+00:00,betano,basketball,NBA,props_nba_20260521_145741.csv,New York Knicks Cleveland Cavaliers,new york knicks cleveland cavaliers,Mikal Bridges,mikal bridges,PRA (hitos),26+,0.0,5,player_pra_hito,PRA,over,26,25.5,Mikal Bridges 26+ PRA,1,
1a8b81079fe66528e2c1fefaf05057298cad70e5,20260521_145741,2026-05-21T14:57:41-03:00,2026-05-21T17:57:41+00:00,betano,basketball,NBA,props_nba_20260521_145741.csv,New York Knicks Cleveland Cavaliers,new york knicks cleveland cavaliers,Mikal Bridges,mikal bridges,PRA (hitos),28+,0.0,7.1,player_pra_hito,PRA,over,28,27.5,Mikal Bridges 28+ PRA,1,
ac9398fbb0710f4c28bf119b1b12b11db00ba68e,20260521_145741,2026-05-21T14:57:41-03:00,2026-05-21T17:57:41+00:00,betano,basketball,NBA,props_nba_20260521_145741.csv,New York Knicks Cleveland Cavaliers,new york knicks cleveland cavaliers,Mikal Bridges,mikal bridges,PRA (hitos),30+,0.0,9.75,player_pra_hito,PRA,over,30,29.5,Mikal Bridges 30+ PRA,1,
a9b805754f48f5d603964691d33bc50f2c0146a7,20260521_145741,2026-05-21T14:57:41-03:00,2026-05-21T17:57:41+00:00,betano,basketball,NBA,props_nba_20260521_145741.csv,New York Knicks Cleveland Cavaliers,new york knicks cleveland cavaliers,Mikal Bridges,mikal bridges,PRA (hitos),32+,0.0,13,player_pra_hito,PRA,over,32,31.5,Mikal Bridges 32+ PRA,1,
1c971191008b92b40d80d006087df0a675804fdd,20260521_145741,2026-05-21T14:57:41-03:00,2026-05-21T17:57:41+00:00,betano,basketball,NBA,props_nba_20260521_145741.csv,New York Knicks Cleveland Cavaliers,new york knicks cleveland cavaliers,Mikal Bridges,mikal bridges,PRA (hitos),34+,0.0,15.5,player_pra_hito,PRA,over,34,33.5,Mikal Bridges 34+ PRA,1,
e477e907cb9472927a908d10071eace1b14f477f,20260521_145741,2026-05-21T14:57:41-03:00,2026-05-21T17:57:41+00:00,betano,basketball,NBA,props_nba_20260521_145741.csv,New York Knicks Cleveland Cavaliers,new york knicks cleveland cavaliers,Max Strus,max strus,PRA (hitos),13+,0.0,1.5,player_pra_hito,PRA,over,13,12.5,Max Strus 13+ PRA,1,
91935dde83824d8960b013ee804e0b0b6111b3a1,20260521_145741,2026-05-21T14:57:41-03:00,2026-05-21T17:57:41+00:00,betano,basketball,NBA,props_nba_20260521_145741.csv,New York Knicks Cleveland Cavaliers,new york knicks cleveland cavaliers,Max Strus,max strus,PRA (hitos),15+,0.0,1.91,player_pra_hito,PRA,over,15,14.5,Max Strus 15+ PRA,1,
900e41f567a6893ac28ee20b9d1e82ea1456191d,20260521_145741,2026-05-21T14:57:41-03:00,2026-05-21T17:57:41+00:00,betano,basketball,NBA,props_nba_20260521_145741.csv,New York Knicks Cleveland Cavaliers,new york knicks cleveland cavaliers,Max Strus,max strus,PRA (hitos),17+,0.0,2.6,player_pra_hito,PRA,over,17,16.5,Max Strus 17+ PRA,1,
23ddcf6ced6169dfb78e71ccde39252d748bf0a8,20260521_145741,2026-05-21T14:57:41-03:00,2026-05-21T17:57:41+00:00,betano,basketball,NBA,props_nba_20260521_145741.csv,New York Knicks Cleveland Cavaliers,new york knicks cleveland cavaliers,Max Strus,max strus,PRA (hitos),19+,0.0,3.75,player_pra_hito,PRA,over,19,18.5,Max Strus 19+ PRA,1,
074cd454fcefd3786670f893a30265ebbd2aa7c4,20260521_145741,2026-05-21T14:57:41-03:00,2026-05-21T17:57:41+00:00,betano,basketball,NBA,props_nba_20260521_145741.csv,New York Knicks Cleveland Cavaliers,new york knicks cleveland cavaliers,Max Strus,max strus,PRA (hitos),21+,0.0,5.5,player_pra_hito,PRA,over,21,20.5,Max Strus 21+ PRA,1,
d30c7a02e152d911479862ac069e9edfb87062ca,20260521_145741,2026-05-21T14:57:41-03:00,2026-05-21T17:57:41+00:00,betano,basketball,NBA,props_nba_20260521_145741.csv,New York Knicks Cleveland Cavaliers,new york knicks cleveland cavaliers,Max Strus,max strus,PRA (hitos),23+,0.0,8,player_pra_hito,PRA,over,23,22.5,Max Strus 23+ PRA,1,
4af1c2be46e44c220994ebdb54a94e90d575183f,20260521_145741,2026-05-21T14:57:41-03:00,2026-05-21T17:57:41+00:00,betano,basketball,NBA,props_nba_20260521_145741.csv,New York Knicks Cleveland Cavaliers,new york knicks cleveland cavaliers,Max Strus,max strus,PRA (hitos),25+,0.0,11,player_pra_hito,PRA,over,25,24.5,Max Strus 25+ PRA,1,
f0fd97f06ae66e1c7959fad76655d0753d9bce63,20260521_145741,2026-05-21T14:57:41-03:00,2026-05-21T17:57:41+00:00,betano,basketball,NBA,props_nba_20260521_145741.csv,New York Knicks Cleveland Cavaliers,new york knicks cleveland cavaliers,Max Strus,max strus,PRA (hitos),27+,0.0,14,player_pra_hito,PRA,over,27,26.5,Max Strus 27+ PRA,1,
2bb78e3f6ce852d72f594b7ab81a8963852be415,20260521_145741,2026-05-21T14:57:41-03:00,2026-05-21T17:57:41+00:00,betano,basketball,NBA,props_nba_20260521_145741.csv,New York Knicks Cleveland Cavaliers,new york knicks cleveland cavaliers,Max Strus,max strus,PRA (hitos),29+,0.0,16.5,player_pra_hito,PRA,over,29,28.5,Max Strus 29+ PRA,1,
89b92ab215a2f9a1fbfc843beeb33b0c3d979ab9,20260521_145741,2026-05-21T14:57:41-03:00,2026-05-21T17:57:41+00:00,betano,basketball,NBA,props_nba_20260521_145741.csv,New York Knicks Cleveland Cavaliers,new york knicks cleveland cavaliers,Sam Merrill,sam merrill,PRA (hitos),9+,0.0,1.31,player_pra_hito,PRA,over,9,8.5,Sam Merrill 9+ PRA,1,
db8838a4b25b0f897528fe2996ad65df944dc10f,20260521_145741,2026-05-21T14:57:41-03:00,2026-05-21T17:57:41+00:00,betano,basketball,NBA,props_nba_20260521_145741.csv,New York Knicks Cleveland Cavaliers,new york knicks cleveland cavaliers,Sam Merrill,sam merrill,PRA (hitos),10+,0.0,1.47,player_pra_hito,PRA,over,10,9.5,Sam Merrill 10+ PRA,1,
3caa926f2954d0a88140acb217ae690f30fcdb66,20260521_145741,2026-05-21T14:57:41-03:00,2026-05-21T17:57:41+00:00,betano,basketball,NBA,props_nba_20260521_145741.csv,New York Knicks Cleveland Cavaliers,new york knicks cleveland cavaliers,Sam Merrill,sam merrill,PRA (hitos),11+,0.0,1.67,player_pra_hito,PRA,over,11,10.5,Sam Merrill 11+ PRA,1,
2774d8ab3c70b0815a0bb945fabdd213db0ef2b2,20260521_145741,2026-05-21T14:57:41-03:00,2026-05-21T17:57:41+00:00,betano,basketball,NBA,props_nba_20260521_145741.csv,New York Knicks Cleveland Cavaliers,new york knicks cleveland cavaliers,Sam Merrill,sam merrill,PRA (hitos),12+,0.0,1.91,player_pra_hito,PRA,over,12,11.5,Sam Merrill 12+ PRA,1,
68f49a1ef3664bedd2eabe162c8bb47d3443bb87,20260521_145741,2026-05-21T14:57:41-03:00,2026-05-21T17:57:41+00:00,betano,basketball,NBA,props_nba_20260521_145741.csv,New York Knicks Cleveland Cavaliers,new york knicks cleveland cavaliers,Sam Merrill,sam merrill,PRA (hitos),13+,0.0,2.25,player_pra_hito,PRA,over,13,12.5,Sam Merrill 13+ PRA,1,
ba7acb4fbef04d8a8b29cca5a752a2bb33042209,20260521_145741,2026-05-21T14:57:41-03:00,2026-05-21T17:57:41+00:00,betano,basketball,NBA,props_nba_20260521_145741.csv,New York Knicks Cleveland Cavaliers,new york knicks cleveland cavaliers,Sam Merrill,sam merrill,PRA (hitos),14+,0.0,2.65,player_pra_hito,PRA,over,14,13.5,Sam Merrill 14+ PRA,1,
78c8ee26bd2da5a5e867bb28da64abc29a3b887b,20260521_145741,2026-05-21T14:57:41-03:00,2026-05-21T17:57:41+00:00,betano,basketball,NBA,props_nba_20260521_145741.csv,New York Knicks Cleveland Cavaliers,new york knicks cleveland cavaliers,Sam Merrill,sam merrill,PRA (hitos),15+,0.0,3.15,player_pra_hito,PRA,over,15,14.5,Sam Merrill 15+ PRA,1,
5ceae7762a40d1eb17905a4b47aada78df83f57c,20260521_145741,2026-05-21T14:57:41-03:00,2026-05-21T17:57:41+00:00,betano,basketball,NBA,props_nba_20260521_145741.csv,New York Knicks Cleveland Cavaliers,new york knicks cleveland cavaliers,Sam Merrill,sam merrill,PRA (hitos),16+,0.0,3.7,player_pra_hito,PRA,over,16,15.5,Sam Merrill 16+ PRA,1,
9f1a52fd31e4563b58cbda8154be390d50efb869,20260521_145741,2026-05-21T14:57:41-03:00,2026-05-21T17:57:41+00:00,betano,basketball,NBA,props_nba_20260521_145741.csv,New York Knicks Cleveland Cavaliers,new york knicks cleveland cavaliers,Sam Merrill,sam merrill,PRA (hitos),17+,0.0,4.45,player_pra_hito,PRA,over,17,16.5,Sam Merrill 17+ PRA,1,
b2bcaa80b4978089d059152d15fe73715e855cce,20260521_145741,2026-05-21T14:57:41-03:00,2026-05-21T17:57:41+00:00,betano,basketball,NBA,props_nba_20260521_145741.csv,New York Knicks Cleveland Cavaliers,new york knicks cleveland cavaliers,Dennis Schroder,dennis schroder,PRA (hitos),9+,0.0,1.47,player_pra_hito,PRA,over,9,8.5,Dennis Schroder 9+ PRA,1,
9e4954da6abab85196bf12e8a25fd07d52969175,20260521_145741,2026-05-21T14:57:41-03:00,2026-05-21T17:57:41+00:00,betano,basketball,NBA,props_nba_20260521_145741.csv,New York Knicks Cleveland Cavaliers,new york knicks cleveland cavaliers,Dennis Schroder,dennis schroder,PRA (hitos),10+,0.0,1.7,player_pra_hito,PRA,over,10,9.5,Dennis Schroder 10+ PRA,1,
336c7b3548f229cfbc3af21c616ddaaaa70b0dc7,20260521_145741,2026-05-21T14:57:41-03:00,2026-05-21T17:57:41+00:00,betano,basketball,NBA,props_nba_20260521_145741.csv,New York Knicks Cleveland Cavaliers,new york knicks cleveland cavaliers,Dennis Schroder,dennis schroder,PRA (hitos),11+,0.0,2.05,player_pra_hito,PRA,over,11,10.5,Dennis Schroder 11+ PRA,1,
587850247ce212e1f76567316f245e9832389b14,20260521_145741,2026-05-21T14:57:41-03:00,2026-05-21T17:57:41+00:00,betano,basketball,NBA,props_nba_20260521_145741.csv,New York Knicks Cleveland Cavaliers,new york knicks cleveland cavaliers,Dennis Schroder,dennis schroder,PRA (hitos),12+,0.0,2.5,player_pra_hito,PRA,over,12,11.5,Dennis Schroder 12+ PRA,1,
36f28d8f86ed5661935f221305fad78594005f86,20260521_145741,2026-05-21T14:57:41-03:00,2026-05-21T17:57:41+00:00,betano,basketball,NBA,props_nba_20260521_145741.csv,New York Knicks Cleveland Cavaliers,new york knicks cleveland cavaliers,Dennis Schroder,dennis schroder,PRA (hitos),13+,0.0,3.1,player_pra_hito,PRA,over,13,12.5,Dennis Schroder 13+ PRA,1,
498d25f56956f5cafe6d109b1b270de98ed8b8a6,20260521_145741,2026-05-21T14:57:41-03:00,2026-05-21T17:57:41+00:00,betano,basketball,NBA,props_nba_20260521_145741.csv,New York Knicks Cleveland Cavaliers,new york knicks cleveland cavaliers,Dennis Schroder,dennis schroder,PRA (hitos),14+,0.0,3.9,player_pra_hito,PRA,over,14,13.5,Dennis Schroder 14+ PRA,1,
e6dc8cb574b326030cf056ed1e62450a1d0abf9f,20260521_145741,2026-05-21T14:57:41-03:00,2026-05-21T17:57:41+00:00,betano,basketball,NBA,props_nba_20260521_145741.csv,New York Knicks Cleveland Cavaliers,new york knicks cleveland cavaliers,Dennis Schroder,dennis schroder,PRA (hitos),15+,0.0,4.9,player_pra_hito,PRA,over,15,14.5,Dennis Schroder 15+ PRA,1,
0b48c73e4c626a3faf0aaa68b5c8bb9d6516da40,20260521_145741,2026-05-21T14:57:41-03:00,2026-05-21T17:57:41+00:00,betano,basketball,NBA,props_nba_20260521_145741.csv,New York Knicks Cleveland Cavaliers,new york knicks cleveland cavaliers,Dennis Schroder,dennis schroder,PRA (hitos),16+,0.0,6.3,player_pra_hito,PRA,over,16,15.5,Dennis Schroder 16+ PRA,1,
ad27ed6fecbe2cf83533705e410c687adb1fbe17,20260521_145741,2026-05-21T14:57:41-03:00,2026-05-21T17:57:41+00:00,betano,basketball,NBA,props_nba_20260521_145741.csv,New York Knicks Cleveland Cavaliers,new york knicks cleveland cavaliers,Dean Wade,dean wade,PRA (hitos),9+,0.0,1.6,player_pra_hito,PRA,over,9,8.5,Dean Wade 9+ PRA,1,
6925cf69763418ad504859a3ae107624defdc656,20260521_145741,2026-05-21T14:57:41-03:00,2026-05-21T17:57:41+00:00,betano,basketball,NBA,props_nba_20260521_145741.csv,New York Knicks Cleveland Cavaliers,new york knicks cleveland cavaliers,Dean Wade,dean wade,PRA (hitos),10+,0.0,1.88,player_pra_hito,PRA,over,10,9.5,Dean Wade 10+ PRA,1,
35473a2b9dce891da741034c9a37ad4a31d8c52b,20260521_145741,2026-05-21T14:57:41-03:00,2026-05-21T17:57:41+00:00,betano,basketball,NBA,props_nba_20260521_145741.csv,New York Knicks Cleveland Cavaliers,new york knicks cleveland cavaliers,Dean Wade,dean wade,PRA (hitos),11+,0.0,2.25,player_pra_hito,PRA,over,11,10.5,Dean Wade 11+ PRA,1,
8bc31ea3fcb77a7f615bb14e9e86fd60152190f2,20260521_145741,2026-05-21T14:57:41-03:00,2026-05-21T17:57:41+00:00,betano,basketball,NBA,props_nba_20260521_145741.csv,New York Knicks Cleveland Cavaliers,new york knicks cleveland cavaliers,Dean Wade,dean wade,PRA (hitos),12+,0.0,2.77,player_pra_hito,PRA,over,12,11.5,Dean Wade 12+ PRA,1,
41fe8ead6df0e21ba71088c0cc5e3b60da039246,20260521_145741,2026-05-21T14:57:41-03:00,2026-05-21T17:57:41+00:00,betano,basketball,NBA,props_nba_20260521_145741.csv,New York Knicks Cleveland Cavaliers,new york knicks cleveland cavaliers,Dean Wade,dean wade,PRA (hitos),13+,0.0,3.5,player_pra_hito,PRA,over,13,12.5,Dean Wade 13+ PRA,1,
2892cd7b2c5080364e9ffcf40adb0efcbfd0567f,20260521_145741,2026-05-21T14:57:41-03:00,2026-05-21T17:57:41+00:00,betano,basketball,NBA,props_nba_20260521_145741.csv,New York Knicks Cleveland Cavaliers,new york knicks cleveland cavaliers,Dean Wade,dean wade,PRA (hitos),14+,0.0,4.45,player_pra_hito,PRA,over,14,13.5,Dean Wade 14+ PRA,1,
9d9faf09f6ea7dff3c4702f5c0e6e996d9ad0500,20260521_145741,2026-05-21T14:57:41-03:00,2026-05-21T17:57:41+00:00,betano,basketball,NBA,props_nba_20260521_145741.csv,New York Knicks Cleveland Cavaliers,new york knicks cleveland cavaliers,Dean Wade,dean wade,PRA (hitos),15+,0.0,5.7,player_pra_hito,PRA,over,15,14.5,Dean Wade 15+ PRA,1,
ef5b9f8d560e834dd1a2ffeec634301d4dbf82f5,20260521_145741,2026-05-21T14:57:41-03:00,2026-05-21T17:57:41+00:00,betano,basketball,NBA,props_nba_20260521_145741.csv,New York Knicks Cleveland Cavaliers,new york knicks cleveland cavaliers,Dean Wade,dean wade,PRA (hitos),16+,0.0,7.3,player_pra_hito,PRA,over,16,15.5,Dean Wade 16+ PRA,1,
bc3745c72af8eacfb96ed72996913fd1b632c01a,20260521_145741,2026-05-21T14:57:41-03:00,2026-05-21T17:57:41+00:00,betano,basketball,NBA,props_nba_20260521_145741.csv,New York Knicks Cleveland Cavaliers,new york knicks cleveland cavaliers,Miles McBride,miles mcbride,PRA (hitos),7+,0.0,1.52,player_pra_hito,PRA,over,7,6.5,Miles McBride 7+ PRA,1,
0da4e2f1255194ed1ea399647d100714a85a4b72,20260521_145741,2026-05-21T14:57:41-03:00,2026-05-21T17:57:41+00:00,betano,basketball,NBA,props_nba_20260521_145741.csv,New York Knicks Cleveland Cavaliers,new york knicks cleveland cavaliers,Miles McBride,miles mcbride,PRA (hitos),8+,0.0,1.78,player_pra_hito,PRA,over,8,7.5,Miles McBride 8+ PRA,1,
6beab5054005a1830818174651ee36536fb4fbab,20260521_145741,2026-05-21T14:57:41-03:00,2026-05-21T17:57:41+00:00,betano,basketball,NBA,props_nba_20260521_145741.csv,New York Knicks Cleveland Cavaliers,new york knicks cleveland cavaliers,Miles McBride,miles mcbride,PRA (hitos),9+,0.0,2.15,player_pra_hito,PRA,over,9,8.5,Miles McBride 9+ PRA,1,
f3ccf9b21a3bf5473da9bc772c6a911b47226fba,20260521_145741,2026-05-21T14:57:41-03:00,2026-05-21T17:57:41+00:00,betano,basketball,NBA,props_nba_20260521_145741.csv,New York Knicks Cleveland Cavaliers,new york knicks cleveland cavaliers,Miles McBride,miles mcbride,PRA (hitos),10+,0.0,2.62,player_pra_hito,PRA,over,10,9.5,Miles McBride 10+ PRA,1,
b8c6f78f2c603c232c827b8094ebc95112875043,20260521_145741,2026-05-21T14:57:41-03:00,2026-05-21T17:57:41+00:00,betano,basketball,NBA,props_nba_20260521_145741.csv,New York Knicks Cleveland Cavaliers,new york knicks cleveland cavaliers,Miles McBride,miles mcbride,PRA (hitos),11+,0.0,3.3,player_pra_hito,PRA,over,11,10.5,Miles McBride 11+ PRA,1,
ec5988e59ff5f260197150a759d1ca2fc51d702a,20260521_145741,2026-05-21T14:57:41-03:00,2026-05-21T17:57:41+00:00,betano,basketball,NBA,props_nba_20260521_145741.csv,New York Knicks Cleveland Cavaliers,new york knicks cleveland cavaliers,Miles McBride,miles mcbride,PRA (hitos),12+,0.0,4.15,player_pra_hito,PRA,over,12,11.5,Miles McBride 12+ PRA,1,
43800ad9b84767ff8cd9cb46a266cfb8d5540bc0,20260521_145741,2026-05-21T14:57:41-03:00,2026-05-21T17:57:41+00:00,betano,basketball,NBA,props_nba_20260521_145741.csv,New York Knicks Cleveland Cavaliers,new york knicks cleveland cavaliers,Miles McBride,miles mcbride,PRA (hitos),13+,0.0,5.3,player_pra_hito,PRA,over,13,12.5,Miles McBride 13+ PRA,1,
7d1b9b327bedc01ab2c14f651cb930d487389dda,20260521_145741,2026-05-21T14:57:41-03:00,2026-05-21T17:57:41+00:00,betano,basketball,NBA,props_nba_20260521_145741.csv,New York Knicks Cleveland Cavaliers,new york knicks cleveland cavaliers,Miles McBride,miles mcbride,PRA (hitos),14+,0.0,6.6,player_pra_hito,PRA,over,14,13.5,Miles McBride 14+ PRA,1,
b4360ee88460e4995ddd5666d0b94fa949050cd6,20260521_145741,2026-05-21T14:57:41-03:00,2026-05-21T17:57:41+00:00,betano,basketball,NBA,props_nba_20260521_145741.csv,New York Knicks Cleveland Cavaliers,new york knicks cleveland cavaliers,Jordan Clarkson,jordan clarkson,PRA (hitos),7+,0.0,1.6,player_pra_hito,PRA,over,7,6.5,Jordan Clarkson 7+ PRA,1,
51d4476f20b361fb83355641a82bd32fa0a3002e,20260521_145741,2026-05-21T14:57:41-03:00,2026-05-21T17:57:41+00:00,betano,basketball,NBA,props_nba_20260521_145741.csv,New York Knicks Cleveland Cavaliers,new york knicks cleveland cavaliers,Jordan Clarkson,jordan clarkson,PRA (hitos),8+,0.0,1.93,player_pra_hito,PRA,over,8,7.5,Jordan Clarkson 8+ PRA,1,
88ea12117c5a119800b7f1407800a9f262eec54d,20260521_145741,2026-05-21T14:57:41-03:00,2026-05-21T17:57:41+00:00,betano,basketball,NBA,props_nba_20260521_145741.csv,New York Knicks Cleveland Cavaliers,new york knicks cleveland cavaliers,Jordan Clarkson,jordan clarkson,PRA (hitos),9+,0.0,2.42,player_pra_hito,PRA,over,9,8.5,Jordan Clarkson 9+ PRA,1,
bd86cb7612bac94eeaac2831a1a64a14e106d645,20260521_145741,2026-05-21T14:57:41-03:00,2026-05-21T17:57:41+00:00,betano,basketball,NBA,props_nba_20260521_145741.csv,New York Knicks Cleveland Cavaliers,new york knicks cleveland cavaliers,Jordan Clarkson,jordan clarkson,PRA (hitos),10+,0.0,3.1,player_pra_hito,PRA,over,10,9.5,Jordan Clarkson 10+ PRA,1,
5a8424c30f3226006be610fb7c93612ac86d165d,20260521_145741,2026-05-21T14:57:41-03:00,2026-05-21T17:57:41+00:00,betano,basketball,NBA,props_nba_20260521_145741.csv,New York Knicks Cleveland Cavaliers,new york knicks cleveland cavaliers,Jordan Clarkson,jordan clarkson,PRA (hitos),11+,0.0,4.05,player_pra_hito,PRA,over,11,10.5,Jordan Clarkson 11+ PRA,1,
d32bf0b703a6a2e1538e5a8172558fc57aa6d9a5,20260521_145741,2026-05-21T14:57:41-03:00,2026-05-21T17:57:41+00:00,betano,basketball,NBA,props_nba_20260521_145741.csv,New York Knicks Cleveland Cavaliers,new york knicks cleveland cavaliers,Jordan Clarkson,jordan clarkson,PRA (hitos),12+,0.0,5.3,player_pra_hito,PRA,over,12,11.5,Jordan Clarkson 12+ PRA,1,
25882873b98358b70b1150fc8d39d7992725721a,20260521_145741,2026-05-21T14:57:41-03:00,2026-05-21T17:57:41+00:00,betano,basketball,NBA,props_nba_20260521_145741.csv,New York Knicks Cleveland Cavaliers,new york knicks cleveland cavaliers,Jordan Clarkson,jordan clarkson,PRA (hitos),13+,0.0,6.8,player_pra_hito,PRA,over,13,12.5,Jordan Clarkson 13+ PRA,1,
16fb3a7ef736c939b5811261813a8e27cfbd6e09,20260521_145741,2026-05-21T14:57:41-03:00,2026-05-21T17:57:41+00:00,betano,basketball,NBA,props_nba_20260521_145741.csv,New York Knicks Cleveland Cavaliers,new york knicks cleveland cavaliers,Jordan Clarkson,jordan clarkson,PRA (hitos),14+,0.0,8.75,player_pra_hito,PRA,over,14,13.5,Jordan Clarkson 14+ PRA,1,
689617f01f9cc642d6a88e5759e4d957a2a9f894,20260521_145741,2026-05-21T14:57:41-03:00,2026-05-21T17:57:41+00:00,betano,basketball,NBA,props_nba_20260521_145741.csv,New York Knicks Cleveland Cavaliers,new york knicks cleveland cavaliers,Landry Shamet,landry shamet,PRA (hitos),6+,0.0,1.34,player_pra_hito,PRA,over,6,5.5,Landry Shamet 6+ PRA,1,
a666b72836c71126c5ab9b0934a1c6a78c9585fb,20260521_145741,2026-05-21T14:57:41-03:00,2026-05-21T17:57:41+00:00,betano,basketball,NBA,props_nba_20260521_145741.csv,New York Knicks Cleveland Cavaliers,new york knicks cleveland cavaliers,Landry Shamet,landry shamet,PRA (hitos),7+,0.0,1.5,player_pra_hito,PRA,over,7,6.5,Landry Shamet 7+ PRA,1,
5334458f47a3fdc29da3bb70561fe27c4b52f0de,20260521_145741,2026-05-21T14:57:41-03:00,2026-05-21T17:57:41+00:00,betano,basketball,NBA,props_nba_20260521_145741.csv,New York Knicks Cleveland Cavaliers,new york knicks cleveland cavaliers,Landry Shamet,landry shamet,PRA (hitos),8+,0.0,1.75,player_pra_hito,PRA,over,8,7.5,Landry Shamet 8+ PRA,1,
d0c73f01ddb810058de236b4b86fd5884ccf3888,20260521_145741,2026-05-21T14:57:41-03:00,2026-05-21T17:57:41+00:00,betano,basketball,NBA,props_nba_20260521_145741.csv,New York Knicks Cleveland Cavaliers,new york knicks cleveland cavaliers,Landry Shamet,landry shamet,PRA (hitos),9+,0.0,2.07,player_pra_hito,PRA,over,9,8.5,Landry Shamet 9+ PRA,1,
877dc40cee35106a25b1fbe4339f20aebb965fb8,20260521_145741,2026-05-21T14:57:41-03:00,2026-05-21T17:57:41+00:00,betano,basketball,NBA,props_nba_20260521_145741.csv,New York Knicks Cleveland Cavaliers,new york knicks cleveland cavaliers,Landry Shamet,landry shamet,PRA (hitos),10+,0.0,2.47,player_pra_hito,PRA,over,10,9.5,Landry Shamet 10+ PRA,1,
901919a7587bc9c8c9f23b82cd1adf6888d778a3,20260521_145741,2026-05-21T14:57:41-03:00,2026-05-21T17:57:41+00:00,betano,basketball,NBA,props_nba_20260521_145741.csv,New York Knicks Cleveland Cavaliers,new york knicks cleveland cavaliers,Landry Shamet,landry shamet,PRA (hitos),11+,0.0,2.95,player_pra_hito,PRA,over,11,10.5,Landry Shamet 11+ PRA,1,
7c77c0363b89db9f6a966d5175e4a6c511ed32e5,20260521_145741,2026-05-21T14:57:41-03:00,2026-05-21T17:57:41+00:00,betano,basketball,NBA,props_nba_20260521_145741.csv,New York Knicks Cleveland Cavaliers,new york knicks cleveland cavaliers,Landry Shamet,landry shamet,PRA (hitos),12+,0.0,3.5,player_pra_hito,PRA,over,12,11.5,Landry Shamet 12+ PRA,1,
ee17a478ce70c53349194c0d2795373d27e10ab6,20260521_145741,2026-05-21T14:57:41-03:00,2026-05-21T17:57:41+00:00,betano,basketball,NBA,props_nba_20260521_145741.csv,New York Knicks Cleveland Cavaliers,new york knicks cleveland cavaliers,Landry Shamet,landry shamet,PRA (hitos),13+,0.0,4.1,player_pra_hito,PRA,over,13,12.5,Landry Shamet 13+ PRA,1,
3e15eb19b667c7c4d47ba53ff52de758159d73b1,20260521_145741,2026-05-21T14:57:41-03:00,2026-05-21T17:57:41+00:00,betano,basketball,NBA,props_nba_20260521_145741.csv,New York Knicks Cleveland Cavaliers,new york knicks cleveland cavaliers,Karl-Anthony Towns,karl anthony towns,RA (hitos),15+,0.0,1.36,player_ra_hito,RA,over,15,14.5,Karl-Anthony Towns 15+ RA,1,
f031aad9d1c6ed780c88f81de13c30a8de73ea00,20260521_145741,2026-05-21T14:57:41-03:00,2026-05-21T17:57:41+00:00,betano,basketball,NBA,props_nba_20260521_145741.csv,New York Knicks Cleveland Cavaliers,new york knicks cleveland cavaliers,Karl-Anthony Towns,karl anthony towns,RA (hitos),17+,0.0,1.87,player_ra_hito,RA,over,17,16.5,Karl-Anthony Towns 17+ RA,1,
4a0c069cafad22975a37bd0d814acc92598bb692,20260521_145741,2026-05-21T14:57:41-03:00,2026-05-21T17:57:41+00:00,betano,basketball,NBA,props_nba_20260521_145741.csv,New York Knicks Cleveland Cavaliers,new york knicks cleveland cavaliers,Karl-Anthony Towns,karl anthony towns,RA (hitos),19+,0.0,2.92,player_ra_hito,RA,over,19,18.5,Karl-Anthony Towns 19+ RA,1,
6ecab076a2ea92c29c93ffc8f0773eb7d37007df,20260521_145741,2026-05-21T14:57:41-03:00,2026-05-21T17:57:41+00:00,betano,basketball,NBA,props_nba_20260521_145741.csv,New York Knicks Cleveland Cavaliers,new york knicks cleveland cavaliers,Karl-Anthony Towns,karl anthony towns,RA (hitos),21+,0.0,4.9,player_ra_hito,RA,over,21,20.5,Karl-Anthony Towns 21+ RA,1,
e7a244a890a36e37300e228572259e5b79ad1fb8,20260521_145741,2026-05-21T14:57:41-03:00,2026-05-21T17:57:41+00:00,betano,basketball,NBA,props_nba_20260521_145741.csv,New York Knicks Cleveland Cavaliers,new york knicks cleveland cavaliers,Karl-Anthony Towns,karl anthony towns,RA (hitos),23+,0.0,8.75,player_ra_hito,RA,over,23,22.5,Karl-Anthony Towns 23+ RA,1,
a3f4e74670af5827bf0c12e4f80f0de566e6374e,20260521_145741,2026-05-21T14:57:41-03:00,2026-05-21T17:57:41+00:00,betano,basketball,NBA,props_nba_20260521_145741.csv,New York Knicks Cleveland Cavaliers,new york knicks cleveland cavaliers,Karl-Anthony Towns,karl anthony towns,RA (hitos),25+,0.0,13.5,player_ra_hito,RA,over,25,24.5,Karl-Anthony Towns 25+ RA,1,
0cafec27d9448ec43f4ecaeca0522924547c1d0b,20260521_145741,2026-05-21T14:57:41-03:00,2026-05-21T17:57:41+00:00,betano,basketball,NBA,props_nba_20260521_145741.csv,New York Knicks Cleveland Cavaliers,new york knicks cleveland cavaliers,Karl-Anthony Towns,karl anthony towns,RA (hitos),27+,0.0,17.5,player_ra_hito,RA,over,27,26.5,Karl-Anthony Towns 27+ RA,1,
952dea38dcb77eb905e8028e21c49b5fc7697435,20260521_145741,2026-05-21T14:57:41-03:00,2026-05-21T17:57:41+00:00,betano,basketball,NBA,props_nba_20260521_145741.csv,New York Knicks Cleveland Cavaliers,new york knicks cleveland cavaliers,Evan Mobley,evan mobley,RA (hitos),10+,0.0,1.25,player_ra_hito,RA,over,10,9.5,Evan Mobley 10+ RA,1,
7747c1dac4f4f163a751ea4f2183bd103a756c9b,20260521_145741,2026-05-21T14:57:41-03:00,2026-05-21T17:57:41+00:00,betano,basketball,NBA,props_nba_20260521_145741.csv,New York Knicks Cleveland Cavaliers,new york knicks cleveland cavaliers,Evan Mobley,evan mobley,RA (hitos),12+,0.0,1.78,player_ra_hito,RA,over,12,11.5,Evan Mobley 12+ RA,1,
6c3b88b03f28a10d2cd35c71ff44e7ffdddc7c77,20260521_145741,2026-05-21T14:57:41-03:00,2026-05-21T17:57:41+00:00,betano,basketball,NBA,props_nba_20260521_145741.csv,New York Knicks Cleveland Cavaliers,new york knicks cleveland cavaliers,Evan Mobley,evan mobley,RA (hitos),14+,0.0,2.95,player_ra_hito,RA,over,14,13.5,Evan Mobley 14+ RA,1,
78b3a015a6c2a94fc6f71db779479b9767e26609,20260521_145741,2026-05-21T14:57:41-03:00,2026-05-21T17:57:41+00:00,betano,basketball,NBA,props_nba_20260521_145741.csv,New York Knicks Cleveland Cavaliers,new york knicks cleveland cavaliers,Evan Mobley,evan mobley,RA (hitos),16+,0.0,5.5,player_ra_hito,RA,over,16,15.5,Evan Mobley 16+ RA,1,
9ced2840de1013e3ca5b2d91f7e9b2b2b44f5d8a,20260521_145741,2026-05-21T14:57:41-03:00,2026-05-21T17:57:41+00:00,betano,basketball,NBA,props_nba_20260521_145741.csv,New York Knicks Cleveland Cavaliers,new york knicks cleveland cavaliers,Evan Mobley,evan mobley,RA (hitos),18+,0.0,10.25,player_ra_hito,RA,over,18,17.5,Evan Mobley 18+ RA,1,
aafb7176a2d52ffb3273599fce95c6356d897244,20260521_145741,2026-05-21T14:57:41-03:00,2026-05-21T17:57:41+00:00,betano,basketball,NBA,props_nba_20260521_145741.csv,New York Knicks Cleveland Cavaliers,new york knicks cleveland cavaliers,Evan Mobley,evan mobley,RA (hitos),20+,0.0,15.5,player_ra_hito,RA,over,20,19.5,Evan Mobley 20+ RA,1,
a664abfeaea65f751a5a36c8a5dd097b43b6292d,20260521_145741,2026-05-21T14:57:41-03:00,2026-05-21T17:57:41+00:00,betano,basketball,NBA,props_nba_20260521_145741.csv,New York Knicks Cleveland Cavaliers,new york knicks cleveland cavaliers,Josh Hart,josh hart,RA (hitos),10+,0.0,1.25,player_ra_hito,RA,over,10,9.5,Josh Hart 10+ RA,1,
98b0770cecce262e8eea8406fc0132d38e56d1ae,20260521_145741,2026-05-21T14:57:41-03:00,2026-05-21T17:57:41+00:00,betano,basketball,NBA,props_nba_20260521_145741.csv,New York Knicks Cleveland Cavaliers,new york knicks cleveland cavaliers,Josh Hart,josh hart,RA (hitos),12+,0.0,1.75,player_ra_hito,RA,over,12,11.5,Josh Hart 12+ RA,1,
2fd06630d4e8c61b627c0ec8de0824372f6b0fe8,20260521_145741,2026-05-21T14:57:41-03:00,2026-05-21T17:57:41+00:00,betano,basketball,NBA,props_nba_20260521_145741.csv,New York Knicks Cleveland Cavaliers,new york knicks cleveland cavaliers,Josh Hart,josh hart,RA (hitos),14+,0.0,2.9,player_ra_hito,RA,over,14,13.5,Josh Hart 14+ RA,1,
7c9011a1237768a5d08bca65bd36c54c4f9a656a,20260521_145741,2026-05-21T14:57:41-03:00,2026-05-21T17:57:41+00:00,betano,basketball,NBA,props_nba_20260521_145741.csv,New York Knicks Cleveland Cavaliers,new york knicks cleveland cavaliers,Josh Hart,josh hart,RA (hitos),16+,0.0,5.4,player_ra_hito,RA,over,16,15.5,Josh Hart 16+ RA,1,
bcc426e804c9ddfd56014fc9697c3c194e20ac90,20260521_145741,2026-05-21T14:57:41-03:00,2026-05-21T17:57:41+00:00,betano,basketball,NBA,props_nba_20260521_145741.csv,New York Knicks Cleveland Cavaliers,new york knicks cleveland cavaliers,Josh Hart,josh hart,RA (hitos),18+,0.0,10,player_ra_hito,RA,over,18,17.5,Josh Hart 18+ RA,1,
66c8aeac25946466890aa4206ab6c02980c17480,20260521_145741,2026-05-21T14:57:41-03:00,2026-05-21T17:57:41+00:00,betano,basketball,NBA,props_nba_20260521_145741.csv,New York Knicks Cleveland Cavaliers,new york knicks cleveland cavaliers,Josh Hart,josh hart,RA (hitos),20+,0.0,15,player_ra_hito,RA,over,20,19.5,Josh Hart 20+ RA,1,
30ccb4d4cf763beb12763441922eb83d133895a9,20260521_145741,2026-05-21T14:57:41-03:00,2026-05-21T17:57:41+00:00,betano,basketball,NBA,props_nba_20260521_145741.csv,New York Knicks Cleveland Cavaliers,new york knicks cleveland cavaliers,James Harden,james harden,RA (hitos),9+,0.0,1.25,player_ra_hito,RA,over,9,8.5,James Harden 9+ RA,1,
335e8a4da06f0741b9eac92e5e217d6fb5221838,20260521_145741,2026-05-21T14:57:41-03:00,2026-05-21T17:57:41+00:00,betano,basketball,NBA,props_nba_20260521_145741.csv,New York Knicks Cleveland Cavaliers,new york knicks cleveland cavaliers,James Harden,james harden,RA (hitos),11+,0.0,1.78,player_ra_hito,RA,over,11,10.5,James Harden 11+ RA,1,
e7c0152006ebdbf0653f9bc9ce4b35de36679ca2,20260521_145741,2026-05-21T14:57:41-03:00,2026-05-21T17:57:41+00:00,betano,basketball,NBA,props_nba_20260521_145741.csv,New York Knicks Cleveland Cavaliers,new york knicks cleveland cavaliers,James Harden,james harden,RA (hitos),13+,0.0,3,player_ra_hito,RA,over,13,12.5,James Harden 13+ RA,1,
f9320b04f6d32f3a335992fe378d0541b8aa226c,20260521_145741,2026-05-21T14:57:41-03:00,2026-05-21T17:57:41+00:00,betano,basketball,NBA,props_nba_20260521_145741.csv,New York Knicks Cleveland Cavaliers,new york knicks cleveland cavaliers,James Harden,james harden,RA (hitos),15+,0.0,5.9,player_ra_hito,RA,over,15,14.5,James Harden 15+ RA,1,
8f00dac2c5080de3c630027f85b44aaf51c0e48a,20260521_145741,2026-05-21T14:57:41-03:00,2026-05-21T17:57:41+00:00,betano,basketball,NBA,props_nba_20260521_145741.csv,New York Knicks Cleveland Cavaliers,new york knicks cleveland cavaliers,James Harden,james harden,RA (hitos),17+,0.0,11,player_ra_hito,RA,over,17,16.5,James Harden 17+ RA,1,
c3276c10af5eb0d119a296f1c4dce2d1b5aeed78,20260521_145741,2026-05-21T14:57:41-03:00,2026-05-21T17:57:41+00:00,betano,basketball,NBA,props_nba_20260521_145741.csv,New York Knicks Cleveland Cavaliers,new york knicks cleveland cavaliers,James Harden,james harden,RA (hitos),19+,0.0,16.5,player_ra_hito,RA,over,19,18.5,James Harden 19+ RA,1,
43634de61faf095f49e1f954774798d8cad6896f,20260521_145741,2026-05-21T14:57:41-03:00,2026-05-21T17:57:41+00:00,betano,basketball,NBA,props_nba_20260521_145741.csv,New York Knicks Cleveland Cavaliers,new york knicks cleveland cavaliers,Jalen Brunson,jalen brunson,RA (hitos),9+,0.0,1.62,player_ra_hito,RA,over,9,8.5,Jalen Brunson 9+ RA,1,
0de730c9483279a5c3655e76bbc558c9f0328325,20260521_145741,2026-05-21T14:57:41-03:00,2026-05-21T17:57:41+00:00,betano,basketball,NBA,props_nba_20260521_145741.csv,New York Knicks Cleveland Cavaliers,new york knicks cleveland cavaliers,Jalen Brunson,jalen brunson,RA (hitos),10+,0.0,2.07,player_ra_hito,RA,over,10,9.5,Jalen Brunson 10+ RA,1,
52c2f8f7d739e060ef25568aa51819795011bcd0,20260521_145741,2026-05-21T14:57:41-03:00,2026-05-21T17:57:41+00:00,betano,basketball,NBA,props_nba_20260521_145741.csv,New York Knicks Cleveland Cavaliers,new york knicks cleveland cavaliers,Jalen Brunson,jalen brunson,RA (hitos),11+,0.0,2.77,player_ra_hito,RA,over,11,10.5,Jalen Brunson 11+ RA,1,
ee18d52de346d57fb93650170775156f6a111015,20260521_145741,2026-05-21T14:57:41-03:00,2026-05-21T17:57:41+00:00,betano,basketball,NBA,props_nba_20260521_145741.csv,New York Knicks Cleveland Cavaliers,new york knicks cleveland cavaliers,Jalen Brunson,jalen brunson,RA (hitos),12+,0.0,3.95,player_ra_hito,RA,over,12,11.5,Jalen Brunson 12+ RA,1,
b44219ac12c3c9177cd006fe7bbb968fd452e610,20260521_145741,2026-05-21T14:57:41-03:00,2026-05-21T17:57:41+00:00,betano,basketball,NBA,props_nba_20260521_145741.csv,New York Knicks Cleveland Cavaliers,new york knicks cleveland cavaliers,Jalen Brunson,jalen brunson,RA (hitos),13+,0.0,5.6,player_ra_hito,RA,over,13,12.5,Jalen Brunson 13+ RA,1,
253e54ea321bf4c31c058876335f3dd9b942c2da,20260521_145741,2026-05-21T14:57:41-03:00,2026-05-21T17:57:41+00:00,betano,basketball,NBA,props_nba_20260521_145741.csv,New York Knicks Cleveland Cavaliers,new york knicks cleveland cavaliers,Jalen Brunson,jalen brunson,RA (hitos),14+,0.0,8,player_ra_hito,RA,over,14,13.5,Jalen Brunson 14+ RA,1,
5757e066735a2131db249b7ac73d43a49abec63f,20260521_145741,2026-05-21T14:57:41-03:00,2026-05-21T17:57:41+00:00,betano,basketball,NBA,props_nba_20260521_145741.csv,New York Knicks Cleveland Cavaliers,new york knicks cleveland cavaliers,Jalen Brunson,jalen brunson,RA (hitos),15+,0.0,11,player_ra_hito,RA,over,15,14.5,Jalen Brunson 15+ RA,1,
507f0fb913ef3fe9d19f8a4045d6fe8cff6a0315,20260521_145741,2026-05-21T14:57:41-03:00,2026-05-21T17:57:41+00:00,betano,basketball,NBA,props_nba_20260521_145741.csv,New York Knicks Cleveland Cavaliers,new york knicks cleveland cavaliers,Jalen Brunson,jalen brunson,RA (hitos),16+,0.0,14,player_ra_hito,RA,over,16,15.5,Jalen Brunson 16+ RA,1,
357248dae8e9042a9a834195ef375d16872748d0,20260521_145741,2026-05-21T14:57:41-03:00,2026-05-21T17:57:41+00:00,betano,basketball,NBA,props_nba_20260521_145741.csv,New York Knicks Cleveland Cavaliers,new york knicks cleveland cavaliers,Jarrett Allen,jarrett allen,RA (hitos),8+,0.0,1.38,player_ra_hito,RA,over,8,7.5,Jarrett Allen 8+ RA,1,
fcdbed09a47c3c53a5aa2179812ed3544e43788e,20260521_145741,2026-05-21T14:57:41-03:00,2026-05-21T17:57:41+00:00,betano,basketball,NBA,props_nba_20260521_145741.csv,New York Knicks Cleveland Cavaliers,new york knicks cleveland cavaliers,Jarrett Allen,jarrett allen,RA (hitos),9+,0.0,1.7,player_ra_hito,RA,over,9,8.5,Jarrett Allen 9+ RA,1,
5ffb51a45ada9348dfa1b9b16cb57ce21fd0c8e7,20260521_145741,2026-05-21T14:57:41-03:00,2026-05-21T17:57:41+00:00,betano,basketball,NBA,props_nba_20260521_145741.csv,New York Knicks Cleveland Cavaliers,new york knicks cleveland cavaliers,Jarrett Allen,jarrett allen,RA (hitos),10+,0.0,2.2,player_ra_hito,RA,over,10,9.5,Jarrett Allen 10+ RA,1,
4fa748c5be92fc996d5f710bc068c02deb0bb684,20260521_145741,2026-05-21T14:57:41-03:00,2026-05-21T17:57:41+00:00,betano,basketball,NBA,props_nba_20260521_145741.csv,New York Knicks Cleveland Cavaliers,new york knicks cleveland cavaliers,Jarrett Allen,jarrett allen,RA (hitos),11+,0.0,3,player_ra_hito,RA,over,11,10.5,Jarrett Allen 11+ RA,1,
2f146bb266f269c80ed792d7b13b23d625a06531,20260521_145741,2026-05-21T14:57:41-03:00,2026-05-21T17:57:41+00:00,betano,basketball,NBA,props_nba_20260521_145741.csv,New York Knicks Cleveland Cavaliers,new york knicks cleveland cavaliers,Jarrett Allen,jarrett allen,RA (hitos),12+,0.0,4.3,player_ra_hito,RA,over,12,11.5,Jarrett Allen 12+ RA,1,
79ac92eb1cb7224d938f825222e7e7cba9f8b25b,20260521_145741,2026-05-21T14:57:41-03:00,2026-05-21T17:57:41+00:00,betano,basketball,NBA,props_nba_20260521_145741.csv,New York Knicks Cleveland Cavaliers,new york knicks cleveland cavaliers,Jarrett Allen,jarrett allen,RA (hitos),13+,0.0,6.2,player_ra_hito,RA,over,13,12.5,Jarrett Allen 13+ RA,1,
5f786bb1c6c062d1302f865a52e90a3dddb10bfe,20260521_145741,2026-05-21T14:57:41-03:00,2026-05-21T17:57:41+00:00,betano,basketball,NBA,props_nba_20260521_145741.csv,New York Knicks Cleveland Cavaliers,new york knicks cleveland cavaliers,Jarrett Allen,jarrett allen,RA (hitos),14+,0.0,8.75,player_ra_hito,RA,over,14,13.5,Jarrett Allen 14+ RA,1,
84cdbb623689ee27b83dd767e1cbba7d588b6f27,20260521_145741,2026-05-21T14:57:41-03:00,2026-05-21T17:57:41+00:00,betano,basketball,NBA,props_nba_20260521_145741.csv,New York Knicks Cleveland Cavaliers,new york knicks cleveland cavaliers,Jarrett Allen,jarrett allen,RA (hitos),15+,0.0,11.75,player_ra_hito,RA,over,15,14.5,Jarrett Allen 15+ RA,1,
7f3b5519607c7b50c339547a925d9d3cefd1f08b,20260521_145741,2026-05-21T14:57:41-03:00,2026-05-21T17:57:41+00:00,betano,basketball,NBA,props_nba_20260521_145741.csv,New York Knicks Cleveland Cavaliers,new york knicks cleveland cavaliers,Donovan Mitchell,donovan mitchell,RA (hitos),8+,0.0,1.65,player_ra_hito,RA,over,8,7.5,Donovan Mitchell 8+ RA,1,
22b0a0f2fa4ba6597b8635b8b96157fb2540a763,20260521_145741,2026-05-21T14:57:41-03:00,2026-05-21T17:57:41+00:00,betano,basketball,NBA,props_nba_20260521_145741.csv,New York Knicks Cleveland Cavaliers,new york knicks cleveland cavaliers,Donovan Mitchell,donovan mitchell,RA (hitos),9+,0.0,2.15,player_ra_hito,RA,over,9,8.5,Donovan Mitchell 9+ RA,1,
1f84b68ee379f235641be5a132b1d1b4cacbebda,20260521_145741,2026-05-21T14:57:41-03:00,2026-05-21T17:57:41+00:00,betano,basketball,NBA,props_nba_20260521_145741.csv,New York Knicks Cleveland Cavaliers,new york knicks cleveland cavaliers,Donovan Mitchell,donovan mitchell,RA (hitos),10+,0.0,2.92,player_ra_hito,RA,over,10,9.5,Donovan Mitchell 10+ RA,1,
22df29fd019a2293254b57a4caba83a9463a173e,20260521_145741,2026-05-21T14:57:41-03:00,2026-05-21T17:57:41+00:00,betano,basketball,NBA,props_nba_20260521_145741.csv,New York Knicks Cleveland Cavaliers,new york knicks cleveland cavaliers,Donovan Mitchell,donovan mitchell,RA (hitos),11+,0.0,4.15,player_ra_hito,RA,over,11,10.5,Donovan Mitchell 11+ RA,1,
3e2943cbbff63a1a6587b90d45a8ccf55d6e72d6,20260521_145741,2026-05-21T14:57:41-03:00,2026-05-21T17:57:41+00:00,betano,basketball,NBA,props_nba_20260521_145741.csv,New York Knicks Cleveland Cavaliers,new york knicks cleveland cavaliers,Donovan Mitchell,donovan mitchell,RA (hitos),12+,0.0,6.1,player_ra_hito,RA,over,12,11.5,Donovan Mitchell 12+ RA,1,
b9608bd0e99f33bf6f62eeb05ba42da8b7ce6335,20260521_145741,2026-05-21T14:57:41-03:00,2026-05-21T17:57:41+00:00,betano,basketball,NBA,props_nba_20260521_145741.csv,New York Knicks Cleveland Cavaliers,new york knicks cleveland cavaliers,Donovan Mitchell,donovan mitchell,RA (hitos),13+,0.0,8.75,player_ra_hito,RA,over,13,12.5,Donovan Mitchell 13+ RA,1,
b218649232d034bfd83bd0603cf4e1c7078ffb1d,20260521_145741,2026-05-21T14:57:41-03:00,2026-05-21T17:57:41+00:00,betano,basketball,NBA,props_nba_20260521_145741.csv,New York Knicks Cleveland Cavaliers,new york knicks cleveland cavaliers,Donovan Mitchell,donovan mitchell,RA (hitos),14+,0.0,12,player_ra_hito,RA,over,14,13.5,Donovan Mitchell 14+ RA,1,
c625bdc073bb2c646b7cc39aef5f0e9f11b8caa2,20260521_145741,2026-05-21T14:57:41-03:00,2026-05-21T17:57:41+00:00,betano,basketball,NBA,props_nba_20260521_145741.csv,New York Knicks Cleveland Cavaliers,new york knicks cleveland cavaliers,Donovan Mitchell,donovan mitchell,RA (hitos),15+,0.0,15.5,player_ra_hito,RA,over,15,14.5,Donovan Mitchell 15+ RA,1,
ddc67c32537e796d3ef436061734f0ffc424fe6d,20260521_145741,2026-05-21T14:57:41-03:00,2026-05-21T17:57:41+00:00,betano,basketball,NBA,props_nba_20260521_145741.csv,New York Knicks Cleveland Cavaliers,new york knicks cleveland cavaliers,Mitchell Robinson,mitchell robinson,RA (hitos),7+,0.0,1.53,player_ra_hito,RA,over,7,6.5,Mitchell Robinson 7+ RA,1,
88b4c20ba083b54455e300c623f1261fb901456d,20260521_145741,2026-05-21T14:57:41-03:00,2026-05-21T17:57:41+00:00,betano,basketball,NBA,props_nba_20260521_145741.csv,New York Knicks Cleveland Cavaliers,new york knicks cleveland cavaliers,Mitchell Robinson,mitchell robinson,RA (hitos),8+,0.0,2,player_ra_hito,RA,over,8,7.5,Mitchell Robinson 8+ RA,1,
2eb20b7fb1634cdd0633bff7b563414c97f06d54,20260521_145741,2026-05-21T14:57:41-03:00,2026-05-21T17:57:41+00:00,betano,basketball,NBA,props_nba_20260521_145741.csv,New York Knicks Cleveland Cavaliers,new york knicks cleveland cavaliers,Mitchell Robinson,mitchell robinson,RA (hitos),9+,0.0,2.77,player_ra_hito,RA,over,9,8.5,Mitchell Robinson 9+ RA,1,
805075dbb3b8cf4883b541b4f9bcf990fd93795b,20260521_145741,2026-05-21T14:57:41-03:00,2026-05-21T17:57:41+00:00,betano,basketball,NBA,props_nba_20260521_145741.csv,New York Knicks Cleveland Cavaliers,new york knicks cleveland cavaliers,Mitchell Robinson,mitchell robinson,RA (hitos),10+,0.0,4,player_ra_hito,RA,over,10,9.5,Mitchell Robinson 10+ RA,1,
e06371f0cb6985815b22a190f6be829062c43e1a,20260521_145741,2026-05-21T14:57:41-03:00,2026-05-21T17:57:41+00:00,betano,basketball,NBA,props_nba_20260521_145741.csv,New York Knicks Cleveland Cavaliers,new york knicks cleveland cavaliers,Mitchell Robinson,mitchell robinson,RA (hitos),11+,0.0,6,player_ra_hito,RA,over,11,10.5,Mitchell Robinson 11+ RA,1,
2768b27cf29ac9e0e54a31bb76270c1ef498db8f,20260521_145741,2026-05-21T14:57:41-03:00,2026-05-21T17:57:41+00:00,betano,basketball,NBA,props_nba_20260521_145741.csv,New York Knicks Cleveland Cavaliers,new york knicks cleveland cavaliers,Mitchell Robinson,mitchell robinson,RA (hitos),12+,0.0,8.75,player_ra_hito,RA,over,12,11.5,Mitchell Robinson 12+ RA,1,
bbfcf403dc5c615d57107dad0cff70a6338e5a5b,20260521_145741,2026-05-21T14:57:41-03:00,2026-05-21T17:57:41+00:00,betano,basketball,NBA,props_nba_20260521_145741.csv,New York Knicks Cleveland Cavaliers,new york knicks cleveland cavaliers,Mitchell Robinson,mitchell robinson,RA (hitos),13+,0.0,12,player_ra_hito,RA,over,13,12.5,Mitchell Robinson 13+ RA,1,
fad6ede7f883f8dacc4ad3785e015d12c52fa310,20260521_145741,2026-05-21T14:57:41-03:00,2026-05-21T17:57:41+00:00,betano,basketball,NBA,props_nba_20260521_145741.csv,New York Knicks Cleveland Cavaliers,new york knicks cleveland cavaliers,Mitchell Robinson,mitchell robinson,RA (hitos),14+,0.0,15,player_ra_hito,RA,over,14,13.5,Mitchell Robinson 14+ RA,1,
faa7cea98b4e9b073c462b9193959f7b1409fd99,20260521_145741,2026-05-21T14:57:41-03:00,2026-05-21T17:57:41+00:00,betano,basketball,NBA,props_nba_20260521_145741.csv,New York Knicks Cleveland Cavaliers,new york knicks cleveland cavaliers,OG Anunoby,og anunoby,RA (hitos),6+,0.0,1.38,player_ra_hito,RA,over,6,5.5,OG Anunoby 6+ RA,1,
f93d854a805f344d54787a5215fc1541c5b5f5bf,20260521_145741,2026-05-21T14:57:41-03:00,2026-05-21T17:57:41+00:00,betano,basketball,NBA,props_nba_20260521_145741.csv,New York Knicks Cleveland Cavaliers,new york knicks cleveland cavaliers,OG Anunoby,og anunoby,RA (hitos),7+,0.0,1.78,player_ra_hito,RA,over,7,6.5,OG Anunoby 7+ RA,1,
a84641729314c7ed7b7f9ce044e078cfd5b18361,20260521_145741,2026-05-21T14:57:41-03:00,2026-05-21T17:57:41+00:00,betano,basketball,NBA,props_nba_20260521_145741.csv,New York Knicks Cleveland Cavaliers,new york knicks cleveland cavaliers,OG Anunoby,og anunoby,RA (hitos),8+,0.0,2.42,player_ra_hito,RA,over,8,7.5,OG Anunoby 8+ RA,1,
6859178504ea5d6976890e68a643fa2ae277184e,20260521_145741,2026-05-21T14:57:41-03:00,2026-05-21T17:57:41+00:00,betano,basketball,NBA,props_nba_20260521_145741.csv,New York Knicks Cleveland Cavaliers,new york knicks cleveland cavaliers,OG Anunoby,og anunoby,RA (hitos),9+,0.0,3.5,player_ra_hito,RA,over,9,8.5,OG Anunoby 9+ RA,1,
ee0d807c0e564ee4d87b5a15ce10687e1ea6335b,20260521_145741,2026-05-21T14:57:41-03:00,2026-05-21T17:57:41+00:00,betano,basketball,NBA,props_nba_20260521_145741.csv,New York Knicks Cleveland Cavaliers,new york knicks cleveland cavaliers,OG Anunoby,og anunoby,RA (hitos),10+,0.0,5.2,player_ra_hito,RA,over,10,9.5,OG Anunoby 10+ RA,1,
d16a66e1981e283a854e000d88570eccac94ba50,20260521_145741,2026-05-21T14:57:41-03:00,2026-05-21T17:57:41+00:00,betano,basketball,NBA,props_nba_20260521_145741.csv,New York Knicks Cleveland Cavaliers,new york knicks cleveland cavaliers,OG Anunoby,og anunoby,RA (hitos),11+,0.0,7.9,player_ra_hito,RA,over,11,10.5,OG Anunoby 11+ RA,1,
89f59c4969446da66e9f408b0f690f14bdeb5b37,20260521_145741,2026-05-21T14:57:41-03:00,2026-05-21T17:57:41+00:00,betano,basketball,NBA,props_nba_20260521_145741.csv,New York Knicks Cleveland Cavaliers,new york knicks cleveland cavaliers,OG Anunoby,og anunoby,RA (hitos),12+,0.0,11.25,player_ra_hito,RA,over,12,11.5,OG Anunoby 12+ RA,1,
6b27426dd8bd77b024a58d93e55d16e6e7626268,20260521_145741,2026-05-21T14:57:41-03:00,2026-05-21T17:57:41+00:00,betano,basketball,NBA,props_nba_20260521_145741.csv,New York Knicks Cleveland Cavaliers,new york knicks cleveland cavaliers,OG Anunoby,og anunoby,RA (hitos),13+,0.0,15,player_ra_hito,RA,over,13,12.5,OG Anunoby 13+ RA,1,
b720f7489bd7484196029962c391ccfd21e8c11f,20260521_145741,2026-05-21T14:57:41-03:00,2026-05-21T17:57:41+00:00,betano,basketball,NBA,props_nba_20260521_145741.csv,New York Knicks Cleveland Cavaliers,new york knicks cleveland cavaliers,Max Strus,max strus,RA (hitos),5+,0.0,1.28,player_ra_hito,RA,over,5,4.5,Max Strus 5+ RA,1,
d738151bef6781cf977522ba481ebfc2e4536ac3,20260521_145741,2026-05-21T14:57:41-03:00,2026-05-21T17:57:41+00:00,betano,basketball,NBA,props_nba_20260521_145741.csv,New York Knicks Cleveland Cavaliers,new york knicks cleveland cavaliers,Max Strus,max strus,RA (hitos),6+,0.0,1.6,player_ra_hito,RA,over,6,5.5,Max Strus 6+ RA,1,
c53f154aa8e921f9f85e1bb3e53949900d5c40f7,20260521_145741,2026-05-21T14:57:41-03:00,2026-05-21T17:57:41+00:00,betano,basketball,NBA,props_nba_20260521_145741.csv,New York Knicks Cleveland Cavaliers,new york knicks cleveland cavaliers,Max Strus,max strus,RA (hitos),7+,0.0,2.18,player_ra_hito,RA,over,7,6.5,Max Strus 7+ RA,1,
5a4ed62136dfe36ee903abf2a083c4b218fc993b,20260521_145741,2026-05-21T14:57:41-03:00,2026-05-21T17:57:41+00:00,betano,basketball,NBA,props_nba_20260521_145741.csv,New York Knicks Cleveland Cavaliers,new york knicks cleveland cavaliers,Max Strus,max strus,RA (hitos),8+,0.0,3.15,player_ra_hito,RA,over,8,7.5,Max Strus 8+ RA,1,
4a49746c6234605eb6f520beeb132f40028539af,20260521_145741,2026-05-21T14:57:41-03:00,2026-05-21T17:57:41+00:00,betano,basketball,NBA,props_nba_20260521_145741.csv,New York Knicks Cleveland Cavaliers,new york knicks cleveland cavaliers,Max Strus,max strus,RA (hitos),9+,0.0,4.85,player_ra_hito,RA,over,9,8.5,Max Strus 9+ RA,1,
69165b4466e528a65a100d7d3cbf480be5b7ab72,20260521_145741,2026-05-21T14:57:41-03:00,2026-05-21T17:57:41+00:00,betano,basketball,NBA,props_nba_20260521_145741.csv,New York Knicks Cleveland Cavaliers,new york knicks cleveland cavaliers,Max Strus,max strus,RA (hitos),10+,0.0,7.5,player_ra_hito,RA,over,10,9.5,Max Strus 10+ RA,1,
f358398270291b74af943d1e2110f39a0f476b95,20260521_145741,2026-05-21T14:57:41-03:00,2026-05-21T17:57:41+00:00,betano,basketball,NBA,props_nba_20260521_145741.csv,New York Knicks Cleveland Cavaliers,new york knicks cleveland cavaliers,Mikal Bridges,mikal bridges,RA (hitos),5+,0.0,1.33,player_ra_hito,RA,over,5,4.5,Mikal Bridges 5+ RA,1,
3186589347d6c19f899ca6bf14169f23d4c89241,20260521_145741,2026-05-21T14:57:41-03:00,2026-05-21T17:57:41+00:00,betano,basketball,NBA,props_nba_20260521_145741.csv,New York Knicks Cleveland Cavaliers,new york knicks cleveland cavaliers,Mikal Bridges,mikal bridges,RA (hitos),6+,0.0,1.72,player_ra_hito,RA,over,6,5.5,Mikal Bridges 6+ RA,1,
6d2d6bd79af115d1bbf936a83eb0242561cde7c3,20260521_145741,2026-05-21T14:57:41-03:00,2026-05-21T17:57:41+00:00,betano,basketball,NBA,props_nba_20260521_145741.csv,New York Knicks Cleveland Cavaliers,new york knicks cleveland cavaliers,Mikal Bridges,mikal bridges,RA (hitos),7+,0.0,2.4,player_ra_hito,RA,over,7,6.5,Mikal Bridges 7+ RA,1,
ee889e26197c041ec86cc0dfd54d0a6490018035,20260521_145741,2026-05-21T14:57:41-03:00,2026-05-21T17:57:41+00:00,betano,basketball,NBA,props_nba_20260521_145741.csv,New York Knicks Cleveland Cavaliers,new york knicks cleveland cavaliers,Mikal Bridges,mikal bridges,RA (hitos),8+,0.0,3.55,player_ra_hito,RA,over,8,7.5,Mikal Bridges 8+ RA,1,
72ab8555644d591f642941256d3df42e6030d54d,20260521_145741,2026-05-21T14:57:41-03:00,2026-05-21T17:57:41+00:00,betano,basketball,NBA,props_nba_20260521_145741.csv,New York Knicks Cleveland Cavaliers,new york knicks cleveland cavaliers,Mikal Bridges,mikal bridges,RA (hitos),9+,0.0,5.5,player_ra_hito,RA,over,9,8.5,Mikal Bridges 9+ RA,1,
55c72197169312d2693544df783ee009adf70ddd,20260521_145741,2026-05-21T14:57:41-03:00,2026-05-21T17:57:41+00:00,betano,basketball,NBA,props_nba_20260521_145741.csv,New York Knicks Cleveland Cavaliers,new york knicks cleveland cavaliers,Mikal Bridges,mikal bridges,RA (hitos),10+,0.0,8.25,player_ra_hito,RA,over,10,9.5,Mikal Bridges 10+ RA,1,
5049c7f97a1c5d71086433e9f03313c568dd53ef,20260521_145741,2026-05-21T14:57:41-03:00,2026-05-21T17:57:41+00:00,betano,basketball,NBA,props_nba_20260521_145741.csv,New York Knicks Cleveland Cavaliers,new york knicks cleveland cavaliers,Dean Wade,dean wade,RA (hitos),4+,0.0,1.25,player_ra_hito,RA,over,4,3.5,Dean Wade 4+ RA,1,
d4f2feb696054e298af86f7c573319c905c0b831,20260521_145741,2026-05-21T14:57:41-03:00,2026-05-21T17:57:41+00:00,betano,basketball,NBA,props_nba_20260521_145741.csv,New York Knicks Cleveland Cavaliers,new york knicks cleveland cavaliers,Dean Wade,dean wade,RA (hitos),5+,0.0,1.6,player_ra_hito,RA,over,5,4.5,Dean Wade 5+ RA,1,
a146d9a24e0f661f4c2fcde0c447db1583431016,20260521_145741,2026-05-21T14:57:41-03:00,2026-05-21T17:57:41+00:00,betano,basketball,NBA,props_nba_20260521_145741.csv,New York Knicks Cleveland Cavaliers,new york knicks cleveland cavaliers,Dean Wade,dean wade,RA (hitos),6+,0.0,2.27,player_ra_hito,RA,over,6,5.5,Dean Wade 6+ RA,1,
eeb2a52e486579694bfd8437857597ac50dce1f3,20260521_145741,2026-05-21T14:57:41-03:00,2026-05-21T17:57:41+00:00,betano,basketball,NBA,props_nba_20260521_145741.csv,New York Knicks Cleveland Cavaliers,new york knicks cleveland cavaliers,Dean Wade,dean wade,RA (hitos),7+,0.0,3.45,player_ra_hito,RA,over,7,6.5,Dean Wade 7+ RA,1,
65ceaa4bbb9293e98124f975b1e221842366e838,20260521_145741,2026-05-21T14:57:41-03:00,2026-05-21T17:57:41+00:00,betano,basketball,NBA,props_nba_20260521_145741.csv,New York Knicks Cleveland Cavaliers,new york knicks cleveland cavaliers,Dean Wade,dean wade,RA (hitos),8+,0.0,5.4,player_ra_hito,RA,over,8,7.5,Dean Wade 8+ RA,1,
bc0c058c19944031a99389fdf6c1dfe2778532a0,20260521_145741,2026-05-21T14:57:41-03:00,2026-05-21T17:57:41+00:00,betano,basketball,NBA,props_nba_20260521_145741.csv,New York Knicks Cleveland Cavaliers,new york knicks cleveland cavaliers,Dean Wade,dean wade,RA (hitos),9+,0.0,8.5,player_ra_hito,RA,over,9,8.5,Dean Wade 9+ RA,1,
8cca698fbdced429fa6e888be6a587ba6e3488a7,20260521_145741,2026-05-21T14:57:41-03:00,2026-05-21T17:57:41+00:00,betano,basketball,NBA,props_nba_20260521_145741.csv,New York Knicks Cleveland Cavaliers,new york knicks cleveland cavaliers,Dennis Schroder,dennis schroder,RA (hitos),4+,0.0,1.5,player_ra_hito,RA,over,4,3.5,Dennis Schroder 4+ RA,1,
6740a7d66916bbea8cff4618de1769a7a520cf20,20260521_145741,2026-05-21T14:57:41-03:00,2026-05-21T17:57:41+00:00,betano,basketball,NBA,props_nba_20260521_145741.csv,New York Knicks Cleveland Cavaliers,new york knicks cleveland cavaliers,Dennis Schroder,dennis schroder,RA (hitos),5+,0.0,2.15,player_ra_hito,RA,over,5,4.5,Dennis Schroder 5+ RA,1,
a3aba0e750abf11d36348c76f299a148c2b2a1d7,20260521_145741,2026-05-21T14:57:41-03:00,2026-05-21T17:57:41+00:00,betano,basketball,NBA,props_nba_20260521_145741.csv,New York Knicks Cleveland Cavaliers,new york knicks cleveland cavaliers,Dennis Schroder,dennis schroder,RA (hitos),6+,0.0,3.35,player_ra_hito,RA,over,6,5.5,Dennis Schroder 6+ RA,1,
e4b989eef8cedc525282d4372b295137ec4d39d4,20260521_145741,2026-05-21T14:57:41-03:00,2026-05-21T17:57:41+00:00,betano,basketball,NBA,props_nba_20260521_145741.csv,New York Knicks Cleveland Cavaliers,new york knicks cleveland cavaliers,Dennis Schroder,dennis schroder,RA (hitos),7+,0.0,5.5,player_ra_hito,RA,over,7,6.5,Dennis Schroder 7+ RA,1,
0e5fa472cf57c602b4ea18ed1a0bfcbb5e62bab7,20260521_145741,2026-05-21T14:57:41-03:00,2026-05-21T17:57:41+00:00,betano,basketball,NBA,props_nba_20260521_145741.csv,New York Knicks Cleveland Cavaliers,new york knicks cleveland cavaliers,Dennis Schroder,dennis schroder,RA (hitos),8+,0.0,9,player_ra_hito,RA,over,8,7.5,Dennis Schroder 8+ RA,1,
13600245ca40b29d758b4093fcd34831f7ab0b5e,20260521_145741,2026-05-21T14:57:41-03:00,2026-05-21T17:57:41+00:00,betano,basketball,NBA,props_nba_20260521_145741.csv,New York Knicks Cleveland Cavaliers,new york knicks cleveland cavaliers,Dennis Schroder,dennis schroder,RA (hitos),9+,0.0,13,player_ra_hito,RA,over,9,8.5,Dennis Schroder 9+ RA,1,
235e60b95bb526d4986a89b7e74c5b0a6ac42298,20260521_145741,2026-05-21T14:57:41-03:00,2026-05-21T17:57:41+00:00,betano,basketball,NBA,props_nba_20260521_145741.csv,New York Knicks Cleveland Cavaliers,new york knicks cleveland cavaliers,Sam Merrill,sam merrill,RA (hitos),2+,0.0,1.16,player_ra_hito,RA,over,2,1.5,Sam Merrill 2+ RA,1,
1304419b717d0818c3300a46b737916aae5d5c87,20260521_145741,2026-05-21T14:57:41-03:00,2026-05-21T17:57:41+00:00,betano,basketball,NBA,props_nba_20260521_145741.csv,New York Knicks Cleveland Cavaliers,new york knicks cleveland cavaliers,Sam Merrill,sam merrill,RA (hitos),3+,0.0,1.55,player_ra_hito,RA,over,3,2.5,Sam Merrill 3+ RA,1,
8be0182c16a8786bb19397155931c8e86da9e6c1,20260521_145741,2026-05-21T14:57:41-03:00,2026-05-21T17:57:41+00:00,betano,basketball,NBA,props_nba_20260521_145741.csv,New York Knicks Cleveland Cavaliers,new york knicks cleveland cavaliers,Sam Merrill,sam merrill,RA (hitos),4+,0.0,2.4,player_ra_hito,RA,over,4,3.5,Sam Merrill 4+ RA,1,
4960200520ee74f0ea665f54483bb363f515bb5c,20260521_145741,2026-05-21T14:57:41-03:00,2026-05-21T17:57:41+00:00,betano,basketball,NBA,props_nba_20260521_145741.csv,New York Knicks Cleveland Cavaliers,new york knicks cleveland cavaliers,Sam Merrill,sam merrill,RA (hitos),5+,0.0,4.15,player_ra_hito,RA,over,5,4.5,Sam Merrill 5+ RA,1,
40391a5dc13e036ad43f98562d0ad51ca82b3c00,20260521_145741,2026-05-21T14:57:41-03:00,2026-05-21T17:57:41+00:00,betano,basketball,NBA,props_nba_20260521_145741.csv,New York Knicks Cleveland Cavaliers,new york knicks cleveland cavaliers,Jordan Clarkson,jordan clarkson,RA (hitos),2+,0.0,1.31,player_ra_hito,RA,over,2,1.5,Jordan Clarkson 2+ RA,1,
a2a8c2399c0760034622b9acca7c84c84c1acd7b,20260521_145741,2026-05-21T14:57:41-03:00,2026-05-21T17:57:41+00:00,betano,basketball,NBA,props_nba_20260521_145741.csv,New York Knicks Cleveland Cavaliers,new york knicks cleveland cavaliers,Jordan Clarkson,jordan clarkson,RA (hitos),3+,0.0,1.98,player_ra_hito,RA,over,3,2.5,Jordan Clarkson 3+ RA,1,
788af2dfb7e6bcf05341a7507bbec0367724d7da,20260521_145741,2026-05-21T14:57:41-03:00,2026-05-21T17:57:41+00:00,betano,basketball,NBA,props_nba_20260521_145741.csv,New York Knicks Cleveland Cavaliers,new york knicks cleveland cavaliers,Jordan Clarkson,jordan clarkson,RA (hitos),4+,0.0,3.4,player_ra_hito,RA,over,4,3.5,Jordan Clarkson 4+ RA,1,
c48201ba994f223a458d2b98a8ff71cac567ecd0,20260521_145741,2026-05-21T14:57:41-03:00,2026-05-21T17:57:41+00:00,betano,basketball,NBA,props_nba_20260521_145741.csv,New York Knicks Cleveland Cavaliers,new york knicks cleveland cavaliers,Jordan Clarkson,jordan clarkson,RA (hitos),5+,0.0,6.3,player_ra_hito,RA,over,5,4.5,Jordan Clarkson 5+ RA,1,
d09d3fbeda388e1eb144415ac0cfb6e34e83e82a,20260521_145741,2026-05-21T14:57:41-03:00,2026-05-21T17:57:41+00:00,betano,basketball,NBA,props_nba_20260521_145741.csv,New York Knicks Cleveland Cavaliers,new york knicks cleveland cavaliers,Miles McBride,miles mcbride,RA (hitos),2+,0.0,1.36,player_ra_hito,RA,over,2,1.5,Miles McBride 2+ RA,1,
c876cb9b840347cebaf326741d021ec3caaa386c,20260521_145741,2026-05-21T14:57:41-03:00,2026-05-21T17:57:41+00:00,betano,basketball,NBA,props_nba_20260521_145741.csv,New York Knicks Cleveland Cavaliers,new york knicks cleveland cavaliers,Miles McBride,miles mcbride,RA (hitos),3+,0.0,2.12,player_ra_hito,RA,over,3,2.5,Miles McBride 3+ RA,1,
d119c652404d19c5a84e07dbebd06f4c08b4d912,20260521_145741,2026-05-21T14:57:41-03:00,2026-05-21T17:57:41+00:00,betano,basketball,NBA,props_nba_20260521_145741.csv,New York Knicks Cleveland Cavaliers,new york knicks cleveland cavaliers,Miles McBride,miles mcbride,RA (hitos),4+,0.0,3.85,player_ra_hito,RA,over,4,3.5,Miles McBride 4+ RA,1,
96aa04a4895b69ae341c115a84c20098ed56493a,20260521_145741,2026-05-21T14:57:41-03:00,2026-05-21T17:57:41+00:00,betano,basketball,NBA,props_nba_20260521_145741.csv,New York Knicks Cleveland Cavaliers,new york knicks cleveland cavaliers,Miles McBride,miles mcbride,RA (hitos),5+,0.0,7.2,player_ra_hito,RA,over,5,4.5,Miles McBride 5+ RA,1,
8861dd8ad44b1434238f5088eace314efd62c36c,20260521_145741,2026-05-21T14:57:41-03:00,2026-05-21T17:57:41+00:00,betano,basketball,NBA,props_nba_20260521_145741.csv,New York Knicks Cleveland Cavaliers,new york knicks cleveland cavaliers,Landry Shamet,landry shamet,RA (hitos),1+,0.0,1.12,player_ra_hito,RA,over,1,0.5,Landry Shamet 1+ RA,1,
b66de744b0b6bceccab973d774f5bdda44f3a8f6,20260521_145741,2026-05-21T14:57:41-03:00,2026-05-21T17:57:41+00:00,betano,basketball,NBA,props_nba_20260521_145741.csv,New York Knicks Cleveland Cavaliers,new york knicks cleveland cavaliers,Landry Shamet,landry shamet,RA (hitos),2+,0.0,1.67,player_ra_hito,RA,over,2,1.5,Landry Shamet 2+ RA,1,
2e72e960bd5ba0269b451f2ace7ccf398e776132,20260521_145741,2026-05-21T14:57:41-03:00,2026-05-21T17:57:41+00:00,betano,basketball,NBA,props_nba_20260521_145741.csv,New York Knicks Cleveland Cavaliers,new york knicks cleveland cavaliers,Landry Shamet,landry shamet,RA (hitos),3+,0.0,3.1,player_ra_hito,RA,over,3,2.5,Landry Shamet 3+ RA,1,
313274e6e2af5da0fab37f368f7309f3109b6806,20260521_145741,2026-05-21T14:57:41-03:00,2026-05-21T17:57:41+00:00,betano,basketball,NBA,props_nba_20260521_145741.csv,New York Knicks Cleveland Cavaliers,new york knicks cleveland cavaliers,Landry Shamet,landry shamet,RA (hitos),4+,0.0,6.2,player_ra_hito,RA,over,4,3.5,Landry Shamet 4+ RA,1,
b766f784fce3955f8713e81c62ec8317dbc7aab8,20260521_145741,2026-05-21T14:57:41-03:00,2026-05-21T17:57:41+00:00,betano,basketball,NBA,props_nba_20260521_145741.csv,San Antonio Spurs Oklahoma City Thunder,san antonio spurs oklahoma city thunder,Shai Gilgeous-Alexander,shai gilgeous alexander,Puntos (hitos),28+,0.0,1.44,player_points_hito,PTS,over,28,27.5,Shai Gilgeous-Alexander 28+ PTS,1,
09265113075937b3913557c9045da80e38ab309d,20260521_145741,2026-05-21T14:57:41-03:00,2026-05-21T17:57:41+00:00,betano,basketball,NBA,props_nba_20260521_145741.csv,San Antonio Spurs Oklahoma City Thunder,san antonio spurs oklahoma city thunder,Shai Gilgeous-Alexander,shai gilgeous alexander,Puntos (hitos),29+,0.0,1.55,player_points_hito,PTS,over,29,28.5,Shai Gilgeous-Alexander 29+ PTS,1,
1c539db893c621f89156f8c9217e306a5a514e3f,20260521_145741,2026-05-21T14:57:41-03:00,2026-05-21T17:57:41+00:00,betano,basketball,NBA,props_nba_20260521_145741.csv,San Antonio Spurs Oklahoma City Thunder,san antonio spurs oklahoma city thunder,Shai Gilgeous-Alexander,shai gilgeous alexander,Puntos (hitos),30+,0.0,1.7,player_points_hito,PTS,over,30,29.5,Shai Gilgeous-Alexander 30+ PTS,1,
a0045672e26151c6d6c1dedc5b2278d5b29bf100,20260521_145741,2026-05-21T14:57:41-03:00,2026-05-21T17:57:41+00:00,betano,basketball,NBA,props_nba_20260521_145741.csv,San Antonio Spurs Oklahoma City Thunder,san antonio spurs oklahoma city thunder,Shai Gilgeous-Alexander,shai gilgeous alexander,Puntos (hitos),31+,0.0,1.85,player_points_hito,PTS,over,31,30.5,Shai Gilgeous-Alexander 31+ PTS,1,
a52236b90cbab1520ad7bf15733be593730a5a48,20260521_145741,2026-05-21T14:57:41-03:00,2026-05-21T17:57:41+00:00,betano,basketball,NBA,props_nba_20260521_145741.csv,San Antonio Spurs Oklahoma City Thunder,san antonio spurs oklahoma city thunder,Shai Gilgeous-Alexander,shai gilgeous alexander,Puntos (hitos),32+,0.0,2.05,player_points_hito,PTS,over,32,31.5,Shai Gilgeous-Alexander 32+ PTS,1,
5ff27be86c20ebc966c4842a21cb43b194f344ac,20260521_145741,2026-05-21T14:57:41-03:00,2026-05-21T17:57:41+00:00,betano,basketball,NBA,props_nba_20260521_145741.csv,San Antonio Spurs Oklahoma City Thunder,san antonio spurs oklahoma city thunder,Shai Gilgeous-Alexander,shai gilgeous alexander,Puntos (hitos),33+,0.0,2.27,player_points_hito,PTS,over,33,32.5,Shai Gilgeous-Alexander 33+ PTS,1,
f60f74c0d99de859f111d2b7d2d410febe74fd60,20260521_145741,2026-05-21T14:57:41-03:00,2026-05-21T17:57:41+00:00,betano,basketball,NBA,props_nba_20260521_145741.csv,San Antonio Spurs Oklahoma City Thunder,san antonio spurs oklahoma city thunder,Shai Gilgeous-Alexander,shai gilgeous alexander,Puntos (hitos),34+,0.0,2.57,player_points_hito,PTS,over,34,33.5,Shai Gilgeous-Alexander 34+ PTS,1,
c4534995f19ca3bcc851ff8de7b17e2fbab440c7,20260521_145741,2026-05-21T14:57:41-03:00,2026-05-21T17:57:41+00:00,betano,basketball,NBA,props_nba_20260521_145741.csv,San Antonio Spurs Oklahoma City Thunder,san antonio spurs oklahoma city thunder,Shai Gilgeous-Alexander,shai gilgeous alexander,Puntos (hitos),35+,0.0,2.9,player_points_hito,PTS,over,35,34.5,Shai Gilgeous-Alexander 35+ PTS,1,
ca1b81783a46542866412fc62993bd4fc5d5b1e0,20260521_145741,2026-05-21T14:57:41-03:00,2026-05-21T17:57:41+00:00,betano,basketball,NBA,props_nba_20260521_145741.csv,San Antonio Spurs Oklahoma City Thunder,san antonio spurs oklahoma city thunder,Shai Gilgeous-Alexander,shai gilgeous alexander,Puntos (hitos),36+,0.0,3.3,player_points_hito,PTS,over,36,35.5,Shai Gilgeous-Alexander 36+ PTS,1,
552daee8a01cca4badfb7a1400e18fb7b7c5b04a,20260521_145741,2026-05-21T14:57:41-03:00,2026-05-21T17:57:41+00:00,betano,basketball,NBA,props_nba_20260521_145741.csv,San Antonio Spurs Oklahoma City Thunder,san antonio spurs oklahoma city thunder,Victor Wembanyama,victor wembanyama,Puntos (hitos),23+,0.0,1.47,player_points_hito,PTS,over,23,22.5,Victor Wembanyama 23+ PTS,1,
249f7e49c1d86c13e2e2e1962689e20185691a7a,20260521_145741,2026-05-21T14:57:41-03:00,2026-05-21T17:57:41+00:00,betano,basketball,NBA,props_nba_20260521_145741.csv,San Antonio Spurs Oklahoma City Thunder,san antonio spurs oklahoma city thunder,Victor Wembanyama,victor wembanyama,Puntos (hitos),25+,0.0,1.78,player_points_hito,PTS,over,25,24.5,Victor Wembanyama 25+ PTS,1,
f2fa774a3a284d64d079ce4e603eebb31b318fe6,20260521_145741,2026-05-21T14:57:41-03:00,2026-05-21T17:57:41+00:00,betano,basketball,NBA,props_nba_20260521_145741.csv,San Antonio Spurs Oklahoma City Thunder,san antonio spurs oklahoma city thunder,Victor Wembanyama,victor wembanyama,Puntos (hitos),27+,0.0,2.22,player_points_hito,PTS,over,27,26.5,Victor Wembanyama 27+ PTS,1,
b65b8c7144cb42b87d7c691286f1643a2b05fc5d,20260521_145741,2026-05-21T14:57:41-03:00,2026-05-21T17:57:41+00:00,betano,basketball,NBA,props_nba_20260521_145741.csv,San Antonio Spurs Oklahoma City Thunder,san antonio spurs oklahoma city thunder,Victor Wembanyama,victor wembanyama,Puntos (hitos),29+,0.0,2.82,player_points_hito,PTS,over,29,28.5,Victor Wembanyama 29+ PTS,1,
d2c1963a23b84ef0817e963d048a3c57d46972a7,20260521_145741,2026-05-21T14:57:41-03:00,2026-05-21T17:57:41+00:00,betano,basketball,NBA,props_nba_20260521_145741.csv,San Antonio Spurs Oklahoma City Thunder,san antonio spurs oklahoma city thunder,Victor Wembanyama,victor wembanyama,Puntos (hitos),31+,0.0,3.75,player_points_hito,PTS,over,31,30.5,Victor Wembanyama 31+ PTS,1,
84c0b988634019f7687907f5bf572b6da432254e,20260521_145741,2026-05-21T14:57:41-03:00,2026-05-21T17:57:41+00:00,betano,basketball,NBA,props_nba_20260521_145741.csv,San Antonio Spurs Oklahoma City Thunder,san antonio spurs oklahoma city thunder,Victor Wembanyama,victor wembanyama,Puntos (hitos),33+,0.0,5.1,player_points_hito,PTS,over,33,32.5,Victor Wembanyama 33+ PTS,1,
1d52c7424c4c73e8d871e297ded30b576a22f8a0,20260521_145741,2026-05-21T14:57:41-03:00,2026-05-21T17:57:41+00:00,betano,basketball,NBA,props_nba_20260521_145741.csv,San Antonio Spurs Oklahoma City Thunder,san antonio spurs oklahoma city thunder,Victor Wembanyama,victor wembanyama,Puntos (hitos),35+,0.0,6.8,player_points_hito,PTS,over,35,34.5,Victor Wembanyama 35+ PTS,1,
19bc315194d01a332e1cb8beba4069e16fb7e83a,20260521_145741,2026-05-21T14:57:41-03:00,2026-05-21T17:57:41+00:00,betano,basketball,NBA,props_nba_20260521_145741.csv,San Antonio Spurs Oklahoma City Thunder,san antonio spurs oklahoma city thunder,Victor Wembanyama,victor wembanyama,Puntos (hitos),37+,0.0,9,player_points_hito,PTS,over,37,36.5,Victor Wembanyama 37+ PTS,1,
5ef5ad9c66a840b74c44c39934058fc64cb27f57,20260521_145741,2026-05-21T14:57:41-03:00,2026-05-21T17:57:41+00:00,betano,basketball,NBA,props_nba_20260521_145741.csv,San Antonio Spurs Oklahoma City Thunder,san antonio spurs oklahoma city thunder,Victor Wembanyama,victor wembanyama,Puntos (hitos),39+,0.0,11.75,player_points_hito,PTS,over,39,38.5,Victor Wembanyama 39+ PTS,1,
8860b4c176321d703e311d8095772eda720871ce,20260521_145741,2026-05-21T14:57:41-03:00,2026-05-21T17:57:41+00:00,betano,basketball,NBA,props_nba_20260521_145741.csv,San Antonio Spurs Oklahoma City Thunder,san antonio spurs oklahoma city thunder,Stephon Castle,stephon castle,Puntos (hitos),17+,0.0,1.55,player_points_hito,PTS,over,17,16.5,Stephon Castle 17+ PTS,1,
d63e0fb190695d6c53a4c54a574fd103c2d45699,20260521_145741,2026-05-21T14:57:41-03:00,2026-05-21T17:57:41+00:00,betano,basketball,NBA,props_nba_20260521_145741.csv,San Antonio Spurs Oklahoma City Thunder,san antonio spurs oklahoma city thunder,Stephon Castle,stephon castle,Puntos (hitos),19+,0.0,1.91,player_points_hito,PTS,over,19,18.5,Stephon Castle 19+ PTS,1,
568c363f07427673002334695a3c0796c2aceb36,20260521_145741,2026-05-21T14:57:41-03:00,2026-05-21T17:57:41+00:00,betano,basketball,NBA,props_nba_20260521_145741.csv,San Antonio Spurs Oklahoma City Thunder,san antonio spurs oklahoma city thunder,Stephon Castle,stephon castle,Puntos (hitos),21+,0.0,2.47,player_points_hito,PTS,over,21,20.5,Stephon Castle 21+ PTS,1,
9c1f1a8d3f05cc2aa39d25f45c6cd12c6b5d558a,20260521_145741,2026-05-21T14:57:41-03:00,2026-05-21T17:57:41+00:00,betano,basketball,NBA,props_nba_20260521_145741.csv,San Antonio Spurs Oklahoma City Thunder,san antonio spurs oklahoma city thunder,Stephon Castle,stephon castle,Puntos (hitos),23+,0.0,3.35,player_points_hito,PTS,over,23,22.5,Stephon Castle 23+ PTS,1,
7a7cb3a2a9edb6f3e810144d18b6b68e580b5b70,20260521_145741,2026-05-21T14:57:41-03:00,2026-05-21T17:57:41+00:00,betano,basketball,NBA,props_nba_20260521_145741.csv,San Antonio Spurs Oklahoma City Thunder,san antonio spurs oklahoma city thunder,Stephon Castle,stephon castle,Puntos (hitos),25+,0.0,4.6,player_points_hito,PTS,over,25,24.5,Stephon Castle 25+ PTS,1,
719a297bb0209e6a92e6a840e3da9d7176fc5827,20260521_145741,2026-05-21T14:57:41-03:00,2026-05-21T17:57:41+00:00,betano,basketball,NBA,props_nba_20260521_145741.csv,San Antonio Spurs Oklahoma City Thunder,san antonio spurs oklahoma city thunder,Stephon Castle,stephon castle,Puntos (hitos),27+,0.0,6.4,player_points_hito,PTS,over,27,26.5,Stephon Castle 27+ PTS,1,
44a445b70394732bdd42ddf8519d0b8a1ce3e9ab,20260521_145741,2026-05-21T14:57:41-03:00,2026-05-21T17:57:41+00:00,betano,basketball,NBA,props_nba_20260521_145741.csv,San Antonio Spurs Oklahoma City Thunder,san antonio spurs oklahoma city thunder,Stephon Castle,stephon castle,Puntos (hitos),29+,0.0,8.75,player_points_hito,PTS,over,29,28.5,Stephon Castle 29+ PTS,1,
2d15b0403b1d78eca0e2975a408da30f3d0d1fed,20260521_145741,2026-05-21T14:57:41-03:00,2026-05-21T17:57:41+00:00,betano,basketball,NBA,props_nba_20260521_145741.csv,San Antonio Spurs Oklahoma City Thunder,san antonio spurs oklahoma city thunder,Stephon Castle,stephon castle,Puntos (hitos),31+,0.0,11.5,player_points_hito,PTS,over,31,30.5,Stephon Castle 31+ PTS,1,
6d4eeca7e1395ae89dd0eaa16ea972b2d2ac58be,20260521_145741,2026-05-21T14:57:41-03:00,2026-05-21T17:57:41+00:00,betano,basketball,NBA,props_nba_20260521_145741.csv,San Antonio Spurs Oklahoma City Thunder,san antonio spurs oklahoma city thunder,Stephon Castle,stephon castle,Puntos (hitos),33+,0.0,14.5,player_points_hito,PTS,over,33,32.5,Stephon Castle 33+ PTS,1,
fc8318329b44bc62f14305257f692d5da108a6e5,20260521_145741,2026-05-21T14:57:41-03:00,2026-05-21T17:57:41+00:00,betano,basketball,NBA,props_nba_20260521_145741.csv,San Antonio Spurs Oklahoma City Thunder,san antonio spurs oklahoma city thunder,Jalen Williams,jalen williams,Puntos (hitos),14+,0.0,1.47,player_points_hito,PTS,over,14,13.5,Jalen Williams 14+ PTS,1,
4a2da54189b26aa1589c6e20c189ba0e133bb776,20260521_145741,2026-05-21T14:57:41-03:00,2026-05-21T17:57:41+00:00,betano,basketball,NBA,props_nba_20260521_145741.csv,San Antonio Spurs Oklahoma City Thunder,san antonio spurs oklahoma city thunder,Jalen Williams,jalen williams,Puntos (hitos),16+,0.0,1.85,player_points_hito,PTS,over,16,15.5,Jalen Williams 16+ PTS,1,
41a5171981af13b584f7cdfb936473f230e1a605,20260521_145741,2026-05-21T14:57:41-03:00,2026-05-21T17:57:41+00:00,betano,basketball,NBA,props_nba_20260521_145741.csv,San Antonio Spurs Oklahoma City Thunder,san antonio spurs oklahoma city thunder,Jalen Williams,jalen williams,Puntos (hitos),18+,0.0,2.45,player_points_hito,PTS,over,18,17.5,Jalen Williams 18+ PTS,1,
e0ceb9a0649afe63724f0096e38fcd7301cf0027,20260521_145741,2026-05-21T14:57:41-03:00,2026-05-21T17:57:41+00:00,betano,basketball,NBA,props_nba_20260521_145741.csv,San Antonio Spurs Oklahoma City Thunder,san antonio spurs oklahoma city thunder,Jalen Williams,jalen williams,Puntos (hitos),20+,0.0,3.45,player_points_hito,PTS,over,20,19.5,Jalen Williams 20+ PTS,1,
f470ebcb7954976ad5af37ccfcf124b9ccefc6f2,20260521_145741,2026-05-21T14:57:41-03:00,2026-05-21T17:57:41+00:00,betano,basketball,NBA,props_nba_20260521_145741.csv,San Antonio Spurs Oklahoma City Thunder,san antonio spurs oklahoma city thunder,Jalen Williams,jalen williams,Puntos (hitos),22+,0.0,5,player_points_hito,PTS,over,22,21.5,Jalen Williams 22+ PTS,1,
79b81bd06154d95d649f82477192134291faf8f0,20260521_145741,2026-05-21T14:57:41-03:00,2026-05-21T17:57:41+00:00,betano,basketball,NBA,props_nba_20260521_145741.csv,San Antonio Spurs Oklahoma City Thunder,san antonio spurs oklahoma city thunder,Jalen Williams,jalen williams,Puntos (hitos),24+,0.0,7.2,player_points_hito,PTS,over,24,23.5,Jalen Williams 24+ PTS,1,
28c4a3742ff405e1d0716262e905ae8c96ade149,20260521_145741,2026-05-21T14:57:41-03:00,2026-05-21T17:57:41+00:00,betano,basketball,NBA,props_nba_20260521_145741.csv,San Antonio Spurs Oklahoma City Thunder,san antonio spurs oklahoma city thunder,Jalen Williams,jalen williams,Puntos (hitos),26+,0.0,10,player_points_hito,PTS,over,26,25.5,Jalen Williams 26+ PTS,1,
6e66f3961dfb7040ee0cac26147cb73688093618,20260521_145741,2026-05-21T14:57:41-03:00,2026-05-21T17:57:41+00:00,betano,basketball,NBA,props_nba_20260521_145741.csv,San Antonio Spurs Oklahoma City Thunder,san antonio spurs oklahoma city thunder,Jalen Williams,jalen williams,Puntos (hitos),28+,0.0,13.5,player_points_hito,PTS,over,28,27.5,Jalen Williams 28+ PTS,1,
f9dbd80f20552e0bf0f1acd3136ecbdd5d998508,20260521_145741,2026-05-21T14:57:41-03:00,2026-05-21T17:57:41+00:00,betano,basketball,NBA,props_nba_20260521_145741.csv,San Antonio Spurs Oklahoma City Thunder,san antonio spurs oklahoma city thunder,Jalen Williams,jalen williams,Puntos (hitos),30+,0.0,16,player_points_hito,PTS,over,30,29.5,Jalen Williams 30+ PTS,1,
29ed05a40b611386be12877ff96c094691cd0358,20260521_145741,2026-05-21T14:57:41-03:00,2026-05-21T17:57:41+00:00,betano,basketball,NBA,props_nba_20260521_145741.csv,San Antonio Spurs Oklahoma City Thunder,san antonio spurs oklahoma city thunder,Devin Vassell,devin vassell,Puntos (hitos),13+,0.0,1.52,player_points_hito,PTS,over,13,12.5,Devin Vassell 13+ PTS,1,
81172d81f85c84e467bcbc17872b633431aed375,20260521_145741,2026-05-21T14:57:41-03:00,2026-05-21T17:57:41+00:00,betano,basketball,NBA,props_nba_20260521_145741.csv,San Antonio Spurs Oklahoma City Thunder,san antonio spurs oklahoma city thunder,Devin Vassell,devin vassell,Puntos (hitos),15+,0.0,1.91,player_points_hito,PTS,over,15,14.5,Devin Vassell 15+ PTS,1,
1d921079e1bbcb4371c6b505e460d46a52b855f2,20260521_145741,2026-05-21T14:57:41-03:00,2026-05-21T17:57:41+00:00,betano,basketball,NBA,props_nba_20260521_145741.csv,San Antonio Spurs Oklahoma City Thunder,san antonio spurs oklahoma city thunder,Devin Vassell,devin vassell,Puntos (hitos),17+,0.0,2.5,player_points_hito,PTS,over,17,16.5,Devin Vassell 17+ PTS,1,
5a52e9e24b8511e1a51509725b4e2ab11c37b12f,20260521_145741,2026-05-21T14:57:41-03:00,2026-05-21T17:57:41+00:00,betano,basketball,NBA,props_nba_20260521_145741.csv,San Antonio Spurs Oklahoma City Thunder,san antonio spurs oklahoma city thunder,Devin Vassell,devin vassell,Puntos (hitos),19+,0.0,3.4,player_points_hito,PTS,over,19,18.5,Devin Vassell 19+ PTS,1,
0de294eb516ed65c898221d6617c7ff560bcb222,20260521_145741,2026-05-21T14:57:41-03:00,2026-05-21T17:57:41+00:00,betano,basketball,NBA,props_nba_20260521_145741.csv,San Antonio Spurs Oklahoma City Thunder,san antonio spurs oklahoma city thunder,Devin Vassell,devin vassell,Puntos (hitos),21+,0.0,4.8,player_points_hito,PTS,over,21,20.5,Devin Vassell 21+ PTS,1,
193428fa7f1f80f58f1119931580f1317c4a4279,20260521_145741,2026-05-21T14:57:41-03:00,2026-05-21T17:57:41+00:00,betano,basketball,NBA,props_nba_20260521_145741.csv,San Antonio Spurs Oklahoma City Thunder,san antonio spurs oklahoma city thunder,Devin Vassell,devin vassell,Puntos (hitos),23+,0.0,6.7,player_points_hito,PTS,over,23,22.5,Devin Vassell 23+ PTS,1,
cd1165bb7d0fd4426819fc16ef5626361f225164,20260521_145741,2026-05-21T14:57:41-03:00,2026-05-21T17:57:41+00:00,betano,basketball,NBA,props_nba_20260521_145741.csv,San Antonio Spurs Oklahoma City Thunder,san antonio spurs oklahoma city thunder,Devin Vassell,devin vassell,Puntos (hitos),25+,0.0,9.25,player_points_hito,PTS,over,25,24.5,Devin Vassell 25+ PTS,1,
70213da9bee73a40858fbf73307034089092d1e3,20260521_145741,2026-05-21T14:57:41-03:00,2026-05-21T17:57:41+00:00,betano,basketball,NBA,props_nba_20260521_145741.csv,San Antonio Spurs Oklahoma City Thunder,san antonio spurs oklahoma city thunder,Devin Vassell,devin vassell,Puntos (hitos),27+,0.0,12.5,player_points_hito,PTS,over,27,26.5,Devin Vassell 27+ PTS,1,
07aeb8505b0cd0cc1aec4c3685f30bf88659f269,20260521_145741,2026-05-21T14:57:41-03:00,2026-05-21T17:57:41+00:00,betano,basketball,NBA,props_nba_20260521_145741.csv,San Antonio Spurs Oklahoma City Thunder,san antonio spurs oklahoma city thunder,Devin Vassell,devin vassell,Puntos (hitos),29+,0.0,15,player_points_hito,PTS,over,29,28.5,Devin Vassell 29+ PTS,1,
1f91491f69b83ceefe48c99027cbd589d5afae49,20260521_145741,2026-05-21T14:57:41-03:00,2026-05-21T17:57:41+00:00,betano,basketball,NBA,props_nba_20260521_145741.csv,San Antonio Spurs Oklahoma City Thunder,san antonio spurs oklahoma city thunder,De'Aaron Fox,de aaron fox,Puntos (hitos),13+,0.0,1.55,player_points_hito,PTS,over,13,12.5,De'Aaron Fox 13+ PTS,1,
6406b0004f3ce16727a736d8edb9954508edf2b2,20260521_145741,2026-05-21T14:57:41-03:00,2026-05-21T17:57:41+00:00,betano,basketball,NBA,props_nba_20260521_145741.csv,San Antonio Spurs Oklahoma City Thunder,san antonio spurs oklahoma city thunder,De'Aaron Fox,de aaron fox,Puntos (hitos),14+,0.0,1.75,player_points_hito,PTS,over,14,13.5,De'Aaron Fox 14+ PTS,1,
1323ec82ad90782d039cb958043ae59f86e97dce,20260521_145741,2026-05-21T14:57:41-03:00,2026-05-21T17:57:41+00:00,betano,basketball,NBA,props_nba_20260521_145741.csv,San Antonio Spurs Oklahoma City Thunder,san antonio spurs oklahoma city thunder,De'Aaron Fox,de aaron fox,Puntos (hitos),15+,0.0,1.98,player_points_hito,PTS,over,15,14.5,De'Aaron Fox 15+ PTS,1,
8dea9fa91aa2c127fb64857ffee51e6d6f2d0c8d,20260521_145741,2026-05-21T14:57:41-03:00,2026-05-21T17:57:41+00:00,betano,basketball,NBA,props_nba_20260521_145741.csv,San Antonio Spurs Oklahoma City Thunder,san antonio spurs oklahoma city thunder,De'Aaron Fox,de aaron fox,Puntos (hitos),16+,0.0,2.27,player_points_hito,PTS,over,16,15.5,De'Aaron Fox 16+ PTS,1,
fb290c55cd7850ac6276fed8035d7a9a21ac4c3b,20260521_145741,2026-05-21T14:57:41-03:00,2026-05-21T17:57:41+00:00,betano,basketball,NBA,props_nba_20260521_145741.csv,San Antonio Spurs Oklahoma City Thunder,san antonio spurs oklahoma city thunder,De'Aaron Fox,de aaron fox,Puntos (hitos),17+,0.0,2.67,player_points_hito,PTS,over,17,16.5,De'Aaron Fox 17+ PTS,1,
c57da4e446bf1bbfeb09984c755e6780a46db602,20260521_145741,2026-05-21T14:57:41-03:00,2026-05-21T17:57:41+00:00,betano,basketball,NBA,props_nba_20260521_145741.csv,San Antonio Spurs Oklahoma City Thunder,san antonio spurs oklahoma city thunder,De'Aaron Fox,de aaron fox,Puntos (hitos),18+,0.0,3.15,player_points_hito,PTS,over,18,17.5,De'Aaron Fox 18+ PTS,1,
4b904be2dbbbfe7066ed416b00c2b874ec1b2301,20260521_145741,2026-05-21T14:57:41-03:00,2026-05-21T17:57:41+00:00,betano,basketball,NBA,props_nba_20260521_145741.csv,San Antonio Spurs Oklahoma City Thunder,san antonio spurs oklahoma city thunder,De'Aaron Fox,de aaron fox,Puntos (hitos),19+,0.0,3.7,player_points_hito,PTS,over,19,18.5,De'Aaron Fox 19+ PTS,1,
f086a537874690d08e863754c11f3a43f4b2adc7,20260521_145741,2026-05-21T14:57:41-03:00,2026-05-21T17:57:41+00:00,betano,basketball,NBA,props_nba_20260521_145741.csv,San Antonio Spurs Oklahoma City Thunder,san antonio spurs oklahoma city thunder,De'Aaron Fox,de aaron fox,Puntos (hitos),20+,0.0,4.45,player_points_hito,PTS,over,20,19.5,De'Aaron Fox 20+ PTS,1,
664b4d5e8d0c4162b06c0db18a407573259e2f87,20260521_145741,2026-05-21T14:57:41-03:00,2026-05-21T17:57:41+00:00,betano,basketball,NBA,props_nba_20260521_145741.csv,San Antonio Spurs Oklahoma City Thunder,san antonio spurs oklahoma city thunder,De'Aaron Fox,de aaron fox,Puntos (hitos),21+,0.0,5.3,player_points_hito,PTS,over,21,20.5,De'Aaron Fox 21+ PTS,1,
38219cbc427ad8a42edf036ef423907d6320533d,20260521_145741,2026-05-21T14:57:41-03:00,2026-05-21T17:57:41+00:00,betano,basketball,NBA,props_nba_20260521_145741.csv,San Antonio Spurs Oklahoma City Thunder,san antonio spurs oklahoma city thunder,Chet Holmgren,chet holmgren,Puntos (hitos),12+,0.0,1.36,player_points_hito,PTS,over,12,11.5,Chet Holmgren 12+ PTS,1,
be5d19a822b748490d7ccb4e9c3c567d14ff77e0,20260521_145741,2026-05-21T14:57:41-03:00,2026-05-21T17:57:41+00:00,betano,basketball,NBA,props_nba_20260521_145741.csv,San Antonio Spurs Oklahoma City Thunder,san antonio spurs oklahoma city thunder,Chet Holmgren,chet holmgren,Puntos (hitos),13+,0.0,1.5,player_points_hito,PTS,over,13,12.5,Chet Holmgren 13+ PTS,1,
ce1af0ce897d73ba7a0c8dd682989c31c7f98a4d,20260521_145741,2026-05-21T14:57:41-03:00,2026-05-21T17:57:41+00:00,betano,basketball,NBA,props_nba_20260521_145741.csv,San Antonio Spurs Oklahoma City Thunder,san antonio spurs oklahoma city thunder,Chet Holmgren,chet holmgren,Puntos (hitos),14+,0.0,1.7,player_points_hito,PTS,over,14,13.5,Chet Holmgren 14+ PTS,1,
672494242b8544e91a514d75e031475d3e87a410,20260521_145741,2026-05-21T14:57:41-03:00,2026-05-21T17:57:41+00:00,betano,basketball,NBA,props_nba_20260521_145741.csv,San Antonio Spurs Oklahoma City Thunder,san antonio spurs oklahoma city thunder,Chet Holmgren,chet holmgren,Puntos (hitos),15+,0.0,1.93,player_points_hito,PTS,over,15,14.5,Chet Holmgren 15+ PTS,1,
283dee25c5fb4b467c414ed2cd45446c1ed128d3,20260521_145741,2026-05-21T14:57:41-03:00,2026-05-21T17:57:41+00:00,betano,basketball,NBA,props_nba_20260521_145741.csv,San Antonio Spurs Oklahoma City Thunder,san antonio spurs oklahoma city thunder,Chet Holmgren,chet holmgren,Puntos (hitos),16+,0.0,2.22,player_points_hito,PTS,over,16,15.5,Chet Holmgren 16+ PTS,1,
9c89c5ea18ecd9fd4deebc3ba0dab2d376736e53,20260521_145741,2026-05-21T14:57:41-03:00,2026-05-21T17:57:41+00:00,betano,basketball,NBA,props_nba_20260521_145741.csv,San Antonio Spurs Oklahoma City Thunder,san antonio spurs oklahoma city thunder,Chet Holmgren,chet holmgren,Puntos (hitos),17+,0.0,2.6,player_points_hito,PTS,over,17,16.5,Chet Holmgren 17+ PTS,1,
d82089ad8998a59828ea0c5150470f49e013acb5,20260521_145741,2026-05-21T14:57:41-03:00,2026-05-21T17:57:41+00:00,betano,basketball,NBA,props_nba_20260521_145741.csv,San Antonio Spurs Oklahoma City Thunder,san antonio spurs oklahoma city thunder,Chet Holmgren,chet holmgren,Puntos (hitos),18+,0.0,3.1,player_points_hito,PTS,over,18,17.5,Chet Holmgren 18+ PTS,1,
5d6977d71f399856f652e8494a7b8b60afce4e02,20260521_145741,2026-05-21T14:57:41-03:00,2026-05-21T17:57:41+00:00,betano,basketball,NBA,props_nba_20260521_145741.csv,San Antonio Spurs Oklahoma City Thunder,san antonio spurs oklahoma city thunder,Chet Holmgren,chet holmgren,Puntos (hitos),19+,0.0,3.7,player_points_hito,PTS,over,19,18.5,Chet Holmgren 19+ PTS,1,
2b666d42a716d0bdf9ab4f536649fdeb2742dc69,20260521_145741,2026-05-21T14:57:41-03:00,2026-05-21T17:57:41+00:00,betano,basketball,NBA,props_nba_20260521_145741.csv,San Antonio Spurs Oklahoma City Thunder,san antonio spurs oklahoma city thunder,Chet Holmgren,chet holmgren,Puntos (hitos),20+,0.0,4.45,player_points_hito,PTS,over,20,19.5,Chet Holmgren 20+ PTS,1,
4aff3209d32e3b8d4cae47dccbd3f6f865a3db85,20260521_145741,2026-05-21T14:57:41-03:00,2026-05-21T17:57:41+00:00,betano,basketball,NBA,props_nba_20260521_145741.csv,San Antonio Spurs Oklahoma City Thunder,san antonio spurs oklahoma city thunder,Ajay Mitchell,ajay mitchell,Puntos (hitos),11+,0.0,1.5,player_points_hito,PTS,over,11,10.5,Ajay Mitchell 11+ PTS,1,
03b437687b7fe70d3811ba9d721c15d4f9d551bd,20260521_145741,2026-05-21T14:57:41-03:00,2026-05-21T17:57:41+00:00,betano,basketball,NBA,props_nba_20260521_145741.csv,San Antonio Spurs Oklahoma City Thunder,san antonio spurs oklahoma city thunder,Ajay Mitchell,ajay mitchell,Puntos (hitos),12+,0.0,1.67,player_points_hito,PTS,over,12,11.5,Ajay Mitchell 12+ PTS,1,
653b5f7ce46b9a81c26e69b74d1e3e7d79764a15,20260521_145741,2026-05-21T14:57:41-03:00,2026-05-21T17:57:41+00:00,betano,basketball,NBA,props_nba_20260521_145741.csv,San Antonio Spurs Oklahoma City Thunder,san antonio spurs oklahoma city thunder,Ajay Mitchell,ajay mitchell,Puntos (hitos),13+,0.0,1.93,player_points_hito,PTS,over,13,12.5,Ajay Mitchell 13+ PTS,1,
447c6f52db9fc313be76276355890862205580d1,20260521_145741,2026-05-21T14:57:41-03:00,2026-05-21T17:57:41+00:00,betano,basketball,NBA,props_nba_20260521_145741.csv,San Antonio Spurs Oklahoma City Thunder,san antonio spurs oklahoma city thunder,Ajay Mitchell,ajay mitchell,Puntos (hitos),14+,0.0,2.25,player_points_hito,PTS,over,14,13.5,Ajay Mitchell 14+ PTS,1,
b8528e9141ca0c88ef4d74d5f0c0bee551570540,20260521_145741,2026-05-21T14:57:41-03:00,2026-05-21T17:57:41+00:00,betano,basketball,NBA,props_nba_20260521_145741.csv,San Antonio Spurs Oklahoma City Thunder,san antonio spurs oklahoma city thunder,Ajay Mitchell,ajay mitchell,Puntos (hitos),15+,0.0,2.65,player_points_hito,PTS,over,15,14.5,Ajay Mitchell 15+ PTS,1,
a5164aa38096e0b736c18384be9dab71155f902b,20260521_145741,2026-05-21T14:57:41-03:00,2026-05-21T17:57:41+00:00,betano,basketball,NBA,props_nba_20260521_145741.csv,San Antonio Spurs Oklahoma City Thunder,san antonio spurs oklahoma city thunder,Ajay Mitchell,ajay mitchell,Puntos (hitos),16+,0.0,3.15,player_points_hito,PTS,over,16,15.5,Ajay Mitchell 16+ PTS,1,
b72951ea46df1993ce0163cc14b4a91b3adebd0d,20260521_145741,2026-05-21T14:57:41-03:00,2026-05-21T17:57:41+00:00,betano,basketball,NBA,props_nba_20260521_145741.csv,San Antonio Spurs Oklahoma City Thunder,san antonio spurs oklahoma city thunder,Ajay Mitchell,ajay mitchell,Puntos (hitos),17+,0.0,3.8,player_points_hito,PTS,over,17,16.5,Ajay Mitchell 17+ PTS,1,
a875a5953dd2c4cb9336b29bbe398b5e79c7be3f,20260521_145741,2026-05-21T14:57:41-03:00,2026-05-21T17:57:41+00:00,betano,basketball,NBA,props_nba_20260521_145741.csv,San Antonio Spurs Oklahoma City Thunder,san antonio spurs oklahoma city thunder,Ajay Mitchell,ajay mitchell,Puntos (hitos),18+,0.0,4.65,player_points_hito,PTS,over,18,17.5,Ajay Mitchell 18+ PTS,1,
898803cc94b873fc7414177489d113d2b10b0734,20260521_145741,2026-05-21T14:57:41-03:00,2026-05-21T17:57:41+00:00,betano,basketball,NBA,props_nba_20260521_145741.csv,San Antonio Spurs Oklahoma City Thunder,san antonio spurs oklahoma city thunder,Ajay Mitchell,ajay mitchell,Puntos (hitos),19+,0.0,5.6,player_points_hito,PTS,over,19,18.5,Ajay Mitchell 19+ PTS,1,
5a834b176847f41de8796eab0089404fabf00df9,20260521_145741,2026-05-21T14:57:41-03:00,2026-05-21T17:57:41+00:00,betano,basketball,NBA,props_nba_20260521_145741.csv,San Antonio Spurs Oklahoma City Thunder,san antonio spurs oklahoma city thunder,Dylan Harper,dylan harper,Puntos (hitos),11+,0.0,1.5,player_points_hito,PTS,over,11,10.5,Dylan Harper 11+ PTS,1,
5974462fe72df3bfe2a0c1226b3f7680e202faad,20260521_145741,2026-05-21T14:57:41-03:00,2026-05-21T17:57:41+00:00,betano,basketball,NBA,props_nba_20260521_145741.csv,San Antonio Spurs Oklahoma City Thunder,san antonio spurs oklahoma city thunder,Dylan Harper,dylan harper,Puntos (hitos),13+,0.0,1.91,player_points_hito,PTS,over,13,12.5,Dylan Harper 13+ PTS,1,
0578016015df52466878a61e35b9f09e2761f14b,20260521_145741,2026-05-21T14:57:41-03:00,2026-05-21T17:57:41+00:00,betano,basketball,NBA,props_nba_20260521_145741.csv,San Antonio Spurs Oklahoma City Thunder,san antonio spurs oklahoma city thunder,Dylan Harper,dylan harper,Puntos (hitos),15+,0.0,2.62,player_points_hito,PTS,over,15,14.5,Dylan Harper 15+ PTS,1,
7e90ff0c09e22a160047dfc02db97e53cc5f5cc5,20260521_145741,2026-05-21T14:57:41-03:00,2026-05-21T17:57:41+00:00,betano,basketball,NBA,props_nba_20260521_145741.csv,San Antonio Spurs Oklahoma City Thunder,san antonio spurs oklahoma city thunder,Dylan Harper,dylan harper,Puntos (hitos),17+,0.0,3.8,player_points_hito,PTS,over,17,16.5,Dylan Harper 17+ PTS,1,
dfea25f5ea41c719170d6afaf4703b8a27a163f2,20260521_145741,2026-05-21T14:57:41-03:00,2026-05-21T17:57:41+00:00,betano,basketball,NBA,props_nba_20260521_145741.csv,San Antonio Spurs Oklahoma City Thunder,san antonio spurs oklahoma city thunder,Dylan Harper,dylan harper,Puntos (hitos),19+,0.0,5.7,player_points_hito,PTS,over,19,18.5,Dylan Harper 19+ PTS,1,
871f9efd0c5962550f0d8962e6731688f82b308c,20260521_145741,2026-05-21T14:57:41-03:00,2026-05-21T17:57:41+00:00,betano,basketball,NBA,props_nba_20260521_145741.csv,San Antonio Spurs Oklahoma City Thunder,san antonio spurs oklahoma city thunder,Dylan Harper,dylan harper,Puntos (hitos),21+,0.0,8.25,player_points_hito,PTS,over,21,20.5,Dylan Harper 21+ PTS,1,
b35abce71ae6672e42ddebfe1ebe9809cb38b33e,20260521_145741,2026-05-21T14:57:41-03:00,2026-05-21T17:57:41+00:00,betano,basketball,NBA,props_nba_20260521_145741.csv,San Antonio Spurs Oklahoma City Thunder,san antonio spurs oklahoma city thunder,Dylan Harper,dylan harper,Puntos (hitos),23+,0.0,11.5,player_points_hito,PTS,over,23,22.5,Dylan Harper 23+ PTS,1,
52f5dce10c09f8693b4176427e2a7e92045e699f,20260521_145741,2026-05-21T14:57:41-03:00,2026-05-21T17:57:41+00:00,betano,basketball,NBA,props_nba_20260521_145741.csv,San Antonio Spurs Oklahoma City Thunder,san antonio spurs oklahoma city thunder,Dylan Harper,dylan harper,Puntos (hitos),25+,0.0,15,player_points_hito,PTS,over,25,24.5,Dylan Harper 25+ PTS,1,
a177b3516771d7e15dad18f547b873e3f29b1797,20260521_145741,2026-05-21T14:57:41-03:00,2026-05-21T17:57:41+00:00,betano,basketball,NBA,props_nba_20260521_145741.csv,San Antonio Spurs Oklahoma City Thunder,san antonio spurs oklahoma city thunder,Dylan Harper,dylan harper,Puntos (hitos),27+,0.0,17,player_points_hito,PTS,over,27,26.5,Dylan Harper 27+ PTS,1,
faf81b7352d856b2041256c4c02b1167c7085d78,20260521_145741,2026-05-21T14:57:41-03:00,2026-05-21T17:57:41+00:00,betano,basketball,NBA,props_nba_20260521_145741.csv,San Antonio Spurs Oklahoma City Thunder,san antonio spurs oklahoma city thunder,Shai Gilgeous-Alexander,shai gilgeous alexander,Asistencias (hitos),7+,0.0,1.28,player_assists_hito,AST,over,7,6.5,Shai Gilgeous-Alexander 7+ AST,1,
62c6a95896480614813d617469d24c3c20cfa776,20260521_145741,2026-05-21T14:57:41-03:00,2026-05-21T17:57:41+00:00,betano,basketball,NBA,props_nba_20260521_145741.csv,San Antonio Spurs Oklahoma City Thunder,san antonio spurs oklahoma city thunder,Shai Gilgeous-Alexander,shai gilgeous alexander,Asistencias (hitos),8+,0.0,1.6,player_assists_hito,AST,over,8,7.5,Shai Gilgeous-Alexander 8+ AST,1,
4115ff834668b28d8010a24934d6bff9dca081d2,20260521_145741,2026-05-21T14:57:41-03:00,2026-05-21T17:57:41+00:00,betano,basketball,NBA,props_nba_20260521_145741.csv,San Antonio Spurs Oklahoma City Thunder,san antonio spurs oklahoma city thunder,Shai Gilgeous-Alexander,shai gilgeous alexander,Asistencias (hitos),9+,0.0,2.1,player_assists_hito,AST,over,9,8.5,Shai Gilgeous-Alexander 9+ AST,1,
e8b1931e550c8dc10958943170c25e221fcd1849,20260521_145741,2026-05-21T14:57:41-03:00,2026-05-21T17:57:41+00:00,betano,basketball,NBA,props_nba_20260521_145741.csv,San Antonio Spurs Oklahoma City Thunder,san antonio spurs oklahoma city thunder,Shai Gilgeous-Alexander,shai gilgeous alexander,Asistencias (hitos),10+,0.0,2.87,player_assists_hito,AST,over,10,9.5,Shai Gilgeous-Alexander 10+ AST,1,
312f1786191eb1d7e442a6a24733a238ec70857c,20260521_145741,2026-05-21T14:57:41-03:00,2026-05-21T17:57:41+00:00,betano,basketball,NBA,props_nba_20260521_145741.csv,San Antonio Spurs Oklahoma City Thunder,san antonio spurs oklahoma city thunder,Shai Gilgeous-Alexander,shai gilgeous alexander,Asistencias (hitos),11+,0.0,4,player_assists_hito,AST,over,11,10.5,Shai Gilgeous-Alexander 11+ AST,1,
94454098952e64a652c9404edf8e157b157a879b,20260521_145741,2026-05-21T14:57:41-03:00,2026-05-21T17:57:41+00:00,betano,basketball,NBA,props_nba_20260521_145741.csv,San Antonio Spurs Oklahoma City Thunder,san antonio spurs oklahoma city thunder,Shai Gilgeous-Alexander,shai gilgeous alexander,Asistencias (hitos),12+,0.0,5.4,player_assists_hito,AST,over,12,11.5,Shai Gilgeous-Alexander 12+ AST,1,
830f22d1381ef0208f8a5212586aaf35b2a36b0b,20260521_145741,2026-05-21T14:57:41-03:00,2026-05-21T17:57:41+00:00,betano,basketball,NBA,props_nba_20260521_145741.csv,San Antonio Spurs Oklahoma City Thunder,san antonio spurs oklahoma city thunder,Shai Gilgeous-Alexander,shai gilgeous alexander,Asistencias (hitos),13+,0.0,7.1,player_assists_hito,AST,over,13,12.5,Shai Gilgeous-Alexander 13+ AST,1,
4a649e561bcfe52e3284bbfe940d9e8f3981ca82,20260521_145741,2026-05-21T14:57:41-03:00,2026-05-21T17:57:41+00:00,betano,basketball,NBA,props_nba_20260521_145741.csv,San Antonio Spurs Oklahoma City Thunder,san antonio spurs oklahoma city thunder,Shai Gilgeous-Alexander,shai gilgeous alexander,Asistencias (hitos),14+,0.0,8.5,player_assists_hito,AST,over,14,13.5,Shai Gilgeous-Alexander 14+ AST,1,
2cd67844df92e8475fa9ec287511a226d7c6529e,20260521_145741,2026-05-21T14:57:41-03:00,2026-05-21T17:57:41+00:00,betano,basketball,NBA,props_nba_20260521_145741.csv,San Antonio Spurs Oklahoma City Thunder,san antonio spurs oklahoma city thunder,Stephon Castle,stephon castle,Asistencias (hitos),7+,0.0,1.45,player_assists_hito,AST,over,7,6.5,Stephon Castle 7+ AST,1,
4c722d3855ab5f65d08450e4064a2a38ad4d9713,20260521_145741,2026-05-21T14:57:41-03:00,2026-05-21T17:57:41+00:00,betano,basketball,NBA,props_nba_20260521_145741.csv,San Antonio Spurs Oklahoma City Thunder,san antonio spurs oklahoma city thunder,Stephon Castle,stephon castle,Asistencias (hitos),8+,0.0,1.88,player_assists_hito,AST,over,8,7.5,Stephon Castle 8+ AST,1,
596e3571314889988e240c3edc099686025ae8ce,20260521_145741,2026-05-21T14:57:41-03:00,2026-05-21T17:57:41+00:00,betano,basketball,NBA,props_nba_20260521_145741.csv,San Antonio Spurs Oklahoma City Thunder,san antonio spurs oklahoma city thunder,Stephon Castle,stephon castle,Asistencias (hitos),9+,0.0,2.57,player_assists_hito,AST,over,9,8.5,Stephon Castle 9+ AST,1,
46413a0c92f4cbe9a7cc7b56b376cef28a8a6f20,20260521_145741,2026-05-21T14:57:41-03:00,2026-05-21T17:57:41+00:00,betano,basketball,NBA,props_nba_20260521_145741.csv,San Antonio Spurs Oklahoma City Thunder,san antonio spurs oklahoma city thunder,Stephon Castle,stephon castle,Asistencias (hitos),10+,0.0,3.8,player_assists_hito,AST,over,10,9.5,Stephon Castle 10+ AST,1,
6f668fb903432881eb86b4a8e6269d931c0bfbf1,20260521_145741,2026-05-21T14:57:41-03:00,2026-05-21T17:57:41+00:00,betano,basketball,NBA,props_nba_20260521_145741.csv,San Antonio Spurs Oklahoma City Thunder,san antonio spurs oklahoma city thunder,Stephon Castle,stephon castle,Asistencias (hitos),11+,0.0,5.7,player_assists_hito,AST,over,11,10.5,Stephon Castle 11+ AST,1,
892947c97561c3f915eaa04d8f8570d38e332eb4,20260521_145741,2026-05-21T14:57:41-03:00,2026-05-21T17:57:41+00:00,betano,basketball,NBA,props_nba_20260521_145741.csv,San Antonio Spurs Oklahoma City Thunder,san antonio spurs oklahoma city thunder,Stephon Castle,stephon castle,Asistencias (hitos),12+,0.0,8.5,player_assists_hito,AST,over,12,11.5,Stephon Castle 12+ AST,1,
4693c294729ef0521c199ff8e80729ca546cc6b1,20260521_145741,2026-05-21T14:57:41-03:00,2026-05-21T17:57:41+00:00,betano,basketball,NBA,props_nba_20260521_145741.csv,San Antonio Spurs Oklahoma City Thunder,san antonio spurs oklahoma city thunder,Stephon Castle,stephon castle,Asistencias (hitos),13+,0.0,11.5,player_assists_hito,AST,over,13,12.5,Stephon Castle 13+ AST,1,
1ac7cbcd67910ee5219a45da487ba40cf7cd4560,20260521_145741,2026-05-21T14:57:41-03:00,2026-05-21T17:57:41+00:00,betano,basketball,NBA,props_nba_20260521_145741.csv,San Antonio Spurs Oklahoma City Thunder,san antonio spurs oklahoma city thunder,Stephon Castle,stephon castle,Asistencias (hitos),14+,0.0,15,player_assists_hito,AST,over,14,13.5,Stephon Castle 14+ AST,1,
5e80ff0d09bdbe8308839362f9805db3a3a48323,20260521_145741,2026-05-21T14:57:41-03:00,2026-05-21T17:57:41+00:00,betano,basketball,NBA,props_nba_20260521_145741.csv,San Antonio Spurs Oklahoma City Thunder,san antonio spurs oklahoma city thunder,De'Aaron Fox,de aaron fox,Asistencias (hitos),4+,0.0,1.33,player_assists_hito,AST,over,4,3.5,De'Aaron Fox 4+ AST,1,
5fb2ced548d42a0b61c7ed35bf924d50e31320c7,20260521_145741,2026-05-21T14:57:41-03:00,2026-05-21T17:57:41+00:00,betano,basketball,NBA,props_nba_20260521_145741.csv,San Antonio Spurs Oklahoma City Thunder,san antonio spurs oklahoma city thunder,De'Aaron Fox,de aaron fox,Asistencias (hitos),5+,0.0,1.78,player_assists_hito,AST,over,5,4.5,De'Aaron Fox 5+ AST,1,
22395667a67c21bebdd40e18b9e8d46e8badcf64,20260521_145741,2026-05-21T14:57:41-03:00,2026-05-21T17:57:41+00:00,betano,basketball,NBA,props_nba_20260521_145741.csv,San Antonio Spurs Oklahoma City Thunder,san antonio spurs oklahoma city thunder,De'Aaron Fox,de aaron fox,Asistencias (hitos),6+,0.0,2.6,player_assists_hito,AST,over,6,5.5,De'Aaron Fox 6+ AST,1,
07fc10d3996d0d4a543400adadd5445ac6635ea1,20260521_145741,2026-05-21T14:57:41-03:00,2026-05-21T17:57:41+00:00,betano,basketball,NBA,props_nba_20260521_145741.csv,San Antonio Spurs Oklahoma City Thunder,san antonio spurs oklahoma city thunder,De'Aaron Fox,de aaron fox,Asistencias (hitos),7+,0.0,4.15,player_assists_hito,AST,over,7,6.5,De'Aaron Fox 7+ AST,1,
97331d496a76eb09f063938f5d9eedc979af5273,20260521_145741,2026-05-21T14:57:41-03:00,2026-05-21T17:57:41+00:00,betano,basketball,NBA,props_nba_20260521_145741.csv,San Antonio Spurs Oklahoma City Thunder,san antonio spurs oklahoma city thunder,De'Aaron Fox,de aaron fox,Asistencias (hitos),8+,0.0,6.8,player_assists_hito,AST,over,8,7.5,De'Aaron Fox 8+ AST,1,
9790fc14b9ec1e1c3fb1ad440b9a485f75f7e10d,20260521_145741,2026-05-21T14:57:41-03:00,2026-05-21T17:57:41+00:00,betano,basketball,NBA,props_nba_20260521_145741.csv,San Antonio Spurs Oklahoma City Thunder,san antonio spurs oklahoma city thunder,De'Aaron Fox,de aaron fox,Asistencias (hitos),9+,0.0,10.5,player_assists_hito,AST,over,9,8.5,De'Aaron Fox 9+ AST,1,
1b4324f1fccf325b528f0e43bcebcd1d3d7bb297,20260521_145741,2026-05-21T14:57:41-03:00,2026-05-21T17:57:41+00:00,betano,basketball,NBA,props_nba_20260521_145741.csv,San Antonio Spurs Oklahoma City Thunder,san antonio spurs oklahoma city thunder,Jalen Williams,jalen williams,Asistencias (hitos),3+,0.0,1.28,player_assists_hito,AST,over,3,2.5,Jalen Williams 3+ AST,1,
58bdcea864dfe37ab38765a6faba55bb730853d9,20260521_145741,2026-05-21T14:57:41-03:00,2026-05-21T17:57:41+00:00,betano,basketball,NBA,props_nba_20260521_145741.csv,San Antonio Spurs Oklahoma City Thunder,san antonio spurs oklahoma city thunder,Jalen Williams,jalen williams,Asistencias (hitos),4+,0.0,1.78,player_assists_hito,AST,over,4,3.5,Jalen Williams 4+ AST,1,
09fed93f419f41cafe6cb916d10caa7a00f97b5c,20260521_145741,2026-05-21T14:57:41-03:00,2026-05-21T17:57:41+00:00,betano,basketball,NBA,props_nba_20260521_145741.csv,San Antonio Spurs Oklahoma City Thunder,san antonio spurs oklahoma city thunder,Jalen Williams,jalen williams,Asistencias (hitos),5+,0.0,2.75,player_assists_hito,AST,over,5,4.5,Jalen Williams 5+ AST,1,
71fe4227bfe20f8bbdf015faf19c55de7ea245c6,20260521_145741,2026-05-21T14:57:41-03:00,2026-05-21T17:57:41+00:00,betano,basketball,NBA,props_nba_20260521_145741.csv,San Antonio Spurs Oklahoma City Thunder,san antonio spurs oklahoma city thunder,Jalen Williams,jalen williams,Asistencias (hitos),6+,0.0,4.55,player_assists_hito,AST,over,6,5.5,Jalen Williams 6+ AST,1,
90f4aae04dc9814256edb8f01e05864627312e04,20260521_145741,2026-05-21T14:57:41-03:00,2026-05-21T17:57:41+00:00,betano,basketball,NBA,props_nba_20260521_145741.csv,San Antonio Spurs Oklahoma City Thunder,san antonio spurs oklahoma city thunder,Jalen Williams,jalen williams,Asistencias (hitos),7+,0.0,7.7,player_assists_hito,AST,over,7,6.5,Jalen Williams 7+ AST,1,
d2ed1cc3d128a062fa94f1022ef260f81cac7fe8,20260521_145741,2026-05-21T14:57:41-03:00,2026-05-21T17:57:41+00:00,betano,basketball,NBA,props_nba_20260521_145741.csv,San Antonio Spurs Oklahoma City Thunder,san antonio spurs oklahoma city thunder,Jalen Williams,jalen williams,Asistencias (hitos),8+,0.0,12,player_assists_hito,AST,over,8,7.5,Jalen Williams 8+ AST,1,
f8b8117bfb06bd1cf453f9118077b09d071918e9,20260521_145741,2026-05-21T14:57:41-03:00,2026-05-21T17:57:41+00:00,betano,basketball,NBA,props_nba_20260521_145741.csv,San Antonio Spurs Oklahoma City Thunder,san antonio spurs oklahoma city thunder,Dylan Harper,dylan harper,Asistencias (hitos),3+,0.0,1.31,player_assists_hito,AST,over,3,2.5,Dylan Harper 3+ AST,1,
0c7a29bd4d4a5382780dfdfea29f1a1a1856a77d,20260521_145741,2026-05-21T14:57:41-03:00,2026-05-21T17:57:41+00:00,betano,basketball,NBA,props_nba_20260521_145741.csv,San Antonio Spurs Oklahoma City Thunder,san antonio spurs oklahoma city thunder,Dylan Harper,dylan harper,Asistencias (hitos),4+,0.0,1.83,player_assists_hito,AST,over,4,3.5,Dylan Harper 4+ AST,1,
988bfd4dfcba5f15110fe75cf116e91a47cb0f7d,20260521_145741,2026-05-21T14:57:41-03:00,2026-05-21T17:57:41+00:00,betano,basketball,NBA,props_nba_20260521_145741.csv,San Antonio Spurs Oklahoma City Thunder,san antonio spurs oklahoma city thunder,Dylan Harper,dylan harper,Asistencias (hitos),5+,0.0,2.85,player_assists_hito,AST,over,5,4.5,Dylan Harper 5+ AST,1,
a8d0f9670ab94316bbb3316eb79feb93c526e695,20260521_145741,2026-05-21T14:57:41-03:00,2026-05-21T17:57:41+00:00,betano,basketball,NBA,props_nba_20260521_145741.csv,San Antonio Spurs Oklahoma City Thunder,san antonio spurs oklahoma city thunder,Dylan Harper,dylan harper,Asistencias (hitos),6+,0.0,4.9,player_assists_hito,AST,over,6,5.5,Dylan Harper 6+ AST,1,
2b1c86a13f6b3cae43bbdf32ae9a5f16776878b7,20260521_145741,2026-05-21T14:57:41-03:00,2026-05-21T17:57:41+00:00,betano,basketball,NBA,props_nba_20260521_145741.csv,San Antonio Spurs Oklahoma City Thunder,san antonio spurs oklahoma city thunder,Dylan Harper,dylan harper,Asistencias (hitos),7+,0.0,8.5,player_assists_hito,AST,over,7,6.5,Dylan Harper 7+ AST,1,
7e696b0a4bced71a900f8785e1b44728cb6419f9,20260521_145741,2026-05-21T14:57:41-03:00,2026-05-21T17:57:41+00:00,betano,basketball,NBA,props_nba_20260521_145741.csv,San Antonio Spurs Oklahoma City Thunder,san antonio spurs oklahoma city thunder,Dylan Harper,dylan harper,Asistencias (hitos),8+,0.0,13,player_assists_hito,AST,over,8,7.5,Dylan Harper 8+ AST,1,
e640b7477ed3519709af8a5263d96582ea34edc5,20260521_145741,2026-05-21T14:57:41-03:00,2026-05-21T17:57:41+00:00,betano,basketball,NBA,props_nba_20260521_145741.csv,San Antonio Spurs Oklahoma City Thunder,san antonio spurs oklahoma city thunder,Victor Wembanyama,victor wembanyama,Asistencias (hitos),3+,0.0,1.36,player_assists_hito,AST,over,3,2.5,Victor Wembanyama 3+ AST,1,
41d855325912ad3231fc227481c02e030eb83b1a,20260521_145741,2026-05-21T14:57:41-03:00,2026-05-21T17:57:41+00:00,betano,basketball,NBA,props_nba_20260521_145741.csv,San Antonio Spurs Oklahoma City Thunder,san antonio spurs oklahoma city thunder,Victor Wembanyama,victor wembanyama,Asistencias (hitos),4+,0.0,1.95,player_assists_hito,AST,over,4,3.5,Victor Wembanyama 4+ AST,1,
c1768a2dba10ef7db6f652e785413fe0ec24c52b,20260521_145741,2026-05-21T14:57:41-03:00,2026-05-21T17:57:41+00:00,betano,basketball,NBA,props_nba_20260521_145741.csv,San Antonio Spurs Oklahoma City Thunder,san antonio spurs oklahoma city thunder,Victor Wembanyama,victor wembanyama,Asistencias (hitos),5+,0.0,3.15,player_assists_hito,AST,over,5,4.5,Victor Wembanyama 5+ AST,1,
9c8be3ffe97cb86f261e9cae1a50bd32b367c663,20260521_145741,2026-05-21T14:57:41-03:00,2026-05-21T17:57:41+00:00,betano,basketball,NBA,props_nba_20260521_145741.csv,San Antonio Spurs Oklahoma City Thunder,san antonio spurs oklahoma city thunder,Victor Wembanyama,victor wembanyama,Asistencias (hitos),6+,0.0,5.5,player_assists_hito,AST,over,6,5.5,Victor Wembanyama 6+ AST,1,
60e5ca3b489d39e2d7fb2ab2f380b044d88bc847,20260521_145741,2026-05-21T14:57:41-03:00,2026-05-21T17:57:41+00:00,betano,basketball,NBA,props_nba_20260521_145741.csv,San Antonio Spurs Oklahoma City Thunder,san antonio spurs oklahoma city thunder,Victor Wembanyama,victor wembanyama,Asistencias (hitos),7+,0.0,9.25,player_assists_hito,AST,over,7,6.5,Victor Wembanyama 7+ AST,1,
2044401ad37225dbe571ce63eb0159ff73916dd3,20260521_145741,2026-05-21T14:57:41-03:00,2026-05-21T17:57:41+00:00,betano,basketball,NBA,props_nba_20260521_145741.csv,San Antonio Spurs Oklahoma City Thunder,san antonio spurs oklahoma city thunder,Victor Wembanyama,victor wembanyama,Asistencias (hitos),8+,0.0,14,player_assists_hito,AST,over,8,7.5,Victor Wembanyama 8+ AST,1,
42c467b45f3aa53c6ac03bdc212c5a3ea325c79c,20260521_145741,2026-05-21T14:57:41-03:00,2026-05-21T17:57:41+00:00,betano,basketball,NBA,props_nba_20260521_145741.csv,San Antonio Spurs Oklahoma City Thunder,san antonio spurs oklahoma city thunder,Ajay Mitchell,ajay mitchell,Asistencias (hitos),3+,0.0,1.4,player_assists_hito,AST,over,3,2.5,Ajay Mitchell 3+ AST,1,
049670436d7acf09414e16d3b70693c05745bfa0,20260521_145741,2026-05-21T14:57:41-03:00,2026-05-21T17:57:41+00:00,betano,basketball,NBA,props_nba_20260521_145741.csv,San Antonio Spurs Oklahoma City Thunder,san antonio spurs oklahoma city thunder,Ajay Mitchell,ajay mitchell,Asistencias (hitos),4+,0.0,2.05,player_assists_hito,AST,over,4,3.5,Ajay Mitchell 4+ AST,1,
b07e395badbcfc463e30f36ab1714ca045df4605,20260521_145741,2026-05-21T14:57:41-03:00,2026-05-21T17:57:41+00:00,betano,basketball,NBA,props_nba_20260521_145741.csv,San Antonio Spurs Oklahoma City Thunder,san antonio spurs oklahoma city thunder,Ajay Mitchell,ajay mitchell,Asistencias (hitos),5+,0.0,3.3,player_assists_hito,AST,over,5,4.5,Ajay Mitchell 5+ AST,1,
135339e917fd513f41924cd3075c685005f670e0,20260521_145741,2026-05-21T14:57:41-03:00,2026-05-21T17:57:41+00:00,betano,basketball,NBA,props_nba_20260521_145741.csv,San Antonio Spurs Oklahoma City Thunder,san antonio spurs oklahoma city thunder,Ajay Mitchell,ajay mitchell,Asistencias (hitos),6+,0.0,5.8,player_assists_hito,AST,over,6,5.5,Ajay Mitchell 6+ AST,1,
b1501944e6ffa9c7dd01a952a7e05603043f4bac,20260521_145741,2026-05-21T14:57:41-03:00,2026-05-21T17:57:41+00:00,betano,basketball,NBA,props_nba_20260521_145741.csv,San Antonio Spurs Oklahoma City Thunder,san antonio spurs oklahoma city thunder,Ajay Mitchell,ajay mitchell,Asistencias (hitos),7+,0.0,9.75,player_assists_hito,AST,over,7,6.5,Ajay Mitchell 7+ AST,1,
083de6f7214a0206e71ab3ddfdcbc0c8f71986ef,20260521_145741,2026-05-21T14:57:41-03:00,2026-05-21T17:57:41+00:00,betano,basketball,NBA,props_nba_20260521_145741.csv,San Antonio Spurs Oklahoma City Thunder,san antonio spurs oklahoma city thunder,Ajay Mitchell,ajay mitchell,Asistencias (hitos),8+,0.0,14.5,player_assists_hito,AST,over,8,7.5,Ajay Mitchell 8+ AST,1,
68f93b613941a433050b60faaea38d9c1ad0230d,20260521_145741,2026-05-21T14:57:41-03:00,2026-05-21T17:57:41+00:00,betano,basketball,NBA,props_nba_20260521_145741.csv,San Antonio Spurs Oklahoma City Thunder,san antonio spurs oklahoma city thunder,Devin Vassell,devin vassell,Asistencias (hitos),2+,0.0,1.22,player_assists_hito,AST,over,2,1.5,Devin Vassell 2+ AST,1,
47e01c52cd6ecc4ef664f93862e94f912fa12bc1,20260521_145741,2026-05-21T14:57:41-03:00,2026-05-21T17:57:41+00:00,betano,basketball,NBA,props_nba_20260521_145741.csv,San Antonio Spurs Oklahoma City Thunder,san antonio spurs oklahoma city thunder,Devin Vassell,devin vassell,Asistencias (hitos),3+,0.0,1.75,player_assists_hito,AST,over,3,2.5,Devin Vassell 3+ AST,1,
cd852bcf4e65a41d50b231b40d9c4a18fc4efc67,20260521_145741,2026-05-21T14:57:41-03:00,2026-05-21T17:57:41+00:00,betano,basketball,NBA,props_nba_20260521_145741.csv,San Antonio Spurs Oklahoma City Thunder,san antonio spurs oklahoma city thunder,Devin Vassell,devin vassell,Asistencias (hitos),4+,0.0,2.9,player_assists_hito,AST,over,4,3.5,Devin Vassell 4+ AST,1,
eb9973a618b518d6414db48bc170fc34960dd517,20260521_145741,2026-05-21T14:57:41-03:00,2026-05-21T17:57:41+00:00,betano,basketball,NBA,props_nba_20260521_145741.csv,San Antonio Spurs Oklahoma City Thunder,san antonio spurs oklahoma city thunder,Devin Vassell,devin vassell,Asistencias (hitos),5+,0.0,5.3,player_assists_hito,AST,over,5,4.5,Devin Vassell 5+ AST,1,
2750b6b012ac564b7c0b30b6444776c2e76a0e38,20260521_145741,2026-05-21T14:57:41-03:00,2026-05-21T17:57:41+00:00,betano,basketball,NBA,props_nba_20260521_145741.csv,San Antonio Spurs Oklahoma City Thunder,san antonio spurs oklahoma city thunder,Isaiah Hartenstein,isaiah hartenstein,Asistencias (hitos),2+,0.0,1.29,player_assists_hito,AST,over,2,1.5,Isaiah Hartenstein 2+ AST,1,
1a373de9c641f0f51bd9d55eaf835fdfde935809,20260521_145741,2026-05-21T14:57:41-03:00,2026-05-21T17:57:41+00:00,betano,basketball,NBA,props_nba_20260521_145741.csv,San Antonio Spurs Oklahoma City Thunder,san antonio spurs oklahoma city thunder,Isaiah Hartenstein,isaiah hartenstein,Asistencias (hitos),3+,0.0,1.98,player_assists_hito,AST,over,3,2.5,Isaiah Hartenstein 3+ AST,1,
7bf19ad5682931e69520c825f8d2e9294738b233,20260521_145741,2026-05-21T14:57:41-03:00,2026-05-21T17:57:41+00:00,betano,basketball,NBA,props_nba_20260521_145741.csv,San Antonio Spurs Oklahoma City Thunder,san antonio spurs oklahoma city thunder,Isaiah Hartenstein,isaiah hartenstein,Asistencias (hitos),4+,0.0,3.4,player_assists_hito,AST,over,4,3.5,Isaiah Hartenstein 4+ AST,1,
9026bf0da92c4d3ef7d8679e213fc9e5471ca657,20260521_145741,2026-05-21T14:57:41-03:00,2026-05-21T17:57:41+00:00,betano,basketball,NBA,props_nba_20260521_145741.csv,San Antonio Spurs Oklahoma City Thunder,san antonio spurs oklahoma city thunder,Isaiah Hartenstein,isaiah hartenstein,Asistencias (hitos),5+,0.0,5.7,player_assists_hito,AST,over,5,4.5,Isaiah Hartenstein 5+ AST,1,
dd7f461928ba1ccbe5c76cdee0eb63f749353152,20260521_145741,2026-05-21T14:57:41-03:00,2026-05-21T17:57:41+00:00,betano,basketball,NBA,props_nba_20260521_145741.csv,San Antonio Spurs Oklahoma City Thunder,san antonio spurs oklahoma city thunder,Alex Caruso,alex caruso,Asistencias (hitos),2+,0.0,1.37,player_assists_hito,AST,over,2,1.5,Alex Caruso 2+ AST,1,
a2b77366bc53f63550ae3a46967b191e2cb058ea,20260521_145741,2026-05-21T14:57:41-03:00,2026-05-21T17:57:41+00:00,betano,basketball,NBA,props_nba_20260521_145741.csv,San Antonio Spurs Oklahoma City Thunder,san antonio spurs oklahoma city thunder,Alex Caruso,alex caruso,Asistencias (hitos),3+,0.0,2.2,player_assists_hito,AST,over,3,2.5,Alex Caruso 3+ AST,1,
41cf016636b4c3ed7c8dab543ee7778357848a93,20260521_145741,2026-05-21T14:57:41-03:00,2026-05-21T17:57:41+00:00,betano,basketball,NBA,props_nba_20260521_145741.csv,San Antonio Spurs Oklahoma City Thunder,san antonio spurs oklahoma city thunder,Alex Caruso,alex caruso,Asistencias (hitos),4+,0.0,4,player_assists_hito,AST,over,4,3.5,Alex Caruso 4+ AST,1,
a9804b19a0db50b107f533ac4fd56a09d76b49bd,20260521_145741,2026-05-21T14:57:41-03:00,2026-05-21T17:57:41+00:00,betano,basketball,NBA,props_nba_20260521_145741.csv,San Antonio Spurs Oklahoma City Thunder,san antonio spurs oklahoma city thunder,Alex Caruso,alex caruso,Asistencias (hitos),5+,0.0,7.6,player_assists_hito,AST,over,5,4.5,Alex Caruso 5+ AST,1,
402064198b1a5844fe495ee7fca524bdc8760f77,20260521_145741,2026-05-21T14:57:41-03:00,2026-05-21T17:57:41+00:00,betano,basketball,NBA,props_nba_20260521_145741.csv,San Antonio Spurs Oklahoma City Thunder,san antonio spurs oklahoma city thunder,Cason Wallace,cason wallace,Asistencias (hitos),1+,0.0,1.08,player_assists_hito,AST,over,1,0.5,Cason Wallace 1+ AST,1,
49082997a27c490f7247242e043e15b9f68a0558,20260521_145741,2026-05-21T14:57:41-03:00,2026-05-21T17:57:41+00:00,betano,basketball,NBA,props_nba_20260521_145741.csv,San Antonio Spurs Oklahoma City Thunder,san antonio spurs oklahoma city thunder,Cason Wallace,cason wallace,Asistencias (hitos),2+,0.0,1.52,player_assists_hito,AST,over,2,1.5,Cason Wallace 2+ AST,1,
dd5cc2d40d69b634f84e36e2263351f73eca8887,20260521_145741,2026-05-21T14:57:41-03:00,2026-05-21T17:57:41+00:00,betano,basketball,NBA,props_nba_20260521_145741.csv,San Antonio Spurs Oklahoma City Thunder,san antonio spurs oklahoma city thunder,Cason Wallace,cason wallace,Asistencias (hitos),3+,0.0,2.6,player_assists_hito,AST,over,3,2.5,Cason Wallace 3+ AST,1,
f2a1390a731000ade5eb296943952de994a482c3,20260521_145741,2026-05-21T14:57:41-03:00,2026-05-21T17:57:41+00:00,betano,basketball,NBA,props_nba_20260521_145741.csv,San Antonio Spurs Oklahoma City Thunder,san antonio spurs oklahoma city thunder,Cason Wallace,cason wallace,Asistencias (hitos),4+,0.0,5,player_assists_hito,AST,over,4,3.5,Cason Wallace 4+ AST,1,
dae38c4dbe6b546d80dcec2cb5c855c410ef19ad,20260521_145741,2026-05-21T14:57:41-03:00,2026-05-21T17:57:41+00:00,betano,basketball,NBA,props_nba_20260521_145741.csv,San Antonio Spurs Oklahoma City Thunder,san antonio spurs oklahoma city thunder,Julian Champagnie,julian champagnie,Asistencias (hitos),1+,0.0,1.2,player_assists_hito,AST,over,1,0.5,Julian Champagnie 1+ AST,1,
34585a494d80a72140e52e7b5e8cc2c46dcb988f,20260521_145741,2026-05-21T14:57:41-03:00,2026-05-21T17:57:41+00:00,betano,basketball,NBA,props_nba_20260521_145741.csv,San Antonio Spurs Oklahoma City Thunder,san antonio spurs oklahoma city thunder,Julian Champagnie,julian champagnie,Asistencias (hitos),2+,0.0,2.02,player_assists_hito,AST,over,2,1.5,Julian Champagnie 2+ AST,1,
c6b18968adca12f36f5bab700bc897df8bbe5193,20260521_145741,2026-05-21T14:57:41-03:00,2026-05-21T17:57:41+00:00,betano,basketball,NBA,props_nba_20260521_145741.csv,San Antonio Spurs Oklahoma City Thunder,san antonio spurs oklahoma city thunder,Julian Champagnie,julian champagnie,Asistencias (hitos),3+,0.0,4.2,player_assists_hito,AST,over,3,2.5,Julian Champagnie 3+ AST,1,
3527028fa815c85736ffaba5376cf1a75c765a23,20260521_145741,2026-05-21T14:57:41-03:00,2026-05-21T17:57:41+00:00,betano,basketball,NBA,props_nba_20260521_145741.csv,San Antonio Spurs Oklahoma City Thunder,san antonio spurs oklahoma city thunder,Julian Champagnie,julian champagnie,Asistencias (hitos),4+,0.0,9,player_assists_hito,AST,over,4,3.5,Julian Champagnie 4+ AST,1,
d566f451ae8153bfab0771181f24627cd139cd11,20260521_145741,2026-05-21T14:57:41-03:00,2026-05-21T17:57:41+00:00,betano,basketball,NBA,props_nba_20260521_145741.csv,San Antonio Spurs Oklahoma City Thunder,san antonio spurs oklahoma city thunder,Victor Wembanyama,victor wembanyama,Rebotes (hitos),13+,0.0,1.35,player_rebounds_hito,REB,over,13,12.5,Victor Wembanyama 13+ REB,1,
51e8777cbd460a2d84a90c327a56fc78bed6d99c,20260521_145741,2026-05-21T14:57:41-03:00,2026-05-21T17:57:41+00:00,betano,basketball,NBA,props_nba_20260521_145741.csv,San Antonio Spurs Oklahoma City Thunder,san antonio spurs oklahoma city thunder,Victor Wembanyama,victor wembanyama,Rebotes (hitos),15+,0.0,1.91,player_rebounds_hito,REB,over,15,14.5,Victor Wembanyama 15+ REB,1,
27efcf6d4f783c750e7f3bdf39df539590c5d5b5,20260521_145741,2026-05-21T14:57:41-03:00,2026-05-21T17:57:41+00:00,betano,basketball,NBA,props_nba_20260521_145741.csv,San Antonio Spurs Oklahoma City Thunder,san antonio spurs oklahoma city thunder,Victor Wembanyama,victor wembanyama,Rebotes (hitos),17+,0.0,3.1,player_rebounds_hito,REB,over,17,16.5,Victor Wembanyama 17+ REB,1,
ec3ce7c2628dce8b15d493c3b60411ab10dc1bc9,20260521_145741,2026-05-21T14:57:41-03:00,2026-05-21T17:57:41+00:00,betano,basketball,NBA,props_nba_20260521_145741.csv,San Antonio Spurs Oklahoma City Thunder,san antonio spurs oklahoma city thunder,Victor Wembanyama,victor wembanyama,Rebotes (hitos),19+,0.0,5.4,player_rebounds_hito,REB,over,19,18.5,Victor Wembanyama 19+ REB,1,
14ac9d93fcc2d1c7ca639b018d7c2bf12f4f308d,20260521_145741,2026-05-21T14:57:41-03:00,2026-05-21T17:57:41+00:00,betano,basketball,NBA,props_nba_20260521_145741.csv,San Antonio Spurs Oklahoma City Thunder,san antonio spurs oklahoma city thunder,Victor Wembanyama,victor wembanyama,Rebotes (hitos),21+,0.0,9.75,player_rebounds_hito,REB,over,21,20.5,Victor Wembanyama 21+ REB,1,
d222396cd5d42427a51b501a8d9025d3fddbaf39,20260521_145741,2026-05-21T14:57:41-03:00,2026-05-21T17:57:41+00:00,betano,basketball,NBA,props_nba_20260521_145741.csv,San Antonio Spurs Oklahoma City Thunder,san antonio spurs oklahoma city thunder,Victor Wembanyama,victor wembanyama,Rebotes (hitos),23+,0.0,15,player_rebounds_hito,REB,over,23,22.5,Victor Wembanyama 23+ REB,1,
c6f332515140c122c9263a5bda537988404c346b,20260521_145741,2026-05-21T14:57:41-03:00,2026-05-21T17:57:41+00:00,betano,basketball,NBA,props_nba_20260521_145741.csv,San Antonio Spurs Oklahoma City Thunder,san antonio spurs oklahoma city thunder,Victor Wembanyama,victor wembanyama,Rebotes (hitos),25+,0.0,18,player_rebounds_hito,REB,over,25,24.5,Victor Wembanyama 25+ REB,1,
75fc2e98cfd314467cb1af7290c85c8ba2659533,20260521_145741,2026-05-21T14:57:41-03:00,2026-05-21T17:57:41+00:00,betano,basketball,NBA,props_nba_20260521_145741.csv,San Antonio Spurs Oklahoma City Thunder,san antonio spurs oklahoma city thunder,Isaiah Hartenstein,isaiah hartenstein,Rebotes (hitos),8+,0.0,1.34,player_rebounds_hito,REB,over,8,7.5,Isaiah Hartenstein 8+ REB,1,
fc74d69def3cfeea99400a5b6b115ac71c94e6d2,20260521_145741,2026-05-21T14:57:41-03:00,2026-05-21T17:57:41+00:00,betano,basketball,NBA,props_nba_20260521_145741.csv,San Antonio Spurs Oklahoma City Thunder,san antonio spurs oklahoma city thunder,Isaiah Hartenstein,isaiah hartenstein,Rebotes (hitos),9+,0.0,1.65,player_rebounds_hito,REB,over,9,8.5,Isaiah Hartenstein 9+ REB,1,
b7c02d97e06f9c32bab5cbe581b7d0365bdf4bcb,20260521_145741,2026-05-21T14:57:41-03:00,2026-05-21T17:57:41+00:00,betano,basketball,NBA,props_nba_20260521_145741.csv,San Antonio Spurs Oklahoma City Thunder,san antonio spurs oklahoma city thunder,Isaiah Hartenstein,isaiah hartenstein,Rebotes (hitos),10+,0.0,2.12,player_rebounds_hito,REB,over,10,9.5,Isaiah Hartenstein 10+ REB,1,
29578e9d718afc2fb7d5a17276d9dab4fb3920a1,20260521_145741,2026-05-21T14:57:41-03:00,2026-05-21T17:57:41+00:00,betano,basketball,NBA,props_nba_20260521_145741.csv,San Antonio Spurs Oklahoma City Thunder,san antonio spurs oklahoma city thunder,Isaiah Hartenstein,isaiah hartenstein,Rebotes (hitos),11+,0.0,2.85,player_rebounds_hito,REB,over,11,10.5,Isaiah Hartenstein 11+ REB,1,
b0d7991a6d48e42d65378e7487410498fe4fc12a,20260521_145741,2026-05-21T14:57:41-03:00,2026-05-21T17:57:41+00:00,betano,basketball,NBA,props_nba_20260521_145741.csv,San Antonio Spurs Oklahoma City Thunder,san antonio spurs oklahoma city thunder,Isaiah Hartenstein,isaiah hartenstein,Rebotes (hitos),12+,0.0,3.85,player_rebounds_hito,REB,over,12,11.5,Isaiah Hartenstein 12+ REB,1,
7aac38e6f9f402a64ce65ece23f8ef9972baa862,20260521_145741,2026-05-21T14:57:41-03:00,2026-05-21T17:57:41+00:00,betano,basketball,NBA,props_nba_20260521_145741.csv,San Antonio Spurs Oklahoma City Thunder,san antonio spurs oklahoma city thunder,Isaiah Hartenstein,isaiah hartenstein,Rebotes (hitos),13+,0.0,5.1,player_rebounds_hito,REB,over,13,12.5,Isaiah Hartenstein 13+ REB,1,
cb837369b3564815571218340a2f7a02352e35d6,20260521_145741,2026-05-21T14:57:41-03:00,2026-05-21T17:57:41+00:00,betano,basketball,NBA,props_nba_20260521_145741.csv,San Antonio Spurs Oklahoma City Thunder,san antonio spurs oklahoma city thunder,Isaiah Hartenstein,isaiah hartenstein,Rebotes (hitos),14+,0.0,6.5,player_rebounds_hito,REB,over,14,13.5,Isaiah Hartenstein 14+ REB,1,
bbb267945f453bf0d7da1d0e457e56e9c3ba9d9e,20260521_145741,2026-05-21T14:57:41-03:00,2026-05-21T17:57:41+00:00,betano,basketball,NBA,props_nba_20260521_145741.csv,San Antonio Spurs Oklahoma City Thunder,san antonio spurs oklahoma city thunder,Isaiah Hartenstein,isaiah hartenstein,Rebotes (hitos),15+,0.0,13.5,player_rebounds_hito,REB,over,15,14.5,Isaiah Hartenstein 15+ REB,1,
255f5b92499bc0eba4b6a9cc92c0ec3759b537bf,20260521_145741,2026-05-21T14:57:41-03:00,2026-05-21T17:57:41+00:00,betano,basketball,NBA,props_nba_20260521_145741.csv,San Antonio Spurs Oklahoma City Thunder,san antonio spurs oklahoma city thunder,Chet Holmgren,chet holmgren,Rebotes (hitos),8+,0.0,1.57,player_rebounds_hito,REB,over,8,7.5,Chet Holmgren 8+ REB,1,
e2a09b16c5b00a8f3242ee3add27d63aad38709f,20260521_145741,2026-05-21T14:57:41-03:00,2026-05-21T17:57:41+00:00,betano,basketball,NBA,props_nba_20260521_145741.csv,San Antonio Spurs Oklahoma City Thunder,san antonio spurs oklahoma city thunder,Chet Holmgren,chet holmgren,Rebotes (hitos),9+,0.0,2,player_rebounds_hito,REB,over,9,8.5,Chet Holmgren 9+ REB,1,
9e14a3a8cd4259748b4a364ab3876fb5431a2d62,20260521_145741,2026-05-21T14:57:41-03:00,2026-05-21T17:57:41+00:00,betano,basketball,NBA,props_nba_20260521_145741.csv,San Antonio Spurs Oklahoma City Thunder,san antonio spurs oklahoma city thunder,Chet Holmgren,chet holmgren,Rebotes (hitos),10+,0.0,2.72,player_rebounds_hito,REB,over,10,9.5,Chet Holmgren 10+ REB,1,
fd9b09b54540c06957eed1a64abca403cfd113d3,20260521_145741,2026-05-21T14:57:41-03:00,2026-05-21T17:57:41+00:00,betano,basketball,NBA,props_nba_20260521_145741.csv,San Antonio Spurs Oklahoma City Thunder,san antonio spurs oklahoma city thunder,Chet Holmgren,chet holmgren,Rebotes (hitos),11+,0.0,3.9,player_rebounds_hito,REB,over,11,10.5,Chet Holmgren 11+ REB,1,
6450d4d9b144571438ac2550fccebdf8704dc99d,20260521_145741,2026-05-21T14:57:41-03:00,2026-05-21T17:57:41+00:00,betano,basketball,NBA,props_nba_20260521_145741.csv,San Antonio Spurs Oklahoma City Thunder,san antonio spurs oklahoma city thunder,Chet Holmgren,chet holmgren,Rebotes (hitos),12+,0.0,5.7,player_rebounds_hito,REB,over,12,11.5,Chet Holmgren 12+ REB,1,
62f5d5c5b766e54ee51a5fdb6de5a53f8b49bca7,20260521_145741,2026-05-21T14:57:41-03:00,2026-05-21T17:57:41+00:00,betano,basketball,NBA,props_nba_20260521_145741.csv,San Antonio Spurs Oklahoma City Thunder,san antonio spurs oklahoma city thunder,Chet Holmgren,chet holmgren,Rebotes (hitos),13+,0.0,8.25,player_rebounds_hito,REB,over,13,12.5,Chet Holmgren 13+ REB,1,
123faed2ff0648d27e0a3057d2a0a5dc524c0257,20260521_145741,2026-05-21T14:57:41-03:00,2026-05-21T17:57:41+00:00,betano,basketball,NBA,props_nba_20260521_145741.csv,San Antonio Spurs Oklahoma City Thunder,san antonio spurs oklahoma city thunder,Chet Holmgren,chet holmgren,Rebotes (hitos),14+,0.0,11.25,player_rebounds_hito,REB,over,14,13.5,Chet Holmgren 14+ REB,1,
ec0461ee81166dfabc7082e2b51f4d64baa1dc12,20260521_145741,2026-05-21T14:57:41-03:00,2026-05-21T17:57:41+00:00,betano,basketball,NBA,props_nba_20260521_145741.csv,San Antonio Spurs Oklahoma City Thunder,san antonio spurs oklahoma city thunder,Chet Holmgren,chet holmgren,Rebotes (hitos),15+,0.0,14.5,player_rebounds_hito,REB,over,15,14.5,Chet Holmgren 15+ REB,1,
749f6c4a0567147845404ef92864f6dc857453ec,20260521_145741,2026-05-21T14:57:41-03:00,2026-05-21T17:57:41+00:00,betano,basketball,NBA,props_nba_20260521_145741.csv,San Antonio Spurs Oklahoma City Thunder,san antonio spurs oklahoma city thunder,Julian Champagnie,julian champagnie,Rebotes (hitos),5+,0.0,1.4,player_rebounds_hito,REB,over,5,4.5,Julian Champagnie 5+ REB,1,
771e1eabca251d34a3cd0035eed4df2f05a864c6,20260521_145741,2026-05-21T14:57:41-03:00,2026-05-21T17:57:41+00:00,betano,basketball,NBA,props_nba_20260521_145741.csv,San Antonio Spurs Oklahoma City Thunder,san antonio spurs oklahoma city thunder,Julian Champagnie,julian champagnie,Rebotes (hitos),6+,0.0,1.87,player_rebounds_hito,REB,over,6,5.5,Julian Champagnie 6+ REB,1,
5c10e423d59e327ff6820a02d53b88fe90f0cbb6,20260521_145741,2026-05-21T14:57:41-03:00,2026-05-21T17:57:41+00:00,betano,basketball,NBA,props_nba_20260521_145741.csv,San Antonio Spurs Oklahoma City Thunder,san antonio spurs oklahoma city thunder,Julian Champagnie,julian champagnie,Rebotes (hitos),7+,0.0,2.67,player_rebounds_hito,REB,over,7,6.5,Julian Champagnie 7+ REB,1,
14404d8faba3b208e6c700c5eeaa2ce85f9c5b97,20260521_145741,2026-05-21T14:57:41-03:00,2026-05-21T17:57:41+00:00,betano,basketball,NBA,props_nba_20260521_145741.csv,San Antonio Spurs Oklahoma City Thunder,san antonio spurs oklahoma city thunder,Julian Champagnie,julian champagnie,Rebotes (hitos),8+,0.0,4,player_rebounds_hito,REB,over,8,7.5,Julian Champagnie 8+ REB,1,
e5a19b26fda8d7fd1a12fb3ee71a13aaf16e3de4,20260521_145741,2026-05-21T14:57:41-03:00,2026-05-21T17:57:41+00:00,betano,basketball,NBA,props_nba_20260521_145741.csv,San Antonio Spurs Oklahoma City Thunder,san antonio spurs oklahoma city thunder,Julian Champagnie,julian champagnie,Rebotes (hitos),9+,0.0,6.3,player_rebounds_hito,REB,over,9,8.5,Julian Champagnie 9+ REB,1,
7fbbd36cc4fbe523f89c66e380f931dc95aef730,20260521_145741,2026-05-21T14:57:41-03:00,2026-05-21T17:57:41+00:00,betano,basketball,NBA,props_nba_20260521_145741.csv,San Antonio Spurs Oklahoma City Thunder,san antonio spurs oklahoma city thunder,Julian Champagnie,julian champagnie,Rebotes (hitos),10+,0.0,9.5,player_rebounds_hito,REB,over,10,9.5,Julian Champagnie 10+ REB,1,
d0e6ddb70ac623c59c8ce9af473bb2cf0b512c29,20260521_145741,2026-05-21T14:57:41-03:00,2026-05-21T17:57:41+00:00,betano,basketball,NBA,props_nba_20260521_145741.csv,San Antonio Spurs Oklahoma City Thunder,san antonio spurs oklahoma city thunder,Stephon Castle,stephon castle,Rebotes (hitos),5+,0.0,1.47,player_rebounds_hito,REB,over,5,4.5,Stephon Castle 5+ REB,1,
6928a396e941561f7fb33897ec084e6e7c0a8bee,20260521_145741,2026-05-21T14:57:41-03:00,2026-05-21T17:57:41+00:00,betano,basketball,NBA,props_nba_20260521_145741.csv,San Antonio Spurs Oklahoma City Thunder,san antonio spurs oklahoma city thunder,Stephon Castle,stephon castle,Rebotes (hitos),6+,0.0,2,player_rebounds_hito,REB,over,6,5.5,Stephon Castle 6+ REB,1,
19cee9a0434501481cf8ebf4767be0f430e56ac8,20260521_145741,2026-05-21T14:57:41-03:00,2026-05-21T17:57:41+00:00,betano,basketball,NBA,props_nba_20260521_145741.csv,San Antonio Spurs Oklahoma City Thunder,san antonio spurs oklahoma city thunder,Stephon Castle,stephon castle,Rebotes (hitos),7+,0.0,2.92,player_rebounds_hito,REB,over,7,6.5,Stephon Castle 7+ REB,1,
6673eb58b9de077cb7c2002243f5f62724c15acc,20260521_145741,2026-05-21T14:57:41-03:00,2026-05-21T17:57:41+00:00,betano,basketball,NBA,props_nba_20260521_145741.csv,San Antonio Spurs Oklahoma City Thunder,san antonio spurs oklahoma city thunder,Stephon Castle,stephon castle,Rebotes (hitos),8+,0.0,4.5,player_rebounds_hito,REB,over,8,7.5,Stephon Castle 8+ REB,1,
008260e9064541612497449e3fe3d8909e2c5765,20260521_145741,2026-05-21T14:57:41-03:00,2026-05-21T17:57:41+00:00,betano,basketball,NBA,props_nba_20260521_145741.csv,San Antonio Spurs Oklahoma City Thunder,san antonio spurs oklahoma city thunder,Stephon Castle,stephon castle,Rebotes (hitos),9+,0.0,7,player_rebounds_hito,REB,over,9,8.5,Stephon Castle 9+ REB,1,
1d37df5d8eb06e1635836cdeab826367c1310c38,20260521_145741,2026-05-21T14:57:41-03:00,2026-05-21T17:57:41+00:00,betano,basketball,NBA,props_nba_20260521_145741.csv,San Antonio Spurs Oklahoma City Thunder,san antonio spurs oklahoma city thunder,Stephon Castle,stephon castle,Rebotes (hitos),10+,0.0,10.5,player_rebounds_hito,REB,over,10,9.5,Stephon Castle 10+ REB,1,
b3e995328067d50a6b447d049ad3d8f5c8ca2e92,20260521_145741,2026-05-21T14:57:41-03:00,2026-05-21T17:57:41+00:00,betano,basketball,NBA,props_nba_20260521_145741.csv,San Antonio Spurs Oklahoma City Thunder,san antonio spurs oklahoma city thunder,Dylan Harper,dylan harper,Rebotes (hitos),4+,0.0,1.42,player_rebounds_hito,REB,over,4,3.5,Dylan Harper 4+ REB,1,
b2d638f65c7440f13fa7aa1a4d69a975cab7a393,20260521_145741,2026-05-21T14:57:41-03:00,2026-05-21T17:57:41+00:00,betano,basketball,NBA,props_nba_20260521_145741.csv,San Antonio Spurs Oklahoma City Thunder,san antonio spurs oklahoma city thunder,Dylan Harper,dylan harper,Rebotes (hitos),5+,0.0,1.95,player_rebounds_hito,REB,over,5,4.5,Dylan Harper 5+ REB,1,
98a2188a31c1598d1b36f0c6da8be37257cd5dae,20260521_145741,2026-05-21T14:57:41-03:00,2026-05-21T17:57:41+00:00,betano,basketball,NBA,props_nba_20260521_145741.csv,San Antonio Spurs Oklahoma City Thunder,san antonio spurs oklahoma city thunder,Dylan Harper,dylan harper,Rebotes (hitos),6+,0.0,2.92,player_rebounds_hito,REB,over,6,5.5,Dylan Harper 6+ REB,1,
14c43c44cd233297087f504e057440600ef8a080,20260521_145741,2026-05-21T14:57:41-03:00,2026-05-21T17:57:41+00:00,betano,basketball,NBA,props_nba_20260521_145741.csv,San Antonio Spurs Oklahoma City Thunder,san antonio spurs oklahoma city thunder,Dylan Harper,dylan harper,Rebotes (hitos),7+,0.0,4.75,player_rebounds_hito,REB,over,7,6.5,Dylan Harper 7+ REB,1,
abbf1593ba45dae35f0d4c02bf91a2eb63652202,20260521_145741,2026-05-21T14:57:41-03:00,2026-05-21T17:57:41+00:00,betano,basketball,NBA,props_nba_20260521_145741.csv,San Antonio Spurs Oklahoma City Thunder,san antonio spurs oklahoma city thunder,Dylan Harper,dylan harper,Rebotes (hitos),8+,0.0,7.7,player_rebounds_hito,REB,over,8,7.5,Dylan Harper 8+ REB,1,
adf7dc22c4ee4ad91c2ca075b2d19132ae43977f,20260521_145741,2026-05-21T14:57:41-03:00,2026-05-21T17:57:41+00:00,betano,basketball,NBA,props_nba_20260521_145741.csv,San Antonio Spurs Oklahoma City Thunder,san antonio spurs oklahoma city thunder,Dylan Harper,dylan harper,Rebotes (hitos),9+,0.0,11.75,player_rebounds_hito,REB,over,9,8.5,Dylan Harper 9+ REB,1,
30cc858405113ae53a70cbaedf5b02839c0d1f49,20260521_145741,2026-05-21T14:57:41-03:00,2026-05-21T17:57:41+00:00,betano,basketball,NBA,props_nba_20260521_145741.csv,San Antonio Spurs Oklahoma City Thunder,san antonio spurs oklahoma city thunder,Devin Vassell,devin vassell,Rebotes (hitos),4+,0.0,1.45,player_rebounds_hito,REB,over,4,3.5,Devin Vassell 4+ REB,1,
d1bb9e831c4559329382af400702354a1f95b073,20260521_145741,2026-05-21T14:57:41-03:00,2026-05-21T17:57:41+00:00,betano,basketball,NBA,props_nba_20260521_145741.csv,San Antonio Spurs Oklahoma City Thunder,san antonio spurs oklahoma city thunder,Devin Vassell,devin vassell,Rebotes (hitos),5+,0.0,2.02,player_rebounds_hito,REB,over,5,4.5,Devin Vassell 5+ REB,1,
bf1974341bfcf4bd0384650404ab5c04d2bad258,20260521_145741,2026-05-21T14:57:41-03:00,2026-05-21T17:57:41+00:00,betano,basketball,NBA,props_nba_20260521_145741.csv,San Antonio Spurs Oklahoma City Thunder,san antonio spurs oklahoma city thunder,Devin Vassell,devin vassell,Rebotes (hitos),6+,0.0,3.1,player_rebounds_hito,REB,over,6,5.5,Devin Vassell 6+ REB,1,
1784c90c5b79ce36d50229a7ee4706a836530d9f,20260521_145741,2026-05-21T14:57:41-03:00,2026-05-21T17:57:41+00:00,betano,basketball,NBA,props_nba_20260521_145741.csv,San Antonio Spurs Oklahoma City Thunder,san antonio spurs oklahoma city thunder,Devin Vassell,devin vassell,Rebotes (hitos),7+,0.0,5,player_rebounds_hito,REB,over,7,6.5,Devin Vassell 7+ REB,1,
92c5ecaffa41fe74861c2fba3b380afec5878194,20260521_145741,2026-05-21T14:57:41-03:00,2026-05-21T17:57:41+00:00,betano,basketball,NBA,props_nba_20260521_145741.csv,San Antonio Spurs Oklahoma City Thunder,san antonio spurs oklahoma city thunder,Devin Vassell,devin vassell,Rebotes (hitos),8+,0.0,8,player_rebounds_hito,REB,over,8,7.5,Devin Vassell 8+ REB,1,
ee834130bb60b9d62626e08fe4cdc61f3ee7e553,20260521_145741,2026-05-21T14:57:41-03:00,2026-05-21T17:57:41+00:00,betano,basketball,NBA,props_nba_20260521_145741.csv,San Antonio Spurs Oklahoma City Thunder,san antonio spurs oklahoma city thunder,Devin Vassell,devin vassell,Rebotes (hitos),9+,0.0,12,player_rebounds_hito,REB,over,9,8.5,Devin Vassell 9+ REB,1,
2d73b0f6b6dffb2ba3f13ffaab06978131a77941,20260521_145741,2026-05-21T14:57:41-03:00,2026-05-21T17:57:41+00:00,betano,basketball,NBA,props_nba_20260521_145741.csv,San Antonio Spurs Oklahoma City Thunder,san antonio spurs oklahoma city thunder,Keldon Johnson,keldon johnson,Rebotes (hitos),4+,0.0,1.47,player_rebounds_hito,REB,over,4,3.5,Keldon Johnson 4+ REB,1,
eb5acf5403711ad5910fbf332bc026e7b94ae25f,20260521_145741,2026-05-21T14:57:41-03:00,2026-05-21T17:57:41+00:00,betano,basketball,NBA,props_nba_20260521_145741.csv,San Antonio Spurs Oklahoma City Thunder,san antonio spurs oklahoma city thunder,Keldon Johnson,keldon johnson,Rebotes (hitos),5+,0.0,2.1,player_rebounds_hito,REB,over,5,4.5,Keldon Johnson 5+ REB,1,
aeffaf0d596225f2a16ae556ded43953f51ca4d6,20260521_145741,2026-05-21T14:57:41-03:00,2026-05-21T17:57:41+00:00,betano,basketball,NBA,props_nba_20260521_145741.csv,San Antonio Spurs Oklahoma City Thunder,san antonio spurs oklahoma city thunder,Keldon Johnson,keldon johnson,Rebotes (hitos),6+,0.0,3.25,player_rebounds_hito,REB,over,6,5.5,Keldon Johnson 6+ REB,1,
05e256ec31231d3735d21dc6f7d1dad488b37896,20260521_145741,2026-05-21T14:57:41-03:00,2026-05-21T17:57:41+00:00,betano,basketball,NBA,props_nba_20260521_145741.csv,San Antonio Spurs Oklahoma City Thunder,san antonio spurs oklahoma city thunder,Keldon Johnson,keldon johnson,Rebotes (hitos),7+,0.0,5.3,player_rebounds_hito,REB,over,7,6.5,Keldon Johnson 7+ REB,1,
daa32deaff1a8578a142b2d929e13613371f8844,20260521_145741,2026-05-21T14:57:41-03:00,2026-05-21T17:57:41+00:00,betano,basketball,NBA,props_nba_20260521_145741.csv,San Antonio Spurs Oklahoma City Thunder,san antonio spurs oklahoma city thunder,Keldon Johnson,keldon johnson,Rebotes (hitos),8+,0.0,8.5,player_rebounds_hito,REB,over,8,7.5,Keldon Johnson 8+ REB,1,
3fe8914f6ea6d8e3005ee0ba68283cba351c6b5c,20260521_145741,2026-05-21T14:57:41-03:00,2026-05-21T17:57:41+00:00,betano,basketball,NBA,props_nba_20260521_145741.csv,San Antonio Spurs Oklahoma City Thunder,san antonio spurs oklahoma city thunder,Keldon Johnson,keldon johnson,Rebotes (hitos),9+,0.0,13,player_rebounds_hito,REB,over,9,8.5,Keldon Johnson 9+ REB,1,
b1dceece2d6d78c8e5ce83a2a4bc82626058eebd,20260521_145741,2026-05-21T14:57:41-03:00,2026-05-21T17:57:41+00:00,betano,basketball,NBA,props_nba_20260521_145741.csv,San Antonio Spurs Oklahoma City Thunder,san antonio spurs oklahoma city thunder,Alex Caruso,alex caruso,Rebotes (hitos),3+,0.0,1.21,player_rebounds_hito,REB,over,3,2.5,Alex Caruso 3+ REB,1,
662622ed4f3bd906aa30bcd0bdb2beec7d77c9c8,20260521_145741,2026-05-21T14:57:41-03:00,2026-05-21T17:57:41+00:00,betano,basketball,NBA,props_nba_20260521_145741.csv,San Antonio Spurs Oklahoma City Thunder,san antonio spurs oklahoma city thunder,Alex Caruso,alex caruso,Rebotes (hitos),4+,0.0,1.62,player_rebounds_hito,REB,over,4,3.5,Alex Caruso 4+ REB,1,
eae04f55d6ba04d9a9448538e9d77d7b6af59033,20260521_145741,2026-05-21T14:57:41-03:00,2026-05-21T17:57:41+00:00,betano,basketball,NBA,props_nba_20260521_145741.csv,San Antonio Spurs Oklahoma City Thunder,san antonio spurs oklahoma city thunder,Alex Caruso,alex caruso,Rebotes (hitos),5+,0.0,2.42,player_rebounds_hito,REB,over,5,4.5,Alex Caruso 5+ REB,1,
036051a2db2d862ef6922f739a86c9cf817c25a9,20260521_145741,2026-05-21T14:57:41-03:00,2026-05-21T17:57:41+00:00,betano,basketball,NBA,props_nba_20260521_145741.csv,San Antonio Spurs Oklahoma City Thunder,san antonio spurs oklahoma city thunder,Alex Caruso,alex caruso,Rebotes (hitos),6+,0.0,3.75,player_rebounds_hito,REB,over,6,5.5,Alex Caruso 6+ REB,1,
9b52b58b1d28bfc88bcbf3c247748025938c4a2e,20260521_145741,2026-05-21T14:57:41-03:00,2026-05-21T17:57:41+00:00,betano,basketball,NBA,props_nba_20260521_145741.csv,San Antonio Spurs Oklahoma City Thunder,san antonio spurs oklahoma city thunder,Alex Caruso,alex caruso,Rebotes (hitos),7+,0.0,5.7,player_rebounds_hito,REB,over,7,6.5,Alex Caruso 7+ REB,1,
bc34cd25b8c1b42bc4755945fa9bace9c77fb10a,20260521_145741,2026-05-21T14:57:41-03:00,2026-05-21T17:57:41+00:00,betano,basketball,NBA,props_nba_20260521_145741.csv,San Antonio Spurs Oklahoma City Thunder,san antonio spurs oklahoma city thunder,Alex Caruso,alex caruso,Rebotes (hitos),8+,0.0,7.8,player_rebounds_hito,REB,over,8,7.5,Alex Caruso 8+ REB,1,
e8b11a26ee5f1e9aa796603d770a76a5724536a9,20260521_145741,2026-05-21T14:57:41-03:00,2026-05-21T17:57:41+00:00,betano,basketball,NBA,props_nba_20260521_145741.csv,San Antonio Spurs Oklahoma City Thunder,san antonio spurs oklahoma city thunder,Shai Gilgeous-Alexander,shai gilgeous alexander,Rebotes (hitos),3+,0.0,1.21,player_rebounds_hito,REB,over,3,2.5,Shai Gilgeous-Alexander 3+ REB,1,
fe49e6349774924fbbd7f7afd76567927a7312d8,20260521_145741,2026-05-21T14:57:41-03:00,2026-05-21T17:57:41+00:00,betano,basketball,NBA,props_nba_20260521_145741.csv,San Antonio Spurs Oklahoma City Thunder,san antonio spurs oklahoma city thunder,Shai Gilgeous-Alexander,shai gilgeous alexander,Rebotes (hitos),4+,0.0,1.57,player_rebounds_hito,REB,over,4,3.5,Shai Gilgeous-Alexander 4+ REB,1,
8242acf0510becf956a76ec5f6ab2d864ba80255,20260521_145741,2026-05-21T14:57:41-03:00,2026-05-21T17:57:41+00:00,betano,basketball,NBA,props_nba_20260521_145741.csv,San Antonio Spurs Oklahoma City Thunder,san antonio spurs oklahoma city thunder,Shai Gilgeous-Alexander,shai gilgeous alexander,Rebotes (hitos),5+,0.0,2.32,player_rebounds_hito,REB,over,5,4.5,Shai Gilgeous-Alexander 5+ REB,1,
63c3a356758e6bfea328d9a1be127e542ca21266,20260521_145741,2026-05-21T14:57:41-03:00,2026-05-21T17:57:41+00:00,betano,basketball,NBA,props_nba_20260521_145741.csv,San Antonio Spurs Oklahoma City Thunder,san antonio spurs oklahoma city thunder,Shai Gilgeous-Alexander,shai gilgeous alexander,Rebotes (hitos),6+,0.0,3.7,player_rebounds_hito,REB,over,6,5.5,Shai Gilgeous-Alexander 6+ REB,1,
c843646fb9aa5734dee2d5eb3153f94633ed0f77,20260521_145741,2026-05-21T14:57:41-03:00,2026-05-21T17:57:41+00:00,betano,basketball,NBA,props_nba_20260521_145741.csv,San Antonio Spurs Oklahoma City Thunder,san antonio spurs oklahoma city thunder,Shai Gilgeous-Alexander,shai gilgeous alexander,Rebotes (hitos),7+,0.0,6.2,player_rebounds_hito,REB,over,7,6.5,Shai Gilgeous-Alexander 7+ REB,1,
8887ce87d4e031629f523e720507ec14ca763b9e,20260521_145741,2026-05-21T14:57:41-03:00,2026-05-21T17:57:41+00:00,betano,basketball,NBA,props_nba_20260521_145741.csv,San Antonio Spurs Oklahoma City Thunder,san antonio spurs oklahoma city thunder,Shai Gilgeous-Alexander,shai gilgeous alexander,Rebotes (hitos),8+,0.0,10,player_rebounds_hito,REB,over,8,7.5,Shai Gilgeous-Alexander 8+ REB,1,
e06fc46fd8e84da2713db11a8c60fecb347bb8e2,20260521_145741,2026-05-21T14:57:41-03:00,2026-05-21T17:57:41+00:00,betano,basketball,NBA,props_nba_20260521_145741.csv,San Antonio Spurs Oklahoma City Thunder,san antonio spurs oklahoma city thunder,Jalen Williams,jalen williams,Rebotes (hitos),3+,0.0,1.26,player_rebounds_hito,REB,over,3,2.5,Jalen Williams 3+ REB,1,
6b6b0b7a878e02d0518e96565f342916e084cf01,20260521_145741,2026-05-21T14:57:41-03:00,2026-05-21T17:57:41+00:00,betano,basketball,NBA,props_nba_20260521_145741.csv,San Antonio Spurs Oklahoma City Thunder,san antonio spurs oklahoma city thunder,Jalen Williams,jalen williams,Rebotes (hitos),4+,0.0,1.67,player_rebounds_hito,REB,over,4,3.5,Jalen Williams 4+ REB,1,
3b6f5f809dc78d87c57914c0d91fbc5610563872,20260521_145741,2026-05-21T14:57:41-03:00,2026-05-21T17:57:41+00:00,betano,basketball,NBA,props_nba_20260521_145741.csv,San Antonio Spurs Oklahoma City Thunder,san antonio spurs oklahoma city thunder,Jalen Williams,jalen williams,Rebotes (hitos),5+,0.0,2.52,player_rebounds_hito,REB,over,5,4.5,Jalen Williams 5+ REB,1,
2e93335e0fa0dbbcd1861a25a222f38ad5ef2849,20260521_145741,2026-05-21T14:57:41-03:00,2026-05-21T17:57:41+00:00,betano,basketball,NBA,props_nba_20260521_145741.csv,San Antonio Spurs Oklahoma City Thunder,san antonio spurs oklahoma city thunder,Jalen Williams,jalen williams,Rebotes (hitos),6+,0.0,4.15,player_rebounds_hito,REB,over,6,5.5,Jalen Williams 6+ REB,1,
df7ac4a9388d6362179ed9a12f71912c7b57d9b2,20260521_145741,2026-05-21T14:57:41-03:00,2026-05-21T17:57:41+00:00,betano,basketball,NBA,props_nba_20260521_145741.csv,San Antonio Spurs Oklahoma City Thunder,san antonio spurs oklahoma city thunder,Jalen Williams,jalen williams,Rebotes (hitos),7+,0.0,6.9,player_rebounds_hito,REB,over,7,6.5,Jalen Williams 7+ REB,1,
28a782ed3d5ba4c66c7a4b2aa599e5ccf6d63d01,20260521_145741,2026-05-21T14:57:41-03:00,2026-05-21T17:57:41+00:00,betano,basketball,NBA,props_nba_20260521_145741.csv,San Antonio Spurs Oklahoma City Thunder,san antonio spurs oklahoma city thunder,Jalen Williams,jalen williams,Rebotes (hitos),8+,0.0,11,player_rebounds_hito,REB,over,8,7.5,Jalen Williams 8+ REB,1,
079d75154833becbcc87a3d351218ec829be9497,20260521_145741,2026-05-21T14:57:41-03:00,2026-05-21T17:57:41+00:00,betano,basketball,NBA,props_nba_20260521_145741.csv,San Antonio Spurs Oklahoma City Thunder,san antonio spurs oklahoma city thunder,Ajay Mitchell,ajay mitchell,Rebotes (hitos),3+,0.0,1.42,player_rebounds_hito,REB,over,3,2.5,Ajay Mitchell 3+ REB,1,
586e6e0d8d7473a936cb29abb4d4a034573fa248,20260521_145741,2026-05-21T14:57:41-03:00,2026-05-21T17:57:41+00:00,betano,basketball,NBA,props_nba_20260521_145741.csv,San Antonio Spurs Oklahoma City Thunder,san antonio spurs oklahoma city thunder,Ajay Mitchell,ajay mitchell,Rebotes (hitos),4+,0.0,2.07,player_rebounds_hito,REB,over,4,3.5,Ajay Mitchell 4+ REB,1,
e15c3bbe33c4eb8e66ba96979662d1a5defba923,20260521_145741,2026-05-21T14:57:41-03:00,2026-05-21T17:57:41+00:00,betano,basketball,NBA,props_nba_20260521_145741.csv,San Antonio Spurs Oklahoma City Thunder,san antonio spurs oklahoma city thunder,Ajay Mitchell,ajay mitchell,Rebotes (hitos),5+,0.0,3.45,player_rebounds_hito,REB,over,5,4.5,Ajay Mitchell 5+ REB,1,
80c73ddd6d32320116a96924f9775ff76ca1570f,20260521_145741,2026-05-21T14:57:41-03:00,2026-05-21T17:57:41+00:00,betano,basketball,NBA,props_nba_20260521_145741.csv,San Antonio Spurs Oklahoma City Thunder,san antonio spurs oklahoma city thunder,Ajay Mitchell,ajay mitchell,Rebotes (hitos),6+,0.0,6,player_rebounds_hito,REB,over,6,5.5,Ajay Mitchell 6+ REB,1,
0109bd271f61badbfce71b04f3443bf616649544,20260521_145741,2026-05-21T14:57:41-03:00,2026-05-21T17:57:41+00:00,betano,basketball,NBA,props_nba_20260521_145741.csv,San Antonio Spurs Oklahoma City Thunder,san antonio spurs oklahoma city thunder,Ajay Mitchell,ajay mitchell,Rebotes (hitos),7+,0.0,10,player_rebounds_hito,REB,over,7,6.5,Ajay Mitchell 7+ REB,1,
0ebc9bd5efe48e010ba78f589959a02e8c3f9bfa,20260521_145741,2026-05-21T14:57:41-03:00,2026-05-21T17:57:41+00:00,betano,basketball,NBA,props_nba_20260521_145741.csv,San Antonio Spurs Oklahoma City Thunder,san antonio spurs oklahoma city thunder,Ajay Mitchell,ajay mitchell,Rebotes (hitos),8+,0.0,14.5,player_rebounds_hito,REB,over,8,7.5,Ajay Mitchell 8+ REB,1,
799d878660bafffbc5916e72786afb143628ee00,20260521_145741,2026-05-21T14:57:41-03:00,2026-05-21T17:57:41+00:00,betano,basketball,NBA,props_nba_20260521_145741.csv,San Antonio Spurs Oklahoma City Thunder,san antonio spurs oklahoma city thunder,Cason Wallace,cason wallace,Rebotes (hitos),2+,0.0,1.17,player_rebounds_hito,REB,over,2,1.5,Cason Wallace 2+ REB,1,
3c2fcdaf60ce1be48f7b25f66b85fe2cc3f60fe0,20260521_145741,2026-05-21T14:57:41-03:00,2026-05-21T17:57:41+00:00,betano,basketball,NBA,props_nba_20260521_145741.csv,San Antonio Spurs Oklahoma City Thunder,san antonio spurs oklahoma city thunder,Cason Wallace,cason wallace,Rebotes (hitos),3+,0.0,1.6,player_rebounds_hito,REB,over,3,2.5,Cason Wallace 3+ REB,1,
6a84d14cdf3191b1f1f6c2ce741a8d230e4b4178,20260521_145741,2026-05-21T14:57:41-03:00,2026-05-21T17:57:41+00:00,betano,basketball,NBA,props_nba_20260521_145741.csv,San Antonio Spurs Oklahoma City Thunder,san antonio spurs oklahoma city thunder,Cason Wallace,cason wallace,Rebotes (hitos),4+,0.0,2.52,player_rebounds_hito,REB,over,4,3.5,Cason Wallace 4+ REB,1,
91e120694b853887dc5bc99984fdc18e0f844ece,20260521_145741,2026-05-21T14:57:41-03:00,2026-05-21T17:57:41+00:00,betano,basketball,NBA,props_nba_20260521_145741.csv,San Antonio Spurs Oklahoma City Thunder,san antonio spurs oklahoma city thunder,Cason Wallace,cason wallace,Rebotes (hitos),5+,0.0,4.35,player_rebounds_hito,REB,over,5,4.5,Cason Wallace 5+ REB,1,
0b11f2b9cad9f700583ff3492c1d62c9a74a1cb0,20260521_145741,2026-05-21T14:57:41-03:00,2026-05-21T17:57:41+00:00,betano,basketball,NBA,props_nba_20260521_145741.csv,San Antonio Spurs Oklahoma City Thunder,san antonio spurs oklahoma city thunder,De'Aaron Fox,de aaron fox,Rebotes (hitos),2+,0.0,1.18,player_rebounds_hito,REB,over,2,1.5,De'Aaron Fox 2+ REB,1,
f1a5dde0e1450a8ae22936a2babc4eac952e0f9d,20260521_145741,2026-05-21T14:57:41-03:00,2026-05-21T17:57:41+00:00,betano,basketball,NBA,props_nba_20260521_145741.csv,San Antonio Spurs Oklahoma City Thunder,san antonio spurs oklahoma city thunder,De'Aaron Fox,de aaron fox,Rebotes (hitos),3+,0.0,1.62,player_rebounds_hito,REB,over,3,2.5,De'Aaron Fox 3+ REB,1,
e5fa5bd615b682007b241cfaa509d309dc2b1aa2,20260521_145741,2026-05-21T14:57:41-03:00,2026-05-21T17:57:41+00:00,betano,basketball,NBA,props_nba_20260521_145741.csv,San Antonio Spurs Oklahoma City Thunder,san antonio spurs oklahoma city thunder,De'Aaron Fox,de aaron fox,Rebotes (hitos),4+,0.0,2.55,player_rebounds_hito,REB,over,4,3.5,De'Aaron Fox 4+ REB,1,
2f7adf4cf56037fcf5f1ea17486006d0d9d75819,20260521_145741,2026-05-21T14:57:41-03:00,2026-05-21T17:57:41+00:00,betano,basketball,NBA,props_nba_20260521_145741.csv,San Antonio Spurs Oklahoma City Thunder,san antonio spurs oklahoma city thunder,De'Aaron Fox,de aaron fox,Rebotes (hitos),5+,0.0,4.45,player_rebounds_hito,REB,over,5,4.5,De'Aaron Fox 5+ REB,1,
e9aaef9bc0ddfb80c1438aab6fa889bb69214b66,20260521_145741,2026-05-21T14:57:41-03:00,2026-05-21T17:57:41+00:00,betano,basketball,NBA,props_nba_20260521_145741.csv,San Antonio Spurs Oklahoma City Thunder,san antonio spurs oklahoma city thunder,Luguentz Dort,luguentz dort,Rebotes (hitos),2+,0.0,1.23,player_rebounds_hito,REB,over,2,1.5,Luguentz Dort 2+ REB,1,
dd253d7897269aee7d2ed27584adde6fa4aab3fe,20260521_145741,2026-05-21T14:57:41-03:00,2026-05-21T17:57:41+00:00,betano,basketball,NBA,props_nba_20260521_145741.csv,San Antonio Spurs Oklahoma City Thunder,san antonio spurs oklahoma city thunder,Luguentz Dort,luguentz dort,Rebotes (hitos),3+,0.0,1.78,player_rebounds_hito,REB,over,3,2.5,Luguentz Dort 3+ REB,1,
f854390794fcdb68413f1a97cd1c79aa32c1fa05,20260521_145741,2026-05-21T14:57:41-03:00,2026-05-21T17:57:41+00:00,betano,basketball,NBA,props_nba_20260521_145741.csv,San Antonio Spurs Oklahoma City Thunder,san antonio spurs oklahoma city thunder,Luguentz Dort,luguentz dort,Rebotes (hitos),4+,0.0,2.92,player_rebounds_hito,REB,over,4,3.5,Luguentz Dort 4+ REB,1,
79d7aaf8f5f0f781823fb1e7dfbe8244b499eeb5,20260521_145741,2026-05-21T14:57:41-03:00,2026-05-21T17:57:41+00:00,betano,basketball,NBA,props_nba_20260521_145741.csv,San Antonio Spurs Oklahoma City Thunder,san antonio spurs oklahoma city thunder,Luguentz Dort,luguentz dort,Rebotes (hitos),5+,0.0,5,player_rebounds_hito,REB,over,5,4.5,Luguentz Dort 5+ REB,1,
ae5bc91163ba5d4c8ec3e7141b8c02ab4c764f5d,20260521_145741,2026-05-21T14:57:41-03:00,2026-05-21T17:57:41+00:00,betano,basketball,NBA,props_nba_20260521_145741.csv,San Antonio Spurs Oklahoma City Thunder,san antonio spurs oklahoma city thunder,Devin Vassell,devin vassell,Triples (hitos),2+,0.0,1.18,player_threes_hito,3PM,over,2,1.5,Devin Vassell 2+ 3PM,1,
1dd6dc6bfddb9a3cb88b8f6100344f8f23c2baeb,20260521_145741,2026-05-21T14:57:41-03:00,2026-05-21T17:57:41+00:00,betano,basketball,NBA,props_nba_20260521_145741.csv,San Antonio Spurs Oklahoma City Thunder,san antonio spurs oklahoma city thunder,Devin Vassell,devin vassell,Triples (hitos),3+,0.0,1.65,player_threes_hito,3PM,over,3,2.5,Devin Vassell 3+ 3PM,1,
3801dfda825809817f69d928ea40ae488c55e33e,20260521_145741,2026-05-21T14:57:41-03:00,2026-05-21T17:57:41+00:00,betano,basketball,NBA,props_nba_20260521_145741.csv,San Antonio Spurs Oklahoma City Thunder,san antonio spurs oklahoma city thunder,Devin Vassell,devin vassell,Triples (hitos),4+,0.0,2.65,player_threes_hito,3PM,over,4,3.5,Devin Vassell 4+ 3PM,1,
2ddc18ff8643cd75ca88b84c10e3a36f4549df40,20260521_145741,2026-05-21T14:57:41-03:00,2026-05-21T17:57:41+00:00,betano,basketball,NBA,props_nba_20260521_145741.csv,San Antonio Spurs Oklahoma City Thunder,san antonio spurs oklahoma city thunder,Devin Vassell,devin vassell,Triples (hitos),5+,0.0,4.7,player_threes_hito,3PM,over,5,4.5,Devin Vassell 5+ 3PM,1,
44fbbbf6b55b00ceb6b3878147abe3e115d62299,20260521_145741,2026-05-21T14:57:41-03:00,2026-05-21T17:57:41+00:00,betano,basketball,NBA,props_nba_20260521_145741.csv,San Antonio Spurs Oklahoma City Thunder,san antonio spurs oklahoma city thunder,Julian Champagnie,julian champagnie,Triples (hitos),2+,0.0,1.31,player_threes_hito,3PM,over,2,1.5,Julian Champagnie 2+ 3PM,1,
a820b9833951dc005eeb506e46a18482fca09ee2,20260521_145741,2026-05-21T14:57:41-03:00,2026-05-21T17:57:41+00:00,betano,basketball,NBA,props_nba_20260521_145741.csv,San Antonio Spurs Oklahoma City Thunder,san antonio spurs oklahoma city thunder,Julian Champagnie,julian champagnie,Triples (hitos),3+,0.0,1.98,player_threes_hito,3PM,over,3,2.5,Julian Champagnie 3+ 3PM,1,
be274536e098865717532b2b952c6b0b6933af5b,20260521_145741,2026-05-21T14:57:41-03:00,2026-05-21T17:57:41+00:00,betano,basketball,NBA,props_nba_20260521_145741.csv,San Antonio Spurs Oklahoma City Thunder,san antonio spurs oklahoma city thunder,Julian Champagnie,julian champagnie,Triples (hitos),4+,0.0,3.5,player_threes_hito,3PM,over,4,3.5,Julian Champagnie 4+ 3PM,1,
9c6cf42040362ac4bd5f1ba92b4fb3e768400789,20260521_145741,2026-05-21T14:57:41-03:00,2026-05-21T17:57:41+00:00,betano,basketball,NBA,props_nba_20260521_145741.csv,San Antonio Spurs Oklahoma City Thunder,san antonio spurs oklahoma city thunder,Julian Champagnie,julian champagnie,Triples (hitos),5+,0.0,6.6,player_threes_hito,3PM,over,5,4.5,Julian Champagnie 5+ 3PM,1,
de871fc6f614703b854bfb6771175f7a99e49f76,20260521_145741,2026-05-21T14:57:41-03:00,2026-05-21T17:57:41+00:00,betano,basketball,NBA,props_nba_20260521_145741.csv,San Antonio Spurs Oklahoma City Thunder,san antonio spurs oklahoma city thunder,Alex Caruso,alex caruso,Triples (hitos),2+,0.0,1.4,player_threes_hito,3PM,over,2,1.5,Alex Caruso 2+ 3PM,1,
1a0d32f657d61dc45eb7c478a98df52e6f943e3f,20260521_145741,2026-05-21T14:57:41-03:00,2026-05-21T17:57:41+00:00,betano,basketball,NBA,props_nba_20260521_145741.csv,San Antonio Spurs Oklahoma City Thunder,san antonio spurs oklahoma city thunder,Alex Caruso,alex caruso,Triples (hitos),3+,0.0,2.25,player_threes_hito,3PM,over,3,2.5,Alex Caruso 3+ 3PM,1,
3f550d985d80d6e8a9aecd7137ef31234a85b77f,20260521_145741,2026-05-21T14:57:41-03:00,2026-05-21T17:57:41+00:00,betano,basketball,NBA,props_nba_20260521_145741.csv,San Antonio Spurs Oklahoma City Thunder,san antonio spurs oklahoma city thunder,Alex Caruso,alex caruso,Triples (hitos),4+,0.0,4.25,player_threes_hito,3PM,over,4,3.5,Alex Caruso 4+ 3PM,1,
9af77d3ba37085e93bd651e87b16941a2006ed7c,20260521_145741,2026-05-21T14:57:41-03:00,2026-05-21T17:57:41+00:00,betano,basketball,NBA,props_nba_20260521_145741.csv,San Antonio Spurs Oklahoma City Thunder,san antonio spurs oklahoma city thunder,Alex Caruso,alex caruso,Triples (hitos),5+,0.0,8.25,player_threes_hito,3PM,over,5,4.5,Alex Caruso 5+ 3PM,1,
09be3012fc096dedf23b2bf798d7578d0088f913,20260521_145741,2026-05-21T14:57:41-03:00,2026-05-21T17:57:41+00:00,betano,basketball,NBA,props_nba_20260521_145741.csv,San Antonio Spurs Oklahoma City Thunder,san antonio spurs oklahoma city thunder,Cason Wallace,cason wallace,Triples (hitos),1+,0.0,1.14,player_threes_hito,3PM,over,1,0.5,Cason Wallace 1+ 3PM,1,
bf7f8e8af825158b1b6659dd1be766cb2ce314fd,20260521_145741,2026-05-21T14:57:41-03:00,2026-05-21T17:57:41+00:00,betano,basketball,NBA,props_nba_20260521_145741.csv,San Antonio Spurs Oklahoma City Thunder,san antonio spurs oklahoma city thunder,Cason Wallace,cason wallace,Triples (hitos),2+,0.0,1.9,player_threes_hito,3PM,over,2,1.5,Cason Wallace 2+ 3PM,1,
ab20f6d437608c645511dc8e377ec987c5f0c912,20260521_145741,2026-05-21T14:57:41-03:00,2026-05-21T17:57:41+00:00,betano,basketball,NBA,props_nba_20260521_145741.csv,San Antonio Spurs Oklahoma City Thunder,san antonio spurs oklahoma city thunder,Cason Wallace,cason wallace,Triples (hitos),3+,0.0,3.55,player_threes_hito,3PM,over,3,2.5,Cason Wallace 3+ 3PM,1,
e71d3e42e660711c7da881a51d802b82db984ede,20260521_145741,2026-05-21T14:57:41-03:00,2026-05-21T17:57:41+00:00,betano,basketball,NBA,props_nba_20260521_145741.csv,San Antonio Spurs Oklahoma City Thunder,san antonio spurs oklahoma city thunder,Cason Wallace,cason wallace,Triples (hitos),4+,0.0,6,player_threes_hito,3PM,over,4,3.5,Cason Wallace 4+ 3PM,1,
402d3d79eb510dbf7ad4fdad96ce51e159fc99f5,20260521_145741,2026-05-21T14:57:41-03:00,2026-05-21T17:57:41+00:00,betano,basketball,NBA,props_nba_20260521_145741.csv,San Antonio Spurs Oklahoma City Thunder,san antonio spurs oklahoma city thunder,Victor Wembanyama,victor wembanyama,Triples (hitos),1+,0.0,1.14,player_threes_hito,3PM,over,1,0.5,Victor Wembanyama 1+ 3PM,1,
13d41772da6c786af4e30a17132299edfec45750,20260521_145741,2026-05-21T14:57:41-03:00,2026-05-21T17:57:41+00:00,betano,basketball,NBA,props_nba_20260521_145741.csv,San Antonio Spurs Oklahoma City Thunder,san antonio spurs oklahoma city thunder,Victor Wembanyama,victor wembanyama,Triples (hitos),2+,0.0,1.75,player_threes_hito,3PM,over,2,1.5,Victor Wembanyama 2+ 3PM,1,
1da149a2950586aebd5b43689ef8c533d1dbf452,20260521_145741,2026-05-21T14:57:41-03:00,2026-05-21T17:57:41+00:00,betano,basketball,NBA,props_nba_20260521_145741.csv,San Antonio Spurs Oklahoma City Thunder,san antonio spurs oklahoma city thunder,Victor Wembanyama,victor wembanyama,Triples (hitos),3+,0.0,3.35,player_threes_hito,3PM,over,3,2.5,Victor Wembanyama 3+ 3PM,1,
44b3b14f7e0b784e25f0b9ba5f0c3b1799f9df57,20260521_145741,2026-05-21T14:57:41-03:00,2026-05-21T17:57:41+00:00,betano,basketball,NBA,props_nba_20260521_145741.csv,San Antonio Spurs Oklahoma City Thunder,san antonio spurs oklahoma city thunder,Victor Wembanyama,victor wembanyama,Triples (hitos),4+,0.0,6.9,player_threes_hito,3PM,over,4,3.5,Victor Wembanyama 4+ 3PM,1,
3b718d4882c6560f5bdc97aab9532e498d2bc970,20260521_145741,2026-05-21T14:57:41-03:00,2026-05-21T17:57:41+00:00,betano,basketball,NBA,props_nba_20260521_145741.csv,San Antonio Spurs Oklahoma City Thunder,san antonio spurs oklahoma city thunder,Shai Gilgeous-Alexander,shai gilgeous alexander,Triples (hitos),1+,0.0,1.16,player_threes_hito,3PM,over,1,0.5,Shai Gilgeous-Alexander 1+ 3PM,1,
cf122686f463d135a480e770b1247c1d94be612e,20260521_145741,2026-05-21T14:57:41-03:00,2026-05-21T17:57:41+00:00,betano,basketball,NBA,props_nba_20260521_145741.csv,San Antonio Spurs Oklahoma City Thunder,san antonio spurs oklahoma city thunder,Shai Gilgeous-Alexander,shai gilgeous alexander,Triples (hitos),2+,0.0,1.83,player_threes_hito,3PM,over,2,1.5,Shai Gilgeous-Alexander 2+ 3PM,1,
19bf6d7d1e59f0e89c0cc771b11817280dd77adf,20260521_145741,2026-05-21T14:57:41-03:00,2026-05-21T17:57:41+00:00,betano,basketball,NBA,props_nba_20260521_145741.csv,San Antonio Spurs Oklahoma City Thunder,san antonio spurs oklahoma city thunder,Shai Gilgeous-Alexander,shai gilgeous alexander,Triples (hitos),3+,0.0,3.55,player_threes_hito,3PM,over,3,2.5,Shai Gilgeous-Alexander 3+ 3PM,1,
75724fad6aff804025e916be49ea15791689a075,20260521_145741,2026-05-21T14:57:41-03:00,2026-05-21T17:57:41+00:00,betano,basketball,NBA,props_nba_20260521_145741.csv,San Antonio Spurs Oklahoma City Thunder,san antonio spurs oklahoma city thunder,Shai Gilgeous-Alexander,shai gilgeous alexander,Triples (hitos),4+,0.0,7.5,player_threes_hito,3PM,over,4,3.5,Shai Gilgeous-Alexander 4+ 3PM,1,
4c1373aeb479b3093b1b813bf3c074a680843fcb,20260521_145741,2026-05-21T14:57:41-03:00,2026-05-21T17:57:41+00:00,betano,basketball,NBA,props_nba_20260521_145741.csv,San Antonio Spurs Oklahoma City Thunder,san antonio spurs oklahoma city thunder,Stephon Castle,stephon castle,Triples (hitos),1+,0.0,1.16,player_threes_hito,3PM,over,1,0.5,Stephon Castle 1+ 3PM,1,
d3cafd620c90754007e0a90faf4b2ac481a1ddbb,20260521_145741,2026-05-21T14:57:41-03:00,2026-05-21T17:57:41+00:00,betano,basketball,NBA,props_nba_20260521_145741.csv,San Antonio Spurs Oklahoma City Thunder,san antonio spurs oklahoma city thunder,Stephon Castle,stephon castle,Triples (hitos),2+,0.0,1.85,player_threes_hito,3PM,over,2,1.5,Stephon Castle 2+ 3PM,1,
ddf26cc63b15095a9746d328a06258b794bfc740,20260521_145741,2026-05-21T14:57:41-03:00,2026-05-21T17:57:41+00:00,betano,basketball,NBA,props_nba_20260521_145741.csv,San Antonio Spurs Oklahoma City Thunder,san antonio spurs oklahoma city thunder,Stephon Castle,stephon castle,Triples (hitos),3+,0.0,3.7,player_threes_hito,3PM,over,3,2.5,Stephon Castle 3+ 3PM,1,
19c0a6af96eb84abbde5e4b593cb991c03cb327a,20260521_145741,2026-05-21T14:57:41-03:00,2026-05-21T17:57:41+00:00,betano,basketball,NBA,props_nba_20260521_145741.csv,San Antonio Spurs Oklahoma City Thunder,san antonio spurs oklahoma city thunder,Stephon Castle,stephon castle,Triples (hitos),4+,0.0,7.6,player_threes_hito,3PM,over,4,3.5,Stephon Castle 4+ 3PM,1,
bb6c2d21fcc62e77ac2d986d5d787d37fb01dc59,20260521_145741,2026-05-21T14:57:41-03:00,2026-05-21T17:57:41+00:00,betano,basketball,NBA,props_nba_20260521_145741.csv,San Antonio Spurs Oklahoma City Thunder,san antonio spurs oklahoma city thunder,De'Aaron Fox,de aaron fox,Triples (hitos),1+,0.0,1.17,player_threes_hito,3PM,over,1,0.5,De'Aaron Fox 1+ 3PM,1,
8d61047299878d4868df47cf83361f93eff6863a,20260521_145741,2026-05-21T14:57:41-03:00,2026-05-21T17:57:41+00:00,betano,basketball,NBA,props_nba_20260521_145741.csv,San Antonio Spurs Oklahoma City Thunder,san antonio spurs oklahoma city thunder,De'Aaron Fox,de aaron fox,Triples (hitos),2+,0.0,1.91,player_threes_hito,3PM,over,2,1.5,De'Aaron Fox 2+ 3PM,1,
233d0e3fbd5cbb84e069d9d870d53557ab8f51fe,20260521_145741,2026-05-21T14:57:41-03:00,2026-05-21T17:57:41+00:00,betano,basketball,NBA,props_nba_20260521_145741.csv,San Antonio Spurs Oklahoma City Thunder,san antonio spurs oklahoma city thunder,De'Aaron Fox,de aaron fox,Triples (hitos),3+,0.0,3.85,player_threes_hito,3PM,over,3,2.5,De'Aaron Fox 3+ 3PM,1,
62d6f3bea260c46f80e6fd3e57b228cad92b1d3a,20260521_145741,2026-05-21T14:57:41-03:00,2026-05-21T17:57:41+00:00,betano,basketball,NBA,props_nba_20260521_145741.csv,San Antonio Spurs Oklahoma City Thunder,san antonio spurs oklahoma city thunder,De'Aaron Fox,de aaron fox,Triples (hitos),4+,0.0,8.25,player_threes_hito,3PM,over,4,3.5,De'Aaron Fox 4+ 3PM,1,
12f939ba3f6916ec0be1c51a26aa20fbd2036f71,20260521_145741,2026-05-21T14:57:41-03:00,2026-05-21T17:57:41+00:00,betano,basketball,NBA,props_nba_20260521_145741.csv,San Antonio Spurs Oklahoma City Thunder,san antonio spurs oklahoma city thunder,Luguentz Dort,luguentz dort,Triples (hitos),1+,0.0,1.19,player_threes_hito,3PM,over,1,0.5,Luguentz Dort 1+ 3PM,1,
572f6f2e4a18b158a041807d1fce32ab7e6e49ea,20260521_145741,2026-05-21T14:57:41-03:00,2026-05-21T17:57:41+00:00,betano,basketball,NBA,props_nba_20260521_145741.csv,San Antonio Spurs Oklahoma City Thunder,san antonio spurs oklahoma city thunder,Luguentz Dort,luguentz dort,Triples (hitos),2+,0.0,1.98,player_threes_hito,3PM,over,2,1.5,Luguentz Dort 2+ 3PM,1,
77c3bc42747d5e0e6316730e4cfbda7e0800fd94,20260521_145741,2026-05-21T14:57:41-03:00,2026-05-21T17:57:41+00:00,betano,basketball,NBA,props_nba_20260521_145741.csv,San Antonio Spurs Oklahoma City Thunder,san antonio spurs oklahoma city thunder,Luguentz Dort,luguentz dort,Triples (hitos),3+,0.0,4.05,player_threes_hito,3PM,over,3,2.5,Luguentz Dort 3+ 3PM,1,
2f10ce86544c746997d9b7a7ca060c33eaf3edbe,20260521_145741,2026-05-21T14:57:41-03:00,2026-05-21T17:57:41+00:00,betano,basketball,NBA,props_nba_20260521_145741.csv,San Antonio Spurs Oklahoma City Thunder,san antonio spurs oklahoma city thunder,Luguentz Dort,luguentz dort,Triples (hitos),4+,0.0,8.5,player_threes_hito,3PM,over,4,3.5,Luguentz Dort 4+ 3PM,1,
9f97a748209225f1286850307af42233c3e89a8c,20260521_145741,2026-05-21T14:57:41-03:00,2026-05-21T17:57:41+00:00,betano,basketball,NBA,props_nba_20260521_145741.csv,San Antonio Spurs Oklahoma City Thunder,san antonio spurs oklahoma city thunder,Chet Holmgren,chet holmgren,Triples (hitos),1+,0.0,1.27,player_threes_hito,3PM,over,1,0.5,Chet Holmgren 1+ 3PM,1,
59fa9bb9684107e24ebf9fbc5b79f5f1b6f058bf,20260521_145741,2026-05-21T14:57:41-03:00,2026-05-21T17:57:41+00:00,betano,basketball,NBA,props_nba_20260521_145741.csv,San Antonio Spurs Oklahoma City Thunder,san antonio spurs oklahoma city thunder,Chet Holmgren,chet holmgren,Triples (hitos),2+,0.0,2.32,player_threes_hito,3PM,over,2,1.5,Chet Holmgren 2+ 3PM,1,
00ea18b22348dee83a2eb5b7d402a90aa642dfa8,20260521_145741,2026-05-21T14:57:41-03:00,2026-05-21T17:57:41+00:00,betano,basketball,NBA,props_nba_20260521_145741.csv,San Antonio Spurs Oklahoma City Thunder,san antonio spurs oklahoma city thunder,Chet Holmgren,chet holmgren,Triples (hitos),3+,0.0,5.2,player_threes_hito,3PM,over,3,2.5,Chet Holmgren 3+ 3PM,1,
009fa64d28cb9bf85c292c0366ccd224d6cddd95,20260521_145741,2026-05-21T14:57:41-03:00,2026-05-21T17:57:41+00:00,betano,basketball,NBA,props_nba_20260521_145741.csv,San Antonio Spurs Oklahoma City Thunder,san antonio spurs oklahoma city thunder,Chet Holmgren,chet holmgren,Triples (hitos),4+,0.0,11,player_threes_hito,3PM,over,4,3.5,Chet Holmgren 4+ 3PM,1,
9a88be92e6b61f2d40959f3cac8e1203ea909d7b,20260521_145741,2026-05-21T14:57:41-03:00,2026-05-21T17:57:41+00:00,betano,basketball,NBA,props_nba_20260521_145741.csv,San Antonio Spurs Oklahoma City Thunder,san antonio spurs oklahoma city thunder,Keldon Johnson,keldon johnson,Triples (hitos),1+,0.0,1.3,player_threes_hito,3PM,over,1,0.5,Keldon Johnson 1+ 3PM,1,
2d3a82fb362d92ae320d7a38f6dbba7f1fc311b8,20260521_145741,2026-05-21T14:57:41-03:00,2026-05-21T17:57:41+00:00,betano,basketball,NBA,props_nba_20260521_145741.csv,San Antonio Spurs Oklahoma City Thunder,san antonio spurs oklahoma city thunder,Keldon Johnson,keldon johnson,Triples (hitos),2+,0.0,2.45,player_threes_hito,3PM,over,2,1.5,Keldon Johnson 2+ 3PM,1,
203d0dc5e6e968fa6c68d59203b8060e9e3ec1b6,20260521_145741,2026-05-21T14:57:41-03:00,2026-05-21T17:57:41+00:00,betano,basketball,NBA,props_nba_20260521_145741.csv,San Antonio Spurs Oklahoma City Thunder,san antonio spurs oklahoma city thunder,Keldon Johnson,keldon johnson,Triples (hitos),3+,0.0,5.6,player_threes_hito,3PM,over,3,2.5,Keldon Johnson 3+ 3PM,1,
d63ccff0a555f9f60f7cd9f243c80f1ed5d5e86e,20260521_145741,2026-05-21T14:57:41-03:00,2026-05-21T17:57:41+00:00,betano,basketball,NBA,props_nba_20260521_145741.csv,San Antonio Spurs Oklahoma City Thunder,san antonio spurs oklahoma city thunder,Keldon Johnson,keldon johnson,Triples (hitos),4+,0.0,11.75,player_threes_hito,3PM,over,4,3.5,Keldon Johnson 4+ 3PM,1,
faa10b8c8a761ad1f993d4113bc23577f13d63c9,20260521_145741,2026-05-21T14:57:41-03:00,2026-05-21T17:57:41+00:00,betano,basketball,NBA,props_nba_20260521_145741.csv,San Antonio Spurs Oklahoma City Thunder,san antonio spurs oklahoma city thunder,Ajay Mitchell,ajay mitchell,Triples (hitos),1+,0.0,1.38,player_threes_hito,3PM,over,1,0.5,Ajay Mitchell 1+ 3PM,1,
703c5e6fb4295ff79d6791ab6099ea630c454474,20260521_145741,2026-05-21T14:57:41-03:00,2026-05-21T17:57:41+00:00,betano,basketball,NBA,props_nba_20260521_145741.csv,San Antonio Spurs Oklahoma City Thunder,san antonio spurs oklahoma city thunder,Ajay Mitchell,ajay mitchell,Triples (hitos),2+,0.0,2.82,player_threes_hito,3PM,over,2,1.5,Ajay Mitchell 2+ 3PM,1,
ceca8a9d6f91b1c87f067866dfadd5938dad3751,20260521_145741,2026-05-21T14:57:41-03:00,2026-05-21T17:57:41+00:00,betano,basketball,NBA,props_nba_20260521_145741.csv,San Antonio Spurs Oklahoma City Thunder,san antonio spurs oklahoma city thunder,Ajay Mitchell,ajay mitchell,Triples (hitos),3+,0.0,6.7,player_threes_hito,3PM,over,3,2.5,Ajay Mitchell 3+ 3PM,1,
1f257990097ca147175f723d999062b629614856,20260521_145741,2026-05-21T14:57:41-03:00,2026-05-21T17:57:41+00:00,betano,basketball,NBA,props_nba_20260521_145741.csv,San Antonio Spurs Oklahoma City Thunder,san antonio spurs oklahoma city thunder,Ajay Mitchell,ajay mitchell,Triples (hitos),4+,0.0,13.5,player_threes_hito,3PM,over,4,3.5,Ajay Mitchell 4+ 3PM,1,
110bb4ca6c857321321e5a2c04ab722bb9c33ce6,20260521_145741,2026-05-21T14:57:41-03:00,2026-05-21T17:57:41+00:00,betano,basketball,NBA,props_nba_20260521_145741.csv,San Antonio Spurs Oklahoma City Thunder,san antonio spurs oklahoma city thunder,Dylan Harper,dylan harper,Triples (hitos),1+,0.0,1.42,player_threes_hito,3PM,over,1,0.5,Dylan Harper 1+ 3PM,1,
06a5d2d1c24e9cb405b841da8763140c06d1afbf,20260521_145741,2026-05-21T14:57:41-03:00,2026-05-21T17:57:41+00:00,betano,basketball,NBA,props_nba_20260521_145741.csv,San Antonio Spurs Oklahoma City Thunder,san antonio spurs oklahoma city thunder,Dylan Harper,dylan harper,Triples (hitos),2+,0.0,2.95,player_threes_hito,3PM,over,2,1.5,Dylan Harper 2+ 3PM,1,
cece84887bc495d5da8c2e13e494471f5a5eff85,20260521_145741,2026-05-21T14:57:41-03:00,2026-05-21T17:57:41+00:00,betano,basketball,NBA,props_nba_20260521_145741.csv,San Antonio Spurs Oklahoma City Thunder,san antonio spurs oklahoma city thunder,Dylan Harper,dylan harper,Triples (hitos),3+,0.0,7.1,player_threes_hito,3PM,over,3,2.5,Dylan Harper 3+ 3PM,1,
7f71d5b44de1ebd6812e0dd21e7fe912606d469c,20260521_145741,2026-05-21T14:57:41-03:00,2026-05-21T17:57:41+00:00,betano,basketball,NBA,props_nba_20260521_145741.csv,San Antonio Spurs Oklahoma City Thunder,san antonio spurs oklahoma city thunder,Dylan Harper,dylan harper,Triples (hitos),4+,0.0,14,player_threes_hito,3PM,over,4,3.5,Dylan Harper 4+ 3PM,1,
0b0e662f26ad5bcb3e3c260e6b99d862c6e9efc2,20260521_145741,2026-05-21T14:57:41-03:00,2026-05-21T17:57:41+00:00,betano,basketball,NBA,props_nba_20260521_145741.csv,San Antonio Spurs Oklahoma City Thunder,san antonio spurs oklahoma city thunder,Jalen Williams,jalen williams,Triples (hitos),1+,0.0,1.6,player_threes_hito,3PM,over,1,0.5,Jalen Williams 1+ 3PM,1,
2545a327b525f0b257a5ac88d7f13fb3c0140ab4,20260521_145741,2026-05-21T14:57:41-03:00,2026-05-21T17:57:41+00:00,betano,basketball,NBA,props_nba_20260521_145741.csv,San Antonio Spurs Oklahoma City Thunder,san antonio spurs oklahoma city thunder,Jalen Williams,jalen williams,Triples (hitos),2+,0.0,3.9,player_threes_hito,3PM,over,2,1.5,Jalen Williams 2+ 3PM,1,
6a77c7af19e7dc02ed11416d22636cdd7851a5f6,20260521_145741,2026-05-21T14:57:41-03:00,2026-05-21T17:57:41+00:00,betano,basketball,NBA,props_nba_20260521_145741.csv,San Antonio Spurs Oklahoma City Thunder,san antonio spurs oklahoma city thunder,Jalen Williams,jalen williams,Triples (hitos),3+,0.0,9.75,player_threes_hito,3PM,over,3,2.5,Jalen Williams 3+ 3PM,1,
aefbf68d87541f83506ad61397f31857581e0e9b,20260521_145741,2026-05-21T14:57:41-03:00,2026-05-21T17:57:41+00:00,betano,basketball,NBA,props_nba_20260521_145741.csv,San Antonio Spurs Oklahoma City Thunder,san antonio spurs oklahoma city thunder,Jalen Williams,jalen williams,Triples (hitos),4+,0.0,16.5,player_threes_hito,3PM,over,4,3.5,Jalen Williams 4+ 3PM,1,
6a0cd85fc309db710708fb104b561da3415e4ca0,20260521_145741,2026-05-21T14:57:41-03:00,2026-05-21T17:57:41+00:00,betano,basketball,NBA,props_nba_20260521_145741.csv,San Antonio Spurs Oklahoma City Thunder,san antonio spurs oklahoma city thunder,Alex Caruso,alex caruso,Robos (hitos),1+,0.0,1.19,player_steals_hito,STL,over,1,0.5,Alex Caruso 1+ STL,1,
d94fe134d5cbc69c28938c42d792725e547831fb,20260521_145741,2026-05-21T14:57:41-03:00,2026-05-21T17:57:41+00:00,betano,basketball,NBA,props_nba_20260521_145741.csv,San Antonio Spurs Oklahoma City Thunder,san antonio spurs oklahoma city thunder,Alex Caruso,alex caruso,Robos (hitos),2+,0.0,1.98,player_steals_hito,STL,over,2,1.5,Alex Caruso 2+ STL,1,
2564c102ea66318359cd23754379c2b6aa7e9e82,20260521_145741,2026-05-21T14:57:41-03:00,2026-05-21T17:57:41+00:00,betano,basketball,NBA,props_nba_20260521_145741.csv,San Antonio Spurs Oklahoma City Thunder,san antonio spurs oklahoma city thunder,Alex Caruso,alex caruso,Robos (hitos),3+,0.0,4,player_steals_hito,STL,over,3,2.5,Alex Caruso 3+ STL,1,
8cc926b2587a953f25998d9afeb8f14a7998c160,20260521_145741,2026-05-21T14:57:41-03:00,2026-05-21T17:57:41+00:00,betano,basketball,NBA,props_nba_20260521_145741.csv,San Antonio Spurs Oklahoma City Thunder,san antonio spurs oklahoma city thunder,Alex Caruso,alex caruso,Robos (hitos),4+,0.0,8.5,player_steals_hito,STL,over,4,3.5,Alex Caruso 4+ STL,1,
2a93051f458e362ad0a8d9a6fd5f6014c91d056b,20260521_145741,2026-05-21T14:57:41-03:00,2026-05-21T17:57:41+00:00,betano,basketball,NBA,props_nba_20260521_145741.csv,San Antonio Spurs Oklahoma City Thunder,san antonio spurs oklahoma city thunder,Shai Gilgeous-Alexander,shai gilgeous alexander,Robos (hitos),1+,0.0,1.21,player_steals_hito,STL,over,1,0.5,Shai Gilgeous-Alexander 1+ STL,1,
d6a7943b8ed362243165a590a34215c674c51121,20260521_145741,2026-05-21T14:57:41-03:00,2026-05-21T17:57:41+00:00,betano,basketball,NBA,props_nba_20260521_145741.csv,San Antonio Spurs Oklahoma City Thunder,san antonio spurs oklahoma city thunder,Shai Gilgeous-Alexander,shai gilgeous alexander,Robos (hitos),2+,0.0,2.05,player_steals_hito,STL,over,2,1.5,Shai Gilgeous-Alexander 2+ STL,1,
bb6a84db33df1321e732efd3e97aae09d3158aa1,20260521_145741,2026-05-21T14:57:41-03:00,2026-05-21T17:57:41+00:00,betano,basketball,NBA,props_nba_20260521_145741.csv,San Antonio Spurs Oklahoma City Thunder,san antonio spurs oklahoma city thunder,Shai Gilgeous-Alexander,shai gilgeous alexander,Robos (hitos),3+,0.0,4.35,player_steals_hito,STL,over,3,2.5,Shai Gilgeous-Alexander 3+ STL,1,
6948f46a18526de5dbf3ebcf5c59289fdd6a8bc0,20260521_145741,2026-05-21T14:57:41-03:00,2026-05-21T17:57:41+00:00,betano,basketball,NBA,props_nba_20260521_145741.csv,San Antonio Spurs Oklahoma City Thunder,san antonio spurs oklahoma city thunder,Shai Gilgeous-Alexander,shai gilgeous alexander,Robos (hitos),4+,0.0,9,player_steals_hito,STL,over,4,3.5,Shai Gilgeous-Alexander 4+ STL,1,
7ff024c5fef2a2f34c362ad19bd79b7381432abb,20260521_145741,2026-05-21T14:57:41-03:00,2026-05-21T17:57:41+00:00,betano,basketball,NBA,props_nba_20260521_145741.csv,San Antonio Spurs Oklahoma City Thunder,san antonio spurs oklahoma city thunder,Cason Wallace,cason wallace,Robos (hitos),1+,0.0,1.22,player_steals_hito,STL,over,1,0.5,Cason Wallace 1+ STL,1,
5903ed573dd7e9056e75e0a3f8a5af3d21074983,20260521_145741,2026-05-21T14:57:41-03:00,2026-05-21T17:57:41+00:00,betano,basketball,NBA,props_nba_20260521_145741.csv,San Antonio Spurs Oklahoma City Thunder,san antonio spurs oklahoma city thunder,Cason Wallace,cason wallace,Robos (hitos),2+,0.0,2.07,player_steals_hito,STL,over,2,1.5,Cason Wallace 2+ STL,1,
1c6dafa51ed584c34633158d363ce787fce43ba3,20260521_145741,2026-05-21T14:57:41-03:00,2026-05-21T17:57:41+00:00,betano,basketball,NBA,props_nba_20260521_145741.csv,San Antonio Spurs Oklahoma City Thunder,san antonio spurs oklahoma city thunder,Cason Wallace,cason wallace,Robos (hitos),3+,0.0,4.4,player_steals_hito,STL,over,3,2.5,Cason Wallace 3+ STL,1,
570c01d32d80c905504fcc735a9b0a3ce1dffa26,20260521_145741,2026-05-21T14:57:41-03:00,2026-05-21T17:57:41+00:00,betano,basketball,NBA,props_nba_20260521_145741.csv,San Antonio Spurs Oklahoma City Thunder,san antonio spurs oklahoma city thunder,Cason Wallace,cason wallace,Robos (hitos),4+,0.0,9.25,player_steals_hito,STL,over,4,3.5,Cason Wallace 4+ STL,1,
727173769d90710b2ba67476593aff523ce1bcd9,20260521_145741,2026-05-21T14:57:41-03:00,2026-05-21T17:57:41+00:00,betano,basketball,NBA,props_nba_20260521_145741.csv,San Antonio Spurs Oklahoma City Thunder,san antonio spurs oklahoma city thunder,Ajay Mitchell,ajay mitchell,Robos (hitos),1+,0.0,1.33,player_steals_hito,STL,over,1,0.5,Ajay Mitchell 1+ STL,1,
5a5db368487647bcceca3b01e5f68cc72cda6dde,20260521_145741,2026-05-21T14:57:41-03:00,2026-05-21T17:57:41+00:00,betano,basketball,NBA,props_nba_20260521_145741.csv,San Antonio Spurs Oklahoma City Thunder,san antonio spurs oklahoma city thunder,Ajay Mitchell,ajay mitchell,Robos (hitos),2+,0.0,2.6,player_steals_hito,STL,over,2,1.5,Ajay Mitchell 2+ STL,1,
6bc5680d283113e179934a5cad2aa5e23e130320,20260521_145741,2026-05-21T14:57:41-03:00,2026-05-21T17:57:41+00:00,betano,basketball,NBA,props_nba_20260521_145741.csv,San Antonio Spurs Oklahoma City Thunder,san antonio spurs oklahoma city thunder,Ajay Mitchell,ajay mitchell,Robos (hitos),3+,0.0,6,player_steals_hito,STL,over,3,2.5,Ajay Mitchell 3+ STL,1,
59544b093a05db72bdaebaf7660a604d3a5209c3,20260521_145741,2026-05-21T14:57:41-03:00,2026-05-21T17:57:41+00:00,betano,basketball,NBA,props_nba_20260521_145741.csv,San Antonio Spurs Oklahoma City Thunder,san antonio spurs oklahoma city thunder,Ajay Mitchell,ajay mitchell,Robos (hitos),4+,0.0,12,player_steals_hito,STL,over,4,3.5,Ajay Mitchell 4+ STL,1,
67293c61997609daced4841497a1983614a9e96b,20260521_145741,2026-05-21T14:57:41-03:00,2026-05-21T17:57:41+00:00,betano,basketball,NBA,props_nba_20260521_145741.csv,San Antonio Spurs Oklahoma City Thunder,san antonio spurs oklahoma city thunder,Julian Champagnie,julian champagnie,Robos (hitos),1+,0.0,1.36,player_steals_hito,STL,over,1,0.5,Julian Champagnie 1+ STL,1,
e857429153bcef1ce7957f413ecc36f965f9ac15,20260521_145741,2026-05-21T14:57:41-03:00,2026-05-21T17:57:41+00:00,betano,basketball,NBA,props_nba_20260521_145741.csv,San Antonio Spurs Oklahoma City Thunder,san antonio spurs oklahoma city thunder,Julian Champagnie,julian champagnie,Robos (hitos),2+,0.0,2.8,player_steals_hito,STL,over,2,1.5,Julian Champagnie 2+ STL,1,
57b9c9cd2f1c1b9d18cf22efb3c4acb06d0be175,20260521_145741,2026-05-21T14:57:41-03:00,2026-05-21T17:57:41+00:00,betano,basketball,NBA,props_nba_20260521_145741.csv,San Antonio Spurs Oklahoma City Thunder,san antonio spurs oklahoma city thunder,Julian Champagnie,julian champagnie,Robos (hitos),3+,0.0,6.6,player_steals_hito,STL,over,3,2.5,Julian Champagnie 3+ STL,1,
1b5951732a8876afd0f085bc702b35ff63ac54a4,20260521_145741,2026-05-21T14:57:41-03:00,2026-05-21T17:57:41+00:00,betano,basketball,NBA,props_nba_20260521_145741.csv,San Antonio Spurs Oklahoma City Thunder,san antonio spurs oklahoma city thunder,Julian Champagnie,julian champagnie,Robos (hitos),4+,0.0,13,player_steals_hito,STL,over,4,3.5,Julian Champagnie 4+ STL,1,
d60ea9fb229f1e38a451b0b7786a96c5b75f7401,20260521_145741,2026-05-21T14:57:41-03:00,2026-05-21T17:57:41+00:00,betano,basketball,NBA,props_nba_20260521_145741.csv,San Antonio Spurs Oklahoma City Thunder,san antonio spurs oklahoma city thunder,Jalen Williams,jalen williams,Robos (hitos),1+,0.0,1.38,player_steals_hito,STL,over,1,0.5,Jalen Williams 1+ STL,1,
c3ca29620cd4f59814a46c95bd8e9fea48f8df64,20260521_145741,2026-05-21T14:57:41-03:00,2026-05-21T17:57:41+00:00,betano,basketball,NBA,props_nba_20260521_145741.csv,San Antonio Spurs Oklahoma City Thunder,san antonio spurs oklahoma city thunder,Jalen Williams,jalen williams,Robos (hitos),2+,0.0,2.82,player_steals_hito,STL,over,2,1.5,Jalen Williams 2+ STL,1,
b0848996a1329d3bdcc73d06cb5634796b8128fd,20260521_145741,2026-05-21T14:57:41-03:00,2026-05-21T17:57:41+00:00,betano,basketball,NBA,props_nba_20260521_145741.csv,San Antonio Spurs Oklahoma City Thunder,san antonio spurs oklahoma city thunder,Jalen Williams,jalen williams,Robos (hitos),3+,0.0,6.7,player_steals_hito,STL,over,3,2.5,Jalen Williams 3+ STL,1,
2c616669a8a09787de70bfa76a70a31c423d128b,20260521_145741,2026-05-21T14:57:41-03:00,2026-05-21T17:57:41+00:00,betano,basketball,NBA,props_nba_20260521_145741.csv,San Antonio Spurs Oklahoma City Thunder,san antonio spurs oklahoma city thunder,Jalen Williams,jalen williams,Robos (hitos),4+,0.0,13.5,player_steals_hito,STL,over,4,3.5,Jalen Williams 4+ STL,1,
d82e0e9d91d8ab8a5645d66ae886e1c8ee57cda6,20260521_145741,2026-05-21T14:57:41-03:00,2026-05-21T17:57:41+00:00,betano,basketball,NBA,props_nba_20260521_145741.csv,San Antonio Spurs Oklahoma City Thunder,san antonio spurs oklahoma city thunder,Stephon Castle,stephon castle,Robos (hitos),1+,0.0,1.4,player_steals_hito,STL,over,1,0.5,Stephon Castle 1+ STL,1,
70c28faeb039574cc0954ccd86c3b0100461834b,20260521_145741,2026-05-21T14:57:41-03:00,2026-05-21T17:57:41+00:00,betano,basketball,NBA,props_nba_20260521_145741.csv,San Antonio Spurs Oklahoma City Thunder,san antonio spurs oklahoma city thunder,Stephon Castle,stephon castle,Robos (hitos),2+,0.0,2.95,player_steals_hito,STL,over,2,1.5,Stephon Castle 2+ STL,1,
f79095529278761d350d0022d73d5a475b5c0ad3,20260521_145741,2026-05-21T14:57:41-03:00,2026-05-21T17:57:41+00:00,betano,basketball,NBA,props_nba_20260521_145741.csv,San Antonio Spurs Oklahoma City Thunder,san antonio spurs oklahoma city thunder,Stephon Castle,stephon castle,Robos (hitos),3+,0.0,7.1,player_steals_hito,STL,over,3,2.5,Stephon Castle 3+ STL,1,
2df5b473127b91659e664ad152c171d093b15e5d,20260521_145741,2026-05-21T14:57:41-03:00,2026-05-21T17:57:41+00:00,betano,basketball,NBA,props_nba_20260521_145741.csv,San Antonio Spurs Oklahoma City Thunder,san antonio spurs oklahoma city thunder,Stephon Castle,stephon castle,Robos (hitos),4+,0.0,14.5,player_steals_hito,STL,over,4,3.5,Stephon Castle 4+ STL,1,
4afd0542fbbaeccb2664ecd12043ad1ce89fa1fb,20260521_145741,2026-05-21T14:57:41-03:00,2026-05-21T17:57:41+00:00,betano,basketball,NBA,props_nba_20260521_145741.csv,San Antonio Spurs Oklahoma City Thunder,san antonio spurs oklahoma city thunder,Chet Holmgren,chet holmgren,Robos (hitos),1+,0.0,1.42,player_steals_hito,STL,over,1,0.5,Chet Holmgren 1+ STL,1,
cc4623712f3deb1e7ff3b34c4f0951e7637d6e9b,20260521_145741,2026-05-21T14:57:41-03:00,2026-05-21T17:57:41+00:00,betano,basketball,NBA,props_nba_20260521_145741.csv,San Antonio Spurs Oklahoma City Thunder,san antonio spurs oklahoma city thunder,Chet Holmgren,chet holmgren,Robos (hitos),2+,0.0,3,player_steals_hito,STL,over,2,1.5,Chet Holmgren 2+ STL,1,
30e143758a49a6ca9b40a8581b982e0f016302b7,20260521_145741,2026-05-21T14:57:41-03:00,2026-05-21T17:57:41+00:00,betano,basketball,NBA,props_nba_20260521_145741.csv,San Antonio Spurs Oklahoma City Thunder,san antonio spurs oklahoma city thunder,Chet Holmgren,chet holmgren,Robos (hitos),3+,0.0,7.2,player_steals_hito,STL,over,3,2.5,Chet Holmgren 3+ STL,1,
f922b758c230409fc39ce49bba0ca1859e9dd2ca,20260521_145741,2026-05-21T14:57:41-03:00,2026-05-21T17:57:41+00:00,betano,basketball,NBA,props_nba_20260521_145741.csv,San Antonio Spurs Oklahoma City Thunder,san antonio spurs oklahoma city thunder,Chet Holmgren,chet holmgren,Robos (hitos),4+,0.0,14,player_steals_hito,STL,over,4,3.5,Chet Holmgren 4+ STL,1,
252f8795fc9a43427755c6bffba4e46d0d37f021,20260521_145741,2026-05-21T14:57:41-03:00,2026-05-21T17:57:41+00:00,betano,basketball,NBA,props_nba_20260521_145741.csv,San Antonio Spurs Oklahoma City Thunder,san antonio spurs oklahoma city thunder,Devin Vassell,devin vassell,Robos (hitos),1+,0.0,1.42,player_steals_hito,STL,over,1,0.5,Devin Vassell 1+ STL,1,
ae0959cc9c0bfd73a96fad1260e8f293dd208d93,20260521_145741,2026-05-21T14:57:41-03:00,2026-05-21T17:57:41+00:00,betano,basketball,NBA,props_nba_20260521_145741.csv,San Antonio Spurs Oklahoma City Thunder,san antonio spurs oklahoma city thunder,Devin Vassell,devin vassell,Robos (hitos),2+,0.0,3,player_steals_hito,STL,over,2,1.5,Devin Vassell 2+ STL,1,
e21485972d23033b083eb6d9f7e43728d2b88386,20260521_145741,2026-05-21T14:57:41-03:00,2026-05-21T17:57:41+00:00,betano,basketball,NBA,props_nba_20260521_145741.csv,San Antonio Spurs Oklahoma City Thunder,san antonio spurs oklahoma city thunder,Devin Vassell,devin vassell,Robos (hitos),3+,0.0,7.4,player_steals_hito,STL,over,3,2.5,Devin Vassell 3+ STL,1,
659e6fb05440ecd1ed7d7546be88b78ad11ae91c,20260521_145741,2026-05-21T14:57:41-03:00,2026-05-21T17:57:41+00:00,betano,basketball,NBA,props_nba_20260521_145741.csv,San Antonio Spurs Oklahoma City Thunder,san antonio spurs oklahoma city thunder,Devin Vassell,devin vassell,Robos (hitos),4+,0.0,14,player_steals_hito,STL,over,4,3.5,Devin Vassell 4+ STL,1,
9dfc784033886c9961d02ed89dfe8edc8e26ccb6,20260521_145741,2026-05-21T14:57:41-03:00,2026-05-21T17:57:41+00:00,betano,basketball,NBA,props_nba_20260521_145741.csv,San Antonio Spurs Oklahoma City Thunder,san antonio spurs oklahoma city thunder,Dylan Harper,dylan harper,Robos (hitos),1+,0.0,1.44,player_steals_hito,STL,over,1,0.5,Dylan Harper 1+ STL,1,
2342b3ca3102ac5fd44c6331dbf36df65d054103,20260521_145741,2026-05-21T14:57:41-03:00,2026-05-21T17:57:41+00:00,betano,basketball,NBA,props_nba_20260521_145741.csv,San Antonio Spurs Oklahoma City Thunder,san antonio spurs oklahoma city thunder,Dylan Harper,dylan harper,Robos (hitos),2+,0.0,3.1,player_steals_hito,STL,over,2,1.5,Dylan Harper 2+ STL,1,
2b395f456d135a3604b53e5095185ac345820823,20260521_145741,2026-05-21T14:57:41-03:00,2026-05-21T17:57:41+00:00,betano,basketball,NBA,props_nba_20260521_145741.csv,San Antonio Spurs Oklahoma City Thunder,san antonio spurs oklahoma city thunder,Dylan Harper,dylan harper,Robos (hitos),3+,0.0,7.5,player_steals_hito,STL,over,3,2.5,Dylan Harper 3+ STL,1,
bcb266c67a9d412be3b9525cf77ff47286511471,20260521_145741,2026-05-21T14:57:41-03:00,2026-05-21T17:57:41+00:00,betano,basketball,NBA,props_nba_20260521_145741.csv,San Antonio Spurs Oklahoma City Thunder,san antonio spurs oklahoma city thunder,Dylan Harper,dylan harper,Robos (hitos),4+,0.0,14.5,player_steals_hito,STL,over,4,3.5,Dylan Harper 4+ STL,1,
70d806bfb6ba4b3f8ae1b1667db42224a7529171,20260521_145741,2026-05-21T14:57:41-03:00,2026-05-21T17:57:41+00:00,betano,basketball,NBA,props_nba_20260521_145741.csv,San Antonio Spurs Oklahoma City Thunder,san antonio spurs oklahoma city thunder,Victor Wembanyama,victor wembanyama,Robos (hitos),1+,0.0,1.47,player_steals_hito,STL,over,1,0.5,Victor Wembanyama 1+ STL,1,
aa634ffdb407876c1e00c109f91c955b59693e89,20260521_145741,2026-05-21T14:57:41-03:00,2026-05-21T17:57:41+00:00,betano,basketball,NBA,props_nba_20260521_145741.csv,San Antonio Spurs Oklahoma City Thunder,san antonio spurs oklahoma city thunder,Victor Wembanyama,victor wembanyama,Robos (hitos),2+,0.0,3.25,player_steals_hito,STL,over,2,1.5,Victor Wembanyama 2+ STL,1,
f0cfc2e69237e3a96753c5b72c4ba983095579b6,20260521_145741,2026-05-21T14:57:41-03:00,2026-05-21T17:57:41+00:00,betano,basketball,NBA,props_nba_20260521_145741.csv,San Antonio Spurs Oklahoma City Thunder,san antonio spurs oklahoma city thunder,Victor Wembanyama,victor wembanyama,Robos (hitos),3+,0.0,8,player_steals_hito,STL,over,3,2.5,Victor Wembanyama 3+ STL,1,
9006758dc1fa7187057416c0e901716eaf9f48a3,20260521_145741,2026-05-21T14:57:41-03:00,2026-05-21T17:57:41+00:00,betano,basketball,NBA,props_nba_20260521_145741.csv,San Antonio Spurs Oklahoma City Thunder,san antonio spurs oklahoma city thunder,Victor Wembanyama,victor wembanyama,Robos (hitos),4+,0.0,15,player_steals_hito,STL,over,4,3.5,Victor Wembanyama 4+ STL,1,
8b9074d81e66338be70214d85cf072ee1496c609,20260521_145741,2026-05-21T14:57:41-03:00,2026-05-21T17:57:41+00:00,betano,basketball,NBA,props_nba_20260521_145741.csv,San Antonio Spurs Oklahoma City Thunder,san antonio spurs oklahoma city thunder,De'Aaron Fox,de aaron fox,Robos (hitos),1+,0.0,1.5,player_steals_hito,STL,over,1,0.5,De'Aaron Fox 1+ STL,1,
cf3cf0c5987ef9bd174ab7f01efe809ffcc929ee,20260521_145741,2026-05-21T14:57:41-03:00,2026-05-21T17:57:41+00:00,betano,basketball,NBA,props_nba_20260521_145741.csv,San Antonio Spurs Oklahoma City Thunder,san antonio spurs oklahoma city thunder,De'Aaron Fox,de aaron fox,Robos (hitos),2+,0.0,3.25,player_steals_hito,STL,over,2,1.5,De'Aaron Fox 2+ STL,1,
6d74b6d69d3203a1612f911171c9fe5810795a7d,20260521_145741,2026-05-21T14:57:41-03:00,2026-05-21T17:57:41+00:00,betano,basketball,NBA,props_nba_20260521_145741.csv,San Antonio Spurs Oklahoma City Thunder,san antonio spurs oklahoma city thunder,De'Aaron Fox,de aaron fox,Robos (hitos),3+,0.0,8.25,player_steals_hito,STL,over,3,2.5,De'Aaron Fox 3+ STL,1,
06aee27c26ba3d81e095a507ef0a584066845dff,20260521_145741,2026-05-21T14:57:41-03:00,2026-05-21T17:57:41+00:00,betano,basketball,NBA,props_nba_20260521_145741.csv,San Antonio Spurs Oklahoma City Thunder,san antonio spurs oklahoma city thunder,De'Aaron Fox,de aaron fox,Robos (hitos),4+,0.0,15,player_steals_hito,STL,over,4,3.5,De'Aaron Fox 4+ STL,1,
566373d714101a0d49403920af8abafed7f493a1,20260521_145741,2026-05-21T14:57:41-03:00,2026-05-21T17:57:41+00:00,betano,basketball,NBA,props_nba_20260521_145741.csv,San Antonio Spurs Oklahoma City Thunder,san antonio spurs oklahoma city thunder,Isaiah Hartenstein,isaiah hartenstein,Robos (hitos),1+,0.0,1.53,player_steals_hito,STL,over,1,0.5,Isaiah Hartenstein 1+ STL,1,
2879af5b016602f56825242b01a844cf993608c0,20260521_145741,2026-05-21T14:57:41-03:00,2026-05-21T17:57:41+00:00,betano,basketball,NBA,props_nba_20260521_145741.csv,San Antonio Spurs Oklahoma City Thunder,san antonio spurs oklahoma city thunder,Isaiah Hartenstein,isaiah hartenstein,Robos (hitos),2+,0.0,3.6,player_steals_hito,STL,over,2,1.5,Isaiah Hartenstein 2+ STL,1,
1d0895736df49a3c9d04cbaba125e33271c5d1af,20260521_145741,2026-05-21T14:57:41-03:00,2026-05-21T17:57:41+00:00,betano,basketball,NBA,props_nba_20260521_145741.csv,San Antonio Spurs Oklahoma City Thunder,san antonio spurs oklahoma city thunder,Isaiah Hartenstein,isaiah hartenstein,Robos (hitos),3+,0.0,9,player_steals_hito,STL,over,3,2.5,Isaiah Hartenstein 3+ STL,1,
ab147088ac41e75492585fde6962ab5798e731e4,20260521_145741,2026-05-21T14:57:41-03:00,2026-05-21T17:57:41+00:00,betano,basketball,NBA,props_nba_20260521_145741.csv,San Antonio Spurs Oklahoma City Thunder,san antonio spurs oklahoma city thunder,Isaiah Hartenstein,isaiah hartenstein,Robos (hitos),4+,0.0,16,player_steals_hito,STL,over,4,3.5,Isaiah Hartenstein 4+ STL,1,
b476176fb16e6ae2a798002ab0ea0a74478669b0,20260521_145741,2026-05-21T14:57:41-03:00,2026-05-21T17:57:41+00:00,betano,basketball,NBA,props_nba_20260521_145741.csv,San Antonio Spurs Oklahoma City Thunder,san antonio spurs oklahoma city thunder,Luguentz Dort,luguentz dort,Robos (hitos),1+,0.0,1.91,player_steals_hito,STL,over,1,0.5,Luguentz Dort 1+ STL,1,
7a74dcda326a93ae7817f6cf2dd78f0bea058471,20260521_145741,2026-05-21T14:57:41-03:00,2026-05-21T17:57:41+00:00,betano,basketball,NBA,props_nba_20260521_145741.csv,San Antonio Spurs Oklahoma City Thunder,san antonio spurs oklahoma city thunder,Luguentz Dort,luguentz dort,Robos (hitos),2+,0.0,5.5,player_steals_hito,STL,over,2,1.5,Luguentz Dort 2+ STL,1,
8e0e7e1b7a50fc3a5690511b642b2afa971f4a96,20260521_145741,2026-05-21T14:57:41-03:00,2026-05-21T17:57:41+00:00,betano,basketball,NBA,props_nba_20260521_145741.csv,San Antonio Spurs Oklahoma City Thunder,san antonio spurs oklahoma city thunder,Luguentz Dort,luguentz dort,Robos (hitos),3+,0.0,13,player_steals_hito,STL,over,3,2.5,Luguentz Dort 3+ STL,1,
74d514c9cb9da524a9e357a5e798ea52889d759a,20260521_145741,2026-05-21T14:57:41-03:00,2026-05-21T17:57:41+00:00,betano,basketball,NBA,props_nba_20260521_145741.csv,San Antonio Spurs Oklahoma City Thunder,san antonio spurs oklahoma city thunder,Luguentz Dort,luguentz dort,Robos (hitos),4+,0.0,18.5,player_steals_hito,STL,over,4,3.5,Luguentz Dort 4+ STL,1,
a7a4c9b2c41c5c3fdc0ee3c6592248be793375b3,20260521_145741,2026-05-21T14:57:41-03:00,2026-05-21T17:57:41+00:00,betano,basketball,NBA,props_nba_20260521_145741.csv,San Antonio Spurs Oklahoma City Thunder,san antonio spurs oklahoma city thunder,Keldon Johnson,keldon johnson,Robos (hitos),1+,0.0,1.93,player_steals_hito,STL,over,1,0.5,Keldon Johnson 1+ STL,1,
e4776ce4b91b6f3cd85f27812dc3b13992ea38be,20260521_145741,2026-05-21T14:57:41-03:00,2026-05-21T17:57:41+00:00,betano,basketball,NBA,props_nba_20260521_145741.csv,San Antonio Spurs Oklahoma City Thunder,san antonio spurs oklahoma city thunder,Keldon Johnson,keldon johnson,Robos (hitos),2+,0.0,5.5,player_steals_hito,STL,over,2,1.5,Keldon Johnson 2+ STL,1,
fe953d3dddf3103267bb464bcc23203d6bf5be5f,20260521_145741,2026-05-21T14:57:41-03:00,2026-05-21T17:57:41+00:00,betano,basketball,NBA,props_nba_20260521_145741.csv,San Antonio Spurs Oklahoma City Thunder,san antonio spurs oklahoma city thunder,Keldon Johnson,keldon johnson,Robos (hitos),3+,0.0,13.5,player_steals_hito,STL,over,3,2.5,Keldon Johnson 3+ STL,1,
2f382589424171b67be01335e37259109fb71c58,20260521_145741,2026-05-21T14:57:41-03:00,2026-05-21T17:57:41+00:00,betano,basketball,NBA,props_nba_20260521_145741.csv,San Antonio Spurs Oklahoma City Thunder,san antonio spurs oklahoma city thunder,Victor Wembanyama,victor wembanyama,Tapones (hitos),3+,0.0,1.31,player_blocks_hito,BLK,over,3,2.5,Victor Wembanyama 3+ BLK,1,
72fa66ca1177f3ee15f54f04a832bd66750ded5c,20260521_145741,2026-05-21T14:57:41-03:00,2026-05-21T17:57:41+00:00,betano,basketball,NBA,props_nba_20260521_145741.csv,San Antonio Spurs Oklahoma City Thunder,san antonio spurs oklahoma city thunder,Victor Wembanyama,victor wembanyama,Tapones (hitos),4+,0.0,1.83,player_blocks_hito,BLK,over,4,3.5,Victor Wembanyama 4+ BLK,1,
854e8e5d422b47cfd50575f683d2b4d601db9030,20260521_145741,2026-05-21T14:57:41-03:00,2026-05-21T17:57:41+00:00,betano,basketball,NBA,props_nba_20260521_145741.csv,San Antonio Spurs Oklahoma City Thunder,san antonio spurs oklahoma city thunder,Victor Wembanyama,victor wembanyama,Tapones (hitos),5+,0.0,2.87,player_blocks_hito,BLK,over,5,4.5,Victor Wembanyama 5+ BLK,1,
ca3492ff372b3cb3c7e5aa0eaf27041067dc7825,20260521_145741,2026-05-21T14:57:41-03:00,2026-05-21T17:57:41+00:00,betano,basketball,NBA,props_nba_20260521_145741.csv,San Antonio Spurs Oklahoma City Thunder,san antonio spurs oklahoma city thunder,Victor Wembanyama,victor wembanyama,Tapones (hitos),6+,0.0,4.85,player_blocks_hito,BLK,over,6,5.5,Victor Wembanyama 6+ BLK,1,
214e755ef1f6640ee792e31eb0837d77b9973d3f,20260521_145741,2026-05-21T14:57:41-03:00,2026-05-21T17:57:41+00:00,betano,basketball,NBA,props_nba_20260521_145741.csv,San Antonio Spurs Oklahoma City Thunder,san antonio spurs oklahoma city thunder,Victor Wembanyama,victor wembanyama,Tapones (hitos),7+,0.0,8.25,player_blocks_hito,BLK,over,7,6.5,Victor Wembanyama 7+ BLK,1,
e744c5e494896726bfeefe1cd11c3dfc18afe2d7,20260521_145741,2026-05-21T14:57:41-03:00,2026-05-21T17:57:41+00:00,betano,basketball,NBA,props_nba_20260521_145741.csv,San Antonio Spurs Oklahoma City Thunder,san antonio spurs oklahoma city thunder,Victor Wembanyama,victor wembanyama,Tapones (hitos),8+,0.0,12.5,player_blocks_hito,BLK,over,8,7.5,Victor Wembanyama 8+ BLK,1,
6a7d02cc11d45ab43a2d1d6065c3685c97f23cc8,20260521_145741,2026-05-21T14:57:41-03:00,2026-05-21T17:57:41+00:00,betano,basketball,NBA,props_nba_20260521_145741.csv,San Antonio Spurs Oklahoma City Thunder,san antonio spurs oklahoma city thunder,Chet Holmgren,chet holmgren,Tapones (hitos),1+,0.0,1.14,player_blocks_hito,BLK,over,1,0.5,Chet Holmgren 1+ BLK,1,
3b2c0483f19ce39f9d13a2bc5c0ccbb048719028,20260521_145741,2026-05-21T14:57:41-03:00,2026-05-21T17:57:41+00:00,betano,basketball,NBA,props_nba_20260521_145741.csv,San Antonio Spurs Oklahoma City Thunder,san antonio spurs oklahoma city thunder,Chet Holmgren,chet holmgren,Tapones (hitos),2+,0.0,1.75,player_blocks_hito,BLK,over,2,1.5,Chet Holmgren 2+ BLK,1,
b7416c777dd85982861baaeabc7a3573452c4b7a,20260521_145741,2026-05-21T14:57:41-03:00,2026-05-21T17:57:41+00:00,betano,basketball,NBA,props_nba_20260521_145741.csv,San Antonio Spurs Oklahoma City Thunder,san antonio spurs oklahoma city thunder,Chet Holmgren,chet holmgren,Tapones (hitos),3+,0.0,3.3,player_blocks_hito,BLK,over,3,2.5,Chet Holmgren 3+ BLK,1,
6c2b44dd0cb448fc9b80cecb376458a5b06d050b,20260521_145741,2026-05-21T14:57:41-03:00,2026-05-21T17:57:41+00:00,betano,basketball,NBA,props_nba_20260521_145741.csv,San Antonio Spurs Oklahoma City Thunder,san antonio spurs oklahoma city thunder,Chet Holmgren,chet holmgren,Tapones (hitos),4+,0.0,6.9,player_blocks_hito,BLK,over,4,3.5,Chet Holmgren 4+ BLK,1,
68042f1167e25dcc785fda8997768c193f32f150,20260521_145741,2026-05-21T14:57:41-03:00,2026-05-21T17:57:41+00:00,betano,basketball,NBA,props_nba_20260521_145741.csv,San Antonio Spurs Oklahoma City Thunder,san antonio spurs oklahoma city thunder,Shai Gilgeous-Alexander,shai gilgeous alexander,Tapones (hitos),1+,0.0,1.7,player_blocks_hito,BLK,over,1,0.5,Shai Gilgeous-Alexander 1+ BLK,1,
a30548f6430fff716614e5bfc0847f039f115a2f,20260521_145741,2026-05-21T14:57:41-03:00,2026-05-21T17:57:41+00:00,betano,basketball,NBA,props_nba_20260521_145741.csv,San Antonio Spurs Oklahoma City Thunder,san antonio spurs oklahoma city thunder,Shai Gilgeous-Alexander,shai gilgeous alexander,Tapones (hitos),2+,0.0,4.45,player_blocks_hito,BLK,over,2,1.5,Shai Gilgeous-Alexander 2+ BLK,1,
1d047673a2200f83c3fe70b75a118032b04903fe,20260521_145741,2026-05-21T14:57:41-03:00,2026-05-21T17:57:41+00:00,betano,basketball,NBA,props_nba_20260521_145741.csv,San Antonio Spurs Oklahoma City Thunder,san antonio spurs oklahoma city thunder,Shai Gilgeous-Alexander,shai gilgeous alexander,Tapones (hitos),3+,0.0,11.25,player_blocks_hito,BLK,over,3,2.5,Shai Gilgeous-Alexander 3+ BLK,1,
d29e2e024e82951bc7f684387de635cba4d61756,20260521_145741,2026-05-21T14:57:41-03:00,2026-05-21T17:57:41+00:00,betano,basketball,NBA,props_nba_20260521_145741.csv,San Antonio Spurs Oklahoma City Thunder,san antonio spurs oklahoma city thunder,Shai Gilgeous-Alexander,shai gilgeous alexander,Tapones (hitos),4+,0.0,18,player_blocks_hito,BLK,over,4,3.5,Shai Gilgeous-Alexander 4+ BLK,1,
65b2242a4a443519f27feacdd6336504f7aea3f5,20260521_145741,2026-05-21T14:57:41-03:00,2026-05-21T17:57:41+00:00,betano,basketball,NBA,props_nba_20260521_145741.csv,San Antonio Spurs Oklahoma City Thunder,san antonio spurs oklahoma city thunder,Isaiah Hartenstein,isaiah hartenstein,Tapones (hitos),1+,0.0,1.9,player_blocks_hito,BLK,over,1,0.5,Isaiah Hartenstein 1+ BLK,1,
69579fafc4f3ac144611226796f75b5efebdd892,20260521_145741,2026-05-21T14:57:41-03:00,2026-05-21T17:57:41+00:00,betano,basketball,NBA,props_nba_20260521_145741.csv,San Antonio Spurs Oklahoma City Thunder,san antonio spurs oklahoma city thunder,Isaiah Hartenstein,isaiah hartenstein,Tapones (hitos),2+,0.0,5.4,player_blocks_hito,BLK,over,2,1.5,Isaiah Hartenstein 2+ BLK,1,
383311fae6bf88bbe0509289e0f0adfe0ac55436,20260521_145741,2026-05-21T14:57:41-03:00,2026-05-21T17:57:41+00:00,betano,basketball,NBA,props_nba_20260521_145741.csv,San Antonio Spurs Oklahoma City Thunder,san antonio spurs oklahoma city thunder,Isaiah Hartenstein,isaiah hartenstein,Tapones (hitos),3+,0.0,13,player_blocks_hito,BLK,over,3,2.5,Isaiah Hartenstein 3+ BLK,1,
1bd08c98a972011ce3593516b009d31345615999,20260521_145741,2026-05-21T14:57:41-03:00,2026-05-21T17:57:41+00:00,betano,basketball,NBA,props_nba_20260521_145741.csv,San Antonio Spurs Oklahoma City Thunder,san antonio spurs oklahoma city thunder,Isaiah Hartenstein,isaiah hartenstein,Tapones (hitos),4+,0.0,18.5,player_blocks_hito,BLK,over,4,3.5,Isaiah Hartenstein 4+ BLK,1,
10b72a5f0a687beb3964001b9faa941e4c3b6c32,20260521_145741,2026-05-21T14:57:41-03:00,2026-05-21T17:57:41+00:00,betano,basketball,NBA,props_nba_20260521_145741.csv,San Antonio Spurs Oklahoma City Thunder,san antonio spurs oklahoma city thunder,Devin Vassell,devin vassell,Tapones (hitos),1+,0.0,2.07,player_blocks_hito,BLK,over,1,0.5,Devin Vassell 1+ BLK,1,
ab96761dc24605e5e9833bde39fd95798c3ab13c,20260521_145741,2026-05-21T14:57:41-03:00,2026-05-21T17:57:41+00:00,betano,basketball,NBA,props_nba_20260521_145741.csv,San Antonio Spurs Oklahoma City Thunder,san antonio spurs oklahoma city thunder,Devin Vassell,devin vassell,Tapones (hitos),2+,0.0,6.3,player_blocks_hito,BLK,over,2,1.5,Devin Vassell 2+ BLK,1,
210a00748f5971eae8ac8dd003b067517228d525,20260521_145741,2026-05-21T14:57:41-03:00,2026-05-21T17:57:41+00:00,betano,basketball,NBA,props_nba_20260521_145741.csv,San Antonio Spurs Oklahoma City Thunder,san antonio spurs oklahoma city thunder,Devin Vassell,devin vassell,Tapones (hitos),3+,0.0,14.5,player_blocks_hito,BLK,over,3,2.5,Devin Vassell 3+ BLK,1,
70b32dd3c4d0e6e833e967d95e1d7ef187cbd373,20260521_145741,2026-05-21T14:57:41-03:00,2026-05-21T17:57:41+00:00,betano,basketball,NBA,props_nba_20260521_145741.csv,San Antonio Spurs Oklahoma City Thunder,san antonio spurs oklahoma city thunder,Alex Caruso,alex caruso,Tapones (hitos),1+,0.0,2.67,player_blocks_hito,BLK,over,1,0.5,Alex Caruso 1+ BLK,1,
2e0f39ea0f6bc35ddefab0039c9c54edab2258fb,20260521_145741,2026-05-21T14:57:41-03:00,2026-05-21T17:57:41+00:00,betano,basketball,NBA,props_nba_20260521_145741.csv,San Antonio Spurs Oklahoma City Thunder,san antonio spurs oklahoma city thunder,Alex Caruso,alex caruso,Tapones (hitos),2+,0.0,9.25,player_blocks_hito,BLK,over,2,1.5,Alex Caruso 2+ BLK,1,
34f3e5c554948d9643c14ee4d8b2d5a824bdae5a,20260521_145741,2026-05-21T14:57:41-03:00,2026-05-21T17:57:41+00:00,betano,basketball,NBA,props_nba_20260521_145741.csv,San Antonio Spurs Oklahoma City Thunder,san antonio spurs oklahoma city thunder,Alex Caruso,alex caruso,Tapones (hitos),3+,0.0,17.5,player_blocks_hito,BLK,over,3,2.5,Alex Caruso 3+ BLK,1,
486c9474e56f396a367c32dd07fd53be4024b97e,20260521_145741,2026-05-21T14:57:41-03:00,2026-05-21T17:57:41+00:00,betano,basketball,NBA,props_nba_20260521_145741.csv,San Antonio Spurs Oklahoma City Thunder,san antonio spurs oklahoma city thunder,Julian Champagnie,julian champagnie,Tapones (hitos),1+,0.0,2.77,player_blocks_hito,BLK,over,1,0.5,Julian Champagnie 1+ BLK,1,
75572214c5d5b61b4d31776fb65d11391576ebf7,20260521_145741,2026-05-21T14:57:41-03:00,2026-05-21T17:57:41+00:00,betano,basketball,NBA,props_nba_20260521_145741.csv,San Antonio Spurs Oklahoma City Thunder,san antonio spurs oklahoma city thunder,Julian Champagnie,julian champagnie,Tapones (hitos),2+,0.0,9.75,player_blocks_hito,BLK,over,2,1.5,Julian Champagnie 2+ BLK,1,
6503bd161f4538c7092484d75e6ef99e1ad1336f,20260521_145741,2026-05-21T14:57:41-03:00,2026-05-21T17:57:41+00:00,betano,basketball,NBA,props_nba_20260521_145741.csv,San Antonio Spurs Oklahoma City Thunder,san antonio spurs oklahoma city thunder,Julian Champagnie,julian champagnie,Tapones (hitos),3+,0.0,18,player_blocks_hito,BLK,over,3,2.5,Julian Champagnie 3+ BLK,1,
dc334ac4af461d27dde911de4a3faf1892fab32c,20260521_145741,2026-05-21T14:57:41-03:00,2026-05-21T17:57:41+00:00,betano,basketball,NBA,props_nba_20260521_145741.csv,San Antonio Spurs Oklahoma City Thunder,san antonio spurs oklahoma city thunder,Dylan Harper,dylan harper,Tapones (hitos),1+,0.0,3.1,player_blocks_hito,BLK,over,1,0.5,Dylan Harper 1+ BLK,1,
482ccafb249998ed3f2e66ee9441779bc913c991,20260521_145741,2026-05-21T14:57:41-03:00,2026-05-21T17:57:41+00:00,betano,basketball,NBA,props_nba_20260521_145741.csv,San Antonio Spurs Oklahoma City Thunder,san antonio spurs oklahoma city thunder,Dylan Harper,dylan harper,Tapones (hitos),2+,0.0,11,player_blocks_hito,BLK,over,2,1.5,Dylan Harper 2+ BLK,1,
d00d17c9c3481159f5753bcae1436e734068cfbb,20260521_145741,2026-05-21T14:57:41-03:00,2026-05-21T17:57:41+00:00,betano,basketball,NBA,props_nba_20260521_145741.csv,San Antonio Spurs Oklahoma City Thunder,san antonio spurs oklahoma city thunder,Stephon Castle,stephon castle,Tapones (hitos),1+,0.0,3.25,player_blocks_hito,BLK,over,1,0.5,Stephon Castle 1+ BLK,1,
a6dd72511bdc6e46bcb2d8d0afd0ca35b8367a87,20260521_145741,2026-05-21T14:57:41-03:00,2026-05-21T17:57:41+00:00,betano,basketball,NBA,props_nba_20260521_145741.csv,San Antonio Spurs Oklahoma City Thunder,san antonio spurs oklahoma city thunder,Stephon Castle,stephon castle,Tapones (hitos),2+,0.0,11.5,player_blocks_hito,BLK,over,2,1.5,Stephon Castle 2+ BLK,1,
7a8fa06057bc0049ff894a1d1f036bf474f4f20f,20260521_145741,2026-05-21T14:57:41-03:00,2026-05-21T17:57:41+00:00,betano,basketball,NBA,props_nba_20260521_145741.csv,San Antonio Spurs Oklahoma City Thunder,san antonio spurs oklahoma city thunder,Jalen Williams,jalen williams,Tapones (hitos),1+,0.0,3.35,player_blocks_hito,BLK,over,1,0.5,Jalen Williams 1+ BLK,1,
2024f2cbbc7dd25c3e318c66f8cf41b545d4e984,20260521_145741,2026-05-21T14:57:41-03:00,2026-05-21T17:57:41+00:00,betano,basketball,NBA,props_nba_20260521_145741.csv,San Antonio Spurs Oklahoma City Thunder,san antonio spurs oklahoma city thunder,Jalen Williams,jalen williams,Tapones (hitos),2+,0.0,12.5,player_blocks_hito,BLK,over,2,1.5,Jalen Williams 2+ BLK,1,
8017ca5843dd00794c2e87f7832f21e02a871b47,20260521_145741,2026-05-21T14:57:41-03:00,2026-05-21T17:57:41+00:00,betano,basketball,NBA,props_nba_20260521_145741.csv,San Antonio Spurs Oklahoma City Thunder,san antonio spurs oklahoma city thunder,Cason Wallace,cason wallace,Tapones (hitos),1+,0.0,3.5,player_blocks_hito,BLK,over,1,0.5,Cason Wallace 1+ BLK,1,
31b7c3db7c984507a6ea14230445a5a868886bd2,20260521_145741,2026-05-21T14:57:41-03:00,2026-05-21T17:57:41+00:00,betano,basketball,NBA,props_nba_20260521_145741.csv,San Antonio Spurs Oklahoma City Thunder,san antonio spurs oklahoma city thunder,Cason Wallace,cason wallace,Tapones (hitos),2+,0.0,12.5,player_blocks_hito,BLK,over,2,1.5,Cason Wallace 2+ BLK,1,
057e02ba81c95b62240bd9c3f33a49a9ad5b0ccc,20260521_145741,2026-05-21T14:57:41-03:00,2026-05-21T17:57:41+00:00,betano,basketball,NBA,props_nba_20260521_145741.csv,San Antonio Spurs Oklahoma City Thunder,san antonio spurs oklahoma city thunder,De'Aaron Fox,de aaron fox,Tapones (hitos),1+,0.0,4.1,player_blocks_hito,BLK,over,1,0.5,De'Aaron Fox 1+ BLK,1,
4506bf032caec90858e76f295b05a74833fd48b6,20260521_145741,2026-05-21T14:57:41-03:00,2026-05-21T17:57:41+00:00,betano,basketball,NBA,props_nba_20260521_145741.csv,San Antonio Spurs Oklahoma City Thunder,san antonio spurs oklahoma city thunder,De'Aaron Fox,de aaron fox,Tapones (hitos),2+,0.0,14.5,player_blocks_hito,BLK,over,2,1.5,De'Aaron Fox 2+ BLK,1,
fe9d8c2d85668565fd962c7cec30add37ef82055,20260521_145741,2026-05-21T14:57:41-03:00,2026-05-21T17:57:41+00:00,betano,basketball,NBA,props_nba_20260521_145741.csv,San Antonio Spurs Oklahoma City Thunder,san antonio spurs oklahoma city thunder,Ajay Mitchell,ajay mitchell,Tapones (hitos),1+,0.0,4.15,player_blocks_hito,BLK,over,1,0.5,Ajay Mitchell 1+ BLK,1,
abc7c061d4f7fe5dff4a5382acabdce01164b264,20260521_145741,2026-05-21T14:57:41-03:00,2026-05-21T17:57:41+00:00,betano,basketball,NBA,props_nba_20260521_145741.csv,San Antonio Spurs Oklahoma City Thunder,san antonio spurs oklahoma city thunder,Ajay Mitchell,ajay mitchell,Tapones (hitos),2+,0.0,14.5,player_blocks_hito,BLK,over,2,1.5,Ajay Mitchell 2+ BLK,1,
4515a1b219a5f4f9778c4c2fd649a29c2f63748f,20260521_145741,2026-05-21T14:57:41-03:00,2026-05-21T17:57:41+00:00,betano,basketball,NBA,props_nba_20260521_145741.csv,San Antonio Spurs Oklahoma City Thunder,san antonio spurs oklahoma city thunder,Keldon Johnson,keldon johnson,Tapones (hitos),1+,0.0,4.85,player_blocks_hito,BLK,over,1,0.5,Keldon Johnson 1+ BLK,1,
9a232b22ece8b96a333839755fa4346e0c5ab41d,20260521_145741,2026-05-21T14:57:41-03:00,2026-05-21T17:57:41+00:00,betano,basketball,NBA,props_nba_20260521_145741.csv,San Antonio Spurs Oklahoma City Thunder,san antonio spurs oklahoma city thunder,Keldon Johnson,keldon johnson,Tapones (hitos),2+,0.0,16,player_blocks_hito,BLK,over,2,1.5,Keldon Johnson 2+ BLK,1,
f3743c20309c6b23dd8f05258dfb377ca8cb98b2,20260521_145741,2026-05-21T14:57:41-03:00,2026-05-21T17:57:41+00:00,betano,basketball,NBA,props_nba_20260521_145741.csv,San Antonio Spurs Oklahoma City Thunder,san antonio spurs oklahoma city thunder,Victor Wembanyama,victor wembanyama,PRA (hitos),42+,0.0,1.62,player_pra_hito,PRA,over,42,41.5,Victor Wembanyama 42+ PRA,1,
a63f050745fd1d6ffd45d1b014ffb7421ba21411,20260521_145741,2026-05-21T14:57:41-03:00,2026-05-21T17:57:41+00:00,betano,basketball,NBA,props_nba_20260521_145741.csv,San Antonio Spurs Oklahoma City Thunder,san antonio spurs oklahoma city thunder,Victor Wembanyama,victor wembanyama,PRA (hitos),44+,0.0,1.91,player_pra_hito,PRA,over,44,43.5,Victor Wembanyama 44+ PRA,1,
642f2f3f93c2694b088d6db5df32f4e068a6b54b,20260521_145741,2026-05-21T14:57:41-03:00,2026-05-21T17:57:41+00:00,betano,basketball,NBA,props_nba_20260521_145741.csv,San Antonio Spurs Oklahoma City Thunder,san antonio spurs oklahoma city thunder,Victor Wembanyama,victor wembanyama,PRA (hitos),46+,0.0,2.37,player_pra_hito,PRA,over,46,45.5,Victor Wembanyama 46+ PRA,1,
a6c3ea9ff99da0c3d0776dc3e12e9d08b033c747,20260521_145741,2026-05-21T14:57:41-03:00,2026-05-21T17:57:41+00:00,betano,basketball,NBA,props_nba_20260521_145741.csv,San Antonio Spurs Oklahoma City Thunder,san antonio spurs oklahoma city thunder,Victor Wembanyama,victor wembanyama,PRA (hitos),48+,0.0,3,player_pra_hito,PRA,over,48,47.5,Victor Wembanyama 48+ PRA,1,
364949c83a0d0de5b5f24a7ae38ca43d300754a7,20260521_145741,2026-05-21T14:57:41-03:00,2026-05-21T17:57:41+00:00,betano,basketball,NBA,props_nba_20260521_145741.csv,San Antonio Spurs Oklahoma City Thunder,san antonio spurs oklahoma city thunder,Victor Wembanyama,victor wembanyama,PRA (hitos),50+,0.0,3.9,player_pra_hito,PRA,over,50,49.5,Victor Wembanyama 50+ PRA,1,
00f7595eed29563d90a1a2a99cd81d0edef021ff,20260521_145741,2026-05-21T14:57:41-03:00,2026-05-21T17:57:41+00:00,betano,basketball,NBA,props_nba_20260521_145741.csv,San Antonio Spurs Oklahoma City Thunder,san antonio spurs oklahoma city thunder,Victor Wembanyama,victor wembanyama,PRA (hitos),52+,0.0,5.1,player_pra_hito,PRA,over,52,51.5,Victor Wembanyama 52+ PRA,1,
ff0809ceb88d5ec85737a067ad9a6e6680ae6178,20260521_145741,2026-05-21T14:57:41-03:00,2026-05-21T17:57:41+00:00,betano,basketball,NBA,props_nba_20260521_145741.csv,San Antonio Spurs Oklahoma City Thunder,san antonio spurs oklahoma city thunder,Victor Wembanyama,victor wembanyama,PRA (hitos),54+,0.0,6.6,player_pra_hito,PRA,over,54,53.5,Victor Wembanyama 54+ PRA,1,
ce3d88624c6fcd2f474d6820f9058c76b81171b1,20260521_145741,2026-05-21T14:57:41-03:00,2026-05-21T17:57:41+00:00,betano,basketball,NBA,props_nba_20260521_145741.csv,San Antonio Spurs Oklahoma City Thunder,san antonio spurs oklahoma city thunder,Victor Wembanyama,victor wembanyama,PRA (hitos),56+,0.0,8.5,player_pra_hito,PRA,over,56,55.5,Victor Wembanyama 56+ PRA,1,
9b6da2163ecd915be8faa0f69b7b05065946bf56,20260521_145741,2026-05-21T14:57:41-03:00,2026-05-21T17:57:41+00:00,betano,basketball,NBA,props_nba_20260521_145741.csv,San Antonio Spurs Oklahoma City Thunder,san antonio spurs oklahoma city thunder,Victor Wembanyama,victor wembanyama,PRA (hitos),58+,0.0,10.75,player_pra_hito,PRA,over,58,57.5,Victor Wembanyama 58+ PRA,1,
fa83566366b540651c6fab3511800d836cbac459,20260521_145741,2026-05-21T14:57:41-03:00,2026-05-21T17:57:41+00:00,betano,basketball,NBA,props_nba_20260521_145741.csv,San Antonio Spurs Oklahoma City Thunder,san antonio spurs oklahoma city thunder,Shai Gilgeous-Alexander,shai gilgeous alexander,PRA (hitos),40+,0.0,1.34,player_pra_hito,PRA,over,40,39.5,Shai Gilgeous-Alexander 40+ PRA,1,
653031bff1a50d37637eb6a513977b28650ad760,20260521_145741,2026-05-21T14:57:41-03:00,2026-05-21T17:57:41+00:00,betano,basketball,NBA,props_nba_20260521_145741.csv,San Antonio Spurs Oklahoma City Thunder,san antonio spurs oklahoma city thunder,Shai Gilgeous-Alexander,shai gilgeous alexander,PRA (hitos),41+,0.0,1.44,player_pra_hito,PRA,over,41,40.5,Shai Gilgeous-Alexander 41+ PRA,1,
57bde49e001046bd82a72ef310dd39737296d8b6,20260521_145741,2026-05-21T14:57:41-03:00,2026-05-21T17:57:41+00:00,betano,basketball,NBA,props_nba_20260521_145741.csv,San Antonio Spurs Oklahoma City Thunder,san antonio spurs oklahoma city thunder,Shai Gilgeous-Alexander,shai gilgeous alexander,PRA (hitos),42+,0.0,1.55,player_pra_hito,PRA,over,42,41.5,Shai Gilgeous-Alexander 42+ PRA,1,
cc7363bde2614ae1aa5a84f05f2412582ad9fa50,20260521_145741,2026-05-21T14:57:41-03:00,2026-05-21T17:57:41+00:00,betano,basketball,NBA,props_nba_20260521_145741.csv,San Antonio Spurs Oklahoma City Thunder,san antonio spurs oklahoma city thunder,Shai Gilgeous-Alexander,shai gilgeous alexander,PRA (hitos),43+,0.0,1.67,player_pra_hito,PRA,over,43,42.5,Shai Gilgeous-Alexander 43+ PRA,1,
080c2d77529c02f66b9263d1f451f1968e24f556,20260521_145741,2026-05-21T14:57:41-03:00,2026-05-21T17:57:41+00:00,betano,basketball,NBA,props_nba_20260521_145741.csv,San Antonio Spurs Oklahoma City Thunder,san antonio spurs oklahoma city thunder,Shai Gilgeous-Alexander,shai gilgeous alexander,PRA (hitos),44+,0.0,1.83,player_pra_hito,PRA,over,44,43.5,Shai Gilgeous-Alexander 44+ PRA,1,
3bdedd29c989727c5ebd343cb8c8d38c65de2175,20260521_145741,2026-05-21T14:57:41-03:00,2026-05-21T17:57:41+00:00,betano,basketball,NBA,props_nba_20260521_145741.csv,San Antonio Spurs Oklahoma City Thunder,san antonio spurs oklahoma city thunder,Shai Gilgeous-Alexander,shai gilgeous alexander,PRA (hitos),45+,0.0,2.02,player_pra_hito,PRA,over,45,44.5,Shai Gilgeous-Alexander 45+ PRA,1,
8221593e2afd277ed91671d99a8d64f7ae016a84,20260521_145741,2026-05-21T14:57:41-03:00,2026-05-21T17:57:41+00:00,betano,basketball,NBA,props_nba_20260521_145741.csv,San Antonio Spurs Oklahoma City Thunder,san antonio spurs oklahoma city thunder,Shai Gilgeous-Alexander,shai gilgeous alexander,PRA (hitos),46+,0.0,2.22,player_pra_hito,PRA,over,46,45.5,Shai Gilgeous-Alexander 46+ PRA,1,
6352ba1f382efe9814df8874fd40a1282c0b8ea6,20260521_145741,2026-05-21T14:57:41-03:00,2026-05-21T17:57:41+00:00,betano,basketball,NBA,props_nba_20260521_145741.csv,San Antonio Spurs Oklahoma City Thunder,san antonio spurs oklahoma city thunder,Shai Gilgeous-Alexander,shai gilgeous alexander,PRA (hitos),47+,0.0,2.47,player_pra_hito,PRA,over,47,46.5,Shai Gilgeous-Alexander 47+ PRA,1,
581b075fefcdfc48e4b3f24b300cbb7eb7ffe297,20260521_145741,2026-05-21T14:57:41-03:00,2026-05-21T17:57:41+00:00,betano,basketball,NBA,props_nba_20260521_145741.csv,San Antonio Spurs Oklahoma City Thunder,san antonio spurs oklahoma city thunder,Shai Gilgeous-Alexander,shai gilgeous alexander,PRA (hitos),48+,0.0,2.75,player_pra_hito,PRA,over,48,47.5,Shai Gilgeous-Alexander 48+ PRA,1,
821fb35dbe98ab49f041cfcca8ff9b9c05f507e3,20260521_145741,2026-05-21T14:57:41-03:00,2026-05-21T17:57:41+00:00,betano,basketball,NBA,props_nba_20260521_145741.csv,San Antonio Spurs Oklahoma City Thunder,san antonio spurs oklahoma city thunder,Stephon Castle,stephon castle,PRA (hitos),30+,0.0,1.55,player_pra_hito,PRA,over,30,29.5,Stephon Castle 30+ PRA,1,
dd3dba2c967e344b893200914507dd22756f2de5,20260521_145741,2026-05-21T14:57:41-03:00,2026-05-21T17:57:41+00:00,betano,basketball,NBA,props_nba_20260521_145741.csv,San Antonio Spurs Oklahoma City Thunder,san antonio spurs oklahoma city thunder,Stephon Castle,stephon castle,PRA (hitos),32+,0.0,1.87,player_pra_hito,PRA,over,32,31.5,Stephon Castle 32+ PRA,1,
626091c5c386f8de73b9159a66b5c81897ee4b2f,20260521_145741,2026-05-21T14:57:41-03:00,2026-05-21T17:57:41+00:00,betano,basketball,NBA,props_nba_20260521_145741.csv,San Antonio Spurs Oklahoma City Thunder,san antonio spurs oklahoma city thunder,Stephon Castle,stephon castle,PRA (hitos),34+,0.0,2.37,player_pra_hito,PRA,over,34,33.5,Stephon Castle 34+ PRA,1,
3b0cf552bfbd041e12e51172f7d65b73af94865a,20260521_145741,2026-05-21T14:57:41-03:00,2026-05-21T17:57:41+00:00,betano,basketball,NBA,props_nba_20260521_145741.csv,San Antonio Spurs Oklahoma City Thunder,san antonio spurs oklahoma city thunder,Stephon Castle,stephon castle,PRA (hitos),36+,0.0,3.1,player_pra_hito,PRA,over,36,35.5,Stephon Castle 36+ PRA,1,
b6b6b87137ffc6b49abea5a97be90b2500f1f65c,20260521_145741,2026-05-21T14:57:41-03:00,2026-05-21T17:57:41+00:00,betano,basketball,NBA,props_nba_20260521_145741.csv,San Antonio Spurs Oklahoma City Thunder,san antonio spurs oklahoma city thunder,Stephon Castle,stephon castle,PRA (hitos),38+,0.0,4.15,player_pra_hito,PRA,over,38,37.5,Stephon Castle 38+ PRA,1,
04769dcb9305b8e57c3947e98b8616b93886922f,20260521_145741,2026-05-21T14:57:41-03:00,2026-05-21T17:57:41+00:00,betano,basketball,NBA,props_nba_20260521_145741.csv,San Antonio Spurs Oklahoma City Thunder,san antonio spurs oklahoma city thunder,Stephon Castle,stephon castle,PRA (hitos),40+,0.0,5.6,player_pra_hito,PRA,over,40,39.5,Stephon Castle 40+ PRA,1,
e5a6cd3a8a4c1509ccbe35a8933a5d122a036847,20260521_145741,2026-05-21T14:57:41-03:00,2026-05-21T17:57:41+00:00,betano,basketball,NBA,props_nba_20260521_145741.csv,San Antonio Spurs Oklahoma City Thunder,san antonio spurs oklahoma city thunder,Stephon Castle,stephon castle,PRA (hitos),42+,0.0,7.7,player_pra_hito,PRA,over,42,41.5,Stephon Castle 42+ PRA,1,
d73b297575865fdc0ba63f3d91c397b4330c75ee,20260521_145741,2026-05-21T14:57:41-03:00,2026-05-21T17:57:41+00:00,betano,basketball,NBA,props_nba_20260521_145741.csv,San Antonio Spurs Oklahoma City Thunder,san antonio spurs oklahoma city thunder,Stephon Castle,stephon castle,PRA (hitos),44+,0.0,10.25,player_pra_hito,PRA,over,44,43.5,Stephon Castle 44+ PRA,1,
dc3ff5ac7adb98605ed79cb414537b30bac695a5,20260521_145741,2026-05-21T14:57:41-03:00,2026-05-21T17:57:41+00:00,betano,basketball,NBA,props_nba_20260521_145741.csv,San Antonio Spurs Oklahoma City Thunder,san antonio spurs oklahoma city thunder,Stephon Castle,stephon castle,PRA (hitos),46+,0.0,13,player_pra_hito,PRA,over,46,45.5,Stephon Castle 46+ PRA,1,
0e3dd7277a98dbd748e5f5c5575f1194af4e3308,20260521_145741,2026-05-21T14:57:41-03:00,2026-05-21T17:57:41+00:00,betano,basketball,NBA,props_nba_20260521_145741.csv,San Antonio Spurs Oklahoma City Thunder,san antonio spurs oklahoma city thunder,Jalen Williams,jalen williams,PRA (hitos),22+,0.0,1.52,player_pra_hito,PRA,over,22,21.5,Jalen Williams 22+ PRA,1,
c61ec753f4c7b72fde8deacdad0c1e8b29802c92,20260521_145741,2026-05-21T14:57:41-03:00,2026-05-21T17:57:41+00:00,betano,basketball,NBA,props_nba_20260521_145741.csv,San Antonio Spurs Oklahoma City Thunder,san antonio spurs oklahoma city thunder,Jalen Williams,jalen williams,PRA (hitos),24+,0.0,1.9,player_pra_hito,PRA,over,24,23.5,Jalen Williams 24+ PRA,1,
6bab43225d16e573e27dc291700b318fecf3dfca,20260521_145741,2026-05-21T14:57:41-03:00,2026-05-21T17:57:41+00:00,betano,basketball,NBA,props_nba_20260521_145741.csv,San Antonio Spurs Oklahoma City Thunder,san antonio spurs oklahoma city thunder,Jalen Williams,jalen williams,PRA (hitos),26+,0.0,2.47,player_pra_hito,PRA,over,26,25.5,Jalen Williams 26+ PRA,1,
0e6a55134d88c2dd28a5bdb2c8223a445f6fe98d,20260521_145741,2026-05-21T14:57:41-03:00,2026-05-21T17:57:41+00:00,betano,basketball,NBA,props_nba_20260521_145741.csv,San Antonio Spurs Oklahoma City Thunder,san antonio spurs oklahoma city thunder,Jalen Williams,jalen williams,PRA (hitos),28+,0.0,3.4,player_pra_hito,PRA,over,28,27.5,Jalen Williams 28+ PRA,1,
d68f2a05baa65e4b94b17cae1f49530fc3b82da2,20260521_145741,2026-05-21T14:57:41-03:00,2026-05-21T17:57:41+00:00,betano,basketball,NBA,props_nba_20260521_145741.csv,San Antonio Spurs Oklahoma City Thunder,san antonio spurs oklahoma city thunder,Jalen Williams,jalen williams,PRA (hitos),30+,0.0,4.8,player_pra_hito,PRA,over,30,29.5,Jalen Williams 30+ PRA,1,
c91abd5f376390634920c26bb04256093555baf0,20260521_145741,2026-05-21T14:57:41-03:00,2026-05-21T17:57:41+00:00,betano,basketball,NBA,props_nba_20260521_145741.csv,San Antonio Spurs Oklahoma City Thunder,san antonio spurs oklahoma city thunder,Jalen Williams,jalen williams,PRA (hitos),32+,0.0,6.7,player_pra_hito,PRA,over,32,31.5,Jalen Williams 32+ PRA,1,
675fbed850cabc8fd5d8986c3fff3026f36c90b9,20260521_145741,2026-05-21T14:57:41-03:00,2026-05-21T17:57:41+00:00,betano,basketball,NBA,props_nba_20260521_145741.csv,San Antonio Spurs Oklahoma City Thunder,san antonio spurs oklahoma city thunder,Jalen Williams,jalen williams,PRA (hitos),34+,0.0,9.25,player_pra_hito,PRA,over,34,33.5,Jalen Williams 34+ PRA,1,
4644985058e2f4d6b1e031736c7c5b0d39879b04,20260521_145741,2026-05-21T14:57:41-03:00,2026-05-21T17:57:41+00:00,betano,basketball,NBA,props_nba_20260521_145741.csv,San Antonio Spurs Oklahoma City Thunder,san antonio spurs oklahoma city thunder,Jalen Williams,jalen williams,PRA (hitos),36+,0.0,12.5,player_pra_hito,PRA,over,36,35.5,Jalen Williams 36+ PRA,1,
61834c393937116dae0f0c5abe169b9d1b0842f7,20260521_145741,2026-05-21T14:57:41-03:00,2026-05-21T17:57:41+00:00,betano,basketball,NBA,props_nba_20260521_145741.csv,San Antonio Spurs Oklahoma City Thunder,san antonio spurs oklahoma city thunder,Jalen Williams,jalen williams,PRA (hitos),38+,0.0,15.5,player_pra_hito,PRA,over,38,37.5,Jalen Williams 38+ PRA,1,
d7efdfa5efcc484f71fe81052d93628ab63663ef,20260521_145741,2026-05-21T14:57:41-03:00,2026-05-21T17:57:41+00:00,betano,basketball,NBA,props_nba_20260521_145741.csv,San Antonio Spurs Oklahoma City Thunder,san antonio spurs oklahoma city thunder,De'Aaron Fox,de aaron fox,PRA (hitos),20+,0.0,1.45,player_pra_hito,PRA,over,20,19.5,De'Aaron Fox 20+ PRA,1,
0bbc7a3b354bff89bd9e672c3846b08c739ea24c,20260521_145741,2026-05-21T14:57:41-03:00,2026-05-21T17:57:41+00:00,betano,basketball,NBA,props_nba_20260521_145741.csv,San Antonio Spurs Oklahoma City Thunder,san antonio spurs oklahoma city thunder,De'Aaron Fox,de aaron fox,PRA (hitos),21+,0.0,1.6,player_pra_hito,PRA,over,21,20.5,De'Aaron Fox 21+ PRA,1,
3dd20081fa0f6dae12abbc2f5b2515ed8ef2783f,20260521_145741,2026-05-21T14:57:41-03:00,2026-05-21T17:57:41+00:00,betano,basketball,NBA,props_nba_20260521_145741.csv,San Antonio Spurs Oklahoma City Thunder,san antonio spurs oklahoma city thunder,De'Aaron Fox,de aaron fox,PRA (hitos),22+,0.0,1.78,player_pra_hito,PRA,over,22,21.5,De'Aaron Fox 22+ PRA,1,
b91a6c46dc24dfc6de2c0c5e6b87343de5ec5f52,20260521_145741,2026-05-21T14:57:41-03:00,2026-05-21T17:57:41+00:00,betano,basketball,NBA,props_nba_20260521_145741.csv,San Antonio Spurs Oklahoma City Thunder,san antonio spurs oklahoma city thunder,De'Aaron Fox,de aaron fox,PRA (hitos),23+,0.0,2,player_pra_hito,PRA,over,23,22.5,De'Aaron Fox 23+ PRA,1,
4251d425c3553589edc29e9b81bbfe9523dac5c7,20260521_145741,2026-05-21T14:57:41-03:00,2026-05-21T17:57:41+00:00,betano,basketball,NBA,props_nba_20260521_145741.csv,San Antonio Spurs Oklahoma City Thunder,san antonio spurs oklahoma city thunder,De'Aaron Fox,de aaron fox,PRA (hitos),24+,0.0,2.27,player_pra_hito,PRA,over,24,23.5,De'Aaron Fox 24+ PRA,1,
973b2b5c21b7f8e0ec5e447580c384b6415f5182,20260521_145741,2026-05-21T14:57:41-03:00,2026-05-21T17:57:41+00:00,betano,basketball,NBA,props_nba_20260521_145741.csv,San Antonio Spurs Oklahoma City Thunder,san antonio spurs oklahoma city thunder,De'Aaron Fox,de aaron fox,PRA (hitos),25+,0.0,2.62,player_pra_hito,PRA,over,25,24.5,De'Aaron Fox 25+ PRA,1,
e2e91dcbb9176a9b2f5a4e488c2f2da630b469b8,20260521_145741,2026-05-21T14:57:41-03:00,2026-05-21T17:57:41+00:00,betano,basketball,NBA,props_nba_20260521_145741.csv,San Antonio Spurs Oklahoma City Thunder,san antonio spurs oklahoma city thunder,De'Aaron Fox,de aaron fox,PRA (hitos),26+,0.0,3.05,player_pra_hito,PRA,over,26,25.5,De'Aaron Fox 26+ PRA,1,
4bfbfc6f44b64fad9c25be1613647b6be3f54d27,20260521_145741,2026-05-21T14:57:41-03:00,2026-05-21T17:57:41+00:00,betano,basketball,NBA,props_nba_20260521_145741.csv,San Antonio Spurs Oklahoma City Thunder,san antonio spurs oklahoma city thunder,De'Aaron Fox,de aaron fox,PRA (hitos),27+,0.0,3.55,player_pra_hito,PRA,over,27,26.5,De'Aaron Fox 27+ PRA,1,
30d8980c942c4c1fdb8a58570e04cb6f8832ea5a,20260521_145741,2026-05-21T14:57:41-03:00,2026-05-21T17:57:41+00:00,betano,basketball,NBA,props_nba_20260521_145741.csv,San Antonio Spurs Oklahoma City Thunder,san antonio spurs oklahoma city thunder,De'Aaron Fox,de aaron fox,PRA (hitos),28+,0.0,4.25,player_pra_hito,PRA,over,28,27.5,De'Aaron Fox 28+ PRA,1,
d7722508fd87bcdc0c4d3fa0a9ec977089e2a5fe,20260521_145741,2026-05-21T14:57:41-03:00,2026-05-21T17:57:41+00:00,betano,basketball,NBA,props_nba_20260521_145741.csv,San Antonio Spurs Oklahoma City Thunder,san antonio spurs oklahoma city thunder,Devin Vassell,devin vassell,PRA (hitos),20+,0.0,1.5,player_pra_hito,PRA,over,20,19.5,Devin Vassell 20+ PRA,1,
49040a2bfed9c0ae36bf9ec6d196c44f8e6be64a,20260521_145741,2026-05-21T14:57:41-03:00,2026-05-21T17:57:41+00:00,betano,basketball,NBA,props_nba_20260521_145741.csv,San Antonio Spurs Oklahoma City Thunder,san antonio spurs oklahoma city thunder,Devin Vassell,devin vassell,PRA (hitos),22+,0.0,1.85,player_pra_hito,PRA,over,22,21.5,Devin Vassell 22+ PRA,1,
756726ad3e511178f993868358ab1275a153a78a,20260521_145741,2026-05-21T14:57:41-03:00,2026-05-21T17:57:41+00:00,betano,basketball,NBA,props_nba_20260521_145741.csv,San Antonio Spurs Oklahoma City Thunder,san antonio spurs oklahoma city thunder,Devin Vassell,devin vassell,PRA (hitos),24+,0.0,2.35,player_pra_hito,PRA,over,24,23.5,Devin Vassell 24+ PRA,1,
34a92812444b83ffcc68bfafb0b544c2514d255c,20260521_145741,2026-05-21T14:57:41-03:00,2026-05-21T17:57:41+00:00,betano,basketball,NBA,props_nba_20260521_145741.csv,San Antonio Spurs Oklahoma City Thunder,san antonio spurs oklahoma city thunder,Devin Vassell,devin vassell,PRA (hitos),26+,0.0,3.15,player_pra_hito,PRA,over,26,25.5,Devin Vassell 26+ PRA,1,
6d38ca9f33e7f6536c1bcc15e28ec7b2617fb0ab,20260521_145741,2026-05-21T14:57:41-03:00,2026-05-21T17:57:41+00:00,betano,basketball,NBA,props_nba_20260521_145741.csv,San Antonio Spurs Oklahoma City Thunder,san antonio spurs oklahoma city thunder,Devin Vassell,devin vassell,PRA (hitos),28+,0.0,4.25,player_pra_hito,PRA,over,28,27.5,Devin Vassell 28+ PRA,1,
38918d03ceb3faf78a9ed03c6c4fe385c872e529,20260521_145741,2026-05-21T14:57:41-03:00,2026-05-21T17:57:41+00:00,betano,basketball,NBA,props_nba_20260521_145741.csv,San Antonio Spurs Oklahoma City Thunder,san antonio spurs oklahoma city thunder,Devin Vassell,devin vassell,PRA (hitos),30+,0.0,5.9,player_pra_hito,PRA,over,30,29.5,Devin Vassell 30+ PRA,1,
9d6225cb5f6424d904fbf427d24e3767915c4db9,20260521_145741,2026-05-21T14:57:41-03:00,2026-05-21T17:57:41+00:00,betano,basketball,NBA,props_nba_20260521_145741.csv,San Antonio Spurs Oklahoma City Thunder,san antonio spurs oklahoma city thunder,Devin Vassell,devin vassell,PRA (hitos),32+,0.0,8,player_pra_hito,PRA,over,32,31.5,Devin Vassell 32+ PRA,1,
f2b993fef71fc21bba39d0ebc9f148b1edbd3d28,20260521_145741,2026-05-21T14:57:41-03:00,2026-05-21T17:57:41+00:00,betano,basketball,NBA,props_nba_20260521_145741.csv,San Antonio Spurs Oklahoma City Thunder,san antonio spurs oklahoma city thunder,Devin Vassell,devin vassell,PRA (hitos),34+,0.0,10.75,player_pra_hito,PRA,over,34,33.5,Devin Vassell 34+ PRA,1,
6df7d30d3a45d73cb60e1a33cd250798f544f186,20260521_145741,2026-05-21T14:57:41-03:00,2026-05-21T17:57:41+00:00,betano,basketball,NBA,props_nba_20260521_145741.csv,San Antonio Spurs Oklahoma City Thunder,san antonio spurs oklahoma city thunder,Devin Vassell,devin vassell,PRA (hitos),36+,0.0,13.5,player_pra_hito,PRA,over,36,35.5,Devin Vassell 36+ PRA,1,
e1df98f99fac66c9b8dd302910adc6192119304b,20260521_145741,2026-05-21T14:57:41-03:00,2026-05-21T17:57:41+00:00,betano,basketball,NBA,props_nba_20260521_145741.csv,San Antonio Spurs Oklahoma City Thunder,san antonio spurs oklahoma city thunder,Dylan Harper,dylan harper,PRA (hitos),19+,0.0,1.47,player_pra_hito,PRA,over,19,18.5,Dylan Harper 19+ PRA,1,
85625b021e0e3faae2a3509f9f581c56f3d4b269,20260521_145741,2026-05-21T14:57:41-03:00,2026-05-21T17:57:41+00:00,betano,basketball,NBA,props_nba_20260521_145741.csv,San Antonio Spurs Oklahoma City Thunder,san antonio spurs oklahoma city thunder,Dylan Harper,dylan harper,PRA (hitos),21+,0.0,1.83,player_pra_hito,PRA,over,21,20.5,Dylan Harper 21+ PRA,1,
0d6ed17ff7dcd205da9d8aace248521875ed6d9d,20260521_145741,2026-05-21T14:57:41-03:00,2026-05-21T17:57:41+00:00,betano,basketball,NBA,props_nba_20260521_145741.csv,San Antonio Spurs Oklahoma City Thunder,san antonio spurs oklahoma city thunder,Dylan Harper,dylan harper,PRA (hitos),23+,0.0,2.42,player_pra_hito,PRA,over,23,22.5,Dylan Harper 23+ PRA,1,
187791c1becfdc50db644ce36a2639995d1ab308,20260521_145741,2026-05-21T14:57:41-03:00,2026-05-21T17:57:41+00:00,betano,basketball,NBA,props_nba_20260521_145741.csv,San Antonio Spurs Oklahoma City Thunder,san antonio spurs oklahoma city thunder,Dylan Harper,dylan harper,PRA (hitos),25+,0.0,3.35,player_pra_hito,PRA,over,25,24.5,Dylan Harper 25+ PRA,1,
5a791756341c627df0717d44a9e2906d0a8a2dac,20260521_145741,2026-05-21T14:57:41-03:00,2026-05-21T17:57:41+00:00,betano,basketball,NBA,props_nba_20260521_145741.csv,San Antonio Spurs Oklahoma City Thunder,san antonio spurs oklahoma city thunder,Dylan Harper,dylan harper,PRA (hitos),27+,0.0,4.8,player_pra_hito,PRA,over,27,26.5,Dylan Harper 27+ PRA,1,
12128bd1bd10e9a58d2392e7b665d9709474f983,20260521_145741,2026-05-21T14:57:41-03:00,2026-05-21T17:57:41+00:00,betano,basketball,NBA,props_nba_20260521_145741.csv,San Antonio Spurs Oklahoma City Thunder,san antonio spurs oklahoma city thunder,Dylan Harper,dylan harper,PRA (hitos),29+,0.0,6.9,player_pra_hito,PRA,over,29,28.5,Dylan Harper 29+ PRA,1,
97f8f7865f66f8ad4d100289b0cc7b369668e295,20260521_145741,2026-05-21T14:57:41-03:00,2026-05-21T17:57:41+00:00,betano,basketball,NBA,props_nba_20260521_145741.csv,San Antonio Spurs Oklahoma City Thunder,san antonio spurs oklahoma city thunder,Dylan Harper,dylan harper,PRA (hitos),31+,0.0,9.5,player_pra_hito,PRA,over,31,30.5,Dylan Harper 31+ PRA,1,
3bf70943535bf656e478f2ef785c0fb08e443798,20260521_145741,2026-05-21T14:57:41-03:00,2026-05-21T17:57:41+00:00,betano,basketball,NBA,props_nba_20260521_145741.csv,San Antonio Spurs Oklahoma City Thunder,san antonio spurs oklahoma city thunder,Dylan Harper,dylan harper,PRA (hitos),33+,0.0,13,player_pra_hito,PRA,over,33,32.5,Dylan Harper 33+ PRA,1,
e0bd0967232976e01b8b6997d6e3011415747822,20260521_145741,2026-05-21T14:57:41-03:00,2026-05-21T17:57:41+00:00,betano,basketball,NBA,props_nba_20260521_145741.csv,San Antonio Spurs Oklahoma City Thunder,san antonio spurs oklahoma city thunder,Dylan Harper,dylan harper,PRA (hitos),35+,0.0,15.5,player_pra_hito,PRA,over,35,34.5,Dylan Harper 35+ PRA,1,
68271c014e97a337e352fb3b4fc1537e150cf7ce,20260521_145741,2026-05-21T14:57:41-03:00,2026-05-21T17:57:41+00:00,betano,basketball,NBA,props_nba_20260521_145741.csv,San Antonio Spurs Oklahoma City Thunder,san antonio spurs oklahoma city thunder,Ajay Mitchell,ajay mitchell,PRA (hitos),18+,0.0,1.52,player_pra_hito,PRA,over,18,17.5,Ajay Mitchell 18+ PRA,1,
5a4eb13a9b610bb3f3f8147b7fb25dcbcc17a365,20260521_145741,2026-05-21T14:57:41-03:00,2026-05-21T17:57:41+00:00,betano,basketball,NBA,props_nba_20260521_145741.csv,San Antonio Spurs Oklahoma City Thunder,san antonio spurs oklahoma city thunder,Ajay Mitchell,ajay mitchell,PRA (hitos),20+,0.0,1.95,player_pra_hito,PRA,over,20,19.5,Ajay Mitchell 20+ PRA,1,
1bda1bb3443776322a7126270abde1afe298a0d5,20260521_145741,2026-05-21T14:57:41-03:00,2026-05-21T17:57:41+00:00,betano,basketball,NBA,props_nba_20260521_145741.csv,San Antonio Spurs Oklahoma City Thunder,san antonio spurs oklahoma city thunder,Ajay Mitchell,ajay mitchell,PRA (hitos),22+,0.0,2.6,player_pra_hito,PRA,over,22,21.5,Ajay Mitchell 22+ PRA,1,
f6e630504ca6edd0e01fedb767fa4f6ab2980d6e,20260521_145741,2026-05-21T14:57:41-03:00,2026-05-21T17:57:41+00:00,betano,basketball,NBA,props_nba_20260521_145741.csv,San Antonio Spurs Oklahoma City Thunder,san antonio spurs oklahoma city thunder,Ajay Mitchell,ajay mitchell,PRA (hitos),24+,0.0,3.65,player_pra_hito,PRA,over,24,23.5,Ajay Mitchell 24+ PRA,1,
c71edc73a0ca956377cc1c691a92423c5561869f,20260521_145741,2026-05-21T14:57:41-03:00,2026-05-21T17:57:41+00:00,betano,basketball,NBA,props_nba_20260521_145741.csv,San Antonio Spurs Oklahoma City Thunder,san antonio spurs oklahoma city thunder,Ajay Mitchell,ajay mitchell,PRA (hitos),26+,0.0,5.2,player_pra_hito,PRA,over,26,25.5,Ajay Mitchell 26+ PRA,1,
1507e07dd013ea8fd88b249ade94d13adfa70585,20260521_145741,2026-05-21T14:57:41-03:00,2026-05-21T17:57:41+00:00,betano,basketball,NBA,props_nba_20260521_145741.csv,San Antonio Spurs Oklahoma City Thunder,san antonio spurs oklahoma city thunder,Ajay Mitchell,ajay mitchell,PRA (hitos),28+,0.0,7.5,player_pra_hito,PRA,over,28,27.5,Ajay Mitchell 28+ PRA,1,
ade604b2615c3a1b451787a71f9dd3dc519a85cb,20260521_145741,2026-05-21T14:57:41-03:00,2026-05-21T17:57:41+00:00,betano,basketball,NBA,props_nba_20260521_145741.csv,San Antonio Spurs Oklahoma City Thunder,san antonio spurs oklahoma city thunder,Ajay Mitchell,ajay mitchell,PRA (hitos),30+,0.0,10.5,player_pra_hito,PRA,over,30,29.5,Ajay Mitchell 30+ PRA,1,
13d493b60b23851512b7924bee87ca85e8d97eeb,20260521_145741,2026-05-21T14:57:41-03:00,2026-05-21T17:57:41+00:00,betano,basketball,NBA,props_nba_20260521_145741.csv,San Antonio Spurs Oklahoma City Thunder,san antonio spurs oklahoma city thunder,Ajay Mitchell,ajay mitchell,PRA (hitos),32+,0.0,14,player_pra_hito,PRA,over,32,31.5,Ajay Mitchell 32+ PRA,1,
05ab648e62638a47083df44d0bc8058027ca39a3,20260521_145741,2026-05-21T14:57:41-03:00,2026-05-21T17:57:41+00:00,betano,basketball,NBA,props_nba_20260521_145741.csv,San Antonio Spurs Oklahoma City Thunder,san antonio spurs oklahoma city thunder,Ajay Mitchell,ajay mitchell,PRA (hitos),34+,0.0,16.5,player_pra_hito,PRA,over,34,33.5,Ajay Mitchell 34+ PRA,1,
f0ff34dd6468bd565e28f3c027c0851a30d21873,20260521_145741,2026-05-21T14:57:41-03:00,2026-05-21T17:57:41+00:00,betano,basketball,NBA,props_nba_20260521_145741.csv,San Antonio Spurs Oklahoma City Thunder,san antonio spurs oklahoma city thunder,Victor Wembanyama,victor wembanyama,RA (hitos),16+,0.0,1.3,player_ra_hito,RA,over,16,15.5,Victor Wembanyama 16+ RA,1,
632a4609c1ed95cf86d433f9cc15dcc2fb5046a5,20260521_145741,2026-05-21T14:57:41-03:00,2026-05-21T17:57:41+00:00,betano,basketball,NBA,props_nba_20260521_145741.csv,San Antonio Spurs Oklahoma City Thunder,san antonio spurs oklahoma city thunder,Victor Wembanyama,victor wembanyama,RA (hitos),17+,0.0,1.47,player_ra_hito,RA,over,17,16.5,Victor Wembanyama 17+ RA,1,
367ae2e85f8f94d7f1cb678a813978547c4191ec,20260521_145741,2026-05-21T14:57:41-03:00,2026-05-21T17:57:41+00:00,betano,basketball,NBA,props_nba_20260521_145741.csv,San Antonio Spurs Oklahoma City Thunder,san antonio spurs oklahoma city thunder,Victor Wembanyama,victor wembanyama,RA (hitos),18+,0.0,1.72,player_ra_hito,RA,over,18,17.5,Victor Wembanyama 18+ RA,1,
4f3749bbbc2578e0e9152ce39958b0a1ea3da848,20260521_145741,2026-05-21T14:57:41-03:00,2026-05-21T17:57:41+00:00,betano,basketball,NBA,props_nba_20260521_145741.csv,San Antonio Spurs Oklahoma City Thunder,san antonio spurs oklahoma city thunder,Victor Wembanyama,victor wembanyama,RA (hitos),19+,0.0,2.07,player_ra_hito,RA,over,19,18.5,Victor Wembanyama 19+ RA,1,
fe1c85ee7264e226bf0a554d43a5005d1a096227,20260521_145741,2026-05-21T14:57:41-03:00,2026-05-21T17:57:41+00:00,betano,basketball,NBA,props_nba_20260521_145741.csv,San Antonio Spurs Oklahoma City Thunder,san antonio spurs oklahoma city thunder,Victor Wembanyama,victor wembanyama,RA (hitos),20+,0.0,2.57,player_ra_hito,RA,over,20,19.5,Victor Wembanyama 20+ RA,1,
bb06400151697e4c7ba7d0b397704fcd81e34547,20260521_145741,2026-05-21T14:57:41-03:00,2026-05-21T17:57:41+00:00,betano,basketball,NBA,props_nba_20260521_145741.csv,San Antonio Spurs Oklahoma City Thunder,san antonio spurs oklahoma city thunder,Victor Wembanyama,victor wembanyama,RA (hitos),21+,0.0,3.25,player_ra_hito,RA,over,21,20.5,Victor Wembanyama 21+ RA,1,
00aa1bf199355a27607d5c672959814b1273f95e,20260521_145741,2026-05-21T14:57:41-03:00,2026-05-21T17:57:41+00:00,betano,basketball,NBA,props_nba_20260521_145741.csv,San Antonio Spurs Oklahoma City Thunder,san antonio spurs oklahoma city thunder,Victor Wembanyama,victor wembanyama,RA (hitos),22+,0.0,4.2,player_ra_hito,RA,over,22,21.5,Victor Wembanyama 22+ RA,1,
464c2c7f15e5bac44d1694db940d24922f9d237f,20260521_145741,2026-05-21T14:57:41-03:00,2026-05-21T17:57:41+00:00,betano,basketball,NBA,props_nba_20260521_145741.csv,San Antonio Spurs Oklahoma City Thunder,san antonio spurs oklahoma city thunder,Victor Wembanyama,victor wembanyama,RA (hitos),23+,0.0,5.5,player_ra_hito,RA,over,23,22.5,Victor Wembanyama 23+ RA,1,
19bdde877d999b52b15a5e1afd3cb7cd48e7c403,20260521_145741,2026-05-21T14:57:41-03:00,2026-05-21T17:57:41+00:00,betano,basketball,NBA,props_nba_20260521_145741.csv,San Antonio Spurs Oklahoma City Thunder,san antonio spurs oklahoma city thunder,Victor Wembanyama,victor wembanyama,RA (hitos),24+,0.0,7.2,player_ra_hito,RA,over,24,23.5,Victor Wembanyama 24+ RA,1,
f4c57bd9857ef57573c463dfceef787d39ba54d7,20260521_145741,2026-05-21T14:57:41-03:00,2026-05-21T17:57:41+00:00,betano,basketball,NBA,props_nba_20260521_145741.csv,San Antonio Spurs Oklahoma City Thunder,san antonio spurs oklahoma city thunder,Stephon Castle,stephon castle,RA (hitos),11+,0.0,1.24,player_ra_hito,RA,over,11,10.5,Stephon Castle 11+ RA,1,
9cd1e908a9554662ee031d694980bbd2ff42f6eb,20260521_145741,2026-05-21T14:57:41-03:00,2026-05-21T17:57:41+00:00,betano,basketball,NBA,props_nba_20260521_145741.csv,San Antonio Spurs Oklahoma City Thunder,san antonio spurs oklahoma city thunder,Stephon Castle,stephon castle,RA (hitos),12+,0.0,1.42,player_ra_hito,RA,over,12,11.5,Stephon Castle 12+ RA,1,
3db06a9d8d27b7005fc5b2906783c593fef4d23a,20260521_145741,2026-05-21T14:57:41-03:00,2026-05-21T17:57:41+00:00,betano,basketball,NBA,props_nba_20260521_145741.csv,San Antonio Spurs Oklahoma City Thunder,san antonio spurs oklahoma city thunder,Stephon Castle,stephon castle,RA (hitos),13+,0.0,1.7,player_ra_hito,RA,over,13,12.5,Stephon Castle 13+ RA,1,
446b06b2bc84c92b710d6e880689c0fbc4f57b27,20260521_145741,2026-05-21T14:57:41-03:00,2026-05-21T17:57:41+00:00,betano,basketball,NBA,props_nba_20260521_145741.csv,San Antonio Spurs Oklahoma City Thunder,san antonio spurs oklahoma city thunder,Stephon Castle,stephon castle,RA (hitos),14+,0.0,2.12,player_ra_hito,RA,over,14,13.5,Stephon Castle 14+ RA,1,
392f4ec2f8879de310cd7406064bd30a56ac5898,20260521_145741,2026-05-21T14:57:41-03:00,2026-05-21T17:57:41+00:00,betano,basketball,NBA,props_nba_20260521_145741.csv,San Antonio Spurs Oklahoma City Thunder,san antonio spurs oklahoma city thunder,Stephon Castle,stephon castle,RA (hitos),15+,0.0,2.72,player_ra_hito,RA,over,15,14.5,Stephon Castle 15+ RA,1,
ca6c8ab6f73c1aaf856c7aa4a77ecabcd2653379,20260521_145741,2026-05-21T14:57:41-03:00,2026-05-21T17:57:41+00:00,betano,basketball,NBA,props_nba_20260521_145741.csv,San Antonio Spurs Oklahoma City Thunder,san antonio spurs oklahoma city thunder,Stephon Castle,stephon castle,RA (hitos),16+,0.0,3.65,player_ra_hito,RA,over,16,15.5,Stephon Castle 16+ RA,1,
3aa0a242843c0ccdc9744b33c8bcb9be28506b13,20260521_145741,2026-05-21T14:57:41-03:00,2026-05-21T17:57:41+00:00,betano,basketball,NBA,props_nba_20260521_145741.csv,San Antonio Spurs Oklahoma City Thunder,san antonio spurs oklahoma city thunder,Stephon Castle,stephon castle,RA (hitos),17+,0.0,5,player_ra_hito,RA,over,17,16.5,Stephon Castle 17+ RA,1,
b9742f408b47ad1c1c2e313c47fe0d17dff1b18b,20260521_145741,2026-05-21T14:57:41-03:00,2026-05-21T17:57:41+00:00,betano,basketball,NBA,props_nba_20260521_145741.csv,San Antonio Spurs Oklahoma City Thunder,san antonio spurs oklahoma city thunder,Stephon Castle,stephon castle,RA (hitos),18+,0.0,6.7,player_ra_hito,RA,over,18,17.5,Stephon Castle 18+ RA,1,
87ec829968419e0c91f742e935eda71312f48c4d,20260521_145741,2026-05-21T14:57:41-03:00,2026-05-21T17:57:41+00:00,betano,basketball,NBA,props_nba_20260521_145741.csv,San Antonio Spurs Oklahoma City Thunder,san antonio spurs oklahoma city thunder,Stephon Castle,stephon castle,RA (hitos),19+,0.0,9,player_ra_hito,RA,over,19,18.5,Stephon Castle 19+ RA,1,
91fc7407efada71177e247490764a5d119a5bcc4,20260521_145741,2026-05-21T14:57:41-03:00,2026-05-21T17:57:41+00:00,betano,basketball,NBA,props_nba_20260521_145741.csv,San Antonio Spurs Oklahoma City Thunder,san antonio spurs oklahoma city thunder,Shai Gilgeous-Alexander,shai gilgeous alexander,RA (hitos),10+,0.0,1.14,player_ra_hito,RA,over,10,9.5,Shai Gilgeous-Alexander 10+ RA,1,
ff67b3bbcc0ec33ba3375cfaef02b9af52925bfb,20260521_145741,2026-05-21T14:57:41-03:00,2026-05-21T17:57:41+00:00,betano,basketball,NBA,props_nba_20260521_145741.csv,San Antonio Spurs Oklahoma City Thunder,san antonio spurs oklahoma city thunder,Shai Gilgeous-Alexander,shai gilgeous alexander,RA (hitos),11+,0.0,1.31,player_ra_hito,RA,over,11,10.5,Shai Gilgeous-Alexander 11+ RA,1,
baa4a140e5493e3b04f17841820b0baa27c55235,20260521_145741,2026-05-21T14:57:41-03:00,2026-05-21T17:57:41+00:00,betano,basketball,NBA,props_nba_20260521_145741.csv,San Antonio Spurs Oklahoma City Thunder,san antonio spurs oklahoma city thunder,Shai Gilgeous-Alexander,shai gilgeous alexander,RA (hitos),12+,0.0,1.55,player_ra_hito,RA,over,12,11.5,Shai Gilgeous-Alexander 12+ RA,1,
c22d7738c6376698d7b74726fac419f92c066a45,20260521_145741,2026-05-21T14:57:41-03:00,2026-05-21T17:57:41+00:00,betano,basketball,NBA,props_nba_20260521_145741.csv,San Antonio Spurs Oklahoma City Thunder,san antonio spurs oklahoma city thunder,Shai Gilgeous-Alexander,shai gilgeous alexander,RA (hitos),13+,0.0,1.91,player_ra_hito,RA,over,13,12.5,Shai Gilgeous-Alexander 13+ RA,1,
8bfc109c7fc3d9f447c4cdb5655573009a82956a,20260521_145741,2026-05-21T14:57:41-03:00,2026-05-21T17:57:41+00:00,betano,basketball,NBA,props_nba_20260521_145741.csv,San Antonio Spurs Oklahoma City Thunder,san antonio spurs oklahoma city thunder,Shai Gilgeous-Alexander,shai gilgeous alexander,RA (hitos),14+,0.0,2.42,player_ra_hito,RA,over,14,13.5,Shai Gilgeous-Alexander 14+ RA,1,
dd809aa05cd70b4747b62246fe23fa2ffb5ff625,20260521_145741,2026-05-21T14:57:41-03:00,2026-05-21T17:57:41+00:00,betano,basketball,NBA,props_nba_20260521_145741.csv,San Antonio Spurs Oklahoma City Thunder,san antonio spurs oklahoma city thunder,Shai Gilgeous-Alexander,shai gilgeous alexander,RA (hitos),15+,0.0,3.15,player_ra_hito,RA,over,15,14.5,Shai Gilgeous-Alexander 15+ RA,1,
470e24233be3eca4f9b2acea02ceecd6284289ff,20260521_145741,2026-05-21T14:57:41-03:00,2026-05-21T17:57:41+00:00,betano,basketball,NBA,props_nba_20260521_145741.csv,San Antonio Spurs Oklahoma City Thunder,san antonio spurs oklahoma city thunder,Shai Gilgeous-Alexander,shai gilgeous alexander,RA (hitos),16+,0.0,4.1,player_ra_hito,RA,over,16,15.5,Shai Gilgeous-Alexander 16+ RA,1,
43230e6bd5a13dcb3ba0b787d85193f7d01e058f,20260521_145741,2026-05-21T14:57:41-03:00,2026-05-21T17:57:41+00:00,betano,basketball,NBA,props_nba_20260521_145741.csv,San Antonio Spurs Oklahoma City Thunder,san antonio spurs oklahoma city thunder,Shai Gilgeous-Alexander,shai gilgeous alexander,RA (hitos),17+,0.0,5.2,player_ra_hito,RA,over,17,16.5,Shai Gilgeous-Alexander 17+ RA,1,
cc4ebf9545b2424222be0afa03be202a3c844530,20260521_145741,2026-05-21T14:57:41-03:00,2026-05-21T17:57:41+00:00,betano,basketball,NBA,props_nba_20260521_145741.csv,San Antonio Spurs Oklahoma City Thunder,san antonio spurs oklahoma city thunder,Shai Gilgeous-Alexander,shai gilgeous alexander,RA (hitos),18+,0.0,6.3,player_ra_hito,RA,over,18,17.5,Shai Gilgeous-Alexander 18+ RA,1,
cfa7248e8a6d5c499cf9a108a91322bad0ce629b,20260521_145741,2026-05-21T14:57:41-03:00,2026-05-21T17:57:41+00:00,betano,basketball,NBA,props_nba_20260521_145741.csv,San Antonio Spurs Oklahoma City Thunder,san antonio spurs oklahoma city thunder,Isaiah Hartenstein,isaiah hartenstein,RA (hitos),9+,0.0,1.15,player_ra_hito,RA,over,9,8.5,Isaiah Hartenstein 9+ RA,1,
4c5ea0295aa7f0dca21bd47cf732d39efb57fe51,20260521_145741,2026-05-21T14:57:41-03:00,2026-05-21T17:57:41+00:00,betano,basketball,NBA,props_nba_20260521_145741.csv,San Antonio Spurs Oklahoma City Thunder,san antonio spurs oklahoma city thunder,Isaiah Hartenstein,isaiah hartenstein,RA (hitos),11+,0.0,1.57,player_ra_hito,RA,over,11,10.5,Isaiah Hartenstein 11+ RA,1,
ea5153509e5bea8f681b9e1dcece878bd00dc46b,20260521_145741,2026-05-21T14:57:41-03:00,2026-05-21T17:57:41+00:00,betano,basketball,NBA,props_nba_20260521_145741.csv,San Antonio Spurs Oklahoma City Thunder,san antonio spurs oklahoma city thunder,Isaiah Hartenstein,isaiah hartenstein,RA (hitos),13+,0.0,2.5,player_ra_hito,RA,over,13,12.5,Isaiah Hartenstein 13+ RA,1,
457e1fd81c7185fb967f31bcedb3e9b156eb2edc,20260521_145741,2026-05-21T14:57:41-03:00,2026-05-21T17:57:41+00:00,betano,basketball,NBA,props_nba_20260521_145741.csv,San Antonio Spurs Oklahoma City Thunder,san antonio spurs oklahoma city thunder,Isaiah Hartenstein,isaiah hartenstein,RA (hitos),15+,0.0,4.35,player_ra_hito,RA,over,15,14.5,Isaiah Hartenstein 15+ RA,1,
d389d261f08e170c5e066d3ebabf30d991380728,20260521_145741,2026-05-21T14:57:41-03:00,2026-05-21T17:57:41+00:00,betano,basketball,NBA,props_nba_20260521_145741.csv,San Antonio Spurs Oklahoma City Thunder,san antonio spurs oklahoma city thunder,Isaiah Hartenstein,isaiah hartenstein,RA (hitos),17+,0.0,6.9,player_ra_hito,RA,over,17,16.5,Isaiah Hartenstein 17+ RA,1,
26824269b84939a44d46bff93ec2ff63509517be,20260521_145741,2026-05-21T14:57:41-03:00,2026-05-21T17:57:41+00:00,betano,basketball,NBA,props_nba_20260521_145741.csv,San Antonio Spurs Oklahoma City Thunder,san antonio spurs oklahoma city thunder,Isaiah Hartenstein,isaiah hartenstein,RA (hitos),19+,0.0,9,player_ra_hito,RA,over,19,18.5,Isaiah Hartenstein 19+ RA,1,
da062189cd5e52e13a34a0ebac54e04e3133ea5c,20260521_145741,2026-05-21T14:57:41-03:00,2026-05-21T17:57:41+00:00,betano,basketball,NBA,props_nba_20260521_145741.csv,San Antonio Spurs Oklahoma City Thunder,san antonio spurs oklahoma city thunder,Dylan Harper,dylan harper,RA (hitos),8+,0.0,1.6,player_ra_hito,RA,over,8,7.5,Dylan Harper 8+ RA,1,
4c269dda9ddf91a2d25e3438a62b3a70fece1808,20260521_145741,2026-05-21T14:57:41-03:00,2026-05-21T17:57:41+00:00,betano,basketball,NBA,props_nba_20260521_145741.csv,San Antonio Spurs Oklahoma City Thunder,san antonio spurs oklahoma city thunder,Dylan Harper,dylan harper,RA (hitos),9+,0.0,2.1,player_ra_hito,RA,over,9,8.5,Dylan Harper 9+ RA,1,
53b034d4c08aae538898dcc82ef4f769652f7ebd,20260521_145741,2026-05-21T14:57:41-03:00,2026-05-21T17:57:41+00:00,betano,basketball,NBA,props_nba_20260521_145741.csv,San Antonio Spurs Oklahoma City Thunder,san antonio spurs oklahoma city thunder,Dylan Harper,dylan harper,RA (hitos),10+,0.0,2.87,player_ra_hito,RA,over,10,9.5,Dylan Harper 10+ RA,1,
091ae8b6110c9d3bc1c6a3bf89799bba2c51d00e,20260521_145741,2026-05-21T14:57:41-03:00,2026-05-21T17:57:41+00:00,betano,basketball,NBA,props_nba_20260521_145741.csv,San Antonio Spurs Oklahoma City Thunder,san antonio spurs oklahoma city thunder,Dylan Harper,dylan harper,RA (hitos),11+,0.0,4.1,player_ra_hito,RA,over,11,10.5,Dylan Harper 11+ RA,1,
0632658f0e125d45efbe8264cc7d5c77d036f633,20260521_145741,2026-05-21T14:57:41-03:00,2026-05-21T17:57:41+00:00,betano,basketball,NBA,props_nba_20260521_145741.csv,San Antonio Spurs Oklahoma City Thunder,san antonio spurs oklahoma city thunder,Dylan Harper,dylan harper,RA (hitos),12+,0.0,6,player_ra_hito,RA,over,12,11.5,Dylan Harper 12+ RA,1,
d3fd2fb8658b8e10b39a02dedf8f16d426d3f414,20260521_145741,2026-05-21T14:57:41-03:00,2026-05-21T17:57:41+00:00,betano,basketball,NBA,props_nba_20260521_145741.csv,San Antonio Spurs Oklahoma City Thunder,san antonio spurs oklahoma city thunder,Dylan Harper,dylan harper,RA (hitos),13+,0.0,8.75,player_ra_hito,RA,over,13,12.5,Dylan Harper 13+ RA,1,
cdf25b9c29f066865612a1827ab2156efc53e984,20260521_145741,2026-05-21T14:57:41-03:00,2026-05-21T17:57:41+00:00,betano,basketball,NBA,props_nba_20260521_145741.csv,San Antonio Spurs Oklahoma City Thunder,san antonio spurs oklahoma city thunder,Dylan Harper,dylan harper,RA (hitos),14+,0.0,12,player_ra_hito,RA,over,14,13.5,Dylan Harper 14+ RA,1,
c112068de96c1131030fe232fdee0691e45becea,20260521_145741,2026-05-21T14:57:41-03:00,2026-05-21T17:57:41+00:00,betano,basketball,NBA,props_nba_20260521_145741.csv,San Antonio Spurs Oklahoma City Thunder,san antonio spurs oklahoma city thunder,Dylan Harper,dylan harper,RA (hitos),15+,0.0,15,player_ra_hito,RA,over,15,14.5,Dylan Harper 15+ RA,1,
cf7bffe12bb3a437d81c7e7c4957c1b3b55455b7,20260521_145741,2026-05-21T14:57:41-03:00,2026-05-21T17:57:41+00:00,betano,basketball,NBA,props_nba_20260521_145741.csv,San Antonio Spurs Oklahoma City Thunder,san antonio spurs oklahoma city thunder,De'Aaron Fox,de aaron fox,RA (hitos),7+,0.0,1.42,player_ra_hito,RA,over,7,6.5,De'Aaron Fox 7+ RA,1,
20508b45fa65dfc9523e720532b96330b0dc9027,20260521_145741,2026-05-21T14:57:41-03:00,2026-05-21T17:57:41+00:00,betano,basketball,NBA,props_nba_20260521_145741.csv,San Antonio Spurs Oklahoma City Thunder,san antonio spurs oklahoma city thunder,De'Aaron Fox,de aaron fox,RA (hitos),8+,0.0,1.8,player_ra_hito,RA,over,8,7.5,De'Aaron Fox 8+ RA,1,
f33b532901676884854bf2a6f9ea5934b99d3686,20260521_145741,2026-05-21T14:57:41-03:00,2026-05-21T17:57:41+00:00,betano,basketball,NBA,props_nba_20260521_145741.csv,San Antonio Spurs Oklahoma City Thunder,san antonio spurs oklahoma city thunder,De'Aaron Fox,de aaron fox,RA (hitos),9+,0.0,2.4,player_ra_hito,RA,over,9,8.5,De'Aaron Fox 9+ RA,1,
343d30449d5f82193b7d24fb558a641a357d1337,20260521_145741,2026-05-21T14:57:41-03:00,2026-05-21T17:57:41+00:00,betano,basketball,NBA,props_nba_20260521_145741.csv,San Antonio Spurs Oklahoma City Thunder,san antonio spurs oklahoma city thunder,De'Aaron Fox,de aaron fox,RA (hitos),10+,0.0,3.4,player_ra_hito,RA,over,10,9.5,De'Aaron Fox 10+ RA,1,
d21ac48820d6a52ea1be3df7b2c4f2d6a71a7382,20260521_145741,2026-05-21T14:57:41-03:00,2026-05-21T17:57:41+00:00,betano,basketball,NBA,props_nba_20260521_145741.csv,San Antonio Spurs Oklahoma City Thunder,san antonio spurs oklahoma city thunder,De'Aaron Fox,de aaron fox,RA (hitos),11+,0.0,4.9,player_ra_hito,RA,over,11,10.5,De'Aaron Fox 11+ RA,1,
cc598f0e8b41674aaf111fd4e08d94489f517d23,20260521_145741,2026-05-21T14:57:41-03:00,2026-05-21T17:57:41+00:00,betano,basketball,NBA,props_nba_20260521_145741.csv,San Antonio Spurs Oklahoma City Thunder,san antonio spurs oklahoma city thunder,De'Aaron Fox,de aaron fox,RA (hitos),12+,0.0,7.3,player_ra_hito,RA,over,12,11.5,De'Aaron Fox 12+ RA,1,
6cbede96341b8247e10ca26b8e86cb345bb70836,20260521_145741,2026-05-21T14:57:41-03:00,2026-05-21T17:57:41+00:00,betano,basketball,NBA,props_nba_20260521_145741.csv,San Antonio Spurs Oklahoma City Thunder,san antonio spurs oklahoma city thunder,De'Aaron Fox,de aaron fox,RA (hitos),13+,0.0,10.5,player_ra_hito,RA,over,13,12.5,De'Aaron Fox 13+ RA,1,
6599cb9f222d5100874fb5f7fec0b78fd2622dfd,20260521_145741,2026-05-21T14:57:41-03:00,2026-05-21T17:57:41+00:00,betano,basketball,NBA,props_nba_20260521_145741.csv,San Antonio Spurs Oklahoma City Thunder,san antonio spurs oklahoma city thunder,De'Aaron Fox,de aaron fox,RA (hitos),14+,0.0,13.5,player_ra_hito,RA,over,14,13.5,De'Aaron Fox 14+ RA,1,
3785d62801d3602692cc1c112187ac4c08b7dde1,20260521_145741,2026-05-21T14:57:41-03:00,2026-05-21T17:57:41+00:00,betano,basketball,NBA,props_nba_20260521_145741.csv,San Antonio Spurs Oklahoma City Thunder,san antonio spurs oklahoma city thunder,Jalen Williams,jalen williams,RA (hitos),7+,0.0,1.44,player_ra_hito,RA,over,7,6.5,Jalen Williams 7+ RA,1,
065bb4b82194fca5b3b3da814ecfa41cc5e97f2e,20260521_145741,2026-05-21T14:57:41-03:00,2026-05-21T17:57:41+00:00,betano,basketball,NBA,props_nba_20260521_145741.csv,San Antonio Spurs Oklahoma City Thunder,san antonio spurs oklahoma city thunder,Jalen Williams,jalen williams,RA (hitos),8+,0.0,1.83,player_ra_hito,RA,over,8,7.5,Jalen Williams 8+ RA,1,
d4d542522d861b5c049d5e44022d49ff710e4c8b,20260521_145741,2026-05-21T14:57:41-03:00,2026-05-21T17:57:41+00:00,betano,basketball,NBA,props_nba_20260521_145741.csv,San Antonio Spurs Oklahoma City Thunder,san antonio spurs oklahoma city thunder,Jalen Williams,jalen williams,RA (hitos),9+,0.0,2.47,player_ra_hito,RA,over,9,8.5,Jalen Williams 9+ RA,1,
173b21b73edc3ecbc8cdea509badb568bd660cbc,20260521_145741,2026-05-21T14:57:41-03:00,2026-05-21T17:57:41+00:00,betano,basketball,NBA,props_nba_20260521_145741.csv,San Antonio Spurs Oklahoma City Thunder,san antonio spurs oklahoma city thunder,Jalen Williams,jalen williams,RA (hitos),10+,0.0,3.45,player_ra_hito,RA,over,10,9.5,Jalen Williams 10+ RA,1,
cd677e34a35d56c2dee70393322d4fb638243796,20260521_145741,2026-05-21T14:57:41-03:00,2026-05-21T17:57:41+00:00,betano,basketball,NBA,props_nba_20260521_145741.csv,San Antonio Spurs Oklahoma City Thunder,san antonio spurs oklahoma city thunder,Jalen Williams,jalen williams,RA (hitos),11+,0.0,5.1,player_ra_hito,RA,over,11,10.5,Jalen Williams 11+ RA,1,
9081db1d6c7ed25b4ddf40de8a7ca08e35aa1d00,20260521_145741,2026-05-21T14:57:41-03:00,2026-05-21T17:57:41+00:00,betano,basketball,NBA,props_nba_20260521_145741.csv,San Antonio Spurs Oklahoma City Thunder,san antonio spurs oklahoma city thunder,Jalen Williams,jalen williams,RA (hitos),12+,0.0,7.5,player_ra_hito,RA,over,12,11.5,Jalen Williams 12+ RA,1,
d5d7a929be94b7a8d1884a73d27a8791056d01cb,20260521_145741,2026-05-21T14:57:41-03:00,2026-05-21T17:57:41+00:00,betano,basketball,NBA,props_nba_20260521_145741.csv,San Antonio Spurs Oklahoma City Thunder,san antonio spurs oklahoma city thunder,Jalen Williams,jalen williams,RA (hitos),13+,0.0,10.5,player_ra_hito,RA,over,13,12.5,Jalen Williams 13+ RA,1,
41b9e33fc13a5a74e671c9cd8302121785a4617e,20260521_145741,2026-05-21T14:57:41-03:00,2026-05-21T17:57:41+00:00,betano,basketball,NBA,props_nba_20260521_145741.csv,San Antonio Spurs Oklahoma City Thunder,san antonio spurs oklahoma city thunder,Jalen Williams,jalen williams,RA (hitos),14+,0.0,13.5,player_ra_hito,RA,over,14,13.5,Jalen Williams 14+ RA,1,
752d0c2ea41b3384e80173314a095be94f80f017,20260521_145741,2026-05-21T14:57:41-03:00,2026-05-21T17:57:41+00:00,betano,basketball,NBA,props_nba_20260521_145741.csv,San Antonio Spurs Oklahoma City Thunder,san antonio spurs oklahoma city thunder,Devin Vassell,devin vassell,RA (hitos),7+,0.0,1.6,player_ra_hito,RA,over,7,6.5,Devin Vassell 7+ RA,1,
ce81bd68006b2201eaa32cec90cd93b7e1e3a6ef,20260521_145741,2026-05-21T14:57:41-03:00,2026-05-21T17:57:41+00:00,betano,basketball,NBA,props_nba_20260521_145741.csv,San Antonio Spurs Oklahoma City Thunder,san antonio spurs oklahoma city thunder,Devin Vassell,devin vassell,RA (hitos),8+,0.0,2.1,player_ra_hito,RA,over,8,7.5,Devin Vassell 8+ RA,1,
92dd0a858e5381a7dc599bc2197547b2ab621f92,20260521_145741,2026-05-21T14:57:41-03:00,2026-05-21T17:57:41+00:00,betano,basketball,NBA,props_nba_20260521_145741.csv,San Antonio Spurs Oklahoma City Thunder,san antonio spurs oklahoma city thunder,Devin Vassell,devin vassell,RA (hitos),9+,0.0,2.95,player_ra_hito,RA,over,9,8.5,Devin Vassell 9+ RA,1,
232c523abe5706ff01e1bbf7205c0f238e2fe7fb,20260521_145741,2026-05-21T14:57:41-03:00,2026-05-21T17:57:41+00:00,betano,basketball,NBA,props_nba_20260521_145741.csv,San Antonio Spurs Oklahoma City Thunder,san antonio spurs oklahoma city thunder,Devin Vassell,devin vassell,RA (hitos),10+,0.0,4.25,player_ra_hito,RA,over,10,9.5,Devin Vassell 10+ RA,1,
509a635f050ccbe1b7de90ea35722330c645a18e,20260521_145741,2026-05-21T14:57:41-03:00,2026-05-21T17:57:41+00:00,betano,basketball,NBA,props_nba_20260521_145741.csv,San Antonio Spurs Oklahoma City Thunder,san antonio spurs oklahoma city thunder,Devin Vassell,devin vassell,RA (hitos),11+,0.0,6.4,player_ra_hito,RA,over,11,10.5,Devin Vassell 11+ RA,1,
b577ea0003e4acb4d4d6766224783d6f0f4b70e2,20260521_145741,2026-05-21T14:57:41-03:00,2026-05-21T17:57:41+00:00,betano,basketball,NBA,props_nba_20260521_145741.csv,San Antonio Spurs Oklahoma City Thunder,san antonio spurs oklahoma city thunder,Devin Vassell,devin vassell,RA (hitos),12+,0.0,9.25,player_ra_hito,RA,over,12,11.5,Devin Vassell 12+ RA,1,
f3afa6cca660f9f2782db946397bc437d7559f44,20260521_145741,2026-05-21T14:57:41-03:00,2026-05-21T17:57:41+00:00,betano,basketball,NBA,props_nba_20260521_145741.csv,San Antonio Spurs Oklahoma City Thunder,san antonio spurs oklahoma city thunder,Devin Vassell,devin vassell,RA (hitos),13+,0.0,12.5,player_ra_hito,RA,over,13,12.5,Devin Vassell 13+ RA,1,
05a0861f46155763bb088062106ed1511099748f,20260521_145741,2026-05-21T14:57:41-03:00,2026-05-21T17:57:41+00:00,betano,basketball,NBA,props_nba_20260521_145741.csv,San Antonio Spurs Oklahoma City Thunder,san antonio spurs oklahoma city thunder,Devin Vassell,devin vassell,RA (hitos),14+,0.0,15.5,player_ra_hito,RA,over,14,13.5,Devin Vassell 14+ RA,1,
fb4ca2a34deba66611249ca1aeceb5a1221ed401,20260521_145741,2026-05-21T14:57:41-03:00,2026-05-21T17:57:41+00:00,betano,basketball,NBA,props_nba_20260521_145741.csv,San Antonio Spurs Oklahoma City Thunder,san antonio spurs oklahoma city thunder,Julian Champagnie,julian champagnie,RA (hitos),7+,0.0,1.6,player_ra_hito,RA,over,7,6.5,Julian Champagnie 7+ RA,1,
e9a3f2bf3cb3503c4601d015be336f9daee73d23,20260521_145741,2026-05-21T14:57:41-03:00,2026-05-21T17:57:41+00:00,betano,basketball,NBA,props_nba_20260521_145741.csv,San Antonio Spurs Oklahoma City Thunder,san antonio spurs oklahoma city thunder,Julian Champagnie,julian champagnie,RA (hitos),8+,0.0,2.12,player_ra_hito,RA,over,8,7.5,Julian Champagnie 8+ RA,1,
e49e5e1c46458470fc2ea80a8fdb706112893340,20260521_145741,2026-05-21T14:57:41-03:00,2026-05-21T17:57:41+00:00,betano,basketball,NBA,props_nba_20260521_145741.csv,San Antonio Spurs Oklahoma City Thunder,san antonio spurs oklahoma city thunder,Julian Champagnie,julian champagnie,RA (hitos),9+,0.0,3,player_ra_hito,RA,over,9,8.5,Julian Champagnie 9+ RA,1,
c79e182972f9c54836ebf7c39194e08c532bbe3d,20260521_145741,2026-05-21T14:57:41-03:00,2026-05-21T17:57:41+00:00,betano,basketball,NBA,props_nba_20260521_145741.csv,San Antonio Spurs Oklahoma City Thunder,san antonio spurs oklahoma city thunder,Julian Champagnie,julian champagnie,RA (hitos),10+,0.0,4.4,player_ra_hito,RA,over,10,9.5,Julian Champagnie 10+ RA,1,
889001b6dd9ce6ef1a5e4960797c63c60ce631f8,20260521_145741,2026-05-21T14:57:41-03:00,2026-05-21T17:57:41+00:00,betano,basketball,NBA,props_nba_20260521_145741.csv,San Antonio Spurs Oklahoma City Thunder,san antonio spurs oklahoma city thunder,Julian Champagnie,julian champagnie,RA (hitos),11+,0.0,6.6,player_ra_hito,RA,over,11,10.5,Julian Champagnie 11+ RA,1,
32a3e97d99e32daa30385bf34defd0d13b799df9,20260521_145741,2026-05-21T14:57:41-03:00,2026-05-21T17:57:41+00:00,betano,basketball,NBA,props_nba_20260521_145741.csv,San Antonio Spurs Oklahoma City Thunder,san antonio spurs oklahoma city thunder,Julian Champagnie,julian champagnie,RA (hitos),12+,0.0,9.5,player_ra_hito,RA,over,12,11.5,Julian Champagnie 12+ RA,1,
25cc4db7b3a52df4d33eebc7fc3606a5185455e5,20260521_145741,2026-05-21T14:57:41-03:00,2026-05-21T17:57:41+00:00,betano,basketball,NBA,props_nba_20260521_145741.csv,San Antonio Spurs Oklahoma City Thunder,san antonio spurs oklahoma city thunder,Julian Champagnie,julian champagnie,RA (hitos),13+,0.0,12.5,player_ra_hito,RA,over,13,12.5,Julian Champagnie 13+ RA,1,
095500a8934499afecb37dffd98fa6bc7ada62af,20260521_145741,2026-05-21T14:57:41-03:00,2026-05-21T17:57:41+00:00,betano,basketball,NBA,props_nba_20260521_145741.csv,San Antonio Spurs Oklahoma City Thunder,san antonio spurs oklahoma city thunder,Julian Champagnie,julian champagnie,RA (hitos),14+,0.0,15.5,player_ra_hito,RA,over,14,13.5,Julian Champagnie 14+ RA,1,
f73d510c015e90b68739fd5375a91ed9dc0d41ff,20260521_145741,2026-05-21T14:57:41-03:00,2026-05-21T17:57:41+00:00,betano,basketball,NBA,props_nba_20260521_145741.csv,San Antonio Spurs Oklahoma City Thunder,san antonio spurs oklahoma city thunder,Ajay Mitchell,ajay mitchell,RA (hitos),6+,0.0,1.38,player_ra_hito,RA,over,6,5.5,Ajay Mitchell 6+ RA,1,
1ed53d96768fd1303425862956c655783641a654,20260521_145741,2026-05-21T14:57:41-03:00,2026-05-21T17:57:41+00:00,betano,basketball,NBA,props_nba_20260521_145741.csv,San Antonio Spurs Oklahoma City Thunder,san antonio spurs oklahoma city thunder,Ajay Mitchell,ajay mitchell,RA (hitos),7+,0.0,1.78,player_ra_hito,RA,over,7,6.5,Ajay Mitchell 7+ RA,1,
62f6b34f28f23edd83a6f7bb51aa2f733d2c8e8d,20260521_145741,2026-05-21T14:57:41-03:00,2026-05-21T17:57:41+00:00,betano,basketball,NBA,props_nba_20260521_145741.csv,San Antonio Spurs Oklahoma City Thunder,san antonio spurs oklahoma city thunder,Ajay Mitchell,ajay mitchell,RA (hitos),8+,0.0,2.4,player_ra_hito,RA,over,8,7.5,Ajay Mitchell 8+ RA,1,
76fee512464cdf2ea9bfc9309395de97dbd61c57,20260521_145741,2026-05-21T14:57:41-03:00,2026-05-21T17:57:41+00:00,betano,basketball,NBA,props_nba_20260521_145741.csv,San Antonio Spurs Oklahoma City Thunder,san antonio spurs oklahoma city thunder,Ajay Mitchell,ajay mitchell,RA (hitos),9+,0.0,3.45,player_ra_hito,RA,over,9,8.5,Ajay Mitchell 9+ RA,1,
81c6086a285962463789efa88fc63b22df91ac9c,20260521_145741,2026-05-21T14:57:41-03:00,2026-05-21T17:57:41+00:00,betano,basketball,NBA,props_nba_20260521_145741.csv,San Antonio Spurs Oklahoma City Thunder,san antonio spurs oklahoma city thunder,Ajay Mitchell,ajay mitchell,RA (hitos),10+,0.0,5.2,player_ra_hito,RA,over,10,9.5,Ajay Mitchell 10+ RA,1,
974f9ba6757c571a760a28a93ce6c9b6ac980e09,20260521_145741,2026-05-21T14:57:41-03:00,2026-05-21T17:57:41+00:00,betano,basketball,NBA,props_nba_20260521_145741.csv,San Antonio Spurs Oklahoma City Thunder,san antonio spurs oklahoma city thunder,Ajay Mitchell,ajay mitchell,RA (hitos),11+,0.0,7.8,player_ra_hito,RA,over,11,10.5,Ajay Mitchell 11+ RA,1,
d4e6c9d45ee6945011b227ca53890ea970701cb5,20260521_145741,2026-05-21T14:57:41-03:00,2026-05-21T17:57:41+00:00,betano,basketball,NBA,props_nba_20260521_145741.csv,San Antonio Spurs Oklahoma City Thunder,san antonio spurs oklahoma city thunder,Ajay Mitchell,ajay mitchell,RA (hitos),12+,0.0,11.25,player_ra_hito,RA,over,12,11.5,Ajay Mitchell 12+ RA,1,
4334dca4cb1e1ff63726edfc8e7202db7f7272a2,20260521_145741,2026-05-21T14:57:41-03:00,2026-05-21T17:57:41+00:00,betano,basketball,NBA,props_nba_20260521_145741.csv,San Antonio Spurs Oklahoma City Thunder,san antonio spurs oklahoma city thunder,Ajay Mitchell,ajay mitchell,RA (hitos),13+,0.0,14.5,player_ra_hito,RA,over,13,12.5,Ajay Mitchell 13+ RA,1,
4191bdc58bf2873f05dbbccb7f195356d66f83f4,20260521_145741,2026-05-21T14:57:41-03:00,2026-05-21T17:57:41+00:00,betano,basketball,NBA,props_nba_20260521_145741.csv,San Antonio Spurs Oklahoma City Thunder,san antonio spurs oklahoma city thunder,Alex Caruso,alex caruso,RA (hitos),6+,0.0,1.62,player_ra_hito,RA,over,6,5.5,Alex Caruso 6+ RA,1,
1373a164449fbe40484a37470dae2805ec00b7ca,20260521_145741,2026-05-21T14:57:41-03:00,2026-05-21T17:57:41+00:00,betano,basketball,NBA,props_nba_20260521_145741.csv,San Antonio Spurs Oklahoma City Thunder,san antonio spurs oklahoma city thunder,Alex Caruso,alex caruso,RA (hitos),7+,0.0,2.2,player_ra_hito,RA,over,7,6.5,Alex Caruso 7+ RA,1,
6e02be3300ce9544f57168bb328a54a49a78dfee,20260521_145741,2026-05-21T14:57:41-03:00,2026-05-21T17:57:41+00:00,betano,basketball,NBA,props_nba_20260521_145741.csv,San Antonio Spurs Oklahoma City Thunder,san antonio spurs oklahoma city thunder,Alex Caruso,alex caruso,RA (hitos),8+,0.0,3.2,player_ra_hito,RA,over,8,7.5,Alex Caruso 8+ RA,1,
3d729ed0f327c4c8e29becbf546560f5e0dff4d6,20260521_145741,2026-05-21T14:57:41-03:00,2026-05-21T17:57:41+00:00,betano,basketball,NBA,props_nba_20260521_145741.csv,San Antonio Spurs Oklahoma City Thunder,san antonio spurs oklahoma city thunder,Alex Caruso,alex caruso,RA (hitos),9+,0.0,4.85,player_ra_hito,RA,over,9,8.5,Alex Caruso 9+ RA,1,
3235c667ffeae6b28458c64d4ebda40665e368e6,20260521_145741,2026-05-21T14:57:41-03:00,2026-05-21T17:57:41+00:00,betano,basketball,NBA,props_nba_20260521_145741.csv,San Antonio Spurs Oklahoma City Thunder,san antonio spurs oklahoma city thunder,Alex Caruso,alex caruso,RA (hitos),10+,0.0,7.5,player_ra_hito,RA,over,10,9.5,Alex Caruso 10+ RA,1,
c9f9a23fbac7009e63fc859039bca1d1e91580a7,20260521_145741,2026-05-21T14:57:41-03:00,2026-05-21T17:57:41+00:00,betano,basketball,NBA,props_nba_20260521_145741.csv,San Antonio Spurs Oklahoma City Thunder,san antonio spurs oklahoma city thunder,Alex Caruso,alex caruso,RA (hitos),11+,0.0,11,player_ra_hito,RA,over,11,10.5,Alex Caruso 11+ RA,1,
8a97df13bdfd1f418a04c9f4d76922482d06c373,20260521_145741,2026-05-21T14:57:41-03:00,2026-05-21T17:57:41+00:00,betano,basketball,NBA,props_nba_20260521_145741.csv,San Antonio Spurs Oklahoma City Thunder,san antonio spurs oklahoma city thunder,Alex Caruso,alex caruso,RA (hitos),12+,0.0,14.5,player_ra_hito,RA,over,12,11.5,Alex Caruso 12+ RA,1,
263ef382f9581e2f33f8cb2149484fc58fab4997,20260521_145741,2026-05-21T14:57:41-03:00,2026-05-21T17:57:41+00:00,betano,basketball,NBA,props_nba_20260521_145741.csv,San Antonio Spurs Oklahoma City Thunder,san antonio spurs oklahoma city thunder,Alex Caruso,alex caruso,RA (hitos),13+,0.0,17,player_ra_hito,RA,over,13,12.5,Alex Caruso 13+ RA,1,
d191173b7ac737068ce1c36c66f49a918ccd7c9e,20260521_145741,2026-05-21T14:57:41-03:00,2026-05-21T17:57:41+00:00,betano,basketball,NBA,props_nba_20260521_145741.csv,San Antonio Spurs Oklahoma City Thunder,san antonio spurs oklahoma city thunder,Cason Wallace,cason wallace,RA (hitos),4+,0.0,1.25,player_ra_hito,RA,over,4,3.5,Cason Wallace 4+ RA,1,
defc254871bc5c686ea4a736244586b57b676ab2,20260521_145741,2026-05-21T14:57:41-03:00,2026-05-21T17:57:41+00:00,betano,basketball,NBA,props_nba_20260521_145741.csv,San Antonio Spurs Oklahoma City Thunder,san antonio spurs oklahoma city thunder,Cason Wallace,cason wallace,RA (hitos),5+,0.0,1.6,player_ra_hito,RA,over,5,4.5,Cason Wallace 5+ RA,1,
6317e07bbcef2c5d2c7dcd13fe9f2b4142bc1ebb,20260521_145741,2026-05-21T14:57:41-03:00,2026-05-21T17:57:41+00:00,betano,basketball,NBA,props_nba_20260521_145741.csv,San Antonio Spurs Oklahoma City Thunder,san antonio spurs oklahoma city thunder,Cason Wallace,cason wallace,RA (hitos),6+,0.0,2.25,player_ra_hito,RA,over,6,5.5,Cason Wallace 6+ RA,1,
de821804329aa6e63232bf4e5389866159c55cd7,20260521_145741,2026-05-21T14:57:41-03:00,2026-05-21T17:57:41+00:00,betano,basketball,NBA,props_nba_20260521_145741.csv,San Antonio Spurs Oklahoma City Thunder,san antonio spurs oklahoma city thunder,Cason Wallace,cason wallace,RA (hitos),7+,0.0,3.4,player_ra_hito,RA,over,7,6.5,Cason Wallace 7+ RA,1,
bae1df492c08c87ad59742f406d8ab67c61a8873,20260521_145741,2026-05-21T14:57:41-03:00,2026-05-21T17:57:41+00:00,betano,basketball,NBA,props_nba_20260521_145741.csv,San Antonio Spurs Oklahoma City Thunder,san antonio spurs oklahoma city thunder,Cason Wallace,cason wallace,RA (hitos),8+,0.0,5.4,player_ra_hito,RA,over,8,7.5,Cason Wallace 8+ RA,1,
7089d2f7a412f562d39b3fb500a8c63e35b12ee7,20260521_145741,2026-05-21T14:57:41-03:00,2026-05-21T17:57:41+00:00,betano,basketball,NBA,props_nba_20260521_145741.csv,San Antonio Spurs Oklahoma City Thunder,san antonio spurs oklahoma city thunder,Cason Wallace,cason wallace,RA (hitos),9+,0.0,8.5,player_ra_hito,RA,over,9,8.5,Cason Wallace 9+ RA,1,
