row_uid,snapshot_id,scraped_at_source,scraped_at_utc,book,sport,league,source_file,partido,game_norm,jugador,player_norm,mercado_raw,linea_raw,handicap_raw,odds_decimal,market_key,stat_key,side,threshold,model_line,event_text,valid,error
5f8146c8e5541df75a8ee4b54041dfca9ef2e64f,20260519_163344,2026-05-19T16:33:44-03:00,2026-05-19T19:33:44+00:00,betano,basketball,NBA,props_nba_20260519_163344.csv,New York Knicks Cleveland Cavaliers,new york knicks cleveland cavaliers,Jalen Brunson,jalen brunson,Puntos (hitos),25+,0.0,1.39,player_points_hito,PTS,over,25,24.5,Jalen Brunson 25+ PTS,1,
33f5f135e651768f5ba2b87a12d7a10bddccc92b,20260519_163344,2026-05-19T16:33:44-03:00,2026-05-19T19:33:44+00:00,betano,basketball,NBA,props_nba_20260519_163344.csv,New York Knicks Cleveland Cavaliers,new york knicks cleveland cavaliers,Jalen Brunson,jalen brunson,Puntos (hitos),26+,0.0,1.52,player_points_hito,PTS,over,26,25.5,Jalen Brunson 26+ PTS,1,
592b0f6331b952ee38416adffa2c0bf03338389b,20260519_163344,2026-05-19T16:33:44-03:00,2026-05-19T19:33:44+00:00,betano,basketball,NBA,props_nba_20260519_163344.csv,New York Knicks Cleveland Cavaliers,new york knicks cleveland cavaliers,Jalen Brunson,jalen brunson,Puntos (hitos),27+,0.0,1.65,player_points_hito,PTS,over,27,26.5,Jalen Brunson 27+ PTS,1,
c81c2ca0a1a893ef92c0f5e535e49caa8d109414,20260519_163344,2026-05-19T16:33:44-03:00,2026-05-19T19:33:44+00:00,betano,basketball,NBA,props_nba_20260519_163344.csv,New York Knicks Cleveland Cavaliers,new york knicks cleveland cavaliers,Jalen Brunson,jalen brunson,Puntos (hitos),28+,0.0,1.82,player_points_hito,PTS,over,28,27.5,Jalen Brunson 28+ PTS,1,
855559cb268e835f65f9e0373fb39c13ead34c54,20260519_163344,2026-05-19T16:33:44-03:00,2026-05-19T19:33:44+00:00,betano,basketball,NBA,props_nba_20260519_163344.csv,New York Knicks Cleveland Cavaliers,new york knicks cleveland cavaliers,Jalen Brunson,jalen brunson,Puntos (hitos),29+,0.0,2,player_points_hito,PTS,over,29,28.5,Jalen Brunson 29+ PTS,1,
b1a95c54dfd40e5c42e8b8b89b7a786d7dd1ac0b,20260519_163344,2026-05-19T16:33:44-03:00,2026-05-19T19:33:44+00:00,betano,basketball,NBA,props_nba_20260519_163344.csv,New York Knicks Cleveland Cavaliers,new york knicks cleveland cavaliers,Jalen Brunson,jalen brunson,Puntos (hitos),30+,0.0,2.22,player_points_hito,PTS,over,30,29.5,Jalen Brunson 30+ PTS,1,
4103c7e46d0590d4443a880ae9b8d2352d2d432c,20260519_163344,2026-05-19T16:33:44-03:00,2026-05-19T19:33:44+00:00,betano,basketball,NBA,props_nba_20260519_163344.csv,New York Knicks Cleveland Cavaliers,new york knicks cleveland cavaliers,Jalen Brunson,jalen brunson,Puntos (hitos),31+,0.0,2.5,player_points_hito,PTS,over,31,30.5,Jalen Brunson 31+ PTS,1,
41d87c7c54bc928a1eef42e41e596568671eb48f,20260519_163344,2026-05-19T16:33:44-03:00,2026-05-19T19:33:44+00:00,betano,basketball,NBA,props_nba_20260519_163344.csv,New York Knicks Cleveland Cavaliers,new york knicks cleveland cavaliers,Jalen Brunson,jalen brunson,Puntos (hitos),32+,0.0,2.77,player_points_hito,PTS,over,32,31.5,Jalen Brunson 32+ PTS,1,
d9872185cd69217c5fdd59a6143dfb55bbbc5aea,20260519_163344,2026-05-19T16:33:44-03:00,2026-05-19T19:33:44+00:00,betano,basketball,NBA,props_nba_20260519_163344.csv,New York Knicks Cleveland Cavaliers,new york knicks cleveland cavaliers,Jalen Brunson,jalen brunson,Puntos (hitos),33+,0.0,3.15,player_points_hito,PTS,over,33,32.5,Jalen Brunson 33+ PTS,1,
bdbd8beb99660929ec7958b44b272db9c42a19c8,20260519_163344,2026-05-19T16:33:44-03:00,2026-05-19T19:33:44+00:00,betano,basketball,NBA,props_nba_20260519_163344.csv,New York Knicks Cleveland Cavaliers,new york knicks cleveland cavaliers,Donovan Mitchell,donovan mitchell,Puntos (hitos),24+,0.0,1.47,player_points_hito,PTS,over,24,23.5,Donovan Mitchell 24+ PTS,1,
2c90b213b0ecb3d51d847dc2f4def5561fb52c11,20260519_163344,2026-05-19T16:33:44-03:00,2026-05-19T19:33:44+00:00,betano,basketball,NBA,props_nba_20260519_163344.csv,New York Knicks Cleveland Cavaliers,new york knicks cleveland cavaliers,Donovan Mitchell,donovan mitchell,Puntos (hitos),25+,0.0,1.62,player_points_hito,PTS,over,25,24.5,Donovan Mitchell 25+ PTS,1,
da4e78d56a316423454d2f7cd7a650ed7370b59e,20260519_163344,2026-05-19T16:33:44-03:00,2026-05-19T19:33:44+00:00,betano,basketball,NBA,props_nba_20260519_163344.csv,New York Knicks Cleveland Cavaliers,new york knicks cleveland cavaliers,Donovan Mitchell,donovan mitchell,Puntos (hitos),26+,0.0,1.75,player_points_hito,PTS,over,26,25.5,Donovan Mitchell 26+ PTS,1,
4b8f73d0fc1ed0f5748843928297981e8a76f161,20260519_163344,2026-05-19T16:33:44-03:00,2026-05-19T19:33:44+00:00,betano,basketball,NBA,props_nba_20260519_163344.csv,New York Knicks Cleveland Cavaliers,new york knicks cleveland cavaliers,Donovan Mitchell,donovan mitchell,Puntos (hitos),27+,0.0,1.95,player_points_hito,PTS,over,27,26.5,Donovan Mitchell 27+ PTS,1,
60f0e7c0069fbf860727adcab8ef570e58b98cc2,20260519_163344,2026-05-19T16:33:44-03:00,2026-05-19T19:33:44+00:00,betano,basketball,NBA,props_nba_20260519_163344.csv,New York Knicks Cleveland Cavaliers,new york knicks cleveland cavaliers,Donovan Mitchell,donovan mitchell,Puntos (hitos),28+,0.0,2.15,player_points_hito,PTS,over,28,27.5,Donovan Mitchell 28+ PTS,1,
0b6be9dba2a1c7b41208c874b9a364acb30be8c3,20260519_163344,2026-05-19T16:33:44-03:00,2026-05-19T19:33:44+00:00,betano,basketball,NBA,props_nba_20260519_163344.csv,New York Knicks Cleveland Cavaliers,new york knicks cleveland cavaliers,Donovan Mitchell,donovan mitchell,Puntos (hitos),29+,0.0,2.42,player_points_hito,PTS,over,29,28.5,Donovan Mitchell 29+ PTS,1,
ce4cb0c377b250aa4106c631028f6dd265701bc0,20260519_163344,2026-05-19T16:33:44-03:00,2026-05-19T19:33:44+00:00,betano,basketball,NBA,props_nba_20260519_163344.csv,New York Knicks Cleveland Cavaliers,new york knicks cleveland cavaliers,Donovan Mitchell,donovan mitchell,Puntos (hitos),30+,0.0,2.72,player_points_hito,PTS,over,30,29.5,Donovan Mitchell 30+ PTS,1,
fe2868c4b5ad0da834d3a85f6c095fa6b20f9866,20260519_163344,2026-05-19T16:33:44-03:00,2026-05-19T19:33:44+00:00,betano,basketball,NBA,props_nba_20260519_163344.csv,New York Knicks Cleveland Cavaliers,new york knicks cleveland cavaliers,Donovan Mitchell,donovan mitchell,Puntos (hitos),31+,0.0,3.1,player_points_hito,PTS,over,31,30.5,Donovan Mitchell 31+ PTS,1,
aee712bac4d7bb6ed5178e8d134f87785b724bd9,20260519_163344,2026-05-19T16:33:44-03:00,2026-05-19T19:33:44+00:00,betano,basketball,NBA,props_nba_20260519_163344.csv,New York Knicks Cleveland Cavaliers,new york knicks cleveland cavaliers,Donovan Mitchell,donovan mitchell,Puntos (hitos),32+,0.0,3.55,player_points_hito,PTS,over,32,31.5,Donovan Mitchell 32+ PTS,1,
cc3c1df361f27ce6f5715a53f35888002884dad5,20260519_163344,2026-05-19T16:33:44-03:00,2026-05-19T19:33:44+00:00,betano,basketball,NBA,props_nba_20260519_163344.csv,New York Knicks Cleveland Cavaliers,new york knicks cleveland cavaliers,James Harden,james harden,Puntos (hitos),17+,0.0,1.45,player_points_hito,PTS,over,17,16.5,James Harden 17+ PTS,1,
69b6c51947f324a838c2e817d9d244fab2f26922,20260519_163344,2026-05-19T16:33:44-03:00,2026-05-19T19:33:44+00:00,betano,basketball,NBA,props_nba_20260519_163344.csv,New York Knicks Cleveland Cavaliers,new york knicks cleveland cavaliers,James Harden,james harden,Puntos (hitos),18+,0.0,1.6,player_points_hito,PTS,over,18,17.5,James Harden 18+ PTS,1,
da76fe4563bf2c4a8bdd1662d7d2f95aaca0e9cc,20260519_163344,2026-05-19T16:33:44-03:00,2026-05-19T19:33:44+00:00,betano,basketball,NBA,props_nba_20260519_163344.csv,New York Knicks Cleveland Cavaliers,new york knicks cleveland cavaliers,James Harden,james harden,Puntos (hitos),19+,0.0,1.78,player_points_hito,PTS,over,19,18.5,James Harden 19+ PTS,1,
b34bd0087e41a23bc3cd93821ef899c358f4e28c,20260519_163344,2026-05-19T16:33:44-03:00,2026-05-19T19:33:44+00:00,betano,basketball,NBA,props_nba_20260519_163344.csv,New York Knicks Cleveland Cavaliers,new york knicks cleveland cavaliers,James Harden,james harden,Puntos (hitos),20+,0.0,1.98,player_points_hito,PTS,over,20,19.5,James Harden 20+ PTS,1,
b7ccef3d56243990813c33d984bd625b5f844117,20260519_163344,2026-05-19T16:33:44-03:00,2026-05-19T19:33:44+00:00,betano,basketball,NBA,props_nba_20260519_163344.csv,New York Knicks Cleveland Cavaliers,new york knicks cleveland cavaliers,James Harden,james harden,Puntos (hitos),21+,0.0,2.25,player_points_hito,PTS,over,21,20.5,James Harden 21+ PTS,1,
4cfa5b5ac910ac19b255b3a267e5db60e2732c92,20260519_163344,2026-05-19T16:33:44-03:00,2026-05-19T19:33:44+00:00,betano,basketball,NBA,props_nba_20260519_163344.csv,New York Knicks Cleveland Cavaliers,new york knicks cleveland cavaliers,James Harden,james harden,Puntos (hitos),22+,0.0,2.55,player_points_hito,PTS,over,22,21.5,James Harden 22+ PTS,1,
400eb828cc2ad9628279731ec4a0cddf55c0aadc,20260519_163344,2026-05-19T16:33:44-03:00,2026-05-19T19:33:44+00:00,betano,basketball,NBA,props_nba_20260519_163344.csv,New York Knicks Cleveland Cavaliers,new york knicks cleveland cavaliers,James Harden,james harden,Puntos (hitos),23+,0.0,2.95,player_points_hito,PTS,over,23,22.5,James Harden 23+ PTS,1,
a9c861c1518be5d73651dff1abcdd3679491c7e9,20260519_163344,2026-05-19T16:33:44-03:00,2026-05-19T19:33:44+00:00,betano,basketball,NBA,props_nba_20260519_163344.csv,New York Knicks Cleveland Cavaliers,new york knicks cleveland cavaliers,James Harden,james harden,Puntos (hitos),24+,0.0,3.4,player_points_hito,PTS,over,24,23.5,James Harden 24+ PTS,1,
6acb7ebb1e7d0e11a693bc34c7da4559dd462183,20260519_163344,2026-05-19T16:33:44-03:00,2026-05-19T19:33:44+00:00,betano,basketball,NBA,props_nba_20260519_163344.csv,New York Knicks Cleveland Cavaliers,new york knicks cleveland cavaliers,James Harden,james harden,Puntos (hitos),25+,0.0,4,player_points_hito,PTS,over,25,24.5,James Harden 25+ PTS,1,
fa75d2b652fedd0887190ad41d68f74aad693a3f,20260519_163344,2026-05-19T16:33:44-03:00,2026-05-19T19:33:44+00:00,betano,basketball,NBA,props_nba_20260519_163344.csv,New York Knicks Cleveland Cavaliers,new york knicks cleveland cavaliers,Karl-Anthony Towns,karl anthony towns,Puntos (hitos),16+,0.0,1.44,player_points_hito,PTS,over,16,15.5,Karl-Anthony Towns 16+ PTS,1,
bcebc4317f5d75a364357af657884ba35daf3220,20260519_163344,2026-05-19T16:33:44-03:00,2026-05-19T19:33:44+00:00,betano,basketball,NBA,props_nba_20260519_163344.csv,New York Knicks Cleveland Cavaliers,new york knicks cleveland cavaliers,Karl-Anthony Towns,karl anthony towns,Puntos (hitos),17+,0.0,1.57,player_points_hito,PTS,over,17,16.5,Karl-Anthony Towns 17+ PTS,1,
b5745acc06b8e215cc9dc105a5f192e094a15ad7,20260519_163344,2026-05-19T16:33:44-03:00,2026-05-19T19:33:44+00:00,betano,basketball,NBA,props_nba_20260519_163344.csv,New York Knicks Cleveland Cavaliers,new york knicks cleveland cavaliers,Karl-Anthony Towns,karl anthony towns,Puntos (hitos),18+,0.0,1.75,player_points_hito,PTS,over,18,17.5,Karl-Anthony Towns 18+ PTS,1,
4bae0409e82126340eb085a28b390f2f4bbe3977,20260519_163344,2026-05-19T16:33:44-03:00,2026-05-19T19:33:44+00:00,betano,basketball,NBA,props_nba_20260519_163344.csv,New York Knicks Cleveland Cavaliers,new york knicks cleveland cavaliers,Karl-Anthony Towns,karl anthony towns,Puntos (hitos),19+,0.0,1.98,player_points_hito,PTS,over,19,18.5,Karl-Anthony Towns 19+ PTS,1,
2f820c68b32e4def8bb16ba7a12cbb906ab9e1ea,20260519_163344,2026-05-19T16:33:44-03:00,2026-05-19T19:33:44+00:00,betano,basketball,NBA,props_nba_20260519_163344.csv,New York Knicks Cleveland Cavaliers,new york knicks cleveland cavaliers,Karl-Anthony Towns,karl anthony towns,Puntos (hitos),20+,0.0,2.27,player_points_hito,PTS,over,20,19.5,Karl-Anthony Towns 20+ PTS,1,
d3484879797f11215703806c638dfa15ef8d5ed9,20260519_163344,2026-05-19T16:33:44-03:00,2026-05-19T19:33:44+00:00,betano,basketball,NBA,props_nba_20260519_163344.csv,New York Knicks Cleveland Cavaliers,new york knicks cleveland cavaliers,Karl-Anthony Towns,karl anthony towns,Puntos (hitos),21+,0.0,2.6,player_points_hito,PTS,over,21,20.5,Karl-Anthony Towns 21+ PTS,1,
d46867f2c83698bc63650b01cd67cde16a174fc5,20260519_163344,2026-05-19T16:33:44-03:00,2026-05-19T19:33:44+00:00,betano,basketball,NBA,props_nba_20260519_163344.csv,New York Knicks Cleveland Cavaliers,new york knicks cleveland cavaliers,Karl-Anthony Towns,karl anthony towns,Puntos (hitos),22+,0.0,3.05,player_points_hito,PTS,over,22,21.5,Karl-Anthony Towns 22+ PTS,1,
6498d3b30be4af7f02e89b1e407a92fa7216b831,20260519_163344,2026-05-19T16:33:44-03:00,2026-05-19T19:33:44+00:00,betano,basketball,NBA,props_nba_20260519_163344.csv,New York Knicks Cleveland Cavaliers,new york knicks cleveland cavaliers,Karl-Anthony Towns,karl anthony towns,Puntos (hitos),23+,0.0,3.55,player_points_hito,PTS,over,23,22.5,Karl-Anthony Towns 23+ PTS,1,
8e783d8a4fb5a75247811500ea4aeea642d987f3,20260519_163344,2026-05-19T16:33:44-03:00,2026-05-19T19:33:44+00:00,betano,basketball,NBA,props_nba_20260519_163344.csv,New York Knicks Cleveland Cavaliers,new york knicks cleveland cavaliers,Karl-Anthony Towns,karl anthony towns,Puntos (hitos),24+,0.0,4.25,player_points_hito,PTS,over,24,23.5,Karl-Anthony Towns 24+ PTS,1,
ca0446141fc9f1c86d89d2dc5416bf2d2547d6cf,20260519_163344,2026-05-19T16:33:44-03:00,2026-05-19T19:33:44+00:00,betano,basketball,NBA,props_nba_20260519_163344.csv,New York Knicks Cleveland Cavaliers,new york knicks cleveland cavaliers,Evan Mobley,evan mobley,Puntos (hitos),14+,0.0,1.47,player_points_hito,PTS,over,14,13.5,Evan Mobley 14+ PTS,1,
2b065e2209b257428ecbbbdfa5ba5a4c7c711c3c,20260519_163344,2026-05-19T16:33:44-03:00,2026-05-19T19:33:44+00:00,betano,basketball,NBA,props_nba_20260519_163344.csv,New York Knicks Cleveland Cavaliers,new york knicks cleveland cavaliers,Evan Mobley,evan mobley,Puntos (hitos),16+,0.0,1.85,player_points_hito,PTS,over,16,15.5,Evan Mobley 16+ PTS,1,
75bccd8184d5616191d1269b0bdd2e673317567e,20260519_163344,2026-05-19T16:33:44-03:00,2026-05-19T19:33:44+00:00,betano,basketball,NBA,props_nba_20260519_163344.csv,New York Knicks Cleveland Cavaliers,new york knicks cleveland cavaliers,Evan Mobley,evan mobley,Puntos (hitos),18+,0.0,2.5,player_points_hito,PTS,over,18,17.5,Evan Mobley 18+ PTS,1,
cf3399cdcc3dea656daef92462fb037dbf1b0a92,20260519_163344,2026-05-19T16:33:44-03:00,2026-05-19T19:33:44+00:00,betano,basketball,NBA,props_nba_20260519_163344.csv,New York Knicks Cleveland Cavaliers,new york knicks cleveland cavaliers,Evan Mobley,evan mobley,Puntos (hitos),20+,0.0,3.45,player_points_hito,PTS,over,20,19.5,Evan Mobley 20+ PTS,1,
e69f7e98885c2cbf2b818ada7ca63bdd7ea73759,20260519_163344,2026-05-19T16:33:44-03:00,2026-05-19T19:33:44+00:00,betano,basketball,NBA,props_nba_20260519_163344.csv,New York Knicks Cleveland Cavaliers,new york knicks cleveland cavaliers,Evan Mobley,evan mobley,Puntos (hitos),22+,0.0,4.9,player_points_hito,PTS,over,22,21.5,Evan Mobley 22+ PTS,1,
7ef449d87c0907f195308665755c265fc5966e21,20260519_163344,2026-05-19T16:33:44-03:00,2026-05-19T19:33:44+00:00,betano,basketball,NBA,props_nba_20260519_163344.csv,New York Knicks Cleveland Cavaliers,new york knicks cleveland cavaliers,Evan Mobley,evan mobley,Puntos (hitos),24+,0.0,7.1,player_points_hito,PTS,over,24,23.5,Evan Mobley 24+ PTS,1,
9ce7ce3ac6cf3886672828aed680dfe069831aee,20260519_163344,2026-05-19T16:33:44-03:00,2026-05-19T19:33:44+00:00,betano,basketball,NBA,props_nba_20260519_163344.csv,New York Knicks Cleveland Cavaliers,new york knicks cleveland cavaliers,Evan Mobley,evan mobley,Puntos (hitos),26+,0.0,9.75,player_points_hito,PTS,over,26,25.5,Evan Mobley 26+ PTS,1,
eab18ef6ade43553413d5e436adfdb517114eeb3,20260519_163344,2026-05-19T16:33:44-03:00,2026-05-19T19:33:44+00:00,betano,basketball,NBA,props_nba_20260519_163344.csv,New York Knicks Cleveland Cavaliers,new york knicks cleveland cavaliers,Evan Mobley,evan mobley,Puntos (hitos),28+,0.0,13,player_points_hito,PTS,over,28,27.5,Evan Mobley 28+ PTS,1,
5dcf395710cbbcf278108b3d4c0fe57f7654370f,20260519_163344,2026-05-19T16:33:44-03:00,2026-05-19T19:33:44+00:00,betano,basketball,NBA,props_nba_20260519_163344.csv,New York Knicks Cleveland Cavaliers,new york knicks cleveland cavaliers,Evan Mobley,evan mobley,Puntos (hitos),30+,0.0,16,player_points_hito,PTS,over,30,29.5,Evan Mobley 30+ PTS,1,
96ff82ac74b743ae08c3256e8117011c95dc8e8b,20260519_163344,2026-05-19T16:33:44-03:00,2026-05-19T19:33:44+00:00,betano,basketball,NBA,props_nba_20260519_163344.csv,New York Knicks Cleveland Cavaliers,new york knicks cleveland cavaliers,OG Anunoby,og anunoby,Puntos (hitos),14+,0.0,1.5,player_points_hito,PTS,over,14,13.5,OG Anunoby 14+ PTS,1,
ecd138329f3583d81511e0180f8dad531b653517,20260519_163344,2026-05-19T16:33:44-03:00,2026-05-19T19:33:44+00:00,betano,basketball,NBA,props_nba_20260519_163344.csv,New York Knicks Cleveland Cavaliers,new york knicks cleveland cavaliers,OG Anunoby,og anunoby,Puntos (hitos),15+,0.0,1.65,player_points_hito,PTS,over,15,14.5,OG Anunoby 15+ PTS,1,
d601d414ef260e906fcac5e16357307923f3d872,20260519_163344,2026-05-19T16:33:44-03:00,2026-05-19T19:33:44+00:00,betano,basketball,NBA,props_nba_20260519_163344.csv,New York Knicks Cleveland Cavaliers,new york knicks cleveland cavaliers,OG Anunoby,og anunoby,Puntos (hitos),16+,0.0,1.85,player_points_hito,PTS,over,16,15.5,OG Anunoby 16+ PTS,1,
90132fde0515ca3438113326c6f872cfa2860387,20260519_163344,2026-05-19T16:33:44-03:00,2026-05-19T19:33:44+00:00,betano,basketball,NBA,props_nba_20260519_163344.csv,New York Knicks Cleveland Cavaliers,new york knicks cleveland cavaliers,OG Anunoby,og anunoby,Puntos (hitos),17+,0.0,2.12,player_points_hito,PTS,over,17,16.5,OG Anunoby 17+ PTS,1,
67c1505977a288c0f075965c17b784a939188633,20260519_163344,2026-05-19T16:33:44-03:00,2026-05-19T19:33:44+00:00,betano,basketball,NBA,props_nba_20260519_163344.csv,New York Knicks Cleveland Cavaliers,new york knicks cleveland cavaliers,OG Anunoby,og anunoby,Puntos (hitos),18+,0.0,2.45,player_points_hito,PTS,over,18,17.5,OG Anunoby 18+ PTS,1,
244403bd81db5df1c5958c38ac6cab567cb85e81,20260519_163344,2026-05-19T16:33:44-03:00,2026-05-19T19:33:44+00:00,betano,basketball,NBA,props_nba_20260519_163344.csv,New York Knicks Cleveland Cavaliers,new york knicks cleveland cavaliers,OG Anunoby,og anunoby,Puntos (hitos),19+,0.0,2.82,player_points_hito,PTS,over,19,18.5,OG Anunoby 19+ PTS,1,
df1223425de532f1ccd4182a46fe3c7051a34258,20260519_163344,2026-05-19T16:33:44-03:00,2026-05-19T19:33:44+00:00,betano,basketball,NBA,props_nba_20260519_163344.csv,New York Knicks Cleveland Cavaliers,new york knicks cleveland cavaliers,OG Anunoby,og anunoby,Puntos (hitos),20+,0.0,3.3,player_points_hito,PTS,over,20,19.5,OG Anunoby 20+ PTS,1,
f77c48ea215ddcf7b4fc9c3368aec1224dc684d5,20260519_163344,2026-05-19T16:33:44-03:00,2026-05-19T19:33:44+00:00,betano,basketball,NBA,props_nba_20260519_163344.csv,New York Knicks Cleveland Cavaliers,new york knicks cleveland cavaliers,OG Anunoby,og anunoby,Puntos (hitos),21+,0.0,3.9,player_points_hito,PTS,over,21,20.5,OG Anunoby 21+ PTS,1,
a80f1dbafaa608636e68a1a671282a9a3714ffcf,20260519_163344,2026-05-19T16:33:44-03:00,2026-05-19T19:33:44+00:00,betano,basketball,NBA,props_nba_20260519_163344.csv,New York Knicks Cleveland Cavaliers,new york knicks cleveland cavaliers,OG Anunoby,og anunoby,Puntos (hitos),22+,0.0,4.65,player_points_hito,PTS,over,22,21.5,OG Anunoby 22+ PTS,1,
4e476a82ad363008ffb077ac2078d0c82ce3d413,20260519_163344,2026-05-19T16:33:44-03:00,2026-05-19T19:33:44+00:00,betano,basketball,NBA,props_nba_20260519_163344.csv,New York Knicks Cleveland Cavaliers,new york knicks cleveland cavaliers,Mikal Bridges,mikal bridges,Puntos (hitos),11+,0.0,1.3,player_points_hito,PTS,over,11,10.5,Mikal Bridges 11+ PTS,1,
10aeda86dcfae3f226301d1eeed1e50fba0f693f,20260519_163344,2026-05-19T16:33:44-03:00,2026-05-19T19:33:44+00:00,betano,basketball,NBA,props_nba_20260519_163344.csv,New York Knicks Cleveland Cavaliers,new york knicks cleveland cavaliers,Mikal Bridges,mikal bridges,Puntos (hitos),12+,0.0,1.42,player_points_hito,PTS,over,12,11.5,Mikal Bridges 12+ PTS,1,
3ed7dd92b0f4bb9c687f14e41ad527316066c3af,20260519_163344,2026-05-19T16:33:44-03:00,2026-05-19T19:33:44+00:00,betano,basketball,NBA,props_nba_20260519_163344.csv,New York Knicks Cleveland Cavaliers,new york knicks cleveland cavaliers,Mikal Bridges,mikal bridges,Puntos (hitos),13+,0.0,1.6,player_points_hito,PTS,over,13,12.5,Mikal Bridges 13+ PTS,1,
89d9494f824919661893342c7ed142dfe117fd9d,20260519_163344,2026-05-19T16:33:44-03:00,2026-05-19T19:33:44+00:00,betano,basketball,NBA,props_nba_20260519_163344.csv,New York Knicks Cleveland Cavaliers,new york knicks cleveland cavaliers,Mikal Bridges,mikal bridges,Puntos (hitos),14+,0.0,1.8,player_points_hito,PTS,over,14,13.5,Mikal Bridges 14+ PTS,1,
a641390b3024176cdefab7b5d1725cb3adc53c89,20260519_163344,2026-05-19T16:33:44-03:00,2026-05-19T19:33:44+00:00,betano,basketball,NBA,props_nba_20260519_163344.csv,New York Knicks Cleveland Cavaliers,new york knicks cleveland cavaliers,Mikal Bridges,mikal bridges,Puntos (hitos),15+,0.0,2.07,player_points_hito,PTS,over,15,14.5,Mikal Bridges 15+ PTS,1,
6db6d19e310f6add671621f6b3db27808cda1752,20260519_163344,2026-05-19T16:33:44-03:00,2026-05-19T19:33:44+00:00,betano,basketball,NBA,props_nba_20260519_163344.csv,New York Knicks Cleveland Cavaliers,new york knicks cleveland cavaliers,Mikal Bridges,mikal bridges,Puntos (hitos),16+,0.0,2.37,player_points_hito,PTS,over,16,15.5,Mikal Bridges 16+ PTS,1,
2a703003d5586af95412995bd573e7f2d8b4c4e7,20260519_163344,2026-05-19T16:33:44-03:00,2026-05-19T19:33:44+00:00,betano,basketball,NBA,props_nba_20260519_163344.csv,New York Knicks Cleveland Cavaliers,new york knicks cleveland cavaliers,Mikal Bridges,mikal bridges,Puntos (hitos),17+,0.0,2.77,player_points_hito,PTS,over,17,16.5,Mikal Bridges 17+ PTS,1,
debd6e5f6ab5f4997f82b163243e9fb1aac94c29,20260519_163344,2026-05-19T16:33:44-03:00,2026-05-19T19:33:44+00:00,betano,basketball,NBA,props_nba_20260519_163344.csv,New York Knicks Cleveland Cavaliers,new york knicks cleveland cavaliers,Mikal Bridges,mikal bridges,Puntos (hitos),18+,0.0,3.25,player_points_hito,PTS,over,18,17.5,Mikal Bridges 18+ PTS,1,
fc70c6d96a612fe3d63183a565d385b3ad1abd8b,20260519_163344,2026-05-19T16:33:44-03:00,2026-05-19T19:33:44+00:00,betano,basketball,NBA,props_nba_20260519_163344.csv,New York Knicks Cleveland Cavaliers,new york knicks cleveland cavaliers,Mikal Bridges,mikal bridges,Puntos (hitos),19+,0.0,3.8,player_points_hito,PTS,over,19,18.5,Mikal Bridges 19+ PTS,1,
5da424171694be9bf165b35e3c0590d6939da6a6,20260519_163344,2026-05-19T16:33:44-03:00,2026-05-19T19:33:44+00:00,betano,basketball,NBA,props_nba_20260519_163344.csv,New York Knicks Cleveland Cavaliers,new york knicks cleveland cavaliers,Jarrett Allen,jarrett allen,Puntos (hitos),11+,0.0,1.4,player_points_hito,PTS,over,11,10.5,Jarrett Allen 11+ PTS,1,
a34dbf23bc54ec0a0f831e5750460fa6569e2410,20260519_163344,2026-05-19T16:33:44-03:00,2026-05-19T19:33:44+00:00,betano,basketball,NBA,props_nba_20260519_163344.csv,New York Knicks Cleveland Cavaliers,new york knicks cleveland cavaliers,Jarrett Allen,jarrett allen,Puntos (hitos),12+,0.0,1.55,player_points_hito,PTS,over,12,11.5,Jarrett Allen 12+ PTS,1,
db3f21030bb6d24542eec7cfe0c38e02ed2feec0,20260519_163344,2026-05-19T16:33:44-03:00,2026-05-19T19:33:44+00:00,betano,basketball,NBA,props_nba_20260519_163344.csv,New York Knicks Cleveland Cavaliers,new york knicks cleveland cavaliers,Jarrett Allen,jarrett allen,Puntos (hitos),13+,0.0,1.8,player_points_hito,PTS,over,13,12.5,Jarrett Allen 13+ PTS,1,
c3d7a2735f410347ecc9e18ce829c33979279964,20260519_163344,2026-05-19T16:33:44-03:00,2026-05-19T19:33:44+00:00,betano,basketball,NBA,props_nba_20260519_163344.csv,New York Knicks Cleveland Cavaliers,new york knicks cleveland cavaliers,Jarrett Allen,jarrett allen,Puntos (hitos),14+,0.0,2.07,player_points_hito,PTS,over,14,13.5,Jarrett Allen 14+ PTS,1,
4436a58fd820ea29c278b46ae974d09099362af1,20260519_163344,2026-05-19T16:33:44-03:00,2026-05-19T19:33:44+00:00,betano,basketball,NBA,props_nba_20260519_163344.csv,New York Knicks Cleveland Cavaliers,new york knicks cleveland cavaliers,Jarrett Allen,jarrett allen,Puntos (hitos),15+,0.0,2.5,player_points_hito,PTS,over,15,14.5,Jarrett Allen 15+ PTS,1,
6b964ae5865c20615e28fcf78037d8f7e912ce9a,20260519_163344,2026-05-19T16:33:44-03:00,2026-05-19T19:33:44+00:00,betano,basketball,NBA,props_nba_20260519_163344.csv,New York Knicks Cleveland Cavaliers,new york knicks cleveland cavaliers,Jarrett Allen,jarrett allen,Puntos (hitos),16+,0.0,3,player_points_hito,PTS,over,16,15.5,Jarrett Allen 16+ PTS,1,
73463e31aeb4d7cf00ae9b577a51aa458654a39c,20260519_163344,2026-05-19T16:33:44-03:00,2026-05-19T19:33:44+00:00,betano,basketball,NBA,props_nba_20260519_163344.csv,New York Knicks Cleveland Cavaliers,new york knicks cleveland cavaliers,Jarrett Allen,jarrett allen,Puntos (hitos),17+,0.0,3.65,player_points_hito,PTS,over,17,16.5,Jarrett Allen 17+ PTS,1,
ad5bff929bd33ffb886fd7393c5abf2bbb5d895e,20260519_163344,2026-05-19T16:33:44-03:00,2026-05-19T19:33:44+00:00,betano,basketball,NBA,props_nba_20260519_163344.csv,New York Knicks Cleveland Cavaliers,new york knicks cleveland cavaliers,Jarrett Allen,jarrett allen,Puntos (hitos),18+,0.0,4.5,player_points_hito,PTS,over,18,17.5,Jarrett Allen 18+ PTS,1,
9625d10ca808ec84666eee869b0f06258aeba4e1,20260519_163344,2026-05-19T16:33:44-03:00,2026-05-19T19:33:44+00:00,betano,basketball,NBA,props_nba_20260519_163344.csv,New York Knicks Cleveland Cavaliers,new york knicks cleveland cavaliers,Jarrett Allen,jarrett allen,Puntos (hitos),19+,0.0,5.5,player_points_hito,PTS,over,19,18.5,Jarrett Allen 19+ PTS,1,
72da3cbd0e18cd4b46643ce420ff3ebcf6035f0a,20260519_163344,2026-05-19T16:33:44-03:00,2026-05-19T19:33:44+00:00,betano,basketball,NBA,props_nba_20260519_163344.csv,New York Knicks Cleveland Cavaliers,new york knicks cleveland cavaliers,Josh Hart,josh hart,Puntos (hitos),10+,0.0,1.37,player_points_hito,PTS,over,10,9.5,Josh Hart 10+ PTS,1,
c233c7eefb22e56f47ca6d612fd5eee29d6b2baf,20260519_163344,2026-05-19T16:33:44-03:00,2026-05-19T19:33:44+00:00,betano,basketball,NBA,props_nba_20260519_163344.csv,New York Knicks Cleveland Cavaliers,new york knicks cleveland cavaliers,Josh Hart,josh hart,Puntos (hitos),11+,0.0,1.52,player_points_hito,PTS,over,11,10.5,Josh Hart 11+ PTS,1,
6e18042f2275ae8ee0ec2488d046887260944b81,20260519_163344,2026-05-19T16:33:44-03:00,2026-05-19T19:33:44+00:00,betano,basketball,NBA,props_nba_20260519_163344.csv,New York Knicks Cleveland Cavaliers,new york knicks cleveland cavaliers,Josh Hart,josh hart,Puntos (hitos),12+,0.0,1.72,player_points_hito,PTS,over,12,11.5,Josh Hart 12+ PTS,1,
f4d444970990fff710b90ec017ae261140848471,20260519_163344,2026-05-19T16:33:44-03:00,2026-05-19T19:33:44+00:00,betano,basketball,NBA,props_nba_20260519_163344.csv,New York Knicks Cleveland Cavaliers,new york knicks cleveland cavaliers,Josh Hart,josh hart,Puntos (hitos),13+,0.0,1.95,player_points_hito,PTS,over,13,12.5,Josh Hart 13+ PTS,1,
58259d3ead867673654e9d25605140c10bc760ed,20260519_163344,2026-05-19T16:33:44-03:00,2026-05-19T19:33:44+00:00,betano,basketball,NBA,props_nba_20260519_163344.csv,New York Knicks Cleveland Cavaliers,new york knicks cleveland cavaliers,Josh Hart,josh hart,Puntos (hitos),14+,0.0,2.27,player_points_hito,PTS,over,14,13.5,Josh Hart 14+ PTS,1,
55bd1c12607383d75d67154391e7200b89209c89,20260519_163344,2026-05-19T16:33:44-03:00,2026-05-19T19:33:44+00:00,betano,basketball,NBA,props_nba_20260519_163344.csv,New York Knicks Cleveland Cavaliers,new york knicks cleveland cavaliers,Josh Hart,josh hart,Puntos (hitos),15+,0.0,2.67,player_points_hito,PTS,over,15,14.5,Josh Hart 15+ PTS,1,
c117ff4b66ffa21d78a79093033f9265ca4655de,20260519_163344,2026-05-19T16:33:44-03:00,2026-05-19T19:33:44+00:00,betano,basketball,NBA,props_nba_20260519_163344.csv,New York Knicks Cleveland Cavaliers,new york knicks cleveland cavaliers,Josh Hart,josh hart,Puntos (hitos),16+,0.0,3.2,player_points_hito,PTS,over,16,15.5,Josh Hart 16+ PTS,1,
3541b8516cf98c4848d1e98fa3eefa0b590d6cf7,20260519_163344,2026-05-19T16:33:44-03:00,2026-05-19T19:33:44+00:00,betano,basketball,NBA,props_nba_20260519_163344.csv,New York Knicks Cleveland Cavaliers,new york knicks cleveland cavaliers,Josh Hart,josh hart,Puntos (hitos),17+,0.0,3.85,player_points_hito,PTS,over,17,16.5,Josh Hart 17+ PTS,1,
d2d1ea3bf92dcf45bac3fa4a8e5b24b3fd3dcc1a,20260519_163344,2026-05-19T16:33:44-03:00,2026-05-19T19:33:44+00:00,betano,basketball,NBA,props_nba_20260519_163344.csv,New York Knicks Cleveland Cavaliers,new york knicks cleveland cavaliers,Josh Hart,josh hart,Puntos (hitos),18+,0.0,4.65,player_points_hito,PTS,over,18,17.5,Josh Hart 18+ PTS,1,
20927e472d8932f68ae3aa0845bbe2570cadaab2,20260519_163344,2026-05-19T16:33:44-03:00,2026-05-19T19:33:44+00:00,betano,basketball,NBA,props_nba_20260519_163344.csv,New York Knicks Cleveland Cavaliers,new york knicks cleveland cavaliers,Max Strus,max strus,Puntos (hitos),8+,0.0,1.5,player_points_hito,PTS,over,8,7.5,Max Strus 8+ PTS,1,
0d2c3acb4a23b1587fa77324f689be923d6cadf3,20260519_163344,2026-05-19T16:33:44-03:00,2026-05-19T19:33:44+00:00,betano,basketball,NBA,props_nba_20260519_163344.csv,New York Knicks Cleveland Cavaliers,new york knicks cleveland cavaliers,Max Strus,max strus,Puntos (hitos),9+,0.0,1.72,player_points_hito,PTS,over,9,8.5,Max Strus 9+ PTS,1,
365ea0eca6ebd4ca5bf228c31237ce3ad3c3898c,20260519_163344,2026-05-19T16:33:44-03:00,2026-05-19T19:33:44+00:00,betano,basketball,NBA,props_nba_20260519_163344.csv,New York Knicks Cleveland Cavaliers,new york knicks cleveland cavaliers,Max Strus,max strus,Puntos (hitos),10+,0.0,2.02,player_points_hito,PTS,over,10,9.5,Max Strus 10+ PTS,1,
2fa22362e67d88afd7dfb108380b39d9603a1ec9,20260519_163344,2026-05-19T16:33:44-03:00,2026-05-19T19:33:44+00:00,betano,basketball,NBA,props_nba_20260519_163344.csv,New York Knicks Cleveland Cavaliers,new york knicks cleveland cavaliers,Max Strus,max strus,Puntos (hitos),11+,0.0,2.32,player_points_hito,PTS,over,11,10.5,Max Strus 11+ PTS,1,
b1075a0a29eeac851c2b59a3b702126378940726,20260519_163344,2026-05-19T16:33:44-03:00,2026-05-19T19:33:44+00:00,betano,basketball,NBA,props_nba_20260519_163344.csv,New York Knicks Cleveland Cavaliers,new york knicks cleveland cavaliers,Max Strus,max strus,Puntos (hitos),12+,0.0,2.77,player_points_hito,PTS,over,12,11.5,Max Strus 12+ PTS,1,
170f0f4c2231b625645f8312af263fb77498b7c6,20260519_163344,2026-05-19T16:33:44-03:00,2026-05-19T19:33:44+00:00,betano,basketball,NBA,props_nba_20260519_163344.csv,New York Knicks Cleveland Cavaliers,new york knicks cleveland cavaliers,Max Strus,max strus,Puntos (hitos),13+,0.0,3.4,player_points_hito,PTS,over,13,12.5,Max Strus 13+ PTS,1,
6ca384b512432fd611367e49adc208d321ec378b,20260519_163344,2026-05-19T16:33:44-03:00,2026-05-19T19:33:44+00:00,betano,basketball,NBA,props_nba_20260519_163344.csv,New York Knicks Cleveland Cavaliers,new york knicks cleveland cavaliers,Max Strus,max strus,Puntos (hitos),14+,0.0,4.05,player_points_hito,PTS,over,14,13.5,Max Strus 14+ PTS,1,
f5338a469e9c7bae5a107c0b1c6337e6c27207a7,20260519_163344,2026-05-19T16:33:44-03:00,2026-05-19T19:33:44+00:00,betano,basketball,NBA,props_nba_20260519_163344.csv,New York Knicks Cleveland Cavaliers,new york knicks cleveland cavaliers,Max Strus,max strus,Puntos (hitos),15+,0.0,5,player_points_hito,PTS,over,15,14.5,Max Strus 15+ PTS,1,
30bde3d610c42139c008694c7f849e31b05ca740,20260519_163344,2026-05-19T16:33:44-03:00,2026-05-19T19:33:44+00:00,betano,basketball,NBA,props_nba_20260519_163344.csv,New York Knicks Cleveland Cavaliers,new york knicks cleveland cavaliers,Sam Merrill,sam merrill,Puntos (hitos),6+,0.0,1.35,player_points_hito,PTS,over,6,5.5,Sam Merrill 6+ PTS,1,
c4979d91775b2847d8bde9dff3d9c91d2b7d9e03,20260519_163344,2026-05-19T16:33:44-03:00,2026-05-19T19:33:44+00:00,betano,basketball,NBA,props_nba_20260519_163344.csv,New York Knicks Cleveland Cavaliers,new york knicks cleveland cavaliers,Sam Merrill,sam merrill,Puntos (hitos),7+,0.0,1.62,player_points_hito,PTS,over,7,6.5,Sam Merrill 7+ PTS,1,
0c1ce1fd42bfeae8cd1f63795cf8f73dcdb61ad2,20260519_163344,2026-05-19T16:33:44-03:00,2026-05-19T19:33:44+00:00,betano,basketball,NBA,props_nba_20260519_163344.csv,New York Knicks Cleveland Cavaliers,new york knicks cleveland cavaliers,Sam Merrill,sam merrill,Puntos (hitos),8+,0.0,1.82,player_points_hito,PTS,over,8,7.5,Sam Merrill 8+ PTS,1,
ade4095f09da6693b2baea84262bb6faab38c27b,20260519_163344,2026-05-19T16:33:44-03:00,2026-05-19T19:33:44+00:00,betano,basketball,NBA,props_nba_20260519_163344.csv,New York Knicks Cleveland Cavaliers,new york knicks cleveland cavaliers,Sam Merrill,sam merrill,Puntos (hitos),9+,0.0,2.15,player_points_hito,PTS,over,9,8.5,Sam Merrill 9+ PTS,1,
47c78ac340979c629f4129f1d68ba4d207cde411,20260519_163344,2026-05-19T16:33:44-03:00,2026-05-19T19:33:44+00:00,betano,basketball,NBA,props_nba_20260519_163344.csv,New York Knicks Cleveland Cavaliers,new york knicks cleveland cavaliers,Sam Merrill,sam merrill,Puntos (hitos),10+,0.0,2.6,player_points_hito,PTS,over,10,9.5,Sam Merrill 10+ PTS,1,
4f6dbb3f20ed18c69a8823cacb62f4bec0320fb4,20260519_163344,2026-05-19T16:33:44-03:00,2026-05-19T19:33:44+00:00,betano,basketball,NBA,props_nba_20260519_163344.csv,New York Knicks Cleveland Cavaliers,new york knicks cleveland cavaliers,Sam Merrill,sam merrill,Puntos (hitos),11+,0.0,3,player_points_hito,PTS,over,11,10.5,Sam Merrill 11+ PTS,1,
b9d03bc71fd9b50dd1a4c73b0a69366b015ffbfb,20260519_163344,2026-05-19T16:33:44-03:00,2026-05-19T19:33:44+00:00,betano,basketball,NBA,props_nba_20260519_163344.csv,New York Knicks Cleveland Cavaliers,new york knicks cleveland cavaliers,Sam Merrill,sam merrill,Puntos (hitos),12+,0.0,3.5,player_points_hito,PTS,over,12,11.5,Sam Merrill 12+ PTS,1,
cfc17c4e380a4b49c0fd00de0b0c680b2fa654cd,20260519_163344,2026-05-19T16:33:44-03:00,2026-05-19T19:33:44+00:00,betano,basketball,NBA,props_nba_20260519_163344.csv,New York Knicks Cleveland Cavaliers,new york knicks cleveland cavaliers,Sam Merrill,sam merrill,Puntos (hitos),13+,0.0,4.15,player_points_hito,PTS,over,13,12.5,Sam Merrill 13+ PTS,1,
f78b20fff2e1733a183b03301df74d3238c23064,20260519_163344,2026-05-19T16:33:44-03:00,2026-05-19T19:33:44+00:00,betano,basketball,NBA,props_nba_20260519_163344.csv,New York Knicks Cleveland Cavaliers,new york knicks cleveland cavaliers,Miles McBride,miles mcbride,Puntos (hitos),6+,0.0,1.42,player_points_hito,PTS,over,6,5.5,Miles McBride 6+ PTS,1,
22c0ebaf3a3363c7595b027e28210bc332644f3b,20260519_163344,2026-05-19T16:33:44-03:00,2026-05-19T19:33:44+00:00,betano,basketball,NBA,props_nba_20260519_163344.csv,New York Knicks Cleveland Cavaliers,new york knicks cleveland cavaliers,Miles McBride,miles mcbride,Puntos (hitos),7+,0.0,1.72,player_points_hito,PTS,over,7,6.5,Miles McBride 7+ PTS,1,
6d7d023dc12a1ad15a4ce941f45d9c4272f0b6b4,20260519_163344,2026-05-19T16:33:44-03:00,2026-05-19T19:33:44+00:00,betano,basketball,NBA,props_nba_20260519_163344.csv,New York Knicks Cleveland Cavaliers,new york knicks cleveland cavaliers,Miles McBride,miles mcbride,Puntos (hitos),8+,0.0,1.93,player_points_hito,PTS,over,8,7.5,Miles McBride 8+ PTS,1,
f4d0e455aebeba9126e050cc22b8f8d0fc556a6d,20260519_163344,2026-05-19T16:33:44-03:00,2026-05-19T19:33:44+00:00,betano,basketball,NBA,props_nba_20260519_163344.csv,New York Knicks Cleveland Cavaliers,new york knicks cleveland cavaliers,Miles McBride,miles mcbride,Puntos (hitos),9+,0.0,2.32,player_points_hito,PTS,over,9,8.5,Miles McBride 9+ PTS,1,
df81002af13be504c51802c2b754130fae394b78,20260519_163344,2026-05-19T16:33:44-03:00,2026-05-19T19:33:44+00:00,betano,basketball,NBA,props_nba_20260519_163344.csv,New York Knicks Cleveland Cavaliers,new york knicks cleveland cavaliers,Miles McBride,miles mcbride,Puntos (hitos),10+,0.0,2.85,player_points_hito,PTS,over,10,9.5,Miles McBride 10+ PTS,1,
d1aca246ff2f3c115fa6fda50ee628bfb0bed908,20260519_163344,2026-05-19T16:33:44-03:00,2026-05-19T19:33:44+00:00,betano,basketball,NBA,props_nba_20260519_163344.csv,New York Knicks Cleveland Cavaliers,new york knicks cleveland cavaliers,Miles McBride,miles mcbride,Puntos (hitos),11+,0.0,3.35,player_points_hito,PTS,over,11,10.5,Miles McBride 11+ PTS,1,
c372aeef8ba36203cc7dbbc132916beaeb4e8a2e,20260519_163344,2026-05-19T16:33:44-03:00,2026-05-19T19:33:44+00:00,betano,basketball,NBA,props_nba_20260519_163344.csv,New York Knicks Cleveland Cavaliers,new york knicks cleveland cavaliers,Miles McBride,miles mcbride,Puntos (hitos),12+,0.0,4.05,player_points_hito,PTS,over,12,11.5,Miles McBride 12+ PTS,1,
0f7f1db6f45f7ea27939ec7fd1b775e0f35e090d,20260519_163344,2026-05-19T16:33:44-03:00,2026-05-19T19:33:44+00:00,betano,basketball,NBA,props_nba_20260519_163344.csv,New York Knicks Cleveland Cavaliers,new york knicks cleveland cavaliers,Miles McBride,miles mcbride,Puntos (hitos),13+,0.0,4.85,player_points_hito,PTS,over,13,12.5,Miles McBride 13+ PTS,1,
9d11027392c93f765266a169855cbc25f883e148,20260519_163344,2026-05-19T16:33:44-03:00,2026-05-19T19:33:44+00:00,betano,basketball,NBA,props_nba_20260519_163344.csv,New York Knicks Cleveland Cavaliers,new york knicks cleveland cavaliers,Dennis Schroder,dennis schroder,Puntos (hitos),5+,0.0,1.5,player_points_hito,PTS,over,5,4.5,Dennis Schroder 5+ PTS,1,
5c5b5dbd3cba55545acea5623731d45317568793,20260519_163344,2026-05-19T16:33:44-03:00,2026-05-19T19:33:44+00:00,betano,basketball,NBA,props_nba_20260519_163344.csv,New York Knicks Cleveland Cavaliers,new york knicks cleveland cavaliers,Dennis Schroder,dennis schroder,Puntos (hitos),6+,0.0,1.8,player_points_hito,PTS,over,6,5.5,Dennis Schroder 6+ PTS,1,
79da965fe5609ff019f7ca0f4ac37b1d10aa795d,20260519_163344,2026-05-19T16:33:44-03:00,2026-05-19T19:33:44+00:00,betano,basketball,NBA,props_nba_20260519_163344.csv,New York Knicks Cleveland Cavaliers,new york knicks cleveland cavaliers,Dennis Schroder,dennis schroder,Puntos (hitos),7+,0.0,2.18,player_points_hito,PTS,over,7,6.5,Dennis Schroder 7+ PTS,1,
4def14748cf9ccf7cacccdd950a0d200852c6814,20260519_163344,2026-05-19T16:33:44-03:00,2026-05-19T19:33:44+00:00,betano,basketball,NBA,props_nba_20260519_163344.csv,New York Knicks Cleveland Cavaliers,new york knicks cleveland cavaliers,Dennis Schroder,dennis schroder,Puntos (hitos),8+,0.0,2.75,player_points_hito,PTS,over,8,7.5,Dennis Schroder 8+ PTS,1,
2ecf26613948a60514f44b7eeaf9f03c814e9998,20260519_163344,2026-05-19T16:33:44-03:00,2026-05-19T19:33:44+00:00,betano,basketball,NBA,props_nba_20260519_163344.csv,New York Knicks Cleveland Cavaliers,new york knicks cleveland cavaliers,Dennis Schroder,dennis schroder,Puntos (hitos),9+,0.0,3.55,player_points_hito,PTS,over,9,8.5,Dennis Schroder 9+ PTS,1,
890c0cc520fd2693ee465cb5b36c5b2661c8b2fd,20260519_163344,2026-05-19T16:33:44-03:00,2026-05-19T19:33:44+00:00,betano,basketball,NBA,props_nba_20260519_163344.csv,New York Knicks Cleveland Cavaliers,new york knicks cleveland cavaliers,Dennis Schroder,dennis schroder,Puntos (hitos),10+,0.0,4.6,player_points_hito,PTS,over,10,9.5,Dennis Schroder 10+ PTS,1,
2bec2b7145ccd3e6d79686b8278a3c86698b88ac,20260519_163344,2026-05-19T16:33:44-03:00,2026-05-19T19:33:44+00:00,betano,basketball,NBA,props_nba_20260519_163344.csv,New York Knicks Cleveland Cavaliers,new york knicks cleveland cavaliers,Mitchell Robinson,mitchell robinson,Puntos (hitos),4+,0.0,1.37,player_points_hito,PTS,over,4,3.5,Mitchell Robinson 4+ PTS,1,
cff2cf80c22eabe902ae074b822707f6d047fe28,20260519_163344,2026-05-19T16:33:44-03:00,2026-05-19T19:33:44+00:00,betano,basketball,NBA,props_nba_20260519_163344.csv,New York Knicks Cleveland Cavaliers,new york knicks cleveland cavaliers,Mitchell Robinson,mitchell robinson,Puntos (hitos),5+,0.0,1.82,player_points_hito,PTS,over,5,4.5,Mitchell Robinson 5+ PTS,1,
7835014f23a8639b4e56f54889d529a403c0739b,20260519_163344,2026-05-19T16:33:44-03:00,2026-05-19T19:33:44+00:00,betano,basketball,NBA,props_nba_20260519_163344.csv,New York Knicks Cleveland Cavaliers,new york knicks cleveland cavaliers,Mitchell Robinson,mitchell robinson,Puntos (hitos),6+,0.0,2.1,player_points_hito,PTS,over,6,5.5,Mitchell Robinson 6+ PTS,1,
1db4a33c3a4e6693e282af43644b09a93b7ccf73,20260519_163344,2026-05-19T16:33:44-03:00,2026-05-19T19:33:44+00:00,betano,basketball,NBA,props_nba_20260519_163344.csv,New York Knicks Cleveland Cavaliers,new york knicks cleveland cavaliers,Mitchell Robinson,mitchell robinson,Puntos (hitos),7+,0.0,2.95,player_points_hito,PTS,over,7,6.5,Mitchell Robinson 7+ PTS,1,
42c606cb5f98a12bda59d520d13bb00d1d502a43,20260519_163344,2026-05-19T16:33:44-03:00,2026-05-19T19:33:44+00:00,betano,basketball,NBA,props_nba_20260519_163344.csv,New York Knicks Cleveland Cavaliers,new york knicks cleveland cavaliers,Mitchell Robinson,mitchell robinson,Puntos (hitos),8+,0.0,3.75,player_points_hito,PTS,over,8,7.5,Mitchell Robinson 8+ PTS,1,
79941ee3aea8bb1a740c6cfde72adb1b7fe21b66,20260519_163344,2026-05-19T16:33:44-03:00,2026-05-19T19:33:44+00:00,betano,basketball,NBA,props_nba_20260519_163344.csv,New York Knicks Cleveland Cavaliers,new york knicks cleveland cavaliers,Mitchell Robinson,mitchell robinson,Puntos (hitos),9+,0.0,5.3,player_points_hito,PTS,over,9,8.5,Mitchell Robinson 9+ PTS,1,
ceb9c112745d5d943a409a50ad04ef3a424bd044,20260519_163344,2026-05-19T16:33:44-03:00,2026-05-19T19:33:44+00:00,betano,basketball,NBA,props_nba_20260519_163344.csv,New York Knicks Cleveland Cavaliers,new york knicks cleveland cavaliers,Jordan Clarkson,jordan clarkson,Puntos (hitos),4+,0.0,1.55,player_points_hito,PTS,over,4,3.5,Jordan Clarkson 4+ PTS,1,
dad85d27e0bfd44c31c82686ff13c8b612a73cee,20260519_163344,2026-05-19T16:33:44-03:00,2026-05-19T19:33:44+00:00,betano,basketball,NBA,props_nba_20260519_163344.csv,New York Knicks Cleveland Cavaliers,new york knicks cleveland cavaliers,Jordan Clarkson,jordan clarkson,Puntos (hitos),5+,0.0,2,player_points_hito,PTS,over,5,4.5,Jordan Clarkson 5+ PTS,1,
503f296c3ee5e40fb72c007aec19c507b51df7a0,20260519_163344,2026-05-19T16:33:44-03:00,2026-05-19T19:33:44+00:00,betano,basketball,NBA,props_nba_20260519_163344.csv,New York Knicks Cleveland Cavaliers,new york knicks cleveland cavaliers,Jordan Clarkson,jordan clarkson,Puntos (hitos),6+,0.0,2.55,player_points_hito,PTS,over,6,5.5,Jordan Clarkson 6+ PTS,1,
de236ed91c2cc93b7759f3a9d22d2818d3c2b1cc,20260519_163344,2026-05-19T16:33:44-03:00,2026-05-19T19:33:44+00:00,betano,basketball,NBA,props_nba_20260519_163344.csv,New York Knicks Cleveland Cavaliers,new york knicks cleveland cavaliers,Jordan Clarkson,jordan clarkson,Puntos (hitos),7+,0.0,3.35,player_points_hito,PTS,over,7,6.5,Jordan Clarkson 7+ PTS,1,
ff28e5c54216330f7297ff278ee3fc1ad84f417b,20260519_163344,2026-05-19T16:33:44-03:00,2026-05-19T19:33:44+00:00,betano,basketball,NBA,props_nba_20260519_163344.csv,New York Knicks Cleveland Cavaliers,new york knicks cleveland cavaliers,Jordan Clarkson,jordan clarkson,Puntos (hitos),8+,0.0,4.55,player_points_hito,PTS,over,8,7.5,Jordan Clarkson 8+ PTS,1,
124fbe444c0bb9257a2055ddab7abe8eed2cbfb5,20260519_163344,2026-05-19T16:33:44-03:00,2026-05-19T19:33:44+00:00,betano,basketball,NBA,props_nba_20260519_163344.csv,New York Knicks Cleveland Cavaliers,new york knicks cleveland cavaliers,Jordan Clarkson,jordan clarkson,Puntos (hitos),9+,0.0,6.1,player_points_hito,PTS,over,9,8.5,Jordan Clarkson 9+ PTS,1,
9a3bab1be71ad6ebcd9a753a4800c623baf8b246,20260519_163344,2026-05-19T16:33:44-03:00,2026-05-19T19:33:44+00:00,betano,basketball,NBA,props_nba_20260519_163344.csv,New York Knicks Cleveland Cavaliers,new york knicks cleveland cavaliers,Dean Wade,dean wade,Puntos (hitos),3+,0.0,1.45,player_points_hito,PTS,over,3,2.5,Dean Wade 3+ PTS,1,
0faa4ad748d17dd7dff2ad4a55c91435fa0b1db8,20260519_163344,2026-05-19T16:33:44-03:00,2026-05-19T19:33:44+00:00,betano,basketball,NBA,props_nba_20260519_163344.csv,New York Knicks Cleveland Cavaliers,new york knicks cleveland cavaliers,Dean Wade,dean wade,Puntos (hitos),4+,0.0,1.98,player_points_hito,PTS,over,4,3.5,Dean Wade 4+ PTS,1,
6141512025ac55b53708570418faa22f9be81f72,20260519_163344,2026-05-19T16:33:44-03:00,2026-05-19T19:33:44+00:00,betano,basketball,NBA,props_nba_20260519_163344.csv,New York Knicks Cleveland Cavaliers,new york knicks cleveland cavaliers,Dean Wade,dean wade,Puntos (hitos),5+,0.0,2.25,player_points_hito,PTS,over,5,4.5,Dean Wade 5+ PTS,1,
a08b89fa944a1c8a15905081d33d138f6ad6b4f4,20260519_163344,2026-05-19T16:33:44-03:00,2026-05-19T19:33:44+00:00,betano,basketball,NBA,props_nba_20260519_163344.csv,New York Knicks Cleveland Cavaliers,new york knicks cleveland cavaliers,Dean Wade,dean wade,Puntos (hitos),6+,0.0,3,player_points_hito,PTS,over,6,5.5,Dean Wade 6+ PTS,1,
220bb5e6d162a36126dc356621f12f2cbd471198,20260519_163344,2026-05-19T16:33:44-03:00,2026-05-19T19:33:44+00:00,betano,basketball,NBA,props_nba_20260519_163344.csv,New York Knicks Cleveland Cavaliers,new york knicks cleveland cavaliers,Dean Wade,dean wade,Puntos (hitos),7+,0.0,4.15,player_points_hito,PTS,over,7,6.5,Dean Wade 7+ PTS,1,
9d6d1eb6474373e51bfaa74d20c74d2c57922a24,20260519_163344,2026-05-19T16:33:44-03:00,2026-05-19T19:33:44+00:00,betano,basketball,NBA,props_nba_20260519_163344.csv,New York Knicks Cleveland Cavaliers,new york knicks cleveland cavaliers,Dean Wade,dean wade,Puntos (hitos),8+,0.0,5.2,player_points_hito,PTS,over,8,7.5,Dean Wade 8+ PTS,1,
2296003d1978181255db5b225494e5d759890630,20260519_163344,2026-05-19T16:33:44-03:00,2026-05-19T19:33:44+00:00,betano,basketball,NBA,props_nba_20260519_163344.csv,New York Knicks Cleveland Cavaliers,new york knicks cleveland cavaliers,Jose Alvarado,jose alvarado,Puntos (hitos),2+,0.0,1.3,player_points_hito,PTS,over,2,1.5,Jose Alvarado 2+ PTS,1,
b0bd64a461e23390b7def2d7eb91ff1cdefc9114,20260519_163344,2026-05-19T16:33:44-03:00,2026-05-19T19:33:44+00:00,betano,basketball,NBA,props_nba_20260519_163344.csv,New York Knicks Cleveland Cavaliers,new york knicks cleveland cavaliers,Jose Alvarado,jose alvarado,Puntos (hitos),3+,0.0,1.55,player_points_hito,PTS,over,3,2.5,Jose Alvarado 3+ PTS,1,
2c840bcb7a659eea9acb8ae3ac475e2c1e71654c,20260519_163344,2026-05-19T16:33:44-03:00,2026-05-19T19:33:44+00:00,betano,basketball,NBA,props_nba_20260519_163344.csv,New York Knicks Cleveland Cavaliers,new york knicks cleveland cavaliers,Jose Alvarado,jose alvarado,Puntos (hitos),4+,0.0,2.37,player_points_hito,PTS,over,4,3.5,Jose Alvarado 4+ PTS,1,
96882db9a4b9477e49f9a206e71b64d6a68a5901,20260519_163344,2026-05-19T16:33:44-03:00,2026-05-19T19:33:44+00:00,betano,basketball,NBA,props_nba_20260519_163344.csv,New York Knicks Cleveland Cavaliers,new york knicks cleveland cavaliers,Jose Alvarado,jose alvarado,Puntos (hitos),5+,0.0,2.7,player_points_hito,PTS,over,5,4.5,Jose Alvarado 5+ PTS,1,
b47e6e24dcff492cc86757588b4b54ae874ae376,20260519_163344,2026-05-19T16:33:44-03:00,2026-05-19T19:33:44+00:00,betano,basketball,NBA,props_nba_20260519_163344.csv,New York Knicks Cleveland Cavaliers,new york knicks cleveland cavaliers,James Harden,james harden,Asistencias (hitos),6+,0.0,1.45,player_assists_hito,AST,over,6,5.5,James Harden 6+ AST,1,
e19d77681521e090ec4c52be32a3620d90461e2e,20260519_163344,2026-05-19T16:33:44-03:00,2026-05-19T19:33:44+00:00,betano,basketball,NBA,props_nba_20260519_163344.csv,New York Knicks Cleveland Cavaliers,new york knicks cleveland cavaliers,James Harden,james harden,Asistencias (hitos),7+,0.0,1.93,player_assists_hito,AST,over,7,6.5,James Harden 7+ AST,1,
0204a716e81b4f6b6761c3589acd0a6accd963fd,20260519_163344,2026-05-19T16:33:44-03:00,2026-05-19T19:33:44+00:00,betano,basketball,NBA,props_nba_20260519_163344.csv,New York Knicks Cleveland Cavaliers,new york knicks cleveland cavaliers,James Harden,james harden,Asistencias (hitos),8+,0.0,2.72,player_assists_hito,AST,over,8,7.5,James Harden 8+ AST,1,
0b3b9e0566b0acc6fe1873150516b686905878f7,20260519_163344,2026-05-19T16:33:44-03:00,2026-05-19T19:33:44+00:00,betano,basketball,NBA,props_nba_20260519_163344.csv,New York Knicks Cleveland Cavaliers,new york knicks cleveland cavaliers,James Harden,james harden,Asistencias (hitos),9+,0.0,4.1,player_assists_hito,AST,over,9,8.5,James Harden 9+ AST,1,
2acfb1a0eef32f22370ed5a58e577afebfaf1f23,20260519_163344,2026-05-19T16:33:44-03:00,2026-05-19T19:33:44+00:00,betano,basketball,NBA,props_nba_20260519_163344.csv,New York Knicks Cleveland Cavaliers,new york knicks cleveland cavaliers,James Harden,james harden,Asistencias (hitos),10+,0.0,6.4,player_assists_hito,AST,over,10,9.5,James Harden 10+ AST,1,
19fcd21dc4990fccba9604c57621d38ba9134362,20260519_163344,2026-05-19T16:33:44-03:00,2026-05-19T19:33:44+00:00,betano,basketball,NBA,props_nba_20260519_163344.csv,New York Knicks Cleveland Cavaliers,new york knicks cleveland cavaliers,James Harden,james harden,Asistencias (hitos),11+,0.0,9.75,player_assists_hito,AST,over,11,10.5,James Harden 11+ AST,1,
f64017d4ffcab47a8b11ae7bb44cc10249ec66ee,20260519_163344,2026-05-19T16:33:44-03:00,2026-05-19T19:33:44+00:00,betano,basketball,NBA,props_nba_20260519_163344.csv,New York Knicks Cleveland Cavaliers,new york knicks cleveland cavaliers,James Harden,james harden,Asistencias (hitos),12+,0.0,13,player_assists_hito,AST,over,12,11.5,James Harden 12+ AST,1,
c9fb885a78d1d7e36e2e83924c07dc491c83fb95,20260519_163344,2026-05-19T16:33:44-03:00,2026-05-19T19:33:44+00:00,betano,basketball,NBA,props_nba_20260519_163344.csv,New York Knicks Cleveland Cavaliers,new york knicks cleveland cavaliers,James Harden,james harden,Asistencias (hitos),13+,0.0,16.5,player_assists_hito,AST,over,13,12.5,James Harden 13+ AST,1,
ac6b4158933f4e6d51d61385b6a1d7ea9d804021,20260519_163344,2026-05-19T16:33:44-03:00,2026-05-19T19:33:44+00:00,betano,basketball,NBA,props_nba_20260519_163344.csv,New York Knicks Cleveland Cavaliers,new york knicks cleveland cavaliers,Jalen Brunson,jalen brunson,Asistencias (hitos),5+,0.0,1.26,player_assists_hito,AST,over,5,4.5,Jalen Brunson 5+ AST,1,
46436fc0bc5acd56a6cd0889c963d75680c098db,20260519_163344,2026-05-19T16:33:44-03:00,2026-05-19T19:33:44+00:00,betano,basketball,NBA,props_nba_20260519_163344.csv,New York Knicks Cleveland Cavaliers,new york knicks cleveland cavaliers,Jalen Brunson,jalen brunson,Asistencias (hitos),6+,0.0,1.57,player_assists_hito,AST,over,6,5.5,Jalen Brunson 6+ AST,1,
8a0763f3321d6fc7a3762857fd5ef592e8536dc1,20260519_163344,2026-05-19T16:33:44-03:00,2026-05-19T19:33:44+00:00,betano,basketball,NBA,props_nba_20260519_163344.csv,New York Knicks Cleveland Cavaliers,new york knicks cleveland cavaliers,Jalen Brunson,jalen brunson,Asistencias (hitos),7+,0.0,2.15,player_assists_hito,AST,over,7,6.5,Jalen Brunson 7+ AST,1,
2d577e584de9c97e9f0739dbd2b22eac82964f01,20260519_163344,2026-05-19T16:33:44-03:00,2026-05-19T19:33:44+00:00,betano,basketball,NBA,props_nba_20260519_163344.csv,New York Knicks Cleveland Cavaliers,new york knicks cleveland cavaliers,Jalen Brunson,jalen brunson,Asistencias (hitos),8+,0.0,3.15,player_assists_hito,AST,over,8,7.5,Jalen Brunson 8+ AST,1,
5359e50dfd8c6df7d459a3dcd154eccb0d3560ba,20260519_163344,2026-05-19T16:33:44-03:00,2026-05-19T19:33:44+00:00,betano,basketball,NBA,props_nba_20260519_163344.csv,New York Knicks Cleveland Cavaliers,new york knicks cleveland cavaliers,Jalen Brunson,jalen brunson,Asistencias (hitos),9+,0.0,4.8,player_assists_hito,AST,over,9,8.5,Jalen Brunson 9+ AST,1,
ff25957d9844021bd4347f01cd721f702d59ed5a,20260519_163344,2026-05-19T16:33:44-03:00,2026-05-19T19:33:44+00:00,betano,basketball,NBA,props_nba_20260519_163344.csv,New York Knicks Cleveland Cavaliers,new york knicks cleveland cavaliers,Jalen Brunson,jalen brunson,Asistencias (hitos),10+,0.0,7.5,player_assists_hito,AST,over,10,9.5,Jalen Brunson 10+ AST,1,
375b133ffaec5878f5c69f851ddefc0d09c0d207,20260519_163344,2026-05-19T16:33:44-03:00,2026-05-19T19:33:44+00:00,betano,basketball,NBA,props_nba_20260519_163344.csv,New York Knicks Cleveland Cavaliers,new york knicks cleveland cavaliers,Karl-Anthony Towns,karl anthony towns,Asistencias (hitos),4+,0.0,1.25,player_assists_hito,AST,over,4,3.5,Karl-Anthony Towns 4+ AST,1,
e64a42f8ba36364f2af3eb9b85e16a10d9a281d9,20260519_163344,2026-05-19T16:33:44-03:00,2026-05-19T19:33:44+00:00,betano,basketball,NBA,props_nba_20260519_163344.csv,New York Knicks Cleveland Cavaliers,new york knicks cleveland cavaliers,Karl-Anthony Towns,karl anthony towns,Asistencias (hitos),5+,0.0,1.65,player_assists_hito,AST,over,5,4.5,Karl-Anthony Towns 5+ AST,1,
ad3dba6a8f0b7ad4e2752adc688f254f1e49c77f,20260519_163344,2026-05-19T16:33:44-03:00,2026-05-19T19:33:44+00:00,betano,basketball,NBA,props_nba_20260519_163344.csv,New York Knicks Cleveland Cavaliers,new york knicks cleveland cavaliers,Karl-Anthony Towns,karl anthony towns,Asistencias (hitos),6+,0.0,2.07,player_assists_hito,AST,over,6,5.5,Karl-Anthony Towns 6+ AST,1,
cfd4c523a1a12326122dea56d17a5b52fcaa139d,20260519_163344,2026-05-19T16:33:44-03:00,2026-05-19T19:33:44+00:00,betano,basketball,NBA,props_nba_20260519_163344.csv,New York Knicks Cleveland Cavaliers,new york knicks cleveland cavaliers,Karl-Anthony Towns,karl anthony towns,Asistencias (hitos),7+,0.0,3,player_assists_hito,AST,over,7,6.5,Karl-Anthony Towns 7+ AST,1,
9575f1e2b6daa6a23be568b76bf69decfa3a45da,20260519_163344,2026-05-19T16:33:44-03:00,2026-05-19T19:33:44+00:00,betano,basketball,NBA,props_nba_20260519_163344.csv,New York Knicks Cleveland Cavaliers,new york knicks cleveland cavaliers,Karl-Anthony Towns,karl anthony towns,Asistencias (hitos),8+,0.0,4.2,player_assists_hito,AST,over,8,7.5,Karl-Anthony Towns 8+ AST,1,
e748433b006b753c1944290f09def651bf8ee18c,20260519_163344,2026-05-19T16:33:44-03:00,2026-05-19T19:33:44+00:00,betano,basketball,NBA,props_nba_20260519_163344.csv,New York Knicks Cleveland Cavaliers,new york knicks cleveland cavaliers,Karl-Anthony Towns,karl anthony towns,Asistencias (hitos),9+,0.0,5.5,player_assists_hito,AST,over,9,8.5,Karl-Anthony Towns 9+ AST,1,
ea1c3d284641bcf12ff7949171ea588929e283bf,20260519_163344,2026-05-19T16:33:44-03:00,2026-05-19T19:33:44+00:00,betano,basketball,NBA,props_nba_20260519_163344.csv,New York Knicks Cleveland Cavaliers,new york knicks cleveland cavaliers,Josh Hart,josh hart,Asistencias (hitos),4+,0.0,1.33,player_assists_hito,AST,over,4,3.5,Josh Hart 4+ AST,1,
610a85de8a49c0f17769607c036aafe832619f51,20260519_163344,2026-05-19T16:33:44-03:00,2026-05-19T19:33:44+00:00,betano,basketball,NBA,props_nba_20260519_163344.csv,New York Knicks Cleveland Cavaliers,new york knicks cleveland cavaliers,Josh Hart,josh hart,Asistencias (hitos),5+,0.0,1.78,player_assists_hito,AST,over,5,4.5,Josh Hart 5+ AST,1,
453648179de56af96c04cdb7e09cccfab8270b3b,20260519_163344,2026-05-19T16:33:44-03:00,2026-05-19T19:33:44+00:00,betano,basketball,NBA,props_nba_20260519_163344.csv,New York Knicks Cleveland Cavaliers,new york knicks cleveland cavaliers,Josh Hart,josh hart,Asistencias (hitos),6+,0.0,2.65,player_assists_hito,AST,over,6,5.5,Josh Hart 6+ AST,1,
e8c9839068392dbd30185835d4720011f9023ba5,20260519_163344,2026-05-19T16:33:44-03:00,2026-05-19T19:33:44+00:00,betano,basketball,NBA,props_nba_20260519_163344.csv,New York Knicks Cleveland Cavaliers,new york knicks cleveland cavaliers,Josh Hart,josh hart,Asistencias (hitos),7+,0.0,4.25,player_assists_hito,AST,over,7,6.5,Josh Hart 7+ AST,1,
3e34f07fbfbe06c59eebc77d58fb49ff6fb5c8ce,20260519_163344,2026-05-19T16:33:44-03:00,2026-05-19T19:33:44+00:00,betano,basketball,NBA,props_nba_20260519_163344.csv,New York Knicks Cleveland Cavaliers,new york knicks cleveland cavaliers,Josh Hart,josh hart,Asistencias (hitos),8+,0.0,6.9,player_assists_hito,AST,over,8,7.5,Josh Hart 8+ AST,1,
2cf16e535d93e552654a16832fbc752fd8e56a87,20260519_163344,2026-05-19T16:33:44-03:00,2026-05-19T19:33:44+00:00,betano,basketball,NBA,props_nba_20260519_163344.csv,New York Knicks Cleveland Cavaliers,new york knicks cleveland cavaliers,Josh Hart,josh hart,Asistencias (hitos),9+,0.0,10.75,player_assists_hito,AST,over,9,8.5,Josh Hart 9+ AST,1,
40f3cf257ae1e227e05d14dcb2733264f285d249,20260519_163344,2026-05-19T16:33:44-03:00,2026-05-19T19:33:44+00:00,betano,basketball,NBA,props_nba_20260519_163344.csv,New York Knicks Cleveland Cavaliers,new york knicks cleveland cavaliers,Donovan Mitchell,donovan mitchell,Asistencias (hitos),3+,0.0,1.18,player_assists_hito,AST,over,3,2.5,Donovan Mitchell 3+ AST,1,
864e513c4293e239a834cda005be14996b2af65c,20260519_163344,2026-05-19T16:33:44-03:00,2026-05-19T19:33:44+00:00,betano,basketball,NBA,props_nba_20260519_163344.csv,New York Knicks Cleveland Cavaliers,new york knicks cleveland cavaliers,Donovan Mitchell,donovan mitchell,Asistencias (hitos),4+,0.0,1.57,player_assists_hito,AST,over,4,3.5,Donovan Mitchell 4+ AST,1,
db2309490d567061dd73b61b83a34b4bc5bcbe93,20260519_163344,2026-05-19T16:33:44-03:00,2026-05-19T19:33:44+00:00,betano,basketball,NBA,props_nba_20260519_163344.csv,New York Knicks Cleveland Cavaliers,new york knicks cleveland cavaliers,Donovan Mitchell,donovan mitchell,Asistencias (hitos),5+,0.0,2.3,player_assists_hito,AST,over,5,4.5,Donovan Mitchell 5+ AST,1,
84b4ce570553a6ead4120f8ac4b6dee1b706467a,20260519_163344,2026-05-19T16:33:44-03:00,2026-05-19T19:33:44+00:00,betano,basketball,NBA,props_nba_20260519_163344.csv,New York Knicks Cleveland Cavaliers,new york knicks cleveland cavaliers,Donovan Mitchell,donovan mitchell,Asistencias (hitos),6+,0.0,3.55,player_assists_hito,AST,over,6,5.5,Donovan Mitchell 6+ AST,1,
a2ebca4d93597e118ff68ecbffabaab31cd4f0f9,20260519_163344,2026-05-19T16:33:44-03:00,2026-05-19T19:33:44+00:00,betano,basketball,NBA,props_nba_20260519_163344.csv,New York Knicks Cleveland Cavaliers,new york knicks cleveland cavaliers,Donovan Mitchell,donovan mitchell,Asistencias (hitos),7+,0.0,5.2,player_assists_hito,AST,over,7,6.5,Donovan Mitchell 7+ AST,1,
471f3f34ad894e16dc494fd92fd9e721cd91af32,20260519_163344,2026-05-19T16:33:44-03:00,2026-05-19T19:33:44+00:00,betano,basketball,NBA,props_nba_20260519_163344.csv,New York Knicks Cleveland Cavaliers,new york knicks cleveland cavaliers,Donovan Mitchell,donovan mitchell,Asistencias (hitos),8+,0.0,6.9,player_assists_hito,AST,over,8,7.5,Donovan Mitchell 8+ AST,1,
800844eba9cd80ceaa0546ccee5e55e47ed58806,20260519_163344,2026-05-19T16:33:44-03:00,2026-05-19T19:33:44+00:00,betano,basketball,NBA,props_nba_20260519_163344.csv,New York Knicks Cleveland Cavaliers,new york knicks cleveland cavaliers,Evan Mobley,evan mobley,Asistencias (hitos),3+,0.0,1.3,player_assists_hito,AST,over,3,2.5,Evan Mobley 3+ AST,1,
7ce6d668d351b26da664344ee4eb1fa854f23fc4,20260519_163344,2026-05-19T16:33:44-03:00,2026-05-19T19:33:44+00:00,betano,basketball,NBA,props_nba_20260519_163344.csv,New York Knicks Cleveland Cavaliers,new york knicks cleveland cavaliers,Evan Mobley,evan mobley,Asistencias (hitos),4+,0.0,1.8,player_assists_hito,AST,over,4,3.5,Evan Mobley 4+ AST,1,
6cdae6c1cd93378a5d94a77752fc8f2e2fa13a4c,20260519_163344,2026-05-19T16:33:44-03:00,2026-05-19T19:33:44+00:00,betano,basketball,NBA,props_nba_20260519_163344.csv,New York Knicks Cleveland Cavaliers,new york knicks cleveland cavaliers,Evan Mobley,evan mobley,Asistencias (hitos),5+,0.0,2.82,player_assists_hito,AST,over,5,4.5,Evan Mobley 5+ AST,1,
bc0fc0b5138dc70270ec03eb898365bee3e34c10,20260519_163344,2026-05-19T16:33:44-03:00,2026-05-19T19:33:44+00:00,betano,basketball,NBA,props_nba_20260519_163344.csv,New York Knicks Cleveland Cavaliers,new york knicks cleveland cavaliers,Evan Mobley,evan mobley,Asistencias (hitos),6+,0.0,4.8,player_assists_hito,AST,over,6,5.5,Evan Mobley 6+ AST,1,
c1cc7a5b1cfba2e7a9e2dfa2c7543de0d2756ac1,20260519_163344,2026-05-19T16:33:44-03:00,2026-05-19T19:33:44+00:00,betano,basketball,NBA,props_nba_20260519_163344.csv,New York Knicks Cleveland Cavaliers,new york knicks cleveland cavaliers,Evan Mobley,evan mobley,Asistencias (hitos),7+,0.0,8.25,player_assists_hito,AST,over,7,6.5,Evan Mobley 7+ AST,1,
2313dfc7d7a2ab866afb5427241a1561d1c73aca,20260519_163344,2026-05-19T16:33:44-03:00,2026-05-19T19:33:44+00:00,betano,basketball,NBA,props_nba_20260519_163344.csv,New York Knicks Cleveland Cavaliers,new york knicks cleveland cavaliers,Evan Mobley,evan mobley,Asistencias (hitos),8+,0.0,13,player_assists_hito,AST,over,8,7.5,Evan Mobley 8+ AST,1,
06999baa37f7909d2a9bf104a9998f880a226d8a,20260519_163344,2026-05-19T16:33:44-03:00,2026-05-19T19:33:44+00:00,betano,basketball,NBA,props_nba_20260519_163344.csv,New York Knicks Cleveland Cavaliers,new york knicks cleveland cavaliers,Dennis Schroder,dennis schroder,Asistencias (hitos),2+,0.0,1.25,player_assists_hito,AST,over,2,1.5,Dennis Schroder 2+ AST,1,
64073c5f6cb91deb6613a7ea492ae59198d7e1fc,20260519_163344,2026-05-19T16:33:44-03:00,2026-05-19T19:33:44+00:00,betano,basketball,NBA,props_nba_20260519_163344.csv,New York Knicks Cleveland Cavaliers,new york knicks cleveland cavaliers,Dennis Schroder,dennis schroder,Asistencias (hitos),3+,0.0,1.85,player_assists_hito,AST,over,3,2.5,Dennis Schroder 3+ AST,1,
333cb74f8bcd84df598df119f39de46c07906578,20260519_163344,2026-05-19T16:33:44-03:00,2026-05-19T19:33:44+00:00,betano,basketball,NBA,props_nba_20260519_163344.csv,New York Knicks Cleveland Cavaliers,new york knicks cleveland cavaliers,Dennis Schroder,dennis schroder,Asistencias (hitos),4+,0.0,3.2,player_assists_hito,AST,over,4,3.5,Dennis Schroder 4+ AST,1,
0cc5fcba4510893511aaca6b7c228dc23a4a0b40,20260519_163344,2026-05-19T16:33:44-03:00,2026-05-19T19:33:44+00:00,betano,basketball,NBA,props_nba_20260519_163344.csv,New York Knicks Cleveland Cavaliers,new york knicks cleveland cavaliers,Dennis Schroder,dennis schroder,Asistencias (hitos),5+,0.0,5.9,player_assists_hito,AST,over,5,4.5,Dennis Schroder 5+ AST,1,
b14b2b49dc2659a9f333711e9b2f4b44c9bebeb2,20260519_163344,2026-05-19T16:33:44-03:00,2026-05-19T19:33:44+00:00,betano,basketball,NBA,props_nba_20260519_163344.csv,New York Knicks Cleveland Cavaliers,new york knicks cleveland cavaliers,Mikal Bridges,mikal bridges,Asistencias (hitos),2+,0.0,1.26,player_assists_hito,AST,over,2,1.5,Mikal Bridges 2+ AST,1,
2abc626309efb28bd64c0f910762e8fe54f16941,20260519_163344,2026-05-19T16:33:44-03:00,2026-05-19T19:33:44+00:00,betano,basketball,NBA,props_nba_20260519_163344.csv,New York Knicks Cleveland Cavaliers,new york knicks cleveland cavaliers,Mikal Bridges,mikal bridges,Asistencias (hitos),3+,0.0,1.83,player_assists_hito,AST,over,3,2.5,Mikal Bridges 3+ AST,1,
574a0086ae03ff100583b0a818f45a92bbeed22e,20260519_163344,2026-05-19T16:33:44-03:00,2026-05-19T19:33:44+00:00,betano,basketball,NBA,props_nba_20260519_163344.csv,New York Knicks Cleveland Cavaliers,new york knicks cleveland cavaliers,Mikal Bridges,mikal bridges,Asistencias (hitos),4+,0.0,3.15,player_assists_hito,AST,over,4,3.5,Mikal Bridges 4+ AST,1,
f4e4b126922d7b3e6be2a5b2497e51c4360bdf40,20260519_163344,2026-05-19T16:33:44-03:00,2026-05-19T19:33:44+00:00,betano,basketball,NBA,props_nba_20260519_163344.csv,New York Knicks Cleveland Cavaliers,new york knicks cleveland cavaliers,Mikal Bridges,mikal bridges,Asistencias (hitos),5+,0.0,5.9,player_assists_hito,AST,over,5,4.5,Mikal Bridges 5+ AST,1,
3d1eefb722d434495b7e17c561a85d781970ffd4,20260519_163344,2026-05-19T16:33:44-03:00,2026-05-19T19:33:44+00:00,betano,basketball,NBA,props_nba_20260519_163344.csv,New York Knicks Cleveland Cavaliers,new york knicks cleveland cavaliers,Max Strus,max strus,Asistencias (hitos),1+,0.0,1.08,player_assists_hito,AST,over,1,0.5,Max Strus 1+ AST,1,
18f57860a3a50c3491652ceeb76db08397402c00,20260519_163344,2026-05-19T16:33:44-03:00,2026-05-19T19:33:44+00:00,betano,basketball,NBA,props_nba_20260519_163344.csv,New York Knicks Cleveland Cavaliers,new york knicks cleveland cavaliers,Max Strus,max strus,Asistencias (hitos),2+,0.0,1.55,player_assists_hito,AST,over,2,1.5,Max Strus 2+ AST,1,
bcedacff7f9a4f37d4b4d46b8dd25f42a06c71c2,20260519_163344,2026-05-19T16:33:44-03:00,2026-05-19T19:33:44+00:00,betano,basketball,NBA,props_nba_20260519_163344.csv,New York Knicks Cleveland Cavaliers,new york knicks cleveland cavaliers,Max Strus,max strus,Asistencias (hitos),3+,0.0,2.72,player_assists_hito,AST,over,3,2.5,Max Strus 3+ AST,1,
39442df944bc981c2aa1bae8b74a399d94cab0d2,20260519_163344,2026-05-19T16:33:44-03:00,2026-05-19T19:33:44+00:00,betano,basketball,NBA,props_nba_20260519_163344.csv,New York Knicks Cleveland Cavaliers,new york knicks cleveland cavaliers,Max Strus,max strus,Asistencias (hitos),4+,0.0,5.4,player_assists_hito,AST,over,4,3.5,Max Strus 4+ AST,1,
9e32166e996496b4934d52574288c65148c5d444,20260519_163344,2026-05-19T16:33:44-03:00,2026-05-19T19:33:44+00:00,betano,basketball,NBA,props_nba_20260519_163344.csv,New York Knicks Cleveland Cavaliers,new york knicks cleveland cavaliers,Miles McBride,miles mcbride,Asistencias (hitos),1+,0.0,1.1,player_assists_hito,AST,over,1,0.5,Miles McBride 1+ AST,1,
00c6020f52487d9dc8dc411f9104666e00ee67ba,20260519_163344,2026-05-19T16:33:44-03:00,2026-05-19T19:33:44+00:00,betano,basketball,NBA,props_nba_20260519_163344.csv,New York Knicks Cleveland Cavaliers,new york knicks cleveland cavaliers,Miles McBride,miles mcbride,Asistencias (hitos),2+,0.0,1.72,player_assists_hito,AST,over,2,1.5,Miles McBride 2+ AST,1,
7cd03af17abec217c3c824d113641823f2294310,20260519_163344,2026-05-19T16:33:44-03:00,2026-05-19T19:33:44+00:00,betano,basketball,NBA,props_nba_20260519_163344.csv,New York Knicks Cleveland Cavaliers,new york knicks cleveland cavaliers,Miles McBride,miles mcbride,Asistencias (hitos),3+,0.0,3.2,player_assists_hito,AST,over,3,2.5,Miles McBride 3+ AST,1,
fbdc18a4999b5a890f4dac213ad757047a90cb27,20260519_163344,2026-05-19T16:33:44-03:00,2026-05-19T19:33:44+00:00,betano,basketball,NBA,props_nba_20260519_163344.csv,New York Knicks Cleveland Cavaliers,new york knicks cleveland cavaliers,Miles McBride,miles mcbride,Asistencias (hitos),4+,0.0,5.7,player_assists_hito,AST,over,4,3.5,Miles McBride 4+ AST,1,
a46378659410bf0633664b2a0cdfc5e9c1d30fa6,20260519_163344,2026-05-19T16:33:44-03:00,2026-05-19T19:33:44+00:00,betano,basketball,NBA,props_nba_20260519_163344.csv,New York Knicks Cleveland Cavaliers,new york knicks cleveland cavaliers,OG Anunoby,og anunoby,Asistencias (hitos),1+,0.0,1.24,player_assists_hito,AST,over,1,0.5,OG Anunoby 1+ AST,1,
8a317b0f0dd5a18775595af6044dc5c4c5ac1897,20260519_163344,2026-05-19T16:33:44-03:00,2026-05-19T19:33:44+00:00,betano,basketball,NBA,props_nba_20260519_163344.csv,New York Knicks Cleveland Cavaliers,new york knicks cleveland cavaliers,OG Anunoby,og anunoby,Asistencias (hitos),2+,0.0,2.18,player_assists_hito,AST,over,2,1.5,OG Anunoby 2+ AST,1,
627d5600554338f27a61703e07feaf80be5e116a,20260519_163344,2026-05-19T16:33:44-03:00,2026-05-19T19:33:44+00:00,betano,basketball,NBA,props_nba_20260519_163344.csv,New York Knicks Cleveland Cavaliers,new york knicks cleveland cavaliers,OG Anunoby,og anunoby,Asistencias (hitos),3+,0.0,4.65,player_assists_hito,AST,over,3,2.5,OG Anunoby 3+ AST,1,
043e123a0139bd45c529f930d25e59e48dcf9e77,20260519_163344,2026-05-19T16:33:44-03:00,2026-05-19T19:33:44+00:00,betano,basketball,NBA,props_nba_20260519_163344.csv,New York Knicks Cleveland Cavaliers,new york knicks cleveland cavaliers,OG Anunoby,og anunoby,Asistencias (hitos),4+,0.0,9.75,player_assists_hito,AST,over,4,3.5,OG Anunoby 4+ AST,1,
aac10e462f3c593d7e7cd65760c62daaf994fe92,20260519_163344,2026-05-19T16:33:44-03:00,2026-05-19T19:33:44+00:00,betano,basketball,NBA,props_nba_20260519_163344.csv,New York Knicks Cleveland Cavaliers,new york knicks cleveland cavaliers,Sam Merrill,sam merrill,Asistencias (hitos),1+,0.0,1.29,player_assists_hito,AST,over,1,0.5,Sam Merrill 1+ AST,1,
351903603fe006dd6c7a8211cd36532deac32ce2,20260519_163344,2026-05-19T16:33:44-03:00,2026-05-19T19:33:44+00:00,betano,basketball,NBA,props_nba_20260519_163344.csv,New York Knicks Cleveland Cavaliers,new york knicks cleveland cavaliers,Sam Merrill,sam merrill,Asistencias (hitos),2+,0.0,2.42,player_assists_hito,AST,over,2,1.5,Sam Merrill 2+ AST,1,
53c2948125137fe20ebe44a5385a2659d5b764c3,20260519_163344,2026-05-19T16:33:44-03:00,2026-05-19T19:33:44+00:00,betano,basketball,NBA,props_nba_20260519_163344.csv,New York Knicks Cleveland Cavaliers,new york knicks cleveland cavaliers,Sam Merrill,sam merrill,Asistencias (hitos),3+,0.0,5.5,player_assists_hito,AST,over,3,2.5,Sam Merrill 3+ AST,1,
4e9fa77a8e6100691cec8fd376da905dcfb2c51a,20260519_163344,2026-05-19T16:33:44-03:00,2026-05-19T19:33:44+00:00,betano,basketball,NBA,props_nba_20260519_163344.csv,New York Knicks Cleveland Cavaliers,new york knicks cleveland cavaliers,Sam Merrill,sam merrill,Asistencias (hitos),4+,0.0,11.5,player_assists_hito,AST,over,4,3.5,Sam Merrill 4+ AST,1,
2af89d83766dfabab1b2a7dee93e7c25b01b0c52,20260519_163344,2026-05-19T16:33:44-03:00,2026-05-19T19:33:44+00:00,betano,basketball,NBA,props_nba_20260519_163344.csv,New York Knicks Cleveland Cavaliers,new york knicks cleveland cavaliers,Jose Alvarado,jose alvarado,Asistencias (hitos),1+,0.0,1.3,player_assists_hito,AST,over,1,0.5,Jose Alvarado 1+ AST,1,
99194fd4d03fa79936e9fff820e9650b3de60b6f,20260519_163344,2026-05-19T16:33:44-03:00,2026-05-19T19:33:44+00:00,betano,basketball,NBA,props_nba_20260519_163344.csv,New York Knicks Cleveland Cavaliers,new york knicks cleveland cavaliers,Jose Alvarado,jose alvarado,Asistencias (hitos),2+,0.0,2.42,player_assists_hito,AST,over,2,1.5,Jose Alvarado 2+ AST,1,
6dfa7f9d600e67478cea989cc02793b0f5d96f09,20260519_163344,2026-05-19T16:33:44-03:00,2026-05-19T19:33:44+00:00,betano,basketball,NBA,props_nba_20260519_163344.csv,New York Knicks Cleveland Cavaliers,new york knicks cleveland cavaliers,Jose Alvarado,jose alvarado,Asistencias (hitos),3+,0.0,5.5,player_assists_hito,AST,over,3,2.5,Jose Alvarado 3+ AST,1,
52609e008f04df13b20bdef9bc72eaf442feeea5,20260519_163344,2026-05-19T16:33:44-03:00,2026-05-19T19:33:44+00:00,betano,basketball,NBA,props_nba_20260519_163344.csv,New York Knicks Cleveland Cavaliers,new york knicks cleveland cavaliers,Jose Alvarado,jose alvarado,Asistencias (hitos),4+,0.0,11.5,player_assists_hito,AST,over,4,3.5,Jose Alvarado 4+ AST,1,
9a69f482fedc37d417d2a0cd8e045fe619c858cb,20260519_163344,2026-05-19T16:33:44-03:00,2026-05-19T19:33:44+00:00,betano,basketball,NBA,props_nba_20260519_163344.csv,New York Knicks Cleveland Cavaliers,new york knicks cleveland cavaliers,Jarrett Allen,jarrett allen,Asistencias (hitos),1+,0.0,1.34,player_assists_hito,AST,over,1,0.5,Jarrett Allen 1+ AST,1,
e432050b03a3e54cf40d891ac330c56f7d308a10,20260519_163344,2026-05-19T16:33:44-03:00,2026-05-19T19:33:44+00:00,betano,basketball,NBA,props_nba_20260519_163344.csv,New York Knicks Cleveland Cavaliers,new york knicks cleveland cavaliers,Jarrett Allen,jarrett allen,Asistencias (hitos),2+,0.0,2.6,player_assists_hito,AST,over,2,1.5,Jarrett Allen 2+ AST,1,
9374ffaaeb41bac59ff86a909109234b97363877,20260519_163344,2026-05-19T16:33:44-03:00,2026-05-19T19:33:44+00:00,betano,basketball,NBA,props_nba_20260519_163344.csv,New York Knicks Cleveland Cavaliers,new york knicks cleveland cavaliers,Jarrett Allen,jarrett allen,Asistencias (hitos),3+,0.0,6.2,player_assists_hito,AST,over,3,2.5,Jarrett Allen 3+ AST,1,
e34c4e542f92c3d9f4007de11fbd0ad85e7b6ed1,20260519_163344,2026-05-19T16:33:44-03:00,2026-05-19T19:33:44+00:00,betano,basketball,NBA,props_nba_20260519_163344.csv,New York Knicks Cleveland Cavaliers,new york knicks cleveland cavaliers,Jarrett Allen,jarrett allen,Asistencias (hitos),4+,0.0,12.5,player_assists_hito,AST,over,4,3.5,Jarrett Allen 4+ AST,1,
775a13f39ec5969328864ba883a45ecf71245a77,20260519_163344,2026-05-19T16:33:44-03:00,2026-05-19T19:33:44+00:00,betano,basketball,NBA,props_nba_20260519_163344.csv,New York Knicks Cleveland Cavaliers,new york knicks cleveland cavaliers,Jordan Clarkson,jordan clarkson,Asistencias (hitos),1+,0.0,1.65,player_assists_hito,AST,over,1,0.5,Jordan Clarkson 1+ AST,1,
2aa5ded63aecc0fd8ddba66ca580f2a98cd84347,20260519_163344,2026-05-19T16:33:44-03:00,2026-05-19T19:33:44+00:00,betano,basketball,NBA,props_nba_20260519_163344.csv,New York Knicks Cleveland Cavaliers,new york knicks cleveland cavaliers,Jordan Clarkson,jordan clarkson,Asistencias (hitos),2+,0.0,4.25,player_assists_hito,AST,over,2,1.5,Jordan Clarkson 2+ AST,1,
69e3afd4b70de756777bf58c45871a693f24dbfb,20260519_163344,2026-05-19T16:33:44-03:00,2026-05-19T19:33:44+00:00,betano,basketball,NBA,props_nba_20260519_163344.csv,New York Knicks Cleveland Cavaliers,new york knicks cleveland cavaliers,Jordan Clarkson,jordan clarkson,Asistencias (hitos),3+,0.0,10.5,player_assists_hito,AST,over,3,2.5,Jordan Clarkson 3+ AST,1,
e0eba1f33f38b412570990eb889253d066f986b8,20260519_163344,2026-05-19T16:33:44-03:00,2026-05-19T19:33:44+00:00,betano,basketball,NBA,props_nba_20260519_163344.csv,New York Knicks Cleveland Cavaliers,new york knicks cleveland cavaliers,Jordan Clarkson,jordan clarkson,Asistencias (hitos),4+,0.0,17,player_assists_hito,AST,over,4,3.5,Jordan Clarkson 4+ AST,1,
40638da6d1f95df1fd0dce92a4a14413f3fae58a,20260519_163344,2026-05-19T16:33:44-03:00,2026-05-19T19:33:44+00:00,betano,basketball,NBA,props_nba_20260519_163344.csv,New York Knicks Cleveland Cavaliers,new york knicks cleveland cavaliers,Dean Wade,dean wade,Asistencias (hitos),1+,0.0,1.82,player_assists_hito,AST,over,1,0.5,Dean Wade 1+ AST,1,
35f142f6679b07b596e289f56dde887c6798bc35,20260519_163344,2026-05-19T16:33:44-03:00,2026-05-19T19:33:44+00:00,betano,basketball,NBA,props_nba_20260519_163344.csv,New York Knicks Cleveland Cavaliers,new york knicks cleveland cavaliers,Dean Wade,dean wade,Asistencias (hitos),2+,0.0,5,player_assists_hito,AST,over,2,1.5,Dean Wade 2+ AST,1,
bdc6daf8c8ac6b0ac835d7d01d4c7503e918a90b,20260519_163344,2026-05-19T16:33:44-03:00,2026-05-19T19:33:44+00:00,betano,basketball,NBA,props_nba_20260519_163344.csv,New York Knicks Cleveland Cavaliers,new york knicks cleveland cavaliers,Dean Wade,dean wade,Asistencias (hitos),3+,0.0,12.5,player_assists_hito,AST,over,3,2.5,Dean Wade 3+ AST,1,
ae66082d3df9712c08a750b3c908d3bc2916353e,20260519_163344,2026-05-19T16:33:44-03:00,2026-05-19T19:33:44+00:00,betano,basketball,NBA,props_nba_20260519_163344.csv,New York Knicks Cleveland Cavaliers,new york knicks cleveland cavaliers,Dean Wade,dean wade,Asistencias (hitos),4+,0.0,18.5,player_assists_hito,AST,over,4,3.5,Dean Wade 4+ AST,1,
47a1d6e6a07428908126636c650f0d5fcfb78f34,20260519_163344,2026-05-19T16:33:44-03:00,2026-05-19T19:33:44+00:00,betano,basketball,NBA,props_nba_20260519_163344.csv,New York Knicks Cleveland Cavaliers,new york knicks cleveland cavaliers,Mitchell Robinson,mitchell robinson,Asistencias (hitos),1+,0.0,2.32,player_assists_hito,AST,over,1,0.5,Mitchell Robinson 1+ AST,1,
04bc76d9e5b9323a906fcf2fe4c220b72b1db202,20260519_163344,2026-05-19T16:33:44-03:00,2026-05-19T19:33:44+00:00,betano,basketball,NBA,props_nba_20260519_163344.csv,New York Knicks Cleveland Cavaliers,new york knicks cleveland cavaliers,Mitchell Robinson,mitchell robinson,Asistencias (hitos),2+,0.0,7.5,player_assists_hito,AST,over,2,1.5,Mitchell Robinson 2+ AST,1,
e8e179367dcbc0b563d04388d42e16bfda043bf0,20260519_163344,2026-05-19T16:33:44-03:00,2026-05-19T19:33:44+00:00,betano,basketball,NBA,props_nba_20260519_163344.csv,New York Knicks Cleveland Cavaliers,new york knicks cleveland cavaliers,Mitchell Robinson,mitchell robinson,Asistencias (hitos),3+,0.0,16,player_assists_hito,AST,over,3,2.5,Mitchell Robinson 3+ AST,1,
69ab9a9e8bb9b9fc829a51bcdc13c40e1709b9e8,20260519_163344,2026-05-19T16:33:44-03:00,2026-05-19T19:33:44+00:00,betano,basketball,NBA,props_nba_20260519_163344.csv,New York Knicks Cleveland Cavaliers,new york knicks cleveland cavaliers,Karl-Anthony Towns,karl anthony towns,Rebotes (hitos),10+,0.0,1.35,player_rebounds_hito,REB,over,10,9.5,Karl-Anthony Towns 10+ REB,1,
70336ad45eb63775d2dd9e3c6d88318e628cdb14,20260519_163344,2026-05-19T16:33:44-03:00,2026-05-19T19:33:44+00:00,betano,basketball,NBA,props_nba_20260519_163344.csv,New York Knicks Cleveland Cavaliers,new york knicks cleveland cavaliers,Karl-Anthony Towns,karl anthony towns,Rebotes (hitos),12+,0.0,2,player_rebounds_hito,REB,over,12,11.5,Karl-Anthony Towns 12+ REB,1,
c6094e39ad506ade99f8f6776273694bfeb18ce2,20260519_163344,2026-05-19T16:33:44-03:00,2026-05-19T19:33:44+00:00,betano,basketball,NBA,props_nba_20260519_163344.csv,New York Knicks Cleveland Cavaliers,new york knicks cleveland cavaliers,Karl-Anthony Towns,karl anthony towns,Rebotes (hitos),14+,0.0,3.5,player_rebounds_hito,REB,over,14,13.5,Karl-Anthony Towns 14+ REB,1,
ed5640d7daff1ae733ec8ad7ea91475c770a2f39,20260519_163344,2026-05-19T16:33:44-03:00,2026-05-19T19:33:44+00:00,betano,basketball,NBA,props_nba_20260519_163344.csv,New York Knicks Cleveland Cavaliers,new york knicks cleveland cavaliers,Karl-Anthony Towns,karl anthony towns,Rebotes (hitos),16+,0.0,6.8,player_rebounds_hito,REB,over,16,15.5,Karl-Anthony Towns 16+ REB,1,
07662fa25accbdb3eb98730cb70e924ddcc8d0a9,20260519_163344,2026-05-19T16:33:44-03:00,2026-05-19T19:33:44+00:00,betano,basketball,NBA,props_nba_20260519_163344.csv,New York Knicks Cleveland Cavaliers,new york knicks cleveland cavaliers,Karl-Anthony Towns,karl anthony towns,Rebotes (hitos),18+,0.0,12,player_rebounds_hito,REB,over,18,17.5,Karl-Anthony Towns 18+ REB,1,
4164eed905d22fd7142cf8740f6619fd0bad0827,20260519_163344,2026-05-19T16:33:44-03:00,2026-05-19T19:33:44+00:00,betano,basketball,NBA,props_nba_20260519_163344.csv,New York Knicks Cleveland Cavaliers,new york knicks cleveland cavaliers,Karl-Anthony Towns,karl anthony towns,Rebotes (hitos),20+,0.0,17,player_rebounds_hito,REB,over,20,19.5,Karl-Anthony Towns 20+ REB,1,
13e6b4a439f744437261a15166b940d4060b193f,20260519_163344,2026-05-19T16:33:44-03:00,2026-05-19T19:33:44+00:00,betano,basketball,NBA,props_nba_20260519_163344.csv,New York Knicks Cleveland Cavaliers,new york knicks cleveland cavaliers,Josh Hart,josh hart,Rebotes (hitos),7+,0.0,1.23,player_rebounds_hito,REB,over,7,6.5,Josh Hart 7+ REB,1,
1a6b5570cdffa092d073ecb054fe30ab36b71ab4,20260519_163344,2026-05-19T16:33:44-03:00,2026-05-19T19:33:44+00:00,betano,basketball,NBA,props_nba_20260519_163344.csv,New York Knicks Cleveland Cavaliers,new york knicks cleveland cavaliers,Josh Hart,josh hart,Rebotes (hitos),8+,0.0,1.5,player_rebounds_hito,REB,over,8,7.5,Josh Hart 8+ REB,1,
9914d3a1e9c4cf6b8e74fbb8e49aa9ed6aa968e1,20260519_163344,2026-05-19T16:33:44-03:00,2026-05-19T19:33:44+00:00,betano,basketball,NBA,props_nba_20260519_163344.csv,New York Knicks Cleveland Cavaliers,new york knicks cleveland cavaliers,Josh Hart,josh hart,Rebotes (hitos),9+,0.0,1.88,player_rebounds_hito,REB,over,9,8.5,Josh Hart 9+ REB,1,
bb0f1ca5e0beb06fb96ce2a1048d2055c76a6342,20260519_163344,2026-05-19T16:33:44-03:00,2026-05-19T19:33:44+00:00,betano,basketball,NBA,props_nba_20260519_163344.csv,New York Knicks Cleveland Cavaliers,new york knicks cleveland cavaliers,Josh Hart,josh hart,Rebotes (hitos),10+,0.0,2.5,player_rebounds_hito,REB,over,10,9.5,Josh Hart 10+ REB,1,
a793e1ea81f03eeeccced28594a8f6aa72471072,20260519_163344,2026-05-19T16:33:44-03:00,2026-05-19T19:33:44+00:00,betano,basketball,NBA,props_nba_20260519_163344.csv,New York Knicks Cleveland Cavaliers,new york knicks cleveland cavaliers,Josh Hart,josh hart,Rebotes (hitos),11+,0.0,3.4,player_rebounds_hito,REB,over,11,10.5,Josh Hart 11+ REB,1,
5000b1ee1b59a9dfb6fd02eab20b6a0cee7078ce,20260519_163344,2026-05-19T16:33:44-03:00,2026-05-19T19:33:44+00:00,betano,basketball,NBA,props_nba_20260519_163344.csv,New York Knicks Cleveland Cavaliers,new york knicks cleveland cavaliers,Josh Hart,josh hart,Rebotes (hitos),12+,0.0,4.65,player_rebounds_hito,REB,over,12,11.5,Josh Hart 12+ REB,1,
8729c421fcab9bbcc8e23c88bab76250e80c8c47,20260519_163344,2026-05-19T16:33:44-03:00,2026-05-19T19:33:44+00:00,betano,basketball,NBA,props_nba_20260519_163344.csv,New York Knicks Cleveland Cavaliers,new york knicks cleveland cavaliers,Josh Hart,josh hart,Rebotes (hitos),13+,0.0,6.1,player_rebounds_hito,REB,over,13,12.5,Josh Hart 13+ REB,1,
98d1145f9cdb8f4e615e58fc9ab8d84f389a79a8,20260519_163344,2026-05-19T16:33:44-03:00,2026-05-19T19:33:44+00:00,betano,basketball,NBA,props_nba_20260519_163344.csv,New York Knicks Cleveland Cavaliers,new york knicks cleveland cavaliers,Josh Hart,josh hart,Rebotes (hitos),14+,0.0,7.6,player_rebounds_hito,REB,over,14,13.5,Josh Hart 14+ REB,1,
3057403f1efd661c7a3da75ac46afd7195b7be2e,20260519_163344,2026-05-19T16:33:44-03:00,2026-05-19T19:33:44+00:00,betano,basketball,NBA,props_nba_20260519_163344.csv,New York Knicks Cleveland Cavaliers,new york knicks cleveland cavaliers,Evan Mobley,evan mobley,Rebotes (hitos),7+,0.0,1.29,player_rebounds_hito,REB,over,7,6.5,Evan Mobley 7+ REB,1,
b0c909995b314bba69f324514fcbcec9a0082a3b,20260519_163344,2026-05-19T16:33:44-03:00,2026-05-19T19:33:44+00:00,betano,basketball,NBA,props_nba_20260519_163344.csv,New York Knicks Cleveland Cavaliers,new york knicks cleveland cavaliers,Evan Mobley,evan mobley,Rebotes (hitos),8+,0.0,1.57,player_rebounds_hito,REB,over,8,7.5,Evan Mobley 8+ REB,1,
78e7182b8421994c2a759079ca2b07433a21fbe0,20260519_163344,2026-05-19T16:33:44-03:00,2026-05-19T19:33:44+00:00,betano,basketball,NBA,props_nba_20260519_163344.csv,New York Knicks Cleveland Cavaliers,new york knicks cleveland cavaliers,Evan Mobley,evan mobley,Rebotes (hitos),9+,0.0,2,player_rebounds_hito,REB,over,9,8.5,Evan Mobley 9+ REB,1,
159a25b13e6edf17fa264b305d65bde2c728f103,20260519_163344,2026-05-19T16:33:44-03:00,2026-05-19T19:33:44+00:00,betano,basketball,NBA,props_nba_20260519_163344.csv,New York Knicks Cleveland Cavaliers,new york knicks cleveland cavaliers,Evan Mobley,evan mobley,Rebotes (hitos),10+,0.0,2.72,player_rebounds_hito,REB,over,10,9.5,Evan Mobley 10+ REB,1,
8ca453c07c641a3fd6a64fe7737a7552de01def6,20260519_163344,2026-05-19T16:33:44-03:00,2026-05-19T19:33:44+00:00,betano,basketball,NBA,props_nba_20260519_163344.csv,New York Knicks Cleveland Cavaliers,new york knicks cleveland cavaliers,Evan Mobley,evan mobley,Rebotes (hitos),11+,0.0,3.85,player_rebounds_hito,REB,over,11,10.5,Evan Mobley 11+ REB,1,
d4b10f5edd6cd39aa69a0fbfdae1b41d75985bf7,20260519_163344,2026-05-19T16:33:44-03:00,2026-05-19T19:33:44+00:00,betano,basketball,NBA,props_nba_20260519_163344.csv,New York Knicks Cleveland Cavaliers,new york knicks cleveland cavaliers,Evan Mobley,evan mobley,Rebotes (hitos),12+,0.0,5.6,player_rebounds_hito,REB,over,12,11.5,Evan Mobley 12+ REB,1,
f884f4d4ca7b6ea381191af7e4194afa57a8a4dd,20260519_163344,2026-05-19T16:33:44-03:00,2026-05-19T19:33:44+00:00,betano,basketball,NBA,props_nba_20260519_163344.csv,New York Knicks Cleveland Cavaliers,new york knicks cleveland cavaliers,Evan Mobley,evan mobley,Rebotes (hitos),13+,0.0,8.25,player_rebounds_hito,REB,over,13,12.5,Evan Mobley 13+ REB,1,
6524470480cc6b5d987535927b0414c3885eaa9e,20260519_163344,2026-05-19T16:33:44-03:00,2026-05-19T19:33:44+00:00,betano,basketball,NBA,props_nba_20260519_163344.csv,New York Knicks Cleveland Cavaliers,new york knicks cleveland cavaliers,Evan Mobley,evan mobley,Rebotes (hitos),14+,0.0,11.25,player_rebounds_hito,REB,over,14,13.5,Evan Mobley 14+ REB,1,
df8f7697cc50581aec0c3f543a392b54a73e7e0b,20260519_163344,2026-05-19T16:33:44-03:00,2026-05-19T19:33:44+00:00,betano,basketball,NBA,props_nba_20260519_163344.csv,New York Knicks Cleveland Cavaliers,new york knicks cleveland cavaliers,Jarrett Allen,jarrett allen,Rebotes (hitos),7+,0.0,1.5,player_rebounds_hito,REB,over,7,6.5,Jarrett Allen 7+ REB,1,
5f806466ff70cf1a3ffaf3172c0a924e15d71173,20260519_163344,2026-05-19T16:33:44-03:00,2026-05-19T19:33:44+00:00,betano,basketball,NBA,props_nba_20260519_163344.csv,New York Knicks Cleveland Cavaliers,new york knicks cleveland cavaliers,Jarrett Allen,jarrett allen,Rebotes (hitos),8+,0.0,1.93,player_rebounds_hito,REB,over,8,7.5,Jarrett Allen 8+ REB,1,
b32e465296078486fe397b69e1ab414c236dd481,20260519_163344,2026-05-19T16:33:44-03:00,2026-05-19T19:33:44+00:00,betano,basketball,NBA,props_nba_20260519_163344.csv,New York Knicks Cleveland Cavaliers,new york knicks cleveland cavaliers,Jarrett Allen,jarrett allen,Rebotes (hitos),9+,0.0,2.67,player_rebounds_hito,REB,over,9,8.5,Jarrett Allen 9+ REB,1,
c48d8b0d1ec28e27ce1a3119c98575f182c8ad09,20260519_163344,2026-05-19T16:33:44-03:00,2026-05-19T19:33:44+00:00,betano,basketball,NBA,props_nba_20260519_163344.csv,New York Knicks Cleveland Cavaliers,new york knicks cleveland cavaliers,Jarrett Allen,jarrett allen,Rebotes (hitos),10+,0.0,3.8,player_rebounds_hito,REB,over,10,9.5,Jarrett Allen 10+ REB,1,
9ca8eab2491e44e5e290b67a2bb5a7ef4e0aaf02,20260519_163344,2026-05-19T16:33:44-03:00,2026-05-19T19:33:44+00:00,betano,basketball,NBA,props_nba_20260519_163344.csv,New York Knicks Cleveland Cavaliers,new york knicks cleveland cavaliers,Jarrett Allen,jarrett allen,Rebotes (hitos),11+,0.0,5.7,player_rebounds_hito,REB,over,11,10.5,Jarrett Allen 11+ REB,1,
1ae47c9909e4862483401560aba0d978c8e9c94d,20260519_163344,2026-05-19T16:33:44-03:00,2026-05-19T19:33:44+00:00,betano,basketball,NBA,props_nba_20260519_163344.csv,New York Knicks Cleveland Cavaliers,new york knicks cleveland cavaliers,Jarrett Allen,jarrett allen,Rebotes (hitos),12+,0.0,8.25,player_rebounds_hito,REB,over,12,11.5,Jarrett Allen 12+ REB,1,
6bed26222f24977185ee4325d914c30cc136db16,20260519_163344,2026-05-19T16:33:44-03:00,2026-05-19T19:33:44+00:00,betano,basketball,NBA,props_nba_20260519_163344.csv,New York Knicks Cleveland Cavaliers,new york knicks cleveland cavaliers,Jarrett Allen,jarrett allen,Rebotes (hitos),13+,0.0,11.5,player_rebounds_hito,REB,over,13,12.5,Jarrett Allen 13+ REB,1,
36422fd524ce2bb496a681347b7f870d9d3943cc,20260519_163344,2026-05-19T16:33:44-03:00,2026-05-19T19:33:44+00:00,betano,basketball,NBA,props_nba_20260519_163344.csv,New York Knicks Cleveland Cavaliers,new york knicks cleveland cavaliers,Jarrett Allen,jarrett allen,Rebotes (hitos),14+,0.0,15,player_rebounds_hito,REB,over,14,13.5,Jarrett Allen 14+ REB,1,
7ed52d5fc6531a0e1e85b7adc5cc35325b994521,20260519_163344,2026-05-19T16:33:44-03:00,2026-05-19T19:33:44+00:00,betano,basketball,NBA,props_nba_20260519_163344.csv,New York Knicks Cleveland Cavaliers,new york knicks cleveland cavaliers,Mitchell Robinson,mitchell robinson,Rebotes (hitos),6+,0.0,1.24,player_rebounds_hito,REB,over,6,5.5,Mitchell Robinson 6+ REB,1,
caf6457fbf2e4b6c1a384892725b1fba9427c258,20260519_163344,2026-05-19T16:33:44-03:00,2026-05-19T19:33:44+00:00,betano,basketball,NBA,props_nba_20260519_163344.csv,New York Knicks Cleveland Cavaliers,new york knicks cleveland cavaliers,Mitchell Robinson,mitchell robinson,Rebotes (hitos),7+,0.0,1.53,player_rebounds_hito,REB,over,7,6.5,Mitchell Robinson 7+ REB,1,
c7b2b2121d1ba19f8c085e7219d00251a42b66af,20260519_163344,2026-05-19T16:33:44-03:00,2026-05-19T19:33:44+00:00,betano,basketball,NBA,props_nba_20260519_163344.csv,New York Knicks Cleveland Cavaliers,new york knicks cleveland cavaliers,Mitchell Robinson,mitchell robinson,Rebotes (hitos),8+,0.0,1.95,player_rebounds_hito,REB,over,8,7.5,Mitchell Robinson 8+ REB,1,
ec4d332f83d71529f287bbe01ae5aa634ea8fdf7,20260519_163344,2026-05-19T16:33:44-03:00,2026-05-19T19:33:44+00:00,betano,basketball,NBA,props_nba_20260519_163344.csv,New York Knicks Cleveland Cavaliers,new york knicks cleveland cavaliers,Mitchell Robinson,mitchell robinson,Rebotes (hitos),9+,0.0,2.62,player_rebounds_hito,REB,over,9,8.5,Mitchell Robinson 9+ REB,1,
93faf5ce469f1d041f8e0e24c4f218d68b5ff547,20260519_163344,2026-05-19T16:33:44-03:00,2026-05-19T19:33:44+00:00,betano,basketball,NBA,props_nba_20260519_163344.csv,New York Knicks Cleveland Cavaliers,new york knicks cleveland cavaliers,Mitchell Robinson,mitchell robinson,Rebotes (hitos),10+,0.0,3.55,player_rebounds_hito,REB,over,10,9.5,Mitchell Robinson 10+ REB,1,
f0459707885b88815692fa83d0a82db5597cec1a,20260519_163344,2026-05-19T16:33:44-03:00,2026-05-19T19:33:44+00:00,betano,basketball,NBA,props_nba_20260519_163344.csv,New York Knicks Cleveland Cavaliers,new york knicks cleveland cavaliers,Mitchell Robinson,mitchell robinson,Rebotes (hitos),11+,0.0,4.6,player_rebounds_hito,REB,over,11,10.5,Mitchell Robinson 11+ REB,1,
0716e5363e4f90e42d6f03d6c9ca1fb31385a713,20260519_163344,2026-05-19T16:33:44-03:00,2026-05-19T19:33:44+00:00,betano,basketball,NBA,props_nba_20260519_163344.csv,New York Knicks Cleveland Cavaliers,new york knicks cleveland cavaliers,Mitchell Robinson,mitchell robinson,Rebotes (hitos),12+,0.0,5.7,player_rebounds_hito,REB,over,12,11.5,Mitchell Robinson 12+ REB,1,
3424c10d60b7d527cd3d66487b03482674370e79,20260519_163344,2026-05-19T16:33:44-03:00,2026-05-19T19:33:44+00:00,betano,basketball,NBA,props_nba_20260519_163344.csv,New York Knicks Cleveland Cavaliers,new york knicks cleveland cavaliers,Mitchell Robinson,mitchell robinson,Rebotes (hitos),13+,0.0,6.5,player_rebounds_hito,REB,over,13,12.5,Mitchell Robinson 13+ REB,1,
aae3ff4fc3708dc9e937f8ceeb6082cae71c6f82,20260519_163344,2026-05-19T16:33:44-03:00,2026-05-19T19:33:44+00:00,betano,basketball,NBA,props_nba_20260519_163344.csv,New York Knicks Cleveland Cavaliers,new york knicks cleveland cavaliers,OG Anunoby,og anunoby,Rebotes (hitos),5+,0.0,1.44,player_rebounds_hito,REB,over,5,4.5,OG Anunoby 5+ REB,1,
e2f3ee89cdfd5b40d40754973306de01996a55d6,20260519_163344,2026-05-19T16:33:44-03:00,2026-05-19T19:33:44+00:00,betano,basketball,NBA,props_nba_20260519_163344.csv,New York Knicks Cleveland Cavaliers,new york knicks cleveland cavaliers,OG Anunoby,og anunoby,Rebotes (hitos),6+,0.0,1.91,player_rebounds_hito,REB,over,6,5.5,OG Anunoby 6+ REB,1,
890e596c7e4d419762778e7f4458ba31be470c88,20260519_163344,2026-05-19T16:33:44-03:00,2026-05-19T19:33:44+00:00,betano,basketball,NBA,props_nba_20260519_163344.csv,New York Knicks Cleveland Cavaliers,new york knicks cleveland cavaliers,OG Anunoby,og anunoby,Rebotes (hitos),7+,0.0,2.77,player_rebounds_hito,REB,over,7,6.5,OG Anunoby 7+ REB,1,
a20684cb6362f9348d7a02b5bdccb6fead982b07,20260519_163344,2026-05-19T16:33:44-03:00,2026-05-19T19:33:44+00:00,betano,basketball,NBA,props_nba_20260519_163344.csv,New York Knicks Cleveland Cavaliers,new york knicks cleveland cavaliers,OG Anunoby,og anunoby,Rebotes (hitos),8+,0.0,4.25,player_rebounds_hito,REB,over,8,7.5,OG Anunoby 8+ REB,1,
5f7b2a318839a16ec2e24def264c10711a5a51a4,20260519_163344,2026-05-19T16:33:44-03:00,2026-05-19T19:33:44+00:00,betano,basketball,NBA,props_nba_20260519_163344.csv,New York Knicks Cleveland Cavaliers,new york knicks cleveland cavaliers,OG Anunoby,og anunoby,Rebotes (hitos),9+,0.0,6.6,player_rebounds_hito,REB,over,9,8.5,OG Anunoby 9+ REB,1,
6c68b4ec31330eac95b37b01afe0a42d5b3c26f3,20260519_163344,2026-05-19T16:33:44-03:00,2026-05-19T19:33:44+00:00,betano,basketball,NBA,props_nba_20260519_163344.csv,New York Knicks Cleveland Cavaliers,new york knicks cleveland cavaliers,OG Anunoby,og anunoby,Rebotes (hitos),10+,0.0,10,player_rebounds_hito,REB,over,10,9.5,OG Anunoby 10+ REB,1,
3acc6ffa70807e7271ba9f772ba1d972d5907651,20260519_163344,2026-05-19T16:33:44-03:00,2026-05-19T19:33:44+00:00,betano,basketball,NBA,props_nba_20260519_163344.csv,New York Knicks Cleveland Cavaliers,new york knicks cleveland cavaliers,Max Strus,max strus,Rebotes (hitos),4+,0.0,1.37,player_rebounds_hito,REB,over,4,3.5,Max Strus 4+ REB,1,
58c053d84e53d54a5ce00bd4925d4176388d6d70,20260519_163344,2026-05-19T16:33:44-03:00,2026-05-19T19:33:44+00:00,betano,basketball,NBA,props_nba_20260519_163344.csv,New York Knicks Cleveland Cavaliers,new york knicks cleveland cavaliers,Max Strus,max strus,Rebotes (hitos),5+,0.0,1.87,player_rebounds_hito,REB,over,5,4.5,Max Strus 5+ REB,1,
8d2c998b1d224118d1a30cff5fcaad6918fe386d,20260519_163344,2026-05-19T16:33:44-03:00,2026-05-19T19:33:44+00:00,betano,basketball,NBA,props_nba_20260519_163344.csv,New York Knicks Cleveland Cavaliers,new york knicks cleveland cavaliers,Max Strus,max strus,Rebotes (hitos),6+,0.0,2.8,player_rebounds_hito,REB,over,6,5.5,Max Strus 6+ REB,1,
55f6bbac5466f93a6b092d04cfcf3e63c0a50e6d,20260519_163344,2026-05-19T16:33:44-03:00,2026-05-19T19:33:44+00:00,betano,basketball,NBA,props_nba_20260519_163344.csv,New York Knicks Cleveland Cavaliers,new york knicks cleveland cavaliers,Max Strus,max strus,Rebotes (hitos),7+,0.0,4.5,player_rebounds_hito,REB,over,7,6.5,Max Strus 7+ REB,1,
2625fdea395c9e882bc19eebe61149de72342bff,20260519_163344,2026-05-19T16:33:44-03:00,2026-05-19T19:33:44+00:00,betano,basketball,NBA,props_nba_20260519_163344.csv,New York Knicks Cleveland Cavaliers,new york knicks cleveland cavaliers,Max Strus,max strus,Rebotes (hitos),8+,0.0,7.2,player_rebounds_hito,REB,over,8,7.5,Max Strus 8+ REB,1,
2ef0ae8e1f7863a800aa94bf09f6fd5f166f2a43,20260519_163344,2026-05-19T16:33:44-03:00,2026-05-19T19:33:44+00:00,betano,basketball,NBA,props_nba_20260519_163344.csv,New York Knicks Cleveland Cavaliers,new york knicks cleveland cavaliers,Max Strus,max strus,Rebotes (hitos),9+,0.0,11,player_rebounds_hito,REB,over,9,8.5,Max Strus 9+ REB,1,
c5006f5adb7035ba928db5b602e1bf7f20df55a3,20260519_163344,2026-05-19T16:33:44-03:00,2026-05-19T19:33:44+00:00,betano,basketball,NBA,props_nba_20260519_163344.csv,New York Knicks Cleveland Cavaliers,new york knicks cleveland cavaliers,James Harden,james harden,Rebotes (hitos),4+,0.0,1.4,player_rebounds_hito,REB,over,4,3.5,James Harden 4+ REB,1,
9707eb102588b64b81d61b0d4b1d9766c8289fb8,20260519_163344,2026-05-19T16:33:44-03:00,2026-05-19T19:33:44+00:00,betano,basketball,NBA,props_nba_20260519_163344.csv,New York Knicks Cleveland Cavaliers,new york knicks cleveland cavaliers,James Harden,james harden,Rebotes (hitos),5+,0.0,1.93,player_rebounds_hito,REB,over,5,4.5,James Harden 5+ REB,1,
9f7fa6af23d89b54af67642365b1c05169a5b74d,20260519_163344,2026-05-19T16:33:44-03:00,2026-05-19T19:33:44+00:00,betano,basketball,NBA,props_nba_20260519_163344.csv,New York Knicks Cleveland Cavaliers,new york knicks cleveland cavaliers,James Harden,james harden,Rebotes (hitos),6+,0.0,2.95,player_rebounds_hito,REB,over,6,5.5,James Harden 6+ REB,1,
8c29b6f11785862634ff2017bb22c46f0969a31a,20260519_163344,2026-05-19T16:33:44-03:00,2026-05-19T19:33:44+00:00,betano,basketball,NBA,props_nba_20260519_163344.csv,New York Knicks Cleveland Cavaliers,new york knicks cleveland cavaliers,James Harden,james harden,Rebotes (hitos),7+,0.0,4.75,player_rebounds_hito,REB,over,7,6.5,James Harden 7+ REB,1,
7c6ddcac1364bdd5cd0cc55e45b9d51220f0554f,20260519_163344,2026-05-19T16:33:44-03:00,2026-05-19T19:33:44+00:00,betano,basketball,NBA,props_nba_20260519_163344.csv,New York Knicks Cleveland Cavaliers,new york knicks cleveland cavaliers,James Harden,james harden,Rebotes (hitos),8+,0.0,7.7,player_rebounds_hito,REB,over,8,7.5,James Harden 8+ REB,1,
34b083ff0181948528d81a0f508b657fa306dd15,20260519_163344,2026-05-19T16:33:44-03:00,2026-05-19T19:33:44+00:00,betano,basketball,NBA,props_nba_20260519_163344.csv,New York Knicks Cleveland Cavaliers,new york knicks cleveland cavaliers,James Harden,james harden,Rebotes (hitos),9+,0.0,11.5,player_rebounds_hito,REB,over,9,8.5,James Harden 9+ REB,1,
c6f46f59aeef54f3c4b162c27d1ac853731012c5,20260519_163344,2026-05-19T16:33:44-03:00,2026-05-19T19:33:44+00:00,betano,basketball,NBA,props_nba_20260519_163344.csv,New York Knicks Cleveland Cavaliers,new york knicks cleveland cavaliers,Donovan Mitchell,donovan mitchell,Rebotes (hitos),4+,0.0,1.42,player_rebounds_hito,REB,over,4,3.5,Donovan Mitchell 4+ REB,1,
438f715decce5c42be0ed3a9ba497721e2dc5672,20260519_163344,2026-05-19T16:33:44-03:00,2026-05-19T19:33:44+00:00,betano,basketball,NBA,props_nba_20260519_163344.csv,New York Knicks Cleveland Cavaliers,new york knicks cleveland cavaliers,Donovan Mitchell,donovan mitchell,Rebotes (hitos),5+,0.0,1.95,player_rebounds_hito,REB,over,5,4.5,Donovan Mitchell 5+ REB,1,
9047e1b61028294c1c7cec875740df7c94760486,20260519_163344,2026-05-19T16:33:44-03:00,2026-05-19T19:33:44+00:00,betano,basketball,NBA,props_nba_20260519_163344.csv,New York Knicks Cleveland Cavaliers,new york knicks cleveland cavaliers,Donovan Mitchell,donovan mitchell,Rebotes (hitos),6+,0.0,2.95,player_rebounds_hito,REB,over,6,5.5,Donovan Mitchell 6+ REB,1,
cff782412509937bb6feb69769a9111dca117c4a,20260519_163344,2026-05-19T16:33:44-03:00,2026-05-19T19:33:44+00:00,betano,basketball,NBA,props_nba_20260519_163344.csv,New York Knicks Cleveland Cavaliers,new york knicks cleveland cavaliers,Donovan Mitchell,donovan mitchell,Rebotes (hitos),7+,0.0,4.8,player_rebounds_hito,REB,over,7,6.5,Donovan Mitchell 7+ REB,1,
f8aba32f1292f9a58a5018f2472c7aa1430635b0,20260519_163344,2026-05-19T16:33:44-03:00,2026-05-19T19:33:44+00:00,betano,basketball,NBA,props_nba_20260519_163344.csv,New York Knicks Cleveland Cavaliers,new york knicks cleveland cavaliers,Donovan Mitchell,donovan mitchell,Rebotes (hitos),8+,0.0,7.9,player_rebounds_hito,REB,over,8,7.5,Donovan Mitchell 8+ REB,1,
e67b1eb2cddc708e957cae9bec0d477e097dadad,20260519_163344,2026-05-19T16:33:44-03:00,2026-05-19T19:33:44+00:00,betano,basketball,NBA,props_nba_20260519_163344.csv,New York Knicks Cleveland Cavaliers,new york knicks cleveland cavaliers,Donovan Mitchell,donovan mitchell,Rebotes (hitos),9+,0.0,12,player_rebounds_hito,REB,over,9,8.5,Donovan Mitchell 9+ REB,1,
7b797da43229b7d16e9363a3315dc186162d5cba,20260519_163344,2026-05-19T16:33:44-03:00,2026-05-19T19:33:44+00:00,betano,basketball,NBA,props_nba_20260519_163344.csv,New York Knicks Cleveland Cavaliers,new york knicks cleveland cavaliers,Dean Wade,dean wade,Rebotes (hitos),3+,0.0,1.29,player_rebounds_hito,REB,over,3,2.5,Dean Wade 3+ REB,1,
f1538e6c2cd72b8b5e82cd9406a3b62da86d9d15,20260519_163344,2026-05-19T16:33:44-03:00,2026-05-19T19:33:44+00:00,betano,basketball,NBA,props_nba_20260519_163344.csv,New York Knicks Cleveland Cavaliers,new york knicks cleveland cavaliers,Dean Wade,dean wade,Rebotes (hitos),4+,0.0,1.8,player_rebounds_hito,REB,over,4,3.5,Dean Wade 4+ REB,1,
15bad4e538b3f3092cc32d5e0271de2d62727e7f,20260519_163344,2026-05-19T16:33:44-03:00,2026-05-19T19:33:44+00:00,betano,basketball,NBA,props_nba_20260519_163344.csv,New York Knicks Cleveland Cavaliers,new york knicks cleveland cavaliers,Dean Wade,dean wade,Rebotes (hitos),5+,0.0,2.75,player_rebounds_hito,REB,over,5,4.5,Dean Wade 5+ REB,1,
2075e85e1e3f69ac60efd3adba593a3ebe438b2d,20260519_163344,2026-05-19T16:33:44-03:00,2026-05-19T19:33:44+00:00,betano,basketball,NBA,props_nba_20260519_163344.csv,New York Knicks Cleveland Cavaliers,new york knicks cleveland cavaliers,Dean Wade,dean wade,Rebotes (hitos),6+,0.0,4.4,player_rebounds_hito,REB,over,6,5.5,Dean Wade 6+ REB,1,
2f027d50bc7ca842e24da32dfbac7d4ac572e45f,20260519_163344,2026-05-19T16:33:44-03:00,2026-05-19T19:33:44+00:00,betano,basketball,NBA,props_nba_20260519_163344.csv,New York Knicks Cleveland Cavaliers,new york knicks cleveland cavaliers,Dean Wade,dean wade,Rebotes (hitos),7+,0.0,6.8,player_rebounds_hito,REB,over,7,6.5,Dean Wade 7+ REB,1,
b8498fed5bd68058b5f7a0f90df71952438af020,20260519_163344,2026-05-19T16:33:44-03:00,2026-05-19T19:33:44+00:00,betano,basketball,NBA,props_nba_20260519_163344.csv,New York Knicks Cleveland Cavaliers,new york knicks cleveland cavaliers,Dean Wade,dean wade,Rebotes (hitos),8+,0.0,9,player_rebounds_hito,REB,over,8,7.5,Dean Wade 8+ REB,1,
3c66b1f7e0f70e46c8b68310a3015e09dd9291c7,20260519_163344,2026-05-19T16:33:44-03:00,2026-05-19T19:33:44+00:00,betano,basketball,NBA,props_nba_20260519_163344.csv,New York Knicks Cleveland Cavaliers,new york knicks cleveland cavaliers,Mikal Bridges,mikal bridges,Rebotes (hitos),3+,0.0,1.45,player_rebounds_hito,REB,over,3,2.5,Mikal Bridges 3+ REB,1,
4712cd66f56bd824efcdc7b21cfd776e38a5ffa3,20260519_163344,2026-05-19T16:33:44-03:00,2026-05-19T19:33:44+00:00,betano,basketball,NBA,props_nba_20260519_163344.csv,New York Knicks Cleveland Cavaliers,new york knicks cleveland cavaliers,Mikal Bridges,mikal bridges,Rebotes (hitos),4+,0.0,2.15,player_rebounds_hito,REB,over,4,3.5,Mikal Bridges 4+ REB,1,
5598aab2cb94a0d69eb1eae2ac7ca05a7c717c82,20260519_163344,2026-05-19T16:33:44-03:00,2026-05-19T19:33:44+00:00,betano,basketball,NBA,props_nba_20260519_163344.csv,New York Knicks Cleveland Cavaliers,new york knicks cleveland cavaliers,Mikal Bridges,mikal bridges,Rebotes (hitos),5+,0.0,3.55,player_rebounds_hito,REB,over,5,4.5,Mikal Bridges 5+ REB,1,
cecdb20d0fc4404da6e206214c2bdd9d49ddb9e7,20260519_163344,2026-05-19T16:33:44-03:00,2026-05-19T19:33:44+00:00,betano,basketball,NBA,props_nba_20260519_163344.csv,New York Knicks Cleveland Cavaliers,new york knicks cleveland cavaliers,Mikal Bridges,mikal bridges,Rebotes (hitos),6+,0.0,6.1,player_rebounds_hito,REB,over,6,5.5,Mikal Bridges 6+ REB,1,
2cb42afecb5f695e4212f927ab105dcf8767e7fd,20260519_163344,2026-05-19T16:33:44-03:00,2026-05-19T19:33:44+00:00,betano,basketball,NBA,props_nba_20260519_163344.csv,New York Knicks Cleveland Cavaliers,new york knicks cleveland cavaliers,Mikal Bridges,mikal bridges,Rebotes (hitos),7+,0.0,10.25,player_rebounds_hito,REB,over,7,6.5,Mikal Bridges 7+ REB,1,
fc92f3f4e950d8c227cf6016ef55bb6fff25d0e1,20260519_163344,2026-05-19T16:33:44-03:00,2026-05-19T19:33:44+00:00,betano,basketball,NBA,props_nba_20260519_163344.csv,New York Knicks Cleveland Cavaliers,new york knicks cleveland cavaliers,Mikal Bridges,mikal bridges,Rebotes (hitos),8+,0.0,14.5,player_rebounds_hito,REB,over,8,7.5,Mikal Bridges 8+ REB,1,
40d4d87a51f9b6eecc587243d25d0f00d8064326,20260519_163344,2026-05-19T16:33:44-03:00,2026-05-19T19:33:44+00:00,betano,basketball,NBA,props_nba_20260519_163344.csv,New York Knicks Cleveland Cavaliers,new york knicks cleveland cavaliers,Jalen Brunson,jalen brunson,Rebotes (hitos),2+,0.0,1.16,player_rebounds_hito,REB,over,2,1.5,Jalen Brunson 2+ REB,1,
80a1bfc431e42b0637c36724eed3baf56a5fc3e1,20260519_163344,2026-05-19T16:33:44-03:00,2026-05-19T19:33:44+00:00,betano,basketball,NBA,props_nba_20260519_163344.csv,New York Knicks Cleveland Cavaliers,new york knicks cleveland cavaliers,Jalen Brunson,jalen brunson,Rebotes (hitos),3+,0.0,1.57,player_rebounds_hito,REB,over,3,2.5,Jalen Brunson 3+ REB,1,
c26ddb467192a525cf44306829c79935cfc05753,20260519_163344,2026-05-19T16:33:44-03:00,2026-05-19T19:33:44+00:00,betano,basketball,NBA,props_nba_20260519_163344.csv,New York Knicks Cleveland Cavaliers,new york knicks cleveland cavaliers,Jalen Brunson,jalen brunson,Rebotes (hitos),4+,0.0,2.4,player_rebounds_hito,REB,over,4,3.5,Jalen Brunson 4+ REB,1,
e4920bdaaad31e2eeaeddbf80bf3d7a9e5c9b6dc,20260519_163344,2026-05-19T16:33:44-03:00,2026-05-19T19:33:44+00:00,betano,basketball,NBA,props_nba_20260519_163344.csv,New York Knicks Cleveland Cavaliers,new york knicks cleveland cavaliers,Jalen Brunson,jalen brunson,Rebotes (hitos),5+,0.0,4.15,player_rebounds_hito,REB,over,5,4.5,Jalen Brunson 5+ REB,1,
b30d913dbdbbfad3f5920232fbf8589a91ba3733,20260519_163344,2026-05-19T16:33:44-03:00,2026-05-19T19:33:44+00:00,betano,basketball,NBA,props_nba_20260519_163344.csv,New York Knicks Cleveland Cavaliers,new york knicks cleveland cavaliers,Sam Merrill,sam merrill,Rebotes (hitos),1+,0.0,1.14,player_rebounds_hito,REB,over,1,0.5,Sam Merrill 1+ REB,1,
89c8d29efe283d5c686381bc90e67ca8cca4e168,20260519_163344,2026-05-19T16:33:44-03:00,2026-05-19T19:33:44+00:00,betano,basketball,NBA,props_nba_20260519_163344.csv,New York Knicks Cleveland Cavaliers,new york knicks cleveland cavaliers,Sam Merrill,sam merrill,Rebotes (hitos),2+,0.0,1.78,player_rebounds_hito,REB,over,2,1.5,Sam Merrill 2+ REB,1,
01075de5866a7cc3d16680068bf93c0c1954a1bf,20260519_163344,2026-05-19T16:33:44-03:00,2026-05-19T19:33:44+00:00,betano,basketball,NBA,props_nba_20260519_163344.csv,New York Knicks Cleveland Cavaliers,new york knicks cleveland cavaliers,Sam Merrill,sam merrill,Rebotes (hitos),3+,0.0,3.4,player_rebounds_hito,REB,over,3,2.5,Sam Merrill 3+ REB,1,
a509ef9dff7f01a45a6076f79e80c3103428b087,20260519_163344,2026-05-19T16:33:44-03:00,2026-05-19T19:33:44+00:00,betano,basketball,NBA,props_nba_20260519_163344.csv,New York Knicks Cleveland Cavaliers,new york knicks cleveland cavaliers,Sam Merrill,sam merrill,Rebotes (hitos),4+,0.0,7,player_rebounds_hito,REB,over,4,3.5,Sam Merrill 4+ REB,1,
1b6157c1ea38d9ad1a352bb5536fa83c4e7fbbd0,20260519_163344,2026-05-19T16:33:44-03:00,2026-05-19T19:33:44+00:00,betano,basketball,NBA,props_nba_20260519_163344.csv,New York Knicks Cleveland Cavaliers,new york knicks cleveland cavaliers,Dennis Schroder,dennis schroder,Rebotes (hitos),1+,0.0,1.17,player_rebounds_hito,REB,over,1,0.5,Dennis Schroder 1+ REB,1,
e598184333358b5447b766907a98774ade03aaa0,20260519_163344,2026-05-19T16:33:44-03:00,2026-05-19T19:33:44+00:00,betano,basketball,NBA,props_nba_20260519_163344.csv,New York Knicks Cleveland Cavaliers,new york knicks cleveland cavaliers,Dennis Schroder,dennis schroder,Rebotes (hitos),2+,0.0,1.87,player_rebounds_hito,REB,over,2,1.5,Dennis Schroder 2+ REB,1,
997815f31bbfcb30b83148a0b5ba96adac98c4ba,20260519_163344,2026-05-19T16:33:44-03:00,2026-05-19T19:33:44+00:00,betano,basketball,NBA,props_nba_20260519_163344.csv,New York Knicks Cleveland Cavaliers,new york knicks cleveland cavaliers,Dennis Schroder,dennis schroder,Rebotes (hitos),3+,0.0,3.65,player_rebounds_hito,REB,over,3,2.5,Dennis Schroder 3+ REB,1,
36b1a7787df10b8e542b940699d0252debf26e6a,20260519_163344,2026-05-19T16:33:44-03:00,2026-05-19T19:33:44+00:00,betano,basketball,NBA,props_nba_20260519_163344.csv,New York Knicks Cleveland Cavaliers,new york knicks cleveland cavaliers,Dennis Schroder,dennis schroder,Rebotes (hitos),4+,0.0,7.7,player_rebounds_hito,REB,over,4,3.5,Dennis Schroder 4+ REB,1,
93810ade8fa994f2d1f47d26005130205d1d6458,20260519_163344,2026-05-19T16:33:44-03:00,2026-05-19T19:33:44+00:00,betano,basketball,NBA,props_nba_20260519_163344.csv,New York Knicks Cleveland Cavaliers,new york knicks cleveland cavaliers,Jordan Clarkson,jordan clarkson,Rebotes (hitos),1+,0.0,1.19,player_rebounds_hito,REB,over,1,0.5,Jordan Clarkson 1+ REB,1,
3c67ad8913912f41d211094cbf6a4c4c52992ce0,20260519_163344,2026-05-19T16:33:44-03:00,2026-05-19T19:33:44+00:00,betano,basketball,NBA,props_nba_20260519_163344.csv,New York Knicks Cleveland Cavaliers,new york knicks cleveland cavaliers,Jordan Clarkson,jordan clarkson,Rebotes (hitos),2+,0.0,1.98,player_rebounds_hito,REB,over,2,1.5,Jordan Clarkson 2+ REB,1,
3f26c829d4f6cc2cfc4f619d7bc22eac5eb0182b,20260519_163344,2026-05-19T16:33:44-03:00,2026-05-19T19:33:44+00:00,betano,basketball,NBA,props_nba_20260519_163344.csv,New York Knicks Cleveland Cavaliers,new york knicks cleveland cavaliers,Jordan Clarkson,jordan clarkson,Rebotes (hitos),3+,0.0,4.05,player_rebounds_hito,REB,over,3,2.5,Jordan Clarkson 3+ REB,1,
e29a09702eca5b82f8cf478873a563eff4c5e188,20260519_163344,2026-05-19T16:33:44-03:00,2026-05-19T19:33:44+00:00,betano,basketball,NBA,props_nba_20260519_163344.csv,New York Knicks Cleveland Cavaliers,new york knicks cleveland cavaliers,Jordan Clarkson,jordan clarkson,Rebotes (hitos),4+,0.0,8.5,player_rebounds_hito,REB,over,4,3.5,Jordan Clarkson 4+ REB,1,
c1b599bfa296817ecdbda51ffb3a56c25f75b6d8,20260519_163344,2026-05-19T16:33:44-03:00,2026-05-19T19:33:44+00:00,betano,basketball,NBA,props_nba_20260519_163344.csv,New York Knicks Cleveland Cavaliers,new york knicks cleveland cavaliers,Miles McBride,miles mcbride,Rebotes (hitos),1+,0.0,1.21,player_rebounds_hito,REB,over,1,0.5,Miles McBride 1+ REB,1,
f1c8c6cd88aa85fc8b7cbb6cc8b0cfd459dc2cf5,20260519_163344,2026-05-19T16:33:44-03:00,2026-05-19T19:33:44+00:00,betano,basketball,NBA,props_nba_20260519_163344.csv,New York Knicks Cleveland Cavaliers,new york knicks cleveland cavaliers,Miles McBride,miles mcbride,Rebotes (hitos),2+,0.0,2.05,player_rebounds_hito,REB,over,2,1.5,Miles McBride 2+ REB,1,
dca3558496a77f2c8ecc764ecb4fc10bf6d57edc,20260519_163344,2026-05-19T16:33:44-03:00,2026-05-19T19:33:44+00:00,betano,basketball,NBA,props_nba_20260519_163344.csv,New York Knicks Cleveland Cavaliers,new york knicks cleveland cavaliers,Miles McBride,miles mcbride,Rebotes (hitos),3+,0.0,4.3,player_rebounds_hito,REB,over,3,2.5,Miles McBride 3+ REB,1,
432ae0c80dfb2bcaf2913925a0f81e7eb2a785d7,20260519_163344,2026-05-19T16:33:44-03:00,2026-05-19T19:33:44+00:00,betano,basketball,NBA,props_nba_20260519_163344.csv,New York Knicks Cleveland Cavaliers,new york knicks cleveland cavaliers,Miles McBride,miles mcbride,Rebotes (hitos),4+,0.0,9,player_rebounds_hito,REB,over,4,3.5,Miles McBride 4+ REB,1,
93bb2cf748b932fda2e319d3ee252f43e5eb7635,20260519_163344,2026-05-19T16:33:44-03:00,2026-05-19T19:33:44+00:00,betano,basketball,NBA,props_nba_20260519_163344.csv,New York Knicks Cleveland Cavaliers,new york knicks cleveland cavaliers,Jose Alvarado,jose alvarado,Rebotes (hitos),1+,0.0,1.72,player_rebounds_hito,REB,over,1,0.5,Jose Alvarado 1+ REB,1,
adbcf088367a9df52eec9f8c811e2f6cdd9793f5,20260519_163344,2026-05-19T16:33:44-03:00,2026-05-19T19:33:44+00:00,betano,basketball,NBA,props_nba_20260519_163344.csv,New York Knicks Cleveland Cavaliers,new york knicks cleveland cavaliers,Jose Alvarado,jose alvarado,Rebotes (hitos),2+,0.0,4.5,player_rebounds_hito,REB,over,2,1.5,Jose Alvarado 2+ REB,1,
e4fa7c8c505b1e8cdffec36be3b28459cba82aa8,20260519_163344,2026-05-19T16:33:44-03:00,2026-05-19T19:33:44+00:00,betano,basketball,NBA,props_nba_20260519_163344.csv,New York Knicks Cleveland Cavaliers,new york knicks cleveland cavaliers,Jose Alvarado,jose alvarado,Rebotes (hitos),3+,0.0,11,player_rebounds_hito,REB,over,3,2.5,Jose Alvarado 3+ REB,1,
3eb02a8c07fa9e8cf827e90f0b684a88b41c8e84,20260519_163344,2026-05-19T16:33:44-03:00,2026-05-19T19:33:44+00:00,betano,basketball,NBA,props_nba_20260519_163344.csv,New York Knicks Cleveland Cavaliers,new york knicks cleveland cavaliers,Jose Alvarado,jose alvarado,Rebotes (hitos),4+,0.0,17.5,player_rebounds_hito,REB,over,4,3.5,Jose Alvarado 4+ REB,1,
497f2c787e482cb3b49f9ccfe447d60780d633c7,20260519_163344,2026-05-19T16:33:44-03:00,2026-05-19T19:33:44+00:00,betano,basketball,NBA,props_nba_20260519_163344.csv,New York Knicks Cleveland Cavaliers,new york knicks cleveland cavaliers,Donovan Mitchell,donovan mitchell,Triples (hitos),2+,0.0,1.2,player_threes_hito,3PM,over,2,1.5,Donovan Mitchell 2+ 3PM,1,
6472d03a8981d82f36290701b7036a55d7e8b5e9,20260519_163344,2026-05-19T16:33:44-03:00,2026-05-19T19:33:44+00:00,betano,basketball,NBA,props_nba_20260519_163344.csv,New York Knicks Cleveland Cavaliers,new york knicks cleveland cavaliers,Donovan Mitchell,donovan mitchell,Triples (hitos),3+,0.0,1.7,player_threes_hito,3PM,over,3,2.5,Donovan Mitchell 3+ 3PM,1,
70fbad69f17026bd558ee024d8cb7c0e6c8827a9,20260519_163344,2026-05-19T16:33:44-03:00,2026-05-19T19:33:44+00:00,betano,basketball,NBA,props_nba_20260519_163344.csv,New York Knicks Cleveland Cavaliers,new york knicks cleveland cavaliers,Donovan Mitchell,donovan mitchell,Triples (hitos),4+,0.0,2.77,player_threes_hito,3PM,over,4,3.5,Donovan Mitchell 4+ 3PM,1,
b0f929ec0e15aad4c408c8cafa11691bc14ac1fe,20260519_163344,2026-05-19T16:33:44-03:00,2026-05-19T19:33:44+00:00,betano,basketball,NBA,props_nba_20260519_163344.csv,New York Knicks Cleveland Cavaliers,new york knicks cleveland cavaliers,Donovan Mitchell,donovan mitchell,Triples (hitos),5+,0.0,5.1,player_threes_hito,3PM,over,5,4.5,Donovan Mitchell 5+ 3PM,1,
674527addb40f0474083b7d59dced5fb42bb1d23,20260519_163344,2026-05-19T16:33:44-03:00,2026-05-19T19:33:44+00:00,betano,basketball,NBA,props_nba_20260519_163344.csv,New York Knicks Cleveland Cavaliers,new york knicks cleveland cavaliers,Jalen Brunson,jalen brunson,Triples (hitos),2+,0.0,1.26,player_threes_hito,3PM,over,2,1.5,Jalen Brunson 2+ 3PM,1,
730382358c938bd9842cc2beb85cc0a68fb521a9,20260519_163344,2026-05-19T16:33:44-03:00,2026-05-19T19:33:44+00:00,betano,basketball,NBA,props_nba_20260519_163344.csv,New York Knicks Cleveland Cavaliers,new york knicks cleveland cavaliers,Jalen Brunson,jalen brunson,Triples (hitos),3+,0.0,1.85,player_threes_hito,3PM,over,3,2.5,Jalen Brunson 3+ 3PM,1,
7dd4924f4a2bc31851a4da6def576b416aeb644e,20260519_163344,2026-05-19T16:33:44-03:00,2026-05-19T19:33:44+00:00,betano,basketball,NBA,props_nba_20260519_163344.csv,New York Knicks Cleveland Cavaliers,new york knicks cleveland cavaliers,Jalen Brunson,jalen brunson,Triples (hitos),4+,0.0,3.15,player_threes_hito,3PM,over,4,3.5,Jalen Brunson 4+ 3PM,1,
c81be64e53083f8556ee21c3cc74a4c6dfd86dc6,20260519_163344,2026-05-19T16:33:44-03:00,2026-05-19T19:33:44+00:00,betano,basketball,NBA,props_nba_20260519_163344.csv,New York Knicks Cleveland Cavaliers,new york knicks cleveland cavaliers,Jalen Brunson,jalen brunson,Triples (hitos),5+,0.0,5.9,player_threes_hito,3PM,over,5,4.5,Jalen Brunson 5+ 3PM,1,
a4a1521189dc7bae2449a87c680ba0d3cdd0c14e,20260519_163344,2026-05-19T16:33:44-03:00,2026-05-19T19:33:44+00:00,betano,basketball,NBA,props_nba_20260519_163344.csv,New York Knicks Cleveland Cavaliers,new york knicks cleveland cavaliers,James Harden,james harden,Triples (hitos),2+,0.0,1.29,player_threes_hito,3PM,over,2,1.5,James Harden 2+ 3PM,1,
42e42a965aaa3f2057c01b215bb9822389d1c829,20260519_163344,2026-05-19T16:33:44-03:00,2026-05-19T19:33:44+00:00,betano,basketball,NBA,props_nba_20260519_163344.csv,New York Knicks Cleveland Cavaliers,new york knicks cleveland cavaliers,James Harden,james harden,Triples (hitos),3+,0.0,1.93,player_threes_hito,3PM,over,3,2.5,James Harden 3+ 3PM,1,
da60c13192bb1800351b0f22181aef3b2cfde78b,20260519_163344,2026-05-19T16:33:44-03:00,2026-05-19T19:33:44+00:00,betano,basketball,NBA,props_nba_20260519_163344.csv,New York Knicks Cleveland Cavaliers,new york knicks cleveland cavaliers,James Harden,james harden,Triples (hitos),4+,0.0,3.4,player_threes_hito,3PM,over,4,3.5,James Harden 4+ 3PM,1,
b0f1a68446f69d790ba3fbdc52ca0426129acceb,20260519_163344,2026-05-19T16:33:44-03:00,2026-05-19T19:33:44+00:00,betano,basketball,NBA,props_nba_20260519_163344.csv,New York Knicks Cleveland Cavaliers,new york knicks cleveland cavaliers,James Harden,james harden,Triples (hitos),5+,0.0,6.5,player_threes_hito,3PM,over,5,4.5,James Harden 5+ 3PM,1,
9c070faa90a4999441bcc0bbd3297398e03c5284,20260519_163344,2026-05-19T16:33:44-03:00,2026-05-19T19:33:44+00:00,betano,basketball,NBA,props_nba_20260519_163344.csv,New York Knicks Cleveland Cavaliers,new york knicks cleveland cavaliers,Max Strus,max strus,Triples (hitos),2+,0.0,1.4,player_threes_hito,3PM,over,2,1.5,Max Strus 2+ 3PM,1,
9291393c64e10524c5b9cb47eab1316baf1c2d0d,20260519_163344,2026-05-19T16:33:44-03:00,2026-05-19T19:33:44+00:00,betano,basketball,NBA,props_nba_20260519_163344.csv,New York Knicks Cleveland Cavaliers,new york knicks cleveland cavaliers,Max Strus,max strus,Triples (hitos),3+,0.0,2.27,player_threes_hito,3PM,over,3,2.5,Max Strus 3+ 3PM,1,
37b581a816d36f714e988a9b1cd6f284e4875ff4,20260519_163344,2026-05-19T16:33:44-03:00,2026-05-19T19:33:44+00:00,betano,basketball,NBA,props_nba_20260519_163344.csv,New York Knicks Cleveland Cavaliers,new york knicks cleveland cavaliers,Max Strus,max strus,Triples (hitos),4+,0.0,4.3,player_threes_hito,3PM,over,4,3.5,Max Strus 4+ 3PM,1,
bdf46a0f0d5b408ea3403d6517e12b939a73aa65,20260519_163344,2026-05-19T16:33:44-03:00,2026-05-19T19:33:44+00:00,betano,basketball,NBA,props_nba_20260519_163344.csv,New York Knicks Cleveland Cavaliers,new york knicks cleveland cavaliers,Max Strus,max strus,Triples (hitos),5+,0.0,8.25,player_threes_hito,3PM,over,5,4.5,Max Strus 5+ 3PM,1,
46880afa2b7b6e3c942280024dc35710c5d4dc22,20260519_163344,2026-05-19T16:33:44-03:00,2026-05-19T19:33:44+00:00,betano,basketball,NBA,props_nba_20260519_163344.csv,New York Knicks Cleveland Cavaliers,new york knicks cleveland cavaliers,OG Anunoby,og anunoby,Triples (hitos),2+,0.0,1.42,player_threes_hito,3PM,over,2,1.5,OG Anunoby 2+ 3PM,1,
8656fe8a5e36f6851268a7c8f742e38730a8d932,20260519_163344,2026-05-19T16:33:44-03:00,2026-05-19T19:33:44+00:00,betano,basketball,NBA,props_nba_20260519_163344.csv,New York Knicks Cleveland Cavaliers,new york knicks cleveland cavaliers,OG Anunoby,og anunoby,Triples (hitos),3+,0.0,2.32,player_threes_hito,3PM,over,3,2.5,OG Anunoby 3+ 3PM,1,
9425aee2a5b86f3c0f8dab747edcae6bdd4755ed,20260519_163344,2026-05-19T16:33:44-03:00,2026-05-19T19:33:44+00:00,betano,basketball,NBA,props_nba_20260519_163344.csv,New York Knicks Cleveland Cavaliers,new york knicks cleveland cavaliers,OG Anunoby,og anunoby,Triples (hitos),4+,0.0,4.4,player_threes_hito,3PM,over,4,3.5,OG Anunoby 4+ 3PM,1,
666d647e1f0a629930f90dab7c6e41bfa81a5b04,20260519_163344,2026-05-19T16:33:44-03:00,2026-05-19T19:33:44+00:00,betano,basketball,NBA,props_nba_20260519_163344.csv,New York Knicks Cleveland Cavaliers,new york knicks cleveland cavaliers,OG Anunoby,og anunoby,Triples (hitos),5+,0.0,8.5,player_threes_hito,3PM,over,5,4.5,OG Anunoby 5+ 3PM,1,
df3463c68716eeeffb87f081f063aa7b65d6f9ae,20260519_163344,2026-05-19T16:33:44-03:00,2026-05-19T19:33:44+00:00,betano,basketball,NBA,props_nba_20260519_163344.csv,New York Knicks Cleveland Cavaliers,new york knicks cleveland cavaliers,Josh Hart,josh hart,Triples (hitos),1+,0.0,1.07,player_threes_hito,3PM,over,1,0.5,Josh Hart 1+ 3PM,1,
8e336ccd07447c34d3f2a9b6a763a4fe193e6acf,20260519_163344,2026-05-19T16:33:44-03:00,2026-05-19T19:33:44+00:00,betano,basketball,NBA,props_nba_20260519_163344.csv,New York Knicks Cleveland Cavaliers,new york knicks cleveland cavaliers,Josh Hart,josh hart,Triples (hitos),2+,0.0,1.65,player_threes_hito,3PM,over,2,1.5,Josh Hart 2+ 3PM,1,
4243a7905bf9237859560a5be90dc791329c846e,20260519_163344,2026-05-19T16:33:44-03:00,2026-05-19T19:33:44+00:00,betano,basketball,NBA,props_nba_20260519_163344.csv,New York Knicks Cleveland Cavaliers,new york knicks cleveland cavaliers,Josh Hart,josh hart,Triples (hitos),3+,0.0,2.9,player_threes_hito,3PM,over,3,2.5,Josh Hart 3+ 3PM,1,
25206844e4ce9afadb750c8736687f7fca4ce6db,20260519_163344,2026-05-19T16:33:44-03:00,2026-05-19T19:33:44+00:00,betano,basketball,NBA,props_nba_20260519_163344.csv,New York Knicks Cleveland Cavaliers,new york knicks cleveland cavaliers,Josh Hart,josh hart,Triples (hitos),4+,0.0,4.9,player_threes_hito,3PM,over,4,3.5,Josh Hart 4+ 3PM,1,
e915af85ed42aa3c0ac2cb39d535518997fa21dd,20260519_163344,2026-05-19T16:33:44-03:00,2026-05-19T19:33:44+00:00,betano,basketball,NBA,props_nba_20260519_163344.csv,New York Knicks Cleveland Cavaliers,new york knicks cleveland cavaliers,Sam Merrill,sam merrill,Triples (hitos),1+,0.0,1.16,player_threes_hito,3PM,over,1,0.5,Sam Merrill 1+ 3PM,1,
35212855a0b6427112ffb5c75ba5e24784d89552,20260519_163344,2026-05-19T16:33:44-03:00,2026-05-19T19:33:44+00:00,betano,basketball,NBA,props_nba_20260519_163344.csv,New York Knicks Cleveland Cavaliers,new york knicks cleveland cavaliers,Sam Merrill,sam merrill,Triples (hitos),2+,0.0,1.83,player_threes_hito,3PM,over,2,1.5,Sam Merrill 2+ 3PM,1,
a721e1c66f78ff56fd568106f9e20ec5857320fd,20260519_163344,2026-05-19T16:33:44-03:00,2026-05-19T19:33:44+00:00,betano,basketball,NBA,props_nba_20260519_163344.csv,New York Knicks Cleveland Cavaliers,new york knicks cleveland cavaliers,Sam Merrill,sam merrill,Triples (hitos),3+,0.0,3.65,player_threes_hito,3PM,over,3,2.5,Sam Merrill 3+ 3PM,1,
641cf0bc63be63e9f599beba06b33437c12e0cf3,20260519_163344,2026-05-19T16:33:44-03:00,2026-05-19T19:33:44+00:00,betano,basketball,NBA,props_nba_20260519_163344.csv,New York Knicks Cleveland Cavaliers,new york knicks cleveland cavaliers,Sam Merrill,sam merrill,Triples (hitos),4+,0.0,7.6,player_threes_hito,3PM,over,4,3.5,Sam Merrill 4+ 3PM,1,
961e6a39b07d2518837d484842c09f83df160f5a,20260519_163344,2026-05-19T16:33:44-03:00,2026-05-19T19:33:44+00:00,betano,basketball,NBA,props_nba_20260519_163344.csv,New York Knicks Cleveland Cavaliers,new york knicks cleveland cavaliers,Miles McBride,miles mcbride,Triples (hitos),1+,0.0,1.17,player_threes_hito,3PM,over,1,0.5,Miles McBride 1+ 3PM,1,
297195900e9b5ec41bb18210d9c609929df8a169,20260519_163344,2026-05-19T16:33:44-03:00,2026-05-19T19:33:44+00:00,betano,basketball,NBA,props_nba_20260519_163344.csv,New York Knicks Cleveland Cavaliers,new york knicks cleveland cavaliers,Miles McBride,miles mcbride,Triples (hitos),2+,0.0,1.9,player_threes_hito,3PM,over,2,1.5,Miles McBride 2+ 3PM,1,
1b1977cd1a3f3b39782ac007b4bea4ffcc7b00bd,20260519_163344,2026-05-19T16:33:44-03:00,2026-05-19T19:33:44+00:00,betano,basketball,NBA,props_nba_20260519_163344.csv,New York Knicks Cleveland Cavaliers,new york knicks cleveland cavaliers,Miles McBride,miles mcbride,Triples (hitos),3+,0.0,3.8,player_threes_hito,3PM,over,3,2.5,Miles McBride 3+ 3PM,1,
0eac41be83335a678b4a1778ae649fe672f91b56,20260519_163344,2026-05-19T16:33:44-03:00,2026-05-19T19:33:44+00:00,betano,basketball,NBA,props_nba_20260519_163344.csv,New York Knicks Cleveland Cavaliers,new york knicks cleveland cavaliers,Miles McBride,miles mcbride,Triples (hitos),4+,0.0,8,player_threes_hito,3PM,over,4,3.5,Miles McBride 4+ 3PM,1,
f1ce62ad2d3dc1b686e32e615878d946ab74ea31,20260519_163344,2026-05-19T16:33:44-03:00,2026-05-19T19:33:44+00:00,betano,basketball,NBA,props_nba_20260519_163344.csv,New York Knicks Cleveland Cavaliers,new york knicks cleveland cavaliers,Mikal Bridges,mikal bridges,Triples (hitos),1+,0.0,1.18,player_threes_hito,3PM,over,1,0.5,Mikal Bridges 1+ 3PM,1,
a26cdc51554a334b671b208e97eda6778c2b2aa0,20260519_163344,2026-05-19T16:33:44-03:00,2026-05-19T19:33:44+00:00,betano,basketball,NBA,props_nba_20260519_163344.csv,New York Knicks Cleveland Cavaliers,new york knicks cleveland cavaliers,Mikal Bridges,mikal bridges,Triples (hitos),2+,0.0,1.93,player_threes_hito,3PM,over,2,1.5,Mikal Bridges 2+ 3PM,1,
7145239363b950078a733c2b67dad2d464a86140,20260519_163344,2026-05-19T16:33:44-03:00,2026-05-19T19:33:44+00:00,betano,basketball,NBA,props_nba_20260519_163344.csv,New York Knicks Cleveland Cavaliers,new york knicks cleveland cavaliers,Mikal Bridges,mikal bridges,Triples (hitos),3+,0.0,3.9,player_threes_hito,3PM,over,3,2.5,Mikal Bridges 3+ 3PM,1,
5580be60d89bf5a435cf7105339466337e984edd,20260519_163344,2026-05-19T16:33:44-03:00,2026-05-19T19:33:44+00:00,betano,basketball,NBA,props_nba_20260519_163344.csv,New York Knicks Cleveland Cavaliers,new york knicks cleveland cavaliers,Mikal Bridges,mikal bridges,Triples (hitos),4+,0.0,8.25,player_threes_hito,3PM,over,4,3.5,Mikal Bridges 4+ 3PM,1,
69070495875fcee6078fe51963ca88d4b71fe863,20260519_163344,2026-05-19T16:33:44-03:00,2026-05-19T19:33:44+00:00,betano,basketball,NBA,props_nba_20260519_163344.csv,New York Knicks Cleveland Cavaliers,new york knicks cleveland cavaliers,Karl-Anthony Towns,karl anthony towns,Triples (hitos),1+,0.0,1.32,player_threes_hito,3PM,over,1,0.5,Karl-Anthony Towns 1+ 3PM,1,
466caa9810487228cdf6aa54576f5517b1ea3a4a,20260519_163344,2026-05-19T16:33:44-03:00,2026-05-19T19:33:44+00:00,betano,basketball,NBA,props_nba_20260519_163344.csv,New York Knicks Cleveland Cavaliers,new york knicks cleveland cavaliers,Karl-Anthony Towns,karl anthony towns,Triples (hitos),2+,0.0,2.6,player_threes_hito,3PM,over,2,1.5,Karl-Anthony Towns 2+ 3PM,1,
57aa901e77feabd9354abe9cfc2a0c505e48d86d,20260519_163344,2026-05-19T16:33:44-03:00,2026-05-19T19:33:44+00:00,betano,basketball,NBA,props_nba_20260519_163344.csv,New York Knicks Cleveland Cavaliers,new york knicks cleveland cavaliers,Karl-Anthony Towns,karl anthony towns,Triples (hitos),3+,0.0,6,player_threes_hito,3PM,over,3,2.5,Karl-Anthony Towns 3+ 3PM,1,
f4e7d58cff5d83687657da66194587091481541b,20260519_163344,2026-05-19T16:33:44-03:00,2026-05-19T19:33:44+00:00,betano,basketball,NBA,props_nba_20260519_163344.csv,New York Knicks Cleveland Cavaliers,new york knicks cleveland cavaliers,Karl-Anthony Towns,karl anthony towns,Triples (hitos),4+,0.0,12.5,player_threes_hito,3PM,over,4,3.5,Karl-Anthony Towns 4+ 3PM,1,
7a31b6d67be6bc1fa5d2997d60693583413d9ede,20260519_163344,2026-05-19T16:33:44-03:00,2026-05-19T19:33:44+00:00,betano,basketball,NBA,props_nba_20260519_163344.csv,New York Knicks Cleveland Cavaliers,new york knicks cleveland cavaliers,Evan Mobley,evan mobley,Triples (hitos),1+,0.0,1.36,player_threes_hito,3PM,over,1,0.5,Evan Mobley 1+ 3PM,1,
d842aed3cc73f8a3e04e9de7d87b2b0ea82cb95e,20260519_163344,2026-05-19T16:33:44-03:00,2026-05-19T19:33:44+00:00,betano,basketball,NBA,props_nba_20260519_163344.csv,New York Knicks Cleveland Cavaliers,new york knicks cleveland cavaliers,Evan Mobley,evan mobley,Triples (hitos),2+,0.0,2.77,player_threes_hito,3PM,over,2,1.5,Evan Mobley 2+ 3PM,1,
e49bc9f738ad73412e6d69abd6c2f1b8b184f5e1,20260519_163344,2026-05-19T16:33:44-03:00,2026-05-19T19:33:44+00:00,betano,basketball,NBA,props_nba_20260519_163344.csv,New York Knicks Cleveland Cavaliers,new york knicks cleveland cavaliers,Evan Mobley,evan mobley,Triples (hitos),3+,0.0,6.5,player_threes_hito,3PM,over,3,2.5,Evan Mobley 3+ 3PM,1,
b8a527dbd37d0924f75b6380287129c895f3efc3,20260519_163344,2026-05-19T16:33:44-03:00,2026-05-19T19:33:44+00:00,betano,basketball,NBA,props_nba_20260519_163344.csv,New York Knicks Cleveland Cavaliers,new york knicks cleveland cavaliers,Evan Mobley,evan mobley,Triples (hitos),4+,0.0,13,player_threes_hito,3PM,over,4,3.5,Evan Mobley 4+ 3PM,1,
d0e6fb3c0647c1b6e7e5dde173bcf38f2116ea6c,20260519_163344,2026-05-19T16:33:44-03:00,2026-05-19T19:33:44+00:00,betano,basketball,NBA,props_nba_20260519_163344.csv,New York Knicks Cleveland Cavaliers,new york knicks cleveland cavaliers,Dean Wade,dean wade,Triples (hitos),1+,0.0,1.53,player_threes_hito,3PM,over,1,0.5,Dean Wade 1+ 3PM,1,
e2c75ba2b5f0f15eb684cfaecc97b3988cfed4ce,20260519_163344,2026-05-19T16:33:44-03:00,2026-05-19T19:33:44+00:00,betano,basketball,NBA,props_nba_20260519_163344.csv,New York Knicks Cleveland Cavaliers,new york knicks cleveland cavaliers,Dean Wade,dean wade,Triples (hitos),2+,0.0,3.5,player_threes_hito,3PM,over,2,1.5,Dean Wade 2+ 3PM,1,
d469369820b38438901a29c0221cdfbdc0c45ac0,20260519_163344,2026-05-19T16:33:44-03:00,2026-05-19T19:33:44+00:00,betano,basketball,NBA,props_nba_20260519_163344.csv,New York Knicks Cleveland Cavaliers,new york knicks cleveland cavaliers,Dean Wade,dean wade,Triples (hitos),3+,0.0,7.5,player_threes_hito,3PM,over,3,2.5,Dean Wade 3+ 3PM,1,
baa07b85a9aadaf37167f903d7eb698af059ed39,20260519_163344,2026-05-19T16:33:44-03:00,2026-05-19T19:33:44+00:00,betano,basketball,NBA,props_nba_20260519_163344.csv,New York Knicks Cleveland Cavaliers,new york knicks cleveland cavaliers,Dean Wade,dean wade,Triples (hitos),4+,0.0,17.5,player_threes_hito,3PM,over,4,3.5,Dean Wade 4+ 3PM,1,
59a3fb6f6da29665637f14ff790f93c3dd08939e,20260519_163344,2026-05-19T16:33:44-03:00,2026-05-19T19:33:44+00:00,betano,basketball,NBA,props_nba_20260519_163344.csv,New York Knicks Cleveland Cavaliers,new york knicks cleveland cavaliers,Jose Alvarado,jose alvarado,Triples (hitos),1+,0.0,1.91,player_threes_hito,3PM,over,1,0.5,Jose Alvarado 1+ 3PM,1,
2fce98f468250157242cc8b97a6965e17baa78cd,20260519_163344,2026-05-19T16:33:44-03:00,2026-05-19T19:33:44+00:00,betano,basketball,NBA,props_nba_20260519_163344.csv,New York Knicks Cleveland Cavaliers,new york knicks cleveland cavaliers,Jose Alvarado,jose alvarado,Triples (hitos),2+,0.0,5.5,player_threes_hito,3PM,over,2,1.5,Jose Alvarado 2+ 3PM,1,
efa5991c3c5b859e21817df877b20005a89aa222,20260519_163344,2026-05-19T16:33:44-03:00,2026-05-19T19:33:44+00:00,betano,basketball,NBA,props_nba_20260519_163344.csv,New York Knicks Cleveland Cavaliers,new york knicks cleveland cavaliers,Jose Alvarado,jose alvarado,Triples (hitos),3+,0.0,13.5,player_threes_hito,3PM,over,3,2.5,Jose Alvarado 3+ 3PM,1,
f42aee3e16162b98d924956f67e209b45140b80c,20260519_163344,2026-05-19T16:33:44-03:00,2026-05-19T19:33:44+00:00,betano,basketball,NBA,props_nba_20260519_163344.csv,New York Knicks Cleveland Cavaliers,new york knicks cleveland cavaliers,Dennis Schroder,dennis schroder,Triples (hitos),1+,0.0,2.07,player_threes_hito,3PM,over,1,0.5,Dennis Schroder 1+ 3PM,1,
e7b5997440d6e18a8f17ea6efb69db5b008ca429,20260519_163344,2026-05-19T16:33:44-03:00,2026-05-19T19:33:44+00:00,betano,basketball,NBA,props_nba_20260519_163344.csv,New York Knicks Cleveland Cavaliers,new york knicks cleveland cavaliers,Dennis Schroder,dennis schroder,Triples (hitos),2+,0.0,6.3,player_threes_hito,3PM,over,2,1.5,Dennis Schroder 2+ 3PM,1,
88e100fd513f0895612b52aa89863e94ce77b0c8,20260519_163344,2026-05-19T16:33:44-03:00,2026-05-19T19:33:44+00:00,betano,basketball,NBA,props_nba_20260519_163344.csv,New York Knicks Cleveland Cavaliers,new york knicks cleveland cavaliers,Dennis Schroder,dennis schroder,Triples (hitos),3+,0.0,15,player_threes_hito,3PM,over,3,2.5,Dennis Schroder 3+ 3PM,1,
2bc935db8718852d0f73503b0bcddb91f2622f5c,20260519_163344,2026-05-19T16:33:44-03:00,2026-05-19T19:33:44+00:00,betano,basketball,NBA,props_nba_20260519_163344.csv,New York Knicks Cleveland Cavaliers,new york knicks cleveland cavaliers,Jordan Clarkson,jordan clarkson,Triples (hitos),1+,0.0,2.7,player_threes_hito,3PM,over,1,0.5,Jordan Clarkson 1+ 3PM,1,
07f88f87c2bb518fa0f64718d01f6e318ada6967,20260519_163344,2026-05-19T16:33:44-03:00,2026-05-19T19:33:44+00:00,betano,basketball,NBA,props_nba_20260519_163344.csv,New York Knicks Cleveland Cavaliers,new york knicks cleveland cavaliers,Jordan Clarkson,jordan clarkson,Triples (hitos),2+,0.0,8.5,player_threes_hito,3PM,over,2,1.5,Jordan Clarkson 2+ 3PM,1,
a921079e7432ce5a8c7af5ddd525b540a586197e,20260519_163344,2026-05-19T16:33:44-03:00,2026-05-19T19:33:44+00:00,betano,basketball,NBA,props_nba_20260519_163344.csv,New York Knicks Cleveland Cavaliers,new york knicks cleveland cavaliers,Jordan Clarkson,jordan clarkson,Triples (hitos),3+,0.0,14,player_threes_hito,3PM,over,3,2.5,Jordan Clarkson 3+ 3PM,1,
1c2b17b9794bd1bc801051c27bad2b52a2f1676f,20260519_163344,2026-05-19T16:33:44-03:00,2026-05-19T19:33:44+00:00,betano,basketball,NBA,props_nba_20260519_163344.csv,New York Knicks Cleveland Cavaliers,new york knicks cleveland cavaliers,OG Anunoby,og anunoby,Robos (hitos),1+,0.0,1.23,player_steals_hito,STL,over,1,0.5,OG Anunoby 1+ STL,1,
fa51bdcb4127991628ac90315513603c1f1c2080,20260519_163344,2026-05-19T16:33:44-03:00,2026-05-19T19:33:44+00:00,betano,basketball,NBA,props_nba_20260519_163344.csv,New York Knicks Cleveland Cavaliers,new york knicks cleveland cavaliers,OG Anunoby,og anunoby,Robos (hitos),2+,0.0,2.15,player_steals_hito,STL,over,2,1.5,OG Anunoby 2+ STL,1,
88794d917dc3371489c33926a8706bc735b81cd3,20260519_163344,2026-05-19T16:33:44-03:00,2026-05-19T19:33:44+00:00,betano,basketball,NBA,props_nba_20260519_163344.csv,New York Knicks Cleveland Cavaliers,new york knicks cleveland cavaliers,OG Anunoby,og anunoby,Robos (hitos),3+,0.0,4.5,player_steals_hito,STL,over,3,2.5,OG Anunoby 3+ STL,1,
9170cf2bf5bdaf3488ec313f7bd47c836bf6c466,20260519_163344,2026-05-19T16:33:44-03:00,2026-05-19T19:33:44+00:00,betano,basketball,NBA,props_nba_20260519_163344.csv,New York Knicks Cleveland Cavaliers,new york knicks cleveland cavaliers,OG Anunoby,og anunoby,Robos (hitos),4+,0.0,9.75,player_steals_hito,STL,over,4,3.5,OG Anunoby 4+ STL,1,
0905cb3c977721c23a1c2697cc21b75ede81f7c5,20260519_163344,2026-05-19T16:33:44-03:00,2026-05-19T19:33:44+00:00,betano,basketball,NBA,props_nba_20260519_163344.csv,New York Knicks Cleveland Cavaliers,new york knicks cleveland cavaliers,Josh Hart,josh hart,Robos (hitos),1+,0.0,1.24,player_steals_hito,STL,over,1,0.5,Josh Hart 1+ STL,1,
e8765ea7fa60a6d826bc900c5fe787879665dd29,20260519_163344,2026-05-19T16:33:44-03:00,2026-05-19T19:33:44+00:00,betano,basketball,NBA,props_nba_20260519_163344.csv,New York Knicks Cleveland Cavaliers,new york knicks cleveland cavaliers,Josh Hart,josh hart,Robos (hitos),2+,0.0,2.2,player_steals_hito,STL,over,2,1.5,Josh Hart 2+ STL,1,
5657fa81b9da9eada82437ed2d949e809bf27045,20260519_163344,2026-05-19T16:33:44-03:00,2026-05-19T19:33:44+00:00,betano,basketball,NBA,props_nba_20260519_163344.csv,New York Knicks Cleveland Cavaliers,new york knicks cleveland cavaliers,Josh Hart,josh hart,Robos (hitos),3+,0.0,4.7,player_steals_hito,STL,over,3,2.5,Josh Hart 3+ STL,1,
5e30eff94ad7a156a00df29e0db78260c025daa0,20260519_163344,2026-05-19T16:33:44-03:00,2026-05-19T19:33:44+00:00,betano,basketball,NBA,props_nba_20260519_163344.csv,New York Knicks Cleveland Cavaliers,new york knicks cleveland cavaliers,Josh Hart,josh hart,Robos (hitos),4+,0.0,9.75,player_steals_hito,STL,over,4,3.5,Josh Hart 4+ STL,1,
680a24f46f2107f49fbc55f7bd3d9d2a52a0530c,20260519_163344,2026-05-19T16:33:44-03:00,2026-05-19T19:33:44+00:00,betano,basketball,NBA,props_nba_20260519_163344.csv,New York Knicks Cleveland Cavaliers,new york knicks cleveland cavaliers,James Harden,james harden,Robos (hitos),1+,0.0,1.4,player_steals_hito,STL,over,1,0.5,James Harden 1+ STL,1,
000b042c844d2fb36b6cbe682a90cff8c7739e0e,20260519_163344,2026-05-19T16:33:44-03:00,2026-05-19T19:33:44+00:00,betano,basketball,NBA,props_nba_20260519_163344.csv,New York Knicks Cleveland Cavaliers,new york knicks cleveland cavaliers,James Harden,james harden,Robos (hitos),2+,0.0,2.92,player_steals_hito,STL,over,2,1.5,James Harden 2+ STL,1,
ea0db35b41e4e47483fbf35de3987155d057d679,20260519_163344,2026-05-19T16:33:44-03:00,2026-05-19T19:33:44+00:00,betano,basketball,NBA,props_nba_20260519_163344.csv,New York Knicks Cleveland Cavaliers,new york knicks cleveland cavaliers,James Harden,james harden,Robos (hitos),3+,0.0,7.2,player_steals_hito,STL,over,3,2.5,James Harden 3+ STL,1,
c6a1d9798d4e6ffd7c3c2daa5d28eb68b7392c5d,20260519_163344,2026-05-19T16:33:44-03:00,2026-05-19T19:33:44+00:00,betano,basketball,NBA,props_nba_20260519_163344.csv,New York Knicks Cleveland Cavaliers,new york knicks cleveland cavaliers,James Harden,james harden,Robos (hitos),4+,0.0,14,player_steals_hito,STL,over,4,3.5,James Harden 4+ STL,1,
f67e86844e99bbc536c57c0afe64abbd8d7ed3bc,20260519_163344,2026-05-19T16:33:44-03:00,2026-05-19T19:33:44+00:00,betano,basketball,NBA,props_nba_20260519_163344.csv,New York Knicks Cleveland Cavaliers,new york knicks cleveland cavaliers,Mikal Bridges,mikal bridges,Robos (hitos),1+,0.0,1.42,player_steals_hito,STL,over,1,0.5,Mikal Bridges 1+ STL,1,
a9caf4748a4edef95cde7531e30d7edeb6985965,20260519_163344,2026-05-19T16:33:44-03:00,2026-05-19T19:33:44+00:00,betano,basketball,NBA,props_nba_20260519_163344.csv,New York Knicks Cleveland Cavaliers,new york knicks cleveland cavaliers,Mikal Bridges,mikal bridges,Robos (hitos),2+,0.0,3.05,player_steals_hito,STL,over,2,1.5,Mikal Bridges 2+ STL,1,
a11e779dd2ed0e343121eaadc9afe6695eed0aab,20260519_163344,2026-05-19T16:33:44-03:00,2026-05-19T19:33:44+00:00,betano,basketball,NBA,props_nba_20260519_163344.csv,New York Knicks Cleveland Cavaliers,new york knicks cleveland cavaliers,Mikal Bridges,mikal bridges,Robos (hitos),3+,0.0,7.3,player_steals_hito,STL,over,3,2.5,Mikal Bridges 3+ STL,1,
b6c634d00163200fb1512d6e1d1dec1b58895314,20260519_163344,2026-05-19T16:33:44-03:00,2026-05-19T19:33:44+00:00,betano,basketball,NBA,props_nba_20260519_163344.csv,New York Knicks Cleveland Cavaliers,new york knicks cleveland cavaliers,Mikal Bridges,mikal bridges,Robos (hitos),4+,0.0,14.5,player_steals_hito,STL,over,4,3.5,Mikal Bridges 4+ STL,1,
53d1f80e2d3b244a5cf24c4432d34c824b8b4dc5,20260519_163344,2026-05-19T16:33:44-03:00,2026-05-19T19:33:44+00:00,betano,basketball,NBA,props_nba_20260519_163344.csv,New York Knicks Cleveland Cavaliers,new york knicks cleveland cavaliers,Jalen Brunson,jalen brunson,Robos (hitos),1+,0.0,1.44,player_steals_hito,STL,over,1,0.5,Jalen Brunson 1+ STL,1,
a083b02d593ef273112ae4a25ce9e7bb84d5465c,20260519_163344,2026-05-19T16:33:44-03:00,2026-05-19T19:33:44+00:00,betano,basketball,NBA,props_nba_20260519_163344.csv,New York Knicks Cleveland Cavaliers,new york knicks cleveland cavaliers,Jalen Brunson,jalen brunson,Robos (hitos),2+,0.0,3.15,player_steals_hito,STL,over,2,1.5,Jalen Brunson 2+ STL,1,
b869c9dcb9d86dac3dca37ebdc4add866bb24a1b,20260519_163344,2026-05-19T16:33:44-03:00,2026-05-19T19:33:44+00:00,betano,basketball,NBA,props_nba_20260519_163344.csv,New York Knicks Cleveland Cavaliers,new york knicks cleveland cavaliers,Jalen Brunson,jalen brunson,Robos (hitos),3+,0.0,7.6,player_steals_hito,STL,over,3,2.5,Jalen Brunson 3+ STL,1,
f710fba664ef897489ec6e2b3542db13682b0590,20260519_163344,2026-05-19T16:33:44-03:00,2026-05-19T19:33:44+00:00,betano,basketball,NBA,props_nba_20260519_163344.csv,New York Knicks Cleveland Cavaliers,new york knicks cleveland cavaliers,Jalen Brunson,jalen brunson,Robos (hitos),4+,0.0,14.5,player_steals_hito,STL,over,4,3.5,Jalen Brunson 4+ STL,1,
46afd9206110409fe473c8489b3069d494718d75,20260519_163344,2026-05-19T16:33:44-03:00,2026-05-19T19:33:44+00:00,betano,basketball,NBA,props_nba_20260519_163344.csv,New York Knicks Cleveland Cavaliers,new york knicks cleveland cavaliers,Karl-Anthony Towns,karl anthony towns,Robos (hitos),1+,0.0,1.5,player_steals_hito,STL,over,1,0.5,Karl-Anthony Towns 1+ STL,1,
e0f57851e33c6c4774a1ee8284eac775b4f5d100,20260519_163344,2026-05-19T16:33:44-03:00,2026-05-19T19:33:44+00:00,betano,basketball,NBA,props_nba_20260519_163344.csv,New York Knicks Cleveland Cavaliers,new york knicks cleveland cavaliers,Karl-Anthony Towns,karl anthony towns,Robos (hitos),2+,0.0,3.35,player_steals_hito,STL,over,2,1.5,Karl-Anthony Towns 2+ STL,1,
3412dddbc4d7647b2841c47e875ec78ec81b7fc2,20260519_163344,2026-05-19T16:33:44-03:00,2026-05-19T19:33:44+00:00,betano,basketball,NBA,props_nba_20260519_163344.csv,New York Knicks Cleveland Cavaliers,new york knicks cleveland cavaliers,Karl-Anthony Towns,karl anthony towns,Robos (hitos),3+,0.0,8.25,player_steals_hito,STL,over,3,2.5,Karl-Anthony Towns 3+ STL,1,
0176a14266cf0c67e500c8277a85b0ff7f2c4116,20260519_163344,2026-05-19T16:33:44-03:00,2026-05-19T19:33:44+00:00,betano,basketball,NBA,props_nba_20260519_163344.csv,New York Knicks Cleveland Cavaliers,new york knicks cleveland cavaliers,Karl-Anthony Towns,karl anthony towns,Robos (hitos),4+,0.0,15,player_steals_hito,STL,over,4,3.5,Karl-Anthony Towns 4+ STL,1,
7cf732d46d2f8994c7d31ee80b96e926665f0895,20260519_163344,2026-05-19T16:33:44-03:00,2026-05-19T19:33:44+00:00,betano,basketball,NBA,props_nba_20260519_163344.csv,New York Knicks Cleveland Cavaliers,new york knicks cleveland cavaliers,Donovan Mitchell,donovan mitchell,Robos (hitos),1+,0.0,1.62,player_steals_hito,STL,over,1,0.5,Donovan Mitchell 1+ STL,1,
f1311042bf2c3aa4e9b4b7fb9d0b257519297a4a,20260519_163344,2026-05-19T16:33:44-03:00,2026-05-19T19:33:44+00:00,betano,basketball,NBA,props_nba_20260519_163344.csv,New York Knicks Cleveland Cavaliers,new york knicks cleveland cavaliers,Donovan Mitchell,donovan mitchell,Robos (hitos),2+,0.0,4,player_steals_hito,STL,over,2,1.5,Donovan Mitchell 2+ STL,1,
eebee41b5e3623848cf9bda48ba98eff3d3b45b0,20260519_163344,2026-05-19T16:33:44-03:00,2026-05-19T19:33:44+00:00,betano,basketball,NBA,props_nba_20260519_163344.csv,New York Knicks Cleveland Cavaliers,new york knicks cleveland cavaliers,Donovan Mitchell,donovan mitchell,Robos (hitos),3+,0.0,10.25,player_steals_hito,STL,over,3,2.5,Donovan Mitchell 3+ STL,1,
b22c3062675240e3b01aaffe71d324643cd6a2fa,20260519_163344,2026-05-19T16:33:44-03:00,2026-05-19T19:33:44+00:00,betano,basketball,NBA,props_nba_20260519_163344.csv,New York Knicks Cleveland Cavaliers,new york knicks cleveland cavaliers,Donovan Mitchell,donovan mitchell,Robos (hitos),4+,0.0,17,player_steals_hito,STL,over,4,3.5,Donovan Mitchell 4+ STL,1,
0b33ed810bd26e27ad588e822bb6199ab863deb5,20260519_163344,2026-05-19T16:33:44-03:00,2026-05-19T19:33:44+00:00,betano,basketball,NBA,props_nba_20260519_163344.csv,New York Knicks Cleveland Cavaliers,new york knicks cleveland cavaliers,Mitchell Robinson,mitchell robinson,Robos (hitos),1+,0.0,1.72,player_steals_hito,STL,over,1,0.5,Mitchell Robinson 1+ STL,1,
fcdfa5b9b97b4276b825aaf8647743f9748ba42a,20260519_163344,2026-05-19T16:33:44-03:00,2026-05-19T19:33:44+00:00,betano,basketball,NBA,props_nba_20260519_163344.csv,New York Knicks Cleveland Cavaliers,new york knicks cleveland cavaliers,Mitchell Robinson,mitchell robinson,Robos (hitos),2+,0.0,4.4,player_steals_hito,STL,over,2,1.5,Mitchell Robinson 2+ STL,1,
5a820907a3daa6bb3480ea2c41958ef88b725a8b,20260519_163344,2026-05-19T16:33:44-03:00,2026-05-19T19:33:44+00:00,betano,basketball,NBA,props_nba_20260519_163344.csv,New York Knicks Cleveland Cavaliers,new york knicks cleveland cavaliers,Mitchell Robinson,mitchell robinson,Robos (hitos),3+,0.0,11.25,player_steals_hito,STL,over,3,2.5,Mitchell Robinson 3+ STL,1,
9442ed372e1b7f0b0ca9342f636b9f485b2f44d3,20260519_163344,2026-05-19T16:33:44-03:00,2026-05-19T19:33:44+00:00,betano,basketball,NBA,props_nba_20260519_163344.csv,New York Knicks Cleveland Cavaliers,new york knicks cleveland cavaliers,Mitchell Robinson,mitchell robinson,Robos (hitos),4+,0.0,18,player_steals_hito,STL,over,4,3.5,Mitchell Robinson 4+ STL,1,
2ca5f8021fa73db67c11a590d13437020abbf15d,20260519_163344,2026-05-19T16:33:44-03:00,2026-05-19T19:33:44+00:00,betano,basketball,NBA,props_nba_20260519_163344.csv,New York Knicks Cleveland Cavaliers,new york knicks cleveland cavaliers,Evan Mobley,evan mobley,Robos (hitos),1+,0.0,1.75,player_steals_hito,STL,over,1,0.5,Evan Mobley 1+ STL,1,
2d2237daae2dd4b521a1c91536b6b46cd5229bc9,20260519_163344,2026-05-19T16:33:44-03:00,2026-05-19T19:33:44+00:00,betano,basketball,NBA,props_nba_20260519_163344.csv,New York Knicks Cleveland Cavaliers,new york knicks cleveland cavaliers,Evan Mobley,evan mobley,Robos (hitos),2+,0.0,4.55,player_steals_hito,STL,over,2,1.5,Evan Mobley 2+ STL,1,
b6b0d2b7aa8bc3cd395562f0b7f9802e098d7fb2,20260519_163344,2026-05-19T16:33:44-03:00,2026-05-19T19:33:44+00:00,betano,basketball,NBA,props_nba_20260519_163344.csv,New York Knicks Cleveland Cavaliers,new york knicks cleveland cavaliers,Evan Mobley,evan mobley,Robos (hitos),3+,0.0,11.5,player_steals_hito,STL,over,3,2.5,Evan Mobley 3+ STL,1,
5a0b627ff946b1165cd3512cbd830d1b96028829,20260519_163344,2026-05-19T16:33:44-03:00,2026-05-19T19:33:44+00:00,betano,basketball,NBA,props_nba_20260519_163344.csv,New York Knicks Cleveland Cavaliers,new york knicks cleveland cavaliers,Evan Mobley,evan mobley,Robos (hitos),4+,0.0,18,player_steals_hito,STL,over,4,3.5,Evan Mobley 4+ STL,1,
4500511b3ec9562c2b9fc7d28a678804a57a8c87,20260519_163344,2026-05-19T16:33:44-03:00,2026-05-19T19:33:44+00:00,betano,basketball,NBA,props_nba_20260519_163344.csv,New York Knicks Cleveland Cavaliers,new york knicks cleveland cavaliers,Jarrett Allen,jarrett allen,Robos (hitos),1+,0.0,1.75,player_steals_hito,STL,over,1,0.5,Jarrett Allen 1+ STL,1,
d23f6d66ddcdbe0661df390b8817203fc37c30db,20260519_163344,2026-05-19T16:33:44-03:00,2026-05-19T19:33:44+00:00,betano,basketball,NBA,props_nba_20260519_163344.csv,New York Knicks Cleveland Cavaliers,new york knicks cleveland cavaliers,Jarrett Allen,jarrett allen,Robos (hitos),2+,0.0,4.65,player_steals_hito,STL,over,2,1.5,Jarrett Allen 2+ STL,1,
f1aa4ae1cd06c823a905c620f0c97a127f09aae8,20260519_163344,2026-05-19T16:33:44-03:00,2026-05-19T19:33:44+00:00,betano,basketball,NBA,props_nba_20260519_163344.csv,New York Knicks Cleveland Cavaliers,new york knicks cleveland cavaliers,Jarrett Allen,jarrett allen,Robos (hitos),3+,0.0,11.5,player_steals_hito,STL,over,3,2.5,Jarrett Allen 3+ STL,1,
d5862a04ff82b7d926c9eb7a8696e7d773ea4b79,20260519_163344,2026-05-19T16:33:44-03:00,2026-05-19T19:33:44+00:00,betano,basketball,NBA,props_nba_20260519_163344.csv,New York Knicks Cleveland Cavaliers,new york knicks cleveland cavaliers,Jarrett Allen,jarrett allen,Robos (hitos),4+,0.0,17.5,player_steals_hito,STL,over,4,3.5,Jarrett Allen 4+ STL,1,
03f4677996b3049a860cdcb3b2460a1f77eb5b28,20260519_163344,2026-05-19T16:33:44-03:00,2026-05-19T19:33:44+00:00,betano,basketball,NBA,props_nba_20260519_163344.csv,New York Knicks Cleveland Cavaliers,new york knicks cleveland cavaliers,Miles McBride,miles mcbride,Robos (hitos),1+,0.0,1.75,player_steals_hito,STL,over,1,0.5,Miles McBride 1+ STL,1,
679fd38c12a14da83605926f72abf7ab8d70b3b5,20260519_163344,2026-05-19T16:33:44-03:00,2026-05-19T19:33:44+00:00,betano,basketball,NBA,props_nba_20260519_163344.csv,New York Knicks Cleveland Cavaliers,new york knicks cleveland cavaliers,Miles McBride,miles mcbride,Robos (hitos),2+,0.0,4.75,player_steals_hito,STL,over,2,1.5,Miles McBride 2+ STL,1,
07ed2a7ee075a054b4444f598a804d575c4429ac,20260519_163344,2026-05-19T16:33:44-03:00,2026-05-19T19:33:44+00:00,betano,basketball,NBA,props_nba_20260519_163344.csv,New York Knicks Cleveland Cavaliers,new york knicks cleveland cavaliers,Miles McBride,miles mcbride,Robos (hitos),3+,0.0,11.75,player_steals_hito,STL,over,3,2.5,Miles McBride 3+ STL,1,
9cf27f4f1619cda321bb9732b184f457421fc175,20260519_163344,2026-05-19T16:33:44-03:00,2026-05-19T19:33:44+00:00,betano,basketball,NBA,props_nba_20260519_163344.csv,New York Knicks Cleveland Cavaliers,new york knicks cleveland cavaliers,Miles McBride,miles mcbride,Robos (hitos),4+,0.0,18,player_steals_hito,STL,over,4,3.5,Miles McBride 4+ STL,1,
8cf767a958b51779f217c564630796a451810555,20260519_163344,2026-05-19T16:33:44-03:00,2026-05-19T19:33:44+00:00,betano,basketball,NBA,props_nba_20260519_163344.csv,New York Knicks Cleveland Cavaliers,new york knicks cleveland cavaliers,Max Strus,max strus,Robos (hitos),1+,0.0,1.95,player_steals_hito,STL,over,1,0.5,Max Strus 1+ STL,1,
08ef674b8881785b7f7cdbdc4fcd936e2430a3a6,20260519_163344,2026-05-19T16:33:44-03:00,2026-05-19T19:33:44+00:00,betano,basketball,NBA,props_nba_20260519_163344.csv,New York Knicks Cleveland Cavaliers,new york knicks cleveland cavaliers,Max Strus,max strus,Robos (hitos),2+,0.0,5.7,player_steals_hito,STL,over,2,1.5,Max Strus 2+ STL,1,
ed961d37355984118b641820f327aecaed982e25,20260519_163344,2026-05-19T16:33:44-03:00,2026-05-19T19:33:44+00:00,betano,basketball,NBA,props_nba_20260519_163344.csv,New York Knicks Cleveland Cavaliers,new york knicks cleveland cavaliers,Max Strus,max strus,Robos (hitos),3+,0.0,14,player_steals_hito,STL,over,3,2.5,Max Strus 3+ STL,1,
8cff5634006f298ac1dd57fa72357c73297ec025,20260519_163344,2026-05-19T16:33:44-03:00,2026-05-19T19:33:44+00:00,betano,basketball,NBA,props_nba_20260519_163344.csv,New York Knicks Cleveland Cavaliers,new york knicks cleveland cavaliers,Sam Merrill,sam merrill,Robos (hitos),1+,0.0,2.35,player_steals_hito,STL,over,1,0.5,Sam Merrill 1+ STL,1,
100fe61a95000c1d2752da0d9d9b273e69e7f746,20260519_163344,2026-05-19T16:33:44-03:00,2026-05-19T19:33:44+00:00,betano,basketball,NBA,props_nba_20260519_163344.csv,New York Knicks Cleveland Cavaliers,new york knicks cleveland cavaliers,Sam Merrill,sam merrill,Robos (hitos),2+,0.0,7.9,player_steals_hito,STL,over,2,1.5,Sam Merrill 2+ STL,1,
ab4cc11786c15523dbe4fa8cbdae3bd61fcbfd8d,20260519_163344,2026-05-19T16:33:44-03:00,2026-05-19T19:33:44+00:00,betano,basketball,NBA,props_nba_20260519_163344.csv,New York Knicks Cleveland Cavaliers,new york knicks cleveland cavaliers,Sam Merrill,sam merrill,Robos (hitos),3+,0.0,16.5,player_steals_hito,STL,over,3,2.5,Sam Merrill 3+ STL,1,
707c56dc161f2b4ebd2c16d491c8238edd908826,20260519_163344,2026-05-19T16:33:44-03:00,2026-05-19T19:33:44+00:00,betano,basketball,NBA,props_nba_20260519_163344.csv,New York Knicks Cleveland Cavaliers,new york knicks cleveland cavaliers,Dean Wade,dean wade,Robos (hitos),1+,0.0,2.42,player_steals_hito,STL,over,1,0.5,Dean Wade 1+ STL,1,
d90305b2363a415bbbd376371baf078b89956205,20260519_163344,2026-05-19T16:33:44-03:00,2026-05-19T19:33:44+00:00,betano,basketball,NBA,props_nba_20260519_163344.csv,New York Knicks Cleveland Cavaliers,new york knicks cleveland cavaliers,Dean Wade,dean wade,Robos (hitos),2+,0.0,8,player_steals_hito,STL,over,2,1.5,Dean Wade 2+ STL,1,
e78d03854a66ba12f2e9ad29c0b659637aea3b57,20260519_163344,2026-05-19T16:33:44-03:00,2026-05-19T19:33:44+00:00,betano,basketball,NBA,props_nba_20260519_163344.csv,New York Knicks Cleveland Cavaliers,new york knicks cleveland cavaliers,Dean Wade,dean wade,Robos (hitos),3+,0.0,16.5,player_steals_hito,STL,over,3,2.5,Dean Wade 3+ STL,1,
1ca693b9c30f9e0740b732b58941d99b657d5f32,20260519_163344,2026-05-19T16:33:44-03:00,2026-05-19T19:33:44+00:00,betano,basketball,NBA,props_nba_20260519_163344.csv,New York Knicks Cleveland Cavaliers,new york knicks cleveland cavaliers,Jose Alvarado,jose alvarado,Robos (hitos),1+,0.0,2.5,player_steals_hito,STL,over,1,0.5,Jose Alvarado 1+ STL,1,
cf5329a769cb8fe4bdc2d3b60bb690d7a03fd209,20260519_163344,2026-05-19T16:33:44-03:00,2026-05-19T19:33:44+00:00,betano,basketball,NBA,props_nba_20260519_163344.csv,New York Knicks Cleveland Cavaliers,new york knicks cleveland cavaliers,Jose Alvarado,jose alvarado,Robos (hitos),2+,0.0,8.5,player_steals_hito,STL,over,2,1.5,Jose Alvarado 2+ STL,1,
55f611f4f811d1f6693ac3fe512ff9d86609b007,20260519_163344,2026-05-19T16:33:44-03:00,2026-05-19T19:33:44+00:00,betano,basketball,NBA,props_nba_20260519_163344.csv,New York Knicks Cleveland Cavaliers,new york knicks cleveland cavaliers,Jose Alvarado,jose alvarado,Robos (hitos),3+,0.0,17,player_steals_hito,STL,over,3,2.5,Jose Alvarado 3+ STL,1,
5d67a01c79f685d5fb00115d63eb5298d7353e68,20260519_163344,2026-05-19T16:33:44-03:00,2026-05-19T19:33:44+00:00,betano,basketball,NBA,props_nba_20260519_163344.csv,New York Knicks Cleveland Cavaliers,new york knicks cleveland cavaliers,Dennis Schroder,dennis schroder,Robos (hitos),1+,0.0,2.9,player_steals_hito,STL,over,1,0.5,Dennis Schroder 1+ STL,1,
547634ca6e884f0581aacf88f56881d01c90c567,20260519_163344,2026-05-19T16:33:44-03:00,2026-05-19T19:33:44+00:00,betano,basketball,NBA,props_nba_20260519_163344.csv,New York Knicks Cleveland Cavaliers,new york knicks cleveland cavaliers,Dennis Schroder,dennis schroder,Robos (hitos),2+,0.0,10.25,player_steals_hito,STL,over,2,1.5,Dennis Schroder 2+ STL,1,
0e097fbb815128f06989da4e9c5bd6b2afd3ae7b,20260519_163344,2026-05-19T16:33:44-03:00,2026-05-19T19:33:44+00:00,betano,basketball,NBA,props_nba_20260519_163344.csv,New York Knicks Cleveland Cavaliers,new york knicks cleveland cavaliers,Dennis Schroder,dennis schroder,Robos (hitos),3+,0.0,18,player_steals_hito,STL,over,3,2.5,Dennis Schroder 3+ STL,1,
ed0d034d8977609b7df98277f05bcd824c254aed,20260519_163344,2026-05-19T16:33:44-03:00,2026-05-19T19:33:44+00:00,betano,basketball,NBA,props_nba_20260519_163344.csv,New York Knicks Cleveland Cavaliers,new york knicks cleveland cavaliers,Jordan Clarkson,jordan clarkson,Robos (hitos),1+,0.0,3.15,player_steals_hito,STL,over,1,0.5,Jordan Clarkson 1+ STL,1,
3ebcf853c02b680edcf0837be543c05786fb28df,20260519_163344,2026-05-19T16:33:44-03:00,2026-05-19T19:33:44+00:00,betano,basketball,NBA,props_nba_20260519_163344.csv,New York Knicks Cleveland Cavaliers,new york knicks cleveland cavaliers,Jordan Clarkson,jordan clarkson,Robos (hitos),2+,0.0,11.5,player_steals_hito,STL,over,2,1.5,Jordan Clarkson 2+ STL,1,
1a9defb3846a2aff902fdb77a704cfd627eddc0f,20260519_163344,2026-05-19T16:33:44-03:00,2026-05-19T19:33:44+00:00,betano,basketball,NBA,props_nba_20260519_163344.csv,New York Knicks Cleveland Cavaliers,new york knicks cleveland cavaliers,Evan Mobley,evan mobley,Tapones (hitos),1+,0.0,1.12,player_blocks_hito,BLK,over,1,0.5,Evan Mobley 1+ BLK,1,
19c566c8998c950e37ccd9f281d4bf14975cdd95,20260519_163344,2026-05-19T16:33:44-03:00,2026-05-19T19:33:44+00:00,betano,basketball,NBA,props_nba_20260519_163344.csv,New York Knicks Cleveland Cavaliers,new york knicks cleveland cavaliers,Evan Mobley,evan mobley,Tapones (hitos),2+,0.0,1.67,player_blocks_hito,BLK,over,2,1.5,Evan Mobley 2+ BLK,1,
7acf8968a1332242b35d763b05c00970a8221b01,20260519_163344,2026-05-19T16:33:44-03:00,2026-05-19T19:33:44+00:00,betano,basketball,NBA,props_nba_20260519_163344.csv,New York Knicks Cleveland Cavaliers,new york knicks cleveland cavaliers,Evan Mobley,evan mobley,Tapones (hitos),3+,0.0,3.05,player_blocks_hito,BLK,over,3,2.5,Evan Mobley 3+ BLK,1,
d42951ddcac6871f33827492bea899f73cc962cc,20260519_163344,2026-05-19T16:33:44-03:00,2026-05-19T19:33:44+00:00,betano,basketball,NBA,props_nba_20260519_163344.csv,New York Knicks Cleveland Cavaliers,new york knicks cleveland cavaliers,Evan Mobley,evan mobley,Tapones (hitos),4+,0.0,6.2,player_blocks_hito,BLK,over,4,3.5,Evan Mobley 4+ BLK,1,
56961b8d926b92428a0bcb4ba54cacac3564005e,20260519_163344,2026-05-19T16:33:44-03:00,2026-05-19T19:33:44+00:00,betano,basketball,NBA,props_nba_20260519_163344.csv,New York Knicks Cleveland Cavaliers,new york knicks cleveland cavaliers,Jarrett Allen,jarrett allen,Tapones (hitos),1+,0.0,1.28,player_blocks_hito,BLK,over,1,0.5,Jarrett Allen 1+ BLK,1,
b9f8f3d77e56b024ac9f80950167d6858b278b08,20260519_163344,2026-05-19T16:33:44-03:00,2026-05-19T19:33:44+00:00,betano,basketball,NBA,props_nba_20260519_163344.csv,New York Knicks Cleveland Cavaliers,new york knicks cleveland cavaliers,Jarrett Allen,jarrett allen,Tapones (hitos),2+,0.0,2.35,player_blocks_hito,BLK,over,2,1.5,Jarrett Allen 2+ BLK,1,
9099fc6808a59da468bd94b9b37347b9aec4efd9,20260519_163344,2026-05-19T16:33:44-03:00,2026-05-19T19:33:44+00:00,betano,basketball,NBA,props_nba_20260519_163344.csv,New York Knicks Cleveland Cavaliers,new york knicks cleveland cavaliers,Jarrett Allen,jarrett allen,Tapones (hitos),3+,0.0,5.2,player_blocks_hito,BLK,over,3,2.5,Jarrett Allen 3+ BLK,1,
64be85fc64392b2c2893c109fdf5d13589644234,20260519_163344,2026-05-19T16:33:44-03:00,2026-05-19T19:33:44+00:00,betano,basketball,NBA,props_nba_20260519_163344.csv,New York Knicks Cleveland Cavaliers,new york knicks cleveland cavaliers,Jarrett Allen,jarrett allen,Tapones (hitos),4+,0.0,11,player_blocks_hito,BLK,over,4,3.5,Jarrett Allen 4+ BLK,1,
743450b343e1ebdc7cb7797a11e2fe32a13cb868,20260519_163344,2026-05-19T16:33:44-03:00,2026-05-19T19:33:44+00:00,betano,basketball,NBA,props_nba_20260519_163344.csv,New York Knicks Cleveland Cavaliers,new york knicks cleveland cavaliers,Karl-Anthony Towns,karl anthony towns,Tapones (hitos),1+,0.0,1.47,player_blocks_hito,BLK,over,1,0.5,Karl-Anthony Towns 1+ BLK,1,
52515ceff75b9fa1c8fda4e4876d8916f5896eaf,20260519_163344,2026-05-19T16:33:44-03:00,2026-05-19T19:33:44+00:00,betano,basketball,NBA,props_nba_20260519_163344.csv,New York Knicks Cleveland Cavaliers,new york knicks cleveland cavaliers,Karl-Anthony Towns,karl anthony towns,Tapones (hitos),2+,0.0,3.25,player_blocks_hito,BLK,over,2,1.5,Karl-Anthony Towns 2+ BLK,1,
af57f1708e5dd5df9e662cd257e7acb8d4523a4d,20260519_163344,2026-05-19T16:33:44-03:00,2026-05-19T19:33:44+00:00,betano,basketball,NBA,props_nba_20260519_163344.csv,New York Knicks Cleveland Cavaliers,new york knicks cleveland cavaliers,Karl-Anthony Towns,karl anthony towns,Tapones (hitos),3+,0.0,7.9,player_blocks_hito,BLK,over,3,2.5,Karl-Anthony Towns 3+ BLK,1,
c14b6b10b1cf8f0005bfeeedde30f6b4d8f92842,20260519_163344,2026-05-19T16:33:44-03:00,2026-05-19T19:33:44+00:00,betano,basketball,NBA,props_nba_20260519_163344.csv,New York Knicks Cleveland Cavaliers,new york knicks cleveland cavaliers,Karl-Anthony Towns,karl anthony towns,Tapones (hitos),4+,0.0,15,player_blocks_hito,BLK,over,4,3.5,Karl-Anthony Towns 4+ BLK,1,
1ac91e4b45f65632b701f20f15159af54fb601cc,20260519_163344,2026-05-19T16:33:44-03:00,2026-05-19T19:33:44+00:00,betano,basketball,NBA,props_nba_20260519_163344.csv,New York Knicks Cleveland Cavaliers,new york knicks cleveland cavaliers,Mitchell Robinson,mitchell robinson,Tapones (hitos),1+,0.0,1.55,player_blocks_hito,BLK,over,1,0.5,Mitchell Robinson 1+ BLK,1,
8d5f7f94964e1adeb340481f850ebd15bc83f6ce,20260519_163344,2026-05-19T16:33:44-03:00,2026-05-19T19:33:44+00:00,betano,basketball,NBA,props_nba_20260519_163344.csv,New York Knicks Cleveland Cavaliers,new york knicks cleveland cavaliers,Mitchell Robinson,mitchell robinson,Tapones (hitos),2+,0.0,3.65,player_blocks_hito,BLK,over,2,1.5,Mitchell Robinson 2+ BLK,1,
e3e4a32925ea369d2c5f38127ccf57daadb1a2ca,20260519_163344,2026-05-19T16:33:44-03:00,2026-05-19T19:33:44+00:00,betano,basketball,NBA,props_nba_20260519_163344.csv,New York Knicks Cleveland Cavaliers,new york knicks cleveland cavaliers,Mitchell Robinson,mitchell robinson,Tapones (hitos),3+,0.0,9.25,player_blocks_hito,BLK,over,3,2.5,Mitchell Robinson 3+ BLK,1,
a633b0fc0cc1d3da766170ed5c29869d2de7fe67,20260519_163344,2026-05-19T16:33:44-03:00,2026-05-19T19:33:44+00:00,betano,basketball,NBA,props_nba_20260519_163344.csv,New York Knicks Cleveland Cavaliers,new york knicks cleveland cavaliers,Mitchell Robinson,mitchell robinson,Tapones (hitos),4+,0.0,16,player_blocks_hito,BLK,over,4,3.5,Mitchell Robinson 4+ BLK,1,
8e5ef48eb8c31bc244f556489f2f0899832f3de0,20260519_163344,2026-05-19T16:33:44-03:00,2026-05-19T19:33:44+00:00,betano,basketball,NBA,props_nba_20260519_163344.csv,New York Knicks Cleveland Cavaliers,new york knicks cleveland cavaliers,OG Anunoby,og anunoby,Tapones (hitos),1+,0.0,1.65,player_blocks_hito,BLK,over,1,0.5,OG Anunoby 1+ BLK,1,
28e7e32cc9a41ea200dd7a20a00999c21d4d3805,20260519_163344,2026-05-19T16:33:44-03:00,2026-05-19T19:33:44+00:00,betano,basketball,NBA,props_nba_20260519_163344.csv,New York Knicks Cleveland Cavaliers,new york knicks cleveland cavaliers,OG Anunoby,og anunoby,Tapones (hitos),2+,0.0,4.15,player_blocks_hito,BLK,over,2,1.5,OG Anunoby 2+ BLK,1,
56955255fd4a04678cf1c76bc1fb371e4dc92aa1,20260519_163344,2026-05-19T16:33:44-03:00,2026-05-19T19:33:44+00:00,betano,basketball,NBA,props_nba_20260519_163344.csv,New York Knicks Cleveland Cavaliers,new york knicks cleveland cavaliers,OG Anunoby,og anunoby,Tapones (hitos),3+,0.0,10.5,player_blocks_hito,BLK,over,3,2.5,OG Anunoby 3+ BLK,1,
cd0bb5d57ed9d946d870a4340f17387037ab1929,20260519_163344,2026-05-19T16:33:44-03:00,2026-05-19T19:33:44+00:00,betano,basketball,NBA,props_nba_20260519_163344.csv,New York Knicks Cleveland Cavaliers,new york knicks cleveland cavaliers,OG Anunoby,og anunoby,Tapones (hitos),4+,0.0,17.5,player_blocks_hito,BLK,over,4,3.5,OG Anunoby 4+ BLK,1,
36ca22aff0ea8d9ec287a5f107fcb026241927c8,20260519_163344,2026-05-19T16:33:44-03:00,2026-05-19T19:33:44+00:00,betano,basketball,NBA,props_nba_20260519_163344.csv,New York Knicks Cleveland Cavaliers,new york knicks cleveland cavaliers,James Harden,james harden,Tapones (hitos),1+,0.0,2.07,player_blocks_hito,BLK,over,1,0.5,James Harden 1+ BLK,1,
d8189d4769b2a1a950f573ec20f8985f02a217ce,20260519_163344,2026-05-19T16:33:44-03:00,2026-05-19T19:33:44+00:00,betano,basketball,NBA,props_nba_20260519_163344.csv,New York Knicks Cleveland Cavaliers,new york knicks cleveland cavaliers,James Harden,james harden,Tapones (hitos),2+,0.0,6.4,player_blocks_hito,BLK,over,2,1.5,James Harden 2+ BLK,1,
a4d5b455a9210b8976f34559c2f90fce46e5eabd,20260519_163344,2026-05-19T16:33:44-03:00,2026-05-19T19:33:44+00:00,betano,basketball,NBA,props_nba_20260519_163344.csv,New York Knicks Cleveland Cavaliers,new york knicks cleveland cavaliers,James Harden,james harden,Tapones (hitos),3+,0.0,14.5,player_blocks_hito,BLK,over,3,2.5,James Harden 3+ BLK,1,
a6ba8711d05e439a43f97ba7eb33442d2043fe06,20260519_163344,2026-05-19T16:33:44-03:00,2026-05-19T19:33:44+00:00,betano,basketball,NBA,props_nba_20260519_163344.csv,New York Knicks Cleveland Cavaliers,new york knicks cleveland cavaliers,Mikal Bridges,mikal bridges,Tapones (hitos),1+,0.0,2.25,player_blocks_hito,BLK,over,1,0.5,Mikal Bridges 1+ BLK,1,
52e2302479ebe9d7fc7dfb5c66d1cf4f22d5c87e,20260519_163344,2026-05-19T16:33:44-03:00,2026-05-19T19:33:44+00:00,betano,basketball,NBA,props_nba_20260519_163344.csv,New York Knicks Cleveland Cavaliers,new york knicks cleveland cavaliers,Mikal Bridges,mikal bridges,Tapones (hitos),2+,0.0,7.1,player_blocks_hito,BLK,over,2,1.5,Mikal Bridges 2+ BLK,1,
23d90fb6095b2cd1f2e5dfb846a5031b8733afbd,20260519_163344,2026-05-19T16:33:44-03:00,2026-05-19T19:33:44+00:00,betano,basketball,NBA,props_nba_20260519_163344.csv,New York Knicks Cleveland Cavaliers,new york knicks cleveland cavaliers,Mikal Bridges,mikal bridges,Tapones (hitos),3+,0.0,16,player_blocks_hito,BLK,over,3,2.5,Mikal Bridges 3+ BLK,1,
a36e8f46647419b8441503550e7d475cc0495e65,20260519_163344,2026-05-19T16:33:44-03:00,2026-05-19T19:33:44+00:00,betano,basketball,NBA,props_nba_20260519_163344.csv,New York Knicks Cleveland Cavaliers,new york knicks cleveland cavaliers,Josh Hart,josh hart,Tapones (hitos),1+,0.0,3.3,player_blocks_hito,BLK,over,1,0.5,Josh Hart 1+ BLK,1,
9c78ee203d925d97fef06c1dd73db4c2be896e31,20260519_163344,2026-05-19T16:33:44-03:00,2026-05-19T19:33:44+00:00,betano,basketball,NBA,props_nba_20260519_163344.csv,New York Knicks Cleveland Cavaliers,new york knicks cleveland cavaliers,Josh Hart,josh hart,Tapones (hitos),2+,0.0,12,player_blocks_hito,BLK,over,2,1.5,Josh Hart 2+ BLK,1,
af55f43c86696b6fa7fce4d23138986001ac7000,20260519_163344,2026-05-19T16:33:44-03:00,2026-05-19T19:33:44+00:00,betano,basketball,NBA,props_nba_20260519_163344.csv,New York Knicks Cleveland Cavaliers,new york knicks cleveland cavaliers,Donovan Mitchell,donovan mitchell,Tapones (hitos),1+,0.0,3.4,player_blocks_hito,BLK,over,1,0.5,Donovan Mitchell 1+ BLK,1,
d7164f38bf5501e29519c974fad528c50109167b,20260519_163344,2026-05-19T16:33:44-03:00,2026-05-19T19:33:44+00:00,betano,basketball,NBA,props_nba_20260519_163344.csv,New York Knicks Cleveland Cavaliers,new york knicks cleveland cavaliers,Donovan Mitchell,donovan mitchell,Tapones (hitos),2+,0.0,12.5,player_blocks_hito,BLK,over,2,1.5,Donovan Mitchell 2+ BLK,1,
1935c0366c107dea7a0eedb62139a0709b8255f0,20260519_163344,2026-05-19T16:33:44-03:00,2026-05-19T19:33:44+00:00,betano,basketball,NBA,props_nba_20260519_163344.csv,New York Knicks Cleveland Cavaliers,new york knicks cleveland cavaliers,Max Strus,max strus,Tapones (hitos),1+,0.0,3.65,player_blocks_hito,BLK,over,1,0.5,Max Strus 1+ BLK,1,
66142da8e9d18dca626c6d642d82bb32d28941de,20260519_163344,2026-05-19T16:33:44-03:00,2026-05-19T19:33:44+00:00,betano,basketball,NBA,props_nba_20260519_163344.csv,New York Knicks Cleveland Cavaliers,new york knicks cleveland cavaliers,Max Strus,max strus,Tapones (hitos),2+,0.0,13,player_blocks_hito,BLK,over,2,1.5,Max Strus 2+ BLK,1,
6df6699669a0d8804cef2681b1044d6f948a65fb,20260519_163344,2026-05-19T16:33:44-03:00,2026-05-19T19:33:44+00:00,betano,basketball,NBA,props_nba_20260519_163344.csv,New York Knicks Cleveland Cavaliers,new york knicks cleveland cavaliers,Dean Wade,dean wade,Tapones (hitos),1+,0.0,4.5,player_blocks_hito,BLK,over,1,0.5,Dean Wade 1+ BLK,1,
e2d9dc86c7ec1a1691bd42c7d95d4296a635f8bb,20260519_163344,2026-05-19T16:33:44-03:00,2026-05-19T19:33:44+00:00,betano,basketball,NBA,props_nba_20260519_163344.csv,New York Knicks Cleveland Cavaliers,new york knicks cleveland cavaliers,Dean Wade,dean wade,Tapones (hitos),2+,0.0,15.5,player_blocks_hito,BLK,over,2,1.5,Dean Wade 2+ BLK,1,
e86185e40dac5ac2413df73c88b6ef773681bc16,20260519_163344,2026-05-19T16:33:44-03:00,2026-05-19T19:33:44+00:00,betano,basketball,NBA,props_nba_20260519_163344.csv,New York Knicks Cleveland Cavaliers,new york knicks cleveland cavaliers,Jalen Brunson,jalen brunson,Tapones (hitos),1+,0.0,5.1,player_blocks_hito,BLK,over,1,0.5,Jalen Brunson 1+ BLK,1,
a2653b149081ad622fec552abde68d620d1ddfbe,20260519_163344,2026-05-19T16:33:44-03:00,2026-05-19T19:33:44+00:00,betano,basketball,NBA,props_nba_20260519_163344.csv,New York Knicks Cleveland Cavaliers,new york knicks cleveland cavaliers,Jalen Brunson,jalen brunson,Tapones (hitos),2+,0.0,16.5,player_blocks_hito,BLK,over,2,1.5,Jalen Brunson 2+ BLK,1,
9b22b7f7405b8f6c15309990f7329e47a6e84571,20260519_163344,2026-05-19T16:33:44-03:00,2026-05-19T19:33:44+00:00,betano,basketball,NBA,props_nba_20260519_163344.csv,New York Knicks Cleveland Cavaliers,new york knicks cleveland cavaliers,Dennis Schroder,dennis schroder,Tapones (hitos),1+,0.0,5.3,player_blocks_hito,BLK,over,1,0.5,Dennis Schroder 1+ BLK,1,
9c041356c1da3cdbebdef7fcf5fe51e0815344cd,20260519_163344,2026-05-19T16:33:44-03:00,2026-05-19T19:33:44+00:00,betano,basketball,NBA,props_nba_20260519_163344.csv,New York Knicks Cleveland Cavaliers,new york knicks cleveland cavaliers,Dennis Schroder,dennis schroder,Tapones (hitos),2+,0.0,17,player_blocks_hito,BLK,over,2,1.5,Dennis Schroder 2+ BLK,1,
6344c05f342465ea13b8418e9d53fcfcb843212b,20260519_163344,2026-05-19T16:33:44-03:00,2026-05-19T19:33:44+00:00,betano,basketball,NBA,props_nba_20260519_163344.csv,New York Knicks Cleveland Cavaliers,new york knicks cleveland cavaliers,Miles McBride,miles mcbride,Tapones (hitos),1+,0.0,5.3,player_blocks_hito,BLK,over,1,0.5,Miles McBride 1+ BLK,1,
1cfd4c13e3ca642fba2544fa2926cfa6afc4e5db,20260519_163344,2026-05-19T16:33:44-03:00,2026-05-19T19:33:44+00:00,betano,basketball,NBA,props_nba_20260519_163344.csv,New York Knicks Cleveland Cavaliers,new york knicks cleveland cavaliers,Miles McBride,miles mcbride,Tapones (hitos),2+,0.0,17,player_blocks_hito,BLK,over,2,1.5,Miles McBride 2+ BLK,1,
b66b3e77c5b60f938ff5efe03631c2626be6d9e8,20260519_163344,2026-05-19T16:33:44-03:00,2026-05-19T19:33:44+00:00,betano,basketball,NBA,props_nba_20260519_163344.csv,New York Knicks Cleveland Cavaliers,new york knicks cleveland cavaliers,Sam Merrill,sam merrill,Tapones (hitos),1+,0.0,6.8,player_blocks_hito,BLK,over,1,0.5,Sam Merrill 1+ BLK,1,
a8a0ee7ab6017abc306675f14747770aec8c670b,20260519_163344,2026-05-19T16:33:44-03:00,2026-05-19T19:33:44+00:00,betano,basketball,NBA,props_nba_20260519_163344.csv,New York Knicks Cleveland Cavaliers,new york knicks cleveland cavaliers,Sam Merrill,sam merrill,Tapones (hitos),2+,0.0,18.5,player_blocks_hito,BLK,over,2,1.5,Sam Merrill 2+ BLK,1,
899645b3e38e48a51407c1ee051409fc601a2451,20260519_163344,2026-05-19T16:33:44-03:00,2026-05-19T19:33:44+00:00,betano,basketball,NBA,props_nba_20260519_163344.csv,New York Knicks Cleveland Cavaliers,new york knicks cleveland cavaliers,Jalen Brunson,jalen brunson,PRA (hitos),34+,0.0,1.45,player_pra_hito,PRA,over,34,33.5,Jalen Brunson 34+ PRA,1,
c22552d09637ddcd3c862af06195888c31356a0d,20260519_163344,2026-05-19T16:33:44-03:00,2026-05-19T19:33:44+00:00,betano,basketball,NBA,props_nba_20260519_163344.csv,New York Knicks Cleveland Cavaliers,new york knicks cleveland cavaliers,Jalen Brunson,jalen brunson,PRA (hitos),35+,0.0,1.57,player_pra_hito,PRA,over,35,34.5,Jalen Brunson 35+ PRA,1,
b50058603341aa737cc828b972b1fe89f22a74ba,20260519_163344,2026-05-19T16:33:44-03:00,2026-05-19T19:33:44+00:00,betano,basketball,NBA,props_nba_20260519_163344.csv,New York Knicks Cleveland Cavaliers,new york knicks cleveland cavaliers,Jalen Brunson,jalen brunson,PRA (hitos),36+,0.0,1.7,player_pra_hito,PRA,over,36,35.5,Jalen Brunson 36+ PRA,1,
d3ca2cbc97fe9fdedad57551783356c5b5efd883,20260519_163344,2026-05-19T16:33:44-03:00,2026-05-19T19:33:44+00:00,betano,basketball,NBA,props_nba_20260519_163344.csv,New York Knicks Cleveland Cavaliers,new york knicks cleveland cavaliers,Jalen Brunson,jalen brunson,PRA (hitos),37+,0.0,1.87,player_pra_hito,PRA,over,37,36.5,Jalen Brunson 37+ PRA,1,
9f12ac6d9d3ec6a84766c65f1359a4e1eb92a0e1,20260519_163344,2026-05-19T16:33:44-03:00,2026-05-19T19:33:44+00:00,betano,basketball,NBA,props_nba_20260519_163344.csv,New York Knicks Cleveland Cavaliers,new york knicks cleveland cavaliers,Jalen Brunson,jalen brunson,PRA (hitos),38+,0.0,2.07,player_pra_hito,PRA,over,38,37.5,Jalen Brunson 38+ PRA,1,
ac882d19fb39add9f03bba6034d0622db5da0e59,20260519_163344,2026-05-19T16:33:44-03:00,2026-05-19T19:33:44+00:00,betano,basketball,NBA,props_nba_20260519_163344.csv,New York Knicks Cleveland Cavaliers,new york knicks cleveland cavaliers,Jalen Brunson,jalen brunson,PRA (hitos),39+,0.0,2.32,player_pra_hito,PRA,over,39,38.5,Jalen Brunson 39+ PRA,1,
c7af39a97a9035327a64123f5575ae3e2a37a297,20260519_163344,2026-05-19T16:33:44-03:00,2026-05-19T19:33:44+00:00,betano,basketball,NBA,props_nba_20260519_163344.csv,New York Knicks Cleveland Cavaliers,new york knicks cleveland cavaliers,Jalen Brunson,jalen brunson,PRA (hitos),40+,0.0,2.6,player_pra_hito,PRA,over,40,39.5,Jalen Brunson 40+ PRA,1,
c8b5a7c0e314eb8bbd9d04f97acd1909f45b9bae,20260519_163344,2026-05-19T16:33:44-03:00,2026-05-19T19:33:44+00:00,betano,basketball,NBA,props_nba_20260519_163344.csv,New York Knicks Cleveland Cavaliers,new york knicks cleveland cavaliers,Jalen Brunson,jalen brunson,PRA (hitos),41+,0.0,2.92,player_pra_hito,PRA,over,41,40.5,Jalen Brunson 41+ PRA,1,
a6b3460e59fb59fb4695b24c3faf3199bf4c39af,20260519_163344,2026-05-19T16:33:44-03:00,2026-05-19T19:33:44+00:00,betano,basketball,NBA,props_nba_20260519_163344.csv,New York Knicks Cleveland Cavaliers,new york knicks cleveland cavaliers,Jalen Brunson,jalen brunson,PRA (hitos),42+,0.0,3.3,player_pra_hito,PRA,over,42,41.5,Jalen Brunson 42+ PRA,1,
fa0f5f576481bb8c0418fff95d822df98f4e9528,20260519_163344,2026-05-19T16:33:44-03:00,2026-05-19T19:33:44+00:00,betano,basketball,NBA,props_nba_20260519_163344.csv,New York Knicks Cleveland Cavaliers,new york knicks cleveland cavaliers,Karl-Anthony Towns,karl anthony towns,PRA (hitos),33+,0.0,1.57,player_pra_hito,PRA,over,33,32.5,Karl-Anthony Towns 33+ PRA,1,
e14e29959f1d97cb3fe5d202691188cdbfc88d7a,20260519_163344,2026-05-19T16:33:44-03:00,2026-05-19T19:33:44+00:00,betano,basketball,NBA,props_nba_20260519_163344.csv,New York Knicks Cleveland Cavaliers,new york knicks cleveland cavaliers,Karl-Anthony Towns,karl anthony towns,PRA (hitos),34+,0.0,1.72,player_pra_hito,PRA,over,34,33.5,Karl-Anthony Towns 34+ PRA,1,
c6dca37007f1b9c5c8b031f16dc54272708efc3e,20260519_163344,2026-05-19T16:33:44-03:00,2026-05-19T19:33:44+00:00,betano,basketball,NBA,props_nba_20260519_163344.csv,New York Knicks Cleveland Cavaliers,new york knicks cleveland cavaliers,Karl-Anthony Towns,karl anthony towns,PRA (hitos),35+,0.0,1.91,player_pra_hito,PRA,over,35,34.5,Karl-Anthony Towns 35+ PRA,1,
f4760e0a25f670a72e232f6cc3653182edd4a0bf,20260519_163344,2026-05-19T16:33:44-03:00,2026-05-19T19:33:44+00:00,betano,basketball,NBA,props_nba_20260519_163344.csv,New York Knicks Cleveland Cavaliers,new york knicks cleveland cavaliers,Karl-Anthony Towns,karl anthony towns,PRA (hitos),36+,0.0,2.15,player_pra_hito,PRA,over,36,35.5,Karl-Anthony Towns 36+ PRA,1,
1947ff0940a9dc5a3138302f981eb23bc45568b0,20260519_163344,2026-05-19T16:33:44-03:00,2026-05-19T19:33:44+00:00,betano,basketball,NBA,props_nba_20260519_163344.csv,New York Knicks Cleveland Cavaliers,new york knicks cleveland cavaliers,Karl-Anthony Towns,karl anthony towns,PRA (hitos),37+,0.0,2.42,player_pra_hito,PRA,over,37,36.5,Karl-Anthony Towns 37+ PRA,1,
84a491b430bf2859903a3ca6af988a2993bd2047,20260519_163344,2026-05-19T16:33:44-03:00,2026-05-19T19:33:44+00:00,betano,basketball,NBA,props_nba_20260519_163344.csv,New York Knicks Cleveland Cavaliers,new york knicks cleveland cavaliers,Karl-Anthony Towns,karl anthony towns,PRA (hitos),38+,0.0,2.75,player_pra_hito,PRA,over,38,37.5,Karl-Anthony Towns 38+ PRA,1,
bb98e8415ad42dddff47cf181a66612ecd314383,20260519_163344,2026-05-19T16:33:44-03:00,2026-05-19T19:33:44+00:00,betano,basketball,NBA,props_nba_20260519_163344.csv,New York Knicks Cleveland Cavaliers,new york knicks cleveland cavaliers,Karl-Anthony Towns,karl anthony towns,PRA (hitos),39+,0.0,3.15,player_pra_hito,PRA,over,39,38.5,Karl-Anthony Towns 39+ PRA,1,
3971971149aa38837e442ea3269a46d4d770a2a6,20260519_163344,2026-05-19T16:33:44-03:00,2026-05-19T19:33:44+00:00,betano,basketball,NBA,props_nba_20260519_163344.csv,New York Knicks Cleveland Cavaliers,new york knicks cleveland cavaliers,Karl-Anthony Towns,karl anthony towns,PRA (hitos),40+,0.0,3.6,player_pra_hito,PRA,over,40,39.5,Karl-Anthony Towns 40+ PRA,1,
edd70c0d603b6fa53409cb088f142dec99dbed11,20260519_163344,2026-05-19T16:33:44-03:00,2026-05-19T19:33:44+00:00,betano,basketball,NBA,props_nba_20260519_163344.csv,New York Knicks Cleveland Cavaliers,new york knicks cleveland cavaliers,Karl-Anthony Towns,karl anthony towns,PRA (hitos),41+,0.0,4.2,player_pra_hito,PRA,over,41,40.5,Karl-Anthony Towns 41+ PRA,1,
58fdc2bb92e683b6e680230344dd554529fc9677,20260519_163344,2026-05-19T16:33:44-03:00,2026-05-19T19:33:44+00:00,betano,basketball,NBA,props_nba_20260519_163344.csv,New York Knicks Cleveland Cavaliers,new york knicks cleveland cavaliers,Donovan Mitchell,donovan mitchell,PRA (hitos),32+,0.0,1.45,player_pra_hito,PRA,over,32,31.5,Donovan Mitchell 32+ PRA,1,
64fdaaa4ae96820ef807638bd3c4d719b634f7af,20260519_163344,2026-05-19T16:33:44-03:00,2026-05-19T19:33:44+00:00,betano,basketball,NBA,props_nba_20260519_163344.csv,New York Knicks Cleveland Cavaliers,new york knicks cleveland cavaliers,Donovan Mitchell,donovan mitchell,PRA (hitos),33+,0.0,1.57,player_pra_hito,PRA,over,33,32.5,Donovan Mitchell 33+ PRA,1,
3668f1b39a167c93af69c1e8cadb1a0e84f822d8,20260519_163344,2026-05-19T16:33:44-03:00,2026-05-19T19:33:44+00:00,betano,basketball,NBA,props_nba_20260519_163344.csv,New York Knicks Cleveland Cavaliers,new york knicks cleveland cavaliers,Donovan Mitchell,donovan mitchell,PRA (hitos),34+,0.0,1.7,player_pra_hito,PRA,over,34,33.5,Donovan Mitchell 34+ PRA,1,
3f63b2d2a8d89087366a67ef3e93f3f14327a128,20260519_163344,2026-05-19T16:33:44-03:00,2026-05-19T19:33:44+00:00,betano,basketball,NBA,props_nba_20260519_163344.csv,New York Knicks Cleveland Cavaliers,new york knicks cleveland cavaliers,Donovan Mitchell,donovan mitchell,PRA (hitos),35+,0.0,1.87,player_pra_hito,PRA,over,35,34.5,Donovan Mitchell 35+ PRA,1,
c2c7415aaf98a0bc8f74c2eaa52824abd9d5b2be,20260519_163344,2026-05-19T16:33:44-03:00,2026-05-19T19:33:44+00:00,betano,basketball,NBA,props_nba_20260519_163344.csv,New York Knicks Cleveland Cavaliers,new york knicks cleveland cavaliers,Donovan Mitchell,donovan mitchell,PRA (hitos),36+,0.0,2.07,player_pra_hito,PRA,over,36,35.5,Donovan Mitchell 36+ PRA,1,
a2825c64e6997da28600768682c0ef4b2cbb0590,20260519_163344,2026-05-19T16:33:44-03:00,2026-05-19T19:33:44+00:00,betano,basketball,NBA,props_nba_20260519_163344.csv,New York Knicks Cleveland Cavaliers,new york knicks cleveland cavaliers,Donovan Mitchell,donovan mitchell,PRA (hitos),37+,0.0,2.3,player_pra_hito,PRA,over,37,36.5,Donovan Mitchell 37+ PRA,1,
de2a8fd989b88673cc4b4bfca8844dff77ef60a5,20260519_163344,2026-05-19T16:33:44-03:00,2026-05-19T19:33:44+00:00,betano,basketball,NBA,props_nba_20260519_163344.csv,New York Knicks Cleveland Cavaliers,new york knicks cleveland cavaliers,Donovan Mitchell,donovan mitchell,PRA (hitos),38+,0.0,2.55,player_pra_hito,PRA,over,38,37.5,Donovan Mitchell 38+ PRA,1,
0c6d95ef5cd6a029f6d46e817d58dd3aa8fa0c93,20260519_163344,2026-05-19T16:33:44-03:00,2026-05-19T19:33:44+00:00,betano,basketball,NBA,props_nba_20260519_163344.csv,New York Knicks Cleveland Cavaliers,new york knicks cleveland cavaliers,Donovan Mitchell,donovan mitchell,PRA (hitos),39+,0.0,2.87,player_pra_hito,PRA,over,39,38.5,Donovan Mitchell 39+ PRA,1,
40876c3dafffdf9d4fb49d520b27500fe21d5640,20260519_163344,2026-05-19T16:33:44-03:00,2026-05-19T19:33:44+00:00,betano,basketball,NBA,props_nba_20260519_163344.csv,New York Knicks Cleveland Cavaliers,new york knicks cleveland cavaliers,Donovan Mitchell,donovan mitchell,PRA (hitos),40+,0.0,3.25,player_pra_hito,PRA,over,40,39.5,Donovan Mitchell 40+ PRA,1,
ebe8b9fc86f6094a1f424b6f3ccd83cb9a8b11ca,20260519_163344,2026-05-19T16:33:44-03:00,2026-05-19T19:33:44+00:00,betano,basketball,NBA,props_nba_20260519_163344.csv,New York Knicks Cleveland Cavaliers,new york knicks cleveland cavaliers,James Harden,james harden,PRA (hitos),28+,0.0,1.47,player_pra_hito,PRA,over,28,27.5,James Harden 28+ PRA,1,
56ccef1b6b8196b871389ec2da09366a81cb53cc,20260519_163344,2026-05-19T16:33:44-03:00,2026-05-19T19:33:44+00:00,betano,basketball,NBA,props_nba_20260519_163344.csv,New York Knicks Cleveland Cavaliers,new york knicks cleveland cavaliers,James Harden,james harden,PRA (hitos),29+,0.0,1.6,player_pra_hito,PRA,over,29,28.5,James Harden 29+ PRA,1,
417228788ffd5e9632501d787f4d4a8c53b50fa9,20260519_163344,2026-05-19T16:33:44-03:00,2026-05-19T19:33:44+00:00,betano,basketball,NBA,props_nba_20260519_163344.csv,New York Knicks Cleveland Cavaliers,new york knicks cleveland cavaliers,James Harden,james harden,PRA (hitos),30+,0.0,1.75,player_pra_hito,PRA,over,30,29.5,James Harden 30+ PRA,1,
45f370bd6f4d3b48f754f4211f270c9ff1525b78,20260519_163344,2026-05-19T16:33:44-03:00,2026-05-19T19:33:44+00:00,betano,basketball,NBA,props_nba_20260519_163344.csv,New York Knicks Cleveland Cavaliers,new york knicks cleveland cavaliers,James Harden,james harden,PRA (hitos),31+,0.0,1.93,player_pra_hito,PRA,over,31,30.5,James Harden 31+ PRA,1,
7a2e789caa4d6598df38988e3ddc5382ffb2ecad,20260519_163344,2026-05-19T16:33:44-03:00,2026-05-19T19:33:44+00:00,betano,basketball,NBA,props_nba_20260519_163344.csv,New York Knicks Cleveland Cavaliers,new york knicks cleveland cavaliers,James Harden,james harden,PRA (hitos),32+,0.0,2.18,player_pra_hito,PRA,over,32,31.5,James Harden 32+ PRA,1,
46d4cbbeb62de02e880c1de99f3ff932195c58f8,20260519_163344,2026-05-19T16:33:44-03:00,2026-05-19T19:33:44+00:00,betano,basketball,NBA,props_nba_20260519_163344.csv,New York Knicks Cleveland Cavaliers,new york knicks cleveland cavaliers,James Harden,james harden,PRA (hitos),33+,0.0,2.45,player_pra_hito,PRA,over,33,32.5,James Harden 33+ PRA,1,
0411fff0f467395b6ec4ea2df233cd86eef0c0aa,20260519_163344,2026-05-19T16:33:44-03:00,2026-05-19T19:33:44+00:00,betano,basketball,NBA,props_nba_20260519_163344.csv,New York Knicks Cleveland Cavaliers,new york knicks cleveland cavaliers,James Harden,james harden,PRA (hitos),34+,0.0,2.77,player_pra_hito,PRA,over,34,33.5,James Harden 34+ PRA,1,
aec83203107506e982835a6ebed57b758f8f71a3,20260519_163344,2026-05-19T16:33:44-03:00,2026-05-19T19:33:44+00:00,betano,basketball,NBA,props_nba_20260519_163344.csv,New York Knicks Cleveland Cavaliers,new york knicks cleveland cavaliers,James Harden,james harden,PRA (hitos),35+,0.0,3.15,player_pra_hito,PRA,over,35,34.5,James Harden 35+ PRA,1,
3165d78b7e6f47f218eeea7dfac9ad66cc689e8f,20260519_163344,2026-05-19T16:33:44-03:00,2026-05-19T19:33:44+00:00,betano,basketball,NBA,props_nba_20260519_163344.csv,New York Knicks Cleveland Cavaliers,new york knicks cleveland cavaliers,James Harden,james harden,PRA (hitos),36+,0.0,3.65,player_pra_hito,PRA,over,36,35.5,James Harden 36+ PRA,1,
b7e7bc26f5159f64badcaa1b8d2b2391d9dfe117,20260519_163344,2026-05-19T16:33:44-03:00,2026-05-19T19:33:44+00:00,betano,basketball,NBA,props_nba_20260519_163344.csv,New York Knicks Cleveland Cavaliers,new york knicks cleveland cavaliers,Evan Mobley,evan mobley,PRA (hitos),26+,0.0,1.4,player_pra_hito,PRA,over,26,25.5,Evan Mobley 26+ PRA,1,
84cddda9df978801006dee4e1600d9acb6c90399,20260519_163344,2026-05-19T16:33:44-03:00,2026-05-19T19:33:44+00:00,betano,basketball,NBA,props_nba_20260519_163344.csv,New York Knicks Cleveland Cavaliers,new york knicks cleveland cavaliers,Evan Mobley,evan mobley,PRA (hitos),28+,0.0,1.7,player_pra_hito,PRA,over,28,27.5,Evan Mobley 28+ PRA,1,
5414fbadb4c1ca61c68feae7754edea69ad8ae73,20260519_163344,2026-05-19T16:33:44-03:00,2026-05-19T19:33:44+00:00,betano,basketball,NBA,props_nba_20260519_163344.csv,New York Knicks Cleveland Cavaliers,new york knicks cleveland cavaliers,Evan Mobley,evan mobley,PRA (hitos),30+,0.0,2.12,player_pra_hito,PRA,over,30,29.5,Evan Mobley 30+ PRA,1,
d27feabad760b63bb647eb76c14b329dd5803754,20260519_163344,2026-05-19T16:33:44-03:00,2026-05-19T19:33:44+00:00,betano,basketball,NBA,props_nba_20260519_163344.csv,New York Knicks Cleveland Cavaliers,new york knicks cleveland cavaliers,Evan Mobley,evan mobley,PRA (hitos),32+,0.0,2.77,player_pra_hito,PRA,over,32,31.5,Evan Mobley 32+ PRA,1,
86980ba9adfd023345370794b027afbbf30db229,20260519_163344,2026-05-19T16:33:44-03:00,2026-05-19T19:33:44+00:00,betano,basketball,NBA,props_nba_20260519_163344.csv,New York Knicks Cleveland Cavaliers,new york knicks cleveland cavaliers,Evan Mobley,evan mobley,PRA (hitos),34+,0.0,3.6,player_pra_hito,PRA,over,34,33.5,Evan Mobley 34+ PRA,1,
e6688d7a7b6158c546955cb99e86b305c55cca8c,20260519_163344,2026-05-19T16:33:44-03:00,2026-05-19T19:33:44+00:00,betano,basketball,NBA,props_nba_20260519_163344.csv,New York Knicks Cleveland Cavaliers,new york knicks cleveland cavaliers,Evan Mobley,evan mobley,PRA (hitos),36+,0.0,4.75,player_pra_hito,PRA,over,36,35.5,Evan Mobley 36+ PRA,1,
d14ecfcb788f791893a9881b57e8a4be059bced8,20260519_163344,2026-05-19T16:33:44-03:00,2026-05-19T19:33:44+00:00,betano,basketball,NBA,props_nba_20260519_163344.csv,New York Knicks Cleveland Cavaliers,new york knicks cleveland cavaliers,Evan Mobley,evan mobley,PRA (hitos),38+,0.0,6.2,player_pra_hito,PRA,over,38,37.5,Evan Mobley 38+ PRA,1,
a987cc9e436bfffbf2754ae638d3f18a55368acd,20260519_163344,2026-05-19T16:33:44-03:00,2026-05-19T19:33:44+00:00,betano,basketball,NBA,props_nba_20260519_163344.csv,New York Knicks Cleveland Cavaliers,new york knicks cleveland cavaliers,Evan Mobley,evan mobley,PRA (hitos),40+,0.0,7.7,player_pra_hito,PRA,over,40,39.5,Evan Mobley 40+ PRA,1,
462cb9b7a0ea6def416a07c28797e87822d2351d,20260519_163344,2026-05-19T16:33:44-03:00,2026-05-19T19:33:44+00:00,betano,basketball,NBA,props_nba_20260519_163344.csv,New York Knicks Cleveland Cavaliers,new york knicks cleveland cavaliers,Evan Mobley,evan mobley,PRA (hitos),42+,0.0,9.25,player_pra_hito,PRA,over,42,41.5,Evan Mobley 42+ PRA,1,
d6c7a2f75d6b97e1d63588da29caf0188103b9f3,20260519_163344,2026-05-19T16:33:44-03:00,2026-05-19T19:33:44+00:00,betano,basketball,NBA,props_nba_20260519_163344.csv,New York Knicks Cleveland Cavaliers,new york knicks cleveland cavaliers,Josh Hart,josh hart,PRA (hitos),23+,0.0,1.4,player_pra_hito,PRA,over,23,22.5,Josh Hart 23+ PRA,1,
557aa1970b5de024cd011d16d5c545fbf6406ffa,20260519_163344,2026-05-19T16:33:44-03:00,2026-05-19T19:33:44+00:00,betano,basketball,NBA,props_nba_20260519_163344.csv,New York Knicks Cleveland Cavaliers,new york knicks cleveland cavaliers,Josh Hart,josh hart,PRA (hitos),24+,0.0,1.55,player_pra_hito,PRA,over,24,23.5,Josh Hart 24+ PRA,1,
a1a1fafe124d7bcab3cb8aadfa8d978ab61ef551,20260519_163344,2026-05-19T16:33:44-03:00,2026-05-19T19:33:44+00:00,betano,basketball,NBA,props_nba_20260519_163344.csv,New York Knicks Cleveland Cavaliers,new york knicks cleveland cavaliers,Josh Hart,josh hart,PRA (hitos),25+,0.0,1.72,player_pra_hito,PRA,over,25,24.5,Josh Hart 25+ PRA,1,
cd489892836189ad0a11b1ab7ced86522bddb64f,20260519_163344,2026-05-19T16:33:44-03:00,2026-05-19T19:33:44+00:00,betano,basketball,NBA,props_nba_20260519_163344.csv,New York Knicks Cleveland Cavaliers,new york knicks cleveland cavaliers,Josh Hart,josh hart,PRA (hitos),26+,0.0,1.91,player_pra_hito,PRA,over,26,25.5,Josh Hart 26+ PRA,1,
685cf6d0be93c9779b294b728e2522901feaa7c7,20260519_163344,2026-05-19T16:33:44-03:00,2026-05-19T19:33:44+00:00,betano,basketball,NBA,props_nba_20260519_163344.csv,New York Knicks Cleveland Cavaliers,new york knicks cleveland cavaliers,Josh Hart,josh hart,PRA (hitos),27+,0.0,2.18,player_pra_hito,PRA,over,27,26.5,Josh Hart 27+ PRA,1,
881c28fe3a76a5b0578a170227c3fb93abb6e686,20260519_163344,2026-05-19T16:33:44-03:00,2026-05-19T19:33:44+00:00,betano,basketball,NBA,props_nba_20260519_163344.csv,New York Knicks Cleveland Cavaliers,new york knicks cleveland cavaliers,Josh Hart,josh hart,PRA (hitos),28+,0.0,2.5,player_pra_hito,PRA,over,28,27.5,Josh Hart 28+ PRA,1,
3b118246caa11e21f5b94761ad29d2c4568e1140,20260519_163344,2026-05-19T16:33:44-03:00,2026-05-19T19:33:44+00:00,betano,basketball,NBA,props_nba_20260519_163344.csv,New York Knicks Cleveland Cavaliers,new york knicks cleveland cavaliers,Josh Hart,josh hart,PRA (hitos),29+,0.0,2.87,player_pra_hito,PRA,over,29,28.5,Josh Hart 29+ PRA,1,
e82c3a9b528574ae8e0035c3c4a55faa26b70872,20260519_163344,2026-05-19T16:33:44-03:00,2026-05-19T19:33:44+00:00,betano,basketball,NBA,props_nba_20260519_163344.csv,New York Knicks Cleveland Cavaliers,new york knicks cleveland cavaliers,Josh Hart,josh hart,PRA (hitos),30+,0.0,3.4,player_pra_hito,PRA,over,30,29.5,Josh Hart 30+ PRA,1,
28282a6802db3d5d12598757dea3c93a9374986f,20260519_163344,2026-05-19T16:33:44-03:00,2026-05-19T19:33:44+00:00,betano,basketball,NBA,props_nba_20260519_163344.csv,New York Knicks Cleveland Cavaliers,new york knicks cleveland cavaliers,Josh Hart,josh hart,PRA (hitos),31+,0.0,4,player_pra_hito,PRA,over,31,30.5,Josh Hart 31+ PRA,1,
088c86b508a382cd87da906c38859f40d586c279,20260519_163344,2026-05-19T16:33:44-03:00,2026-05-19T19:33:44+00:00,betano,basketball,NBA,props_nba_20260519_163344.csv,New York Knicks Cleveland Cavaliers,new york knicks cleveland cavaliers,OG Anunoby,og anunoby,PRA (hitos),21+,0.0,1.5,player_pra_hito,PRA,over,21,20.5,OG Anunoby 21+ PRA,1,
e7a3929c72e07bb830aa374964d5ff488929df7f,20260519_163344,2026-05-19T16:33:44-03:00,2026-05-19T19:33:44+00:00,betano,basketball,NBA,props_nba_20260519_163344.csv,New York Knicks Cleveland Cavaliers,new york knicks cleveland cavaliers,OG Anunoby,og anunoby,PRA (hitos),22+,0.0,1.65,player_pra_hito,PRA,over,22,21.5,OG Anunoby 22+ PRA,1,
641fd70168b8a0cbe2ebb81cb5cb400f3013fdf0,20260519_163344,2026-05-19T16:33:44-03:00,2026-05-19T19:33:44+00:00,betano,basketball,NBA,props_nba_20260519_163344.csv,New York Knicks Cleveland Cavaliers,new york knicks cleveland cavaliers,OG Anunoby,og anunoby,PRA (hitos),23+,0.0,1.83,player_pra_hito,PRA,over,23,22.5,OG Anunoby 23+ PRA,1,
2b2de162634189d9f2bbe06b8e054563de4a9b2c,20260519_163344,2026-05-19T16:33:44-03:00,2026-05-19T19:33:44+00:00,betano,basketball,NBA,props_nba_20260519_163344.csv,New York Knicks Cleveland Cavaliers,new york knicks cleveland cavaliers,OG Anunoby,og anunoby,PRA (hitos),24+,0.0,2.07,player_pra_hito,PRA,over,24,23.5,OG Anunoby 24+ PRA,1,
0d30de614dfdf559f5f34e22f804d082aed97ef0,20260519_163344,2026-05-19T16:33:44-03:00,2026-05-19T19:33:44+00:00,betano,basketball,NBA,props_nba_20260519_163344.csv,New York Knicks Cleveland Cavaliers,new york knicks cleveland cavaliers,OG Anunoby,og anunoby,PRA (hitos),25+,0.0,2.37,player_pra_hito,PRA,over,25,24.5,OG Anunoby 25+ PRA,1,
801082eecc5a632df4b283e1e06a4fc716349ad5,20260519_163344,2026-05-19T16:33:44-03:00,2026-05-19T19:33:44+00:00,betano,basketball,NBA,props_nba_20260519_163344.csv,New York Knicks Cleveland Cavaliers,new york knicks cleveland cavaliers,OG Anunoby,og anunoby,PRA (hitos),26+,0.0,2.7,player_pra_hito,PRA,over,26,25.5,OG Anunoby 26+ PRA,1,
ad6762d84cbbb633e3b5b7cb58e85e19dbfd3baf,20260519_163344,2026-05-19T16:33:44-03:00,2026-05-19T19:33:44+00:00,betano,basketball,NBA,props_nba_20260519_163344.csv,New York Knicks Cleveland Cavaliers,new york knicks cleveland cavaliers,OG Anunoby,og anunoby,PRA (hitos),27+,0.0,3.1,player_pra_hito,PRA,over,27,26.5,OG Anunoby 27+ PRA,1,
1a0d57985001a330e7fcddf1ea8546fb6ec5d369,20260519_163344,2026-05-19T16:33:44-03:00,2026-05-19T19:33:44+00:00,betano,basketball,NBA,props_nba_20260519_163344.csv,New York Knicks Cleveland Cavaliers,new york knicks cleveland cavaliers,OG Anunoby,og anunoby,PRA (hitos),28+,0.0,3.65,player_pra_hito,PRA,over,28,27.5,OG Anunoby 28+ PRA,1,
314a5b3227ac5cac3310439a192eedda664b8510,20260519_163344,2026-05-19T16:33:44-03:00,2026-05-19T19:33:44+00:00,betano,basketball,NBA,props_nba_20260519_163344.csv,New York Knicks Cleveland Cavaliers,new york knicks cleveland cavaliers,OG Anunoby,og anunoby,PRA (hitos),29+,0.0,4.3,player_pra_hito,PRA,over,29,28.5,OG Anunoby 29+ PRA,1,
8ce4ff7d050b9d63bfa78ec23e4e2c93dcbc010d,20260519_163344,2026-05-19T16:33:44-03:00,2026-05-19T19:33:44+00:00,betano,basketball,NBA,props_nba_20260519_163344.csv,New York Knicks Cleveland Cavaliers,new york knicks cleveland cavaliers,Jarrett Allen,jarrett allen,PRA (hitos),20+,0.0,1.47,player_pra_hito,PRA,over,20,19.5,Jarrett Allen 20+ PRA,1,
2c1e440ba48a3b1d40dd218dd73ebd9e4fc7bfeb,20260519_163344,2026-05-19T16:33:44-03:00,2026-05-19T19:33:44+00:00,betano,basketball,NBA,props_nba_20260519_163344.csv,New York Knicks Cleveland Cavaliers,new york knicks cleveland cavaliers,Jarrett Allen,jarrett allen,PRA (hitos),21+,0.0,1.62,player_pra_hito,PRA,over,21,20.5,Jarrett Allen 21+ PRA,1,
879e9675cf906996dc4139d8e2e44718a12cfd71,20260519_163344,2026-05-19T16:33:44-03:00,2026-05-19T19:33:44+00:00,betano,basketball,NBA,props_nba_20260519_163344.csv,New York Knicks Cleveland Cavaliers,new york knicks cleveland cavaliers,Jarrett Allen,jarrett allen,PRA (hitos),22+,0.0,1.83,player_pra_hito,PRA,over,22,21.5,Jarrett Allen 22+ PRA,1,
54c0c31fd60b70d8691064d6383f572aefe5a864,20260519_163344,2026-05-19T16:33:44-03:00,2026-05-19T19:33:44+00:00,betano,basketball,NBA,props_nba_20260519_163344.csv,New York Knicks Cleveland Cavaliers,new york knicks cleveland cavaliers,Jarrett Allen,jarrett allen,PRA (hitos),23+,0.0,2.1,player_pra_hito,PRA,over,23,22.5,Jarrett Allen 23+ PRA,1,
cb9b2641c263cedfe7ab86d5dfcc74c25e8e7f93,20260519_163344,2026-05-19T16:33:44-03:00,2026-05-19T19:33:44+00:00,betano,basketball,NBA,props_nba_20260519_163344.csv,New York Knicks Cleveland Cavaliers,new york knicks cleveland cavaliers,Jarrett Allen,jarrett allen,PRA (hitos),24+,0.0,2.47,player_pra_hito,PRA,over,24,23.5,Jarrett Allen 24+ PRA,1,
a6954c052bce871ed69f7d2832e40573a798a2de,20260519_163344,2026-05-19T16:33:44-03:00,2026-05-19T19:33:44+00:00,betano,basketball,NBA,props_nba_20260519_163344.csv,New York Knicks Cleveland Cavaliers,new york knicks cleveland cavaliers,Jarrett Allen,jarrett allen,PRA (hitos),25+,0.0,2.92,player_pra_hito,PRA,over,25,24.5,Jarrett Allen 25+ PRA,1,
74682e856549d9cfa9d606bd788c4da8b32f4599,20260519_163344,2026-05-19T16:33:44-03:00,2026-05-19T19:33:44+00:00,betano,basketball,NBA,props_nba_20260519_163344.csv,New York Knicks Cleveland Cavaliers,new york knicks cleveland cavaliers,Jarrett Allen,jarrett allen,PRA (hitos),26+,0.0,3.45,player_pra_hito,PRA,over,26,25.5,Jarrett Allen 26+ PRA,1,
40b5621596345bbc535d81dc2b4c9583aed1ef53,20260519_163344,2026-05-19T16:33:44-03:00,2026-05-19T19:33:44+00:00,betano,basketball,NBA,props_nba_20260519_163344.csv,New York Knicks Cleveland Cavaliers,new york knicks cleveland cavaliers,Jarrett Allen,jarrett allen,PRA (hitos),27+,0.0,4.15,player_pra_hito,PRA,over,27,26.5,Jarrett Allen 27+ PRA,1,
5c1105b8210b0c5856b19dd168012882748010c7,20260519_163344,2026-05-19T16:33:44-03:00,2026-05-19T19:33:44+00:00,betano,basketball,NBA,props_nba_20260519_163344.csv,New York Knicks Cleveland Cavaliers,new york knicks cleveland cavaliers,Jarrett Allen,jarrett allen,PRA (hitos),28+,0.0,5,player_pra_hito,PRA,over,28,27.5,Jarrett Allen 28+ PRA,1,
37aea37e4059fd059218c976566278d40b5fbfc2,20260519_163344,2026-05-19T16:33:44-03:00,2026-05-19T19:33:44+00:00,betano,basketball,NBA,props_nba_20260519_163344.csv,New York Knicks Cleveland Cavaliers,new york knicks cleveland cavaliers,Mikal Bridges,mikal bridges,PRA (hitos),17+,0.0,1.31,player_pra_hito,PRA,over,17,16.5,Mikal Bridges 17+ PRA,1,
a4cd6ae7f379b316bb80f6788b7136da69aa4d32,20260519_163344,2026-05-19T16:33:44-03:00,2026-05-19T19:33:44+00:00,betano,basketball,NBA,props_nba_20260519_163344.csv,New York Knicks Cleveland Cavaliers,new york knicks cleveland cavaliers,Mikal Bridges,mikal bridges,PRA (hitos),18+,0.0,1.44,player_pra_hito,PRA,over,18,17.5,Mikal Bridges 18+ PRA,1,
44781b03f207dae948b9c5773dfaf6d7d206c633,20260519_163344,2026-05-19T16:33:44-03:00,2026-05-19T19:33:44+00:00,betano,basketball,NBA,props_nba_20260519_163344.csv,New York Knicks Cleveland Cavaliers,new york knicks cleveland cavaliers,Mikal Bridges,mikal bridges,PRA (hitos),19+,0.0,1.6,player_pra_hito,PRA,over,19,18.5,Mikal Bridges 19+ PRA,1,
fa1c108e81a0f496531ec5017224e6aa43058d4d,20260519_163344,2026-05-19T16:33:44-03:00,2026-05-19T19:33:44+00:00,betano,basketball,NBA,props_nba_20260519_163344.csv,New York Knicks Cleveland Cavaliers,new york knicks cleveland cavaliers,Mikal Bridges,mikal bridges,PRA (hitos),20+,0.0,1.78,player_pra_hito,PRA,over,20,19.5,Mikal Bridges 20+ PRA,1,
21186c6afee71e35320d1593f60b0095ff014015,20260519_163344,2026-05-19T16:33:44-03:00,2026-05-19T19:33:44+00:00,betano,basketball,NBA,props_nba_20260519_163344.csv,New York Knicks Cleveland Cavaliers,new york knicks cleveland cavaliers,Mikal Bridges,mikal bridges,PRA (hitos),21+,0.0,2.02,player_pra_hito,PRA,over,21,20.5,Mikal Bridges 21+ PRA,1,
49e9d0350adf043683ebb7f494fecdec0b6c5633,20260519_163344,2026-05-19T16:33:44-03:00,2026-05-19T19:33:44+00:00,betano,basketball,NBA,props_nba_20260519_163344.csv,New York Knicks Cleveland Cavaliers,new york knicks cleveland cavaliers,Mikal Bridges,mikal bridges,PRA (hitos),22+,0.0,2.3,player_pra_hito,PRA,over,22,21.5,Mikal Bridges 22+ PRA,1,
bbd7a2f899e06bba5cc00c70f5caa05080de277b,20260519_163344,2026-05-19T16:33:44-03:00,2026-05-19T19:33:44+00:00,betano,basketball,NBA,props_nba_20260519_163344.csv,New York Knicks Cleveland Cavaliers,new york knicks cleveland cavaliers,Mikal Bridges,mikal bridges,PRA (hitos),23+,0.0,2.65,player_pra_hito,PRA,over,23,22.5,Mikal Bridges 23+ PRA,1,
d7647a4dddcff6bb49ab81f513552d8af22b77d0,20260519_163344,2026-05-19T16:33:44-03:00,2026-05-19T19:33:44+00:00,betano,basketball,NBA,props_nba_20260519_163344.csv,New York Knicks Cleveland Cavaliers,new york knicks cleveland cavaliers,Mikal Bridges,mikal bridges,PRA (hitos),24+,0.0,3.05,player_pra_hito,PRA,over,24,23.5,Mikal Bridges 24+ PRA,1,
cfd53509cf98abb938e144a5b673758cd188ab8d,20260519_163344,2026-05-19T16:33:44-03:00,2026-05-19T19:33:44+00:00,betano,basketball,NBA,props_nba_20260519_163344.csv,New York Knicks Cleveland Cavaliers,new york knicks cleveland cavaliers,Mikal Bridges,mikal bridges,PRA (hitos),25+,0.0,3.55,player_pra_hito,PRA,over,25,24.5,Mikal Bridges 25+ PRA,1,
f8a00a460edf4091daefd97472c623f12827b655,20260519_163344,2026-05-19T16:33:44-03:00,2026-05-19T19:33:44+00:00,betano,basketball,NBA,props_nba_20260519_163344.csv,New York Knicks Cleveland Cavaliers,new york knicks cleveland cavaliers,Max Strus,max strus,PRA (hitos),14+,0.0,1.31,player_pra_hito,PRA,over,14,13.5,Max Strus 14+ PRA,1,
984443c4749626412b5d4b23ea5f23da6b94837d,20260519_163344,2026-05-19T16:33:44-03:00,2026-05-19T19:33:44+00:00,betano,basketball,NBA,props_nba_20260519_163344.csv,New York Knicks Cleveland Cavaliers,new york knicks cleveland cavaliers,Max Strus,max strus,PRA (hitos),16+,0.0,1.57,player_pra_hito,PRA,over,16,15.5,Max Strus 16+ PRA,1,
af42da264eac9607b5ea65a32dce71bf8b889e0d,20260519_163344,2026-05-19T16:33:44-03:00,2026-05-19T19:33:44+00:00,betano,basketball,NBA,props_nba_20260519_163344.csv,New York Knicks Cleveland Cavaliers,new york knicks cleveland cavaliers,Max Strus,max strus,PRA (hitos),18+,0.0,2.02,player_pra_hito,PRA,over,18,17.5,Max Strus 18+ PRA,1,
f3b8d4f1b43ac1ac806713f3526b869b9e96b1f8,20260519_163344,2026-05-19T16:33:44-03:00,2026-05-19T19:33:44+00:00,betano,basketball,NBA,props_nba_20260519_163344.csv,New York Knicks Cleveland Cavaliers,new york knicks cleveland cavaliers,Max Strus,max strus,PRA (hitos),20+,0.0,2.7,player_pra_hito,PRA,over,20,19.5,Max Strus 20+ PRA,1,
d368264d86123b3d0a393d7e0acf333382b480f8,20260519_163344,2026-05-19T16:33:44-03:00,2026-05-19T19:33:44+00:00,betano,basketball,NBA,props_nba_20260519_163344.csv,New York Knicks Cleveland Cavaliers,new york knicks cleveland cavaliers,Max Strus,max strus,PRA (hitos),22+,0.0,3.6,player_pra_hito,PRA,over,22,21.5,Max Strus 22+ PRA,1,
8895213f580ea3e87700aa1da503341ca7e482e5,20260519_163344,2026-05-19T16:33:44-03:00,2026-05-19T19:33:44+00:00,betano,basketball,NBA,props_nba_20260519_163344.csv,New York Knicks Cleveland Cavaliers,new york knicks cleveland cavaliers,Max Strus,max strus,PRA (hitos),24+,0.0,4.75,player_pra_hito,PRA,over,24,23.5,Max Strus 24+ PRA,1,
e313cda2aceae41d66da49b3bd4c958689f5285b,20260519_163344,2026-05-19T16:33:44-03:00,2026-05-19T19:33:44+00:00,betano,basketball,NBA,props_nba_20260519_163344.csv,New York Knicks Cleveland Cavaliers,new york knicks cleveland cavaliers,Max Strus,max strus,PRA (hitos),26+,0.0,6,player_pra_hito,PRA,over,26,25.5,Max Strus 26+ PRA,1,
efc26fa1139aec2fd0e0c43c45d868b541939390,20260519_163344,2026-05-19T16:33:44-03:00,2026-05-19T19:33:44+00:00,betano,basketball,NBA,props_nba_20260519_163344.csv,New York Knicks Cleveland Cavaliers,new york knicks cleveland cavaliers,Max Strus,max strus,PRA (hitos),28+,0.0,7.1,player_pra_hito,PRA,over,28,27.5,Max Strus 28+ PRA,1,
6c2761d257356a9e1cc81145d9ff6e32dbc3751f,20260519_163344,2026-05-19T16:33:44-03:00,2026-05-19T19:33:44+00:00,betano,basketball,NBA,props_nba_20260519_163344.csv,New York Knicks Cleveland Cavaliers,new york knicks cleveland cavaliers,Max Strus,max strus,PRA (hitos),30+,0.0,7.9,player_pra_hito,PRA,over,30,29.5,Max Strus 30+ PRA,1,
e112b7fb90d9a6c4f082481082f678f6bcf465c1,20260519_163344,2026-05-19T16:33:44-03:00,2026-05-19T19:33:44+00:00,betano,basketball,NBA,props_nba_20260519_163344.csv,New York Knicks Cleveland Cavaliers,new york knicks cleveland cavaliers,Mitchell Robinson,mitchell robinson,PRA (hitos),11+,0.0,1.4,player_pra_hito,PRA,over,11,10.5,Mitchell Robinson 11+ PRA,1,
5b148ed97fb1a385e8a9b2aa86546755aa7d36b4,20260519_163344,2026-05-19T16:33:44-03:00,2026-05-19T19:33:44+00:00,betano,basketball,NBA,props_nba_20260519_163344.csv,New York Knicks Cleveland Cavaliers,new york knicks cleveland cavaliers,Mitchell Robinson,mitchell robinson,PRA (hitos),13+,0.0,1.91,player_pra_hito,PRA,over,13,12.5,Mitchell Robinson 13+ PRA,1,
6597d5d75d11636e9142019eb9ddb8846907b12b,20260519_163344,2026-05-19T16:33:44-03:00,2026-05-19T19:33:44+00:00,betano,basketball,NBA,props_nba_20260519_163344.csv,New York Knicks Cleveland Cavaliers,new york knicks cleveland cavaliers,Mitchell Robinson,mitchell robinson,PRA (hitos),15+,0.0,2.92,player_pra_hito,PRA,over,15,14.5,Mitchell Robinson 15+ PRA,1,
0bd9386fbb73ea7bc7e9e794be9adb0c54c1ae97,20260519_163344,2026-05-19T16:33:44-03:00,2026-05-19T19:33:44+00:00,betano,basketball,NBA,props_nba_20260519_163344.csv,New York Knicks Cleveland Cavaliers,new york knicks cleveland cavaliers,Mitchell Robinson,mitchell robinson,PRA (hitos),17+,0.0,4.7,player_pra_hito,PRA,over,17,16.5,Mitchell Robinson 17+ PRA,1,
03ae380a2999f1c298786d4b1041c9d8b126d4e7,20260519_163344,2026-05-19T16:33:44-03:00,2026-05-19T19:33:44+00:00,betano,basketball,NBA,props_nba_20260519_163344.csv,New York Knicks Cleveland Cavaliers,new york knicks cleveland cavaliers,Mitchell Robinson,mitchell robinson,PRA (hitos),19+,0.0,7.8,player_pra_hito,PRA,over,19,18.5,Mitchell Robinson 19+ PRA,1,
15b24e16032e5b33e2f8f39f33404566dafa196a,20260519_163344,2026-05-19T16:33:44-03:00,2026-05-19T19:33:44+00:00,betano,basketball,NBA,props_nba_20260519_163344.csv,New York Knicks Cleveland Cavaliers,new york knicks cleveland cavaliers,Mitchell Robinson,mitchell robinson,PRA (hitos),21+,0.0,12,player_pra_hito,PRA,over,21,20.5,Mitchell Robinson 21+ PRA,1,
f407d9021a840997cfce96dd1e14c176c7c60719,20260519_163344,2026-05-19T16:33:44-03:00,2026-05-19T19:33:44+00:00,betano,basketball,NBA,props_nba_20260519_163344.csv,New York Knicks Cleveland Cavaliers,new york knicks cleveland cavaliers,Mitchell Robinson,mitchell robinson,PRA (hitos),23+,0.0,16,player_pra_hito,PRA,over,23,22.5,Mitchell Robinson 23+ PRA,1,
5cd64bc2d968ae22ba7ff4843b2d78e1a1d6c919,20260519_163344,2026-05-19T16:33:44-03:00,2026-05-19T19:33:44+00:00,betano,basketball,NBA,props_nba_20260519_163344.csv,New York Knicks Cleveland Cavaliers,new york knicks cleveland cavaliers,Mitchell Robinson,mitchell robinson,PRA (hitos),25+,0.0,18,player_pra_hito,PRA,over,25,24.5,Mitchell Robinson 25+ PRA,1,
5807ccb267282025e5ce9738f24457aca855e88b,20260519_163344,2026-05-19T16:33:44-03:00,2026-05-19T19:33:44+00:00,betano,basketball,NBA,props_nba_20260519_163344.csv,New York Knicks Cleveland Cavaliers,new york knicks cleveland cavaliers,Dennis Schroder,dennis schroder,PRA (hitos),9+,0.0,1.44,player_pra_hito,PRA,over,9,8.5,Dennis Schroder 9+ PRA,1,
f97e7b9fde8c3f6813defc72594b7adbbaf4df4d,20260519_163344,2026-05-19T16:33:44-03:00,2026-05-19T19:33:44+00:00,betano,basketball,NBA,props_nba_20260519_163344.csv,New York Knicks Cleveland Cavaliers,new york knicks cleveland cavaliers,Dennis Schroder,dennis schroder,PRA (hitos),10+,0.0,1.67,player_pra_hito,PRA,over,10,9.5,Dennis Schroder 10+ PRA,1,
7477f8a040081d57103899835e550670b056f492,20260519_163344,2026-05-19T16:33:44-03:00,2026-05-19T19:33:44+00:00,betano,basketball,NBA,props_nba_20260519_163344.csv,New York Knicks Cleveland Cavaliers,new york knicks cleveland cavaliers,Dennis Schroder,dennis schroder,PRA (hitos),11+,0.0,1.98,player_pra_hito,PRA,over,11,10.5,Dennis Schroder 11+ PRA,1,
37df1d2c516793b25f59f63b29dcccefe6361a4e,20260519_163344,2026-05-19T16:33:44-03:00,2026-05-19T19:33:44+00:00,betano,basketball,NBA,props_nba_20260519_163344.csv,New York Knicks Cleveland Cavaliers,new york knicks cleveland cavaliers,Dennis Schroder,dennis schroder,PRA (hitos),12+,0.0,2.42,player_pra_hito,PRA,over,12,11.5,Dennis Schroder 12+ PRA,1,
5250b91b7a62501c87a8667eb59450038602e2bf,20260519_163344,2026-05-19T16:33:44-03:00,2026-05-19T19:33:44+00:00,betano,basketball,NBA,props_nba_20260519_163344.csv,New York Knicks Cleveland Cavaliers,new york knicks cleveland cavaliers,Dennis Schroder,dennis schroder,PRA (hitos),13+,0.0,3,player_pra_hito,PRA,over,13,12.5,Dennis Schroder 13+ PRA,1,
e7634a26b2ebb246a79c6b1a1454e4b5ee59a39e,20260519_163344,2026-05-19T16:33:44-03:00,2026-05-19T19:33:44+00:00,betano,basketball,NBA,props_nba_20260519_163344.csv,New York Knicks Cleveland Cavaliers,new york knicks cleveland cavaliers,Dennis Schroder,dennis schroder,PRA (hitos),14+,0.0,3.8,player_pra_hito,PRA,over,14,13.5,Dennis Schroder 14+ PRA,1,
bf046171bd0a9fae035837ee1eed037156a1461b,20260519_163344,2026-05-19T16:33:44-03:00,2026-05-19T19:33:44+00:00,betano,basketball,NBA,props_nba_20260519_163344.csv,New York Knicks Cleveland Cavaliers,new york knicks cleveland cavaliers,Dennis Schroder,dennis schroder,PRA (hitos),15+,0.0,4.8,player_pra_hito,PRA,over,15,14.5,Dennis Schroder 15+ PRA,1,
382564ab169acff517107daf6f94218f1fb0c127,20260519_163344,2026-05-19T16:33:44-03:00,2026-05-19T19:33:44+00:00,betano,basketball,NBA,props_nba_20260519_163344.csv,New York Knicks Cleveland Cavaliers,new york knicks cleveland cavaliers,Dennis Schroder,dennis schroder,PRA (hitos),16+,0.0,6.1,player_pra_hito,PRA,over,16,15.5,Dennis Schroder 16+ PRA,1,
568a8f6c16d2e0d60965cd731fd99244712e3402,20260519_163344,2026-05-19T16:33:44-03:00,2026-05-19T19:33:44+00:00,betano,basketball,NBA,props_nba_20260519_163344.csv,New York Knicks Cleveland Cavaliers,new york knicks cleveland cavaliers,Miles McBride,miles mcbride,PRA (hitos),9+,0.0,1.45,player_pra_hito,PRA,over,9,8.5,Miles McBride 9+ PRA,1,
f4291730d9cf7a49692c4885aada2567cc91949c,20260519_163344,2026-05-19T16:33:44-03:00,2026-05-19T19:33:44+00:00,betano,basketball,NBA,props_nba_20260519_163344.csv,New York Knicks Cleveland Cavaliers,new york knicks cleveland cavaliers,Miles McBride,miles mcbride,PRA (hitos),10+,0.0,1.65,player_pra_hito,PRA,over,10,9.5,Miles McBride 10+ PRA,1,
195c3974b78b4d026dd2e5daf1a9f62ceb7730ba,20260519_163344,2026-05-19T16:33:44-03:00,2026-05-19T19:33:44+00:00,betano,basketball,NBA,props_nba_20260519_163344.csv,New York Knicks Cleveland Cavaliers,new york knicks cleveland cavaliers,Miles McBride,miles mcbride,PRA (hitos),11+,0.0,1.93,player_pra_hito,PRA,over,11,10.5,Miles McBride 11+ PRA,1,
4743f275e85a01ffd37f139788bd5a291030c655,20260519_163344,2026-05-19T16:33:44-03:00,2026-05-19T19:33:44+00:00,betano,basketball,NBA,props_nba_20260519_163344.csv,New York Knicks Cleveland Cavaliers,new york knicks cleveland cavaliers,Miles McBride,miles mcbride,PRA (hitos),12+,0.0,2.27,player_pra_hito,PRA,over,12,11.5,Miles McBride 12+ PRA,1,
bf650a3c80c7e6a1a4f7f7a3b37f16251281eacc,20260519_163344,2026-05-19T16:33:44-03:00,2026-05-19T19:33:44+00:00,betano,basketball,NBA,props_nba_20260519_163344.csv,New York Knicks Cleveland Cavaliers,new york knicks cleveland cavaliers,Miles McBride,miles mcbride,PRA (hitos),13+,0.0,2.7,player_pra_hito,PRA,over,13,12.5,Miles McBride 13+ PRA,1,
37e70b51b69dfff8e243d7bd502a4c34c6118abb,20260519_163344,2026-05-19T16:33:44-03:00,2026-05-19T19:33:44+00:00,betano,basketball,NBA,props_nba_20260519_163344.csv,New York Knicks Cleveland Cavaliers,new york knicks cleveland cavaliers,Miles McBride,miles mcbride,PRA (hitos),14+,0.0,3.25,player_pra_hito,PRA,over,14,13.5,Miles McBride 14+ PRA,1,
caff0e55dac06eb71e99f58a426c7712936a65ef,20260519_163344,2026-05-19T16:33:44-03:00,2026-05-19T19:33:44+00:00,betano,basketball,NBA,props_nba_20260519_163344.csv,New York Knicks Cleveland Cavaliers,new york knicks cleveland cavaliers,Miles McBride,miles mcbride,PRA (hitos),15+,0.0,3.9,player_pra_hito,PRA,over,15,14.5,Miles McBride 15+ PRA,1,
2e50ef0bd16c5b3d5ff4664982a8afff9425d4f3,20260519_163344,2026-05-19T16:33:44-03:00,2026-05-19T19:33:44+00:00,betano,basketball,NBA,props_nba_20260519_163344.csv,New York Knicks Cleveland Cavaliers,new york knicks cleveland cavaliers,Miles McBride,miles mcbride,PRA (hitos),16+,0.0,4.65,player_pra_hito,PRA,over,16,15.5,Miles McBride 16+ PRA,1,
731c44fdb1552fb73ba0dd4a3c7e9ba1bb0e6aa1,20260519_163344,2026-05-19T16:33:44-03:00,2026-05-19T19:33:44+00:00,betano,basketball,NBA,props_nba_20260519_163344.csv,New York Knicks Cleveland Cavaliers,new york knicks cleveland cavaliers,Sam Merrill,sam merrill,PRA (hitos),9+,0.0,1.57,player_pra_hito,PRA,over,9,8.5,Sam Merrill 9+ PRA,1,
43c7dada6293951f851d6fa9c6492c1aba79dddf,20260519_163344,2026-05-19T16:33:44-03:00,2026-05-19T19:33:44+00:00,betano,basketball,NBA,props_nba_20260519_163344.csv,New York Knicks Cleveland Cavaliers,new york knicks cleveland cavaliers,Sam Merrill,sam merrill,PRA (hitos),10+,0.0,1.8,player_pra_hito,PRA,over,10,9.5,Sam Merrill 10+ PRA,1,
3c7b26d17d3f5c19a7d99bff48deba4218aa0960,20260519_163344,2026-05-19T16:33:44-03:00,2026-05-19T19:33:44+00:00,betano,basketball,NBA,props_nba_20260519_163344.csv,New York Knicks Cleveland Cavaliers,new york knicks cleveland cavaliers,Sam Merrill,sam merrill,PRA (hitos),11+,0.0,2.15,player_pra_hito,PRA,over,11,10.5,Sam Merrill 11+ PRA,1,
ce32b7591c058de25d3f1d6f70987f54fdc2e936,20260519_163344,2026-05-19T16:33:44-03:00,2026-05-19T19:33:44+00:00,betano,basketball,NBA,props_nba_20260519_163344.csv,New York Knicks Cleveland Cavaliers,new york knicks cleveland cavaliers,Sam Merrill,sam merrill,PRA (hitos),12+,0.0,2.57,player_pra_hito,PRA,over,12,11.5,Sam Merrill 12+ PRA,1,
221c3127feb84d429e47e927a8ab191f5d40810d,20260519_163344,2026-05-19T16:33:44-03:00,2026-05-19T19:33:44+00:00,betano,basketball,NBA,props_nba_20260519_163344.csv,New York Knicks Cleveland Cavaliers,new york knicks cleveland cavaliers,Sam Merrill,sam merrill,PRA (hitos),13+,0.0,3.1,player_pra_hito,PRA,over,13,12.5,Sam Merrill 13+ PRA,1,
6d7acc757a55c723a508d156fcc8a42b5c454524,20260519_163344,2026-05-19T16:33:44-03:00,2026-05-19T19:33:44+00:00,betano,basketball,NBA,props_nba_20260519_163344.csv,New York Knicks Cleveland Cavaliers,new york knicks cleveland cavaliers,Sam Merrill,sam merrill,PRA (hitos),14+,0.0,3.85,player_pra_hito,PRA,over,14,13.5,Sam Merrill 14+ PRA,1,
740a51afc79ce66c8956d1347bbf2a8e24c27721,20260519_163344,2026-05-19T16:33:44-03:00,2026-05-19T19:33:44+00:00,betano,basketball,NBA,props_nba_20260519_163344.csv,New York Knicks Cleveland Cavaliers,new york knicks cleveland cavaliers,Sam Merrill,sam merrill,PRA (hitos),15+,0.0,4.75,player_pra_hito,PRA,over,15,14.5,Sam Merrill 15+ PRA,1,
172ae39f96374a43d94893e022d2ceb0e352f385,20260519_163344,2026-05-19T16:33:44-03:00,2026-05-19T19:33:44+00:00,betano,basketball,NBA,props_nba_20260519_163344.csv,New York Knicks Cleveland Cavaliers,new york knicks cleveland cavaliers,Sam Merrill,sam merrill,PRA (hitos),16+,0.0,5.9,player_pra_hito,PRA,over,16,15.5,Sam Merrill 16+ PRA,1,
8aaf0cf079ad12efca308161a58b485ef2766da7,20260519_163344,2026-05-19T16:33:44-03:00,2026-05-19T19:33:44+00:00,betano,basketball,NBA,props_nba_20260519_163344.csv,New York Knicks Cleveland Cavaliers,new york knicks cleveland cavaliers,Dean Wade,dean wade,PRA (hitos),7+,0.0,1.45,player_pra_hito,PRA,over,7,6.5,Dean Wade 7+ PRA,1,
a54f0f1d92f2ec91c68f8eca1bfd23bc402b673d,20260519_163344,2026-05-19T16:33:44-03:00,2026-05-19T19:33:44+00:00,betano,basketball,NBA,props_nba_20260519_163344.csv,New York Knicks Cleveland Cavaliers,new york knicks cleveland cavaliers,Dean Wade,dean wade,PRA (hitos),8+,0.0,1.72,player_pra_hito,PRA,over,8,7.5,Dean Wade 8+ PRA,1,
b757d1e0848868052838e53526f7ab65711976b5,20260519_163344,2026-05-19T16:33:44-03:00,2026-05-19T19:33:44+00:00,betano,basketball,NBA,props_nba_20260519_163344.csv,New York Knicks Cleveland Cavaliers,new york knicks cleveland cavaliers,Dean Wade,dean wade,PRA (hitos),9+,0.0,2.1,player_pra_hito,PRA,over,9,8.5,Dean Wade 9+ PRA,1,
0062e5da0e265941a5254f2591fe1c16a96e006a,20260519_163344,2026-05-19T16:33:44-03:00,2026-05-19T19:33:44+00:00,betano,basketball,NBA,props_nba_20260519_163344.csv,New York Knicks Cleveland Cavaliers,new york knicks cleveland cavaliers,Dean Wade,dean wade,PRA (hitos),10+,0.0,2.62,player_pra_hito,PRA,over,10,9.5,Dean Wade 10+ PRA,1,
c4ce595546cd071e566d8fb8110f11637ff3462a,20260519_163344,2026-05-19T16:33:44-03:00,2026-05-19T19:33:44+00:00,betano,basketball,NBA,props_nba_20260519_163344.csv,New York Knicks Cleveland Cavaliers,new york knicks cleveland cavaliers,Dean Wade,dean wade,PRA (hitos),11+,0.0,3.35,player_pra_hito,PRA,over,11,10.5,Dean Wade 11+ PRA,1,
2541bc1e03024b0215468c793280ca9a4d0eb059,20260519_163344,2026-05-19T16:33:44-03:00,2026-05-19T19:33:44+00:00,betano,basketball,NBA,props_nba_20260519_163344.csv,New York Knicks Cleveland Cavaliers,new york knicks cleveland cavaliers,Dean Wade,dean wade,PRA (hitos),12+,0.0,4.25,player_pra_hito,PRA,over,12,11.5,Dean Wade 12+ PRA,1,
4b9455950a9b9e17d423571342fafe9d8037e5b7,20260519_163344,2026-05-19T16:33:44-03:00,2026-05-19T19:33:44+00:00,betano,basketball,NBA,props_nba_20260519_163344.csv,New York Knicks Cleveland Cavaliers,new york knicks cleveland cavaliers,Dean Wade,dean wade,PRA (hitos),13+,0.0,5.5,player_pra_hito,PRA,over,13,12.5,Dean Wade 13+ PRA,1,
f263f9d5baf216463416fb887fd8986995e387f9,20260519_163344,2026-05-19T16:33:44-03:00,2026-05-19T19:33:44+00:00,betano,basketball,NBA,props_nba_20260519_163344.csv,New York Knicks Cleveland Cavaliers,new york knicks cleveland cavaliers,Dean Wade,dean wade,PRA (hitos),14+,0.0,7,player_pra_hito,PRA,over,14,13.5,Dean Wade 14+ PRA,1,
d355e96d218ec98209a8ea718fafedaaf302fcb3,20260519_163344,2026-05-19T16:33:44-03:00,2026-05-19T19:33:44+00:00,betano,basketball,NBA,props_nba_20260519_163344.csv,New York Knicks Cleveland Cavaliers,new york knicks cleveland cavaliers,Jordan Clarkson,jordan clarkson,PRA (hitos),6+,0.0,1.47,player_pra_hito,PRA,over,6,5.5,Jordan Clarkson 6+ PRA,1,
d0c2e3e2137e19d8008bb145349a7d31137fe263,20260519_163344,2026-05-19T16:33:44-03:00,2026-05-19T19:33:44+00:00,betano,basketball,NBA,props_nba_20260519_163344.csv,New York Knicks Cleveland Cavaliers,new york knicks cleveland cavaliers,Jordan Clarkson,jordan clarkson,PRA (hitos),7+,0.0,1.78,player_pra_hito,PRA,over,7,6.5,Jordan Clarkson 7+ PRA,1,
3091b57aa33f91a4e3fa0883e4c231f49305ddc6,20260519_163344,2026-05-19T16:33:44-03:00,2026-05-19T19:33:44+00:00,betano,basketball,NBA,props_nba_20260519_163344.csv,New York Knicks Cleveland Cavaliers,new york knicks cleveland cavaliers,Jordan Clarkson,jordan clarkson,PRA (hitos),8+,0.0,2.22,player_pra_hito,PRA,over,8,7.5,Jordan Clarkson 8+ PRA,1,
3d727897fca5e86f163bc80b2246f290746d9388,20260519_163344,2026-05-19T16:33:44-03:00,2026-05-19T19:33:44+00:00,betano,basketball,NBA,props_nba_20260519_163344.csv,New York Knicks Cleveland Cavaliers,new york knicks cleveland cavaliers,Jordan Clarkson,jordan clarkson,PRA (hitos),9+,0.0,2.85,player_pra_hito,PRA,over,9,8.5,Jordan Clarkson 9+ PRA,1,
5f95c383a47f3436b11480d2f2002e4a16c51f4d,20260519_163344,2026-05-19T16:33:44-03:00,2026-05-19T19:33:44+00:00,betano,basketball,NBA,props_nba_20260519_163344.csv,New York Knicks Cleveland Cavaliers,new york knicks cleveland cavaliers,Jordan Clarkson,jordan clarkson,PRA (hitos),10+,0.0,3.7,player_pra_hito,PRA,over,10,9.5,Jordan Clarkson 10+ PRA,1,
a9622f64cac7b6407da3b77633889f2fb54be12e,20260519_163344,2026-05-19T16:33:44-03:00,2026-05-19T19:33:44+00:00,betano,basketball,NBA,props_nba_20260519_163344.csv,New York Knicks Cleveland Cavaliers,new york knicks cleveland cavaliers,Jordan Clarkson,jordan clarkson,PRA (hitos),11+,0.0,4.85,player_pra_hito,PRA,over,11,10.5,Jordan Clarkson 11+ PRA,1,
ea94fe96c9f5f0003676ce0543563f4cbff5279a,20260519_163344,2026-05-19T16:33:44-03:00,2026-05-19T19:33:44+00:00,betano,basketball,NBA,props_nba_20260519_163344.csv,New York Knicks Cleveland Cavaliers,new york knicks cleveland cavaliers,Jordan Clarkson,jordan clarkson,PRA (hitos),12+,0.0,6.4,player_pra_hito,PRA,over,12,11.5,Jordan Clarkson 12+ PRA,1,
844f0a6242fe3abc13d965b8d203d9d425015e0d,20260519_163344,2026-05-19T16:33:44-03:00,2026-05-19T19:33:44+00:00,betano,basketball,NBA,props_nba_20260519_163344.csv,New York Knicks Cleveland Cavaliers,new york knicks cleveland cavaliers,Jordan Clarkson,jordan clarkson,PRA (hitos),13+,0.0,8.25,player_pra_hito,PRA,over,13,12.5,Jordan Clarkson 13+ PRA,1,
dbc8bd0c472e70c5ea498239502763c6d494a4ed,20260519_163344,2026-05-19T16:33:44-03:00,2026-05-19T19:33:44+00:00,betano,basketball,NBA,props_nba_20260519_163344.csv,New York Knicks Cleveland Cavaliers,new york knicks cleveland cavaliers,Jose Alvarado,jose alvarado,PRA (hitos),4+,0.0,1.47,player_pra_hito,PRA,over,4,3.5,Jose Alvarado 4+ PRA,1,
9a6991a81e4d9cbe2946f321337f457b260e3533,20260519_163344,2026-05-19T16:33:44-03:00,2026-05-19T19:33:44+00:00,betano,basketball,NBA,props_nba_20260519_163344.csv,New York Knicks Cleveland Cavaliers,new york knicks cleveland cavaliers,Jose Alvarado,jose alvarado,PRA (hitos),5+,0.0,1.83,player_pra_hito,PRA,over,5,4.5,Jose Alvarado 5+ PRA,1,
9acc8911994ab5ae519e541d4d8cca866fb2c774,20260519_163344,2026-05-19T16:33:44-03:00,2026-05-19T19:33:44+00:00,betano,basketball,NBA,props_nba_20260519_163344.csv,New York Knicks Cleveland Cavaliers,new york knicks cleveland cavaliers,Jose Alvarado,jose alvarado,PRA (hitos),6+,0.0,2.35,player_pra_hito,PRA,over,6,5.5,Jose Alvarado 6+ PRA,1,
19106ea6dd68ab041a0071418c68c48a8607c9f9,20260519_163344,2026-05-19T16:33:44-03:00,2026-05-19T19:33:44+00:00,betano,basketball,NBA,props_nba_20260519_163344.csv,New York Knicks Cleveland Cavaliers,new york knicks cleveland cavaliers,Jose Alvarado,jose alvarado,PRA (hitos),7+,0.0,3.05,player_pra_hito,PRA,over,7,6.5,Jose Alvarado 7+ PRA,1,
f5c06c2897377daf05096023c7ef0533b002d4b7,20260519_163344,2026-05-19T16:33:44-03:00,2026-05-19T19:33:44+00:00,betano,basketball,NBA,props_nba_20260519_163344.csv,New York Knicks Cleveland Cavaliers,new york knicks cleveland cavaliers,Jose Alvarado,jose alvarado,PRA (hitos),8+,0.0,4.1,player_pra_hito,PRA,over,8,7.5,Jose Alvarado 8+ PRA,1,
02b0032877c2f620dc90d024a1c8abc44c5435eb,20260519_163344,2026-05-19T16:33:44-03:00,2026-05-19T19:33:44+00:00,betano,basketball,NBA,props_nba_20260519_163344.csv,New York Knicks Cleveland Cavaliers,new york knicks cleveland cavaliers,Jose Alvarado,jose alvarado,PRA (hitos),9+,0.0,5.6,player_pra_hito,PRA,over,9,8.5,Jose Alvarado 9+ PRA,1,
fa439a9deb965194f890497cd825a263383c0181,20260519_163344,2026-05-19T16:33:44-03:00,2026-05-19T19:33:44+00:00,betano,basketball,NBA,props_nba_20260519_163344.csv,New York Knicks Cleveland Cavaliers,new york knicks cleveland cavaliers,Karl-Anthony Towns,karl anthony towns,RA (hitos),14+,0.0,1.26,player_ra_hito,RA,over,14,13.5,Karl-Anthony Towns 14+ RA,1,
ca646011b0afa48baf94e14c6901de8dd2106358,20260519_163344,2026-05-19T16:33:44-03:00,2026-05-19T19:33:44+00:00,betano,basketball,NBA,props_nba_20260519_163344.csv,New York Knicks Cleveland Cavaliers,new york knicks cleveland cavaliers,Karl-Anthony Towns,karl anthony towns,RA (hitos),15+,0.0,1.44,player_ra_hito,RA,over,15,14.5,Karl-Anthony Towns 15+ RA,1,
34e040e8cd9760df5bc6600e06aaca294f12df5e,20260519_163344,2026-05-19T16:33:44-03:00,2026-05-19T19:33:44+00:00,betano,basketball,NBA,props_nba_20260519_163344.csv,New York Knicks Cleveland Cavaliers,new york knicks cleveland cavaliers,Karl-Anthony Towns,karl anthony towns,RA (hitos),16+,0.0,1.7,player_ra_hito,RA,over,16,15.5,Karl-Anthony Towns 16+ RA,1,
af5b823a4d1838e634fe8fca1a580f2b34ea8ce0,20260519_163344,2026-05-19T16:33:44-03:00,2026-05-19T19:33:44+00:00,betano,basketball,NBA,props_nba_20260519_163344.csv,New York Knicks Cleveland Cavaliers,new york knicks cleveland cavaliers,Karl-Anthony Towns,karl anthony towns,RA (hitos),17+,0.0,2.05,player_ra_hito,RA,over,17,16.5,Karl-Anthony Towns 17+ RA,1,
0632ef682f5f6d02906f432d816625a24ea8b643,20260519_163344,2026-05-19T16:33:44-03:00,2026-05-19T19:33:44+00:00,betano,basketball,NBA,props_nba_20260519_163344.csv,New York Knicks Cleveland Cavaliers,new york knicks cleveland cavaliers,Karl-Anthony Towns,karl anthony towns,RA (hitos),18+,0.0,2.55,player_ra_hito,RA,over,18,17.5,Karl-Anthony Towns 18+ RA,1,
7a142bd52ddd24a4cb7900a5b2ce5654ef1f34b2,20260519_163344,2026-05-19T16:33:44-03:00,2026-05-19T19:33:44+00:00,betano,basketball,NBA,props_nba_20260519_163344.csv,New York Knicks Cleveland Cavaliers,new york knicks cleveland cavaliers,Karl-Anthony Towns,karl anthony towns,RA (hitos),19+,0.0,3.3,player_ra_hito,RA,over,19,18.5,Karl-Anthony Towns 19+ RA,1,
08413ae3551fa83c41f93dcedf301d2b429704f9,20260519_163344,2026-05-19T16:33:44-03:00,2026-05-19T19:33:44+00:00,betano,basketball,NBA,props_nba_20260519_163344.csv,New York Knicks Cleveland Cavaliers,new york knicks cleveland cavaliers,Karl-Anthony Towns,karl anthony towns,RA (hitos),20+,0.0,4.3,player_ra_hito,RA,over,20,19.5,Karl-Anthony Towns 20+ RA,1,
e3abf324d60ae581096b78878891dd444cf87c02,20260519_163344,2026-05-19T16:33:44-03:00,2026-05-19T19:33:44+00:00,betano,basketball,NBA,props_nba_20260519_163344.csv,New York Knicks Cleveland Cavaliers,new york knicks cleveland cavaliers,Karl-Anthony Towns,karl anthony towns,RA (hitos),21+,0.0,5.8,player_ra_hito,RA,over,21,20.5,Karl-Anthony Towns 21+ RA,1,
4a0cea5fc2952f9da8cb959c6c8c3f2cd471e82e,20260519_163344,2026-05-19T16:33:44-03:00,2026-05-19T19:33:44+00:00,betano,basketball,NBA,props_nba_20260519_163344.csv,New York Knicks Cleveland Cavaliers,new york knicks cleveland cavaliers,Karl-Anthony Towns,karl anthony towns,RA (hitos),22+,0.0,7.6,player_ra_hito,RA,over,22,21.5,Karl-Anthony Towns 22+ RA,1,
72a8fc42efa2e9da06daf3979d79631694ee0be0,20260519_163344,2026-05-19T16:33:44-03:00,2026-05-19T19:33:44+00:00,betano,basketball,NBA,props_nba_20260519_163344.csv,New York Knicks Cleveland Cavaliers,new york knicks cleveland cavaliers,Josh Hart,josh hart,RA (hitos),11+,0.0,1.19,player_ra_hito,RA,over,11,10.5,Josh Hart 11+ RA,1,
de3484135790acc22105a76e50b2ab2467525884,20260519_163344,2026-05-19T16:33:44-03:00,2026-05-19T19:33:44+00:00,betano,basketball,NBA,props_nba_20260519_163344.csv,New York Knicks Cleveland Cavaliers,new york knicks cleveland cavaliers,Josh Hart,josh hart,RA (hitos),12+,0.0,1.36,player_ra_hito,RA,over,12,11.5,Josh Hart 12+ RA,1,
dfd853725de0f2c5cb8dcb08cfc8798250c665ac,20260519_163344,2026-05-19T16:33:44-03:00,2026-05-19T19:33:44+00:00,betano,basketball,NBA,props_nba_20260519_163344.csv,New York Knicks Cleveland Cavaliers,new york knicks cleveland cavaliers,Josh Hart,josh hart,RA (hitos),13+,0.0,1.62,player_ra_hito,RA,over,13,12.5,Josh Hart 13+ RA,1,
d6fc7e7c135f82bcf7087c0d71a798db0ccda180,20260519_163344,2026-05-19T16:33:44-03:00,2026-05-19T19:33:44+00:00,betano,basketball,NBA,props_nba_20260519_163344.csv,New York Knicks Cleveland Cavaliers,new york knicks cleveland cavaliers,Josh Hart,josh hart,RA (hitos),14+,0.0,1.98,player_ra_hito,RA,over,14,13.5,Josh Hart 14+ RA,1,
6a5c047ae4cdf76080086eb6886141d531e52c1f,20260519_163344,2026-05-19T16:33:44-03:00,2026-05-19T19:33:44+00:00,betano,basketball,NBA,props_nba_20260519_163344.csv,New York Knicks Cleveland Cavaliers,new york knicks cleveland cavaliers,Josh Hart,josh hart,RA (hitos),15+,0.0,2.5,player_ra_hito,RA,over,15,14.5,Josh Hart 15+ RA,1,
8e33d3fe13d93bd19ce613b4d3f6f45bf16090f4,20260519_163344,2026-05-19T16:33:44-03:00,2026-05-19T19:33:44+00:00,betano,basketball,NBA,props_nba_20260519_163344.csv,New York Knicks Cleveland Cavaliers,new york knicks cleveland cavaliers,Josh Hart,josh hart,RA (hitos),16+,0.0,3.25,player_ra_hito,RA,over,16,15.5,Josh Hart 16+ RA,1,
9a0ad104e121ca5f529cdeefb01985329500fa7a,20260519_163344,2026-05-19T16:33:44-03:00,2026-05-19T19:33:44+00:00,betano,basketball,NBA,props_nba_20260519_163344.csv,New York Knicks Cleveland Cavaliers,new york knicks cleveland cavaliers,Josh Hart,josh hart,RA (hitos),17+,0.0,4.2,player_ra_hito,RA,over,17,16.5,Josh Hart 17+ RA,1,
c70d3bcc3c6365b358be15d5be5295f3c73fe9ed,20260519_163344,2026-05-19T16:33:44-03:00,2026-05-19T19:33:44+00:00,betano,basketball,NBA,props_nba_20260519_163344.csv,New York Knicks Cleveland Cavaliers,new york knicks cleveland cavaliers,Josh Hart,josh hart,RA (hitos),18+,0.0,5.4,player_ra_hito,RA,over,18,17.5,Josh Hart 18+ RA,1,
c9e8fda11b7bc40f9ea7e2eb00c63476ee3328ce,20260519_163344,2026-05-19T16:33:44-03:00,2026-05-19T19:33:44+00:00,betano,basketball,NBA,props_nba_20260519_163344.csv,New York Knicks Cleveland Cavaliers,new york knicks cleveland cavaliers,Josh Hart,josh hart,RA (hitos),19+,0.0,6.8,player_ra_hito,RA,over,19,18.5,Josh Hart 19+ RA,1,
1a4346386041bacc3b643075dad322d27a60bac9,20260519_163344,2026-05-19T16:33:44-03:00,2026-05-19T19:33:44+00:00,betano,basketball,NBA,props_nba_20260519_163344.csv,New York Knicks Cleveland Cavaliers,new york knicks cleveland cavaliers,Evan Mobley,evan mobley,RA (hitos),10+,0.0,1.17,player_ra_hito,RA,over,10,9.5,Evan Mobley 10+ RA,1,
246da27dab3f8b08c251b7f9a86844bdfc0fc12a,20260519_163344,2026-05-19T16:33:44-03:00,2026-05-19T19:33:44+00:00,betano,basketball,NBA,props_nba_20260519_163344.csv,New York Knicks Cleveland Cavaliers,new york knicks cleveland cavaliers,Evan Mobley,evan mobley,RA (hitos),11+,0.0,1.33,player_ra_hito,RA,over,11,10.5,Evan Mobley 11+ RA,1,
9654ad62fbf99d96523ed947a5d5bf54fdf8fb81,20260519_163344,2026-05-19T16:33:44-03:00,2026-05-19T19:33:44+00:00,betano,basketball,NBA,props_nba_20260519_163344.csv,New York Knicks Cleveland Cavaliers,new york knicks cleveland cavaliers,Evan Mobley,evan mobley,RA (hitos),12+,0.0,1.57,player_ra_hito,RA,over,12,11.5,Evan Mobley 12+ RA,1,
cd5e02b9c6e57809fc8850c46d72f7da5567a3ea,20260519_163344,2026-05-19T16:33:44-03:00,2026-05-19T19:33:44+00:00,betano,basketball,NBA,props_nba_20260519_163344.csv,New York Knicks Cleveland Cavaliers,new york knicks cleveland cavaliers,Evan Mobley,evan mobley,RA (hitos),13+,0.0,1.95,player_ra_hito,RA,over,13,12.5,Evan Mobley 13+ RA,1,
50ad80228e6e6ba1c96e3d47df62b6b0b97ae4ae,20260519_163344,2026-05-19T16:33:44-03:00,2026-05-19T19:33:44+00:00,betano,basketball,NBA,props_nba_20260519_163344.csv,New York Knicks Cleveland Cavaliers,new york knicks cleveland cavaliers,Evan Mobley,evan mobley,RA (hitos),14+,0.0,2.45,player_ra_hito,RA,over,14,13.5,Evan Mobley 14+ RA,1,
06c3ac0d9c7d7bf9796b7bc2d92610e7c8c30000,20260519_163344,2026-05-19T16:33:44-03:00,2026-05-19T19:33:44+00:00,betano,basketball,NBA,props_nba_20260519_163344.csv,New York Knicks Cleveland Cavaliers,new york knicks cleveland cavaliers,Evan Mobley,evan mobley,RA (hitos),15+,0.0,3.2,player_ra_hito,RA,over,15,14.5,Evan Mobley 15+ RA,1,
4f819c33a723f986338268f87cae19026b5ed0e1,20260519_163344,2026-05-19T16:33:44-03:00,2026-05-19T19:33:44+00:00,betano,basketball,NBA,props_nba_20260519_163344.csv,New York Knicks Cleveland Cavaliers,new york knicks cleveland cavaliers,Evan Mobley,evan mobley,RA (hitos),16+,0.0,4.2,player_ra_hito,RA,over,16,15.5,Evan Mobley 16+ RA,1,
b23729d42704fc136e2d0898c60df6236c523e44,20260519_163344,2026-05-19T16:33:44-03:00,2026-05-19T19:33:44+00:00,betano,basketball,NBA,props_nba_20260519_163344.csv,New York Knicks Cleveland Cavaliers,new york knicks cleveland cavaliers,Evan Mobley,evan mobley,RA (hitos),17+,0.0,5.4,player_ra_hito,RA,over,17,16.5,Evan Mobley 17+ RA,1,
6080cc938fe4fa7bbf537983ca20058a50d55129,20260519_163344,2026-05-19T16:33:44-03:00,2026-05-19T19:33:44+00:00,betano,basketball,NBA,props_nba_20260519_163344.csv,New York Knicks Cleveland Cavaliers,new york knicks cleveland cavaliers,Evan Mobley,evan mobley,RA (hitos),18+,0.0,6.9,player_ra_hito,RA,over,18,17.5,Evan Mobley 18+ RA,1,
cf694242b2c001c2e0a8df87b2b160dc6bc715c2,20260519_163344,2026-05-19T16:33:44-03:00,2026-05-19T19:33:44+00:00,betano,basketball,NBA,props_nba_20260519_163344.csv,New York Knicks Cleveland Cavaliers,new york knicks cleveland cavaliers,James Harden,james harden,RA (hitos),9+,0.0,1.2,player_ra_hito,RA,over,9,8.5,James Harden 9+ RA,1,
5bd2f5b7e4d5b07042d8bf3a6ec1a8353cf2a000,20260519_163344,2026-05-19T16:33:44-03:00,2026-05-19T19:33:44+00:00,betano,basketball,NBA,props_nba_20260519_163344.csv,New York Knicks Cleveland Cavaliers,new york knicks cleveland cavaliers,James Harden,james harden,RA (hitos),10+,0.0,1.39,player_ra_hito,RA,over,10,9.5,James Harden 10+ RA,1,
10343d3c97155c7a20cefa228c508199c0a893c0,20260519_163344,2026-05-19T16:33:44-03:00,2026-05-19T19:33:44+00:00,betano,basketball,NBA,props_nba_20260519_163344.csv,New York Knicks Cleveland Cavaliers,new york knicks cleveland cavaliers,James Harden,james harden,RA (hitos),11+,0.0,1.67,player_ra_hito,RA,over,11,10.5,James Harden 11+ RA,1,
c8bf69a857c519467886e153f3cd5315ab6a44d5,20260519_163344,2026-05-19T16:33:44-03:00,2026-05-19T19:33:44+00:00,betano,basketball,NBA,props_nba_20260519_163344.csv,New York Knicks Cleveland Cavaliers,new york knicks cleveland cavaliers,James Harden,james harden,RA (hitos),12+,0.0,2.12,player_ra_hito,RA,over,12,11.5,James Harden 12+ RA,1,
6233a4072620e00e652603d2a3c501c03b4ebb65,20260519_163344,2026-05-19T16:33:44-03:00,2026-05-19T19:33:44+00:00,betano,basketball,NBA,props_nba_20260519_163344.csv,New York Knicks Cleveland Cavaliers,new york knicks cleveland cavaliers,James Harden,james harden,RA (hitos),13+,0.0,2.8,player_ra_hito,RA,over,13,12.5,James Harden 13+ RA,1,
f9684e73ba14f111bab81583afbec3a39e985590,20260519_163344,2026-05-19T16:33:44-03:00,2026-05-19T19:33:44+00:00,betano,basketball,NBA,props_nba_20260519_163344.csv,New York Knicks Cleveland Cavaliers,new york knicks cleveland cavaliers,James Harden,james harden,RA (hitos),14+,0.0,3.85,player_ra_hito,RA,over,14,13.5,James Harden 14+ RA,1,
786e11dee70399a31a6fbb2c075a5a042b567af3,20260519_163344,2026-05-19T16:33:44-03:00,2026-05-19T19:33:44+00:00,betano,basketball,NBA,props_nba_20260519_163344.csv,New York Knicks Cleveland Cavaliers,new york knicks cleveland cavaliers,James Harden,james harden,RA (hitos),15+,0.0,5.4,player_ra_hito,RA,over,15,14.5,James Harden 15+ RA,1,
4fa5e1f14d4d0cee23027e5806f0092d4d421547,20260519_163344,2026-05-19T16:33:44-03:00,2026-05-19T19:33:44+00:00,betano,basketball,NBA,props_nba_20260519_163344.csv,New York Knicks Cleveland Cavaliers,new york knicks cleveland cavaliers,James Harden,james harden,RA (hitos),16+,0.0,7.5,player_ra_hito,RA,over,16,15.5,James Harden 16+ RA,1,
036376ea450d192cb936b94b8f3056c3e56cc749,20260519_163344,2026-05-19T16:33:44-03:00,2026-05-19T19:33:44+00:00,betano,basketball,NBA,props_nba_20260519_163344.csv,New York Knicks Cleveland Cavaliers,new york knicks cleveland cavaliers,James Harden,james harden,RA (hitos),17+,0.0,10.25,player_ra_hito,RA,over,17,16.5,James Harden 17+ RA,1,
1117b8626476ab83672e91ce3cb1524a89e91a1d,20260519_163344,2026-05-19T16:33:44-03:00,2026-05-19T19:33:44+00:00,betano,basketball,NBA,props_nba_20260519_163344.csv,New York Knicks Cleveland Cavaliers,new york knicks cleveland cavaliers,Jalen Brunson,jalen brunson,RA (hitos),9+,0.0,1.6,player_ra_hito,RA,over,9,8.5,Jalen Brunson 9+ RA,1,
0853c820ae8d04e8b837bd45805e009536866a32,20260519_163344,2026-05-19T16:33:44-03:00,2026-05-19T19:33:44+00:00,betano,basketball,NBA,props_nba_20260519_163344.csv,New York Knicks Cleveland Cavaliers,new york knicks cleveland cavaliers,Jalen Brunson,jalen brunson,RA (hitos),10+,0.0,2.02,player_ra_hito,RA,over,10,9.5,Jalen Brunson 10+ RA,1,
a4ae04a290e4086a78999d33806c1140f3062adf,20260519_163344,2026-05-19T16:33:44-03:00,2026-05-19T19:33:44+00:00,betano,basketball,NBA,props_nba_20260519_163344.csv,New York Knicks Cleveland Cavaliers,new york knicks cleveland cavaliers,Jalen Brunson,jalen brunson,RA (hitos),11+,0.0,2.7,player_ra_hito,RA,over,11,10.5,Jalen Brunson 11+ RA,1,
c4e60a0060d0188a9525b92137946c31bec86ae1,20260519_163344,2026-05-19T16:33:44-03:00,2026-05-19T19:33:44+00:00,betano,basketball,NBA,props_nba_20260519_163344.csv,New York Knicks Cleveland Cavaliers,new york knicks cleveland cavaliers,Jalen Brunson,jalen brunson,RA (hitos),12+,0.0,3.8,player_ra_hito,RA,over,12,11.5,Jalen Brunson 12+ RA,1,
db31b820d06b230c5f57d38b5c4f02d3fe4b42cc,20260519_163344,2026-05-19T16:33:44-03:00,2026-05-19T19:33:44+00:00,betano,basketball,NBA,props_nba_20260519_163344.csv,New York Knicks Cleveland Cavaliers,new york knicks cleveland cavaliers,Jalen Brunson,jalen brunson,RA (hitos),13+,0.0,5.4,player_ra_hito,RA,over,13,12.5,Jalen Brunson 13+ RA,1,
f902830280f2c4559bbff05e7cfd152099db3abc,20260519_163344,2026-05-19T16:33:44-03:00,2026-05-19T19:33:44+00:00,betano,basketball,NBA,props_nba_20260519_163344.csv,New York Knicks Cleveland Cavaliers,new york knicks cleveland cavaliers,Jalen Brunson,jalen brunson,RA (hitos),14+,0.0,7.9,player_ra_hito,RA,over,14,13.5,Jalen Brunson 14+ RA,1,
f76eb2f8decb67aa84d39dc915858ccc40c544b6,20260519_163344,2026-05-19T16:33:44-03:00,2026-05-19T19:33:44+00:00,betano,basketball,NBA,props_nba_20260519_163344.csv,New York Knicks Cleveland Cavaliers,new york knicks cleveland cavaliers,Jalen Brunson,jalen brunson,RA (hitos),15+,0.0,10.75,player_ra_hito,RA,over,15,14.5,Jalen Brunson 15+ RA,1,
a9381d1e713956071ceb032d241a3ab54b8ed481,20260519_163344,2026-05-19T16:33:44-03:00,2026-05-19T19:33:44+00:00,betano,basketball,NBA,props_nba_20260519_163344.csv,New York Knicks Cleveland Cavaliers,new york knicks cleveland cavaliers,Jalen Brunson,jalen brunson,RA (hitos),16+,0.0,13.5,player_ra_hito,RA,over,16,15.5,Jalen Brunson 16+ RA,1,
c156f1f5748090231e82606efdfe9a6751b9e9f5,20260519_163344,2026-05-19T16:33:44-03:00,2026-05-19T19:33:44+00:00,betano,basketball,NBA,props_nba_20260519_163344.csv,New York Knicks Cleveland Cavaliers,new york knicks cleveland cavaliers,Jarrett Allen,jarrett allen,RA (hitos),8+,0.0,1.45,player_ra_hito,RA,over,8,7.5,Jarrett Allen 8+ RA,1,
456ca1b7757a418aa5b451cac85caf00fac670f2,20260519_163344,2026-05-19T16:33:44-03:00,2026-05-19T19:33:44+00:00,betano,basketball,NBA,props_nba_20260519_163344.csv,New York Knicks Cleveland Cavaliers,new york knicks cleveland cavaliers,Jarrett Allen,jarrett allen,RA (hitos),9+,0.0,1.82,player_ra_hito,RA,over,9,8.5,Jarrett Allen 9+ RA,1,
4e790c257b96a3e2e007398f3fc2c3d478af2fe4,20260519_163344,2026-05-19T16:33:44-03:00,2026-05-19T19:33:44+00:00,betano,basketball,NBA,props_nba_20260519_163344.csv,New York Knicks Cleveland Cavaliers,new york knicks cleveland cavaliers,Jarrett Allen,jarrett allen,RA (hitos),10+,0.0,2.42,player_ra_hito,RA,over,10,9.5,Jarrett Allen 10+ RA,1,
87cce95f5a7ee586ffec4e355d764ec3517cb990,20260519_163344,2026-05-19T16:33:44-03:00,2026-05-19T19:33:44+00:00,betano,basketball,NBA,props_nba_20260519_163344.csv,New York Knicks Cleveland Cavaliers,new york knicks cleveland cavaliers,Jarrett Allen,jarrett allen,RA (hitos),11+,0.0,3.35,player_ra_hito,RA,over,11,10.5,Jarrett Allen 11+ RA,1,
b58ead73b30975f00e52ce73c5faf6107d333db4,20260519_163344,2026-05-19T16:33:44-03:00,2026-05-19T19:33:44+00:00,betano,basketball,NBA,props_nba_20260519_163344.csv,New York Knicks Cleveland Cavaliers,new york knicks cleveland cavaliers,Jarrett Allen,jarrett allen,RA (hitos),12+,0.0,4.8,player_ra_hito,RA,over,12,11.5,Jarrett Allen 12+ RA,1,
b6d23942f1fd5f4e984c99bba33ef5403083d3f2,20260519_163344,2026-05-19T16:33:44-03:00,2026-05-19T19:33:44+00:00,betano,basketball,NBA,props_nba_20260519_163344.csv,New York Knicks Cleveland Cavaliers,new york knicks cleveland cavaliers,Jarrett Allen,jarrett allen,RA (hitos),13+,0.0,7,player_ra_hito,RA,over,13,12.5,Jarrett Allen 13+ RA,1,
e5196d7a203067e010b11e800e5c6669798cc514,20260519_163344,2026-05-19T16:33:44-03:00,2026-05-19T19:33:44+00:00,betano,basketball,NBA,props_nba_20260519_163344.csv,New York Knicks Cleveland Cavaliers,new york knicks cleveland cavaliers,Jarrett Allen,jarrett allen,RA (hitos),14+,0.0,9.75,player_ra_hito,RA,over,14,13.5,Jarrett Allen 14+ RA,1,
3a61ee879484a48458577bbd84fb78f68b7c6f4e,20260519_163344,2026-05-19T16:33:44-03:00,2026-05-19T19:33:44+00:00,betano,basketball,NBA,props_nba_20260519_163344.csv,New York Knicks Cleveland Cavaliers,new york knicks cleveland cavaliers,Jarrett Allen,jarrett allen,RA (hitos),15+,0.0,13,player_ra_hito,RA,over,15,14.5,Jarrett Allen 15+ RA,1,
8f1264200c6fbe171357fbc9cbdbfac154f1338f,20260519_163344,2026-05-19T16:33:44-03:00,2026-05-19T19:33:44+00:00,betano,basketball,NBA,props_nba_20260519_163344.csv,New York Knicks Cleveland Cavaliers,new york knicks cleveland cavaliers,Donovan Mitchell,donovan mitchell,RA (hitos),7+,0.0,1.3,player_ra_hito,RA,over,7,6.5,Donovan Mitchell 7+ RA,1,
1b125144fbae27d1f717f22dba748fd798be3e65,20260519_163344,2026-05-19T16:33:44-03:00,2026-05-19T19:33:44+00:00,betano,basketball,NBA,props_nba_20260519_163344.csv,New York Knicks Cleveland Cavaliers,new york knicks cleveland cavaliers,Donovan Mitchell,donovan mitchell,RA (hitos),8+,0.0,1.6,player_ra_hito,RA,over,8,7.5,Donovan Mitchell 8+ RA,1,
a5f1b77b710ecceb0c0e3d6a6963aebabec7b7fd,20260519_163344,2026-05-19T16:33:44-03:00,2026-05-19T19:33:44+00:00,betano,basketball,NBA,props_nba_20260519_163344.csv,New York Knicks Cleveland Cavaliers,new york knicks cleveland cavaliers,Donovan Mitchell,donovan mitchell,RA (hitos),9+,0.0,2.02,player_ra_hito,RA,over,9,8.5,Donovan Mitchell 9+ RA,1,
7d6816cf960e8edfd9bb4da0195fa7af20c8ffc0,20260519_163344,2026-05-19T16:33:44-03:00,2026-05-19T19:33:44+00:00,betano,basketball,NBA,props_nba_20260519_163344.csv,New York Knicks Cleveland Cavaliers,new york knicks cleveland cavaliers,Donovan Mitchell,donovan mitchell,RA (hitos),10+,0.0,2.77,player_ra_hito,RA,over,10,9.5,Donovan Mitchell 10+ RA,1,
0ec75862caef37879f6ec710c9bea0438481ae8f,20260519_163344,2026-05-19T16:33:44-03:00,2026-05-19T19:33:44+00:00,betano,basketball,NBA,props_nba_20260519_163344.csv,New York Knicks Cleveland Cavaliers,new york knicks cleveland cavaliers,Donovan Mitchell,donovan mitchell,RA (hitos),11+,0.0,4,player_ra_hito,RA,over,11,10.5,Donovan Mitchell 11+ RA,1,
b4da534a469369f8c5ba298b4cb839181ad2089f,20260519_163344,2026-05-19T16:33:44-03:00,2026-05-19T19:33:44+00:00,betano,basketball,NBA,props_nba_20260519_163344.csv,New York Knicks Cleveland Cavaliers,new york knicks cleveland cavaliers,Donovan Mitchell,donovan mitchell,RA (hitos),12+,0.0,5.8,player_ra_hito,RA,over,12,11.5,Donovan Mitchell 12+ RA,1,
bc6968c0efb8a736c3d73a9223dd426a08fc9011,20260519_163344,2026-05-19T16:33:44-03:00,2026-05-19T19:33:44+00:00,betano,basketball,NBA,props_nba_20260519_163344.csv,New York Knicks Cleveland Cavaliers,new york knicks cleveland cavaliers,Donovan Mitchell,donovan mitchell,RA (hitos),13+,0.0,8.5,player_ra_hito,RA,over,13,12.5,Donovan Mitchell 13+ RA,1,
8b79bde4a1b510a70cc8696c91b84c9eaec78e2f,20260519_163344,2026-05-19T16:33:44-03:00,2026-05-19T19:33:44+00:00,betano,basketball,NBA,props_nba_20260519_163344.csv,New York Knicks Cleveland Cavaliers,new york knicks cleveland cavaliers,Donovan Mitchell,donovan mitchell,RA (hitos),14+,0.0,11.5,player_ra_hito,RA,over,14,13.5,Donovan Mitchell 14+ RA,1,
7baab099c422e13973112d05bb426a932db228ab,20260519_163344,2026-05-19T16:33:44-03:00,2026-05-19T19:33:44+00:00,betano,basketball,NBA,props_nba_20260519_163344.csv,New York Knicks Cleveland Cavaliers,new york knicks cleveland cavaliers,Mitchell Robinson,mitchell robinson,RA (hitos),6+,0.0,1.25,player_ra_hito,RA,over,6,5.5,Mitchell Robinson 6+ RA,1,
9b4b9dacd95a07b00da5d60c35190195da742336,20260519_163344,2026-05-19T16:33:44-03:00,2026-05-19T19:33:44+00:00,betano,basketball,NBA,props_nba_20260519_163344.csv,New York Knicks Cleveland Cavaliers,new york knicks cleveland cavaliers,Mitchell Robinson,mitchell robinson,RA (hitos),7+,0.0,1.52,player_ra_hito,RA,over,7,6.5,Mitchell Robinson 7+ RA,1,
d37e2962ed7812ec295240a31d5fb43d5e739363,20260519_163344,2026-05-19T16:33:44-03:00,2026-05-19T19:33:44+00:00,betano,basketball,NBA,props_nba_20260519_163344.csv,New York Knicks Cleveland Cavaliers,new york knicks cleveland cavaliers,Mitchell Robinson,mitchell robinson,RA (hitos),8+,0.0,2,player_ra_hito,RA,over,8,7.5,Mitchell Robinson 8+ RA,1,
aafb020791ebab79904d7bd382b2f81c5423fd19,20260519_163344,2026-05-19T16:33:44-03:00,2026-05-19T19:33:44+00:00,betano,basketball,NBA,props_nba_20260519_163344.csv,New York Knicks Cleveland Cavaliers,new york knicks cleveland cavaliers,Mitchell Robinson,mitchell robinson,RA (hitos),9+,0.0,2.77,player_ra_hito,RA,over,9,8.5,Mitchell Robinson 9+ RA,1,
9a390469025a28dfaa602fa065251f1a90cb60fe,20260519_163344,2026-05-19T16:33:44-03:00,2026-05-19T19:33:44+00:00,betano,basketball,NBA,props_nba_20260519_163344.csv,New York Knicks Cleveland Cavaliers,new york knicks cleveland cavaliers,Mitchell Robinson,mitchell robinson,RA (hitos),10+,0.0,4.05,player_ra_hito,RA,over,10,9.5,Mitchell Robinson 10+ RA,1,
ab8c93264de20b5544ad87b9fcab7e903fd2b63b,20260519_163344,2026-05-19T16:33:44-03:00,2026-05-19T19:33:44+00:00,betano,basketball,NBA,props_nba_20260519_163344.csv,New York Knicks Cleveland Cavaliers,new york knicks cleveland cavaliers,Mitchell Robinson,mitchell robinson,RA (hitos),11+,0.0,6,player_ra_hito,RA,over,11,10.5,Mitchell Robinson 11+ RA,1,
332959241f5d4b37955106a581a65202e6529fbb,20260519_163344,2026-05-19T16:33:44-03:00,2026-05-19T19:33:44+00:00,betano,basketball,NBA,props_nba_20260519_163344.csv,New York Knicks Cleveland Cavaliers,new york knicks cleveland cavaliers,Mitchell Robinson,mitchell robinson,RA (hitos),12+,0.0,8.75,player_ra_hito,RA,over,12,11.5,Mitchell Robinson 12+ RA,1,
d98c65d7f69e165394b710c97ab1ce5c377d98bc,20260519_163344,2026-05-19T16:33:44-03:00,2026-05-19T19:33:44+00:00,betano,basketball,NBA,props_nba_20260519_163344.csv,New York Knicks Cleveland Cavaliers,new york knicks cleveland cavaliers,Mitchell Robinson,mitchell robinson,RA (hitos),13+,0.0,12,player_ra_hito,RA,over,13,12.5,Mitchell Robinson 13+ RA,1,
228d8b83342af901258bbae1eb5ad798dfc69885,20260519_163344,2026-05-19T16:33:44-03:00,2026-05-19T19:33:44+00:00,betano,basketball,NBA,props_nba_20260519_163344.csv,New York Knicks Cleveland Cavaliers,new york knicks cleveland cavaliers,OG Anunoby,og anunoby,RA (hitos),6+,0.0,1.34,player_ra_hito,RA,over,6,5.5,OG Anunoby 6+ RA,1,
57d6a55c9b38055d9a0ac52c620704d9569c3457,20260519_163344,2026-05-19T16:33:44-03:00,2026-05-19T19:33:44+00:00,betano,basketball,NBA,props_nba_20260519_163344.csv,New York Knicks Cleveland Cavaliers,new york knicks cleveland cavaliers,OG Anunoby,og anunoby,RA (hitos),7+,0.0,1.67,player_ra_hito,RA,over,7,6.5,OG Anunoby 7+ RA,1,
1bd41871d748bf4bc6a752656d2b5b90b2eddeed,20260519_163344,2026-05-19T16:33:44-03:00,2026-05-19T19:33:44+00:00,betano,basketball,NBA,props_nba_20260519_163344.csv,New York Knicks Cleveland Cavaliers,new york knicks cleveland cavaliers,OG Anunoby,og anunoby,RA (hitos),8+,0.0,2.27,player_ra_hito,RA,over,8,7.5,OG Anunoby 8+ RA,1,
c73dc1ca56ae0f59719da6126e8fc7fa61b61ec8,20260519_163344,2026-05-19T16:33:44-03:00,2026-05-19T19:33:44+00:00,betano,basketball,NBA,props_nba_20260519_163344.csv,New York Knicks Cleveland Cavaliers,new york knicks cleveland cavaliers,OG Anunoby,og anunoby,RA (hitos),9+,0.0,3.25,player_ra_hito,RA,over,9,8.5,OG Anunoby 9+ RA,1,
721adb3639bf4a43ee95471fd77beeada5b5cfc9,20260519_163344,2026-05-19T16:33:44-03:00,2026-05-19T19:33:44+00:00,betano,basketball,NBA,props_nba_20260519_163344.csv,New York Knicks Cleveland Cavaliers,new york knicks cleveland cavaliers,OG Anunoby,og anunoby,RA (hitos),10+,0.0,4.8,player_ra_hito,RA,over,10,9.5,OG Anunoby 10+ RA,1,
19c53f4ffa07561cdfcb11ec381c297abbe9ba56,20260519_163344,2026-05-19T16:33:44-03:00,2026-05-19T19:33:44+00:00,betano,basketball,NBA,props_nba_20260519_163344.csv,New York Knicks Cleveland Cavaliers,new york knicks cleveland cavaliers,OG Anunoby,og anunoby,RA (hitos),11+,0.0,7.1,player_ra_hito,RA,over,11,10.5,OG Anunoby 11+ RA,1,
8b738c02489dfb86de92c9a4c133dd2f6364c2d6,20260519_163344,2026-05-19T16:33:44-03:00,2026-05-19T19:33:44+00:00,betano,basketball,NBA,props_nba_20260519_163344.csv,New York Knicks Cleveland Cavaliers,new york knicks cleveland cavaliers,OG Anunoby,og anunoby,RA (hitos),12+,0.0,10.25,player_ra_hito,RA,over,12,11.5,OG Anunoby 12+ RA,1,
42414855397783c1dba4b330e104d6fcbc622d64,20260519_163344,2026-05-19T16:33:44-03:00,2026-05-19T19:33:44+00:00,betano,basketball,NBA,props_nba_20260519_163344.csv,New York Knicks Cleveland Cavaliers,new york knicks cleveland cavaliers,OG Anunoby,og anunoby,RA (hitos),13+,0.0,13.5,player_ra_hito,RA,over,13,12.5,OG Anunoby 13+ RA,1,
9daac3f206b321b6e485536841b4fe92baa72208,20260519_163344,2026-05-19T16:33:44-03:00,2026-05-19T19:33:44+00:00,betano,basketball,NBA,props_nba_20260519_163344.csv,New York Knicks Cleveland Cavaliers,new york knicks cleveland cavaliers,Max Strus,max strus,RA (hitos),6+,0.0,1.42,player_ra_hito,RA,over,6,5.5,Max Strus 6+ RA,1,
e5796f09953342e829eb9a1b874ea66b0aba2321,20260519_163344,2026-05-19T16:33:44-03:00,2026-05-19T19:33:44+00:00,betano,basketball,NBA,props_nba_20260519_163344.csv,New York Knicks Cleveland Cavaliers,new york knicks cleveland cavaliers,Max Strus,max strus,RA (hitos),7+,0.0,1.85,player_ra_hito,RA,over,7,6.5,Max Strus 7+ RA,1,
c4ca4fb294316da6b18d748d32b899c960947a2d,20260519_163344,2026-05-19T16:33:44-03:00,2026-05-19T19:33:44+00:00,betano,basketball,NBA,props_nba_20260519_163344.csv,New York Knicks Cleveland Cavaliers,new york knicks cleveland cavaliers,Max Strus,max strus,RA (hitos),8+,0.0,2.57,player_ra_hito,RA,over,8,7.5,Max Strus 8+ RA,1,
b5dac096bc9062de040237aaca7bc30922a8e906,20260519_163344,2026-05-19T16:33:44-03:00,2026-05-19T19:33:44+00:00,betano,basketball,NBA,props_nba_20260519_163344.csv,New York Knicks Cleveland Cavaliers,new york knicks cleveland cavaliers,Max Strus,max strus,RA (hitos),9+,0.0,3.8,player_ra_hito,RA,over,9,8.5,Max Strus 9+ RA,1,
8947018a4bb10820ce99c70067ffd2f1bafca448,20260519_163344,2026-05-19T16:33:44-03:00,2026-05-19T19:33:44+00:00,betano,basketball,NBA,props_nba_20260519_163344.csv,New York Knicks Cleveland Cavaliers,new york knicks cleveland cavaliers,Max Strus,max strus,RA (hitos),10+,0.0,5.6,player_ra_hito,RA,over,10,9.5,Max Strus 10+ RA,1,
afeaa1617883df709e77b4cc0cce84cfd4ebc09e,20260519_163344,2026-05-19T16:33:44-03:00,2026-05-19T19:33:44+00:00,betano,basketball,NBA,props_nba_20260519_163344.csv,New York Knicks Cleveland Cavaliers,new york knicks cleveland cavaliers,Max Strus,max strus,RA (hitos),11+,0.0,8.5,player_ra_hito,RA,over,11,10.5,Max Strus 11+ RA,1,
d8e52664af4feb9afee6cbf6a1967f4be5d3383f,20260519_163344,2026-05-19T16:33:44-03:00,2026-05-19T19:33:44+00:00,betano,basketball,NBA,props_nba_20260519_163344.csv,New York Knicks Cleveland Cavaliers,new york knicks cleveland cavaliers,Max Strus,max strus,RA (hitos),12+,0.0,12,player_ra_hito,RA,over,12,11.5,Max Strus 12+ RA,1,
01db7344493a77ddf435c6ff45c6f438f81d5f79,20260519_163344,2026-05-19T16:33:44-03:00,2026-05-19T19:33:44+00:00,betano,basketball,NBA,props_nba_20260519_163344.csv,New York Knicks Cleveland Cavaliers,new york knicks cleveland cavaliers,Max Strus,max strus,RA (hitos),13+,0.0,15.5,player_ra_hito,RA,over,13,12.5,Max Strus 13+ RA,1,
af0a3268743c46c19678211952b0ded899d0106a,20260519_163344,2026-05-19T16:33:44-03:00,2026-05-19T19:33:44+00:00,betano,basketball,NBA,props_nba_20260519_163344.csv,New York Knicks Cleveland Cavaliers,new york knicks cleveland cavaliers,Mikal Bridges,mikal bridges,RA (hitos),5+,0.0,1.31,player_ra_hito,RA,over,5,4.5,Mikal Bridges 5+ RA,1,
25d37248f93c89d19ef6242aab528ac5bd9d1df8,20260519_163344,2026-05-19T16:33:44-03:00,2026-05-19T19:33:44+00:00,betano,basketball,NBA,props_nba_20260519_163344.csv,New York Knicks Cleveland Cavaliers,new york knicks cleveland cavaliers,Mikal Bridges,mikal bridges,RA (hitos),6+,0.0,1.67,player_ra_hito,RA,over,6,5.5,Mikal Bridges 6+ RA,1,
a4276ea46ab1f9d1d6a8b176bfc8ac4a86364d10,20260519_163344,2026-05-19T16:33:44-03:00,2026-05-19T19:33:44+00:00,betano,basketball,NBA,props_nba_20260519_163344.csv,New York Knicks Cleveland Cavaliers,new york knicks cleveland cavaliers,Mikal Bridges,mikal bridges,RA (hitos),7+,0.0,2.3,player_ra_hito,RA,over,7,6.5,Mikal Bridges 7+ RA,1,
64593456aea371f55d786ba0f0b6fc04d9fb4605,20260519_163344,2026-05-19T16:33:44-03:00,2026-05-19T19:33:44+00:00,betano,basketball,NBA,props_nba_20260519_163344.csv,New York Knicks Cleveland Cavaliers,new york knicks cleveland cavaliers,Mikal Bridges,mikal bridges,RA (hitos),8+,0.0,3.4,player_ra_hito,RA,over,8,7.5,Mikal Bridges 8+ RA,1,
c2ab4293940d264433f3c97edff208ad54bf0e23,20260519_163344,2026-05-19T16:33:44-03:00,2026-05-19T19:33:44+00:00,betano,basketball,NBA,props_nba_20260519_163344.csv,New York Knicks Cleveland Cavaliers,new york knicks cleveland cavaliers,Mikal Bridges,mikal bridges,RA (hitos),9+,0.0,5.2,player_ra_hito,RA,over,9,8.5,Mikal Bridges 9+ RA,1,
cef8f2b89df5346e4cfba5128ee7aaa3bc52744d,20260519_163344,2026-05-19T16:33:44-03:00,2026-05-19T19:33:44+00:00,betano,basketball,NBA,props_nba_20260519_163344.csv,New York Knicks Cleveland Cavaliers,new york knicks cleveland cavaliers,Mikal Bridges,mikal bridges,RA (hitos),10+,0.0,7.9,player_ra_hito,RA,over,10,9.5,Mikal Bridges 10+ RA,1,
b2bae02a4a8187f4bc38b7eb8901c69394c742eb,20260519_163344,2026-05-19T16:33:44-03:00,2026-05-19T19:33:44+00:00,betano,basketball,NBA,props_nba_20260519_163344.csv,New York Knicks Cleveland Cavaliers,new york knicks cleveland cavaliers,Dennis Schroder,dennis schroder,RA (hitos),4+,0.0,1.5,player_ra_hito,RA,over,4,3.5,Dennis Schroder 4+ RA,1,
44fccc5a7d665b86baf0032588554c165a61bc71,20260519_163344,2026-05-19T16:33:44-03:00,2026-05-19T19:33:44+00:00,betano,basketball,NBA,props_nba_20260519_163344.csv,New York Knicks Cleveland Cavaliers,new york knicks cleveland cavaliers,Dennis Schroder,dennis schroder,RA (hitos),5+,0.0,2.1,player_ra_hito,RA,over,5,4.5,Dennis Schroder 5+ RA,1,
95a7c961c66c510d562aebec57bc9dad68e7033a,20260519_163344,2026-05-19T16:33:44-03:00,2026-05-19T19:33:44+00:00,betano,basketball,NBA,props_nba_20260519_163344.csv,New York Knicks Cleveland Cavaliers,new york knicks cleveland cavaliers,Dennis Schroder,dennis schroder,RA (hitos),6+,0.0,3.3,player_ra_hito,RA,over,6,5.5,Dennis Schroder 6+ RA,1,
58f923a8706098b5aff21a5a52c297aaaae52cda,20260519_163344,2026-05-19T16:33:44-03:00,2026-05-19T19:33:44+00:00,betano,basketball,NBA,props_nba_20260519_163344.csv,New York Knicks Cleveland Cavaliers,new york knicks cleveland cavaliers,Dennis Schroder,dennis schroder,RA (hitos),7+,0.0,5.3,player_ra_hito,RA,over,7,6.5,Dennis Schroder 7+ RA,1,
ad69c1ff62fb30fcb1e60ec33ef9c8fe914b1f75,20260519_163344,2026-05-19T16:33:44-03:00,2026-05-19T19:33:44+00:00,betano,basketball,NBA,props_nba_20260519_163344.csv,New York Knicks Cleveland Cavaliers,new york knicks cleveland cavaliers,Dennis Schroder,dennis schroder,RA (hitos),8+,0.0,8.5,player_ra_hito,RA,over,8,7.5,Dennis Schroder 8+ RA,1,
25a8e9e62063ee6f5eca627c1591c00849700c08,20260519_163344,2026-05-19T16:33:44-03:00,2026-05-19T19:33:44+00:00,betano,basketball,NBA,props_nba_20260519_163344.csv,New York Knicks Cleveland Cavaliers,new york knicks cleveland cavaliers,Dennis Schroder,dennis schroder,RA (hitos),9+,0.0,12.5,player_ra_hito,RA,over,9,8.5,Dennis Schroder 9+ RA,1,
61baa8e3c6206b6f1cb48c98ed453c16aa6a61d0,20260519_163344,2026-05-19T16:33:44-03:00,2026-05-19T19:33:44+00:00,betano,basketball,NBA,props_nba_20260519_163344.csv,New York Knicks Cleveland Cavaliers,new york knicks cleveland cavaliers,Dean Wade,dean wade,RA (hitos),4+,0.0,1.52,player_ra_hito,RA,over,4,3.5,Dean Wade 4+ RA,1,
cfe723dc6511c9105c332d06a50761ae6807221a,20260519_163344,2026-05-19T16:33:44-03:00,2026-05-19T19:33:44+00:00,betano,basketball,NBA,props_nba_20260519_163344.csv,New York Knicks Cleveland Cavaliers,new york knicks cleveland cavaliers,Dean Wade,dean wade,RA (hitos),5+,0.0,2.15,player_ra_hito,RA,over,5,4.5,Dean Wade 5+ RA,1,
a955981b3bfa9787528c13f59498131587bac26a,20260519_163344,2026-05-19T16:33:44-03:00,2026-05-19T19:33:44+00:00,betano,basketball,NBA,props_nba_20260519_163344.csv,New York Knicks Cleveland Cavaliers,new york knicks cleveland cavaliers,Dean Wade,dean wade,RA (hitos),6+,0.0,3.4,player_ra_hito,RA,over,6,5.5,Dean Wade 6+ RA,1,
a6923adbafee8811e9c77209336376791651564d,20260519_163344,2026-05-19T16:33:44-03:00,2026-05-19T19:33:44+00:00,betano,basketball,NBA,props_nba_20260519_163344.csv,New York Knicks Cleveland Cavaliers,new york knicks cleveland cavaliers,Dean Wade,dean wade,RA (hitos),7+,0.0,5.6,player_ra_hito,RA,over,7,6.5,Dean Wade 7+ RA,1,
dc361eb003679934c859bfe4d45a4730106bfc63,20260519_163344,2026-05-19T16:33:44-03:00,2026-05-19T19:33:44+00:00,betano,basketball,NBA,props_nba_20260519_163344.csv,New York Knicks Cleveland Cavaliers,new york knicks cleveland cavaliers,Dean Wade,dean wade,RA (hitos),8+,0.0,9,player_ra_hito,RA,over,8,7.5,Dean Wade 8+ RA,1,
90566733c3e6b546553896469716f506270ea9e2,20260519_163344,2026-05-19T16:33:44-03:00,2026-05-19T19:33:44+00:00,betano,basketball,NBA,props_nba_20260519_163344.csv,New York Knicks Cleveland Cavaliers,new york knicks cleveland cavaliers,Dean Wade,dean wade,RA (hitos),9+,0.0,13,player_ra_hito,RA,over,9,8.5,Dean Wade 9+ RA,1,
bd358c4281df8add1019cb133b6847e400d111f9,20260519_163344,2026-05-19T16:33:44-03:00,2026-05-19T19:33:44+00:00,betano,basketball,NBA,props_nba_20260519_163344.csv,New York Knicks Cleveland Cavaliers,new york knicks cleveland cavaliers,Miles McBride,miles mcbride,RA (hitos),2+,0.0,1.1,player_ra_hito,RA,over,2,1.5,Miles McBride 2+ RA,1,
fee5702f3a88e3a29e0a808b12d5de6b80262197,20260519_163344,2026-05-19T16:33:44-03:00,2026-05-19T19:33:44+00:00,betano,basketball,NBA,props_nba_20260519_163344.csv,New York Knicks Cleveland Cavaliers,new york knicks cleveland cavaliers,Miles McBride,miles mcbride,RA (hitos),3+,0.0,1.45,player_ra_hito,RA,over,3,2.5,Miles McBride 3+ RA,1,
c64a4515c5fe33ad751b5cae3578c9dca63b69b4,20260519_163344,2026-05-19T16:33:44-03:00,2026-05-19T19:33:44+00:00,betano,basketball,NBA,props_nba_20260519_163344.csv,New York Knicks Cleveland Cavaliers,new york knicks cleveland cavaliers,Miles McBride,miles mcbride,RA (hitos),4+,0.0,2.18,player_ra_hito,RA,over,4,3.5,Miles McBride 4+ RA,1,
118b4ed87040cb7d519fdac16974a876dab12b48,20260519_163344,2026-05-19T16:33:44-03:00,2026-05-19T19:33:44+00:00,betano,basketball,NBA,props_nba_20260519_163344.csv,New York Knicks Cleveland Cavaliers,new york knicks cleveland cavaliers,Miles McBride,miles mcbride,RA (hitos),5+,0.0,3.55,player_ra_hito,RA,over,5,4.5,Miles McBride 5+ RA,1,
2f547025a31a62caf0505261ca4097e4a11d2a8e,20260519_163344,2026-05-19T16:33:44-03:00,2026-05-19T19:33:44+00:00,betano,basketball,NBA,props_nba_20260519_163344.csv,New York Knicks Cleveland Cavaliers,new york knicks cleveland cavaliers,Sam Merrill,sam merrill,RA (hitos),2+,0.0,1.16,player_ra_hito,RA,over,2,1.5,Sam Merrill 2+ RA,1,
7de5a175639146169e5c7946249c63a723bb0226,20260519_163344,2026-05-19T16:33:44-03:00,2026-05-19T19:33:44+00:00,betano,basketball,NBA,props_nba_20260519_163344.csv,New York Knicks Cleveland Cavaliers,new york knicks cleveland cavaliers,Sam Merrill,sam merrill,RA (hitos),3+,0.0,1.57,player_ra_hito,RA,over,3,2.5,Sam Merrill 3+ RA,1,
1a832a9f06925ee569a39c7670373a45f78a9367,20260519_163344,2026-05-19T16:33:44-03:00,2026-05-19T19:33:44+00:00,betano,basketball,NBA,props_nba_20260519_163344.csv,New York Knicks Cleveland Cavaliers,new york knicks cleveland cavaliers,Sam Merrill,sam merrill,RA (hitos),4+,0.0,2.47,player_ra_hito,RA,over,4,3.5,Sam Merrill 4+ RA,1,
afe4eec685b9912bba5156c9f1f1c91c04e35eb5,20260519_163344,2026-05-19T16:33:44-03:00,2026-05-19T19:33:44+00:00,betano,basketball,NBA,props_nba_20260519_163344.csv,New York Knicks Cleveland Cavaliers,new york knicks cleveland cavaliers,Sam Merrill,sam merrill,RA (hitos),5+,0.0,4.25,player_ra_hito,RA,over,5,4.5,Sam Merrill 5+ RA,1,
6baf2a82a65d28d38af894642a2d426615e57361,20260519_163344,2026-05-19T16:33:44-03:00,2026-05-19T19:33:44+00:00,betano,basketball,NBA,props_nba_20260519_163344.csv,New York Knicks Cleveland Cavaliers,new york knicks cleveland cavaliers,Jordan Clarkson,jordan clarkson,RA (hitos),2+,0.0,1.36,player_ra_hito,RA,over,2,1.5,Jordan Clarkson 2+ RA,1,
9bf20be389e9bbd574af3ebc354b8f9c3e2751a5,20260519_163344,2026-05-19T16:33:44-03:00,2026-05-19T19:33:44+00:00,betano,basketball,NBA,props_nba_20260519_163344.csv,New York Knicks Cleveland Cavaliers,new york knicks cleveland cavaliers,Jordan Clarkson,jordan clarkson,RA (hitos),3+,0.0,2.12,player_ra_hito,RA,over,3,2.5,Jordan Clarkson 3+ RA,1,
ac4966dc50572be16374142cf07fb32852f5919d,20260519_163344,2026-05-19T16:33:44-03:00,2026-05-19T19:33:44+00:00,betano,basketball,NBA,props_nba_20260519_163344.csv,New York Knicks Cleveland Cavaliers,new york knicks cleveland cavaliers,Jordan Clarkson,jordan clarkson,RA (hitos),4+,0.0,3.8,player_ra_hito,RA,over,4,3.5,Jordan Clarkson 4+ RA,1,
f236360d17d27130b5e37a16e110d58c8d480c25,20260519_163344,2026-05-19T16:33:44-03:00,2026-05-19T19:33:44+00:00,betano,basketball,NBA,props_nba_20260519_163344.csv,New York Knicks Cleveland Cavaliers,new york knicks cleveland cavaliers,Jordan Clarkson,jordan clarkson,RA (hitos),5+,0.0,7.2,player_ra_hito,RA,over,5,4.5,Jordan Clarkson 5+ RA,1,
cd0456c9735b68ebf54232311ee190f59bfb58ac,20260519_163344,2026-05-19T16:33:44-03:00,2026-05-19T19:33:44+00:00,betano,basketball,NBA,props_nba_20260519_163344.csv,New York Knicks Cleveland Cavaliers,new york knicks cleveland cavaliers,Jose Alvarado,jose alvarado,RA (hitos),1+,0.0,1.08,player_ra_hito,RA,over,1,0.5,Jose Alvarado 1+ RA,1,
811ff9eae111efb19d2f4a740b97fd32ced77533,20260519_163344,2026-05-19T16:33:44-03:00,2026-05-19T19:33:44+00:00,betano,basketball,NBA,props_nba_20260519_163344.csv,New York Knicks Cleveland Cavaliers,new york knicks cleveland cavaliers,Jose Alvarado,jose alvarado,RA (hitos),2+,0.0,1.52,player_ra_hito,RA,over,2,1.5,Jose Alvarado 2+ RA,1,
a29511dc384819740e084540377a56695e77edda,20260519_163344,2026-05-19T16:33:44-03:00,2026-05-19T19:33:44+00:00,betano,basketball,NBA,props_nba_20260519_163344.csv,New York Knicks Cleveland Cavaliers,new york knicks cleveland cavaliers,Jose Alvarado,jose alvarado,RA (hitos),3+,0.0,2.62,player_ra_hito,RA,over,3,2.5,Jose Alvarado 3+ RA,1,
7eadfd9dc347b8237fd95f1bd7bad53aa8d70cbd,20260519_163344,2026-05-19T16:33:44-03:00,2026-05-19T19:33:44+00:00,betano,basketball,NBA,props_nba_20260519_163344.csv,New York Knicks Cleveland Cavaliers,new york knicks cleveland cavaliers,Jose Alvarado,jose alvarado,RA (hitos),4+,0.0,5,player_ra_hito,RA,over,4,3.5,Jose Alvarado 4+ RA,1,
8e5a98ff6cc8b6ed036aaaa61d0f0b9292eeb0c6,20260519_163344,2026-05-19T16:33:44-03:00,2026-05-19T19:33:44+00:00,betano,basketball,NBA,props_nba_20260519_163344.csv,Oklahoma City Thunder San Antonio Spurs,oklahoma city thunder san antonio spurs,Shai Gilgeous-Alexander,shai gilgeous alexander,Puntos (hitos),26+,0.0,1.47,player_points_hito,PTS,over,26,25.5,Shai Gilgeous-Alexander 26+ PTS,1,
66604732a0c9d2a39d947339e8796296cb217ec0,20260519_163344,2026-05-19T16:33:44-03:00,2026-05-19T19:33:44+00:00,betano,basketball,NBA,props_nba_20260519_163344.csv,Oklahoma City Thunder San Antonio Spurs,oklahoma city thunder san antonio spurs,Shai Gilgeous-Alexander,shai gilgeous alexander,Puntos (hitos),27+,0.0,1.62,player_points_hito,PTS,over,27,26.5,Shai Gilgeous-Alexander 27+ PTS,1,
6b584479e6d5a8a31f1408b62d0a439838307ee3,20260519_163344,2026-05-19T16:33:44-03:00,2026-05-19T19:33:44+00:00,betano,basketball,NBA,props_nba_20260519_163344.csv,Oklahoma City Thunder San Antonio Spurs,oklahoma city thunder san antonio spurs,Shai Gilgeous-Alexander,shai gilgeous alexander,Puntos (hitos),28+,0.0,1.78,player_points_hito,PTS,over,28,27.5,Shai Gilgeous-Alexander 28+ PTS,1,
35ea0c47163ca445c9105c36aa1b6946b752abd0,20260519_163344,2026-05-19T16:33:44-03:00,2026-05-19T19:33:44+00:00,betano,basketball,NBA,props_nba_20260519_163344.csv,Oklahoma City Thunder San Antonio Spurs,oklahoma city thunder san antonio spurs,Shai Gilgeous-Alexander,shai gilgeous alexander,Puntos (hitos),29+,0.0,1.95,player_points_hito,PTS,over,29,28.5,Shai Gilgeous-Alexander 29+ PTS,1,
bf259454878523ded350290ef2f12825cda91f3b,20260519_163344,2026-05-19T16:33:44-03:00,2026-05-19T19:33:44+00:00,betano,basketball,NBA,props_nba_20260519_163344.csv,Oklahoma City Thunder San Antonio Spurs,oklahoma city thunder san antonio spurs,Shai Gilgeous-Alexander,shai gilgeous alexander,Puntos (hitos),30+,0.0,2.18,player_points_hito,PTS,over,30,29.5,Shai Gilgeous-Alexander 30+ PTS,1,
a1e9d2303c202410fffe55446212da94e3984759,20260519_163344,2026-05-19T16:33:44-03:00,2026-05-19T19:33:44+00:00,betano,basketball,NBA,props_nba_20260519_163344.csv,Oklahoma City Thunder San Antonio Spurs,oklahoma city thunder san antonio spurs,Shai Gilgeous-Alexander,shai gilgeous alexander,Puntos (hitos),31+,0.0,2.45,player_points_hito,PTS,over,31,30.5,Shai Gilgeous-Alexander 31+ PTS,1,
e7d82fc461347d0109d262fe2bb2eacc43cbc01d,20260519_163344,2026-05-19T16:33:44-03:00,2026-05-19T19:33:44+00:00,betano,basketball,NBA,props_nba_20260519_163344.csv,Oklahoma City Thunder San Antonio Spurs,oklahoma city thunder san antonio spurs,Shai Gilgeous-Alexander,shai gilgeous alexander,Puntos (hitos),32+,0.0,2.77,player_points_hito,PTS,over,32,31.5,Shai Gilgeous-Alexander 32+ PTS,1,
f6436ae041d018f05aa5d294950004e87699108c,20260519_163344,2026-05-19T16:33:44-03:00,2026-05-19T19:33:44+00:00,betano,basketball,NBA,props_nba_20260519_163344.csv,Oklahoma City Thunder San Antonio Spurs,oklahoma city thunder san antonio spurs,Shai Gilgeous-Alexander,shai gilgeous alexander,Puntos (hitos),33+,0.0,3.15,player_points_hito,PTS,over,33,32.5,Shai Gilgeous-Alexander 33+ PTS,1,
f34893a702a61fdb86cdbbda9ecc47961a57a5b7,20260519_163344,2026-05-19T16:33:44-03:00,2026-05-19T19:33:44+00:00,betano,basketball,NBA,props_nba_20260519_163344.csv,Oklahoma City Thunder San Antonio Spurs,oklahoma city thunder san antonio spurs,Shai Gilgeous-Alexander,shai gilgeous alexander,Puntos (hitos),34+,0.0,3.65,player_points_hito,PTS,over,34,33.5,Shai Gilgeous-Alexander 34+ PTS,1,
345fc719976e40c3dd6eedd6f87ef4a72aca846e,20260519_163344,2026-05-19T16:33:44-03:00,2026-05-19T19:33:44+00:00,betano,basketball,NBA,props_nba_20260519_163344.csv,Oklahoma City Thunder San Antonio Spurs,oklahoma city thunder san antonio spurs,Victor Wembanyama,victor wembanyama,Puntos (hitos),23+,0.0,1.45,player_points_hito,PTS,over,23,22.5,Victor Wembanyama 23+ PTS,1,
aafaae94a32b750cf069020f7423d79007408b87,20260519_163344,2026-05-19T16:33:44-03:00,2026-05-19T19:33:44+00:00,betano,basketball,NBA,props_nba_20260519_163344.csv,Oklahoma City Thunder San Antonio Spurs,oklahoma city thunder san antonio spurs,Victor Wembanyama,victor wembanyama,Puntos (hitos),24+,0.0,1.57,player_points_hito,PTS,over,24,23.5,Victor Wembanyama 24+ PTS,1,
20e58671924e78479cbd59d345f832e7684265d6,20260519_163344,2026-05-19T16:33:44-03:00,2026-05-19T19:33:44+00:00,betano,basketball,NBA,props_nba_20260519_163344.csv,Oklahoma City Thunder San Antonio Spurs,oklahoma city thunder san antonio spurs,Victor Wembanyama,victor wembanyama,Puntos (hitos),25+,0.0,1.72,player_points_hito,PTS,over,25,24.5,Victor Wembanyama 25+ PTS,1,
477631c94e09166b3981fb1a718120aebc118bf0,20260519_163344,2026-05-19T16:33:44-03:00,2026-05-19T19:33:44+00:00,betano,basketball,NBA,props_nba_20260519_163344.csv,Oklahoma City Thunder San Antonio Spurs,oklahoma city thunder san antonio spurs,Victor Wembanyama,victor wembanyama,Puntos (hitos),26+,0.0,1.91,player_points_hito,PTS,over,26,25.5,Victor Wembanyama 26+ PTS,1,
ebaa2d479e625f1c431c41ce6641c776d54462c3,20260519_163344,2026-05-19T16:33:44-03:00,2026-05-19T19:33:44+00:00,betano,basketball,NBA,props_nba_20260519_163344.csv,Oklahoma City Thunder San Antonio Spurs,oklahoma city thunder san antonio spurs,Victor Wembanyama,victor wembanyama,Puntos (hitos),27+,0.0,2.15,player_points_hito,PTS,over,27,26.5,Victor Wembanyama 27+ PTS,1,
200b2980a8120ea42a06afaf7dff8f69c692bdf3,20260519_163344,2026-05-19T16:33:44-03:00,2026-05-19T19:33:44+00:00,betano,basketball,NBA,props_nba_20260519_163344.csv,Oklahoma City Thunder San Antonio Spurs,oklahoma city thunder san antonio spurs,Victor Wembanyama,victor wembanyama,Puntos (hitos),28+,0.0,2.4,player_points_hito,PTS,over,28,27.5,Victor Wembanyama 28+ PTS,1,
e0fab4e8e4128667da5df5d50a6c08e625b90032,20260519_163344,2026-05-19T16:33:44-03:00,2026-05-19T19:33:44+00:00,betano,basketball,NBA,props_nba_20260519_163344.csv,Oklahoma City Thunder San Antonio Spurs,oklahoma city thunder san antonio spurs,Victor Wembanyama,victor wembanyama,Puntos (hitos),29+,0.0,2.75,player_points_hito,PTS,over,29,28.5,Victor Wembanyama 29+ PTS,1,
6ec1e7c37b975e20255f35632a7c54290e4c6672,20260519_163344,2026-05-19T16:33:44-03:00,2026-05-19T19:33:44+00:00,betano,basketball,NBA,props_nba_20260519_163344.csv,Oklahoma City Thunder San Antonio Spurs,oklahoma city thunder san antonio spurs,Victor Wembanyama,victor wembanyama,Puntos (hitos),30+,0.0,3.1,player_points_hito,PTS,over,30,29.5,Victor Wembanyama 30+ PTS,1,
68615554bce39a2fe65d34ffc4f8394a332d7101,20260519_163344,2026-05-19T16:33:44-03:00,2026-05-19T19:33:44+00:00,betano,basketball,NBA,props_nba_20260519_163344.csv,Oklahoma City Thunder San Antonio Spurs,oklahoma city thunder san antonio spurs,Victor Wembanyama,victor wembanyama,Puntos (hitos),31+,0.0,3.6,player_points_hito,PTS,over,31,30.5,Victor Wembanyama 31+ PTS,1,
8b97629778b00f0a6d0046de9f00ffd1bdabb168,20260519_163344,2026-05-19T16:33:44-03:00,2026-05-19T19:33:44+00:00,betano,basketball,NBA,props_nba_20260519_163344.csv,Oklahoma City Thunder San Antonio Spurs,oklahoma city thunder san antonio spurs,Jalen Williams,jalen williams,Puntos (hitos),15+,0.0,1.36,player_points_hito,PTS,over,15,14.5,Jalen Williams 15+ PTS,1,
e5409d633cf1ec09a04ad661c10844c1876a9189,20260519_163344,2026-05-19T16:33:44-03:00,2026-05-19T19:33:44+00:00,betano,basketball,NBA,props_nba_20260519_163344.csv,Oklahoma City Thunder San Antonio Spurs,oklahoma city thunder san antonio spurs,Jalen Williams,jalen williams,Puntos (hitos),16+,0.0,1.47,player_points_hito,PTS,over,16,15.5,Jalen Williams 16+ PTS,1,
9d0e2dc6a5db7d899be9bdabff88246a620138a3,20260519_163344,2026-05-19T16:33:44-03:00,2026-05-19T19:33:44+00:00,betano,basketball,NBA,props_nba_20260519_163344.csv,Oklahoma City Thunder San Antonio Spurs,oklahoma city thunder san antonio spurs,Jalen Williams,jalen williams,Puntos (hitos),17+,0.0,1.65,player_points_hito,PTS,over,17,16.5,Jalen Williams 17+ PTS,1,
91934ec8780a610047849c4059e5705c92e0bb53,20260519_163344,2026-05-19T16:33:44-03:00,2026-05-19T19:33:44+00:00,betano,basketball,NBA,props_nba_20260519_163344.csv,Oklahoma City Thunder San Antonio Spurs,oklahoma city thunder san antonio spurs,Jalen Williams,jalen williams,Puntos (hitos),18+,0.0,1.85,player_points_hito,PTS,over,18,17.5,Jalen Williams 18+ PTS,1,
e6e254ca905d589fce98d4918bff0d136720671d,20260519_163344,2026-05-19T16:33:44-03:00,2026-05-19T19:33:44+00:00,betano,basketball,NBA,props_nba_20260519_163344.csv,Oklahoma City Thunder San Antonio Spurs,oklahoma city thunder san antonio spurs,Jalen Williams,jalen williams,Puntos (hitos),19+,0.0,2.1,player_points_hito,PTS,over,19,18.5,Jalen Williams 19+ PTS,1,
5b7623dd799d3537b1c62e1099f4f2df27babdaf,20260519_163344,2026-05-19T16:33:44-03:00,2026-05-19T19:33:44+00:00,betano,basketball,NBA,props_nba_20260519_163344.csv,Oklahoma City Thunder San Antonio Spurs,oklahoma city thunder san antonio spurs,Jalen Williams,jalen williams,Puntos (hitos),20+,0.0,2.42,player_points_hito,PTS,over,20,19.5,Jalen Williams 20+ PTS,1,
c49a28a2d5b163081ae2b56c30816b9df4084298,20260519_163344,2026-05-19T16:33:44-03:00,2026-05-19T19:33:44+00:00,betano,basketball,NBA,props_nba_20260519_163344.csv,Oklahoma City Thunder San Antonio Spurs,oklahoma city thunder san antonio spurs,Jalen Williams,jalen williams,Puntos (hitos),21+,0.0,2.82,player_points_hito,PTS,over,21,20.5,Jalen Williams 21+ PTS,1,
7ac3b0a3b2ac5abd9e6a15c5b594db85bd303afb,20260519_163344,2026-05-19T16:33:44-03:00,2026-05-19T19:33:44+00:00,betano,basketball,NBA,props_nba_20260519_163344.csv,Oklahoma City Thunder San Antonio Spurs,oklahoma city thunder san antonio spurs,Jalen Williams,jalen williams,Puntos (hitos),22+,0.0,3.35,player_points_hito,PTS,over,22,21.5,Jalen Williams 22+ PTS,1,
bbcec76e4f3e20b098c3fa890edc013c0c7f5912,20260519_163344,2026-05-19T16:33:44-03:00,2026-05-19T19:33:44+00:00,betano,basketball,NBA,props_nba_20260519_163344.csv,Oklahoma City Thunder San Antonio Spurs,oklahoma city thunder san antonio spurs,Jalen Williams,jalen williams,Puntos (hitos),23+,0.0,3.95,player_points_hito,PTS,over,23,22.5,Jalen Williams 23+ PTS,1,
f1e847c96bb181cc268ffc0dd61fcb730f2a880c,20260519_163344,2026-05-19T16:33:44-03:00,2026-05-19T19:33:44+00:00,betano,basketball,NBA,props_nba_20260519_163344.csv,Oklahoma City Thunder San Antonio Spurs,oklahoma city thunder san antonio spurs,Stephon Castle,stephon castle,Puntos (hitos),15+,0.0,1.53,player_points_hito,PTS,over,15,14.5,Stephon Castle 15+ PTS,1,
06b7e21c7955481f9319113f970818e5b0e2466e,20260519_163344,2026-05-19T16:33:44-03:00,2026-05-19T19:33:44+00:00,betano,basketball,NBA,props_nba_20260519_163344.csv,Oklahoma City Thunder San Antonio Spurs,oklahoma city thunder san antonio spurs,Stephon Castle,stephon castle,Puntos (hitos),16+,0.0,1.7,player_points_hito,PTS,over,16,15.5,Stephon Castle 16+ PTS,1,
91e695ec0376777a6f95199e61eb89cc386aa223,20260519_163344,2026-05-19T16:33:44-03:00,2026-05-19T19:33:44+00:00,betano,basketball,NBA,props_nba_20260519_163344.csv,Oklahoma City Thunder San Antonio Spurs,oklahoma city thunder san antonio spurs,Stephon Castle,stephon castle,Puntos (hitos),17+,0.0,1.91,player_points_hito,PTS,over,17,16.5,Stephon Castle 17+ PTS,1,
960b4786ee57845b93aafe7defe02b1dc1776323,20260519_163344,2026-05-19T16:33:44-03:00,2026-05-19T19:33:44+00:00,betano,basketball,NBA,props_nba_20260519_163344.csv,Oklahoma City Thunder San Antonio Spurs,oklahoma city thunder san antonio spurs,Stephon Castle,stephon castle,Puntos (hitos),18+,0.0,2.18,player_points_hito,PTS,over,18,17.5,Stephon Castle 18+ PTS,1,
bd6dc0fa895ec992c377829771957ad413db7d3e,20260519_163344,2026-05-19T16:33:44-03:00,2026-05-19T19:33:44+00:00,betano,basketball,NBA,props_nba_20260519_163344.csv,Oklahoma City Thunder San Antonio Spurs,oklahoma city thunder san antonio spurs,Stephon Castle,stephon castle,Puntos (hitos),19+,0.0,2.52,player_points_hito,PTS,over,19,18.5,Stephon Castle 19+ PTS,1,
eda99e742d2ec577c0f3099b2cd8769918a7107e,20260519_163344,2026-05-19T16:33:44-03:00,2026-05-19T19:33:44+00:00,betano,basketball,NBA,props_nba_20260519_163344.csv,Oklahoma City Thunder San Antonio Spurs,oklahoma city thunder san antonio spurs,Stephon Castle,stephon castle,Puntos (hitos),20+,0.0,2.95,player_points_hito,PTS,over,20,19.5,Stephon Castle 20+ PTS,1,
dfd3b0c1d605b1d0c4e6ad06b9080dd8e729a4c6,20260519_163344,2026-05-19T16:33:44-03:00,2026-05-19T19:33:44+00:00,betano,basketball,NBA,props_nba_20260519_163344.csv,Oklahoma City Thunder San Antonio Spurs,oklahoma city thunder san antonio spurs,Stephon Castle,stephon castle,Puntos (hitos),21+,0.0,3.5,player_points_hito,PTS,over,21,20.5,Stephon Castle 21+ PTS,1,
ddf8a998f2efe2573f79d738c0bcb9ff96d8c318,20260519_163344,2026-05-19T16:33:44-03:00,2026-05-19T19:33:44+00:00,betano,basketball,NBA,props_nba_20260519_163344.csv,Oklahoma City Thunder San Antonio Spurs,oklahoma city thunder san antonio spurs,Stephon Castle,stephon castle,Puntos (hitos),22+,0.0,4.1,player_points_hito,PTS,over,22,21.5,Stephon Castle 22+ PTS,1,
1a12a2cc4bba10f04449c8c1183b801cb8ed7c97,20260519_163344,2026-05-19T16:33:44-03:00,2026-05-19T19:33:44+00:00,betano,basketball,NBA,props_nba_20260519_163344.csv,Oklahoma City Thunder San Antonio Spurs,oklahoma city thunder san antonio spurs,Stephon Castle,stephon castle,Puntos (hitos),23+,0.0,4.9,player_points_hito,PTS,over,23,22.5,Stephon Castle 23+ PTS,1,
03671047e68b4a7275499d4b962bd8949f5cde06,20260519_163344,2026-05-19T16:33:44-03:00,2026-05-19T19:33:44+00:00,betano,basketball,NBA,props_nba_20260519_163344.csv,Oklahoma City Thunder San Antonio Spurs,oklahoma city thunder san antonio spurs,De'Aaron Fox,de aaron fox,Puntos (hitos),12+,0.0,1.4,player_points_hito,PTS,over,12,11.5,De'Aaron Fox 12+ PTS,1,
ddc4ac01b468d7da71945f7aa632f77918e841d3,20260519_163344,2026-05-19T16:33:44-03:00,2026-05-19T19:33:44+00:00,betano,basketball,NBA,props_nba_20260519_163344.csv,Oklahoma City Thunder San Antonio Spurs,oklahoma city thunder san antonio spurs,De'Aaron Fox,de aaron fox,Puntos (hitos),13+,0.0,1.57,player_points_hito,PTS,over,13,12.5,De'Aaron Fox 13+ PTS,1,
5da47f59cc139f89d15fac8d5f11d8425b6078d7,20260519_163344,2026-05-19T16:33:44-03:00,2026-05-19T19:33:44+00:00,betano,basketball,NBA,props_nba_20260519_163344.csv,Oklahoma City Thunder San Antonio Spurs,oklahoma city thunder san antonio spurs,De'Aaron Fox,de aaron fox,Puntos (hitos),14+,0.0,1.75,player_points_hito,PTS,over,14,13.5,De'Aaron Fox 14+ PTS,1,
ba96006eb6729785229538d3d958cfedfa327cee,20260519_163344,2026-05-19T16:33:44-03:00,2026-05-19T19:33:44+00:00,betano,basketball,NBA,props_nba_20260519_163344.csv,Oklahoma City Thunder San Antonio Spurs,oklahoma city thunder san antonio spurs,De'Aaron Fox,de aaron fox,Puntos (hitos),15+,0.0,2.02,player_points_hito,PTS,over,15,14.5,De'Aaron Fox 15+ PTS,1,
b2183bacd9e3fdf8b36cda3d9df30ef63e9f8140,20260519_163344,2026-05-19T16:33:44-03:00,2026-05-19T19:33:44+00:00,betano,basketball,NBA,props_nba_20260519_163344.csv,Oklahoma City Thunder San Antonio Spurs,oklahoma city thunder san antonio spurs,De'Aaron Fox,de aaron fox,Puntos (hitos),16+,0.0,2.32,player_points_hito,PTS,over,16,15.5,De'Aaron Fox 16+ PTS,1,
eaeba748df73c81ec0c7ca838f196a84db2de131,20260519_163344,2026-05-19T16:33:44-03:00,2026-05-19T19:33:44+00:00,betano,basketball,NBA,props_nba_20260519_163344.csv,Oklahoma City Thunder San Antonio Spurs,oklahoma city thunder san antonio spurs,De'Aaron Fox,de aaron fox,Puntos (hitos),17+,0.0,2.72,player_points_hito,PTS,over,17,16.5,De'Aaron Fox 17+ PTS,1,
bdda911fbf26ff1b0a1c76dd1bedeef99b671e6e,20260519_163344,2026-05-19T16:33:44-03:00,2026-05-19T19:33:44+00:00,betano,basketball,NBA,props_nba_20260519_163344.csv,Oklahoma City Thunder San Antonio Spurs,oklahoma city thunder san antonio spurs,De'Aaron Fox,de aaron fox,Puntos (hitos),18+,0.0,3.2,player_points_hito,PTS,over,18,17.5,De'Aaron Fox 18+ PTS,1,
823b90dda278d941b674de0450372981ae1ba151,20260519_163344,2026-05-19T16:33:44-03:00,2026-05-19T19:33:44+00:00,betano,basketball,NBA,props_nba_20260519_163344.csv,Oklahoma City Thunder San Antonio Spurs,oklahoma city thunder san antonio spurs,De'Aaron Fox,de aaron fox,Puntos (hitos),19+,0.0,3.8,player_points_hito,PTS,over,19,18.5,De'Aaron Fox 19+ PTS,1,
7dd30768d608ea0a83de8254e934540a392992d8,20260519_163344,2026-05-19T16:33:44-03:00,2026-05-19T19:33:44+00:00,betano,basketball,NBA,props_nba_20260519_163344.csv,Oklahoma City Thunder San Antonio Spurs,oklahoma city thunder san antonio spurs,De'Aaron Fox,de aaron fox,Puntos (hitos),20+,0.0,4.55,player_points_hito,PTS,over,20,19.5,De'Aaron Fox 20+ PTS,1,
f5f80ccba814d1f51c21ec727222ac0736889f13,20260519_163344,2026-05-19T16:33:44-03:00,2026-05-19T19:33:44+00:00,betano,basketball,NBA,props_nba_20260519_163344.csv,Oklahoma City Thunder San Antonio Spurs,oklahoma city thunder san antonio spurs,Chet Holmgren,chet holmgren,Puntos (hitos),12+,0.0,1.44,player_points_hito,PTS,over,12,11.5,Chet Holmgren 12+ PTS,1,
fb7a909b03d40539f9b7bda969de153cce063c73,20260519_163344,2026-05-19T16:33:44-03:00,2026-05-19T19:33:44+00:00,betano,basketball,NBA,props_nba_20260519_163344.csv,Oklahoma City Thunder San Antonio Spurs,oklahoma city thunder san antonio spurs,Chet Holmgren,chet holmgren,Puntos (hitos),14+,0.0,1.8,player_points_hito,PTS,over,14,13.5,Chet Holmgren 14+ PTS,1,
063295097cbb4df2f0aff695ac1eaf57ef30a203,20260519_163344,2026-05-19T16:33:44-03:00,2026-05-19T19:33:44+00:00,betano,basketball,NBA,props_nba_20260519_163344.csv,Oklahoma City Thunder San Antonio Spurs,oklahoma city thunder san antonio spurs,Chet Holmgren,chet holmgren,Puntos (hitos),16+,0.0,2.4,player_points_hito,PTS,over,16,15.5,Chet Holmgren 16+ PTS,1,
6e3a1968f2dc547e6149dcf08cf963e081411d1f,20260519_163344,2026-05-19T16:33:44-03:00,2026-05-19T19:33:44+00:00,betano,basketball,NBA,props_nba_20260519_163344.csv,Oklahoma City Thunder San Antonio Spurs,oklahoma city thunder san antonio spurs,Chet Holmgren,chet holmgren,Puntos (hitos),18+,0.0,3.35,player_points_hito,PTS,over,18,17.5,Chet Holmgren 18+ PTS,1,
97ab3ccce2c095d90fc4ba451e3f7af160782094,20260519_163344,2026-05-19T16:33:44-03:00,2026-05-19T19:33:44+00:00,betano,basketball,NBA,props_nba_20260519_163344.csv,Oklahoma City Thunder San Antonio Spurs,oklahoma city thunder san antonio spurs,Chet Holmgren,chet holmgren,Puntos (hitos),20+,0.0,4.8,player_points_hito,PTS,over,20,19.5,Chet Holmgren 20+ PTS,1,
f5f68f866dbe34f7341f4ea83b6943c98a20fb9f,20260519_163344,2026-05-19T16:33:44-03:00,2026-05-19T19:33:44+00:00,betano,basketball,NBA,props_nba_20260519_163344.csv,Oklahoma City Thunder San Antonio Spurs,oklahoma city thunder san antonio spurs,Chet Holmgren,chet holmgren,Puntos (hitos),22+,0.0,7,player_points_hito,PTS,over,22,21.5,Chet Holmgren 22+ PTS,1,
4cf1554a7ed4d745898397724d465863b44ce67f,20260519_163344,2026-05-19T16:33:44-03:00,2026-05-19T19:33:44+00:00,betano,basketball,NBA,props_nba_20260519_163344.csv,Oklahoma City Thunder San Antonio Spurs,oklahoma city thunder san antonio spurs,Chet Holmgren,chet holmgren,Puntos (hitos),24+,0.0,10,player_points_hito,PTS,over,24,23.5,Chet Holmgren 24+ PTS,1,
fc76cb255b170ed5485ff7d83ad9da90d9271e07,20260519_163344,2026-05-19T16:33:44-03:00,2026-05-19T19:33:44+00:00,betano,basketball,NBA,props_nba_20260519_163344.csv,Oklahoma City Thunder San Antonio Spurs,oklahoma city thunder san antonio spurs,Chet Holmgren,chet holmgren,Puntos (hitos),26+,0.0,13,player_points_hito,PTS,over,26,25.5,Chet Holmgren 26+ PTS,1,
6649284b7fb7e6c7f7f93b958ea67c30d807ccf1,20260519_163344,2026-05-19T16:33:44-03:00,2026-05-19T19:33:44+00:00,betano,basketball,NBA,props_nba_20260519_163344.csv,Oklahoma City Thunder San Antonio Spurs,oklahoma city thunder san antonio spurs,Chet Holmgren,chet holmgren,Puntos (hitos),28+,0.0,16,player_points_hito,PTS,over,28,27.5,Chet Holmgren 28+ PTS,1,
25c65579bb6919398004b10a9c1ff6182cb0fcf6,20260519_163344,2026-05-19T16:33:44-03:00,2026-05-19T19:33:44+00:00,betano,basketball,NBA,props_nba_20260519_163344.csv,Oklahoma City Thunder San Antonio Spurs,oklahoma city thunder san antonio spurs,Devin Vassell,devin vassell,Puntos (hitos),10+,0.0,1.38,player_points_hito,PTS,over,10,9.5,Devin Vassell 10+ PTS,1,
10f2dd8b14034cb6ad6e91db4b3597eedbee1a54,20260519_163344,2026-05-19T16:33:44-03:00,2026-05-19T19:33:44+00:00,betano,basketball,NBA,props_nba_20260519_163344.csv,Oklahoma City Thunder San Antonio Spurs,oklahoma city thunder san antonio spurs,Devin Vassell,devin vassell,Puntos (hitos),11+,0.0,1.53,player_points_hito,PTS,over,11,10.5,Devin Vassell 11+ PTS,1,
93fbefe56df3a24a06f295177b4dfb249a97fd2a,20260519_163344,2026-05-19T16:33:44-03:00,2026-05-19T19:33:44+00:00,betano,basketball,NBA,props_nba_20260519_163344.csv,Oklahoma City Thunder San Antonio Spurs,oklahoma city thunder san antonio spurs,Devin Vassell,devin vassell,Puntos (hitos),12+,0.0,1.72,player_points_hito,PTS,over,12,11.5,Devin Vassell 12+ PTS,1,
43f8e9cefc0098ee6b3345480ed5e6f9d01bac5c,20260519_163344,2026-05-19T16:33:44-03:00,2026-05-19T19:33:44+00:00,betano,basketball,NBA,props_nba_20260519_163344.csv,Oklahoma City Thunder San Antonio Spurs,oklahoma city thunder san antonio spurs,Devin Vassell,devin vassell,Puntos (hitos),13+,0.0,1.95,player_points_hito,PTS,over,13,12.5,Devin Vassell 13+ PTS,1,
7a6b02dc2e28d2f7ae36cd946be5f62d4ae61d02,20260519_163344,2026-05-19T16:33:44-03:00,2026-05-19T19:33:44+00:00,betano,basketball,NBA,props_nba_20260519_163344.csv,Oklahoma City Thunder San Antonio Spurs,oklahoma city thunder san antonio spurs,Devin Vassell,devin vassell,Puntos (hitos),14+,0.0,2.27,player_points_hito,PTS,over,14,13.5,Devin Vassell 14+ PTS,1,
4b107ebc614ada489a5d41f8e24dfaefc62a8eae,20260519_163344,2026-05-19T16:33:44-03:00,2026-05-19T19:33:44+00:00,betano,basketball,NBA,props_nba_20260519_163344.csv,Oklahoma City Thunder San Antonio Spurs,oklahoma city thunder san antonio spurs,Devin Vassell,devin vassell,Puntos (hitos),15+,0.0,2.67,player_points_hito,PTS,over,15,14.5,Devin Vassell 15+ PTS,1,
a256d4e3de085583bee175003edf373f28320c4a,20260519_163344,2026-05-19T16:33:44-03:00,2026-05-19T19:33:44+00:00,betano,basketball,NBA,props_nba_20260519_163344.csv,Oklahoma City Thunder San Antonio Spurs,oklahoma city thunder san antonio spurs,Devin Vassell,devin vassell,Puntos (hitos),16+,0.0,3.15,player_points_hito,PTS,over,16,15.5,Devin Vassell 16+ PTS,1,
9c6783e837570b392402a95d547247d9d442a5f5,20260519_163344,2026-05-19T16:33:44-03:00,2026-05-19T19:33:44+00:00,betano,basketball,NBA,props_nba_20260519_163344.csv,Oklahoma City Thunder San Antonio Spurs,oklahoma city thunder san antonio spurs,Devin Vassell,devin vassell,Puntos (hitos),17+,0.0,3.75,player_points_hito,PTS,over,17,16.5,Devin Vassell 17+ PTS,1,
171be31cd2b8be4be2c332c510674fa0c0e09e3a,20260519_163344,2026-05-19T16:33:44-03:00,2026-05-19T19:33:44+00:00,betano,basketball,NBA,props_nba_20260519_163344.csv,Oklahoma City Thunder San Antonio Spurs,oklahoma city thunder san antonio spurs,Devin Vassell,devin vassell,Puntos (hitos),18+,0.0,4.55,player_points_hito,PTS,over,18,17.5,Devin Vassell 18+ PTS,1,
fac352105433f24fdaa1b80fe6e83c6e7c879582,20260519_163344,2026-05-19T16:33:44-03:00,2026-05-19T19:33:44+00:00,betano,basketball,NBA,props_nba_20260519_163344.csv,Oklahoma City Thunder San Antonio Spurs,oklahoma city thunder san antonio spurs,Ajay Mitchell,ajay mitchell,Puntos (hitos),9+,0.0,1.44,player_points_hito,PTS,over,9,8.5,Ajay Mitchell 9+ PTS,1,
dfa00905c936b88c634103f70adaf03566706b89,20260519_163344,2026-05-19T16:33:44-03:00,2026-05-19T19:33:44+00:00,betano,basketball,NBA,props_nba_20260519_163344.csv,Oklahoma City Thunder San Antonio Spurs,oklahoma city thunder san antonio spurs,Ajay Mitchell,ajay mitchell,Puntos (hitos),11+,0.0,1.88,player_points_hito,PTS,over,11,10.5,Ajay Mitchell 11+ PTS,1,
0c9498e0ee208196aab1c89fb870ed9320ca470f,20260519_163344,2026-05-19T16:33:44-03:00,2026-05-19T19:33:44+00:00,betano,basketball,NBA,props_nba_20260519_163344.csv,Oklahoma City Thunder San Antonio Spurs,oklahoma city thunder san antonio spurs,Ajay Mitchell,ajay mitchell,Puntos (hitos),13+,0.0,2.62,player_points_hito,PTS,over,13,12.5,Ajay Mitchell 13+ PTS,1,
c3573b5a694c275bfc61bbb8f9c85d7198b8949f,20260519_163344,2026-05-19T16:33:44-03:00,2026-05-19T19:33:44+00:00,betano,basketball,NBA,props_nba_20260519_163344.csv,Oklahoma City Thunder San Antonio Spurs,oklahoma city thunder san antonio spurs,Ajay Mitchell,ajay mitchell,Puntos (hitos),15+,0.0,3.9,player_points_hito,PTS,over,15,14.5,Ajay Mitchell 15+ PTS,1,
32244ec42a404ac01af38c206ded92d80ccbcd25,20260519_163344,2026-05-19T16:33:44-03:00,2026-05-19T19:33:44+00:00,betano,basketball,NBA,props_nba_20260519_163344.csv,Oklahoma City Thunder San Antonio Spurs,oklahoma city thunder san antonio spurs,Ajay Mitchell,ajay mitchell,Puntos (hitos),17+,0.0,6,player_points_hito,PTS,over,17,16.5,Ajay Mitchell 17+ PTS,1,
62b0cb46cb527d9fd619d2190fdebb5e92fee1ec,20260519_163344,2026-05-19T16:33:44-03:00,2026-05-19T19:33:44+00:00,betano,basketball,NBA,props_nba_20260519_163344.csv,Oklahoma City Thunder San Antonio Spurs,oklahoma city thunder san antonio spurs,Ajay Mitchell,ajay mitchell,Puntos (hitos),19+,0.0,9,player_points_hito,PTS,over,19,18.5,Ajay Mitchell 19+ PTS,1,
a542e0981715dc74495e20d0d3e1ad3e7b3f08b2,20260519_163344,2026-05-19T16:33:44-03:00,2026-05-19T19:33:44+00:00,betano,basketball,NBA,props_nba_20260519_163344.csv,Oklahoma City Thunder San Antonio Spurs,oklahoma city thunder san antonio spurs,Ajay Mitchell,ajay mitchell,Puntos (hitos),21+,0.0,12.5,player_points_hito,PTS,over,21,20.5,Ajay Mitchell 21+ PTS,1,
612fdbc54b130acd0c296bb3183030b313708d54,20260519_163344,2026-05-19T16:33:44-03:00,2026-05-19T19:33:44+00:00,betano,basketball,NBA,props_nba_20260519_163344.csv,Oklahoma City Thunder San Antonio Spurs,oklahoma city thunder san antonio spurs,Ajay Mitchell,ajay mitchell,Puntos (hitos),23+,0.0,16,player_points_hito,PTS,over,23,22.5,Ajay Mitchell 23+ PTS,1,
6ae1d659526794ef7e2d01aa4a9de6f15b832753,20260519_163344,2026-05-19T16:33:44-03:00,2026-05-19T19:33:44+00:00,betano,basketball,NBA,props_nba_20260519_163344.csv,Oklahoma City Thunder San Antonio Spurs,oklahoma city thunder san antonio spurs,Ajay Mitchell,ajay mitchell,Puntos (hitos),25+,0.0,18,player_points_hito,PTS,over,25,24.5,Ajay Mitchell 25+ PTS,1,
91cebc835f79cff07addd4474d9a4e175bb52ba3,20260519_163344,2026-05-19T16:33:44-03:00,2026-05-19T19:33:44+00:00,betano,basketball,NBA,props_nba_20260519_163344.csv,Oklahoma City Thunder San Antonio Spurs,oklahoma city thunder san antonio spurs,Alex Caruso,alex caruso,Puntos (hitos),9+,0.0,1.55,player_points_hito,PTS,over,9,8.5,Alex Caruso 9+ PTS,1,
2689edc0b9eb9bd526f69d69ff688724cb26b1d2,20260519_163344,2026-05-19T16:33:44-03:00,2026-05-19T19:33:44+00:00,betano,basketball,NBA,props_nba_20260519_163344.csv,Oklahoma City Thunder San Antonio Spurs,oklahoma city thunder san antonio spurs,Alex Caruso,alex caruso,Puntos (hitos),10+,0.0,1.75,player_points_hito,PTS,over,10,9.5,Alex Caruso 10+ PTS,1,
7ca7d43108675f39c6ad8b0e2944558cae9589dd,20260519_163344,2026-05-19T16:33:44-03:00,2026-05-19T19:33:44+00:00,betano,basketball,NBA,props_nba_20260519_163344.csv,Oklahoma City Thunder San Antonio Spurs,oklahoma city thunder san antonio spurs,Alex Caruso,alex caruso,Puntos (hitos),11+,0.0,2.02,player_points_hito,PTS,over,11,10.5,Alex Caruso 11+ PTS,1,
77ca70903a0061e71335fccc01aed426d65de1b9,20260519_163344,2026-05-19T16:33:44-03:00,2026-05-19T19:33:44+00:00,betano,basketball,NBA,props_nba_20260519_163344.csv,Oklahoma City Thunder San Antonio Spurs,oklahoma city thunder san antonio spurs,Alex Caruso,alex caruso,Puntos (hitos),12+,0.0,2.37,player_points_hito,PTS,over,12,11.5,Alex Caruso 12+ PTS,1,
534e7e986f1912e404210ff71f43c90908b1c9dc,20260519_163344,2026-05-19T16:33:44-03:00,2026-05-19T19:33:44+00:00,betano,basketball,NBA,props_nba_20260519_163344.csv,Oklahoma City Thunder San Antonio Spurs,oklahoma city thunder san antonio spurs,Alex Caruso,alex caruso,Puntos (hitos),13+,0.0,2.8,player_points_hito,PTS,over,13,12.5,Alex Caruso 13+ PTS,1,
bd890d64adccb0bd877f7c66f36af295b67086eb,20260519_163344,2026-05-19T16:33:44-03:00,2026-05-19T19:33:44+00:00,betano,basketball,NBA,props_nba_20260519_163344.csv,Oklahoma City Thunder San Antonio Spurs,oklahoma city thunder san antonio spurs,Alex Caruso,alex caruso,Puntos (hitos),14+,0.0,3.3,player_points_hito,PTS,over,14,13.5,Alex Caruso 14+ PTS,1,
a8236dfc2d4c556f920561081708e3241a8739ac,20260519_163344,2026-05-19T16:33:44-03:00,2026-05-19T19:33:44+00:00,betano,basketball,NBA,props_nba_20260519_163344.csv,Oklahoma City Thunder San Antonio Spurs,oklahoma city thunder san antonio spurs,Alex Caruso,alex caruso,Puntos (hitos),15+,0.0,3.95,player_points_hito,PTS,over,15,14.5,Alex Caruso 15+ PTS,1,
5e21e5a5cc4e6916ce1669f7329dffbb8e1cb828,20260519_163344,2026-05-19T16:33:44-03:00,2026-05-19T19:33:44+00:00,betano,basketball,NBA,props_nba_20260519_163344.csv,Oklahoma City Thunder San Antonio Spurs,oklahoma city thunder san antonio spurs,Alex Caruso,alex caruso,Puntos (hitos),16+,0.0,4.65,player_points_hito,PTS,over,16,15.5,Alex Caruso 16+ PTS,1,
53905f4e19b4228b0cc332124c8102e8b04d376d,20260519_163344,2026-05-19T16:33:44-03:00,2026-05-19T19:33:44+00:00,betano,basketball,NBA,props_nba_20260519_163344.csv,Oklahoma City Thunder San Antonio Spurs,oklahoma city thunder san antonio spurs,Cason Wallace,cason wallace,Puntos (hitos),6+,0.0,1.52,player_points_hito,PTS,over,6,5.5,Cason Wallace 6+ PTS,1,
b07aae7b14b43bc89e27a5eaa63fdb11d5e69ebd,20260519_163344,2026-05-19T16:33:44-03:00,2026-05-19T19:33:44+00:00,betano,basketball,NBA,props_nba_20260519_163344.csv,Oklahoma City Thunder San Antonio Spurs,oklahoma city thunder san antonio spurs,Cason Wallace,cason wallace,Puntos (hitos),7+,0.0,1.75,player_points_hito,PTS,over,7,6.5,Cason Wallace 7+ PTS,1,
a26715bc2cb038ffab353035ef0116fd4166d54b,20260519_163344,2026-05-19T16:33:44-03:00,2026-05-19T19:33:44+00:00,betano,basketball,NBA,props_nba_20260519_163344.csv,Oklahoma City Thunder San Antonio Spurs,oklahoma city thunder san antonio spurs,Cason Wallace,cason wallace,Puntos (hitos),8+,0.0,2.1,player_points_hito,PTS,over,8,7.5,Cason Wallace 8+ PTS,1,
f13f969caeb48bf58467d5caa42ae077f84c1f00,20260519_163344,2026-05-19T16:33:44-03:00,2026-05-19T19:33:44+00:00,betano,basketball,NBA,props_nba_20260519_163344.csv,Oklahoma City Thunder San Antonio Spurs,oklahoma city thunder san antonio spurs,Cason Wallace,cason wallace,Puntos (hitos),9+,0.0,2.57,player_points_hito,PTS,over,9,8.5,Cason Wallace 9+ PTS,1,
b68fef063a5e09bb710245d025cd5522d80d1567,20260519_163344,2026-05-19T16:33:44-03:00,2026-05-19T19:33:44+00:00,betano,basketball,NBA,props_nba_20260519_163344.csv,Oklahoma City Thunder San Antonio Spurs,oklahoma city thunder san antonio spurs,Cason Wallace,cason wallace,Puntos (hitos),10+,0.0,3.15,player_points_hito,PTS,over,10,9.5,Cason Wallace 10+ PTS,1,
177a6f268abc85eaa6a495092c2c5452c2c25711,20260519_163344,2026-05-19T16:33:44-03:00,2026-05-19T19:33:44+00:00,betano,basketball,NBA,props_nba_20260519_163344.csv,Oklahoma City Thunder San Antonio Spurs,oklahoma city thunder san antonio spurs,Cason Wallace,cason wallace,Puntos (hitos),11+,0.0,3.95,player_points_hito,PTS,over,11,10.5,Cason Wallace 11+ PTS,1,
2287b865e1132c0e71359ff8ff9940ed685e372d,20260519_163344,2026-05-19T16:33:44-03:00,2026-05-19T19:33:44+00:00,betano,basketball,NBA,props_nba_20260519_163344.csv,Oklahoma City Thunder San Antonio Spurs,oklahoma city thunder san antonio spurs,Cason Wallace,cason wallace,Puntos (hitos),12+,0.0,5,player_points_hito,PTS,over,12,11.5,Cason Wallace 12+ PTS,1,
d9d625d4dfb9b75b3656ff36ff897ed168c270aa,20260519_163344,2026-05-19T16:33:44-03:00,2026-05-19T19:33:44+00:00,betano,basketball,NBA,props_nba_20260519_163344.csv,Oklahoma City Thunder San Antonio Spurs,oklahoma city thunder san antonio spurs,Cason Wallace,cason wallace,Puntos (hitos),13+,0.0,6.2,player_points_hito,PTS,over,13,12.5,Cason Wallace 13+ PTS,1,
1ef5b26e4c2960ea575ef22d0a5dbf857d26fb11,20260519_163344,2026-05-19T16:33:44-03:00,2026-05-19T19:33:44+00:00,betano,basketball,NBA,props_nba_20260519_163344.csv,Oklahoma City Thunder San Antonio Spurs,oklahoma city thunder san antonio spurs,Luguentz Dort,luguentz dort,Puntos (hitos),5+,0.0,1.47,player_points_hito,PTS,over,5,4.5,Luguentz Dort 5+ PTS,1,
0502b32221201585b86cc0eab9dd8038e4816a39,20260519_163344,2026-05-19T16:33:44-03:00,2026-05-19T19:33:44+00:00,betano,basketball,NBA,props_nba_20260519_163344.csv,Oklahoma City Thunder San Antonio Spurs,oklahoma city thunder san antonio spurs,Luguentz Dort,luguentz dort,Puntos (hitos),6+,0.0,1.72,player_points_hito,PTS,over,6,5.5,Luguentz Dort 6+ PTS,1,
64e229164da4cc88ed2f760e17b92dea93957b03,20260519_163344,2026-05-19T16:33:44-03:00,2026-05-19T19:33:44+00:00,betano,basketball,NBA,props_nba_20260519_163344.csv,Oklahoma City Thunder San Antonio Spurs,oklahoma city thunder san antonio spurs,Luguentz Dort,luguentz dort,Puntos (hitos),7+,0.0,2.3,player_points_hito,PTS,over,7,6.5,Luguentz Dort 7+ PTS,1,
92096022a957a067a8abe2815e499661347e4461,20260519_163344,2026-05-19T16:33:44-03:00,2026-05-19T19:33:44+00:00,betano,basketball,NBA,props_nba_20260519_163344.csv,Oklahoma City Thunder San Antonio Spurs,oklahoma city thunder san antonio spurs,Luguentz Dort,luguentz dort,Puntos (hitos),8+,0.0,2.57,player_points_hito,PTS,over,8,7.5,Luguentz Dort 8+ PTS,1,
03771f762cda961de36863c73fbb67aa52bb4f6b,20260519_163344,2026-05-19T16:33:44-03:00,2026-05-19T19:33:44+00:00,betano,basketball,NBA,props_nba_20260519_163344.csv,Oklahoma City Thunder San Antonio Spurs,oklahoma city thunder san antonio spurs,Luguentz Dort,luguentz dort,Puntos (hitos),9+,0.0,3.2,player_points_hito,PTS,over,9,8.5,Luguentz Dort 9+ PTS,1,
cbc033200f1b45365dd9d568acdcaafe55aae21d,20260519_163344,2026-05-19T16:33:44-03:00,2026-05-19T19:33:44+00:00,betano,basketball,NBA,props_nba_20260519_163344.csv,Oklahoma City Thunder San Antonio Spurs,oklahoma city thunder san antonio spurs,Luguentz Dort,luguentz dort,Puntos (hitos),10+,0.0,4.35,player_points_hito,PTS,over,10,9.5,Luguentz Dort 10+ PTS,1,
21a42d40252d9c4c612159dd6b5ae5f20661f12f,20260519_163344,2026-05-19T16:33:44-03:00,2026-05-19T19:33:44+00:00,betano,basketball,NBA,props_nba_20260519_163344.csv,Oklahoma City Thunder San Antonio Spurs,oklahoma city thunder san antonio spurs,Isaiah Hartenstein,isaiah hartenstein,Puntos (hitos),4+,0.0,1.35,player_points_hito,PTS,over,4,3.5,Isaiah Hartenstein 4+ PTS,1,
22cbb8d8ce5be78f301e77bd32d5836e2b59fe85,20260519_163344,2026-05-19T16:33:44-03:00,2026-05-19T19:33:44+00:00,betano,basketball,NBA,props_nba_20260519_163344.csv,Oklahoma City Thunder San Antonio Spurs,oklahoma city thunder san antonio spurs,Isaiah Hartenstein,isaiah hartenstein,Puntos (hitos),5+,0.0,1.88,player_points_hito,PTS,over,5,4.5,Isaiah Hartenstein 5+ PTS,1,
4370af02b2c1f11960293df8d93259ea320ead6b,20260519_163344,2026-05-19T16:33:44-03:00,2026-05-19T19:33:44+00:00,betano,basketball,NBA,props_nba_20260519_163344.csv,Oklahoma City Thunder San Antonio Spurs,oklahoma city thunder san antonio spurs,Isaiah Hartenstein,isaiah hartenstein,Puntos (hitos),6+,0.0,2.12,player_points_hito,PTS,over,6,5.5,Isaiah Hartenstein 6+ PTS,1,
08f0f4cbaaa37442e9c022eb44b79c31780aad25,20260519_163344,2026-05-19T16:33:44-03:00,2026-05-19T19:33:44+00:00,betano,basketball,NBA,props_nba_20260519_163344.csv,Oklahoma City Thunder San Antonio Spurs,oklahoma city thunder san antonio spurs,Isaiah Hartenstein,isaiah hartenstein,Puntos (hitos),7+,0.0,3.15,player_points_hito,PTS,over,7,6.5,Isaiah Hartenstein 7+ PTS,1,
dd8de8749d2b5b77c98e02050bd4c96c6f3828d9,20260519_163344,2026-05-19T16:33:44-03:00,2026-05-19T19:33:44+00:00,betano,basketball,NBA,props_nba_20260519_163344.csv,Oklahoma City Thunder San Antonio Spurs,oklahoma city thunder san antonio spurs,Isaiah Hartenstein,isaiah hartenstein,Puntos (hitos),8+,0.0,3.85,player_points_hito,PTS,over,8,7.5,Isaiah Hartenstein 8+ PTS,1,
5b67e73897fb3f0f54f7587ddae148c600be895a,20260519_163344,2026-05-19T16:33:44-03:00,2026-05-19T19:33:44+00:00,betano,basketball,NBA,props_nba_20260519_163344.csv,Oklahoma City Thunder San Antonio Spurs,oklahoma city thunder san antonio spurs,Isaiah Hartenstein,isaiah hartenstein,Puntos (hitos),9+,0.0,5.7,player_points_hito,PTS,over,9,8.5,Isaiah Hartenstein 9+ PTS,1,
9186c01d2b67186365b0e447db2b073362af2851,20260519_163344,2026-05-19T16:33:44-03:00,2026-05-19T19:33:44+00:00,betano,basketball,NBA,props_nba_20260519_163344.csv,Oklahoma City Thunder San Antonio Spurs,oklahoma city thunder san antonio spurs,Jaylin Williams,jaylin williams,Puntos (hitos),2+,0.0,1.45,player_points_hito,PTS,over,2,1.5,Jaylin Williams 2+ PTS,1,
7ae10b78acc9c3ff0bf1e0e88c96ba80188ae455,20260519_163344,2026-05-19T16:33:44-03:00,2026-05-19T19:33:44+00:00,betano,basketball,NBA,props_nba_20260519_163344.csv,Oklahoma City Thunder San Antonio Spurs,oklahoma city thunder san antonio spurs,Jaylin Williams,jaylin williams,Puntos (hitos),3+,0.0,1.78,player_points_hito,PTS,over,3,2.5,Jaylin Williams 3+ PTS,1,
f968f9393eb32b276210fb51745811a32b57fd31,20260519_163344,2026-05-19T16:33:44-03:00,2026-05-19T19:33:44+00:00,betano,basketball,NBA,props_nba_20260519_163344.csv,Oklahoma City Thunder San Antonio Spurs,oklahoma city thunder san antonio spurs,Jaylin Williams,jaylin williams,Puntos (hitos),4+,0.0,2.95,player_points_hito,PTS,over,4,3.5,Jaylin Williams 4+ PTS,1,
17380f86ae78019f8883a7c0b03d2ac275bde348,20260519_163344,2026-05-19T16:33:44-03:00,2026-05-19T19:33:44+00:00,betano,basketball,NBA,props_nba_20260519_163344.csv,Oklahoma City Thunder San Antonio Spurs,oklahoma city thunder san antonio spurs,Jaylin Williams,jaylin williams,Puntos (hitos),5+,0.0,3.4,player_points_hito,PTS,over,5,4.5,Jaylin Williams 5+ PTS,1,
3d9443428a795c1748bf9765ca0a345a24d522b3,20260519_163344,2026-05-19T16:33:44-03:00,2026-05-19T19:33:44+00:00,betano,basketball,NBA,props_nba_20260519_163344.csv,Oklahoma City Thunder San Antonio Spurs,oklahoma city thunder san antonio spurs,Shai Gilgeous-Alexander,shai gilgeous alexander,Asistencias (hitos),6+,0.0,1.33,player_assists_hito,AST,over,6,5.5,Shai Gilgeous-Alexander 6+ AST,1,
4035a7af55b3cb6ea201633bea6b44e57f78dac5,20260519_163344,2026-05-19T16:33:44-03:00,2026-05-19T19:33:44+00:00,betano,basketball,NBA,props_nba_20260519_163344.csv,Oklahoma City Thunder San Antonio Spurs,oklahoma city thunder san antonio spurs,Shai Gilgeous-Alexander,shai gilgeous alexander,Asistencias (hitos),7+,0.0,1.67,player_assists_hito,AST,over,7,6.5,Shai Gilgeous-Alexander 7+ AST,1,
c01772c1cdf9639332ae31d60140c7b4ae7ad03f,20260519_163344,2026-05-19T16:33:44-03:00,2026-05-19T19:33:44+00:00,betano,basketball,NBA,props_nba_20260519_163344.csv,Oklahoma City Thunder San Antonio Spurs,oklahoma city thunder san antonio spurs,Shai Gilgeous-Alexander,shai gilgeous alexander,Asistencias (hitos),8+,0.0,2.27,player_assists_hito,AST,over,8,7.5,Shai Gilgeous-Alexander 8+ AST,1,
12ce0223c8bc84f8a6845678810caf465ffa13af,20260519_163344,2026-05-19T16:33:44-03:00,2026-05-19T19:33:44+00:00,betano,basketball,NBA,props_nba_20260519_163344.csv,Oklahoma City Thunder San Antonio Spurs,oklahoma city thunder san antonio spurs,Shai Gilgeous-Alexander,shai gilgeous alexander,Asistencias (hitos),9+,0.0,3.3,player_assists_hito,AST,over,9,8.5,Shai Gilgeous-Alexander 9+ AST,1,
f3a0a63cd706235ec7d6f89241f876a7f4b4b437,20260519_163344,2026-05-19T16:33:44-03:00,2026-05-19T19:33:44+00:00,betano,basketball,NBA,props_nba_20260519_163344.csv,Oklahoma City Thunder San Antonio Spurs,oklahoma city thunder san antonio spurs,Shai Gilgeous-Alexander,shai gilgeous alexander,Asistencias (hitos),10+,0.0,5,player_assists_hito,AST,over,10,9.5,Shai Gilgeous-Alexander 10+ AST,1,
80689502ae48fb68ac5d0805a6f9f4f8e659fb33,20260519_163344,2026-05-19T16:33:44-03:00,2026-05-19T19:33:44+00:00,betano,basketball,NBA,props_nba_20260519_163344.csv,Oklahoma City Thunder San Antonio Spurs,oklahoma city thunder san antonio spurs,Shai Gilgeous-Alexander,shai gilgeous alexander,Asistencias (hitos),11+,0.0,7.6,player_assists_hito,AST,over,11,10.5,Shai Gilgeous-Alexander 11+ AST,1,
d2dd661c449fbdd7f9e636786f2261dc1bb07c2f,20260519_163344,2026-05-19T16:33:44-03:00,2026-05-19T19:33:44+00:00,betano,basketball,NBA,props_nba_20260519_163344.csv,Oklahoma City Thunder San Antonio Spurs,oklahoma city thunder san antonio spurs,Shai Gilgeous-Alexander,shai gilgeous alexander,Asistencias (hitos),12+,0.0,11,player_assists_hito,AST,over,12,11.5,Shai Gilgeous-Alexander 12+ AST,1,
e6a856bb7d7159185f45f78f4a099f1691c4fd5c,20260519_163344,2026-05-19T16:33:44-03:00,2026-05-19T19:33:44+00:00,betano,basketball,NBA,props_nba_20260519_163344.csv,Oklahoma City Thunder San Antonio Spurs,oklahoma city thunder san antonio spurs,Shai Gilgeous-Alexander,shai gilgeous alexander,Asistencias (hitos),13+,0.0,14.5,player_assists_hito,AST,over,13,12.5,Shai Gilgeous-Alexander 13+ AST,1,
28c586a3b578b5e3f65ab75a6920198f93696a59,20260519_163344,2026-05-19T16:33:44-03:00,2026-05-19T19:33:44+00:00,betano,basketball,NBA,props_nba_20260519_163344.csv,Oklahoma City Thunder San Antonio Spurs,oklahoma city thunder san antonio spurs,Stephon Castle,stephon castle,Asistencias (hitos),6+,0.0,1.52,player_assists_hito,AST,over,6,5.5,Stephon Castle 6+ AST,1,
338aae6c882af667a4f5006e414dc1ba36681605,20260519_163344,2026-05-19T16:33:44-03:00,2026-05-19T19:33:44+00:00,betano,basketball,NBA,props_nba_20260519_163344.csv,Oklahoma City Thunder San Antonio Spurs,oklahoma city thunder san antonio spurs,Stephon Castle,stephon castle,Asistencias (hitos),7+,0.0,2.02,player_assists_hito,AST,over,7,6.5,Stephon Castle 7+ AST,1,
e15f985d30be85ecd4ced12f20adef944514e14e,20260519_163344,2026-05-19T16:33:44-03:00,2026-05-19T19:33:44+00:00,betano,basketball,NBA,props_nba_20260519_163344.csv,Oklahoma City Thunder San Antonio Spurs,oklahoma city thunder san antonio spurs,Stephon Castle,stephon castle,Asistencias (hitos),8+,0.0,2.92,player_assists_hito,AST,over,8,7.5,Stephon Castle 8+ AST,1,
f432b1a06e825438cc02ce5750bd2d10fe012874,20260519_163344,2026-05-19T16:33:44-03:00,2026-05-19T19:33:44+00:00,betano,basketball,NBA,props_nba_20260519_163344.csv,Oklahoma City Thunder San Antonio Spurs,oklahoma city thunder san antonio spurs,Stephon Castle,stephon castle,Asistencias (hitos),9+,0.0,4.45,player_assists_hito,AST,over,9,8.5,Stephon Castle 9+ AST,1,
e601e925915a5711cb157542cca695a657e186fe,20260519_163344,2026-05-19T16:33:44-03:00,2026-05-19T19:33:44+00:00,betano,basketball,NBA,props_nba_20260519_163344.csv,Oklahoma City Thunder San Antonio Spurs,oklahoma city thunder san antonio spurs,Stephon Castle,stephon castle,Asistencias (hitos),10+,0.0,6.9,player_assists_hito,AST,over,10,9.5,Stephon Castle 10+ AST,1,
a21e74b3a3529dd4ff982ebcb3acfa4bcfea14f7,20260519_163344,2026-05-19T16:33:44-03:00,2026-05-19T19:33:44+00:00,betano,basketball,NBA,props_nba_20260519_163344.csv,Oklahoma City Thunder San Antonio Spurs,oklahoma city thunder san antonio spurs,Stephon Castle,stephon castle,Asistencias (hitos),11+,0.0,10.25,player_assists_hito,AST,over,11,10.5,Stephon Castle 11+ AST,1,
b2e7dfe966bcae8cd578b838099a0b68a4339444,20260519_163344,2026-05-19T16:33:44-03:00,2026-05-19T19:33:44+00:00,betano,basketball,NBA,props_nba_20260519_163344.csv,Oklahoma City Thunder San Antonio Spurs,oklahoma city thunder san antonio spurs,Stephon Castle,stephon castle,Asistencias (hitos),12+,0.0,14,player_assists_hito,AST,over,12,11.5,Stephon Castle 12+ AST,1,
1b991b1afc826ce53c266433b4299cf4344c8b82,20260519_163344,2026-05-19T16:33:44-03:00,2026-05-19T19:33:44+00:00,betano,basketball,NBA,props_nba_20260519_163344.csv,Oklahoma City Thunder San Antonio Spurs,oklahoma city thunder san antonio spurs,Stephon Castle,stephon castle,Asistencias (hitos),13+,0.0,17,player_assists_hito,AST,over,13,12.5,Stephon Castle 13+ AST,1,
5d49e1fc86214ec4eba0f31b466529caf24c8bad,20260519_163344,2026-05-19T16:33:44-03:00,2026-05-19T19:33:44+00:00,betano,basketball,NBA,props_nba_20260519_163344.csv,Oklahoma City Thunder San Antonio Spurs,oklahoma city thunder san antonio spurs,De'Aaron Fox,de aaron fox,Asistencias (hitos),4+,0.0,1.3,player_assists_hito,AST,over,4,3.5,De'Aaron Fox 4+ AST,1,
2ffb2c936fc07565b3702bec609336e38d6e023d,20260519_163344,2026-05-19T16:33:44-03:00,2026-05-19T19:33:44+00:00,betano,basketball,NBA,props_nba_20260519_163344.csv,Oklahoma City Thunder San Antonio Spurs,oklahoma city thunder san antonio spurs,De'Aaron Fox,de aaron fox,Asistencias (hitos),5+,0.0,1.72,player_assists_hito,AST,over,5,4.5,De'Aaron Fox 5+ AST,1,
ab496e9124781ff8bdd3cdccae80364327cea44d,20260519_163344,2026-05-19T16:33:44-03:00,2026-05-19T19:33:44+00:00,betano,basketball,NBA,props_nba_20260519_163344.csv,Oklahoma City Thunder San Antonio Spurs,oklahoma city thunder san antonio spurs,De'Aaron Fox,de aaron fox,Asistencias (hitos),6+,0.0,2.52,player_assists_hito,AST,over,6,5.5,De'Aaron Fox 6+ AST,1,
20142b6722db1d35ceb3424acb4aa96273132fc9,20260519_163344,2026-05-19T16:33:44-03:00,2026-05-19T19:33:44+00:00,betano,basketball,NBA,props_nba_20260519_163344.csv,Oklahoma City Thunder San Antonio Spurs,oklahoma city thunder san antonio spurs,De'Aaron Fox,de aaron fox,Asistencias (hitos),7+,0.0,4,player_assists_hito,AST,over,7,6.5,De'Aaron Fox 7+ AST,1,
6c58b74794e7459c610c81e41b35d6d0acf7e5bb,20260519_163344,2026-05-19T16:33:44-03:00,2026-05-19T19:33:44+00:00,betano,basketball,NBA,props_nba_20260519_163344.csv,Oklahoma City Thunder San Antonio Spurs,oklahoma city thunder san antonio spurs,De'Aaron Fox,de aaron fox,Asistencias (hitos),8+,0.0,6.6,player_assists_hito,AST,over,8,7.5,De'Aaron Fox 8+ AST,1,
61d81ef2103356144727e5a2e5afa40c0116a607,20260519_163344,2026-05-19T16:33:44-03:00,2026-05-19T19:33:44+00:00,betano,basketball,NBA,props_nba_20260519_163344.csv,Oklahoma City Thunder San Antonio Spurs,oklahoma city thunder san antonio spurs,De'Aaron Fox,de aaron fox,Asistencias (hitos),9+,0.0,10,player_assists_hito,AST,over,9,8.5,De'Aaron Fox 9+ AST,1,
a853863af83b13da0bbf6f5cf7f7f3a714d12fc3,20260519_163344,2026-05-19T16:33:44-03:00,2026-05-19T19:33:44+00:00,betano,basketball,NBA,props_nba_20260519_163344.csv,Oklahoma City Thunder San Antonio Spurs,oklahoma city thunder san antonio spurs,Jalen Williams,jalen williams,Asistencias (hitos),3+,0.0,1.14,player_assists_hito,AST,over,3,2.5,Jalen Williams 3+ AST,1,
f035db87fbb17039f2fd857d752eeaf10985628f,20260519_163344,2026-05-19T16:33:44-03:00,2026-05-19T19:33:44+00:00,betano,basketball,NBA,props_nba_20260519_163344.csv,Oklahoma City Thunder San Antonio Spurs,oklahoma city thunder san antonio spurs,Jalen Williams,jalen williams,Asistencias (hitos),4+,0.0,1.45,player_assists_hito,AST,over,4,3.5,Jalen Williams 4+ AST,1,
364909d599030432cc82ff60d12e026bf16bed7c,20260519_163344,2026-05-19T16:33:44-03:00,2026-05-19T19:33:44+00:00,betano,basketball,NBA,props_nba_20260519_163344.csv,Oklahoma City Thunder San Antonio Spurs,oklahoma city thunder san antonio spurs,Jalen Williams,jalen williams,Asistencias (hitos),5+,0.0,2.1,player_assists_hito,AST,over,5,4.5,Jalen Williams 5+ AST,1,
57ec8fb68b025c1d36bf694c53f99a788fdb83ea,20260519_163344,2026-05-19T16:33:44-03:00,2026-05-19T19:33:44+00:00,betano,basketball,NBA,props_nba_20260519_163344.csv,Oklahoma City Thunder San Antonio Spurs,oklahoma city thunder san antonio spurs,Jalen Williams,jalen williams,Asistencias (hitos),6+,0.0,3.2,player_assists_hito,AST,over,6,5.5,Jalen Williams 6+ AST,1,
5b0240993dc36dd86bb14f9038262e882da998d9,20260519_163344,2026-05-19T16:33:44-03:00,2026-05-19T19:33:44+00:00,betano,basketball,NBA,props_nba_20260519_163344.csv,Oklahoma City Thunder San Antonio Spurs,oklahoma city thunder san antonio spurs,Jalen Williams,jalen williams,Asistencias (hitos),7+,0.0,4.85,player_assists_hito,AST,over,7,6.5,Jalen Williams 7+ AST,1,
185728ec817505051d2052528b5a0da5b333e31a,20260519_163344,2026-05-19T16:33:44-03:00,2026-05-19T19:33:44+00:00,betano,basketball,NBA,props_nba_20260519_163344.csv,Oklahoma City Thunder San Antonio Spurs,oklahoma city thunder san antonio spurs,Jalen Williams,jalen williams,Asistencias (hitos),8+,0.0,7,player_assists_hito,AST,over,8,7.5,Jalen Williams 8+ AST,1,
17bc039e00dc691d2f2102a6d485355ed2a11158,20260519_163344,2026-05-19T16:33:44-03:00,2026-05-19T19:33:44+00:00,betano,basketball,NBA,props_nba_20260519_163344.csv,Oklahoma City Thunder San Antonio Spurs,oklahoma city thunder san antonio spurs,Dylan Harper,dylan harper,Asistencias (hitos),3+,0.0,1.47,player_assists_hito,AST,over,3,2.5,Dylan Harper 3+ AST,1,
04fb290deb0b154bd20855e52e04f8893a3c4ea2,20260519_163344,2026-05-19T16:33:44-03:00,2026-05-19T19:33:44+00:00,betano,basketball,NBA,props_nba_20260519_163344.csv,Oklahoma City Thunder San Antonio Spurs,oklahoma city thunder san antonio spurs,Dylan Harper,dylan harper,Asistencias (hitos),4+,0.0,2.25,player_assists_hito,AST,over,4,3.5,Dylan Harper 4+ AST,1,
e7ea52926171af9dbbbb953887edd8f3fe7b9bfa,20260519_163344,2026-05-19T16:33:44-03:00,2026-05-19T19:33:44+00:00,betano,basketball,NBA,props_nba_20260519_163344.csv,Oklahoma City Thunder San Antonio Spurs,oklahoma city thunder san antonio spurs,Dylan Harper,dylan harper,Asistencias (hitos),5+,0.0,3.85,player_assists_hito,AST,over,5,4.5,Dylan Harper 5+ AST,1,
6966a49da617e877e18e6949ec157a0072c98f9a,20260519_163344,2026-05-19T16:33:44-03:00,2026-05-19T19:33:44+00:00,betano,basketball,NBA,props_nba_20260519_163344.csv,Oklahoma City Thunder San Antonio Spurs,oklahoma city thunder san antonio spurs,Dylan Harper,dylan harper,Asistencias (hitos),6+,0.0,6.9,player_assists_hito,AST,over,6,5.5,Dylan Harper 6+ AST,1,
9c801e430ee512ef6c6de9bbb203ed3f6652a135,20260519_163344,2026-05-19T16:33:44-03:00,2026-05-19T19:33:44+00:00,betano,basketball,NBA,props_nba_20260519_163344.csv,Oklahoma City Thunder San Antonio Spurs,oklahoma city thunder san antonio spurs,Dylan Harper,dylan harper,Asistencias (hitos),7+,0.0,11.5,player_assists_hito,AST,over,7,6.5,Dylan Harper 7+ AST,1,
7ade625d82a78297359de10f93f228ce1e8100b4,20260519_163344,2026-05-19T16:33:44-03:00,2026-05-19T19:33:44+00:00,betano,basketball,NBA,props_nba_20260519_163344.csv,Oklahoma City Thunder San Antonio Spurs,oklahoma city thunder san antonio spurs,Dylan Harper,dylan harper,Asistencias (hitos),8+,0.0,16,player_assists_hito,AST,over,8,7.5,Dylan Harper 8+ AST,1,
7c724e49e6cde9bd587770f3ea65251c2849b84f,20260519_163344,2026-05-19T16:33:44-03:00,2026-05-19T19:33:44+00:00,betano,basketball,NBA,props_nba_20260519_163344.csv,Oklahoma City Thunder San Antonio Spurs,oklahoma city thunder san antonio spurs,Ajay Mitchell,ajay mitchell,Asistencias (hitos),2+,0.0,1.12,player_assists_hito,AST,over,2,1.5,Ajay Mitchell 2+ AST,1,
e558c1193b5e575245cefc9cdaeb0b30beac8960,20260519_163344,2026-05-19T16:33:44-03:00,2026-05-19T19:33:44+00:00,betano,basketball,NBA,props_nba_20260519_163344.csv,Oklahoma City Thunder San Antonio Spurs,oklahoma city thunder san antonio spurs,Ajay Mitchell,ajay mitchell,Asistencias (hitos),3+,0.0,1.47,player_assists_hito,AST,over,3,2.5,Ajay Mitchell 3+ AST,1,
f2c03fe29f655a5edba89b7da2e53542695ba054,20260519_163344,2026-05-19T16:33:44-03:00,2026-05-19T19:33:44+00:00,betano,basketball,NBA,props_nba_20260519_163344.csv,Oklahoma City Thunder San Antonio Spurs,oklahoma city thunder san antonio spurs,Ajay Mitchell,ajay mitchell,Asistencias (hitos),4+,0.0,2.22,player_assists_hito,AST,over,4,3.5,Ajay Mitchell 4+ AST,1,
35fc0a385a83411c18a45c44e5f152b14ea2b617,20260519_163344,2026-05-19T16:33:44-03:00,2026-05-19T19:33:44+00:00,betano,basketball,NBA,props_nba_20260519_163344.csv,Oklahoma City Thunder San Antonio Spurs,oklahoma city thunder san antonio spurs,Ajay Mitchell,ajay mitchell,Asistencias (hitos),5+,0.0,3.75,player_assists_hito,AST,over,5,4.5,Ajay Mitchell 5+ AST,1,
c620aa68c9849109ccc3c91f2b3a4eca4fb8eaa0,20260519_163344,2026-05-19T16:33:44-03:00,2026-05-19T19:33:44+00:00,betano,basketball,NBA,props_nba_20260519_163344.csv,Oklahoma City Thunder San Antonio Spurs,oklahoma city thunder san antonio spurs,Victor Wembanyama,victor wembanyama,Asistencias (hitos),2+,0.0,1.17,player_assists_hito,AST,over,2,1.5,Victor Wembanyama 2+ AST,1,
720c12d448d734cfe37f597c05ed615671cd1885,20260519_163344,2026-05-19T16:33:44-03:00,2026-05-19T19:33:44+00:00,betano,basketball,NBA,props_nba_20260519_163344.csv,Oklahoma City Thunder San Antonio Spurs,oklahoma city thunder san antonio spurs,Victor Wembanyama,victor wembanyama,Asistencias (hitos),3+,0.0,1.62,player_assists_hito,AST,over,3,2.5,Victor Wembanyama 3+ AST,1,
bbf0b177d7a2b57d9269487a97d27e168c30afc6,20260519_163344,2026-05-19T16:33:44-03:00,2026-05-19T19:33:44+00:00,betano,basketball,NBA,props_nba_20260519_163344.csv,Oklahoma City Thunder San Antonio Spurs,oklahoma city thunder san antonio spurs,Victor Wembanyama,victor wembanyama,Asistencias (hitos),4+,0.0,2.6,player_assists_hito,AST,over,4,3.5,Victor Wembanyama 4+ AST,1,
4256c8b6243d02b9de945b43e53d041c274c7d59,20260519_163344,2026-05-19T16:33:44-03:00,2026-05-19T19:33:44+00:00,betano,basketball,NBA,props_nba_20260519_163344.csv,Oklahoma City Thunder San Antonio Spurs,oklahoma city thunder san antonio spurs,Victor Wembanyama,victor wembanyama,Asistencias (hitos),5+,0.0,4.6,player_assists_hito,AST,over,5,4.5,Victor Wembanyama 5+ AST,1,
72bc47b1e63c02be0f7e99995b8d0c32bd658ba5,20260519_163344,2026-05-19T16:33:44-03:00,2026-05-19T19:33:44+00:00,betano,basketball,NBA,props_nba_20260519_163344.csv,Oklahoma City Thunder San Antonio Spurs,oklahoma city thunder san antonio spurs,Devin Vassell,devin vassell,Asistencias (hitos),2+,0.0,1.32,player_assists_hito,AST,over,2,1.5,Devin Vassell 2+ AST,1,
a477ad7d1f7c98f1988c380ed10f160e0b0bafb6,20260519_163344,2026-05-19T16:33:44-03:00,2026-05-19T19:33:44+00:00,betano,basketball,NBA,props_nba_20260519_163344.csv,Oklahoma City Thunder San Antonio Spurs,oklahoma city thunder san antonio spurs,Devin Vassell,devin vassell,Asistencias (hitos),3+,0.0,2.02,player_assists_hito,AST,over,3,2.5,Devin Vassell 3+ AST,1,
6bea0744ec6e0cc78dcd33dceb817a9698c7153e,20260519_163344,2026-05-19T16:33:44-03:00,2026-05-19T19:33:44+00:00,betano,basketball,NBA,props_nba_20260519_163344.csv,Oklahoma City Thunder San Antonio Spurs,oklahoma city thunder san antonio spurs,Devin Vassell,devin vassell,Asistencias (hitos),4+,0.0,3.6,player_assists_hito,AST,over,4,3.5,Devin Vassell 4+ AST,1,
0ddb415e029d9901d0119daf910d8815527b5a7a,20260519_163344,2026-05-19T16:33:44-03:00,2026-05-19T19:33:44+00:00,betano,basketball,NBA,props_nba_20260519_163344.csv,Oklahoma City Thunder San Antonio Spurs,oklahoma city thunder san antonio spurs,Devin Vassell,devin vassell,Asistencias (hitos),5+,0.0,6.8,player_assists_hito,AST,over,5,4.5,Devin Vassell 5+ AST,1,
cc9b8e98600ae323c01caacee45acd412786040b,20260519_163344,2026-05-19T16:33:44-03:00,2026-05-19T19:33:44+00:00,betano,basketball,NBA,props_nba_20260519_163344.csv,Oklahoma City Thunder San Antonio Spurs,oklahoma city thunder san antonio spurs,Alex Caruso,alex caruso,Asistencias (hitos),1+,0.0,1.06,player_assists_hito,AST,over,1,0.5,Alex Caruso 1+ AST,1,
83f5d233847b1c701038220bd21ba8c1ef0b9dfe,20260519_163344,2026-05-19T16:33:44-03:00,2026-05-19T19:33:44+00:00,betano,basketball,NBA,props_nba_20260519_163344.csv,Oklahoma City Thunder San Antonio Spurs,oklahoma city thunder san antonio spurs,Alex Caruso,alex caruso,Asistencias (hitos),2+,0.0,1.53,player_assists_hito,AST,over,2,1.5,Alex Caruso 2+ AST,1,
b6c717b2eba3f19bdb3219f1ee2ea343125b6c93,20260519_163344,2026-05-19T16:33:44-03:00,2026-05-19T19:33:44+00:00,betano,basketball,NBA,props_nba_20260519_163344.csv,Oklahoma City Thunder San Antonio Spurs,oklahoma city thunder san antonio spurs,Alex Caruso,alex caruso,Asistencias (hitos),3+,0.0,2.62,player_assists_hito,AST,over,3,2.5,Alex Caruso 3+ AST,1,
fac356429b0455d581400f936df78a2770db4a4d,20260519_163344,2026-05-19T16:33:44-03:00,2026-05-19T19:33:44+00:00,betano,basketball,NBA,props_nba_20260519_163344.csv,Oklahoma City Thunder San Antonio Spurs,oklahoma city thunder san antonio spurs,Alex Caruso,alex caruso,Asistencias (hitos),4+,0.0,4.7,player_assists_hito,AST,over,4,3.5,Alex Caruso 4+ AST,1,
8562dbb8a18bd3348170173a8f0baf175f966007,20260519_163344,2026-05-19T16:33:44-03:00,2026-05-19T19:33:44+00:00,betano,basketball,NBA,props_nba_20260519_163344.csv,Oklahoma City Thunder San Antonio Spurs,oklahoma city thunder san antonio spurs,Cason Wallace,cason wallace,Asistencias (hitos),1+,0.0,1.22,player_assists_hito,AST,over,1,0.5,Cason Wallace 1+ AST,1,
fdd1f759ee038b995a83e04d543c61553d2266b6,20260519_163344,2026-05-19T16:33:44-03:00,2026-05-19T19:33:44+00:00,betano,basketball,NBA,props_nba_20260519_163344.csv,Oklahoma City Thunder San Antonio Spurs,oklahoma city thunder san antonio spurs,Cason Wallace,cason wallace,Asistencias (hitos),2+,0.0,2.12,player_assists_hito,AST,over,2,1.5,Cason Wallace 2+ AST,1,
b9faf7a63e350cb10a0e49c056336dad840f1a4c,20260519_163344,2026-05-19T16:33:44-03:00,2026-05-19T19:33:44+00:00,betano,basketball,NBA,props_nba_20260519_163344.csv,Oklahoma City Thunder San Antonio Spurs,oklahoma city thunder san antonio spurs,Cason Wallace,cason wallace,Asistencias (hitos),3+,0.0,4.55,player_assists_hito,AST,over,3,2.5,Cason Wallace 3+ AST,1,
e0a777975d3282136c34f2b784a390ccc9af6500,20260519_163344,2026-05-19T16:33:44-03:00,2026-05-19T19:33:44+00:00,betano,basketball,NBA,props_nba_20260519_163344.csv,Oklahoma City Thunder San Antonio Spurs,oklahoma city thunder san antonio spurs,Cason Wallace,cason wallace,Asistencias (hitos),4+,0.0,9.75,player_assists_hito,AST,over,4,3.5,Cason Wallace 4+ AST,1,
5bb9f69f707ad78a1be013537134588506a42698,20260519_163344,2026-05-19T16:33:44-03:00,2026-05-19T19:33:44+00:00,betano,basketball,NBA,props_nba_20260519_163344.csv,Oklahoma City Thunder San Antonio Spurs,oklahoma city thunder san antonio spurs,Isaiah Hartenstein,isaiah hartenstein,Asistencias (hitos),1+,0.0,1.22,player_assists_hito,AST,over,1,0.5,Isaiah Hartenstein 1+ AST,1,
b5c4bf050029decf4c94b9415e6164d519a2acc5,20260519_163344,2026-05-19T16:33:44-03:00,2026-05-19T19:33:44+00:00,betano,basketball,NBA,props_nba_20260519_163344.csv,Oklahoma City Thunder San Antonio Spurs,oklahoma city thunder san antonio spurs,Isaiah Hartenstein,isaiah hartenstein,Asistencias (hitos),2+,0.0,2.1,player_assists_hito,AST,over,2,1.5,Isaiah Hartenstein 2+ AST,1,
9de7ff0e46f3168da0f12dd17e73004a043e6038,20260519_163344,2026-05-19T16:33:44-03:00,2026-05-19T19:33:44+00:00,betano,basketball,NBA,props_nba_20260519_163344.csv,Oklahoma City Thunder San Antonio Spurs,oklahoma city thunder san antonio spurs,Isaiah Hartenstein,isaiah hartenstein,Asistencias (hitos),3+,0.0,4.45,player_assists_hito,AST,over,3,2.5,Isaiah Hartenstein 3+ AST,1,
6a90fa63e6703eff5e2169007582275ead047ecd,20260519_163344,2026-05-19T16:33:44-03:00,2026-05-19T19:33:44+00:00,betano,basketball,NBA,props_nba_20260519_163344.csv,Oklahoma City Thunder San Antonio Spurs,oklahoma city thunder san antonio spurs,Isaiah Hartenstein,isaiah hartenstein,Asistencias (hitos),4+,0.0,9.5,player_assists_hito,AST,over,4,3.5,Isaiah Hartenstein 4+ AST,1,
dbfbbd5cca6cbb87756e5daff07c844e4f792293,20260519_163344,2026-05-19T16:33:44-03:00,2026-05-19T19:33:44+00:00,betano,basketball,NBA,props_nba_20260519_163344.csv,Oklahoma City Thunder San Antonio Spurs,oklahoma city thunder san antonio spurs,Julian Champagnie,julian champagnie,Asistencias (hitos),1+,0.0,1.25,player_assists_hito,AST,over,1,0.5,Julian Champagnie 1+ AST,1,
e4c2b734c9bd8b8316d38b66e372fe66f958955e,20260519_163344,2026-05-19T16:33:44-03:00,2026-05-19T19:33:44+00:00,betano,basketball,NBA,props_nba_20260519_163344.csv,Oklahoma City Thunder San Antonio Spurs,oklahoma city thunder san antonio spurs,Julian Champagnie,julian champagnie,Asistencias (hitos),2+,0.0,2.25,player_assists_hito,AST,over,2,1.5,Julian Champagnie 2+ AST,1,
71140f68d1e296a70e93fbeaea752bbaa677d4a2,20260519_163344,2026-05-19T16:33:44-03:00,2026-05-19T19:33:44+00:00,betano,basketball,NBA,props_nba_20260519_163344.csv,Oklahoma City Thunder San Antonio Spurs,oklahoma city thunder san antonio spurs,Julian Champagnie,julian champagnie,Asistencias (hitos),3+,0.0,4.9,player_assists_hito,AST,over,3,2.5,Julian Champagnie 3+ AST,1,
09d7af68f00023c03cf72d889da9206062f1d75f,20260519_163344,2026-05-19T16:33:44-03:00,2026-05-19T19:33:44+00:00,betano,basketball,NBA,props_nba_20260519_163344.csv,Oklahoma City Thunder San Antonio Spurs,oklahoma city thunder san antonio spurs,Julian Champagnie,julian champagnie,Asistencias (hitos),4+,0.0,10.25,player_assists_hito,AST,over,4,3.5,Julian Champagnie 4+ AST,1,
83ccc49f293016a9eb598714796631b8924c67de,20260519_163344,2026-05-19T16:33:44-03:00,2026-05-19T19:33:44+00:00,betano,basketball,NBA,props_nba_20260519_163344.csv,Oklahoma City Thunder San Antonio Spurs,oklahoma city thunder san antonio spurs,Chet Holmgren,chet holmgren,Asistencias (hitos),1+,0.0,1.28,player_assists_hito,AST,over,1,0.5,Chet Holmgren 1+ AST,1,
d6cdb31dbea16d0cb039ca6d5244a3dccb6eb7d0,20260519_163344,2026-05-19T16:33:44-03:00,2026-05-19T19:33:44+00:00,betano,basketball,NBA,props_nba_20260519_163344.csv,Oklahoma City Thunder San Antonio Spurs,oklahoma city thunder san antonio spurs,Chet Holmgren,chet holmgren,Asistencias (hitos),2+,0.0,2.35,player_assists_hito,AST,over,2,1.5,Chet Holmgren 2+ AST,1,
ca3ee61e98e3958817040f405e8d269b90e1c0e8,20260519_163344,2026-05-19T16:33:44-03:00,2026-05-19T19:33:44+00:00,betano,basketball,NBA,props_nba_20260519_163344.csv,Oklahoma City Thunder San Antonio Spurs,oklahoma city thunder san antonio spurs,Chet Holmgren,chet holmgren,Asistencias (hitos),3+,0.0,5.3,player_assists_hito,AST,over,3,2.5,Chet Holmgren 3+ AST,1,
48700dcd83ebd26c1bf308c7d80c45928ac1a4c9,20260519_163344,2026-05-19T16:33:44-03:00,2026-05-19T19:33:44+00:00,betano,basketball,NBA,props_nba_20260519_163344.csv,Oklahoma City Thunder San Antonio Spurs,oklahoma city thunder san antonio spurs,Chet Holmgren,chet holmgren,Asistencias (hitos),4+,0.0,11,player_assists_hito,AST,over,4,3.5,Chet Holmgren 4+ AST,1,
8cdb78fcb9db329f7214d64dfa19e912da8e8e12,20260519_163344,2026-05-19T16:33:44-03:00,2026-05-19T19:33:44+00:00,betano,basketball,NBA,props_nba_20260519_163344.csv,Oklahoma City Thunder San Antonio Spurs,oklahoma city thunder san antonio spurs,Luguentz Dort,luguentz dort,Asistencias (hitos),1+,0.0,1.72,player_assists_hito,AST,over,1,0.5,Luguentz Dort 1+ AST,1,
b252277f9f29575cb78ffaef91f7d3717c13ee8e,20260519_163344,2026-05-19T16:33:44-03:00,2026-05-19T19:33:44+00:00,betano,basketball,NBA,props_nba_20260519_163344.csv,Oklahoma City Thunder San Antonio Spurs,oklahoma city thunder san antonio spurs,Luguentz Dort,luguentz dort,Asistencias (hitos),2+,0.0,4.5,player_assists_hito,AST,over,2,1.5,Luguentz Dort 2+ AST,1,
4ca138649293709641ccccaea8e5b146fcdac88e,20260519_163344,2026-05-19T16:33:44-03:00,2026-05-19T19:33:44+00:00,betano,basketball,NBA,props_nba_20260519_163344.csv,Oklahoma City Thunder San Antonio Spurs,oklahoma city thunder san antonio spurs,Luguentz Dort,luguentz dort,Asistencias (hitos),3+,0.0,11.25,player_assists_hito,AST,over,3,2.5,Luguentz Dort 3+ AST,1,
30a278323c8c51ce15a7b873e4b0d87a9606e7a5,20260519_163344,2026-05-19T16:33:44-03:00,2026-05-19T19:33:44+00:00,betano,basketball,NBA,props_nba_20260519_163344.csv,Oklahoma City Thunder San Antonio Spurs,oklahoma city thunder san antonio spurs,Luguentz Dort,luguentz dort,Asistencias (hitos),4+,0.0,17.5,player_assists_hito,AST,over,4,3.5,Luguentz Dort 4+ AST,1,
721b6309c7e1195628ad7c9f9b60fb56c59e1f00,20260519_163344,2026-05-19T16:33:44-03:00,2026-05-19T19:33:44+00:00,betano,basketball,NBA,props_nba_20260519_163344.csv,Oklahoma City Thunder San Antonio Spurs,oklahoma city thunder san antonio spurs,Jaylin Williams,jaylin williams,Asistencias (hitos),1+,0.0,1.82,player_assists_hito,AST,over,1,0.5,Jaylin Williams 1+ AST,1,
1b9fd2bc236b14789e335c60e431b97d9463f45a,20260519_163344,2026-05-19T16:33:44-03:00,2026-05-19T19:33:44+00:00,betano,basketball,NBA,props_nba_20260519_163344.csv,Oklahoma City Thunder San Antonio Spurs,oklahoma city thunder san antonio spurs,Jaylin Williams,jaylin williams,Asistencias (hitos),2+,0.0,5,player_assists_hito,AST,over,2,1.5,Jaylin Williams 2+ AST,1,
1dd11f90243a7124de1f6985068c3fc4c994be8b,20260519_163344,2026-05-19T16:33:44-03:00,2026-05-19T19:33:44+00:00,betano,basketball,NBA,props_nba_20260519_163344.csv,Oklahoma City Thunder San Antonio Spurs,oklahoma city thunder san antonio spurs,Jaylin Williams,jaylin williams,Asistencias (hitos),3+,0.0,12.5,player_assists_hito,AST,over,3,2.5,Jaylin Williams 3+ AST,1,
3a2efce94f0d83359da9a226e50998e12e3225ea,20260519_163344,2026-05-19T16:33:44-03:00,2026-05-19T19:33:44+00:00,betano,basketball,NBA,props_nba_20260519_163344.csv,Oklahoma City Thunder San Antonio Spurs,oklahoma city thunder san antonio spurs,Jaylin Williams,jaylin williams,Asistencias (hitos),4+,0.0,18.5,player_assists_hito,AST,over,4,3.5,Jaylin Williams 4+ AST,1,
aee59aa5be58844bde89d06078acfc563e651926,20260519_163344,2026-05-19T16:33:44-03:00,2026-05-19T19:33:44+00:00,betano,basketball,NBA,props_nba_20260519_163344.csv,Oklahoma City Thunder San Antonio Spurs,oklahoma city thunder san antonio spurs,Victor Wembanyama,victor wembanyama,Rebotes (hitos),12+,0.0,1.33,player_rebounds_hito,REB,over,12,11.5,Victor Wembanyama 12+ REB,1,
26ab96004bbe513354fa19d5d08b13696e589ffa,20260519_163344,2026-05-19T16:33:44-03:00,2026-05-19T19:33:44+00:00,betano,basketball,NBA,props_nba_20260519_163344.csv,Oklahoma City Thunder San Antonio Spurs,oklahoma city thunder san antonio spurs,Victor Wembanyama,victor wembanyama,Rebotes (hitos),14+,0.0,1.9,player_rebounds_hito,REB,over,14,13.5,Victor Wembanyama 14+ REB,1,
36a98017ffe2a26a59e958fabaa54e6326b05544,20260519_163344,2026-05-19T16:33:44-03:00,2026-05-19T19:33:44+00:00,betano,basketball,NBA,props_nba_20260519_163344.csv,Oklahoma City Thunder San Antonio Spurs,oklahoma city thunder san antonio spurs,Victor Wembanyama,victor wembanyama,Rebotes (hitos),16+,0.0,3.15,player_rebounds_hito,REB,over,16,15.5,Victor Wembanyama 16+ REB,1,
20a2e5a516b451b727520ce73d700a107f568834,20260519_163344,2026-05-19T16:33:44-03:00,2026-05-19T19:33:44+00:00,betano,basketball,NBA,props_nba_20260519_163344.csv,Oklahoma City Thunder San Antonio Spurs,oklahoma city thunder san antonio spurs,Victor Wembanyama,victor wembanyama,Rebotes (hitos),18+,0.0,5.7,player_rebounds_hito,REB,over,18,17.5,Victor Wembanyama 18+ REB,1,
adf8f747dcbcbf9ce3589209c3be2a3ec6f7deba,20260519_163344,2026-05-19T16:33:44-03:00,2026-05-19T19:33:44+00:00,betano,basketball,NBA,props_nba_20260519_163344.csv,Oklahoma City Thunder San Antonio Spurs,oklahoma city thunder san antonio spurs,Victor Wembanyama,victor wembanyama,Rebotes (hitos),20+,0.0,10,player_rebounds_hito,REB,over,20,19.5,Victor Wembanyama 20+ REB,1,
9c8f135a440a38b2794970bced106a9f36efe865,20260519_163344,2026-05-19T16:33:44-03:00,2026-05-19T19:33:44+00:00,betano,basketball,NBA,props_nba_20260519_163344.csv,Oklahoma City Thunder San Antonio Spurs,oklahoma city thunder san antonio spurs,Victor Wembanyama,victor wembanyama,Rebotes (hitos),22+,0.0,15.5,player_rebounds_hito,REB,over,22,21.5,Victor Wembanyama 22+ REB,1,
97dde0c70aacc1cf9bd30563f16961b85f3562cc,20260519_163344,2026-05-19T16:33:44-03:00,2026-05-19T19:33:44+00:00,betano,basketball,NBA,props_nba_20260519_163344.csv,Oklahoma City Thunder San Antonio Spurs,oklahoma city thunder san antonio spurs,Chet Holmgren,chet holmgren,Rebotes (hitos),8+,0.0,1.38,player_rebounds_hito,REB,over,8,7.5,Chet Holmgren 8+ REB,1,
3b49fee865663c264040e52d8c41ae0b89dd8609,20260519_163344,2026-05-19T16:33:44-03:00,2026-05-19T19:33:44+00:00,betano,basketball,NBA,props_nba_20260519_163344.csv,Oklahoma City Thunder San Antonio Spurs,oklahoma city thunder san antonio spurs,Chet Holmgren,chet holmgren,Rebotes (hitos),9+,0.0,1.7,player_rebounds_hito,REB,over,9,8.5,Chet Holmgren 9+ REB,1,
e7bd7497f6fb9c900d9640422b1d718bb3f9e6fa,20260519_163344,2026-05-19T16:33:44-03:00,2026-05-19T19:33:44+00:00,betano,basketball,NBA,props_nba_20260519_163344.csv,Oklahoma City Thunder San Antonio Spurs,oklahoma city thunder san antonio spurs,Chet Holmgren,chet holmgren,Rebotes (hitos),10+,0.0,2.22,player_rebounds_hito,REB,over,10,9.5,Chet Holmgren 10+ REB,1,
6685bc4f9ae7cf083da7d379da407f6b888e3d62,20260519_163344,2026-05-19T16:33:44-03:00,2026-05-19T19:33:44+00:00,betano,basketball,NBA,props_nba_20260519_163344.csv,Oklahoma City Thunder San Antonio Spurs,oklahoma city thunder san antonio spurs,Chet Holmgren,chet holmgren,Rebotes (hitos),11+,0.0,3,player_rebounds_hito,REB,over,11,10.5,Chet Holmgren 11+ REB,1,
1b5693d43546dda2da161086563f773f2009ba2e,20260519_163344,2026-05-19T16:33:44-03:00,2026-05-19T19:33:44+00:00,betano,basketball,NBA,props_nba_20260519_163344.csv,Oklahoma City Thunder San Antonio Spurs,oklahoma city thunder san antonio spurs,Chet Holmgren,chet holmgren,Rebotes (hitos),12+,0.0,4.25,player_rebounds_hito,REB,over,12,11.5,Chet Holmgren 12+ REB,1,
29fc5701b3860d17151fd9c54c33dace00749f4b,20260519_163344,2026-05-19T16:33:44-03:00,2026-05-19T19:33:44+00:00,betano,basketball,NBA,props_nba_20260519_163344.csv,Oklahoma City Thunder San Antonio Spurs,oklahoma city thunder san antonio spurs,Chet Holmgren,chet holmgren,Rebotes (hitos),13+,0.0,6.1,player_rebounds_hito,REB,over,13,12.5,Chet Holmgren 13+ REB,1,
ed5ef2dc477b08fe07fa66162c48eb9de3abbdc6,20260519_163344,2026-05-19T16:33:44-03:00,2026-05-19T19:33:44+00:00,betano,basketball,NBA,props_nba_20260519_163344.csv,Oklahoma City Thunder San Antonio Spurs,oklahoma city thunder san antonio spurs,Chet Holmgren,chet holmgren,Rebotes (hitos),14+,0.0,8.75,player_rebounds_hito,REB,over,14,13.5,Chet Holmgren 14+ REB,1,
5ae9bf326f66f16aff58e221bca5983dedde9ccd,20260519_163344,2026-05-19T16:33:44-03:00,2026-05-19T19:33:44+00:00,betano,basketball,NBA,props_nba_20260519_163344.csv,Oklahoma City Thunder San Antonio Spurs,oklahoma city thunder san antonio spurs,Chet Holmgren,chet holmgren,Rebotes (hitos),15+,0.0,11.75,player_rebounds_hito,REB,over,15,14.5,Chet Holmgren 15+ REB,1,
b2126c2924e043b0d3cd85cc0d69c65e52673a2d,20260519_163344,2026-05-19T16:33:44-03:00,2026-05-19T19:33:44+00:00,betano,basketball,NBA,props_nba_20260519_163344.csv,Oklahoma City Thunder San Antonio Spurs,oklahoma city thunder san antonio spurs,Isaiah Hartenstein,isaiah hartenstein,Rebotes (hitos),5+,0.0,1.47,player_rebounds_hito,REB,over,5,4.5,Isaiah Hartenstein 5+ REB,1,
a0fbdc99561c75006354720a710a87bb64b7fcca,20260519_163344,2026-05-19T16:33:44-03:00,2026-05-19T19:33:44+00:00,betano,basketball,NBA,props_nba_20260519_163344.csv,Oklahoma City Thunder San Antonio Spurs,oklahoma city thunder san antonio spurs,Isaiah Hartenstein,isaiah hartenstein,Rebotes (hitos),6+,0.0,1.98,player_rebounds_hito,REB,over,6,5.5,Isaiah Hartenstein 6+ REB,1,
aed22729331d77e6b0fa5d6fda254567b2eaeb0b,20260519_163344,2026-05-19T16:33:44-03:00,2026-05-19T19:33:44+00:00,betano,basketball,NBA,props_nba_20260519_163344.csv,Oklahoma City Thunder San Antonio Spurs,oklahoma city thunder san antonio spurs,Isaiah Hartenstein,isaiah hartenstein,Rebotes (hitos),7+,0.0,2.92,player_rebounds_hito,REB,over,7,6.5,Isaiah Hartenstein 7+ REB,1,
60b52145575701e53ba77462708112f84565734c,20260519_163344,2026-05-19T16:33:44-03:00,2026-05-19T19:33:44+00:00,betano,basketball,NBA,props_nba_20260519_163344.csv,Oklahoma City Thunder San Antonio Spurs,oklahoma city thunder san antonio spurs,Isaiah Hartenstein,isaiah hartenstein,Rebotes (hitos),8+,0.0,4.55,player_rebounds_hito,REB,over,8,7.5,Isaiah Hartenstein 8+ REB,1,
59f075e4de7b254b8823bf37608cb3263b2c1289,20260519_163344,2026-05-19T16:33:44-03:00,2026-05-19T19:33:44+00:00,betano,basketball,NBA,props_nba_20260519_163344.csv,Oklahoma City Thunder San Antonio Spurs,oklahoma city thunder san antonio spurs,Isaiah Hartenstein,isaiah hartenstein,Rebotes (hitos),9+,0.0,7.2,player_rebounds_hito,REB,over,9,8.5,Isaiah Hartenstein 9+ REB,1,
355c7dfda7944f923eee4723f7f05a40fe707377,20260519_163344,2026-05-19T16:33:44-03:00,2026-05-19T19:33:44+00:00,betano,basketball,NBA,props_nba_20260519_163344.csv,Oklahoma City Thunder San Antonio Spurs,oklahoma city thunder san antonio spurs,Isaiah Hartenstein,isaiah hartenstein,Rebotes (hitos),10+,0.0,10.75,player_rebounds_hito,REB,over,10,9.5,Isaiah Hartenstein 10+ REB,1,
827281696f9698145a67f19ebd5c25d64084c52f,20260519_163344,2026-05-19T16:33:44-03:00,2026-05-19T19:33:44+00:00,betano,basketball,NBA,props_nba_20260519_163344.csv,Oklahoma City Thunder San Antonio Spurs,oklahoma city thunder san antonio spurs,Julian Champagnie,julian champagnie,Rebotes (hitos),4+,0.0,1.27,player_rebounds_hito,REB,over,4,3.5,Julian Champagnie 4+ REB,1,
d5331a25d295e30cfbfe6fb2dee510d50ee11d99,20260519_163344,2026-05-19T16:33:44-03:00,2026-05-19T19:33:44+00:00,betano,basketball,NBA,props_nba_20260519_163344.csv,Oklahoma City Thunder San Antonio Spurs,oklahoma city thunder san antonio spurs,Julian Champagnie,julian champagnie,Rebotes (hitos),5+,0.0,1.62,player_rebounds_hito,REB,over,5,4.5,Julian Champagnie 5+ REB,1,
63c1f5dcf6ef69856c981772494a168942b21257,20260519_163344,2026-05-19T16:33:44-03:00,2026-05-19T19:33:44+00:00,betano,basketball,NBA,props_nba_20260519_163344.csv,Oklahoma City Thunder San Antonio Spurs,oklahoma city thunder san antonio spurs,Julian Champagnie,julian champagnie,Rebotes (hitos),6+,0.0,2.3,player_rebounds_hito,REB,over,6,5.5,Julian Champagnie 6+ REB,1,
6bc96f67a09c546472c11bf5e042454858ed8ead,20260519_163344,2026-05-19T16:33:44-03:00,2026-05-19T19:33:44+00:00,betano,basketball,NBA,props_nba_20260519_163344.csv,Oklahoma City Thunder San Antonio Spurs,oklahoma city thunder san antonio spurs,Julian Champagnie,julian champagnie,Rebotes (hitos),7+,0.0,3.5,player_rebounds_hito,REB,over,7,6.5,Julian Champagnie 7+ REB,1,
2dde59c98c5eba49e1fb78702ef4d7ec0e544a3d,20260519_163344,2026-05-19T16:33:44-03:00,2026-05-19T19:33:44+00:00,betano,basketball,NBA,props_nba_20260519_163344.csv,Oklahoma City Thunder San Antonio Spurs,oklahoma city thunder san antonio spurs,Julian Champagnie,julian champagnie,Rebotes (hitos),8+,0.0,5.5,player_rebounds_hito,REB,over,8,7.5,Julian Champagnie 8+ REB,1,
ab39ffea7ecede73cc9e626e6cef6d7719dc1b0b,20260519_163344,2026-05-19T16:33:44-03:00,2026-05-19T19:33:44+00:00,betano,basketball,NBA,props_nba_20260519_163344.csv,Oklahoma City Thunder San Antonio Spurs,oklahoma city thunder san antonio spurs,Julian Champagnie,julian champagnie,Rebotes (hitos),9+,0.0,8.75,player_rebounds_hito,REB,over,9,8.5,Julian Champagnie 9+ REB,1,
817f1e7805dfaecc4211f694f8254843cb161308,20260519_163344,2026-05-19T16:33:44-03:00,2026-05-19T19:33:44+00:00,betano,basketball,NBA,props_nba_20260519_163344.csv,Oklahoma City Thunder San Antonio Spurs,oklahoma city thunder san antonio spurs,Stephon Castle,stephon castle,Rebotes (hitos),4+,0.0,1.28,player_rebounds_hito,REB,over,4,3.5,Stephon Castle 4+ REB,1,
c8a1cc23964b8b29c42a62ee5594ca95308992bf,20260519_163344,2026-05-19T16:33:44-03:00,2026-05-19T19:33:44+00:00,betano,basketball,NBA,props_nba_20260519_163344.csv,Oklahoma City Thunder San Antonio Spurs,oklahoma city thunder san antonio spurs,Stephon Castle,stephon castle,Rebotes (hitos),5+,0.0,1.65,player_rebounds_hito,REB,over,5,4.5,Stephon Castle 5+ REB,1,
09bb3369becc4346ac792d5c5a65e2fb3f1dd44d,20260519_163344,2026-05-19T16:33:44-03:00,2026-05-19T19:33:44+00:00,betano,basketball,NBA,props_nba_20260519_163344.csv,Oklahoma City Thunder San Antonio Spurs,oklahoma city thunder san antonio spurs,Stephon Castle,stephon castle,Rebotes (hitos),6+,0.0,2.35,player_rebounds_hito,REB,over,6,5.5,Stephon Castle 6+ REB,1,
37b45ece6134ff73ff8488a921e0b2a8532ca09a,20260519_163344,2026-05-19T16:33:44-03:00,2026-05-19T19:33:44+00:00,betano,basketball,NBA,props_nba_20260519_163344.csv,Oklahoma City Thunder San Antonio Spurs,oklahoma city thunder san antonio spurs,Stephon Castle,stephon castle,Rebotes (hitos),7+,0.0,3.55,player_rebounds_hito,REB,over,7,6.5,Stephon Castle 7+ REB,1,
be3d01b3173c01f92ef136d842792f6a120075c9,20260519_163344,2026-05-19T16:33:44-03:00,2026-05-19T19:33:44+00:00,betano,basketball,NBA,props_nba_20260519_163344.csv,Oklahoma City Thunder San Antonio Spurs,oklahoma city thunder san antonio spurs,Stephon Castle,stephon castle,Rebotes (hitos),8+,0.0,5.7,player_rebounds_hito,REB,over,8,7.5,Stephon Castle 8+ REB,1,
a7a6c4d799c8836ed5775a9a4fc53ca43a9a707b,20260519_163344,2026-05-19T16:33:44-03:00,2026-05-19T19:33:44+00:00,betano,basketball,NBA,props_nba_20260519_163344.csv,Oklahoma City Thunder San Antonio Spurs,oklahoma city thunder san antonio spurs,Stephon Castle,stephon castle,Rebotes (hitos),9+,0.0,9,player_rebounds_hito,REB,over,9,8.5,Stephon Castle 9+ REB,1,
b822942bc2a1bf0994c41a86128158abea10f0d1,20260519_163344,2026-05-19T16:33:44-03:00,2026-05-19T19:33:44+00:00,betano,basketball,NBA,props_nba_20260519_163344.csv,Oklahoma City Thunder San Antonio Spurs,oklahoma city thunder san antonio spurs,Jalen Williams,jalen williams,Rebotes (hitos),4+,0.0,1.32,player_rebounds_hito,REB,over,4,3.5,Jalen Williams 4+ REB,1,
9e553a80d94048c0add7d32fe5cd42cf555ad4b0,20260519_163344,2026-05-19T16:33:44-03:00,2026-05-19T19:33:44+00:00,betano,basketball,NBA,props_nba_20260519_163344.csv,Oklahoma City Thunder San Antonio Spurs,oklahoma city thunder san antonio spurs,Jalen Williams,jalen williams,Rebotes (hitos),5+,0.0,1.75,player_rebounds_hito,REB,over,5,4.5,Jalen Williams 5+ REB,1,
46a4dab4a9d9161e1d97cb50f805247944bde4c5,20260519_163344,2026-05-19T16:33:44-03:00,2026-05-19T19:33:44+00:00,betano,basketball,NBA,props_nba_20260519_163344.csv,Oklahoma City Thunder San Antonio Spurs,oklahoma city thunder san antonio spurs,Jalen Williams,jalen williams,Rebotes (hitos),6+,0.0,2.55,player_rebounds_hito,REB,over,6,5.5,Jalen Williams 6+ REB,1,
81744fce9090b56c2afd80740def074dd08127b2,20260519_163344,2026-05-19T16:33:44-03:00,2026-05-19T19:33:44+00:00,betano,basketball,NBA,props_nba_20260519_163344.csv,Oklahoma City Thunder San Antonio Spurs,oklahoma city thunder san antonio spurs,Jalen Williams,jalen williams,Rebotes (hitos),7+,0.0,4,player_rebounds_hito,REB,over,7,6.5,Jalen Williams 7+ REB,1,
20044620fecf858ac68ba250771f1cd7bffef1cf,20260519_163344,2026-05-19T16:33:44-03:00,2026-05-19T19:33:44+00:00,betano,basketball,NBA,props_nba_20260519_163344.csv,Oklahoma City Thunder San Antonio Spurs,oklahoma city thunder san antonio spurs,Jalen Williams,jalen williams,Rebotes (hitos),8+,0.0,6.5,player_rebounds_hito,REB,over,8,7.5,Jalen Williams 8+ REB,1,
668c21941172143b6a7b6ea4f1650685325c78d0,20260519_163344,2026-05-19T16:33:44-03:00,2026-05-19T19:33:44+00:00,betano,basketball,NBA,props_nba_20260519_163344.csv,Oklahoma City Thunder San Antonio Spurs,oklahoma city thunder san antonio spurs,Jalen Williams,jalen williams,Rebotes (hitos),9+,0.0,10,player_rebounds_hito,REB,over,9,8.5,Jalen Williams 9+ REB,1,
8a3adbd4033235e9424078d39098e7ca5706f532,20260519_163344,2026-05-19T16:33:44-03:00,2026-05-19T19:33:44+00:00,betano,basketball,NBA,props_nba_20260519_163344.csv,Oklahoma City Thunder San Antonio Spurs,oklahoma city thunder san antonio spurs,Devin Vassell,devin vassell,Rebotes (hitos),3+,0.0,1.21,player_rebounds_hito,REB,over,3,2.5,Devin Vassell 3+ REB,1,
d77ae4a968ae7b0cf856cf1889b46ee25123b749,20260519_163344,2026-05-19T16:33:44-03:00,2026-05-19T19:33:44+00:00,betano,basketball,NBA,props_nba_20260519_163344.csv,Oklahoma City Thunder San Antonio Spurs,oklahoma city thunder san antonio spurs,Devin Vassell,devin vassell,Rebotes (hitos),4+,0.0,1.57,player_rebounds_hito,REB,over,4,3.5,Devin Vassell 4+ REB,1,
3e0f1b78abbb6d5413c03345c7ae9118747e383f,20260519_163344,2026-05-19T16:33:44-03:00,2026-05-19T19:33:44+00:00,betano,basketball,NBA,props_nba_20260519_163344.csv,Oklahoma City Thunder San Antonio Spurs,oklahoma city thunder san antonio spurs,Devin Vassell,devin vassell,Rebotes (hitos),5+,0.0,2.27,player_rebounds_hito,REB,over,5,4.5,Devin Vassell 5+ REB,1,
5e830583b61d3b888e8c82f6adf407dcac9764aa,20260519_163344,2026-05-19T16:33:44-03:00,2026-05-19T19:33:44+00:00,betano,basketball,NBA,props_nba_20260519_163344.csv,Oklahoma City Thunder San Antonio Spurs,oklahoma city thunder san antonio spurs,Devin Vassell,devin vassell,Rebotes (hitos),6+,0.0,3.65,player_rebounds_hito,REB,over,6,5.5,Devin Vassell 6+ REB,1,
8c37c3570fe7a2a90e708ec4d55ed84418ce9e93,20260519_163344,2026-05-19T16:33:44-03:00,2026-05-19T19:33:44+00:00,betano,basketball,NBA,props_nba_20260519_163344.csv,Oklahoma City Thunder San Antonio Spurs,oklahoma city thunder san antonio spurs,Devin Vassell,devin vassell,Rebotes (hitos),7+,0.0,6.1,player_rebounds_hito,REB,over,7,6.5,Devin Vassell 7+ REB,1,
49a018105f4d022a462e534a7b026b8be3970123,20260519_163344,2026-05-19T16:33:44-03:00,2026-05-19T19:33:44+00:00,betano,basketball,NBA,props_nba_20260519_163344.csv,Oklahoma City Thunder San Antonio Spurs,oklahoma city thunder san antonio spurs,Devin Vassell,devin vassell,Rebotes (hitos),8+,0.0,9.75,player_rebounds_hito,REB,over,8,7.5,Devin Vassell 8+ REB,1,
8ff51fd5b65061799d4c9d78c3ac5c9d149ca625,20260519_163344,2026-05-19T16:33:44-03:00,2026-05-19T19:33:44+00:00,betano,basketball,NBA,props_nba_20260519_163344.csv,Oklahoma City Thunder San Antonio Spurs,oklahoma city thunder san antonio spurs,Dylan Harper,dylan harper,Rebotes (hitos),3+,0.0,1.23,player_rebounds_hito,REB,over,3,2.5,Dylan Harper 3+ REB,1,
6e74d2ef9c248f6d2c643d815902a99b1e7b2d39,20260519_163344,2026-05-19T16:33:44-03:00,2026-05-19T19:33:44+00:00,betano,basketball,NBA,props_nba_20260519_163344.csv,Oklahoma City Thunder San Antonio Spurs,oklahoma city thunder san antonio spurs,Dylan Harper,dylan harper,Rebotes (hitos),4+,0.0,1.62,player_rebounds_hito,REB,over,4,3.5,Dylan Harper 4+ REB,1,
fdd5d4572319409c859c4508a229084ac8ead148,20260519_163344,2026-05-19T16:33:44-03:00,2026-05-19T19:33:44+00:00,betano,basketball,NBA,props_nba_20260519_163344.csv,Oklahoma City Thunder San Antonio Spurs,oklahoma city thunder san antonio spurs,Dylan Harper,dylan harper,Rebotes (hitos),5+,0.0,2.42,player_rebounds_hito,REB,over,5,4.5,Dylan Harper 5+ REB,1,
5520c98841a102830511a999e82932573e4375ae,20260519_163344,2026-05-19T16:33:44-03:00,2026-05-19T19:33:44+00:00,betano,basketball,NBA,props_nba_20260519_163344.csv,Oklahoma City Thunder San Antonio Spurs,oklahoma city thunder san antonio spurs,Dylan Harper,dylan harper,Rebotes (hitos),6+,0.0,3.9,player_rebounds_hito,REB,over,6,5.5,Dylan Harper 6+ REB,1,
c3c458d987a369f9ec2a330b6aa6d6cb62dc5dca,20260519_163344,2026-05-19T16:33:44-03:00,2026-05-19T19:33:44+00:00,betano,basketball,NBA,props_nba_20260519_163344.csv,Oklahoma City Thunder San Antonio Spurs,oklahoma city thunder san antonio spurs,Dylan Harper,dylan harper,Rebotes (hitos),7+,0.0,6.5,player_rebounds_hito,REB,over,7,6.5,Dylan Harper 7+ REB,1,
c488642f9ecdf2eda18db77abd4809d92ce1be57,20260519_163344,2026-05-19T16:33:44-03:00,2026-05-19T19:33:44+00:00,betano,basketball,NBA,props_nba_20260519_163344.csv,Oklahoma City Thunder San Antonio Spurs,oklahoma city thunder san antonio spurs,Dylan Harper,dylan harper,Rebotes (hitos),8+,0.0,10.5,player_rebounds_hito,REB,over,8,7.5,Dylan Harper 8+ REB,1,
74df12bc74d451a900041de453aec5e9618e04e0,20260519_163344,2026-05-19T16:33:44-03:00,2026-05-19T19:33:44+00:00,betano,basketball,NBA,props_nba_20260519_163344.csv,Oklahoma City Thunder San Antonio Spurs,oklahoma city thunder san antonio spurs,Shai Gilgeous-Alexander,shai gilgeous alexander,Rebotes (hitos),3+,0.0,1.24,player_rebounds_hito,REB,over,3,2.5,Shai Gilgeous-Alexander 3+ REB,1,
45b0b875160609f48b2cfbbeba979409bf34d1be,20260519_163344,2026-05-19T16:33:44-03:00,2026-05-19T19:33:44+00:00,betano,basketball,NBA,props_nba_20260519_163344.csv,Oklahoma City Thunder San Antonio Spurs,oklahoma city thunder san antonio spurs,Shai Gilgeous-Alexander,shai gilgeous alexander,Rebotes (hitos),4+,0.0,1.65,player_rebounds_hito,REB,over,4,3.5,Shai Gilgeous-Alexander 4+ REB,1,
4aa9ae418d5b9cd814767218e07bbf742093c71d,20260519_163344,2026-05-19T16:33:44-03:00,2026-05-19T19:33:44+00:00,betano,basketball,NBA,props_nba_20260519_163344.csv,Oklahoma City Thunder San Antonio Spurs,oklahoma city thunder san antonio spurs,Shai Gilgeous-Alexander,shai gilgeous alexander,Rebotes (hitos),5+,0.0,2.47,player_rebounds_hito,REB,over,5,4.5,Shai Gilgeous-Alexander 5+ REB,1,
c1c0ee161fa34d23955e13d55c11acdddb348d38,20260519_163344,2026-05-19T16:33:44-03:00,2026-05-19T19:33:44+00:00,betano,basketball,NBA,props_nba_20260519_163344.csv,Oklahoma City Thunder San Antonio Spurs,oklahoma city thunder san antonio spurs,Shai Gilgeous-Alexander,shai gilgeous alexander,Rebotes (hitos),6+,0.0,4,player_rebounds_hito,REB,over,6,5.5,Shai Gilgeous-Alexander 6+ REB,1,
8981d6bc1131d4a3be59fc206f0b9bbe76924e00,20260519_163344,2026-05-19T16:33:44-03:00,2026-05-19T19:33:44+00:00,betano,basketball,NBA,props_nba_20260519_163344.csv,Oklahoma City Thunder San Antonio Spurs,oklahoma city thunder san antonio spurs,Shai Gilgeous-Alexander,shai gilgeous alexander,Rebotes (hitos),7+,0.0,6.8,player_rebounds_hito,REB,over,7,6.5,Shai Gilgeous-Alexander 7+ REB,1,
a8e31a2464bdbc5682175b97903967df61fd6bd9,20260519_163344,2026-05-19T16:33:44-03:00,2026-05-19T19:33:44+00:00,betano,basketball,NBA,props_nba_20260519_163344.csv,Oklahoma City Thunder San Antonio Spurs,oklahoma city thunder san antonio spurs,Shai Gilgeous-Alexander,shai gilgeous alexander,Rebotes (hitos),8+,0.0,10.5,player_rebounds_hito,REB,over,8,7.5,Shai Gilgeous-Alexander 8+ REB,1,
ed8ae55e980385dd67a1f49c5bb9e07da8c6c783,20260519_163344,2026-05-19T16:33:44-03:00,2026-05-19T19:33:44+00:00,betano,basketball,NBA,props_nba_20260519_163344.csv,Oklahoma City Thunder San Antonio Spurs,oklahoma city thunder san antonio spurs,Keldon Johnson,keldon johnson,Rebotes (hitos),3+,0.0,1.31,player_rebounds_hito,REB,over,3,2.5,Keldon Johnson 3+ REB,1,
9d6d89fd61509e9e2fc16c866580eab8181f2177,20260519_163344,2026-05-19T16:33:44-03:00,2026-05-19T19:33:44+00:00,betano,basketball,NBA,props_nba_20260519_163344.csv,Oklahoma City Thunder San Antonio Spurs,oklahoma city thunder san antonio spurs,Keldon Johnson,keldon johnson,Rebotes (hitos),4+,0.0,1.82,player_rebounds_hito,REB,over,4,3.5,Keldon Johnson 4+ REB,1,
f38557747c2bf9d3b832d6f127fe64fddaa379ca,20260519_163344,2026-05-19T16:33:44-03:00,2026-05-19T19:33:44+00:00,betano,basketball,NBA,props_nba_20260519_163344.csv,Oklahoma City Thunder San Antonio Spurs,oklahoma city thunder san antonio spurs,Keldon Johnson,keldon johnson,Rebotes (hitos),5+,0.0,2.85,player_rebounds_hito,REB,over,5,4.5,Keldon Johnson 5+ REB,1,
5652a39522108fb8e9a25a21bd14159af3f0aee7,20260519_163344,2026-05-19T16:33:44-03:00,2026-05-19T19:33:44+00:00,betano,basketball,NBA,props_nba_20260519_163344.csv,Oklahoma City Thunder San Antonio Spurs,oklahoma city thunder san antonio spurs,Keldon Johnson,keldon johnson,Rebotes (hitos),6+,0.0,4.8,player_rebounds_hito,REB,over,6,5.5,Keldon Johnson 6+ REB,1,
1eb450ba3917ab7233541e65f197a3a67e9f85d8,20260519_163344,2026-05-19T16:33:44-03:00,2026-05-19T19:33:44+00:00,betano,basketball,NBA,props_nba_20260519_163344.csv,Oklahoma City Thunder San Antonio Spurs,oklahoma city thunder san antonio spurs,Keldon Johnson,keldon johnson,Rebotes (hitos),7+,0.0,8,player_rebounds_hito,REB,over,7,6.5,Keldon Johnson 7+ REB,1,
c1be6fd111e6714090f7f54c5a13b9a4e11cf2e3,20260519_163344,2026-05-19T16:33:44-03:00,2026-05-19T19:33:44+00:00,betano,basketball,NBA,props_nba_20260519_163344.csv,Oklahoma City Thunder San Antonio Spurs,oklahoma city thunder san antonio spurs,Keldon Johnson,keldon johnson,Rebotes (hitos),8+,0.0,12.5,player_rebounds_hito,REB,over,8,7.5,Keldon Johnson 8+ REB,1,
73ba7007c1ccb129559f9df1d520a00cb86e7922,20260519_163344,2026-05-19T16:33:44-03:00,2026-05-19T19:33:44+00:00,betano,basketball,NBA,props_nba_20260519_163344.csv,Oklahoma City Thunder San Antonio Spurs,oklahoma city thunder san antonio spurs,Ajay Mitchell,ajay mitchell,Rebotes (hitos),3+,0.0,1.42,player_rebounds_hito,REB,over,3,2.5,Ajay Mitchell 3+ REB,1,
7bea5572807963e95ffae49b97ca1b9e6bb10524,20260519_163344,2026-05-19T16:33:44-03:00,2026-05-19T19:33:44+00:00,betano,basketball,NBA,props_nba_20260519_163344.csv,Oklahoma City Thunder San Antonio Spurs,oklahoma city thunder san antonio spurs,Ajay Mitchell,ajay mitchell,Rebotes (hitos),4+,0.0,2.1,player_rebounds_hito,REB,over,4,3.5,Ajay Mitchell 4+ REB,1,
8f561d8e95381f8c7b17930e100a5b12b15c9437,20260519_163344,2026-05-19T16:33:44-03:00,2026-05-19T19:33:44+00:00,betano,basketball,NBA,props_nba_20260519_163344.csv,Oklahoma City Thunder San Antonio Spurs,oklahoma city thunder san antonio spurs,Ajay Mitchell,ajay mitchell,Rebotes (hitos),5+,0.0,3.45,player_rebounds_hito,REB,over,5,4.5,Ajay Mitchell 5+ REB,1,
f5da1d925a5f936a9bf8ac6d972cd1b380575d8b,20260519_163344,2026-05-19T16:33:44-03:00,2026-05-19T19:33:44+00:00,betano,basketball,NBA,props_nba_20260519_163344.csv,Oklahoma City Thunder San Antonio Spurs,oklahoma city thunder san antonio spurs,Ajay Mitchell,ajay mitchell,Rebotes (hitos),6+,0.0,6.1,player_rebounds_hito,REB,over,6,5.5,Ajay Mitchell 6+ REB,1,
edf476ab6222ae416794d62ff610e266b832b563,20260519_163344,2026-05-19T16:33:44-03:00,2026-05-19T19:33:44+00:00,betano,basketball,NBA,props_nba_20260519_163344.csv,Oklahoma City Thunder San Antonio Spurs,oklahoma city thunder san antonio spurs,Ajay Mitchell,ajay mitchell,Rebotes (hitos),7+,0.0,10.25,player_rebounds_hito,REB,over,7,6.5,Ajay Mitchell 7+ REB,1,
3ac38146c1ec9da1263ac74a638143d169ff87a8,20260519_163344,2026-05-19T16:33:44-03:00,2026-05-19T19:33:44+00:00,betano,basketball,NBA,props_nba_20260519_163344.csv,Oklahoma City Thunder San Antonio Spurs,oklahoma city thunder san antonio spurs,Ajay Mitchell,ajay mitchell,Rebotes (hitos),8+,0.0,15,player_rebounds_hito,REB,over,8,7.5,Ajay Mitchell 8+ REB,1,
dfbcdf7803bc8ed4c8705ae657688175c9f2669e,20260519_163344,2026-05-19T16:33:44-03:00,2026-05-19T19:33:44+00:00,betano,basketball,NBA,props_nba_20260519_163344.csv,Oklahoma City Thunder San Antonio Spurs,oklahoma city thunder san antonio spurs,Alex Caruso,alex caruso,Rebotes (hitos),3+,0.0,1.44,player_rebounds_hito,REB,over,3,2.5,Alex Caruso 3+ REB,1,
6f51b136be182445378abd142e18aceecd498cc9,20260519_163344,2026-05-19T16:33:44-03:00,2026-05-19T19:33:44+00:00,betano,basketball,NBA,props_nba_20260519_163344.csv,Oklahoma City Thunder San Antonio Spurs,oklahoma city thunder san antonio spurs,Alex Caruso,alex caruso,Rebotes (hitos),4+,0.0,2.12,player_rebounds_hito,REB,over,4,3.5,Alex Caruso 4+ REB,1,
328eb4a09ff4e903e24e404c48415b783e0452e9,20260519_163344,2026-05-19T16:33:44-03:00,2026-05-19T19:33:44+00:00,betano,basketball,NBA,props_nba_20260519_163344.csv,Oklahoma City Thunder San Antonio Spurs,oklahoma city thunder san antonio spurs,Alex Caruso,alex caruso,Rebotes (hitos),5+,0.0,3.5,player_rebounds_hito,REB,over,5,4.5,Alex Caruso 5+ REB,1,
e0dc78b7dd512d058482a9f1858018522a145b56,20260519_163344,2026-05-19T16:33:44-03:00,2026-05-19T19:33:44+00:00,betano,basketball,NBA,props_nba_20260519_163344.csv,Oklahoma City Thunder San Antonio Spurs,oklahoma city thunder san antonio spurs,Alex Caruso,alex caruso,Rebotes (hitos),6+,0.0,6.1,player_rebounds_hito,REB,over,6,5.5,Alex Caruso 6+ REB,1,
a060fd422b636b2fb87cf0a8aa327c9a8b0a8186,20260519_163344,2026-05-19T16:33:44-03:00,2026-05-19T19:33:44+00:00,betano,basketball,NBA,props_nba_20260519_163344.csv,Oklahoma City Thunder San Antonio Spurs,oklahoma city thunder san antonio spurs,Alex Caruso,alex caruso,Rebotes (hitos),7+,0.0,10.25,player_rebounds_hito,REB,over,7,6.5,Alex Caruso 7+ REB,1,
15941392d653eee7790132ed3f8a6ea0f04a65f1,20260519_163344,2026-05-19T16:33:44-03:00,2026-05-19T19:33:44+00:00,betano,basketball,NBA,props_nba_20260519_163344.csv,Oklahoma City Thunder San Antonio Spurs,oklahoma city thunder san antonio spurs,Alex Caruso,alex caruso,Rebotes (hitos),8+,0.0,15,player_rebounds_hito,REB,over,8,7.5,Alex Caruso 8+ REB,1,
3ee9b61976f2f94c5366356fc1260cbed5afd16a,20260519_163344,2026-05-19T16:33:44-03:00,2026-05-19T19:33:44+00:00,betano,basketball,NBA,props_nba_20260519_163344.csv,Oklahoma City Thunder San Antonio Spurs,oklahoma city thunder san antonio spurs,De'Aaron Fox,de aaron fox,Rebotes (hitos),2+,0.0,1.13,player_rebounds_hito,REB,over,2,1.5,De'Aaron Fox 2+ REB,1,
247439b646547cae401d344e2b4e9abdbf16c198,20260519_163344,2026-05-19T16:33:44-03:00,2026-05-19T19:33:44+00:00,betano,basketball,NBA,props_nba_20260519_163344.csv,Oklahoma City Thunder San Antonio Spurs,oklahoma city thunder san antonio spurs,De'Aaron Fox,de aaron fox,Rebotes (hitos),3+,0.0,1.55,player_rebounds_hito,REB,over,3,2.5,De'Aaron Fox 3+ REB,1,
e9979d87d2044fe7db2501e83eff4b7e78bbb37d,20260519_163344,2026-05-19T16:33:44-03:00,2026-05-19T19:33:44+00:00,betano,basketball,NBA,props_nba_20260519_163344.csv,Oklahoma City Thunder San Antonio Spurs,oklahoma city thunder san antonio spurs,De'Aaron Fox,de aaron fox,Rebotes (hitos),4+,0.0,2.37,player_rebounds_hito,REB,over,4,3.5,De'Aaron Fox 4+ REB,1,
2dca55af56565789077f8f63c8f16a4c24e27caa,20260519_163344,2026-05-19T16:33:44-03:00,2026-05-19T19:33:44+00:00,betano,basketball,NBA,props_nba_20260519_163344.csv,Oklahoma City Thunder San Antonio Spurs,oklahoma city thunder san antonio spurs,De'Aaron Fox,de aaron fox,Rebotes (hitos),5+,0.0,4,player_rebounds_hito,REB,over,5,4.5,De'Aaron Fox 5+ REB,1,
c53bcbbb9ccdf4b1c97d6f37aaf5a5a93dbb1cc5,20260519_163344,2026-05-19T16:33:44-03:00,2026-05-19T19:33:44+00:00,betano,basketball,NBA,props_nba_20260519_163344.csv,Oklahoma City Thunder San Antonio Spurs,oklahoma city thunder san antonio spurs,Luguentz Dort,luguentz dort,Rebotes (hitos),2+,0.0,1.16,player_rebounds_hito,REB,over,2,1.5,Luguentz Dort 2+ REB,1,
cb9c68a2b49b6fe1554fb77fd7a84eccffead84e,20260519_163344,2026-05-19T16:33:44-03:00,2026-05-19T19:33:44+00:00,betano,basketball,NBA,props_nba_20260519_163344.csv,Oklahoma City Thunder San Antonio Spurs,oklahoma city thunder san antonio spurs,Luguentz Dort,luguentz dort,Rebotes (hitos),3+,0.0,1.65,player_rebounds_hito,REB,over,3,2.5,Luguentz Dort 3+ REB,1,
dd74446cddcbc7fb2470ae93949201abc53d8007,20260519_163344,2026-05-19T16:33:44-03:00,2026-05-19T19:33:44+00:00,betano,basketball,NBA,props_nba_20260519_163344.csv,Oklahoma City Thunder San Antonio Spurs,oklahoma city thunder san antonio spurs,Luguentz Dort,luguentz dort,Rebotes (hitos),4+,0.0,2.6,player_rebounds_hito,REB,over,4,3.5,Luguentz Dort 4+ REB,1,
ef8cf1f809b24b6d66e5084579fbe64820e09e49,20260519_163344,2026-05-19T16:33:44-03:00,2026-05-19T19:33:44+00:00,betano,basketball,NBA,props_nba_20260519_163344.csv,Oklahoma City Thunder San Antonio Spurs,oklahoma city thunder san antonio spurs,Luguentz Dort,luguentz dort,Rebotes (hitos),5+,0.0,4.05,player_rebounds_hito,REB,over,5,4.5,Luguentz Dort 5+ REB,1,
402ca652298a3107f8e08518738ea32ce51cc85f,20260519_163344,2026-05-19T16:33:44-03:00,2026-05-19T19:33:44+00:00,betano,basketball,NBA,props_nba_20260519_163344.csv,Oklahoma City Thunder San Antonio Spurs,oklahoma city thunder san antonio spurs,Cason Wallace,cason wallace,Rebotes (hitos),2+,0.0,1.23,player_rebounds_hito,REB,over,2,1.5,Cason Wallace 2+ REB,1,
451b9d6667a08176689e9087390c768bc5aa8d62,20260519_163344,2026-05-19T16:33:44-03:00,2026-05-19T19:33:44+00:00,betano,basketball,NBA,props_nba_20260519_163344.csv,Oklahoma City Thunder San Antonio Spurs,oklahoma city thunder san antonio spurs,Cason Wallace,cason wallace,Rebotes (hitos),3+,0.0,1.78,player_rebounds_hito,REB,over,3,2.5,Cason Wallace 3+ REB,1,
a2b4736a70b5653bce5fd2e8148aa19ab93d680f,20260519_163344,2026-05-19T16:33:44-03:00,2026-05-19T19:33:44+00:00,betano,basketball,NBA,props_nba_20260519_163344.csv,Oklahoma City Thunder San Antonio Spurs,oklahoma city thunder san antonio spurs,Cason Wallace,cason wallace,Rebotes (hitos),4+,0.0,2.95,player_rebounds_hito,REB,over,4,3.5,Cason Wallace 4+ REB,1,
6d55229de3fd470f42ac801b836b63f17391a17f,20260519_163344,2026-05-19T16:33:44-03:00,2026-05-19T19:33:44+00:00,betano,basketball,NBA,props_nba_20260519_163344.csv,Oklahoma City Thunder San Antonio Spurs,oklahoma city thunder san antonio spurs,Cason Wallace,cason wallace,Rebotes (hitos),5+,0.0,5.3,player_rebounds_hito,REB,over,5,4.5,Cason Wallace 5+ REB,1,
dda9c431b802a9b3e4b42e1cf6a93bd14e54d3ca,20260519_163344,2026-05-19T16:33:44-03:00,2026-05-19T19:33:44+00:00,betano,basketball,NBA,props_nba_20260519_163344.csv,Oklahoma City Thunder San Antonio Spurs,oklahoma city thunder san antonio spurs,Jaylin Williams,jaylin williams,Rebotes (hitos),2+,0.0,1.27,player_rebounds_hito,REB,over,2,1.5,Jaylin Williams 2+ REB,1,
4ad1f0038f5938b235fa7059b02d6ec232401d57,20260519_163344,2026-05-19T16:33:44-03:00,2026-05-19T19:33:44+00:00,betano,basketball,NBA,props_nba_20260519_163344.csv,Oklahoma City Thunder San Antonio Spurs,oklahoma city thunder san antonio spurs,Jaylin Williams,jaylin williams,Rebotes (hitos),3+,0.0,1.87,player_rebounds_hito,REB,over,3,2.5,Jaylin Williams 3+ REB,1,
d08a622cef55cef15aa899be41a96e7343831bc6,20260519_163344,2026-05-19T16:33:44-03:00,2026-05-19T19:33:44+00:00,betano,basketball,NBA,props_nba_20260519_163344.csv,Oklahoma City Thunder San Antonio Spurs,oklahoma city thunder san antonio spurs,Jaylin Williams,jaylin williams,Rebotes (hitos),4+,0.0,3.2,player_rebounds_hito,REB,over,4,3.5,Jaylin Williams 4+ REB,1,
6f3dfe5227ec79efb1f95bb157e8cb4023f2ad5f,20260519_163344,2026-05-19T16:33:44-03:00,2026-05-19T19:33:44+00:00,betano,basketball,NBA,props_nba_20260519_163344.csv,Oklahoma City Thunder San Antonio Spurs,oklahoma city thunder san antonio spurs,Jaylin Williams,jaylin williams,Rebotes (hitos),5+,0.0,5.8,player_rebounds_hito,REB,over,5,4.5,Jaylin Williams 5+ REB,1,
ae0d373dde7e8484d0041e235651419f58022085,20260519_163344,2026-05-19T16:33:44-03:00,2026-05-19T19:33:44+00:00,betano,basketball,NBA,props_nba_20260519_163344.csv,Oklahoma City Thunder San Antonio Spurs,oklahoma city thunder san antonio spurs,Luke Kornet,luke kornet,Rebotes (hitos),2+,0.0,1.28,player_rebounds_hito,REB,over,2,1.5,Luke Kornet 2+ REB,1,
76311a231ed774fb61f046140ef8a46a0e3589a1,20260519_163344,2026-05-19T16:33:44-03:00,2026-05-19T19:33:44+00:00,betano,basketball,NBA,props_nba_20260519_163344.csv,Oklahoma City Thunder San Antonio Spurs,oklahoma city thunder san antonio spurs,Luke Kornet,luke kornet,Rebotes (hitos),3+,0.0,1.88,player_rebounds_hito,REB,over,3,2.5,Luke Kornet 3+ REB,1,
4e41a847f2b7cd42c116e704351791415e95f642,20260519_163344,2026-05-19T16:33:44-03:00,2026-05-19T19:33:44+00:00,betano,basketball,NBA,props_nba_20260519_163344.csv,Oklahoma City Thunder San Antonio Spurs,oklahoma city thunder san antonio spurs,Luke Kornet,luke kornet,Rebotes (hitos),4+,0.0,3.25,player_rebounds_hito,REB,over,4,3.5,Luke Kornet 4+ REB,1,
0711a9de89986cf442c398e186789924fbc2df86,20260519_163344,2026-05-19T16:33:44-03:00,2026-05-19T19:33:44+00:00,betano,basketball,NBA,props_nba_20260519_163344.csv,Oklahoma City Thunder San Antonio Spurs,oklahoma city thunder san antonio spurs,Luke Kornet,luke kornet,Rebotes (hitos),5+,0.0,6,player_rebounds_hito,REB,over,5,4.5,Luke Kornet 5+ REB,1,
e3cf4712dca68ccf6b1bba66a38b7231ee37f19b,20260519_163344,2026-05-19T16:33:44-03:00,2026-05-19T19:33:44+00:00,betano,basketball,NBA,props_nba_20260519_163344.csv,Oklahoma City Thunder San Antonio Spurs,oklahoma city thunder san antonio spurs,Carter Bryant,carter bryant,Rebotes (hitos),2+,0.0,1.37,player_rebounds_hito,REB,over,2,1.5,Carter Bryant 2+ REB,1,
c2c5a3d237d9f2462621f9b6890870dd0b454408,20260519_163344,2026-05-19T16:33:44-03:00,2026-05-19T19:33:44+00:00,betano,basketball,NBA,props_nba_20260519_163344.csv,Oklahoma City Thunder San Antonio Spurs,oklahoma city thunder san antonio spurs,Carter Bryant,carter bryant,Rebotes (hitos),3+,0.0,2.15,player_rebounds_hito,REB,over,3,2.5,Carter Bryant 3+ REB,1,
2f96d0fd0bafc57d99df59ac3bc782f7a79ce709,20260519_163344,2026-05-19T16:33:44-03:00,2026-05-19T19:33:44+00:00,betano,basketball,NBA,props_nba_20260519_163344.csv,Oklahoma City Thunder San Antonio Spurs,oklahoma city thunder san antonio spurs,Carter Bryant,carter bryant,Rebotes (hitos),4+,0.0,3.95,player_rebounds_hito,REB,over,4,3.5,Carter Bryant 4+ REB,1,
d0007c03655452201765d2f28637c8cc26c869aa,20260519_163344,2026-05-19T16:33:44-03:00,2026-05-19T19:33:44+00:00,betano,basketball,NBA,props_nba_20260519_163344.csv,Oklahoma City Thunder San Antonio Spurs,oklahoma city thunder san antonio spurs,Carter Bryant,carter bryant,Rebotes (hitos),5+,0.0,7.4,player_rebounds_hito,REB,over,5,4.5,Carter Bryant 5+ REB,1,
90635d6a89fd73e4e686a8d9f9cdc5a82461f933,20260519_163344,2026-05-19T16:33:44-03:00,2026-05-19T19:33:44+00:00,betano,basketball,NBA,props_nba_20260519_163344.csv,Oklahoma City Thunder San Antonio Spurs,oklahoma city thunder san antonio spurs,Harrison Barnes,harrison barnes,Rebotes (hitos),1+,0.0,1.53,player_rebounds_hito,REB,over,1,0.5,Harrison Barnes 1+ REB,1,
86668d9f94e319f53d6356064affc0484232187f,20260519_163344,2026-05-19T16:33:44-03:00,2026-05-19T19:33:44+00:00,betano,basketball,NBA,props_nba_20260519_163344.csv,Oklahoma City Thunder San Antonio Spurs,oklahoma city thunder san antonio spurs,Harrison Barnes,harrison barnes,Rebotes (hitos),2+,0.0,3.55,player_rebounds_hito,REB,over,2,1.5,Harrison Barnes 2+ REB,1,
3ef0294c619e2f8bf2e9e0325cbba8fcbcf1e2ca,20260519_163344,2026-05-19T16:33:44-03:00,2026-05-19T19:33:44+00:00,betano,basketball,NBA,props_nba_20260519_163344.csv,Oklahoma City Thunder San Antonio Spurs,oklahoma city thunder san antonio spurs,Harrison Barnes,harrison barnes,Rebotes (hitos),3+,0.0,8.75,player_rebounds_hito,REB,over,3,2.5,Harrison Barnes 3+ REB,1,
1119b8c80f7f1ea08fb20c972347c2401bf6a16b,20260519_163344,2026-05-19T16:33:44-03:00,2026-05-19T19:33:44+00:00,betano,basketball,NBA,props_nba_20260519_163344.csv,Oklahoma City Thunder San Antonio Spurs,oklahoma city thunder san antonio spurs,Harrison Barnes,harrison barnes,Rebotes (hitos),4+,0.0,16,player_rebounds_hito,REB,over,4,3.5,Harrison Barnes 4+ REB,1,
f7be3db01166d93da4008e3f282a108d4c04c7d2,20260519_163344,2026-05-19T16:33:44-03:00,2026-05-19T19:33:44+00:00,betano,basketball,NBA,props_nba_20260519_163344.csv,Oklahoma City Thunder San Antonio Spurs,oklahoma city thunder san antonio spurs,Devin Vassell,devin vassell,Triples (hitos),2+,0.0,1.39,player_threes_hito,3PM,over,2,1.5,Devin Vassell 2+ 3PM,1,
f2c23ee8e1fac0e6cb2108983f71a740815058bd,20260519_163344,2026-05-19T16:33:44-03:00,2026-05-19T19:33:44+00:00,betano,basketball,NBA,props_nba_20260519_163344.csv,Oklahoma City Thunder San Antonio Spurs,oklahoma city thunder san antonio spurs,Devin Vassell,devin vassell,Triples (hitos),3+,0.0,2.27,player_threes_hito,3PM,over,3,2.5,Devin Vassell 3+ 3PM,1,
54a75fa2200bac96f768a9b5b29228b430bee7f3,20260519_163344,2026-05-19T16:33:44-03:00,2026-05-19T19:33:44+00:00,betano,basketball,NBA,props_nba_20260519_163344.csv,Oklahoma City Thunder San Antonio Spurs,oklahoma city thunder san antonio spurs,Devin Vassell,devin vassell,Triples (hitos),4+,0.0,4.25,player_threes_hito,3PM,over,4,3.5,Devin Vassell 4+ 3PM,1,
d8211db48458df133384bbffa4d6e64407da9c51,20260519_163344,2026-05-19T16:33:44-03:00,2026-05-19T19:33:44+00:00,betano,basketball,NBA,props_nba_20260519_163344.csv,Oklahoma City Thunder San Antonio Spurs,oklahoma city thunder san antonio spurs,Devin Vassell,devin vassell,Triples (hitos),5+,0.0,8.25,player_threes_hito,3PM,over,5,4.5,Devin Vassell 5+ 3PM,1,
01e2422d9ec23861dce9895fadc1dd0231851589,20260519_163344,2026-05-19T16:33:44-03:00,2026-05-19T19:33:44+00:00,betano,basketball,NBA,props_nba_20260519_163344.csv,Oklahoma City Thunder San Antonio Spurs,oklahoma city thunder san antonio spurs,Julian Champagnie,julian champagnie,Triples (hitos),2+,0.0,1.47,player_threes_hito,3PM,over,2,1.5,Julian Champagnie 2+ 3PM,1,
862dac8934cacfed26d45024354cc6e715c70ed8,20260519_163344,2026-05-19T16:33:44-03:00,2026-05-19T19:33:44+00:00,betano,basketball,NBA,props_nba_20260519_163344.csv,Oklahoma City Thunder San Antonio Spurs,oklahoma city thunder san antonio spurs,Julian Champagnie,julian champagnie,Triples (hitos),3+,0.0,2.45,player_threes_hito,3PM,over,3,2.5,Julian Champagnie 3+ 3PM,1,
52c659b8ce67cd33c4985cd00d949846334ed7d0,20260519_163344,2026-05-19T16:33:44-03:00,2026-05-19T19:33:44+00:00,betano,basketball,NBA,props_nba_20260519_163344.csv,Oklahoma City Thunder San Antonio Spurs,oklahoma city thunder san antonio spurs,Julian Champagnie,julian champagnie,Triples (hitos),4+,0.0,4.75,player_threes_hito,3PM,over,4,3.5,Julian Champagnie 4+ 3PM,1,
27b308c9248de84024ebee4365bed1c11a4df362,20260519_163344,2026-05-19T16:33:44-03:00,2026-05-19T19:33:44+00:00,betano,basketball,NBA,props_nba_20260519_163344.csv,Oklahoma City Thunder San Antonio Spurs,oklahoma city thunder san antonio spurs,Julian Champagnie,julian champagnie,Triples (hitos),5+,0.0,9,player_threes_hito,3PM,over,5,4.5,Julian Champagnie 5+ 3PM,1,
98182a8c34d0a6ee364723c7e3b1b6bf2f6c0163,20260519_163344,2026-05-19T16:33:44-03:00,2026-05-19T19:33:44+00:00,betano,basketball,NBA,props_nba_20260519_163344.csv,Oklahoma City Thunder San Antonio Spurs,oklahoma city thunder san antonio spurs,Alex Caruso,alex caruso,Triples (hitos),1+,0.0,1.09,player_threes_hito,3PM,over,1,0.5,Alex Caruso 1+ 3PM,1,
1ef385db47493fe3269265f737f0ec693fe04a63,20260519_163344,2026-05-19T16:33:44-03:00,2026-05-19T19:33:44+00:00,betano,basketball,NBA,props_nba_20260519_163344.csv,Oklahoma City Thunder San Antonio Spurs,oklahoma city thunder san antonio spurs,Alex Caruso,alex caruso,Triples (hitos),2+,0.0,1.57,player_threes_hito,3PM,over,2,1.5,Alex Caruso 2+ 3PM,1,
fc2d69e73085722dc6ca5541d981b7b4b5725c2a,20260519_163344,2026-05-19T16:33:44-03:00,2026-05-19T19:33:44+00:00,betano,basketball,NBA,props_nba_20260519_163344.csv,Oklahoma City Thunder San Antonio Spurs,oklahoma city thunder san antonio spurs,Alex Caruso,alex caruso,Triples (hitos),3+,0.0,2.85,player_threes_hito,3PM,over,3,2.5,Alex Caruso 3+ 3PM,1,
c17ce72216b3ce6b17d129c458d0de76bb12b780,20260519_163344,2026-05-19T16:33:44-03:00,2026-05-19T19:33:44+00:00,betano,basketball,NBA,props_nba_20260519_163344.csv,Oklahoma City Thunder San Antonio Spurs,oklahoma city thunder san antonio spurs,Alex Caruso,alex caruso,Triples (hitos),4+,0.0,5.6,player_threes_hito,3PM,over,4,3.5,Alex Caruso 4+ 3PM,1,
5907b74b3e675136aeaf12e0ddf77fe0990d3a5f,20260519_163344,2026-05-19T16:33:44-03:00,2026-05-19T19:33:44+00:00,betano,basketball,NBA,props_nba_20260519_163344.csv,Oklahoma City Thunder San Antonio Spurs,oklahoma city thunder san antonio spurs,Shai Gilgeous-Alexander,shai gilgeous alexander,Triples (hitos),1+,0.0,1.16,player_threes_hito,3PM,over,1,0.5,Shai Gilgeous-Alexander 1+ 3PM,1,
50a8452d1e65b271266d9e6616f9e6b000b26eab,20260519_163344,2026-05-19T16:33:44-03:00,2026-05-19T19:33:44+00:00,betano,basketball,NBA,props_nba_20260519_163344.csv,Oklahoma City Thunder San Antonio Spurs,oklahoma city thunder san antonio spurs,Shai Gilgeous-Alexander,shai gilgeous alexander,Triples (hitos),2+,0.0,1.87,player_threes_hito,3PM,over,2,1.5,Shai Gilgeous-Alexander 2+ 3PM,1,
a05284970955d334d2118541ef7c166f69b357fc,20260519_163344,2026-05-19T16:33:44-03:00,2026-05-19T19:33:44+00:00,betano,basketball,NBA,props_nba_20260519_163344.csv,Oklahoma City Thunder San Antonio Spurs,oklahoma city thunder san antonio spurs,Shai Gilgeous-Alexander,shai gilgeous alexander,Triples (hitos),3+,0.0,3.75,player_threes_hito,3PM,over,3,2.5,Shai Gilgeous-Alexander 3+ 3PM,1,
fc25aa0719b366de600c59eae83ce74a9d5abde0,20260519_163344,2026-05-19T16:33:44-03:00,2026-05-19T19:33:44+00:00,betano,basketball,NBA,props_nba_20260519_163344.csv,Oklahoma City Thunder San Antonio Spurs,oklahoma city thunder san antonio spurs,Shai Gilgeous-Alexander,shai gilgeous alexander,Triples (hitos),4+,0.0,7.9,player_threes_hito,3PM,over,4,3.5,Shai Gilgeous-Alexander 4+ 3PM,1,
d773572f91262b3a21f85be0669e337a3fb302ea,20260519_163344,2026-05-19T16:33:44-03:00,2026-05-19T19:33:44+00:00,betano,basketball,NBA,props_nba_20260519_163344.csv,Oklahoma City Thunder San Antonio Spurs,oklahoma city thunder san antonio spurs,Luguentz Dort,luguentz dort,Triples (hitos),1+,0.0,1.18,player_threes_hito,3PM,over,1,0.5,Luguentz Dort 1+ 3PM,1,
dfe13a4184f7f5f325991362f3d7c67f1dcdbdc4,20260519_163344,2026-05-19T16:33:44-03:00,2026-05-19T19:33:44+00:00,betano,basketball,NBA,props_nba_20260519_163344.csv,Oklahoma City Thunder San Antonio Spurs,oklahoma city thunder san antonio spurs,Luguentz Dort,luguentz dort,Triples (hitos),2+,0.0,1.93,player_threes_hito,3PM,over,2,1.5,Luguentz Dort 2+ 3PM,1,
4b6c0a6e4f2b44016acf74731d667d02cfc0d39f,20260519_163344,2026-05-19T16:33:44-03:00,2026-05-19T19:33:44+00:00,betano,basketball,NBA,props_nba_20260519_163344.csv,Oklahoma City Thunder San Antonio Spurs,oklahoma city thunder san antonio spurs,Luguentz Dort,luguentz dort,Triples (hitos),3+,0.0,3.9,player_threes_hito,3PM,over,3,2.5,Luguentz Dort 3+ 3PM,1,
9dffe43088211eac683187570c7bd738c153a671,20260519_163344,2026-05-19T16:33:44-03:00,2026-05-19T19:33:44+00:00,betano,basketball,NBA,props_nba_20260519_163344.csv,Oklahoma City Thunder San Antonio Spurs,oklahoma city thunder san antonio spurs,Luguentz Dort,luguentz dort,Triples (hitos),4+,0.0,8.25,player_threes_hito,3PM,over,4,3.5,Luguentz Dort 4+ 3PM,1,
a9fd12e06898139cbc158662592e969f84891b4f,20260519_163344,2026-05-19T16:33:44-03:00,2026-05-19T19:33:44+00:00,betano,basketball,NBA,props_nba_20260519_163344.csv,Oklahoma City Thunder San Antonio Spurs,oklahoma city thunder san antonio spurs,Victor Wembanyama,victor wembanyama,Triples (hitos),1+,0.0,1.18,player_threes_hito,3PM,over,1,0.5,Victor Wembanyama 1+ 3PM,1,
5cce2d16b8d6a14359e23484cc3ef1fbbed59a08,20260519_163344,2026-05-19T16:33:44-03:00,2026-05-19T19:33:44+00:00,betano,basketball,NBA,props_nba_20260519_163344.csv,Oklahoma City Thunder San Antonio Spurs,oklahoma city thunder san antonio spurs,Victor Wembanyama,victor wembanyama,Triples (hitos),2+,0.0,1.9,player_threes_hito,3PM,over,2,1.5,Victor Wembanyama 2+ 3PM,1,
4b50cdd168455e7ac5c0f948bcd06ae2f6c6fa82,20260519_163344,2026-05-19T16:33:44-03:00,2026-05-19T19:33:44+00:00,betano,basketball,NBA,props_nba_20260519_163344.csv,Oklahoma City Thunder San Antonio Spurs,oklahoma city thunder san antonio spurs,Victor Wembanyama,victor wembanyama,Triples (hitos),3+,0.0,3.8,player_threes_hito,3PM,over,3,2.5,Victor Wembanyama 3+ 3PM,1,
38094314c04a6b4790ea6cc6750c0eadfffb091d,20260519_163344,2026-05-19T16:33:44-03:00,2026-05-19T19:33:44+00:00,betano,basketball,NBA,props_nba_20260519_163344.csv,Oklahoma City Thunder San Antonio Spurs,oklahoma city thunder san antonio spurs,Victor Wembanyama,victor wembanyama,Triples (hitos),4+,0.0,8,player_threes_hito,3PM,over,4,3.5,Victor Wembanyama 4+ 3PM,1,
10fde797fb74532fb8879b61e022b0bc22aca12a,20260519_163344,2026-05-19T16:33:44-03:00,2026-05-19T19:33:44+00:00,betano,basketball,NBA,props_nba_20260519_163344.csv,Oklahoma City Thunder San Antonio Spurs,oklahoma city thunder san antonio spurs,De'Aaron Fox,de aaron fox,Triples (hitos),1+,0.0,1.2,player_threes_hito,3PM,over,1,0.5,De'Aaron Fox 1+ 3PM,1,
e0f9ae67fcdc40e0c612d974ac2ace13f5f51081,20260519_163344,2026-05-19T16:33:44-03:00,2026-05-19T19:33:44+00:00,betano,basketball,NBA,props_nba_20260519_163344.csv,Oklahoma City Thunder San Antonio Spurs,oklahoma city thunder san antonio spurs,De'Aaron Fox,de aaron fox,Triples (hitos),2+,0.0,2,player_threes_hito,3PM,over,2,1.5,De'Aaron Fox 2+ 3PM,1,
1e829996e39345dd34932d08fa07453d75628481,20260519_163344,2026-05-19T16:33:44-03:00,2026-05-19T19:33:44+00:00,betano,basketball,NBA,props_nba_20260519_163344.csv,Oklahoma City Thunder San Antonio Spurs,oklahoma city thunder san antonio spurs,De'Aaron Fox,de aaron fox,Triples (hitos),3+,0.0,4.05,player_threes_hito,3PM,over,3,2.5,De'Aaron Fox 3+ 3PM,1,
8b7d2f7ba463aa61f5d9fe09b010b9685d51e46a,20260519_163344,2026-05-19T16:33:44-03:00,2026-05-19T19:33:44+00:00,betano,basketball,NBA,props_nba_20260519_163344.csv,Oklahoma City Thunder San Antonio Spurs,oklahoma city thunder san antonio spurs,De'Aaron Fox,de aaron fox,Triples (hitos),4+,0.0,8.5,player_threes_hito,3PM,over,4,3.5,De'Aaron Fox 4+ 3PM,1,
9a877e8cf0250fdb57c84a63d4f1669f9ca2aa26,20260519_163344,2026-05-19T16:33:44-03:00,2026-05-19T19:33:44+00:00,betano,basketball,NBA,props_nba_20260519_163344.csv,Oklahoma City Thunder San Antonio Spurs,oklahoma city thunder san antonio spurs,Stephon Castle,stephon castle,Triples (hitos),1+,0.0,1.2,player_threes_hito,3PM,over,1,0.5,Stephon Castle 1+ 3PM,1,
c03aaa4c654a8abdac1c4fe1be33449c2ce250a5,20260519_163344,2026-05-19T16:33:44-03:00,2026-05-19T19:33:44+00:00,betano,basketball,NBA,props_nba_20260519_163344.csv,Oklahoma City Thunder San Antonio Spurs,oklahoma city thunder san antonio spurs,Stephon Castle,stephon castle,Triples (hitos),2+,0.0,2.05,player_threes_hito,3PM,over,2,1.5,Stephon Castle 2+ 3PM,1,
0f0f6365340f5c127086d2245cde9bbe957b17b7,20260519_163344,2026-05-19T16:33:44-03:00,2026-05-19T19:33:44+00:00,betano,basketball,NBA,props_nba_20260519_163344.csv,Oklahoma City Thunder San Antonio Spurs,oklahoma city thunder san antonio spurs,Stephon Castle,stephon castle,Triples (hitos),3+,0.0,4.3,player_threes_hito,3PM,over,3,2.5,Stephon Castle 3+ 3PM,1,
9d8859bc5a77a8a09b2058321dd7738a7a45f8bd,20260519_163344,2026-05-19T16:33:44-03:00,2026-05-19T19:33:44+00:00,betano,basketball,NBA,props_nba_20260519_163344.csv,Oklahoma City Thunder San Antonio Spurs,oklahoma city thunder san antonio spurs,Stephon Castle,stephon castle,Triples (hitos),4+,0.0,9.25,player_threes_hito,3PM,over,4,3.5,Stephon Castle 4+ 3PM,1,
db99330f1beab3e5c9e783d9530e787ee61b3ddb,20260519_163344,2026-05-19T16:33:44-03:00,2026-05-19T19:33:44+00:00,betano,basketball,NBA,props_nba_20260519_163344.csv,Oklahoma City Thunder San Antonio Spurs,oklahoma city thunder san antonio spurs,Chet Holmgren,chet holmgren,Triples (hitos),1+,0.0,1.27,player_threes_hito,3PM,over,1,0.5,Chet Holmgren 1+ 3PM,1,
3e81347596993d2f55f948c2961a59ef3628a6ce,20260519_163344,2026-05-19T16:33:44-03:00,2026-05-19T19:33:44+00:00,betano,basketball,NBA,props_nba_20260519_163344.csv,Oklahoma City Thunder San Antonio Spurs,oklahoma city thunder san antonio spurs,Chet Holmgren,chet holmgren,Triples (hitos),2+,0.0,2.35,player_threes_hito,3PM,over,2,1.5,Chet Holmgren 2+ 3PM,1,
cc2fc287313609ad34533fd7e5ac186f2e74b00a,20260519_163344,2026-05-19T16:33:44-03:00,2026-05-19T19:33:44+00:00,betano,basketball,NBA,props_nba_20260519_163344.csv,Oklahoma City Thunder San Antonio Spurs,oklahoma city thunder san antonio spurs,Chet Holmgren,chet holmgren,Triples (hitos),3+,0.0,5.2,player_threes_hito,3PM,over,3,2.5,Chet Holmgren 3+ 3PM,1,
4e09750bca75feda0fcc28a9a61db32009bcc799,20260519_163344,2026-05-19T16:33:44-03:00,2026-05-19T19:33:44+00:00,betano,basketball,NBA,props_nba_20260519_163344.csv,Oklahoma City Thunder San Antonio Spurs,oklahoma city thunder san antonio spurs,Chet Holmgren,chet holmgren,Triples (hitos),4+,0.0,11,player_threes_hito,3PM,over,4,3.5,Chet Holmgren 4+ 3PM,1,
49d18c0eaba2d4cbc627e05f3cce9a2d8b69c713,20260519_163344,2026-05-19T16:33:44-03:00,2026-05-19T19:33:44+00:00,betano,basketball,NBA,props_nba_20260519_163344.csv,Oklahoma City Thunder San Antonio Spurs,oklahoma city thunder san antonio spurs,Cason Wallace,cason wallace,Triples (hitos),1+,0.0,1.37,player_threes_hito,3PM,over,1,0.5,Cason Wallace 1+ 3PM,1,
8115748d3543ae55a5913f9795b64b6906ae3d11,20260519_163344,2026-05-19T16:33:44-03:00,2026-05-19T19:33:44+00:00,betano,basketball,NBA,props_nba_20260519_163344.csv,Oklahoma City Thunder San Antonio Spurs,oklahoma city thunder san antonio spurs,Cason Wallace,cason wallace,Triples (hitos),2+,0.0,2.75,player_threes_hito,3PM,over,2,1.5,Cason Wallace 2+ 3PM,1,
34f80a0533a204ae55249f7001423878dbd17b97,20260519_163344,2026-05-19T16:33:44-03:00,2026-05-19T19:33:44+00:00,betano,basketball,NBA,props_nba_20260519_163344.csv,Oklahoma City Thunder San Antonio Spurs,oklahoma city thunder san antonio spurs,Cason Wallace,cason wallace,Triples (hitos),3+,0.0,6.5,player_threes_hito,3PM,over,3,2.5,Cason Wallace 3+ 3PM,1,
12f829abb52ede3955a0efdf80b643652e402763,20260519_163344,2026-05-19T16:33:44-03:00,2026-05-19T19:33:44+00:00,betano,basketball,NBA,props_nba_20260519_163344.csv,Oklahoma City Thunder San Antonio Spurs,oklahoma city thunder san antonio spurs,Cason Wallace,cason wallace,Triples (hitos),4+,0.0,13,player_threes_hito,3PM,over,4,3.5,Cason Wallace 4+ 3PM,1,
2324bef5a378e4870d1b2271dc9fe15b9fea4688,20260519_163344,2026-05-19T16:33:44-03:00,2026-05-19T19:33:44+00:00,betano,basketball,NBA,props_nba_20260519_163344.csv,Oklahoma City Thunder San Antonio Spurs,oklahoma city thunder san antonio spurs,Ajay Mitchell,ajay mitchell,Triples (hitos),1+,0.0,1.44,player_threes_hito,3PM,over,1,0.5,Ajay Mitchell 1+ 3PM,1,
e80c79128270c0e6cc64fde1537d957cc879c00b,20260519_163344,2026-05-19T16:33:44-03:00,2026-05-19T19:33:44+00:00,betano,basketball,NBA,props_nba_20260519_163344.csv,Oklahoma City Thunder San Antonio Spurs,oklahoma city thunder san antonio spurs,Ajay Mitchell,ajay mitchell,Triples (hitos),2+,0.0,3.1,player_threes_hito,3PM,over,2,1.5,Ajay Mitchell 2+ 3PM,1,
ae7c1428d9416824dc23cefa1b0879fe710c973a,20260519_163344,2026-05-19T16:33:44-03:00,2026-05-19T19:33:44+00:00,betano,basketball,NBA,props_nba_20260519_163344.csv,Oklahoma City Thunder San Antonio Spurs,oklahoma city thunder san antonio spurs,Ajay Mitchell,ajay mitchell,Triples (hitos),3+,0.0,6.5,player_threes_hito,3PM,over,3,2.5,Ajay Mitchell 3+ 3PM,1,
4477d8e1488a29f25a39be48bd32d1c83c62731e,20260519_163344,2026-05-19T16:33:44-03:00,2026-05-19T19:33:44+00:00,betano,basketball,NBA,props_nba_20260519_163344.csv,Oklahoma City Thunder San Antonio Spurs,oklahoma city thunder san antonio spurs,Ajay Mitchell,ajay mitchell,Triples (hitos),4+,0.0,9.5,player_threes_hito,3PM,over,4,3.5,Ajay Mitchell 4+ 3PM,1,
687fbf47eaafddc98eba35781af601c294fd3bf5,20260519_163344,2026-05-19T16:33:44-03:00,2026-05-19T19:33:44+00:00,betano,basketball,NBA,props_nba_20260519_163344.csv,Oklahoma City Thunder San Antonio Spurs,oklahoma city thunder san antonio spurs,Jalen Williams,jalen williams,Triples (hitos),1+,0.0,1.47,player_threes_hito,3PM,over,1,0.5,Jalen Williams 1+ 3PM,1,
8abcdede59d023e95377644fd33f81ace11a7123,20260519_163344,2026-05-19T16:33:44-03:00,2026-05-19T19:33:44+00:00,betano,basketball,NBA,props_nba_20260519_163344.csv,Oklahoma City Thunder San Antonio Spurs,oklahoma city thunder san antonio spurs,Jalen Williams,jalen williams,Triples (hitos),2+,0.0,3.35,player_threes_hito,3PM,over,2,1.5,Jalen Williams 2+ 3PM,1,
aede0013dd0332d8fd383d77865fb9289ba6462a,20260519_163344,2026-05-19T16:33:44-03:00,2026-05-19T19:33:44+00:00,betano,basketball,NBA,props_nba_20260519_163344.csv,Oklahoma City Thunder San Antonio Spurs,oklahoma city thunder san antonio spurs,Jalen Williams,jalen williams,Triples (hitos),3+,0.0,8.25,player_threes_hito,3PM,over,3,2.5,Jalen Williams 3+ 3PM,1,
0cf0a0cd79a3aba004f6d5c0932b975c2de072c2,20260519_163344,2026-05-19T16:33:44-03:00,2026-05-19T19:33:44+00:00,betano,basketball,NBA,props_nba_20260519_163344.csv,Oklahoma City Thunder San Antonio Spurs,oklahoma city thunder san antonio spurs,Jalen Williams,jalen williams,Triples (hitos),4+,0.0,15.5,player_threes_hito,3PM,over,4,3.5,Jalen Williams 4+ 3PM,1,
cb974e310f40b911d8198d810b5728d450efaaeb,20260519_163344,2026-05-19T16:33:44-03:00,2026-05-19T19:33:44+00:00,betano,basketball,NBA,props_nba_20260519_163344.csv,Oklahoma City Thunder San Antonio Spurs,oklahoma city thunder san antonio spurs,Dylan Harper,dylan harper,Triples (hitos),1+,0.0,1.53,player_threes_hito,3PM,over,1,0.5,Dylan Harper 1+ 3PM,1,
33934e0fb90dbe6467d4581c908cf80b9116b48d,20260519_163344,2026-05-19T16:33:44-03:00,2026-05-19T19:33:44+00:00,betano,basketball,NBA,props_nba_20260519_163344.csv,Oklahoma City Thunder San Antonio Spurs,oklahoma city thunder san antonio spurs,Dylan Harper,dylan harper,Triples (hitos),2+,0.0,3.55,player_threes_hito,3PM,over,2,1.5,Dylan Harper 2+ 3PM,1,
e0e9ec7ba16528bcf3ef47301f0f4132c625595e,20260519_163344,2026-05-19T16:33:44-03:00,2026-05-19T19:33:44+00:00,betano,basketball,NBA,props_nba_20260519_163344.csv,Oklahoma City Thunder San Antonio Spurs,oklahoma city thunder san antonio spurs,Dylan Harper,dylan harper,Triples (hitos),3+,0.0,8.75,player_threes_hito,3PM,over,3,2.5,Dylan Harper 3+ 3PM,1,
b9aa0e354c7bee4d259e52bdecb38b84a76936f8,20260519_163344,2026-05-19T16:33:44-03:00,2026-05-19T19:33:44+00:00,betano,basketball,NBA,props_nba_20260519_163344.csv,Oklahoma City Thunder San Antonio Spurs,oklahoma city thunder san antonio spurs,Dylan Harper,dylan harper,Triples (hitos),4+,0.0,16,player_threes_hito,3PM,over,4,3.5,Dylan Harper 4+ 3PM,1,
28ec1510cef4e4fca3d16f66941a78646a45a28a,20260519_163344,2026-05-19T16:33:44-03:00,2026-05-19T19:33:44+00:00,betano,basketball,NBA,props_nba_20260519_163344.csv,Oklahoma City Thunder San Antonio Spurs,oklahoma city thunder san antonio spurs,Keldon Johnson,keldon johnson,Triples (hitos),1+,0.0,1.55,player_threes_hito,3PM,over,1,0.5,Keldon Johnson 1+ 3PM,1,
686b94d12354ed2341a91058f47170829615b39d,20260519_163344,2026-05-19T16:33:44-03:00,2026-05-19T19:33:44+00:00,betano,basketball,NBA,props_nba_20260519_163344.csv,Oklahoma City Thunder San Antonio Spurs,oklahoma city thunder san antonio spurs,Keldon Johnson,keldon johnson,Triples (hitos),2+,0.0,3.65,player_threes_hito,3PM,over,2,1.5,Keldon Johnson 2+ 3PM,1,
2d27438a7bd42202cc7d5f3c720742962671f3c8,20260519_163344,2026-05-19T16:33:44-03:00,2026-05-19T19:33:44+00:00,betano,basketball,NBA,props_nba_20260519_163344.csv,Oklahoma City Thunder San Antonio Spurs,oklahoma city thunder san antonio spurs,Keldon Johnson,keldon johnson,Triples (hitos),3+,0.0,9.25,player_threes_hito,3PM,over,3,2.5,Keldon Johnson 3+ 3PM,1,
84296e695d410ddba5966135241c2ab4e3e39bbc,20260519_163344,2026-05-19T16:33:44-03:00,2026-05-19T19:33:44+00:00,betano,basketball,NBA,props_nba_20260519_163344.csv,Oklahoma City Thunder San Antonio Spurs,oklahoma city thunder san antonio spurs,Keldon Johnson,keldon johnson,Triples (hitos),4+,0.0,16,player_threes_hito,3PM,over,4,3.5,Keldon Johnson 4+ 3PM,1,
0a62c086af4e926cae6576b3a863bedaa62df62e,20260519_163344,2026-05-19T16:33:44-03:00,2026-05-19T19:33:44+00:00,betano,basketball,NBA,props_nba_20260519_163344.csv,Oklahoma City Thunder San Antonio Spurs,oklahoma city thunder san antonio spurs,Jaylin Williams,jaylin williams,Triples (hitos),1+,0.0,1.95,player_threes_hito,3PM,over,1,0.5,Jaylin Williams 1+ 3PM,1,
dad9cacfd1d07fe8ac6f807e39faa49c9611fd11,20260519_163344,2026-05-19T16:33:44-03:00,2026-05-19T19:33:44+00:00,betano,basketball,NBA,props_nba_20260519_163344.csv,Oklahoma City Thunder San Antonio Spurs,oklahoma city thunder san antonio spurs,Jaylin Williams,jaylin williams,Triples (hitos),2+,0.0,5.7,player_threes_hito,3PM,over,2,1.5,Jaylin Williams 2+ 3PM,1,
0d09c3d7f49fca2024fd15c3b09df5b20058e041,20260519_163344,2026-05-19T16:33:44-03:00,2026-05-19T19:33:44+00:00,betano,basketball,NBA,props_nba_20260519_163344.csv,Oklahoma City Thunder San Antonio Spurs,oklahoma city thunder san antonio spurs,Jaylin Williams,jaylin williams,Triples (hitos),3+,0.0,13.5,player_threes_hito,3PM,over,3,2.5,Jaylin Williams 3+ 3PM,1,
0c19c1e660cbf27301db6620e4602cf21ee70145,20260519_163344,2026-05-19T16:33:44-03:00,2026-05-19T19:33:44+00:00,betano,basketball,NBA,props_nba_20260519_163344.csv,Oklahoma City Thunder San Antonio Spurs,oklahoma city thunder san antonio spurs,Shai Gilgeous-Alexander,shai gilgeous alexander,Robos (hitos),1+,0.0,1.19,player_steals_hito,STL,over,1,0.5,Shai Gilgeous-Alexander 1+ STL,1,
faa7396b3d875054fb48dba6cc8c5bf00050de1a,20260519_163344,2026-05-19T16:33:44-03:00,2026-05-19T19:33:44+00:00,betano,basketball,NBA,props_nba_20260519_163344.csv,Oklahoma City Thunder San Antonio Spurs,oklahoma city thunder san antonio spurs,Shai Gilgeous-Alexander,shai gilgeous alexander,Robos (hitos),2+,0.0,1.98,player_steals_hito,STL,over,2,1.5,Shai Gilgeous-Alexander 2+ STL,1,
2819d7bd3b9c9a4df2958314f8cfa8c8ddd55b91,20260519_163344,2026-05-19T16:33:44-03:00,2026-05-19T19:33:44+00:00,betano,basketball,NBA,props_nba_20260519_163344.csv,Oklahoma City Thunder San Antonio Spurs,oklahoma city thunder san antonio spurs,Shai Gilgeous-Alexander,shai gilgeous alexander,Robos (hitos),3+,0.0,4.05,player_steals_hito,STL,over,3,2.5,Shai Gilgeous-Alexander 3+ STL,1,
43dab561d4c7f7fd8c3c776d55a86994035d6c1e,20260519_163344,2026-05-19T16:33:44-03:00,2026-05-19T19:33:44+00:00,betano,basketball,NBA,props_nba_20260519_163344.csv,Oklahoma City Thunder San Antonio Spurs,oklahoma city thunder san antonio spurs,Shai Gilgeous-Alexander,shai gilgeous alexander,Robos (hitos),4+,0.0,8.75,player_steals_hito,STL,over,4,3.5,Shai Gilgeous-Alexander 4+ STL,1,
69f5764c606e1b1fb2b51481533d62e800ba7327,20260519_163344,2026-05-19T16:33:44-03:00,2026-05-19T19:33:44+00:00,betano,basketball,NBA,props_nba_20260519_163344.csv,Oklahoma City Thunder San Antonio Spurs,oklahoma city thunder san antonio spurs,Cason Wallace,cason wallace,Robos (hitos),1+,0.0,1.24,player_steals_hito,STL,over,1,0.5,Cason Wallace 1+ STL,1,
8af5a74d5647551e2ae08fbc7116d6bcf4811be8,20260519_163344,2026-05-19T16:33:44-03:00,2026-05-19T19:33:44+00:00,betano,basketball,NBA,props_nba_20260519_163344.csv,Oklahoma City Thunder San Antonio Spurs,oklahoma city thunder san antonio spurs,Cason Wallace,cason wallace,Robos (hitos),2+,0.0,2.18,player_steals_hito,STL,over,2,1.5,Cason Wallace 2+ STL,1,
e49fcf779a0bf3e8cd646f441dc881b91b345811,20260519_163344,2026-05-19T16:33:44-03:00,2026-05-19T19:33:44+00:00,betano,basketball,NBA,props_nba_20260519_163344.csv,Oklahoma City Thunder San Antonio Spurs,oklahoma city thunder san antonio spurs,Cason Wallace,cason wallace,Robos (hitos),3+,0.0,4.7,player_steals_hito,STL,over,3,2.5,Cason Wallace 3+ STL,1,
f25681f6b499367f77d5b4fa62f28ebb607155ce,20260519_163344,2026-05-19T16:33:44-03:00,2026-05-19T19:33:44+00:00,betano,basketball,NBA,props_nba_20260519_163344.csv,Oklahoma City Thunder San Antonio Spurs,oklahoma city thunder san antonio spurs,Cason Wallace,cason wallace,Robos (hitos),4+,0.0,10,player_steals_hito,STL,over,4,3.5,Cason Wallace 4+ STL,1,
1b043db89e6cacd10bbedb413e09238b1229a1d9,20260519_163344,2026-05-19T16:33:44-03:00,2026-05-19T19:33:44+00:00,betano,basketball,NBA,props_nba_20260519_163344.csv,Oklahoma City Thunder San Antonio Spurs,oklahoma city thunder san antonio spurs,Alex Caruso,alex caruso,Robos (hitos),1+,0.0,1.26,player_steals_hito,STL,over,1,0.5,Alex Caruso 1+ STL,1,
b17921f23686b291183747d6fc8ec7b0a88f010c,20260519_163344,2026-05-19T16:33:44-03:00,2026-05-19T19:33:44+00:00,betano,basketball,NBA,props_nba_20260519_163344.csv,Oklahoma City Thunder San Antonio Spurs,oklahoma city thunder san antonio spurs,Alex Caruso,alex caruso,Robos (hitos),2+,0.0,2.3,player_steals_hito,STL,over,2,1.5,Alex Caruso 2+ STL,1,
d61917850778f4ff0cdb80586aee096f19b76375,20260519_163344,2026-05-19T16:33:44-03:00,2026-05-19T19:33:44+00:00,betano,basketball,NBA,props_nba_20260519_163344.csv,Oklahoma City Thunder San Antonio Spurs,oklahoma city thunder san antonio spurs,Alex Caruso,alex caruso,Robos (hitos),3+,0.0,5.1,player_steals_hito,STL,over,3,2.5,Alex Caruso 3+ STL,1,
94635729cabbd9c2b1e9d21ffb97434c9d57a7d1,20260519_163344,2026-05-19T16:33:44-03:00,2026-05-19T19:33:44+00:00,betano,basketball,NBA,props_nba_20260519_163344.csv,Oklahoma City Thunder San Antonio Spurs,oklahoma city thunder san antonio spurs,Alex Caruso,alex caruso,Robos (hitos),4+,0.0,10.5,player_steals_hito,STL,over,4,3.5,Alex Caruso 4+ STL,1,
2b4b0653addf024ed793df634e79ee363215c237,20260519_163344,2026-05-19T16:33:44-03:00,2026-05-19T19:33:44+00:00,betano,basketball,NBA,props_nba_20260519_163344.csv,Oklahoma City Thunder San Antonio Spurs,oklahoma city thunder san antonio spurs,Jalen Williams,jalen williams,Robos (hitos),1+,0.0,1.34,player_steals_hito,STL,over,1,0.5,Jalen Williams 1+ STL,1,
06fcc754a0f4c1223e8dddee2e3d0401597cfabf,20260519_163344,2026-05-19T16:33:44-03:00,2026-05-19T19:33:44+00:00,betano,basketball,NBA,props_nba_20260519_163344.csv,Oklahoma City Thunder San Antonio Spurs,oklahoma city thunder san antonio spurs,Jalen Williams,jalen williams,Robos (hitos),2+,0.0,2.6,player_steals_hito,STL,over,2,1.5,Jalen Williams 2+ STL,1,
7a32f9602e1295821a6e3396f2ce3593645c541d,20260519_163344,2026-05-19T16:33:44-03:00,2026-05-19T19:33:44+00:00,betano,basketball,NBA,props_nba_20260519_163344.csv,Oklahoma City Thunder San Antonio Spurs,oklahoma city thunder san antonio spurs,Jalen Williams,jalen williams,Robos (hitos),3+,0.0,6,player_steals_hito,STL,over,3,2.5,Jalen Williams 3+ STL,1,
5a240c7ffab284a1b2c5625cb04576937280464f,20260519_163344,2026-05-19T16:33:44-03:00,2026-05-19T19:33:44+00:00,betano,basketball,NBA,props_nba_20260519_163344.csv,Oklahoma City Thunder San Antonio Spurs,oklahoma city thunder san antonio spurs,Jalen Williams,jalen williams,Robos (hitos),4+,0.0,12.5,player_steals_hito,STL,over,4,3.5,Jalen Williams 4+ STL,1,
41a9a13e8b23959f28fc32873c9e2c584a82d9bf,20260519_163344,2026-05-19T16:33:44-03:00,2026-05-19T19:33:44+00:00,betano,basketball,NBA,props_nba_20260519_163344.csv,Oklahoma City Thunder San Antonio Spurs,oklahoma city thunder san antonio spurs,Chet Holmgren,chet holmgren,Robos (hitos),1+,0.0,1.39,player_steals_hito,STL,over,1,0.5,Chet Holmgren 1+ STL,1,
8497a3a67a3d1ca0fa380509ea879bdcec321d5c,20260519_163344,2026-05-19T16:33:44-03:00,2026-05-19T19:33:44+00:00,betano,basketball,NBA,props_nba_20260519_163344.csv,Oklahoma City Thunder San Antonio Spurs,oklahoma city thunder san antonio spurs,Chet Holmgren,chet holmgren,Robos (hitos),2+,0.0,2.9,player_steals_hito,STL,over,2,1.5,Chet Holmgren 2+ STL,1,
276d22d7c008453f7a9311f47e4ca7c81ba459c7,20260519_163344,2026-05-19T16:33:44-03:00,2026-05-19T19:33:44+00:00,betano,basketball,NBA,props_nba_20260519_163344.csv,Oklahoma City Thunder San Antonio Spurs,oklahoma city thunder san antonio spurs,Chet Holmgren,chet holmgren,Robos (hitos),3+,0.0,7,player_steals_hito,STL,over,3,2.5,Chet Holmgren 3+ STL,1,
ad4335619cc285afa3b077a9b2b4f7e1a9151c39,20260519_163344,2026-05-19T16:33:44-03:00,2026-05-19T19:33:44+00:00,betano,basketball,NBA,props_nba_20260519_163344.csv,Oklahoma City Thunder San Antonio Spurs,oklahoma city thunder san antonio spurs,Chet Holmgren,chet holmgren,Robos (hitos),4+,0.0,14,player_steals_hito,STL,over,4,3.5,Chet Holmgren 4+ STL,1,
0bb6985c04422a58b88f47e0d01f8ebe59a486d4,20260519_163344,2026-05-19T16:33:44-03:00,2026-05-19T19:33:44+00:00,betano,basketball,NBA,props_nba_20260519_163344.csv,Oklahoma City Thunder San Antonio Spurs,oklahoma city thunder san antonio spurs,Dylan Harper,dylan harper,Robos (hitos),1+,0.0,1.45,player_steals_hito,STL,over,1,0.5,Dylan Harper 1+ STL,1,
32dd794c2564bba2339664a3ac8a94e396ffde53,20260519_163344,2026-05-19T16:33:44-03:00,2026-05-19T19:33:44+00:00,betano,basketball,NBA,props_nba_20260519_163344.csv,Oklahoma City Thunder San Antonio Spurs,oklahoma city thunder san antonio spurs,Dylan Harper,dylan harper,Robos (hitos),2+,0.0,3.15,player_steals_hito,STL,over,2,1.5,Dylan Harper 2+ STL,1,
02aa1a6406a731ee0b093df4057560e64bd6891f,20260519_163344,2026-05-19T16:33:44-03:00,2026-05-19T19:33:44+00:00,betano,basketball,NBA,props_nba_20260519_163344.csv,Oklahoma City Thunder San Antonio Spurs,oklahoma city thunder san antonio spurs,Dylan Harper,dylan harper,Robos (hitos),3+,0.0,6.3,player_steals_hito,STL,over,3,2.5,Dylan Harper 3+ STL,1,
c3cb97256405bd8ea6165b176d861c52d793f1cb,20260519_163344,2026-05-19T16:33:44-03:00,2026-05-19T19:33:44+00:00,betano,basketball,NBA,props_nba_20260519_163344.csv,Oklahoma City Thunder San Antonio Spurs,oklahoma city thunder san antonio spurs,Dylan Harper,dylan harper,Robos (hitos),4+,0.0,8.75,player_steals_hito,STL,over,4,3.5,Dylan Harper 4+ STL,1,
b549d59648de8fcdd5c0e25b73655e92d106a55a,20260519_163344,2026-05-19T16:33:44-03:00,2026-05-19T19:33:44+00:00,betano,basketball,NBA,props_nba_20260519_163344.csv,Oklahoma City Thunder San Antonio Spurs,oklahoma city thunder san antonio spurs,Devin Vassell,devin vassell,Robos (hitos),1+,0.0,1.57,player_steals_hito,STL,over,1,0.5,Devin Vassell 1+ STL,1,
3d4eea30d08b54afe851425d0bba5940f3da1a97,20260519_163344,2026-05-19T16:33:44-03:00,2026-05-19T19:33:44+00:00,betano,basketball,NBA,props_nba_20260519_163344.csv,Oklahoma City Thunder San Antonio Spurs,oklahoma city thunder san antonio spurs,Devin Vassell,devin vassell,Robos (hitos),2+,0.0,3.7,player_steals_hito,STL,over,2,1.5,Devin Vassell 2+ STL,1,
46d27c748c81990c403489e1ac14bda24b904a61,20260519_163344,2026-05-19T16:33:44-03:00,2026-05-19T19:33:44+00:00,betano,basketball,NBA,props_nba_20260519_163344.csv,Oklahoma City Thunder San Antonio Spurs,oklahoma city thunder san antonio spurs,Devin Vassell,devin vassell,Robos (hitos),3+,0.0,9.25,player_steals_hito,STL,over,3,2.5,Devin Vassell 3+ STL,1,
989c78e82682eac5f282e679379781c76fb267a2,20260519_163344,2026-05-19T16:33:44-03:00,2026-05-19T19:33:44+00:00,betano,basketball,NBA,props_nba_20260519_163344.csv,Oklahoma City Thunder San Antonio Spurs,oklahoma city thunder san antonio spurs,Devin Vassell,devin vassell,Robos (hitos),4+,0.0,16.5,player_steals_hito,STL,over,4,3.5,Devin Vassell 4+ STL,1,
d4365d8613f61f4fe31dd5b91c5b0548a941760c,20260519_163344,2026-05-19T16:33:44-03:00,2026-05-19T19:33:44+00:00,betano,basketball,NBA,props_nba_20260519_163344.csv,Oklahoma City Thunder San Antonio Spurs,oklahoma city thunder san antonio spurs,Ajay Mitchell,ajay mitchell,Robos (hitos),1+,0.0,1.6,player_steals_hito,STL,over,1,0.5,Ajay Mitchell 1+ STL,1,
2396e37d5b0b4948908b72f4b2e89d64d687344f,20260519_163344,2026-05-19T16:33:44-03:00,2026-05-19T19:33:44+00:00,betano,basketball,NBA,props_nba_20260519_163344.csv,Oklahoma City Thunder San Antonio Spurs,oklahoma city thunder san antonio spurs,Ajay Mitchell,ajay mitchell,Robos (hitos),2+,0.0,3.85,player_steals_hito,STL,over,2,1.5,Ajay Mitchell 2+ STL,1,
9c2ec5ab21d1a6ba6d23b98680391633b44714a8,20260519_163344,2026-05-19T16:33:44-03:00,2026-05-19T19:33:44+00:00,betano,basketball,NBA,props_nba_20260519_163344.csv,Oklahoma City Thunder San Antonio Spurs,oklahoma city thunder san antonio spurs,Ajay Mitchell,ajay mitchell,Robos (hitos),3+,0.0,9.5,player_steals_hito,STL,over,3,2.5,Ajay Mitchell 3+ STL,1,
68dd5c3d3dcd8deccd56012107945437f884726b,20260519_163344,2026-05-19T16:33:44-03:00,2026-05-19T19:33:44+00:00,betano,basketball,NBA,props_nba_20260519_163344.csv,Oklahoma City Thunder San Antonio Spurs,oklahoma city thunder san antonio spurs,Ajay Mitchell,ajay mitchell,Robos (hitos),4+,0.0,16.5,player_steals_hito,STL,over,4,3.5,Ajay Mitchell 4+ STL,1,
355610ca4f7ec2fb7c43ef8eaeb6986d8ccd92d5,20260519_163344,2026-05-19T16:33:44-03:00,2026-05-19T19:33:44+00:00,betano,basketball,NBA,props_nba_20260519_163344.csv,Oklahoma City Thunder San Antonio Spurs,oklahoma city thunder san antonio spurs,De'Aaron Fox,de aaron fox,Robos (hitos),1+,0.0,1.6,player_steals_hito,STL,over,1,0.5,De'Aaron Fox 1+ STL,1,
0b4f213657a11ec272dc236361d0e3811fa13e3c,20260519_163344,2026-05-19T16:33:44-03:00,2026-05-19T19:33:44+00:00,betano,basketball,NBA,props_nba_20260519_163344.csv,Oklahoma City Thunder San Antonio Spurs,oklahoma city thunder san antonio spurs,De'Aaron Fox,de aaron fox,Robos (hitos),2+,0.0,3.95,player_steals_hito,STL,over,2,1.5,De'Aaron Fox 2+ STL,1,
6f9b1c08a68aa935c94081f3a5f608ff3f57d2f9,20260519_163344,2026-05-19T16:33:44-03:00,2026-05-19T19:33:44+00:00,betano,basketball,NBA,props_nba_20260519_163344.csv,Oklahoma City Thunder San Antonio Spurs,oklahoma city thunder san antonio spurs,De'Aaron Fox,de aaron fox,Robos (hitos),3+,0.0,10,player_steals_hito,STL,over,3,2.5,De'Aaron Fox 3+ STL,1,
f08cf5ccef8a9335c376ffbc95795d8e163dd980,20260519_163344,2026-05-19T16:33:44-03:00,2026-05-19T19:33:44+00:00,betano,basketball,NBA,props_nba_20260519_163344.csv,Oklahoma City Thunder San Antonio Spurs,oklahoma city thunder san antonio spurs,De'Aaron Fox,de aaron fox,Robos (hitos),4+,0.0,16.5,player_steals_hito,STL,over,4,3.5,De'Aaron Fox 4+ STL,1,
98d7f1141acaf9155895967baf760dc437b70047,20260519_163344,2026-05-19T16:33:44-03:00,2026-05-19T19:33:44+00:00,betano,basketball,NBA,props_nba_20260519_163344.csv,Oklahoma City Thunder San Antonio Spurs,oklahoma city thunder san antonio spurs,Stephon Castle,stephon castle,Robos (hitos),1+,0.0,1.6,player_steals_hito,STL,over,1,0.5,Stephon Castle 1+ STL,1,
5f8e18054e121d1047d6b98f629dc82419dc0a3a,20260519_163344,2026-05-19T16:33:44-03:00,2026-05-19T19:33:44+00:00,betano,basketball,NBA,props_nba_20260519_163344.csv,Oklahoma City Thunder San Antonio Spurs,oklahoma city thunder san antonio spurs,Stephon Castle,stephon castle,Robos (hitos),2+,0.0,3.75,player_steals_hito,STL,over,2,1.5,Stephon Castle 2+ STL,1,
15e3d2c9be3f82d337b829f2305e3c893c3dfe24,20260519_163344,2026-05-19T16:33:44-03:00,2026-05-19T19:33:44+00:00,betano,basketball,NBA,props_nba_20260519_163344.csv,Oklahoma City Thunder San Antonio Spurs,oklahoma city thunder san antonio spurs,Stephon Castle,stephon castle,Robos (hitos),3+,0.0,7.5,player_steals_hito,STL,over,3,2.5,Stephon Castle 3+ STL,1,
452a82356363fc8400a7f70aaefc08bd0329c308,20260519_163344,2026-05-19T16:33:44-03:00,2026-05-19T19:33:44+00:00,betano,basketball,NBA,props_nba_20260519_163344.csv,Oklahoma City Thunder San Antonio Spurs,oklahoma city thunder san antonio spurs,Stephon Castle,stephon castle,Robos (hitos),4+,0.0,9.75,player_steals_hito,STL,over,4,3.5,Stephon Castle 4+ STL,1,
e93e02928e2443dec5f98f1c53d3191025fc78df,20260519_163344,2026-05-19T16:33:44-03:00,2026-05-19T19:33:44+00:00,betano,basketball,NBA,props_nba_20260519_163344.csv,Oklahoma City Thunder San Antonio Spurs,oklahoma city thunder san antonio spurs,Victor Wembanyama,victor wembanyama,Robos (hitos),1+,0.0,1.6,player_steals_hito,STL,over,1,0.5,Victor Wembanyama 1+ STL,1,
98b291c73e324f5fcbdc050262de952c1a157065,20260519_163344,2026-05-19T16:33:44-03:00,2026-05-19T19:33:44+00:00,betano,basketball,NBA,props_nba_20260519_163344.csv,Oklahoma City Thunder San Antonio Spurs,oklahoma city thunder san antonio spurs,Victor Wembanyama,victor wembanyama,Robos (hitos),2+,0.0,3.9,player_steals_hito,STL,over,2,1.5,Victor Wembanyama 2+ STL,1,
3e076f114bab15cd78f352b19c47cbaddc08a0f4,20260519_163344,2026-05-19T16:33:44-03:00,2026-05-19T19:33:44+00:00,betano,basketball,NBA,props_nba_20260519_163344.csv,Oklahoma City Thunder San Antonio Spurs,oklahoma city thunder san antonio spurs,Victor Wembanyama,victor wembanyama,Robos (hitos),3+,0.0,10,player_steals_hito,STL,over,3,2.5,Victor Wembanyama 3+ STL,1,
b764d4c7975751a52dd4db850d161baa096a0009,20260519_163344,2026-05-19T16:33:44-03:00,2026-05-19T19:33:44+00:00,betano,basketball,NBA,props_nba_20260519_163344.csv,Oklahoma City Thunder San Antonio Spurs,oklahoma city thunder san antonio spurs,Victor Wembanyama,victor wembanyama,Robos (hitos),4+,0.0,16.5,player_steals_hito,STL,over,4,3.5,Victor Wembanyama 4+ STL,1,
d7c88416fb7047c2f9f316f70e8626f86307d41c,20260519_163344,2026-05-19T16:33:44-03:00,2026-05-19T19:33:44+00:00,betano,basketball,NBA,props_nba_20260519_163344.csv,Oklahoma City Thunder San Antonio Spurs,oklahoma city thunder san antonio spurs,Julian Champagnie,julian champagnie,Robos (hitos),1+,0.0,1.7,player_steals_hito,STL,over,1,0.5,Julian Champagnie 1+ STL,1,
505071767e84a4efc7f2c0f753b33d657b4e6734,20260519_163344,2026-05-19T16:33:44-03:00,2026-05-19T19:33:44+00:00,betano,basketball,NBA,props_nba_20260519_163344.csv,Oklahoma City Thunder San Antonio Spurs,oklahoma city thunder san antonio spurs,Julian Champagnie,julian champagnie,Robos (hitos),2+,0.0,4.45,player_steals_hito,STL,over,2,1.5,Julian Champagnie 2+ STL,1,
37d579e6540b473f875df5932cea11d99cae097e,20260519_163344,2026-05-19T16:33:44-03:00,2026-05-19T19:33:44+00:00,betano,basketball,NBA,props_nba_20260519_163344.csv,Oklahoma City Thunder San Antonio Spurs,oklahoma city thunder san antonio spurs,Julian Champagnie,julian champagnie,Robos (hitos),3+,0.0,11,player_steals_hito,STL,over,3,2.5,Julian Champagnie 3+ STL,1,
48ee45d4feb7b2409c47b2c79604b966d27fe4d0,20260519_163344,2026-05-19T16:33:44-03:00,2026-05-19T19:33:44+00:00,betano,basketball,NBA,props_nba_20260519_163344.csv,Oklahoma City Thunder San Antonio Spurs,oklahoma city thunder san antonio spurs,Julian Champagnie,julian champagnie,Robos (hitos),4+,0.0,17.5,player_steals_hito,STL,over,4,3.5,Julian Champagnie 4+ STL,1,
007184a3de43e2ec776fde86c954385842c5113f,20260519_163344,2026-05-19T16:33:44-03:00,2026-05-19T19:33:44+00:00,betano,basketball,NBA,props_nba_20260519_163344.csv,Oklahoma City Thunder San Antonio Spurs,oklahoma city thunder san antonio spurs,Luguentz Dort,luguentz dort,Robos (hitos),1+,0.0,1.82,player_steals_hito,STL,over,1,0.5,Luguentz Dort 1+ STL,1,
66e2329788252c9373e3abb4dc942c495543c533,20260519_163344,2026-05-19T16:33:44-03:00,2026-05-19T19:33:44+00:00,betano,basketball,NBA,props_nba_20260519_163344.csv,Oklahoma City Thunder San Antonio Spurs,oklahoma city thunder san antonio spurs,Luguentz Dort,luguentz dort,Robos (hitos),2+,0.0,4.9,player_steals_hito,STL,over,2,1.5,Luguentz Dort 2+ STL,1,
ea672271fe8cf8088d2e4f87e90a6179ae5c2ed8,20260519_163344,2026-05-19T16:33:44-03:00,2026-05-19T19:33:44+00:00,betano,basketball,NBA,props_nba_20260519_163344.csv,Oklahoma City Thunder San Antonio Spurs,oklahoma city thunder san antonio spurs,Luguentz Dort,luguentz dort,Robos (hitos),3+,0.0,12,player_steals_hito,STL,over,3,2.5,Luguentz Dort 3+ STL,1,
308faef5116da523aad869a5614d76c09be79dea,20260519_163344,2026-05-19T16:33:44-03:00,2026-05-19T19:33:44+00:00,betano,basketball,NBA,props_nba_20260519_163344.csv,Oklahoma City Thunder San Antonio Spurs,oklahoma city thunder san antonio spurs,Luguentz Dort,luguentz dort,Robos (hitos),4+,0.0,18,player_steals_hito,STL,over,4,3.5,Luguentz Dort 4+ STL,1,
e50d1869f1ac03ca1decba286564055cfc1778eb,20260519_163344,2026-05-19T16:33:44-03:00,2026-05-19T19:33:44+00:00,betano,basketball,NBA,props_nba_20260519_163344.csv,Oklahoma City Thunder San Antonio Spurs,oklahoma city thunder san antonio spurs,Isaiah Hartenstein,isaiah hartenstein,Robos (hitos),1+,0.0,1.88,player_steals_hito,STL,over,1,0.5,Isaiah Hartenstein 1+ STL,1,
affb5b7b8a9752be60e45900bfebb9f6495e4e09,20260519_163344,2026-05-19T16:33:44-03:00,2026-05-19T19:33:44+00:00,betano,basketball,NBA,props_nba_20260519_163344.csv,Oklahoma City Thunder San Antonio Spurs,oklahoma city thunder san antonio spurs,Isaiah Hartenstein,isaiah hartenstein,Robos (hitos),2+,0.0,5.4,player_steals_hito,STL,over,2,1.5,Isaiah Hartenstein 2+ STL,1,
2adc075e012afb1e2ad0b3a7d3f49c91203e2bfc,20260519_163344,2026-05-19T16:33:44-03:00,2026-05-19T19:33:44+00:00,betano,basketball,NBA,props_nba_20260519_163344.csv,Oklahoma City Thunder San Antonio Spurs,oklahoma city thunder san antonio spurs,Isaiah Hartenstein,isaiah hartenstein,Robos (hitos),3+,0.0,13.5,player_steals_hito,STL,over,3,2.5,Isaiah Hartenstein 3+ STL,1,
81c1f4e76c81b940451affe1089cfb28ccede76c,20260519_163344,2026-05-19T16:33:44-03:00,2026-05-19T19:33:44+00:00,betano,basketball,NBA,props_nba_20260519_163344.csv,Oklahoma City Thunder San Antonio Spurs,oklahoma city thunder san antonio spurs,Keldon Johnson,keldon johnson,Robos (hitos),1+,0.0,2.35,player_steals_hito,STL,over,1,0.5,Keldon Johnson 1+ STL,1,
62d7ac42ac1de6edee975bc54dd9e81d7cea87df,20260519_163344,2026-05-19T16:33:44-03:00,2026-05-19T19:33:44+00:00,betano,basketball,NBA,props_nba_20260519_163344.csv,Oklahoma City Thunder San Antonio Spurs,oklahoma city thunder san antonio spurs,Keldon Johnson,keldon johnson,Robos (hitos),2+,0.0,8,player_steals_hito,STL,over,2,1.5,Keldon Johnson 2+ STL,1,
549e470305341510cf82777052443cd23e4dfcf9,20260519_163344,2026-05-19T16:33:44-03:00,2026-05-19T19:33:44+00:00,betano,basketball,NBA,props_nba_20260519_163344.csv,Oklahoma City Thunder San Antonio Spurs,oklahoma city thunder san antonio spurs,Keldon Johnson,keldon johnson,Robos (hitos),3+,0.0,16.5,player_steals_hito,STL,over,3,2.5,Keldon Johnson 3+ STL,1,
2d80fe2e3393611d34208c25ba00087901cdc1e2,20260519_163344,2026-05-19T16:33:44-03:00,2026-05-19T19:33:44+00:00,betano,basketball,NBA,props_nba_20260519_163344.csv,Oklahoma City Thunder San Antonio Spurs,oklahoma city thunder san antonio spurs,Jaylin Williams,jaylin williams,Robos (hitos),1+,0.0,3.65,player_steals_hito,STL,over,1,0.5,Jaylin Williams 1+ STL,1,
74473798628ba9244bce2b77174ba355faa4dca0,20260519_163344,2026-05-19T16:33:44-03:00,2026-05-19T19:33:44+00:00,betano,basketball,NBA,props_nba_20260519_163344.csv,Oklahoma City Thunder San Antonio Spurs,oklahoma city thunder san antonio spurs,Jaylin Williams,jaylin williams,Robos (hitos),2+,0.0,13,player_steals_hito,STL,over,2,1.5,Jaylin Williams 2+ STL,1,
a4aa246b70ef97c94ceff2511066a7eaecb856c5,20260519_163344,2026-05-19T16:33:44-03:00,2026-05-19T19:33:44+00:00,betano,basketball,NBA,props_nba_20260519_163344.csv,Oklahoma City Thunder San Antonio Spurs,oklahoma city thunder san antonio spurs,Luke Kornet,luke kornet,Robos (hitos),1+,0.0,4.05,player_steals_hito,STL,over,1,0.5,Luke Kornet 1+ STL,1,
e1a29c7b5901c610819ef02c1218f548dc1c5fac,20260519_163344,2026-05-19T16:33:44-03:00,2026-05-19T19:33:44+00:00,betano,basketball,NBA,props_nba_20260519_163344.csv,Oklahoma City Thunder San Antonio Spurs,oklahoma city thunder san antonio spurs,Luke Kornet,luke kornet,Robos (hitos),2+,0.0,14,player_steals_hito,STL,over,2,1.5,Luke Kornet 2+ STL,1,
e2b1250dc56299be7616963344c5267209504891,20260519_163344,2026-05-19T16:33:44-03:00,2026-05-19T19:33:44+00:00,betano,basketball,NBA,props_nba_20260519_163344.csv,Oklahoma City Thunder San Antonio Spurs,oklahoma city thunder san antonio spurs,Carter Bryant,carter bryant,Robos (hitos),1+,0.0,4.1,player_steals_hito,STL,over,1,0.5,Carter Bryant 1+ STL,1,
576b461338fbc05e726618538bdd9a62f7a17252,20260519_163344,2026-05-19T16:33:44-03:00,2026-05-19T19:33:44+00:00,betano,basketball,NBA,props_nba_20260519_163344.csv,Oklahoma City Thunder San Antonio Spurs,oklahoma city thunder san antonio spurs,Carter Bryant,carter bryant,Robos (hitos),2+,0.0,14.5,player_steals_hito,STL,over,2,1.5,Carter Bryant 2+ STL,1,
4e64dc08cd1bb51136115bf22724e961cc350dd8,20260519_163344,2026-05-19T16:33:44-03:00,2026-05-19T19:33:44+00:00,betano,basketball,NBA,props_nba_20260519_163344.csv,Oklahoma City Thunder San Antonio Spurs,oklahoma city thunder san antonio spurs,Harrison Barnes,harrison barnes,Robos (hitos),1+,0.0,4.6,player_steals_hito,STL,over,1,0.5,Harrison Barnes 1+ STL,1,
c547e0d6ccdf60af0e2ec532ac09db65e03cdf00,20260519_163344,2026-05-19T16:33:44-03:00,2026-05-19T19:33:44+00:00,betano,basketball,NBA,props_nba_20260519_163344.csv,Oklahoma City Thunder San Antonio Spurs,oklahoma city thunder san antonio spurs,Harrison Barnes,harrison barnes,Robos (hitos),2+,0.0,15.5,player_steals_hito,STL,over,2,1.5,Harrison Barnes 2+ STL,1,
0efd2dc215916caaccfc0f77bda93d6024e307bb,20260519_163344,2026-05-19T16:33:44-03:00,2026-05-19T19:33:44+00:00,betano,basketball,NBA,props_nba_20260519_163344.csv,Oklahoma City Thunder San Antonio Spurs,oklahoma city thunder san antonio spurs,Victor Wembanyama,victor wembanyama,Tapones (hitos),3+,0.0,1.4,player_blocks_hito,BLK,over,3,2.5,Victor Wembanyama 3+ BLK,1,
2fa5c937e22108d5b533564275adcc267bc73521,20260519_163344,2026-05-19T16:33:44-03:00,2026-05-19T19:33:44+00:00,betano,basketball,NBA,props_nba_20260519_163344.csv,Oklahoma City Thunder San Antonio Spurs,oklahoma city thunder san antonio spurs,Victor Wembanyama,victor wembanyama,Tapones (hitos),4+,0.0,2.02,player_blocks_hito,BLK,over,4,3.5,Victor Wembanyama 4+ BLK,1,
91ef31e396875e93434c3efaaf2514da5050d815,20260519_163344,2026-05-19T16:33:44-03:00,2026-05-19T19:33:44+00:00,betano,basketball,NBA,props_nba_20260519_163344.csv,Oklahoma City Thunder San Antonio Spurs,oklahoma city thunder san antonio spurs,Victor Wembanyama,victor wembanyama,Tapones (hitos),5+,0.0,3.3,player_blocks_hito,BLK,over,5,4.5,Victor Wembanyama 5+ BLK,1,
00b41a154a9e3fee295884f0e67c2b54ff32f954,20260519_163344,2026-05-19T16:33:44-03:00,2026-05-19T19:33:44+00:00,betano,basketball,NBA,props_nba_20260519_163344.csv,Oklahoma City Thunder San Antonio Spurs,oklahoma city thunder san antonio spurs,Victor Wembanyama,victor wembanyama,Tapones (hitos),6+,0.0,5.8,player_blocks_hito,BLK,over,6,5.5,Victor Wembanyama 6+ BLK,1,
9543d119d4d49c933566a97a6c04d0f9c6be9c12,20260519_163344,2026-05-19T16:33:44-03:00,2026-05-19T19:33:44+00:00,betano,basketball,NBA,props_nba_20260519_163344.csv,Oklahoma City Thunder San Antonio Spurs,oklahoma city thunder san antonio spurs,Victor Wembanyama,victor wembanyama,Tapones (hitos),7+,0.0,9.75,player_blocks_hito,BLK,over,7,6.5,Victor Wembanyama 7+ BLK,1,
ebee0895b48657df3bc6e5da2261e27a719c23d7,20260519_163344,2026-05-19T16:33:44-03:00,2026-05-19T19:33:44+00:00,betano,basketball,NBA,props_nba_20260519_163344.csv,Oklahoma City Thunder San Antonio Spurs,oklahoma city thunder san antonio spurs,Victor Wembanyama,victor wembanyama,Tapones (hitos),8+,0.0,14.5,player_blocks_hito,BLK,over,8,7.5,Victor Wembanyama 8+ BLK,1,
999c042e4899140ab0faf97d02008457e1336596,20260519_163344,2026-05-19T16:33:44-03:00,2026-05-19T19:33:44+00:00,betano,basketball,NBA,props_nba_20260519_163344.csv,Oklahoma City Thunder San Antonio Spurs,oklahoma city thunder san antonio spurs,Chet Holmgren,chet holmgren,Tapones (hitos),1+,0.0,1.13,player_blocks_hito,BLK,over,1,0.5,Chet Holmgren 1+ BLK,1,
bea9e8abfc876d24cee76ff083bb934408c3fe11,20260519_163344,2026-05-19T16:33:44-03:00,2026-05-19T19:33:44+00:00,betano,basketball,NBA,props_nba_20260519_163344.csv,Oklahoma City Thunder San Antonio Spurs,oklahoma city thunder san antonio spurs,Chet Holmgren,chet holmgren,Tapones (hitos),2+,0.0,1.7,player_blocks_hito,BLK,over,2,1.5,Chet Holmgren 2+ BLK,1,
1801f75ce1855a3902978b5c0a28637181b54fd4,20260519_163344,2026-05-19T16:33:44-03:00,2026-05-19T19:33:44+00:00,betano,basketball,NBA,props_nba_20260519_163344.csv,Oklahoma City Thunder San Antonio Spurs,oklahoma city thunder san antonio spurs,Chet Holmgren,chet holmgren,Tapones (hitos),3+,0.0,3.2,player_blocks_hito,BLK,over,3,2.5,Chet Holmgren 3+ BLK,1,
bc0952615576f5f92c5fc1ff1c6a17f6e609a3fc,20260519_163344,2026-05-19T16:33:44-03:00,2026-05-19T19:33:44+00:00,betano,basketball,NBA,props_nba_20260519_163344.csv,Oklahoma City Thunder San Antonio Spurs,oklahoma city thunder san antonio spurs,Chet Holmgren,chet holmgren,Tapones (hitos),4+,0.0,6.5,player_blocks_hito,BLK,over,4,3.5,Chet Holmgren 4+ BLK,1,
2885904dbcf804628eb504e9023610b0617744b7,20260519_163344,2026-05-19T16:33:44-03:00,2026-05-19T19:33:44+00:00,betano,basketball,NBA,props_nba_20260519_163344.csv,Oklahoma City Thunder San Antonio Spurs,oklahoma city thunder san antonio spurs,Shai Gilgeous-Alexander,shai gilgeous alexander,Tapones (hitos),1+,0.0,1.6,player_blocks_hito,BLK,over,1,0.5,Shai Gilgeous-Alexander 1+ BLK,1,
37e088ad7cc88eb62640930070f7a9501c2d496b,20260519_163344,2026-05-19T16:33:44-03:00,2026-05-19T19:33:44+00:00,betano,basketball,NBA,props_nba_20260519_163344.csv,Oklahoma City Thunder San Antonio Spurs,oklahoma city thunder san antonio spurs,Shai Gilgeous-Alexander,shai gilgeous alexander,Tapones (hitos),2+,0.0,3.9,player_blocks_hito,BLK,over,2,1.5,Shai Gilgeous-Alexander 2+ BLK,1,
3226a2aef1a987a48e87d523efb3d68958563890,20260519_163344,2026-05-19T16:33:44-03:00,2026-05-19T19:33:44+00:00,betano,basketball,NBA,props_nba_20260519_163344.csv,Oklahoma City Thunder San Antonio Spurs,oklahoma city thunder san antonio spurs,Shai Gilgeous-Alexander,shai gilgeous alexander,Tapones (hitos),3+,0.0,9.75,player_blocks_hito,BLK,over,3,2.5,Shai Gilgeous-Alexander 3+ BLK,1,
eeb430a21f1ada49899a12465f66407f57c8049c,20260519_163344,2026-05-19T16:33:44-03:00,2026-05-19T19:33:44+00:00,betano,basketball,NBA,props_nba_20260519_163344.csv,Oklahoma City Thunder San Antonio Spurs,oklahoma city thunder san antonio spurs,Shai Gilgeous-Alexander,shai gilgeous alexander,Tapones (hitos),4+,0.0,16.5,player_blocks_hito,BLK,over,4,3.5,Shai Gilgeous-Alexander 4+ BLK,1,
f0e8d93431a9c65fb422ac3882b8603bd22119b0,20260519_163344,2026-05-19T16:33:44-03:00,2026-05-19T19:33:44+00:00,betano,basketball,NBA,props_nba_20260519_163344.csv,Oklahoma City Thunder San Antonio Spurs,oklahoma city thunder san antonio spurs,Isaiah Hartenstein,isaiah hartenstein,Tapones (hitos),1+,0.0,2.02,player_blocks_hito,BLK,over,1,0.5,Isaiah Hartenstein 1+ BLK,1,
8f9d0c04681fcb4e04cb86c53a6c28603d7fa838,20260519_163344,2026-05-19T16:33:44-03:00,2026-05-19T19:33:44+00:00,betano,basketball,NBA,props_nba_20260519_163344.csv,Oklahoma City Thunder San Antonio Spurs,oklahoma city thunder san antonio spurs,Isaiah Hartenstein,isaiah hartenstein,Tapones (hitos),2+,0.0,6.1,player_blocks_hito,BLK,over,2,1.5,Isaiah Hartenstein 2+ BLK,1,
c27e46dfbddce92d52217dcf73415970ded88d5a,20260519_163344,2026-05-19T16:33:44-03:00,2026-05-19T19:33:44+00:00,betano,basketball,NBA,props_nba_20260519_163344.csv,Oklahoma City Thunder San Antonio Spurs,oklahoma city thunder san antonio spurs,Isaiah Hartenstein,isaiah hartenstein,Tapones (hitos),3+,0.0,14,player_blocks_hito,BLK,over,3,2.5,Isaiah Hartenstein 3+ BLK,1,
a85c1fa2812fd7a3eb97091b9dcd25c0593fbaa0,20260519_163344,2026-05-19T16:33:44-03:00,2026-05-19T19:33:44+00:00,betano,basketball,NBA,props_nba_20260519_163344.csv,Oklahoma City Thunder San Antonio Spurs,oklahoma city thunder san antonio spurs,Devin Vassell,devin vassell,Tapones (hitos),1+,0.0,2.25,player_blocks_hito,BLK,over,1,0.5,Devin Vassell 1+ BLK,1,
19b1eef359351e5bb877b2688fa574336a4ba3fc,20260519_163344,2026-05-19T16:33:44-03:00,2026-05-19T19:33:44+00:00,betano,basketball,NBA,props_nba_20260519_163344.csv,Oklahoma City Thunder San Antonio Spurs,oklahoma city thunder san antonio spurs,Devin Vassell,devin vassell,Tapones (hitos),2+,0.0,7.2,player_blocks_hito,BLK,over,2,1.5,Devin Vassell 2+ BLK,1,
48ec15fe3d5193d13003c7badb8ebeb7f5760e99,20260519_163344,2026-05-19T16:33:44-03:00,2026-05-19T19:33:44+00:00,betano,basketball,NBA,props_nba_20260519_163344.csv,Oklahoma City Thunder San Antonio Spurs,oklahoma city thunder san antonio spurs,Devin Vassell,devin vassell,Tapones (hitos),3+,0.0,15.5,player_blocks_hito,BLK,over,3,2.5,Devin Vassell 3+ BLK,1,
c705d0bdb23e281ac5a1d1a5aad730674c05d209,20260519_163344,2026-05-19T16:33:44-03:00,2026-05-19T19:33:44+00:00,betano,basketball,NBA,props_nba_20260519_163344.csv,Oklahoma City Thunder San Antonio Spurs,oklahoma city thunder san antonio spurs,Alex Caruso,alex caruso,Tapones (hitos),1+,0.0,2.65,player_blocks_hito,BLK,over,1,0.5,Alex Caruso 1+ BLK,1,
041f8ad1c77096d1961269f10c314a0ce5f9c735,20260519_163344,2026-05-19T16:33:44-03:00,2026-05-19T19:33:44+00:00,betano,basketball,NBA,props_nba_20260519_163344.csv,Oklahoma City Thunder San Antonio Spurs,oklahoma city thunder san antonio spurs,Alex Caruso,alex caruso,Tapones (hitos),2+,0.0,9.25,player_blocks_hito,BLK,over,2,1.5,Alex Caruso 2+ BLK,1,
1c860d4ae5fb75567e2692d05049c69927599bde,20260519_163344,2026-05-19T16:33:44-03:00,2026-05-19T19:33:44+00:00,betano,basketball,NBA,props_nba_20260519_163344.csv,Oklahoma City Thunder San Antonio Spurs,oklahoma city thunder san antonio spurs,Alex Caruso,alex caruso,Tapones (hitos),3+,0.0,17.5,player_blocks_hito,BLK,over,3,2.5,Alex Caruso 3+ BLK,1,
b9584ccd4f9f419122e7396f06ab71c0e4312b9b,20260519_163344,2026-05-19T16:33:44-03:00,2026-05-19T19:33:44+00:00,betano,basketball,NBA,props_nba_20260519_163344.csv,Oklahoma City Thunder San Antonio Spurs,oklahoma city thunder san antonio spurs,Luke Kornet,luke kornet,Tapones (hitos),1+,0.0,2.7,player_blocks_hito,BLK,over,1,0.5,Luke Kornet 1+ BLK,1,
30898d5bf10ca38c721f51d99cbd8c071c5f386b,20260519_163344,2026-05-19T16:33:44-03:00,2026-05-19T19:33:44+00:00,betano,basketball,NBA,props_nba_20260519_163344.csv,Oklahoma City Thunder San Antonio Spurs,oklahoma city thunder san antonio spurs,Luke Kornet,luke kornet,Tapones (hitos),2+,0.0,9.25,player_blocks_hito,BLK,over,2,1.5,Luke Kornet 2+ BLK,1,
9e21ed266969e6c518aea986d339d1067fa01d01,20260519_163344,2026-05-19T16:33:44-03:00,2026-05-19T19:33:44+00:00,betano,basketball,NBA,props_nba_20260519_163344.csv,Oklahoma City Thunder San Antonio Spurs,oklahoma city thunder san antonio spurs,Luke Kornet,luke kornet,Tapones (hitos),3+,0.0,18,player_blocks_hito,BLK,over,3,2.5,Luke Kornet 3+ BLK,1,
84a073c2da28eb47cb69014395e826e6412fa91d,20260519_163344,2026-05-19T16:33:44-03:00,2026-05-19T19:33:44+00:00,betano,basketball,NBA,props_nba_20260519_163344.csv,Oklahoma City Thunder San Antonio Spurs,oklahoma city thunder san antonio spurs,Jalen Williams,jalen williams,Tapones (hitos),1+,0.0,2.75,player_blocks_hito,BLK,over,1,0.5,Jalen Williams 1+ BLK,1,
bf19ee706ae84cafb87ea9475165e903510c69f7,20260519_163344,2026-05-19T16:33:44-03:00,2026-05-19T19:33:44+00:00,betano,basketball,NBA,props_nba_20260519_163344.csv,Oklahoma City Thunder San Antonio Spurs,oklahoma city thunder san antonio spurs,Jalen Williams,jalen williams,Tapones (hitos),2+,0.0,9.75,player_blocks_hito,BLK,over,2,1.5,Jalen Williams 2+ BLK,1,
1f8a125c223762ec788bed77db85d030da841470,20260519_163344,2026-05-19T16:33:44-03:00,2026-05-19T19:33:44+00:00,betano,basketball,NBA,props_nba_20260519_163344.csv,Oklahoma City Thunder San Antonio Spurs,oklahoma city thunder san antonio spurs,Jalen Williams,jalen williams,Tapones (hitos),3+,0.0,18,player_blocks_hito,BLK,over,3,2.5,Jalen Williams 3+ BLK,1,
acd276a07b4a0f2ff4eafe37d91ed5b1d4667018,20260519_163344,2026-05-19T16:33:44-03:00,2026-05-19T19:33:44+00:00,betano,basketball,NBA,props_nba_20260519_163344.csv,Oklahoma City Thunder San Antonio Spurs,oklahoma city thunder san antonio spurs,Julian Champagnie,julian champagnie,Tapones (hitos),1+,0.0,2.92,player_blocks_hito,BLK,over,1,0.5,Julian Champagnie 1+ BLK,1,
a89112c63f97ddacdeaa5d28960afc29fd4274e2,20260519_163344,2026-05-19T16:33:44-03:00,2026-05-19T19:33:44+00:00,betano,basketball,NBA,props_nba_20260519_163344.csv,Oklahoma City Thunder San Antonio Spurs,oklahoma city thunder san antonio spurs,Julian Champagnie,julian champagnie,Tapones (hitos),2+,0.0,10.25,player_blocks_hito,BLK,over,2,1.5,Julian Champagnie 2+ BLK,1,
c7ca9a7ecea8fcec2128c3a38e87540cc519a09e,20260519_163344,2026-05-19T16:33:44-03:00,2026-05-19T19:33:44+00:00,betano,basketball,NBA,props_nba_20260519_163344.csv,Oklahoma City Thunder San Antonio Spurs,oklahoma city thunder san antonio spurs,Julian Champagnie,julian champagnie,Tapones (hitos),3+,0.0,18,player_blocks_hito,BLK,over,3,2.5,Julian Champagnie 3+ BLK,1,
408198e5fac203b116eaf49201f1bc8b254d8830,20260519_163344,2026-05-19T16:33:44-03:00,2026-05-19T19:33:44+00:00,betano,basketball,NBA,props_nba_20260519_163344.csv,Oklahoma City Thunder San Antonio Spurs,oklahoma city thunder san antonio spurs,Stephon Castle,stephon castle,Tapones (hitos),1+,0.0,3.35,player_blocks_hito,BLK,over,1,0.5,Stephon Castle 1+ BLK,1,
4c628b4181b9a0a89c778f2fbd22d49ed84a58b0,20260519_163344,2026-05-19T16:33:44-03:00,2026-05-19T19:33:44+00:00,betano,basketball,NBA,props_nba_20260519_163344.csv,Oklahoma City Thunder San Antonio Spurs,oklahoma city thunder san antonio spurs,Stephon Castle,stephon castle,Tapones (hitos),2+,0.0,12,player_blocks_hito,BLK,over,2,1.5,Stephon Castle 2+ BLK,1,
23f5ebcafbbe1ee2b1f206eaecda565df8ff881a,20260519_163344,2026-05-19T16:33:44-03:00,2026-05-19T19:33:44+00:00,betano,basketball,NBA,props_nba_20260519_163344.csv,Oklahoma City Thunder San Antonio Spurs,oklahoma city thunder san antonio spurs,Cason Wallace,cason wallace,Tapones (hitos),1+,0.0,3.4,player_blocks_hito,BLK,over,1,0.5,Cason Wallace 1+ BLK,1,
40a4c31388ca1488e2bdcfb30e4bf46282af25ff,20260519_163344,2026-05-19T16:33:44-03:00,2026-05-19T19:33:44+00:00,betano,basketball,NBA,props_nba_20260519_163344.csv,Oklahoma City Thunder San Antonio Spurs,oklahoma city thunder san antonio spurs,Cason Wallace,cason wallace,Tapones (hitos),2+,0.0,12,player_blocks_hito,BLK,over,2,1.5,Cason Wallace 2+ BLK,1,
102d20c1f11d411721e79769c90d940963f4c0eb,20260519_163344,2026-05-19T16:33:44-03:00,2026-05-19T19:33:44+00:00,betano,basketball,NBA,props_nba_20260519_163344.csv,Oklahoma City Thunder San Antonio Spurs,oklahoma city thunder san antonio spurs,Dylan Harper,dylan harper,Tapones (hitos),1+,0.0,3.45,player_blocks_hito,BLK,over,1,0.5,Dylan Harper 1+ BLK,1,
eba7e3b9c69387e15eac70c70c3d689d96b5d5ce,20260519_163344,2026-05-19T16:33:44-03:00,2026-05-19T19:33:44+00:00,betano,basketball,NBA,props_nba_20260519_163344.csv,Oklahoma City Thunder San Antonio Spurs,oklahoma city thunder san antonio spurs,Dylan Harper,dylan harper,Tapones (hitos),2+,0.0,12.5,player_blocks_hito,BLK,over,2,1.5,Dylan Harper 2+ BLK,1,
600151ca762c7c1f795ff3c22c2b207dc61b262e,20260519_163344,2026-05-19T16:33:44-03:00,2026-05-19T19:33:44+00:00,betano,basketball,NBA,props_nba_20260519_163344.csv,Oklahoma City Thunder San Antonio Spurs,oklahoma city thunder san antonio spurs,Jaylin Williams,jaylin williams,Tapones (hitos),1+,0.0,3.45,player_blocks_hito,BLK,over,1,0.5,Jaylin Williams 1+ BLK,1,
fb11bd71b0ad2177d3f3c57c8b2008a52ba48d8b,20260519_163344,2026-05-19T16:33:44-03:00,2026-05-19T19:33:44+00:00,betano,basketball,NBA,props_nba_20260519_163344.csv,Oklahoma City Thunder San Antonio Spurs,oklahoma city thunder san antonio spurs,Jaylin Williams,jaylin williams,Tapones (hitos),2+,0.0,12.5,player_blocks_hito,BLK,over,2,1.5,Jaylin Williams 2+ BLK,1,
1bc4e21b7725705cdc28e8adde983532235dce51,20260519_163344,2026-05-19T16:33:44-03:00,2026-05-19T19:33:44+00:00,betano,basketball,NBA,props_nba_20260519_163344.csv,Oklahoma City Thunder San Antonio Spurs,oklahoma city thunder san antonio spurs,Luguentz Dort,luguentz dort,Tapones (hitos),1+,0.0,3.8,player_blocks_hito,BLK,over,1,0.5,Luguentz Dort 1+ BLK,1,
f32fc9b32ffd2f613296147c74e74761c21cb94d,20260519_163344,2026-05-19T16:33:44-03:00,2026-05-19T19:33:44+00:00,betano,basketball,NBA,props_nba_20260519_163344.csv,Oklahoma City Thunder San Antonio Spurs,oklahoma city thunder san antonio spurs,Luguentz Dort,luguentz dort,Tapones (hitos),2+,0.0,13.5,player_blocks_hito,BLK,over,2,1.5,Luguentz Dort 2+ BLK,1,
b36fdc118c178453b233678d742e9aca625a7e85,20260519_163344,2026-05-19T16:33:44-03:00,2026-05-19T19:33:44+00:00,betano,basketball,NBA,props_nba_20260519_163344.csv,Oklahoma City Thunder San Antonio Spurs,oklahoma city thunder san antonio spurs,Ajay Mitchell,ajay mitchell,Tapones (hitos),1+,0.0,4.35,player_blocks_hito,BLK,over,1,0.5,Ajay Mitchell 1+ BLK,1,
b89b21cff9215c6d484c1068d26cd32146af0847,20260519_163344,2026-05-19T16:33:44-03:00,2026-05-19T19:33:44+00:00,betano,basketball,NBA,props_nba_20260519_163344.csv,Oklahoma City Thunder San Antonio Spurs,oklahoma city thunder san antonio spurs,Ajay Mitchell,ajay mitchell,Tapones (hitos),2+,0.0,15,player_blocks_hito,BLK,over,2,1.5,Ajay Mitchell 2+ BLK,1,
0454d2e6d9f26cc38fef70aecc2b39b859b5c67d,20260519_163344,2026-05-19T16:33:44-03:00,2026-05-19T19:33:44+00:00,betano,basketball,NBA,props_nba_20260519_163344.csv,Oklahoma City Thunder San Antonio Spurs,oklahoma city thunder san antonio spurs,Victor Wembanyama,victor wembanyama,PRA (hitos),40+,0.0,1.53,player_pra_hito,PRA,over,40,39.5,Victor Wembanyama 40+ PRA,1,
a53c4f898ea8bdd8fd6f3ff6abf4d7f529bc2371,20260519_163344,2026-05-19T16:33:44-03:00,2026-05-19T19:33:44+00:00,betano,basketball,NBA,props_nba_20260519_163344.csv,Oklahoma City Thunder San Antonio Spurs,oklahoma city thunder san antonio spurs,Victor Wembanyama,victor wembanyama,PRA (hitos),41+,0.0,1.65,player_pra_hito,PRA,over,41,40.5,Victor Wembanyama 41+ PRA,1,
3942501a55dd4e9cff5b8bf0d21c46827a67382f,20260519_163344,2026-05-19T16:33:44-03:00,2026-05-19T19:33:44+00:00,betano,basketball,NBA,props_nba_20260519_163344.csv,Oklahoma City Thunder San Antonio Spurs,oklahoma city thunder san antonio spurs,Victor Wembanyama,victor wembanyama,PRA (hitos),42+,0.0,1.8,player_pra_hito,PRA,over,42,41.5,Victor Wembanyama 42+ PRA,1,
17becc0b116426b16a9158306160ea4bc5d71557,20260519_163344,2026-05-19T16:33:44-03:00,2026-05-19T19:33:44+00:00,betano,basketball,NBA,props_nba_20260519_163344.csv,Oklahoma City Thunder San Antonio Spurs,oklahoma city thunder san antonio spurs,Victor Wembanyama,victor wembanyama,PRA (hitos),43+,0.0,2,player_pra_hito,PRA,over,43,42.5,Victor Wembanyama 43+ PRA,1,
1d2fed16f79f99c93a1fad3cc3fddb934ef060ba,20260519_163344,2026-05-19T16:33:44-03:00,2026-05-19T19:33:44+00:00,betano,basketball,NBA,props_nba_20260519_163344.csv,Oklahoma City Thunder San Antonio Spurs,oklahoma city thunder san antonio spurs,Victor Wembanyama,victor wembanyama,PRA (hitos),44+,0.0,2.2,player_pra_hito,PRA,over,44,43.5,Victor Wembanyama 44+ PRA,1,
fbabb18cbddbb0c0ae497ceb4026c0e216492f72,20260519_163344,2026-05-19T16:33:44-03:00,2026-05-19T19:33:44+00:00,betano,basketball,NBA,props_nba_20260519_163344.csv,Oklahoma City Thunder San Antonio Spurs,oklahoma city thunder san antonio spurs,Victor Wembanyama,victor wembanyama,PRA (hitos),45+,0.0,2.45,player_pra_hito,PRA,over,45,44.5,Victor Wembanyama 45+ PRA,1,
7fc81d16f57fc9f7bcc0dcd316a2bfe4957e8161,20260519_163344,2026-05-19T16:33:44-03:00,2026-05-19T19:33:44+00:00,betano,basketball,NBA,props_nba_20260519_163344.csv,Oklahoma City Thunder San Antonio Spurs,oklahoma city thunder san antonio spurs,Victor Wembanyama,victor wembanyama,PRA (hitos),46+,0.0,2.75,player_pra_hito,PRA,over,46,45.5,Victor Wembanyama 46+ PRA,1,
8fd22912f8edc469343337e8c411ee4a8e3e3b24,20260519_163344,2026-05-19T16:33:44-03:00,2026-05-19T19:33:44+00:00,betano,basketball,NBA,props_nba_20260519_163344.csv,Oklahoma City Thunder San Antonio Spurs,oklahoma city thunder san antonio spurs,Victor Wembanyama,victor wembanyama,PRA (hitos),47+,0.0,3.1,player_pra_hito,PRA,over,47,46.5,Victor Wembanyama 47+ PRA,1,
2d2e55b25d234c98a3f4b311c35448e1d90a63bb,20260519_163344,2026-05-19T16:33:44-03:00,2026-05-19T19:33:44+00:00,betano,basketball,NBA,props_nba_20260519_163344.csv,Oklahoma City Thunder San Antonio Spurs,oklahoma city thunder san antonio spurs,Victor Wembanyama,victor wembanyama,PRA (hitos),48+,0.0,3.5,player_pra_hito,PRA,over,48,47.5,Victor Wembanyama 48+ PRA,1,
7120313435efd413904c9e95b89b631b37d3d3a9,20260519_163344,2026-05-19T16:33:44-03:00,2026-05-19T19:33:44+00:00,betano,basketball,NBA,props_nba_20260519_163344.csv,Oklahoma City Thunder San Antonio Spurs,oklahoma city thunder san antonio spurs,Shai Gilgeous-Alexander,shai gilgeous alexander,PRA (hitos),37+,0.0,1.5,player_pra_hito,PRA,over,37,36.5,Shai Gilgeous-Alexander 37+ PRA,1,
24b99db725009c98e994516b40854d74bfc41073,20260519_163344,2026-05-19T16:33:44-03:00,2026-05-19T19:33:44+00:00,betano,basketball,NBA,props_nba_20260519_163344.csv,Oklahoma City Thunder San Antonio Spurs,oklahoma city thunder san antonio spurs,Shai Gilgeous-Alexander,shai gilgeous alexander,PRA (hitos),38+,0.0,1.6,player_pra_hito,PRA,over,38,37.5,Shai Gilgeous-Alexander 38+ PRA,1,
2096711480714ff5fd0c22994fc588df29da37db,20260519_163344,2026-05-19T16:33:44-03:00,2026-05-19T19:33:44+00:00,betano,basketball,NBA,props_nba_20260519_163344.csv,Oklahoma City Thunder San Antonio Spurs,oklahoma city thunder san antonio spurs,Shai Gilgeous-Alexander,shai gilgeous alexander,PRA (hitos),39+,0.0,1.75,player_pra_hito,PRA,over,39,38.5,Shai Gilgeous-Alexander 39+ PRA,1,
f283fb86151d71690248c12d6b3c036537017cd3,20260519_163344,2026-05-19T16:33:44-03:00,2026-05-19T19:33:44+00:00,betano,basketball,NBA,props_nba_20260519_163344.csv,Oklahoma City Thunder San Antonio Spurs,oklahoma city thunder san antonio spurs,Shai Gilgeous-Alexander,shai gilgeous alexander,PRA (hitos),40+,0.0,1.93,player_pra_hito,PRA,over,40,39.5,Shai Gilgeous-Alexander 40+ PRA,1,
29dc63243c35624b2aa0d6859ab7163c3f85659f,20260519_163344,2026-05-19T16:33:44-03:00,2026-05-19T19:33:44+00:00,betano,basketball,NBA,props_nba_20260519_163344.csv,Oklahoma City Thunder San Antonio Spurs,oklahoma city thunder san antonio spurs,Shai Gilgeous-Alexander,shai gilgeous alexander,PRA (hitos),41+,0.0,2.15,player_pra_hito,PRA,over,41,40.5,Shai Gilgeous-Alexander 41+ PRA,1,
91a65270af65ca1cd4d3bb8dd243097b7f72506b,20260519_163344,2026-05-19T16:33:44-03:00,2026-05-19T19:33:44+00:00,betano,basketball,NBA,props_nba_20260519_163344.csv,Oklahoma City Thunder San Antonio Spurs,oklahoma city thunder san antonio spurs,Shai Gilgeous-Alexander,shai gilgeous alexander,PRA (hitos),42+,0.0,2.4,player_pra_hito,PRA,over,42,41.5,Shai Gilgeous-Alexander 42+ PRA,1,
a8174cbd69174d88215dd143f2e606385af74192,20260519_163344,2026-05-19T16:33:44-03:00,2026-05-19T19:33:44+00:00,betano,basketball,NBA,props_nba_20260519_163344.csv,Oklahoma City Thunder San Antonio Spurs,oklahoma city thunder san antonio spurs,Shai Gilgeous-Alexander,shai gilgeous alexander,PRA (hitos),43+,0.0,2.7,player_pra_hito,PRA,over,43,42.5,Shai Gilgeous-Alexander 43+ PRA,1,
c7d1ac4f397ac2fc8cad05c26b4312a546845135,20260519_163344,2026-05-19T16:33:44-03:00,2026-05-19T19:33:44+00:00,betano,basketball,NBA,props_nba_20260519_163344.csv,Oklahoma City Thunder San Antonio Spurs,oklahoma city thunder san antonio spurs,Shai Gilgeous-Alexander,shai gilgeous alexander,PRA (hitos),44+,0.0,3.05,player_pra_hito,PRA,over,44,43.5,Shai Gilgeous-Alexander 44+ PRA,1,
7f7151e52b515aa379ddf80c6ebf365df9168541,20260519_163344,2026-05-19T16:33:44-03:00,2026-05-19T19:33:44+00:00,betano,basketball,NBA,props_nba_20260519_163344.csv,Oklahoma City Thunder San Antonio Spurs,oklahoma city thunder san antonio spurs,Shai Gilgeous-Alexander,shai gilgeous alexander,PRA (hitos),45+,0.0,3.45,player_pra_hito,PRA,over,45,44.5,Shai Gilgeous-Alexander 45+ PRA,1,
b121d4871ebb4008830ace321c32997e90c2a308,20260519_163344,2026-05-19T16:33:44-03:00,2026-05-19T19:33:44+00:00,betano,basketball,NBA,props_nba_20260519_163344.csv,Oklahoma City Thunder San Antonio Spurs,oklahoma city thunder san antonio spurs,Stephon Castle,stephon castle,PRA (hitos),26+,0.0,1.47,player_pra_hito,PRA,over,26,25.5,Stephon Castle 26+ PRA,1,
e6b5d57708bb9beb499d863c4cec9f7cb3aed29d,20260519_163344,2026-05-19T16:33:44-03:00,2026-05-19T19:33:44+00:00,betano,basketball,NBA,props_nba_20260519_163344.csv,Oklahoma City Thunder San Antonio Spurs,oklahoma city thunder san antonio spurs,Stephon Castle,stephon castle,PRA (hitos),27+,0.0,1.62,player_pra_hito,PRA,over,27,26.5,Stephon Castle 27+ PRA,1,
776c61d841c0f15f2eda08a5ba8ea1b6e0003cab,20260519_163344,2026-05-19T16:33:44-03:00,2026-05-19T19:33:44+00:00,betano,basketball,NBA,props_nba_20260519_163344.csv,Oklahoma City Thunder San Antonio Spurs,oklahoma city thunder san antonio spurs,Stephon Castle,stephon castle,PRA (hitos),28+,0.0,1.8,player_pra_hito,PRA,over,28,27.5,Stephon Castle 28+ PRA,1,
5547ba0ac88f8164e817bc33af13ac690c2b48e6,20260519_163344,2026-05-19T16:33:44-03:00,2026-05-19T19:33:44+00:00,betano,basketball,NBA,props_nba_20260519_163344.csv,Oklahoma City Thunder San Antonio Spurs,oklahoma city thunder san antonio spurs,Stephon Castle,stephon castle,PRA (hitos),29+,0.0,2.02,player_pra_hito,PRA,over,29,28.5,Stephon Castle 29+ PRA,1,
1b18b1882f2566337256de2289aed2db3a9b686f,20260519_163344,2026-05-19T16:33:44-03:00,2026-05-19T19:33:44+00:00,betano,basketball,NBA,props_nba_20260519_163344.csv,Oklahoma City Thunder San Antonio Spurs,oklahoma city thunder san antonio spurs,Stephon Castle,stephon castle,PRA (hitos),30+,0.0,2.27,player_pra_hito,PRA,over,30,29.5,Stephon Castle 30+ PRA,1,
e2ea8609e9c7ec9e997032e8d594d205a41074a1,20260519_163344,2026-05-19T16:33:44-03:00,2026-05-19T19:33:44+00:00,betano,basketball,NBA,props_nba_20260519_163344.csv,Oklahoma City Thunder San Antonio Spurs,oklahoma city thunder san antonio spurs,Stephon Castle,stephon castle,PRA (hitos),31+,0.0,2.62,player_pra_hito,PRA,over,31,30.5,Stephon Castle 31+ PRA,1,
96c6183234d08eb4496d497c0be10794d9f3b851,20260519_163344,2026-05-19T16:33:44-03:00,2026-05-19T19:33:44+00:00,betano,basketball,NBA,props_nba_20260519_163344.csv,Oklahoma City Thunder San Antonio Spurs,oklahoma city thunder san antonio spurs,Stephon Castle,stephon castle,PRA (hitos),32+,0.0,3,player_pra_hito,PRA,over,32,31.5,Stephon Castle 32+ PRA,1,
9adf1531c92cd31869e952cc19c71c81700dcfca,20260519_163344,2026-05-19T16:33:44-03:00,2026-05-19T19:33:44+00:00,betano,basketball,NBA,props_nba_20260519_163344.csv,Oklahoma City Thunder San Antonio Spurs,oklahoma city thunder san antonio spurs,Stephon Castle,stephon castle,PRA (hitos),33+,0.0,3.5,player_pra_hito,PRA,over,33,32.5,Stephon Castle 33+ PRA,1,
2405e7a54753d58568fb155f8690842a810ed095,20260519_163344,2026-05-19T16:33:44-03:00,2026-05-19T19:33:44+00:00,betano,basketball,NBA,props_nba_20260519_163344.csv,Oklahoma City Thunder San Antonio Spurs,oklahoma city thunder san antonio spurs,Stephon Castle,stephon castle,PRA (hitos),34+,0.0,4.15,player_pra_hito,PRA,over,34,33.5,Stephon Castle 34+ PRA,1,
c86d630ea81afdd58b44a763f5de58be01a48bcb,20260519_163344,2026-05-19T16:33:44-03:00,2026-05-19T19:33:44+00:00,betano,basketball,NBA,props_nba_20260519_163344.csv,Oklahoma City Thunder San Antonio Spurs,oklahoma city thunder san antonio spurs,Jalen Williams,jalen williams,PRA (hitos),24+,0.0,1.27,player_pra_hito,PRA,over,24,23.5,Jalen Williams 24+ PRA,1,
73114bccde7f1f764576d56067703c646f316711,20260519_163344,2026-05-19T16:33:44-03:00,2026-05-19T19:33:44+00:00,betano,basketball,NBA,props_nba_20260519_163344.csv,Oklahoma City Thunder San Antonio Spurs,oklahoma city thunder san antonio spurs,Jalen Williams,jalen williams,PRA (hitos),26+,0.0,1.5,player_pra_hito,PRA,over,26,25.5,Jalen Williams 26+ PRA,1,
f57a4f0e2eaf601de6d9c12007869b7974b38bd7,20260519_163344,2026-05-19T16:33:44-03:00,2026-05-19T19:33:44+00:00,betano,basketball,NBA,props_nba_20260519_163344.csv,Oklahoma City Thunder San Antonio Spurs,oklahoma city thunder san antonio spurs,Jalen Williams,jalen williams,PRA (hitos),25+,0.0,1.5,player_pra_hito,PRA,over,25,24.5,Jalen Williams 25+ PRA,1,
60b29f0c54ffc0988f15b25203644652b5c43226,20260519_163344,2026-05-19T16:33:44-03:00,2026-05-19T19:33:44+00:00,betano,basketball,NBA,props_nba_20260519_163344.csv,Oklahoma City Thunder San Antonio Spurs,oklahoma city thunder san antonio spurs,Jalen Williams,jalen williams,PRA (hitos),28+,0.0,1.85,player_pra_hito,PRA,over,28,27.5,Jalen Williams 28+ PRA,1,
76a4e1982a6d758d1ca0461cff5bb8f2c2c035f0,20260519_163344,2026-05-19T16:33:44-03:00,2026-05-19T19:33:44+00:00,betano,basketball,NBA,props_nba_20260519_163344.csv,Oklahoma City Thunder San Antonio Spurs,oklahoma city thunder san antonio spurs,Jalen Williams,jalen williams,PRA (hitos),27+,0.0,1.85,player_pra_hito,PRA,over,27,26.5,Jalen Williams 27+ PRA,1,
95caf9698479813af5e6f612350fbf0dd67f79de,20260519_163344,2026-05-19T16:33:44-03:00,2026-05-19T19:33:44+00:00,betano,basketball,NBA,props_nba_20260519_163344.csv,Oklahoma City Thunder San Antonio Spurs,oklahoma city thunder san antonio spurs,Jalen Williams,jalen williams,PRA (hitos),30+,0.0,2.32,player_pra_hito,PRA,over,30,29.5,Jalen Williams 30+ PRA,1,
d5419af414486cb20ed5e627568951f7325e94a2,20260519_163344,2026-05-19T16:33:44-03:00,2026-05-19T19:33:44+00:00,betano,basketball,NBA,props_nba_20260519_163344.csv,Oklahoma City Thunder San Antonio Spurs,oklahoma city thunder san antonio spurs,Jalen Williams,jalen williams,PRA (hitos),29+,0.0,2.35,player_pra_hito,PRA,over,29,28.5,Jalen Williams 29+ PRA,1,
e7c2ad2414d99118c5bd5c4b2d420bbdae01eaf8,20260519_163344,2026-05-19T16:33:44-03:00,2026-05-19T19:33:44+00:00,betano,basketball,NBA,props_nba_20260519_163344.csv,Oklahoma City Thunder San Antonio Spurs,oklahoma city thunder san antonio spurs,Jalen Williams,jalen williams,PRA (hitos),32+,0.0,3.05,player_pra_hito,PRA,over,32,31.5,Jalen Williams 32+ PRA,1,
da79759d8ea092c5a0c19ddc441c2e00c4123fa5,20260519_163344,2026-05-19T16:33:44-03:00,2026-05-19T19:33:44+00:00,betano,basketball,NBA,props_nba_20260519_163344.csv,Oklahoma City Thunder San Antonio Spurs,oklahoma city thunder san antonio spurs,Jalen Williams,jalen williams,PRA (hitos),31+,0.0,3.15,player_pra_hito,PRA,over,31,30.5,Jalen Williams 31+ PRA,1,
9fcde246e7e722e852023b7526681a619f2e213e,20260519_163344,2026-05-19T16:33:44-03:00,2026-05-19T19:33:44+00:00,betano,basketball,NBA,props_nba_20260519_163344.csv,Oklahoma City Thunder San Antonio Spurs,oklahoma city thunder san antonio spurs,Chet Holmgren,chet holmgren,PRA (hitos),23+,0.0,1.55,player_pra_hito,PRA,over,23,22.5,Chet Holmgren 23+ PRA,1,
19abcd32ae970a6ed376b863ccbf0b1e737514dd,20260519_163344,2026-05-19T16:33:44-03:00,2026-05-19T19:33:44+00:00,betano,basketball,NBA,props_nba_20260519_163344.csv,Oklahoma City Thunder San Antonio Spurs,oklahoma city thunder san antonio spurs,Chet Holmgren,chet holmgren,PRA (hitos),25+,0.0,1.93,player_pra_hito,PRA,over,25,24.5,Chet Holmgren 25+ PRA,1,
5387c83805de96b4956eac3cb5b3c3d1cd9dc601,20260519_163344,2026-05-19T16:33:44-03:00,2026-05-19T19:33:44+00:00,betano,basketball,NBA,props_nba_20260519_163344.csv,Oklahoma City Thunder San Antonio Spurs,oklahoma city thunder san antonio spurs,Chet Holmgren,chet holmgren,PRA (hitos),27+,0.0,2.5,player_pra_hito,PRA,over,27,26.5,Chet Holmgren 27+ PRA,1,
c4a78bd1ed1e3e11cebfe121307da820962e1135,20260519_163344,2026-05-19T16:33:44-03:00,2026-05-19T19:33:44+00:00,betano,basketball,NBA,props_nba_20260519_163344.csv,Oklahoma City Thunder San Antonio Spurs,oklahoma city thunder san antonio spurs,Chet Holmgren,chet holmgren,PRA (hitos),29+,0.0,3.35,player_pra_hito,PRA,over,29,28.5,Chet Holmgren 29+ PRA,1,
856fae9761e373a261fe47cad362771fddbf3dcf,20260519_163344,2026-05-19T16:33:44-03:00,2026-05-19T19:33:44+00:00,betano,basketball,NBA,props_nba_20260519_163344.csv,Oklahoma City Thunder San Antonio Spurs,oklahoma city thunder san antonio spurs,Chet Holmgren,chet holmgren,PRA (hitos),31+,0.0,4.7,player_pra_hito,PRA,over,31,30.5,Chet Holmgren 31+ PRA,1,
f34d99daa767faec50d492c4eba2daeb08b737aa,20260519_163344,2026-05-19T16:33:44-03:00,2026-05-19T19:33:44+00:00,betano,basketball,NBA,props_nba_20260519_163344.csv,Oklahoma City Thunder San Antonio Spurs,oklahoma city thunder san antonio spurs,Chet Holmgren,chet holmgren,PRA (hitos),33+,0.0,6.6,player_pra_hito,PRA,over,33,32.5,Chet Holmgren 33+ PRA,1,
8a8fea636c493b518d0a171f4485c639a1dea0ac,20260519_163344,2026-05-19T16:33:44-03:00,2026-05-19T19:33:44+00:00,betano,basketball,NBA,props_nba_20260519_163344.csv,Oklahoma City Thunder San Antonio Spurs,oklahoma city thunder san antonio spurs,Chet Holmgren,chet holmgren,PRA (hitos),35+,0.0,9,player_pra_hito,PRA,over,35,34.5,Chet Holmgren 35+ PRA,1,
f054dcb667e8d9ca416d9f8f923c7b69db9e8fac,20260519_163344,2026-05-19T16:33:44-03:00,2026-05-19T19:33:44+00:00,betano,basketball,NBA,props_nba_20260519_163344.csv,Oklahoma City Thunder San Antonio Spurs,oklahoma city thunder san antonio spurs,Chet Holmgren,chet holmgren,PRA (hitos),37+,0.0,12,player_pra_hito,PRA,over,37,36.5,Chet Holmgren 37+ PRA,1,
5072d093ce410f82a8838fe66154dd6c8bde614c,20260519_163344,2026-05-19T16:33:44-03:00,2026-05-19T19:33:44+00:00,betano,basketball,NBA,props_nba_20260519_163344.csv,Oklahoma City Thunder San Antonio Spurs,oklahoma city thunder san antonio spurs,Chet Holmgren,chet holmgren,PRA (hitos),39+,0.0,15,player_pra_hito,PRA,over,39,38.5,Chet Holmgren 39+ PRA,1,
60606ffedcf3fbd71ba243e5b4efb3086e7480ab,20260519_163344,2026-05-19T16:33:44-03:00,2026-05-19T19:33:44+00:00,betano,basketball,NBA,props_nba_20260519_163344.csv,Oklahoma City Thunder San Antonio Spurs,oklahoma city thunder san antonio spurs,De'Aaron Fox,de aaron fox,PRA (hitos),20+,0.0,1.44,player_pra_hito,PRA,over,20,19.5,De'Aaron Fox 20+ PRA,1,
0ab63a230cc9aea05dd8cb85b66a7cef5d550cab,20260519_163344,2026-05-19T16:33:44-03:00,2026-05-19T19:33:44+00:00,betano,basketball,NBA,props_nba_20260519_163344.csv,Oklahoma City Thunder San Antonio Spurs,oklahoma city thunder san antonio spurs,De'Aaron Fox,de aaron fox,PRA (hitos),22+,0.0,1.78,player_pra_hito,PRA,over,22,21.5,De'Aaron Fox 22+ PRA,1,
391fcfa094b51dfff6d294bbfa011f80834f9bc8,20260519_163344,2026-05-19T16:33:44-03:00,2026-05-19T19:33:44+00:00,betano,basketball,NBA,props_nba_20260519_163344.csv,Oklahoma City Thunder San Antonio Spurs,oklahoma city thunder san antonio spurs,De'Aaron Fox,de aaron fox,PRA (hitos),24+,0.0,2.32,player_pra_hito,PRA,over,24,23.5,De'Aaron Fox 24+ PRA,1,
2cd1aef4d246ef2a057ecb7c34cd3473195902a3,20260519_163344,2026-05-19T16:33:44-03:00,2026-05-19T19:33:44+00:00,betano,basketball,NBA,props_nba_20260519_163344.csv,Oklahoma City Thunder San Antonio Spurs,oklahoma city thunder san antonio spurs,De'Aaron Fox,de aaron fox,PRA (hitos),26+,0.0,3.15,player_pra_hito,PRA,over,26,25.5,De'Aaron Fox 26+ PRA,1,
2c46a49cb2d616b7d73d432c84caea4e6d78e23b,20260519_163344,2026-05-19T16:33:44-03:00,2026-05-19T19:33:44+00:00,betano,basketball,NBA,props_nba_20260519_163344.csv,Oklahoma City Thunder San Antonio Spurs,oklahoma city thunder san antonio spurs,De'Aaron Fox,de aaron fox,PRA (hitos),28+,0.0,4.35,player_pra_hito,PRA,over,28,27.5,De'Aaron Fox 28+ PRA,1,
8422645c418105f9349c2212a00f8b0246cd26b6,20260519_163344,2026-05-19T16:33:44-03:00,2026-05-19T19:33:44+00:00,betano,basketball,NBA,props_nba_20260519_163344.csv,Oklahoma City Thunder San Antonio Spurs,oklahoma city thunder san antonio spurs,De'Aaron Fox,de aaron fox,PRA (hitos),30+,0.0,6.1,player_pra_hito,PRA,over,30,29.5,De'Aaron Fox 30+ PRA,1,
cdb58140880dfe2b694559047d7be32f691fb0ad,20260519_163344,2026-05-19T16:33:44-03:00,2026-05-19T19:33:44+00:00,betano,basketball,NBA,props_nba_20260519_163344.csv,Oklahoma City Thunder San Antonio Spurs,oklahoma city thunder san antonio spurs,De'Aaron Fox,de aaron fox,PRA (hitos),32+,0.0,8.5,player_pra_hito,PRA,over,32,31.5,De'Aaron Fox 32+ PRA,1,
b82e4d96d055181a62b3e22dbcedc735e88dd174,20260519_163344,2026-05-19T16:33:44-03:00,2026-05-19T19:33:44+00:00,betano,basketball,NBA,props_nba_20260519_163344.csv,Oklahoma City Thunder San Antonio Spurs,oklahoma city thunder san antonio spurs,De'Aaron Fox,de aaron fox,PRA (hitos),34+,0.0,11.5,player_pra_hito,PRA,over,34,33.5,De'Aaron Fox 34+ PRA,1,
30b4de602fa196df95de6633c6b693e3fe197466,20260519_163344,2026-05-19T16:33:44-03:00,2026-05-19T19:33:44+00:00,betano,basketball,NBA,props_nba_20260519_163344.csv,Oklahoma City Thunder San Antonio Spurs,oklahoma city thunder san antonio spurs,De'Aaron Fox,de aaron fox,PRA (hitos),36+,0.0,14.5,player_pra_hito,PRA,over,36,35.5,De'Aaron Fox 36+ PRA,1,
02a5bd34fdc54c99e028befd110656e6ebefc048,20260519_163344,2026-05-19T16:33:44-03:00,2026-05-19T19:33:44+00:00,betano,basketball,NBA,props_nba_20260519_163344.csv,Oklahoma City Thunder San Antonio Spurs,oklahoma city thunder san antonio spurs,Devin Vassell,devin vassell,PRA (hitos),17+,0.0,1.45,player_pra_hito,PRA,over,17,16.5,Devin Vassell 17+ PRA,1,
716e8569567b535d4a95aaac5d33339e62535071,20260519_163344,2026-05-19T16:33:44-03:00,2026-05-19T19:33:44+00:00,betano,basketball,NBA,props_nba_20260519_163344.csv,Oklahoma City Thunder San Antonio Spurs,oklahoma city thunder san antonio spurs,Devin Vassell,devin vassell,PRA (hitos),19+,0.0,1.8,player_pra_hito,PRA,over,19,18.5,Devin Vassell 19+ PRA,1,
2518ad820dec78dff177a2f52afe1d570823a091,20260519_163344,2026-05-19T16:33:44-03:00,2026-05-19T19:33:44+00:00,betano,basketball,NBA,props_nba_20260519_163344.csv,Oklahoma City Thunder San Antonio Spurs,oklahoma city thunder san antonio spurs,Devin Vassell,devin vassell,PRA (hitos),21+,0.0,2.32,player_pra_hito,PRA,over,21,20.5,Devin Vassell 21+ PRA,1,
1f2eb80ecfbc836d19f70f7e5d5be0f269704919,20260519_163344,2026-05-19T16:33:44-03:00,2026-05-19T19:33:44+00:00,betano,basketball,NBA,props_nba_20260519_163344.csv,Oklahoma City Thunder San Antonio Spurs,oklahoma city thunder san antonio spurs,Devin Vassell,devin vassell,PRA (hitos),23+,0.0,3.15,player_pra_hito,PRA,over,23,22.5,Devin Vassell 23+ PRA,1,
2910ea93b9169cc792e721eb137372c4569c6e70,20260519_163344,2026-05-19T16:33:44-03:00,2026-05-19T19:33:44+00:00,betano,basketball,NBA,props_nba_20260519_163344.csv,Oklahoma City Thunder San Antonio Spurs,oklahoma city thunder san antonio spurs,Devin Vassell,devin vassell,PRA (hitos),25+,0.0,4.45,player_pra_hito,PRA,over,25,24.5,Devin Vassell 25+ PRA,1,
40b04d1c4f2ecf4dba76d4141bfaaa655f18a177,20260519_163344,2026-05-19T16:33:44-03:00,2026-05-19T19:33:44+00:00,betano,basketball,NBA,props_nba_20260519_163344.csv,Oklahoma City Thunder San Antonio Spurs,oklahoma city thunder san antonio spurs,Devin Vassell,devin vassell,PRA (hitos),27+,0.0,6.4,player_pra_hito,PRA,over,27,26.5,Devin Vassell 27+ PRA,1,
96668341d3eaae3dfc9e5da6f10e9001a6dfc1d2,20260519_163344,2026-05-19T16:33:44-03:00,2026-05-19T19:33:44+00:00,betano,basketball,NBA,props_nba_20260519_163344.csv,Oklahoma City Thunder San Antonio Spurs,oklahoma city thunder san antonio spurs,Devin Vassell,devin vassell,PRA (hitos),29+,0.0,8.75,player_pra_hito,PRA,over,29,28.5,Devin Vassell 29+ PRA,1,
28e5fcf648234269bb57b1cf34da631c753ab379,20260519_163344,2026-05-19T16:33:44-03:00,2026-05-19T19:33:44+00:00,betano,basketball,NBA,props_nba_20260519_163344.csv,Oklahoma City Thunder San Antonio Spurs,oklahoma city thunder san antonio spurs,Devin Vassell,devin vassell,PRA (hitos),31+,0.0,12,player_pra_hito,PRA,over,31,30.5,Devin Vassell 31+ PRA,1,
373a3434aa6af82c0a04dd241667904bcfa87fd5,20260519_163344,2026-05-19T16:33:44-03:00,2026-05-19T19:33:44+00:00,betano,basketball,NBA,props_nba_20260519_163344.csv,Oklahoma City Thunder San Antonio Spurs,oklahoma city thunder san antonio spurs,Devin Vassell,devin vassell,PRA (hitos),33+,0.0,15,player_pra_hito,PRA,over,33,32.5,Devin Vassell 33+ PRA,1,
8bb1605075170efa6a948a26d6d765009533cde1,20260519_163344,2026-05-19T16:33:44-03:00,2026-05-19T19:33:44+00:00,betano,basketball,NBA,props_nba_20260519_163344.csv,Oklahoma City Thunder San Antonio Spurs,oklahoma city thunder san antonio spurs,Ajay Mitchell,ajay mitchell,PRA (hitos),16+,0.0,1.5,player_pra_hito,PRA,over,16,15.5,Ajay Mitchell 16+ PRA,1,
0eef78beb71fe6f8cfe44d345aa26a5057df7cf6,20260519_163344,2026-05-19T16:33:44-03:00,2026-05-19T19:33:44+00:00,betano,basketball,NBA,props_nba_20260519_163344.csv,Oklahoma City Thunder San Antonio Spurs,oklahoma city thunder san antonio spurs,Ajay Mitchell,ajay mitchell,PRA (hitos),18+,0.0,1.95,player_pra_hito,PRA,over,18,17.5,Ajay Mitchell 18+ PRA,1,
e217b3848d97460d800449877c22c604b150a3a8,20260519_163344,2026-05-19T16:33:44-03:00,2026-05-19T19:33:44+00:00,betano,basketball,NBA,props_nba_20260519_163344.csv,Oklahoma City Thunder San Antonio Spurs,oklahoma city thunder san antonio spurs,Ajay Mitchell,ajay mitchell,PRA (hitos),20+,0.0,2.65,player_pra_hito,PRA,over,20,19.5,Ajay Mitchell 20+ PRA,1,
fdac3b3df9e2b2b7f3cc7d03b85b01eda11f8e2b,20260519_163344,2026-05-19T16:33:44-03:00,2026-05-19T19:33:44+00:00,betano,basketball,NBA,props_nba_20260519_163344.csv,Oklahoma City Thunder San Antonio Spurs,oklahoma city thunder san antonio spurs,Ajay Mitchell,ajay mitchell,PRA (hitos),22+,0.0,3.8,player_pra_hito,PRA,over,22,21.5,Ajay Mitchell 22+ PRA,1,
ecf0f8181362ad8e6fb59f2af2300a6b21ec5d34,20260519_163344,2026-05-19T16:33:44-03:00,2026-05-19T19:33:44+00:00,betano,basketball,NBA,props_nba_20260519_163344.csv,Oklahoma City Thunder San Antonio Spurs,oklahoma city thunder san antonio spurs,Ajay Mitchell,ajay mitchell,PRA (hitos),24+,0.0,5.7,player_pra_hito,PRA,over,24,23.5,Ajay Mitchell 24+ PRA,1,
8c08f4769870d2048e7a77243471c017ed45ee63,20260519_163344,2026-05-19T16:33:44-03:00,2026-05-19T19:33:44+00:00,betano,basketball,NBA,props_nba_20260519_163344.csv,Oklahoma City Thunder San Antonio Spurs,oklahoma city thunder san antonio spurs,Ajay Mitchell,ajay mitchell,PRA (hitos),26+,0.0,8.25,player_pra_hito,PRA,over,26,25.5,Ajay Mitchell 26+ PRA,1,
a68dba606f7f54ca5800cfd868eee2d3597bd433,20260519_163344,2026-05-19T16:33:44-03:00,2026-05-19T19:33:44+00:00,betano,basketball,NBA,props_nba_20260519_163344.csv,Oklahoma City Thunder San Antonio Spurs,oklahoma city thunder san antonio spurs,Ajay Mitchell,ajay mitchell,PRA (hitos),28+,0.0,11.75,player_pra_hito,PRA,over,28,27.5,Ajay Mitchell 28+ PRA,1,
92394ae061d51f641f99fa183b9e7333501222de,20260519_163344,2026-05-19T16:33:44-03:00,2026-05-19T19:33:44+00:00,betano,basketball,NBA,props_nba_20260519_163344.csv,Oklahoma City Thunder San Antonio Spurs,oklahoma city thunder san antonio spurs,Ajay Mitchell,ajay mitchell,PRA (hitos),30+,0.0,15,player_pra_hito,PRA,over,30,29.5,Ajay Mitchell 30+ PRA,1,
d374ca95a83663d6b08f67b4f23cbdf61595bfba,20260519_163344,2026-05-19T16:33:44-03:00,2026-05-19T19:33:44+00:00,betano,basketball,NBA,props_nba_20260519_163344.csv,Oklahoma City Thunder San Antonio Spurs,oklahoma city thunder san antonio spurs,Ajay Mitchell,ajay mitchell,PRA (hitos),32+,0.0,17.5,player_pra_hito,PRA,over,32,31.5,Ajay Mitchell 32+ PRA,1,
73957a5758f81f03bc3164c58f92dc3dd3e6d5b8,20260519_163344,2026-05-19T16:33:44-03:00,2026-05-19T19:33:44+00:00,betano,basketball,NBA,props_nba_20260519_163344.csv,Oklahoma City Thunder San Antonio Spurs,oklahoma city thunder san antonio spurs,Alex Caruso,alex caruso,PRA (hitos),13+,0.0,1.42,player_pra_hito,PRA,over,13,12.5,Alex Caruso 13+ PRA,1,
45ed973fb708d2d71053bdf3528d2993a030ab6f,20260519_163344,2026-05-19T16:33:44-03:00,2026-05-19T19:33:44+00:00,betano,basketball,NBA,props_nba_20260519_163344.csv,Oklahoma City Thunder San Antonio Spurs,oklahoma city thunder san antonio spurs,Alex Caruso,alex caruso,PRA (hitos),15+,0.0,1.8,player_pra_hito,PRA,over,15,14.5,Alex Caruso 15+ PRA,1,
784d35f6bcca1bc92611e8edf4a3db4c9e5aa88d,20260519_163344,2026-05-19T16:33:44-03:00,2026-05-19T19:33:44+00:00,betano,basketball,NBA,props_nba_20260519_163344.csv,Oklahoma City Thunder San Antonio Spurs,oklahoma city thunder san antonio spurs,Alex Caruso,alex caruso,PRA (hitos),17+,0.0,2.4,player_pra_hito,PRA,over,17,16.5,Alex Caruso 17+ PRA,1,
43d65c088b14cd1ce68a868e8588aafea6c923f4,20260519_163344,2026-05-19T16:33:44-03:00,2026-05-19T19:33:44+00:00,betano,basketball,NBA,props_nba_20260519_163344.csv,Oklahoma City Thunder San Antonio Spurs,oklahoma city thunder san antonio spurs,Alex Caruso,alex caruso,PRA (hitos),19+,0.0,3.4,player_pra_hito,PRA,over,19,18.5,Alex Caruso 19+ PRA,1,
08836769d1dd7988f8da283bc89c95d1df78781b,20260519_163344,2026-05-19T16:33:44-03:00,2026-05-19T19:33:44+00:00,betano,basketball,NBA,props_nba_20260519_163344.csv,Oklahoma City Thunder San Antonio Spurs,oklahoma city thunder san antonio spurs,Alex Caruso,alex caruso,PRA (hitos),21+,0.0,5,player_pra_hito,PRA,over,21,20.5,Alex Caruso 21+ PRA,1,
a9f485f651fec3bba64ad7f2b5b4550bba4ca52f,20260519_163344,2026-05-19T16:33:44-03:00,2026-05-19T19:33:44+00:00,betano,basketball,NBA,props_nba_20260519_163344.csv,Oklahoma City Thunder San Antonio Spurs,oklahoma city thunder san antonio spurs,Alex Caruso,alex caruso,PRA (hitos),23+,0.0,7.2,player_pra_hito,PRA,over,23,22.5,Alex Caruso 23+ PRA,1,
5ffbf8816945e0c93cbc087b4d51b8a7cbb5cc3e,20260519_163344,2026-05-19T16:33:44-03:00,2026-05-19T19:33:44+00:00,betano,basketball,NBA,props_nba_20260519_163344.csv,Oklahoma City Thunder San Antonio Spurs,oklahoma city thunder san antonio spurs,Alex Caruso,alex caruso,PRA (hitos),25+,0.0,10,player_pra_hito,PRA,over,25,24.5,Alex Caruso 25+ PRA,1,
d117c2acb92b7e0345ac4c470c3ab66917f8464c,20260519_163344,2026-05-19T16:33:44-03:00,2026-05-19T19:33:44+00:00,betano,basketball,NBA,props_nba_20260519_163344.csv,Oklahoma City Thunder San Antonio Spurs,oklahoma city thunder san antonio spurs,Alex Caruso,alex caruso,PRA (hitos),27+,0.0,13.5,player_pra_hito,PRA,over,27,26.5,Alex Caruso 27+ PRA,1,
607fe05b28345cca0f4cf29e3f9a4f5d353250da,20260519_163344,2026-05-19T16:33:44-03:00,2026-05-19T19:33:44+00:00,betano,basketball,NBA,props_nba_20260519_163344.csv,Oklahoma City Thunder San Antonio Spurs,oklahoma city thunder san antonio spurs,Alex Caruso,alex caruso,PRA (hitos),29+,0.0,16,player_pra_hito,PRA,over,29,28.5,Alex Caruso 29+ PRA,1,
02792303f8aaaeee67e29f31d161898b6aefbc52,20260519_163344,2026-05-19T16:33:44-03:00,2026-05-19T19:33:44+00:00,betano,basketball,NBA,props_nba_20260519_163344.csv,Oklahoma City Thunder San Antonio Spurs,oklahoma city thunder san antonio spurs,Isaiah Hartenstein,isaiah hartenstein,PRA (hitos),10+,0.0,1.31,player_pra_hito,PRA,over,10,9.5,Isaiah Hartenstein 10+ PRA,1,
bc5b8d79ae296e6bf874824873ada21b378f56bb,20260519_163344,2026-05-19T16:33:44-03:00,2026-05-19T19:33:44+00:00,betano,basketball,NBA,props_nba_20260519_163344.csv,Oklahoma City Thunder San Antonio Spurs,oklahoma city thunder san antonio spurs,Isaiah Hartenstein,isaiah hartenstein,PRA (hitos),12+,0.0,1.78,player_pra_hito,PRA,over,12,11.5,Isaiah Hartenstein 12+ PRA,1,
acb9678e7f8c72df8ef71304941fa025d835785d,20260519_163344,2026-05-19T16:33:44-03:00,2026-05-19T19:33:44+00:00,betano,basketball,NBA,props_nba_20260519_163344.csv,Oklahoma City Thunder San Antonio Spurs,oklahoma city thunder san antonio spurs,Isaiah Hartenstein,isaiah hartenstein,PRA (hitos),14+,0.0,2.67,player_pra_hito,PRA,over,14,13.5,Isaiah Hartenstein 14+ PRA,1,
e506d2c6fcbdd8371289c16cd193364170b56872,20260519_163344,2026-05-19T16:33:44-03:00,2026-05-19T19:33:44+00:00,betano,basketball,NBA,props_nba_20260519_163344.csv,Oklahoma City Thunder San Antonio Spurs,oklahoma city thunder san antonio spurs,Isaiah Hartenstein,isaiah hartenstein,PRA (hitos),16+,0.0,4.3,player_pra_hito,PRA,over,16,15.5,Isaiah Hartenstein 16+ PRA,1,
157265206688e562d414ac2a02b4593ad6e872ce,20260519_163344,2026-05-19T16:33:44-03:00,2026-05-19T19:33:44+00:00,betano,basketball,NBA,props_nba_20260519_163344.csv,Oklahoma City Thunder San Antonio Spurs,oklahoma city thunder san antonio spurs,Isaiah Hartenstein,isaiah hartenstein,PRA (hitos),18+,0.0,7.1,player_pra_hito,PRA,over,18,17.5,Isaiah Hartenstein 18+ PRA,1,
086d0ff73fef0549da63c073f5b888a681f86e6d,20260519_163344,2026-05-19T16:33:44-03:00,2026-05-19T19:33:44+00:00,betano,basketball,NBA,props_nba_20260519_163344.csv,Oklahoma City Thunder San Antonio Spurs,oklahoma city thunder san antonio spurs,Isaiah Hartenstein,isaiah hartenstein,PRA (hitos),20+,0.0,11.25,player_pra_hito,PRA,over,20,19.5,Isaiah Hartenstein 20+ PRA,1,
e466d9bafdc4b8e6f52676b7bc697f63a2a14ff5,20260519_163344,2026-05-19T16:33:44-03:00,2026-05-19T19:33:44+00:00,betano,basketball,NBA,props_nba_20260519_163344.csv,Oklahoma City Thunder San Antonio Spurs,oklahoma city thunder san antonio spurs,Isaiah Hartenstein,isaiah hartenstein,PRA (hitos),22+,0.0,15.5,player_pra_hito,PRA,over,22,21.5,Isaiah Hartenstein 22+ PRA,1,
7c3873fbadbbfa2b5b80a9e3e426d357a9d8f591,20260519_163344,2026-05-19T16:33:44-03:00,2026-05-19T19:33:44+00:00,betano,basketball,NBA,props_nba_20260519_163344.csv,Oklahoma City Thunder San Antonio Spurs,oklahoma city thunder san antonio spurs,Isaiah Hartenstein,isaiah hartenstein,PRA (hitos),24+,0.0,18,player_pra_hito,PRA,over,24,23.5,Isaiah Hartenstein 24+ PRA,1,
17c5ef137d4eedcd9c6ea64b2195e31de2badaf8,20260519_163344,2026-05-19T16:33:44-03:00,2026-05-19T19:33:44+00:00,betano,basketball,NBA,props_nba_20260519_163344.csv,Oklahoma City Thunder San Antonio Spurs,oklahoma city thunder san antonio spurs,Cason Wallace,cason wallace,PRA (hitos),10+,0.0,1.45,player_pra_hito,PRA,over,10,9.5,Cason Wallace 10+ PRA,1,
f0d4114adcdf3e1f2dcd22563f3d01ea626fe687,20260519_163344,2026-05-19T16:33:44-03:00,2026-05-19T19:33:44+00:00,betano,basketball,NBA,props_nba_20260519_163344.csv,Oklahoma City Thunder San Antonio Spurs,oklahoma city thunder san antonio spurs,Cason Wallace,cason wallace,PRA (hitos),12+,0.0,1.95,player_pra_hito,PRA,over,12,11.5,Cason Wallace 12+ PRA,1,
65b58b5aa9fd58e2f4d56485f75ba111bf92fae7,20260519_163344,2026-05-19T16:33:44-03:00,2026-05-19T19:33:44+00:00,betano,basketball,NBA,props_nba_20260519_163344.csv,Oklahoma City Thunder San Antonio Spurs,oklahoma city thunder san antonio spurs,Cason Wallace,cason wallace,PRA (hitos),14+,0.0,2.82,player_pra_hito,PRA,over,14,13.5,Cason Wallace 14+ PRA,1,
5aa1995527e707f14034c17abc29b4b7734060d8,20260519_163344,2026-05-19T16:33:44-03:00,2026-05-19T19:33:44+00:00,betano,basketball,NBA,props_nba_20260519_163344.csv,Oklahoma City Thunder San Antonio Spurs,oklahoma city thunder san antonio spurs,Cason Wallace,cason wallace,PRA (hitos),16+,0.0,4.35,player_pra_hito,PRA,over,16,15.5,Cason Wallace 16+ PRA,1,
0dc8ecd794789eac2e303c6606f53595c676c926,20260519_163344,2026-05-19T16:33:44-03:00,2026-05-19T19:33:44+00:00,betano,basketball,NBA,props_nba_20260519_163344.csv,Oklahoma City Thunder San Antonio Spurs,oklahoma city thunder san antonio spurs,Cason Wallace,cason wallace,PRA (hitos),18+,0.0,6.7,player_pra_hito,PRA,over,18,17.5,Cason Wallace 18+ PRA,1,
2680f6bfdb9066645c0c50efdbbc4ecb404e0839,20260519_163344,2026-05-19T16:33:44-03:00,2026-05-19T19:33:44+00:00,betano,basketball,NBA,props_nba_20260519_163344.csv,Oklahoma City Thunder San Antonio Spurs,oklahoma city thunder san antonio spurs,Cason Wallace,cason wallace,PRA (hitos),20+,0.0,10,player_pra_hito,PRA,over,20,19.5,Cason Wallace 20+ PRA,1,
cbf6375adcbc8ff52da264e447eaa794620bd1db,20260519_163344,2026-05-19T16:33:44-03:00,2026-05-19T19:33:44+00:00,betano,basketball,NBA,props_nba_20260519_163344.csv,Oklahoma City Thunder San Antonio Spurs,oklahoma city thunder san antonio spurs,Cason Wallace,cason wallace,PRA (hitos),22+,0.0,13.5,player_pra_hito,PRA,over,22,21.5,Cason Wallace 22+ PRA,1,
e330482ebd2a0b7d59c42a98d4f6ae71353d244c,20260519_163344,2026-05-19T16:33:44-03:00,2026-05-19T19:33:44+00:00,betano,basketball,NBA,props_nba_20260519_163344.csv,Oklahoma City Thunder San Antonio Spurs,oklahoma city thunder san antonio spurs,Cason Wallace,cason wallace,PRA (hitos),24+,0.0,16.5,player_pra_hito,PRA,over,24,23.5,Cason Wallace 24+ PRA,1,
9d98c5f7e7f5800460e50f5feae68ae1417262c2,20260519_163344,2026-05-19T16:33:44-03:00,2026-05-19T19:33:44+00:00,betano,basketball,NBA,props_nba_20260519_163344.csv,Oklahoma City Thunder San Antonio Spurs,oklahoma city thunder san antonio spurs,Cason Wallace,cason wallace,PRA (hitos),26+,0.0,18.5,player_pra_hito,PRA,over,26,25.5,Cason Wallace 26+ PRA,1,
b6c3dd825956046db0e611e8855d0419b06be4b9,20260519_163344,2026-05-19T16:33:44-03:00,2026-05-19T19:33:44+00:00,betano,basketball,NBA,props_nba_20260519_163344.csv,Oklahoma City Thunder San Antonio Spurs,oklahoma city thunder san antonio spurs,Luguentz Dort,luguentz dort,PRA (hitos),9+,0.0,1.7,player_pra_hito,PRA,over,9,8.5,Luguentz Dort 9+ PRA,1,
57722694f867d6cd24833f42b40757836f8bd158,20260519_163344,2026-05-19T16:33:44-03:00,2026-05-19T19:33:44+00:00,betano,basketball,NBA,props_nba_20260519_163344.csv,Oklahoma City Thunder San Antonio Spurs,oklahoma city thunder san antonio spurs,Luguentz Dort,luguentz dort,PRA (hitos),10+,0.0,2,player_pra_hito,PRA,over,10,9.5,Luguentz Dort 10+ PRA,1,
20d1ee3e9015852b62ade9adee2d8295df9ded7c,20260519_163344,2026-05-19T16:33:44-03:00,2026-05-19T19:33:44+00:00,betano,basketball,NBA,props_nba_20260519_163344.csv,Oklahoma City Thunder San Antonio Spurs,oklahoma city thunder san antonio spurs,Luguentz Dort,luguentz dort,PRA (hitos),11+,0.0,2.42,player_pra_hito,PRA,over,11,10.5,Luguentz Dort 11+ PRA,1,
4cd7c3ba7ac3795e124e2fee54335a9bb548604d,20260519_163344,2026-05-19T16:33:44-03:00,2026-05-19T19:33:44+00:00,betano,basketball,NBA,props_nba_20260519_163344.csv,Oklahoma City Thunder San Antonio Spurs,oklahoma city thunder san antonio spurs,Luguentz Dort,luguentz dort,PRA (hitos),12+,0.0,2.95,player_pra_hito,PRA,over,12,11.5,Luguentz Dort 12+ PRA,1,
59226d9152a1b6f759902df1d49185bededcc8b7,20260519_163344,2026-05-19T16:33:44-03:00,2026-05-19T19:33:44+00:00,betano,basketball,NBA,props_nba_20260519_163344.csv,Oklahoma City Thunder San Antonio Spurs,oklahoma city thunder san antonio spurs,Luguentz Dort,luguentz dort,PRA (hitos),13+,0.0,3.65,player_pra_hito,PRA,over,13,12.5,Luguentz Dort 13+ PRA,1,
945f999d250506371d153b07fc018c23e1981d7d,20260519_163344,2026-05-19T16:33:44-03:00,2026-05-19T19:33:44+00:00,betano,basketball,NBA,props_nba_20260519_163344.csv,Oklahoma City Thunder San Antonio Spurs,oklahoma city thunder san antonio spurs,Luguentz Dort,luguentz dort,PRA (hitos),14+,0.0,4.55,player_pra_hito,PRA,over,14,13.5,Luguentz Dort 14+ PRA,1,
830ad8879229145b784a6283cf286cf223008ab8,20260519_163344,2026-05-19T16:33:44-03:00,2026-05-19T19:33:44+00:00,betano,basketball,NBA,props_nba_20260519_163344.csv,Oklahoma City Thunder San Antonio Spurs,oklahoma city thunder san antonio spurs,Luguentz Dort,luguentz dort,PRA (hitos),15+,0.0,5.7,player_pra_hito,PRA,over,15,14.5,Luguentz Dort 15+ PRA,1,
4c2ad0b216ec30db32ed6152edaf20be0dd9fbc8,20260519_163344,2026-05-19T16:33:44-03:00,2026-05-19T19:33:44+00:00,betano,basketball,NBA,props_nba_20260519_163344.csv,Oklahoma City Thunder San Antonio Spurs,oklahoma city thunder san antonio spurs,Luguentz Dort,luguentz dort,PRA (hitos),16+,0.0,7.1,player_pra_hito,PRA,over,16,15.5,Luguentz Dort 16+ PRA,1,
c78b56fac260470abb2fc27de8df1eeeb7f6783b,20260519_163344,2026-05-19T16:33:44-03:00,2026-05-19T19:33:44+00:00,betano,basketball,NBA,props_nba_20260519_163344.csv,Oklahoma City Thunder San Antonio Spurs,oklahoma city thunder san antonio spurs,Jaylin Williams,jaylin williams,PRA (hitos),5+,0.0,1.42,player_pra_hito,PRA,over,5,4.5,Jaylin Williams 5+ PRA,1,
9e76f9a068fe55bbd2ba50a9df6f276c7a702841,20260519_163344,2026-05-19T16:33:44-03:00,2026-05-19T19:33:44+00:00,betano,basketball,NBA,props_nba_20260519_163344.csv,Oklahoma City Thunder San Antonio Spurs,oklahoma city thunder san antonio spurs,Jaylin Williams,jaylin williams,PRA (hitos),6+,0.0,1.72,player_pra_hito,PRA,over,6,5.5,Jaylin Williams 6+ PRA,1,
f68fc2028cc156dce5c5fe39c25677c46f4e1202,20260519_163344,2026-05-19T16:33:44-03:00,2026-05-19T19:33:44+00:00,betano,basketball,NBA,props_nba_20260519_163344.csv,Oklahoma City Thunder San Antonio Spurs,oklahoma city thunder san antonio spurs,Jaylin Williams,jaylin williams,PRA (hitos),7+,0.0,2.18,player_pra_hito,PRA,over,7,6.5,Jaylin Williams 7+ PRA,1,
062e207553c0f77a372c4612b615906df0d452da,20260519_163344,2026-05-19T16:33:44-03:00,2026-05-19T19:33:44+00:00,betano,basketball,NBA,props_nba_20260519_163344.csv,Oklahoma City Thunder San Antonio Spurs,oklahoma city thunder san antonio spurs,Jaylin Williams,jaylin williams,PRA (hitos),8+,0.0,2.85,player_pra_hito,PRA,over,8,7.5,Jaylin Williams 8+ PRA,1,
6fe46dec0f3ffab45e133f1a34ad4da8bfe2cd44,20260519_163344,2026-05-19T16:33:44-03:00,2026-05-19T19:33:44+00:00,betano,basketball,NBA,props_nba_20260519_163344.csv,Oklahoma City Thunder San Antonio Spurs,oklahoma city thunder san antonio spurs,Jaylin Williams,jaylin williams,PRA (hitos),9+,0.0,3.75,player_pra_hito,PRA,over,9,8.5,Jaylin Williams 9+ PRA,1,
ff088b7523ccc26eb663c65529706b6401842b86,20260519_163344,2026-05-19T16:33:44-03:00,2026-05-19T19:33:44+00:00,betano,basketball,NBA,props_nba_20260519_163344.csv,Oklahoma City Thunder San Antonio Spurs,oklahoma city thunder san antonio spurs,Jaylin Williams,jaylin williams,PRA (hitos),10+,0.0,5,player_pra_hito,PRA,over,10,9.5,Jaylin Williams 10+ PRA,1,
0e10fefaee4ac23963919e08fd63f909ad2c9025,20260519_163344,2026-05-19T16:33:44-03:00,2026-05-19T19:33:44+00:00,betano,basketball,NBA,props_nba_20260519_163344.csv,Oklahoma City Thunder San Antonio Spurs,oklahoma city thunder san antonio spurs,Victor Wembanyama,victor wembanyama,RA (hitos),15+,0.0,1.37,player_ra_hito,RA,over,15,14.5,Victor Wembanyama 15+ RA,1,
81d0cb3f50c40c977f0cdb1f1906f5da1b5b1c27,20260519_163344,2026-05-19T16:33:44-03:00,2026-05-19T19:33:44+00:00,betano,basketball,NBA,props_nba_20260519_163344.csv,Oklahoma City Thunder San Antonio Spurs,oklahoma city thunder san antonio spurs,Victor Wembanyama,victor wembanyama,RA (hitos),17+,0.0,1.9,player_ra_hito,RA,over,17,16.5,Victor Wembanyama 17+ RA,1,
854a24df51516715e83577344454e5620cd06c6b,20260519_163344,2026-05-19T16:33:44-03:00,2026-05-19T19:33:44+00:00,betano,basketball,NBA,props_nba_20260519_163344.csv,Oklahoma City Thunder San Antonio Spurs,oklahoma city thunder san antonio spurs,Victor Wembanyama,victor wembanyama,RA (hitos),19+,0.0,2.95,player_ra_hito,RA,over,19,18.5,Victor Wembanyama 19+ RA,1,
ede5e5dfb14c3676f2d0e2fd9510354c4c9567a3,20260519_163344,2026-05-19T16:33:44-03:00,2026-05-19T19:33:44+00:00,betano,basketball,NBA,props_nba_20260519_163344.csv,Oklahoma City Thunder San Antonio Spurs,oklahoma city thunder san antonio spurs,Victor Wembanyama,victor wembanyama,RA (hitos),21+,0.0,5,player_ra_hito,RA,over,21,20.5,Victor Wembanyama 21+ RA,1,
74d6a1c5ff61066c52cc2b3daf4399c80a4363bc,20260519_163344,2026-05-19T16:33:44-03:00,2026-05-19T19:33:44+00:00,betano,basketball,NBA,props_nba_20260519_163344.csv,Oklahoma City Thunder San Antonio Spurs,oklahoma city thunder san antonio spurs,Victor Wembanyama,victor wembanyama,RA (hitos),23+,0.0,8.75,player_ra_hito,RA,over,23,22.5,Victor Wembanyama 23+ RA,1,
2d0b842ec252e3b3b575050a151308742c96bb5a,20260519_163344,2026-05-19T16:33:44-03:00,2026-05-19T19:33:44+00:00,betano,basketball,NBA,props_nba_20260519_163344.csv,Oklahoma City Thunder San Antonio Spurs,oklahoma city thunder san antonio spurs,Victor Wembanyama,victor wembanyama,RA (hitos),25+,0.0,13.5,player_ra_hito,RA,over,25,24.5,Victor Wembanyama 25+ RA,1,
fe9dd35ed6683aa3fae6efbb7a6e58b21ca915d4,20260519_163344,2026-05-19T16:33:44-03:00,2026-05-19T19:33:44+00:00,betano,basketball,NBA,props_nba_20260519_163344.csv,Oklahoma City Thunder San Antonio Spurs,oklahoma city thunder san antonio spurs,Victor Wembanyama,victor wembanyama,RA (hitos),27+,0.0,17.5,player_ra_hito,RA,over,27,26.5,Victor Wembanyama 27+ RA,1,
52d9d37f162e3a89086a3c9e13722440d164adbd,20260519_163344,2026-05-19T16:33:44-03:00,2026-05-19T19:33:44+00:00,betano,basketball,NBA,props_nba_20260519_163344.csv,Oklahoma City Thunder San Antonio Spurs,oklahoma city thunder san antonio spurs,Stephon Castle,stephon castle,RA (hitos),10+,0.0,1.33,player_ra_hito,RA,over,10,9.5,Stephon Castle 10+ RA,1,
7f2c89cf6b3f8444312a34d05c699678afd06bb6,20260519_163344,2026-05-19T16:33:44-03:00,2026-05-19T19:33:44+00:00,betano,basketball,NBA,props_nba_20260519_163344.csv,Oklahoma City Thunder San Antonio Spurs,oklahoma city thunder san antonio spurs,Stephon Castle,stephon castle,RA (hitos),12+,0.0,1.95,player_ra_hito,RA,over,12,11.5,Stephon Castle 12+ RA,1,
2d831759554d913f6b99ab914cd742e7667cc029,20260519_163344,2026-05-19T16:33:44-03:00,2026-05-19T19:33:44+00:00,betano,basketball,NBA,props_nba_20260519_163344.csv,Oklahoma City Thunder San Antonio Spurs,oklahoma city thunder san antonio spurs,Stephon Castle,stephon castle,RA (hitos),14+,0.0,3.4,player_ra_hito,RA,over,14,13.5,Stephon Castle 14+ RA,1,
184d7bef310ffca313257851e3983a44fdf6d50c,20260519_163344,2026-05-19T16:33:44-03:00,2026-05-19T19:33:44+00:00,betano,basketball,NBA,props_nba_20260519_163344.csv,Oklahoma City Thunder San Antonio Spurs,oklahoma city thunder san antonio spurs,Stephon Castle,stephon castle,RA (hitos),16+,0.0,6.6,player_ra_hito,RA,over,16,15.5,Stephon Castle 16+ RA,1,
766839b77a618734ac6e9671bf59c0dcb486646f,20260519_163344,2026-05-19T16:33:44-03:00,2026-05-19T19:33:44+00:00,betano,basketball,NBA,props_nba_20260519_163344.csv,Oklahoma City Thunder San Antonio Spurs,oklahoma city thunder san antonio spurs,Stephon Castle,stephon castle,RA (hitos),18+,0.0,12,player_ra_hito,RA,over,18,17.5,Stephon Castle 18+ RA,1,
87367b4b6e9eaadd83e8e5a5e757e95f28e82b80,20260519_163344,2026-05-19T16:33:44-03:00,2026-05-19T19:33:44+00:00,betano,basketball,NBA,props_nba_20260519_163344.csv,Oklahoma City Thunder San Antonio Spurs,oklahoma city thunder san antonio spurs,Stephon Castle,stephon castle,RA (hitos),20+,0.0,17,player_ra_hito,RA,over,20,19.5,Stephon Castle 20+ RA,1,
f3ad5ffd8a33440f8af31982c984a6aaf5f667e2,20260519_163344,2026-05-19T16:33:44-03:00,2026-05-19T19:33:44+00:00,betano,basketball,NBA,props_nba_20260519_163344.csv,Oklahoma City Thunder San Antonio Spurs,oklahoma city thunder san antonio spurs,Shai Gilgeous-Alexander,shai gilgeous alexander,RA (hitos),9+,0.0,1.22,player_ra_hito,RA,over,9,8.5,Shai Gilgeous-Alexander 9+ RA,1,
751a8baf67a12654f8825f7878edd1e52348168b,20260519_163344,2026-05-19T16:33:44-03:00,2026-05-19T19:33:44+00:00,betano,basketball,NBA,props_nba_20260519_163344.csv,Oklahoma City Thunder San Antonio Spurs,oklahoma city thunder san antonio spurs,Shai Gilgeous-Alexander,shai gilgeous alexander,RA (hitos),11+,0.0,1.72,player_ra_hito,RA,over,11,10.5,Shai Gilgeous-Alexander 11+ RA,1,
2e59d9107b0307cd920362f709e1b16d65bddd04,20260519_163344,2026-05-19T16:33:44-03:00,2026-05-19T19:33:44+00:00,betano,basketball,NBA,props_nba_20260519_163344.csv,Oklahoma City Thunder San Antonio Spurs,oklahoma city thunder san antonio spurs,Shai Gilgeous-Alexander,shai gilgeous alexander,RA (hitos),13+,0.0,2.92,player_ra_hito,RA,over,13,12.5,Shai Gilgeous-Alexander 13+ RA,1,
403ae4b5292cd87bbecb7f3f7ff919c372edb42d,20260519_163344,2026-05-19T16:33:44-03:00,2026-05-19T19:33:44+00:00,betano,basketball,NBA,props_nba_20260519_163344.csv,Oklahoma City Thunder San Antonio Spurs,oklahoma city thunder san antonio spurs,Shai Gilgeous-Alexander,shai gilgeous alexander,RA (hitos),15+,0.0,5.6,player_ra_hito,RA,over,15,14.5,Shai Gilgeous-Alexander 15+ RA,1,
8e4e184ea4d02d8ba647a6a2cc0024d85cade417,20260519_163344,2026-05-19T16:33:44-03:00,2026-05-19T19:33:44+00:00,betano,basketball,NBA,props_nba_20260519_163344.csv,Oklahoma City Thunder San Antonio Spurs,oklahoma city thunder san antonio spurs,Shai Gilgeous-Alexander,shai gilgeous alexander,RA (hitos),17+,0.0,10.5,player_ra_hito,RA,over,17,16.5,Shai Gilgeous-Alexander 17+ RA,1,
e8e0ee9c8c25a7e9761a9dde8394dc756fd1e956,20260519_163344,2026-05-19T16:33:44-03:00,2026-05-19T19:33:44+00:00,betano,basketball,NBA,props_nba_20260519_163344.csv,Oklahoma City Thunder San Antonio Spurs,oklahoma city thunder san antonio spurs,Shai Gilgeous-Alexander,shai gilgeous alexander,RA (hitos),19+,0.0,16,player_ra_hito,RA,over,19,18.5,Shai Gilgeous-Alexander 19+ RA,1,
c2368ee766b0ac6cda96649bcdd68a24e5c15553,20260519_163344,2026-05-19T16:33:44-03:00,2026-05-19T19:33:44+00:00,betano,basketball,NBA,props_nba_20260519_163344.csv,Oklahoma City Thunder San Antonio Spurs,oklahoma city thunder san antonio spurs,Chet Holmgren,chet holmgren,RA (hitos),9+,0.0,1.33,player_ra_hito,RA,over,9,8.5,Chet Holmgren 9+ RA,1,
e0100bd196bb90effe42447f953136a55b22b808,20260519_163344,2026-05-19T16:33:44-03:00,2026-05-19T19:33:44+00:00,betano,basketball,NBA,props_nba_20260519_163344.csv,Oklahoma City Thunder San Antonio Spurs,oklahoma city thunder san antonio spurs,Chet Holmgren,chet holmgren,RA (hitos),11+,0.0,2,player_ra_hito,RA,over,11,10.5,Chet Holmgren 11+ RA,1,
79e94a2b24cda3baf533be4fbec8502d84658e79,20260519_163344,2026-05-19T16:33:44-03:00,2026-05-19T19:33:44+00:00,betano,basketball,NBA,props_nba_20260519_163344.csv,Oklahoma City Thunder San Antonio Spurs,oklahoma city thunder san antonio spurs,Chet Holmgren,chet holmgren,RA (hitos),13+,0.0,3.55,player_ra_hito,RA,over,13,12.5,Chet Holmgren 13+ RA,1,
c0d8c09f889c04c29bbbae0de9c91024a9ec0ae0,20260519_163344,2026-05-19T16:33:44-03:00,2026-05-19T19:33:44+00:00,betano,basketball,NBA,props_nba_20260519_163344.csv,Oklahoma City Thunder San Antonio Spurs,oklahoma city thunder san antonio spurs,Chet Holmgren,chet holmgren,RA (hitos),15+,0.0,7.1,player_ra_hito,RA,over,15,14.5,Chet Holmgren 15+ RA,1,
822dc36035ab2cc5a12ec2d1f27c87518329ec37,20260519_163344,2026-05-19T16:33:44-03:00,2026-05-19T19:33:44+00:00,betano,basketball,NBA,props_nba_20260519_163344.csv,Oklahoma City Thunder San Antonio Spurs,oklahoma city thunder san antonio spurs,Chet Holmgren,chet holmgren,RA (hitos),17+,0.0,12.5,player_ra_hito,RA,over,17,16.5,Chet Holmgren 17+ RA,1,
845a6699ab907f12314f7e95f474fc2f32160abd,20260519_163344,2026-05-19T16:33:44-03:00,2026-05-19T19:33:44+00:00,betano,basketball,NBA,props_nba_20260519_163344.csv,Oklahoma City Thunder San Antonio Spurs,oklahoma city thunder san antonio spurs,Chet Holmgren,chet holmgren,RA (hitos),19+,0.0,17.5,player_ra_hito,RA,over,19,18.5,Chet Holmgren 19+ RA,1,
e6df30f742227368ae1e116ab9506d25c8ef53b9,20260519_163344,2026-05-19T16:33:44-03:00,2026-05-19T19:33:44+00:00,betano,basketball,NBA,props_nba_20260519_163344.csv,Oklahoma City Thunder San Antonio Spurs,oklahoma city thunder san antonio spurs,Jalen Williams,jalen williams,RA (hitos),8+,0.0,1.3,player_ra_hito,RA,over,8,7.5,Jalen Williams 8+ RA,1,
c6129fe13703499695a57d84f02d71bb4d8e870d,20260519_163344,2026-05-19T16:33:44-03:00,2026-05-19T19:33:44+00:00,betano,basketball,NBA,props_nba_20260519_163344.csv,Oklahoma City Thunder San Antonio Spurs,oklahoma city thunder san antonio spurs,Jalen Williams,jalen williams,RA (hitos),9+,0.0,1.6,player_ra_hito,RA,over,9,8.5,Jalen Williams 9+ RA,1,
3c1b04216c4c37a58e4f4047c0e9d689306ecb90,20260519_163344,2026-05-19T16:33:44-03:00,2026-05-19T19:33:44+00:00,betano,basketball,NBA,props_nba_20260519_163344.csv,Oklahoma City Thunder San Antonio Spurs,oklahoma city thunder san antonio spurs,Jalen Williams,jalen williams,RA (hitos),10+,0.0,2.02,player_ra_hito,RA,over,10,9.5,Jalen Williams 10+ RA,1,
9e49820babdf5491d46fb4ed86dc76ee3449c729,20260519_163344,2026-05-19T16:33:44-03:00,2026-05-19T19:33:44+00:00,betano,basketball,NBA,props_nba_20260519_163344.csv,Oklahoma City Thunder San Antonio Spurs,oklahoma city thunder san antonio spurs,Jalen Williams,jalen williams,RA (hitos),11+,0.0,2.67,player_ra_hito,RA,over,11,10.5,Jalen Williams 11+ RA,1,
c6548e7dd5d9aeb6e5e9579753eb5e8ef7e49a2b,20260519_163344,2026-05-19T16:33:44-03:00,2026-05-19T19:33:44+00:00,betano,basketball,NBA,props_nba_20260519_163344.csv,Oklahoma City Thunder San Antonio Spurs,oklahoma city thunder san antonio spurs,Jalen Williams,jalen williams,RA (hitos),12+,0.0,3.6,player_ra_hito,RA,over,12,11.5,Jalen Williams 12+ RA,1,
3a4b5ef3a82f6b8cd964d52b50792fcbca5e588f,20260519_163344,2026-05-19T16:33:44-03:00,2026-05-19T19:33:44+00:00,betano,basketball,NBA,props_nba_20260519_163344.csv,Oklahoma City Thunder San Antonio Spurs,oklahoma city thunder san antonio spurs,Jalen Williams,jalen williams,RA (hitos),13+,0.0,4.9,player_ra_hito,RA,over,13,12.5,Jalen Williams 13+ RA,1,
c25c7188aa31fec4ac70c9f50f3048d005bc2b4a,20260519_163344,2026-05-19T16:33:44-03:00,2026-05-19T19:33:44+00:00,betano,basketball,NBA,props_nba_20260519_163344.csv,Oklahoma City Thunder San Antonio Spurs,oklahoma city thunder san antonio spurs,Jalen Williams,jalen williams,RA (hitos),14+,0.0,6.4,player_ra_hito,RA,over,14,13.5,Jalen Williams 14+ RA,1,
cd9c9925b7c7934e4cceedf1a823958580e721ca,20260519_163344,2026-05-19T16:33:44-03:00,2026-05-19T19:33:44+00:00,betano,basketball,NBA,props_nba_20260519_163344.csv,Oklahoma City Thunder San Antonio Spurs,oklahoma city thunder san antonio spurs,Jalen Williams,jalen williams,RA (hitos),15+,0.0,7.8,player_ra_hito,RA,over,15,14.5,Jalen Williams 15+ RA,1,
b7eecaecca64d37927b21b8cc6ed879189e4caf5,20260519_163344,2026-05-19T16:33:44-03:00,2026-05-19T19:33:44+00:00,betano,basketball,NBA,props_nba_20260519_163344.csv,Oklahoma City Thunder San Antonio Spurs,oklahoma city thunder san antonio spurs,De'Aaron Fox,de aaron fox,RA (hitos),7+,0.0,1.31,player_ra_hito,RA,over,7,6.5,De'Aaron Fox 7+ RA,1,
ba9a44729e4a5e08bbb2c10433e02319f270f7c4,20260519_163344,2026-05-19T16:33:44-03:00,2026-05-19T19:33:44+00:00,betano,basketball,NBA,props_nba_20260519_163344.csv,Oklahoma City Thunder San Antonio Spurs,oklahoma city thunder san antonio spurs,De'Aaron Fox,de aaron fox,RA (hitos),8+,0.0,1.62,player_ra_hito,RA,over,8,7.5,De'Aaron Fox 8+ RA,1,
5372d1c869632f60dd0e23b47a56413ee0a0a5b9,20260519_163344,2026-05-19T16:33:44-03:00,2026-05-19T19:33:44+00:00,betano,basketball,NBA,props_nba_20260519_163344.csv,Oklahoma City Thunder San Antonio Spurs,oklahoma city thunder san antonio spurs,De'Aaron Fox,de aaron fox,RA (hitos),9+,0.0,2.12,player_ra_hito,RA,over,9,8.5,De'Aaron Fox 9+ RA,1,
8217d311f70679e10dce848e49bd57b63d91f11a,20260519_163344,2026-05-19T16:33:44-03:00,2026-05-19T19:33:44+00:00,betano,basketball,NBA,props_nba_20260519_163344.csv,Oklahoma City Thunder San Antonio Spurs,oklahoma city thunder san antonio spurs,De'Aaron Fox,de aaron fox,RA (hitos),10+,0.0,2.9,player_ra_hito,RA,over,10,9.5,De'Aaron Fox 10+ RA,1,
eb86781dad5453f9f3ade6fc44613405b4e2816a,20260519_163344,2026-05-19T16:33:44-03:00,2026-05-19T19:33:44+00:00,betano,basketball,NBA,props_nba_20260519_163344.csv,Oklahoma City Thunder San Antonio Spurs,oklahoma city thunder san antonio spurs,De'Aaron Fox,de aaron fox,RA (hitos),11+,0.0,4.05,player_ra_hito,RA,over,11,10.5,De'Aaron Fox 11+ RA,1,
2c1b6916bf0a31f6763f0ab5f2f3f0ebc3321fa1,20260519_163344,2026-05-19T16:33:44-03:00,2026-05-19T19:33:44+00:00,betano,basketball,NBA,props_nba_20260519_163344.csv,Oklahoma City Thunder San Antonio Spurs,oklahoma city thunder san antonio spurs,De'Aaron Fox,de aaron fox,RA (hitos),12+,0.0,5.5,player_ra_hito,RA,over,12,11.5,De'Aaron Fox 12+ RA,1,
344689e4689f4619a97604c5ff50cb9667ad795a,20260519_163344,2026-05-19T16:33:44-03:00,2026-05-19T19:33:44+00:00,betano,basketball,NBA,props_nba_20260519_163344.csv,Oklahoma City Thunder San Antonio Spurs,oklahoma city thunder san antonio spurs,De'Aaron Fox,de aaron fox,RA (hitos),13+,0.0,7.1,player_ra_hito,RA,over,13,12.5,De'Aaron Fox 13+ RA,1,
a66bc322db15ed5815312490fc6d43eb285d68ab,20260519_163344,2026-05-19T16:33:44-03:00,2026-05-19T19:33:44+00:00,betano,basketball,NBA,props_nba_20260519_163344.csv,Oklahoma City Thunder San Antonio Spurs,oklahoma city thunder san antonio spurs,De'Aaron Fox,de aaron fox,RA (hitos),14+,0.0,8.5,player_ra_hito,RA,over,14,13.5,De'Aaron Fox 14+ RA,1,
ebcd032d2ed46d86e763c560f05414464d5039ee,20260519_163344,2026-05-19T16:33:44-03:00,2026-05-19T19:33:44+00:00,betano,basketball,NBA,props_nba_20260519_163344.csv,Oklahoma City Thunder San Antonio Spurs,oklahoma city thunder san antonio spurs,Dylan Harper,dylan harper,RA (hitos),7+,0.0,1.57,player_ra_hito,RA,over,7,6.5,Dylan Harper 7+ RA,1,
335bc9d8722abe1900cf010fa36cee99a883eadf,20260519_163344,2026-05-19T16:33:44-03:00,2026-05-19T19:33:44+00:00,betano,basketball,NBA,props_nba_20260519_163344.csv,Oklahoma City Thunder San Antonio Spurs,oklahoma city thunder san antonio spurs,Dylan Harper,dylan harper,RA (hitos),8+,0.0,2.07,player_ra_hito,RA,over,8,7.5,Dylan Harper 8+ RA,1,
80ce770650c713ec9ba0edbd227410ddf807af72,20260519_163344,2026-05-19T16:33:44-03:00,2026-05-19T19:33:44+00:00,betano,basketball,NBA,props_nba_20260519_163344.csv,Oklahoma City Thunder San Antonio Spurs,oklahoma city thunder san antonio spurs,Dylan Harper,dylan harper,RA (hitos),9+,0.0,2.9,player_ra_hito,RA,over,9,8.5,Dylan Harper 9+ RA,1,
3005a82adf209f7989c2832d57301564dce159b9,20260519_163344,2026-05-19T16:33:44-03:00,2026-05-19T19:33:44+00:00,betano,basketball,NBA,props_nba_20260519_163344.csv,Oklahoma City Thunder San Antonio Spurs,oklahoma city thunder san antonio spurs,Dylan Harper,dylan harper,RA (hitos),10+,0.0,4.3,player_ra_hito,RA,over,10,9.5,Dylan Harper 10+ RA,1,
0c9e2506ee740e465c77186344fee18976827a1b,20260519_163344,2026-05-19T16:33:44-03:00,2026-05-19T19:33:44+00:00,betano,basketball,NBA,props_nba_20260519_163344.csv,Oklahoma City Thunder San Antonio Spurs,oklahoma city thunder san antonio spurs,Dylan Harper,dylan harper,RA (hitos),11+,0.0,6.5,player_ra_hito,RA,over,11,10.5,Dylan Harper 11+ RA,1,
686a36b7392f85c7bb8a048b6321af3f26fb8c9c,20260519_163344,2026-05-19T16:33:44-03:00,2026-05-19T19:33:44+00:00,betano,basketball,NBA,props_nba_20260519_163344.csv,Oklahoma City Thunder San Antonio Spurs,oklahoma city thunder san antonio spurs,Dylan Harper,dylan harper,RA (hitos),12+,0.0,9.5,player_ra_hito,RA,over,12,11.5,Dylan Harper 12+ RA,1,
95f8f00cc0ee8bfdbba2703c6fc86cd0121b2a14,20260519_163344,2026-05-19T16:33:44-03:00,2026-05-19T19:33:44+00:00,betano,basketball,NBA,props_nba_20260519_163344.csv,Oklahoma City Thunder San Antonio Spurs,oklahoma city thunder san antonio spurs,Dylan Harper,dylan harper,RA (hitos),13+,0.0,13,player_ra_hito,RA,over,13,12.5,Dylan Harper 13+ RA,1,
04f7a3c04b92ce1fbd04e076a7bab30eb592e6dd,20260519_163344,2026-05-19T16:33:44-03:00,2026-05-19T19:33:44+00:00,betano,basketball,NBA,props_nba_20260519_163344.csv,Oklahoma City Thunder San Antonio Spurs,oklahoma city thunder san antonio spurs,Dylan Harper,dylan harper,RA (hitos),14+,0.0,16,player_ra_hito,RA,over,14,13.5,Dylan Harper 14+ RA,1,
2b463e16e90b4294493ea1fb47a49aaf3e4c29a0,20260519_163344,2026-05-19T16:33:44-03:00,2026-05-19T19:33:44+00:00,betano,basketball,NBA,props_nba_20260519_163344.csv,Oklahoma City Thunder San Antonio Spurs,oklahoma city thunder san antonio spurs,Isaiah Hartenstein,isaiah hartenstein,RA (hitos),6+,0.0,1.35,player_ra_hito,RA,over,6,5.5,Isaiah Hartenstein 6+ RA,1,
3be6775b66f1d7985a9cc4fae7129f85edd75851,20260519_163344,2026-05-19T16:33:44-03:00,2026-05-19T19:33:44+00:00,betano,basketball,NBA,props_nba_20260519_163344.csv,Oklahoma City Thunder San Antonio Spurs,oklahoma city thunder san antonio spurs,Isaiah Hartenstein,isaiah hartenstein,RA (hitos),7+,0.0,1.72,player_ra_hito,RA,over,7,6.5,Isaiah Hartenstein 7+ RA,1,
88a3f4d0dc4fad605693dde8683a7fedadb846ea,20260519_163344,2026-05-19T16:33:44-03:00,2026-05-19T19:33:44+00:00,betano,basketball,NBA,props_nba_20260519_163344.csv,Oklahoma City Thunder San Antonio Spurs,oklahoma city thunder san antonio spurs,Isaiah Hartenstein,isaiah hartenstein,RA (hitos),8+,0.0,2.32,player_ra_hito,RA,over,8,7.5,Isaiah Hartenstein 8+ RA,1,
89fb816391a1100b7042a552628bcc6915c688e9,20260519_163344,2026-05-19T16:33:44-03:00,2026-05-19T19:33:44+00:00,betano,basketball,NBA,props_nba_20260519_163344.csv,Oklahoma City Thunder San Antonio Spurs,oklahoma city thunder san antonio spurs,Isaiah Hartenstein,isaiah hartenstein,RA (hitos),9+,0.0,3.35,player_ra_hito,RA,over,9,8.5,Isaiah Hartenstein 9+ RA,1,
16aba0124f5c0566d18d410e366eda5dd648bd77,20260519_163344,2026-05-19T16:33:44-03:00,2026-05-19T19:33:44+00:00,betano,basketball,NBA,props_nba_20260519_163344.csv,Oklahoma City Thunder San Antonio Spurs,oklahoma city thunder san antonio spurs,Isaiah Hartenstein,isaiah hartenstein,RA (hitos),10+,0.0,5,player_ra_hito,RA,over,10,9.5,Isaiah Hartenstein 10+ RA,1,
8bb35e8241451c181839efb476edde5dcbd0daf5,20260519_163344,2026-05-19T16:33:44-03:00,2026-05-19T19:33:44+00:00,betano,basketball,NBA,props_nba_20260519_163344.csv,Oklahoma City Thunder San Antonio Spurs,oklahoma city thunder san antonio spurs,Isaiah Hartenstein,isaiah hartenstein,RA (hitos),11+,0.0,7.6,player_ra_hito,RA,over,11,10.5,Isaiah Hartenstein 11+ RA,1,
a91571c67d54246db497c505fa0e8a3e9edbee8f,20260519_163344,2026-05-19T16:33:44-03:00,2026-05-19T19:33:44+00:00,betano,basketball,NBA,props_nba_20260519_163344.csv,Oklahoma City Thunder San Antonio Spurs,oklahoma city thunder san antonio spurs,Isaiah Hartenstein,isaiah hartenstein,RA (hitos),12+,0.0,11,player_ra_hito,RA,over,12,11.5,Isaiah Hartenstein 12+ RA,1,
dc6054d6c0325b5d46727e46f81488fe11aed104,20260519_163344,2026-05-19T16:33:44-03:00,2026-05-19T19:33:44+00:00,betano,basketball,NBA,props_nba_20260519_163344.csv,Oklahoma City Thunder San Antonio Spurs,oklahoma city thunder san antonio spurs,Isaiah Hartenstein,isaiah hartenstein,RA (hitos),13+,0.0,14.5,player_ra_hito,RA,over,13,12.5,Isaiah Hartenstein 13+ RA,1,
2b78d19ed683a43671e3404c0d05a44926bbc5a8,20260519_163344,2026-05-19T16:33:44-03:00,2026-05-19T19:33:44+00:00,betano,basketball,NBA,props_nba_20260519_163344.csv,Oklahoma City Thunder San Antonio Spurs,oklahoma city thunder san antonio spurs,Ajay Mitchell,ajay mitchell,RA (hitos),6+,0.0,1.42,player_ra_hito,RA,over,6,5.5,Ajay Mitchell 6+ RA,1,
897a9494608edc0067719da1009ce9296b94fd1e,20260519_163344,2026-05-19T16:33:44-03:00,2026-05-19T19:33:44+00:00,betano,basketball,NBA,props_nba_20260519_163344.csv,Oklahoma City Thunder San Antonio Spurs,oklahoma city thunder san antonio spurs,Ajay Mitchell,ajay mitchell,RA (hitos),7+,0.0,1.85,player_ra_hito,RA,over,7,6.5,Ajay Mitchell 7+ RA,1,
164f69816f87f56df735367b7668abd886271193,20260519_163344,2026-05-19T16:33:44-03:00,2026-05-19T19:33:44+00:00,betano,basketball,NBA,props_nba_20260519_163344.csv,Oklahoma City Thunder San Antonio Spurs,oklahoma city thunder san antonio spurs,Ajay Mitchell,ajay mitchell,RA (hitos),8+,0.0,2.57,player_ra_hito,RA,over,8,7.5,Ajay Mitchell 8+ RA,1,
b6a94c389b4db452de9f5cdb13b75cc3faf5b9eb,20260519_163344,2026-05-19T16:33:44-03:00,2026-05-19T19:33:44+00:00,betano,basketball,NBA,props_nba_20260519_163344.csv,Oklahoma City Thunder San Antonio Spurs,oklahoma city thunder san antonio spurs,Ajay Mitchell,ajay mitchell,RA (hitos),9+,0.0,3.8,player_ra_hito,RA,over,9,8.5,Ajay Mitchell 9+ RA,1,
fd441a01c2726c892c6348e014667fedee727e76,20260519_163344,2026-05-19T16:33:44-03:00,2026-05-19T19:33:44+00:00,betano,basketball,NBA,props_nba_20260519_163344.csv,Oklahoma City Thunder San Antonio Spurs,oklahoma city thunder san antonio spurs,Ajay Mitchell,ajay mitchell,RA (hitos),10+,0.0,5.8,player_ra_hito,RA,over,10,9.5,Ajay Mitchell 10+ RA,1,
370a2d5651e1db1af6ac49c701c27d68ba186e57,20260519_163344,2026-05-19T16:33:44-03:00,2026-05-19T19:33:44+00:00,betano,basketball,NBA,props_nba_20260519_163344.csv,Oklahoma City Thunder San Antonio Spurs,oklahoma city thunder san antonio spurs,Ajay Mitchell,ajay mitchell,RA (hitos),11+,0.0,8.5,player_ra_hito,RA,over,11,10.5,Ajay Mitchell 11+ RA,1,
06b50a0f1753fd8fbc59955598edcaf6dd06723d,20260519_163344,2026-05-19T16:33:44-03:00,2026-05-19T19:33:44+00:00,betano,basketball,NBA,props_nba_20260519_163344.csv,Oklahoma City Thunder San Antonio Spurs,oklahoma city thunder san antonio spurs,Ajay Mitchell,ajay mitchell,RA (hitos),12+,0.0,12,player_ra_hito,RA,over,12,11.5,Ajay Mitchell 12+ RA,1,
e596a7f390c00652c7cd91de11d9e5fef384bfb8,20260519_163344,2026-05-19T16:33:44-03:00,2026-05-19T19:33:44+00:00,betano,basketball,NBA,props_nba_20260519_163344.csv,Oklahoma City Thunder San Antonio Spurs,oklahoma city thunder san antonio spurs,Ajay Mitchell,ajay mitchell,RA (hitos),13+,0.0,15.5,player_ra_hito,RA,over,13,12.5,Ajay Mitchell 13+ RA,1,
73aa40632d26de202e1a32f4c66688394f7abe41,20260519_163344,2026-05-19T16:33:44-03:00,2026-05-19T19:33:44+00:00,betano,basketball,NBA,props_nba_20260519_163344.csv,Oklahoma City Thunder San Antonio Spurs,oklahoma city thunder san antonio spurs,Devin Vassell,devin vassell,RA (hitos),6+,0.0,1.44,player_ra_hito,RA,over,6,5.5,Devin Vassell 6+ RA,1,
f1e994d953d7533cb38716813527861ed2e18aa5,20260519_163344,2026-05-19T16:33:44-03:00,2026-05-19T19:33:44+00:00,betano,basketball,NBA,props_nba_20260519_163344.csv,Oklahoma City Thunder San Antonio Spurs,oklahoma city thunder san antonio spurs,Devin Vassell,devin vassell,RA (hitos),7+,0.0,1.87,player_ra_hito,RA,over,7,6.5,Devin Vassell 7+ RA,1,
6689d75ee2e9d3174bb43741a43375dfa8797197,20260519_163344,2026-05-19T16:33:44-03:00,2026-05-19T19:33:44+00:00,betano,basketball,NBA,props_nba_20260519_163344.csv,Oklahoma City Thunder San Antonio Spurs,oklahoma city thunder san antonio spurs,Devin Vassell,devin vassell,RA (hitos),8+,0.0,2.57,player_ra_hito,RA,over,8,7.5,Devin Vassell 8+ RA,1,
38520fba7e3222ccfa1dc550ee26372ec35b20a9,20260519_163344,2026-05-19T16:33:44-03:00,2026-05-19T19:33:44+00:00,betano,basketball,NBA,props_nba_20260519_163344.csv,Oklahoma City Thunder San Antonio Spurs,oklahoma city thunder san antonio spurs,Devin Vassell,devin vassell,RA (hitos),9+,0.0,3.8,player_ra_hito,RA,over,9,8.5,Devin Vassell 9+ RA,1,
138ef097e39ddb90f7652a16d9891df8cea5d8b8,20260519_163344,2026-05-19T16:33:44-03:00,2026-05-19T19:33:44+00:00,betano,basketball,NBA,props_nba_20260519_163344.csv,Oklahoma City Thunder San Antonio Spurs,oklahoma city thunder san antonio spurs,Devin Vassell,devin vassell,RA (hitos),10+,0.0,5.9,player_ra_hito,RA,over,10,9.5,Devin Vassell 10+ RA,1,
240b45f547eb8bf3267d1470e838272638f5d195,20260519_163344,2026-05-19T16:33:44-03:00,2026-05-19T19:33:44+00:00,betano,basketball,NBA,props_nba_20260519_163344.csv,Oklahoma City Thunder San Antonio Spurs,oklahoma city thunder san antonio spurs,Devin Vassell,devin vassell,RA (hitos),11+,0.0,8.75,player_ra_hito,RA,over,11,10.5,Devin Vassell 11+ RA,1,
6973d88e90cf51fedd7e6b9218f01a6d06887960,20260519_163344,2026-05-19T16:33:44-03:00,2026-05-19T19:33:44+00:00,betano,basketball,NBA,props_nba_20260519_163344.csv,Oklahoma City Thunder San Antonio Spurs,oklahoma city thunder san antonio spurs,Devin Vassell,devin vassell,RA (hitos),12+,0.0,12,player_ra_hito,RA,over,12,11.5,Devin Vassell 12+ RA,1,
184d5b5afa72af0d1eea91e83bbf5db3c4ef70ad,20260519_163344,2026-05-19T16:33:44-03:00,2026-05-19T19:33:44+00:00,betano,basketball,NBA,props_nba_20260519_163344.csv,Oklahoma City Thunder San Antonio Spurs,oklahoma city thunder san antonio spurs,Devin Vassell,devin vassell,RA (hitos),13+,0.0,15.5,player_ra_hito,RA,over,13,12.5,Devin Vassell 13+ RA,1,
f2cc9183779a1c016fd948fb0e524bd4c423f8eb,20260519_163344,2026-05-19T16:33:44-03:00,2026-05-19T19:33:44+00:00,betano,basketball,NBA,props_nba_20260519_163344.csv,Oklahoma City Thunder San Antonio Spurs,oklahoma city thunder san antonio spurs,Julian Champagnie,julian champagnie,RA (hitos),6+,0.0,1.5,player_ra_hito,RA,over,6,5.5,Julian Champagnie 6+ RA,1,
e756ad0e3111d3b6446a44c47fa2ccca8d8f3a1c,20260519_163344,2026-05-19T16:33:44-03:00,2026-05-19T19:33:44+00:00,betano,basketball,NBA,props_nba_20260519_163344.csv,Oklahoma City Thunder San Antonio Spurs,oklahoma city thunder san antonio spurs,Julian Champagnie,julian champagnie,RA (hitos),7+,0.0,1.98,player_ra_hito,RA,over,7,6.5,Julian Champagnie 7+ RA,1,
a8d00145fa077df3872a60818ba4a25f0657e123,20260519_163344,2026-05-19T16:33:44-03:00,2026-05-19T19:33:44+00:00,betano,basketball,NBA,props_nba_20260519_163344.csv,Oklahoma City Thunder San Antonio Spurs,oklahoma city thunder san antonio spurs,Julian Champagnie,julian champagnie,RA (hitos),8+,0.0,2.77,player_ra_hito,RA,over,8,7.5,Julian Champagnie 8+ RA,1,
0c1897df92f77408629259a06f15c65b4fcd5cc2,20260519_163344,2026-05-19T16:33:44-03:00,2026-05-19T19:33:44+00:00,betano,basketball,NBA,props_nba_20260519_163344.csv,Oklahoma City Thunder San Antonio Spurs,oklahoma city thunder san antonio spurs,Julian Champagnie,julian champagnie,RA (hitos),9+,0.0,4.1,player_ra_hito,RA,over,9,8.5,Julian Champagnie 9+ RA,1,
19db0dd0c975affbbc81a676bdca3a16d38e7f51,20260519_163344,2026-05-19T16:33:44-03:00,2026-05-19T19:33:44+00:00,betano,basketball,NBA,props_nba_20260519_163344.csv,Oklahoma City Thunder San Antonio Spurs,oklahoma city thunder san antonio spurs,Julian Champagnie,julian champagnie,RA (hitos),10+,0.0,6.3,player_ra_hito,RA,over,10,9.5,Julian Champagnie 10+ RA,1,
9b2bacb107928f60d093f201b108548c10af7ed3,20260519_163344,2026-05-19T16:33:44-03:00,2026-05-19T19:33:44+00:00,betano,basketball,NBA,props_nba_20260519_163344.csv,Oklahoma City Thunder San Antonio Spurs,oklahoma city thunder san antonio spurs,Julian Champagnie,julian champagnie,RA (hitos),11+,0.0,9.25,player_ra_hito,RA,over,11,10.5,Julian Champagnie 11+ RA,1,
9c950e524beaf879b4bc0f5a48848d1d0e1938c5,20260519_163344,2026-05-19T16:33:44-03:00,2026-05-19T19:33:44+00:00,betano,basketball,NBA,props_nba_20260519_163344.csv,Oklahoma City Thunder San Antonio Spurs,oklahoma city thunder san antonio spurs,Julian Champagnie,julian champagnie,RA (hitos),12+,0.0,13,player_ra_hito,RA,over,12,11.5,Julian Champagnie 12+ RA,1,
027a90a4af45c5c7720b59e58f81b353cc6b440c,20260519_163344,2026-05-19T16:33:44-03:00,2026-05-19T19:33:44+00:00,betano,basketball,NBA,props_nba_20260519_163344.csv,Oklahoma City Thunder San Antonio Spurs,oklahoma city thunder san antonio spurs,Julian Champagnie,julian champagnie,RA (hitos),13+,0.0,16,player_ra_hito,RA,over,13,12.5,Julian Champagnie 13+ RA,1,
818b8d0f79c0c1ffbe0b46c43cf519665baa0b31,20260519_163344,2026-05-19T16:33:44-03:00,2026-05-19T19:33:44+00:00,betano,basketball,NBA,props_nba_20260519_163344.csv,Oklahoma City Thunder San Antonio Spurs,oklahoma city thunder san antonio spurs,Alex Caruso,alex caruso,RA (hitos),4+,0.0,1.23,player_ra_hito,RA,over,4,3.5,Alex Caruso 4+ RA,1,
41a3f914c7c358d468ecd8c6501589d9210bc29f,20260519_163344,2026-05-19T16:33:44-03:00,2026-05-19T19:33:44+00:00,betano,basketball,NBA,props_nba_20260519_163344.csv,Oklahoma City Thunder San Antonio Spurs,oklahoma city thunder san antonio spurs,Alex Caruso,alex caruso,RA (hitos),5+,0.0,1.55,player_ra_hito,RA,over,5,4.5,Alex Caruso 5+ RA,1,
15c1a41603a9cb6b0504bdc5cccc0e3ca0c34b23,20260519_163344,2026-05-19T16:33:44-03:00,2026-05-19T19:33:44+00:00,betano,basketball,NBA,props_nba_20260519_163344.csv,Oklahoma City Thunder San Antonio Spurs,oklahoma city thunder san antonio spurs,Alex Caruso,alex caruso,RA (hitos),6+,0.0,2.15,player_ra_hito,RA,over,6,5.5,Alex Caruso 6+ RA,1,
bc55c78247da6893ec54dde5cfcd3f36eaff304f,20260519_163344,2026-05-19T16:33:44-03:00,2026-05-19T19:33:44+00:00,betano,basketball,NBA,props_nba_20260519_163344.csv,Oklahoma City Thunder San Antonio Spurs,oklahoma city thunder san antonio spurs,Alex Caruso,alex caruso,RA (hitos),7+,0.0,3.2,player_ra_hito,RA,over,7,6.5,Alex Caruso 7+ RA,1,
bac4d7e9ff8ed08e115365b3ea87654f30090861,20260519_163344,2026-05-19T16:33:44-03:00,2026-05-19T19:33:44+00:00,betano,basketball,NBA,props_nba_20260519_163344.csv,Oklahoma City Thunder San Antonio Spurs,oklahoma city thunder san antonio spurs,Alex Caruso,alex caruso,RA (hitos),8+,0.0,5.1,player_ra_hito,RA,over,8,7.5,Alex Caruso 8+ RA,1,
00c94bafd81643a3c5e6c6e3cecde6176193ccfe,20260519_163344,2026-05-19T16:33:44-03:00,2026-05-19T19:33:44+00:00,betano,basketball,NBA,props_nba_20260519_163344.csv,Oklahoma City Thunder San Antonio Spurs,oklahoma city thunder san antonio spurs,Alex Caruso,alex caruso,RA (hitos),9+,0.0,7.9,player_ra_hito,RA,over,9,8.5,Alex Caruso 9+ RA,1,
b5a67deb1ea0f8fb1f05f631cd149e211a8d41b1,20260519_163344,2026-05-19T16:33:44-03:00,2026-05-19T19:33:44+00:00,betano,basketball,NBA,props_nba_20260519_163344.csv,Oklahoma City Thunder San Antonio Spurs,oklahoma city thunder san antonio spurs,Cason Wallace,cason wallace,RA (hitos),4+,0.0,1.53,player_ra_hito,RA,over,4,3.5,Cason Wallace 4+ RA,1,
dcd405009c569b3a1182c693b1510c11125166f7,20260519_163344,2026-05-19T16:33:44-03:00,2026-05-19T19:33:44+00:00,betano,basketball,NBA,props_nba_20260519_163344.csv,Oklahoma City Thunder San Antonio Spurs,oklahoma city thunder san antonio spurs,Cason Wallace,cason wallace,RA (hitos),5+,0.0,2.2,player_ra_hito,RA,over,5,4.5,Cason Wallace 5+ RA,1,
5eced11701a984889d3026d13a72cee9912659d3,20260519_163344,2026-05-19T16:33:44-03:00,2026-05-19T19:33:44+00:00,betano,basketball,NBA,props_nba_20260519_163344.csv,Oklahoma City Thunder San Antonio Spurs,oklahoma city thunder san antonio spurs,Cason Wallace,cason wallace,RA (hitos),6+,0.0,3.45,player_ra_hito,RA,over,6,5.5,Cason Wallace 6+ RA,1,
3ec2618cc4ae30e15c74ac2f4bb1dc571134ac38,20260519_163344,2026-05-19T16:33:44-03:00,2026-05-19T19:33:44+00:00,betano,basketball,NBA,props_nba_20260519_163344.csv,Oklahoma City Thunder San Antonio Spurs,oklahoma city thunder san antonio spurs,Cason Wallace,cason wallace,RA (hitos),7+,0.0,5.7,player_ra_hito,RA,over,7,6.5,Cason Wallace 7+ RA,1,
303149a247f27d2ee0d2d2bd21b0fb81093eee0f,20260519_163344,2026-05-19T16:33:44-03:00,2026-05-19T19:33:44+00:00,betano,basketball,NBA,props_nba_20260519_163344.csv,Oklahoma City Thunder San Antonio Spurs,oklahoma city thunder san antonio spurs,Cason Wallace,cason wallace,RA (hitos),8+,0.0,9.25,player_ra_hito,RA,over,8,7.5,Cason Wallace 8+ RA,1,
fca3022b9beca860bbb93f7baf7419c1aad82857,20260519_163344,2026-05-19T16:33:44-03:00,2026-05-19T19:33:44+00:00,betano,basketball,NBA,props_nba_20260519_163344.csv,Oklahoma City Thunder San Antonio Spurs,oklahoma city thunder san antonio spurs,Cason Wallace,cason wallace,RA (hitos),9+,0.0,13.5,player_ra_hito,RA,over,9,8.5,Cason Wallace 9+ RA,1,
97cbe92cb74946588e28f968342421e7aa668ffc,20260519_163344,2026-05-19T16:33:44-03:00,2026-05-19T19:33:44+00:00,betano,basketball,NBA,props_nba_20260519_163344.csv,Oklahoma City Thunder San Antonio Spurs,oklahoma city thunder san antonio spurs,Jaylin Williams,jaylin williams,RA (hitos),3+,0.0,1.44,player_ra_hito,RA,over,3,2.5,Jaylin Williams 3+ RA,1,
a84f91498f037f57b7819ea8b2fabd0911acab12,20260519_163344,2026-05-19T16:33:44-03:00,2026-05-19T19:33:44+00:00,betano,basketball,NBA,props_nba_20260519_163344.csv,Oklahoma City Thunder San Antonio Spurs,oklahoma city thunder san antonio spurs,Jaylin Williams,jaylin williams,RA (hitos),4+,0.0,2.1,player_ra_hito,RA,over,4,3.5,Jaylin Williams 4+ RA,1,
1a5aefd1e01fd3a3998001c31ae6d83d21130348,20260519_163344,2026-05-19T16:33:44-03:00,2026-05-19T19:33:44+00:00,betano,basketball,NBA,props_nba_20260519_163344.csv,Oklahoma City Thunder San Antonio Spurs,oklahoma city thunder san antonio spurs,Jaylin Williams,jaylin williams,RA (hitos),5+,0.0,3.45,player_ra_hito,RA,over,5,4.5,Jaylin Williams 5+ RA,1,
cb5c080571774eed2f600c73f553b4b414bf5aea,20260519_163344,2026-05-19T16:33:44-03:00,2026-05-19T19:33:44+00:00,betano,basketball,NBA,props_nba_20260519_163344.csv,Oklahoma City Thunder San Antonio Spurs,oklahoma city thunder san antonio spurs,Jaylin Williams,jaylin williams,RA (hitos),6+,0.0,6.1,player_ra_hito,RA,over,6,5.5,Jaylin Williams 6+ RA,1,
1ffb863ba44eb4946f2366a2f2b432c8a4a704eb,20260519_163344,2026-05-19T16:33:44-03:00,2026-05-19T19:33:44+00:00,betano,basketball,NBA,props_nba_20260519_163344.csv,Oklahoma City Thunder San Antonio Spurs,oklahoma city thunder san antonio spurs,Jaylin Williams,jaylin williams,RA (hitos),7+,0.0,10.25,player_ra_hito,RA,over,7,6.5,Jaylin Williams 7+ RA,1,
e3c51cce6e15c73ebe38d680d968d395dc7148a9,20260519_163344,2026-05-19T16:33:44-03:00,2026-05-19T19:33:44+00:00,betano,basketball,NBA,props_nba_20260519_163344.csv,Oklahoma City Thunder San Antonio Spurs,oklahoma city thunder san antonio spurs,Jaylin Williams,jaylin williams,RA (hitos),8+,0.0,15,player_ra_hito,RA,over,8,7.5,Jaylin Williams 8+ RA,1,
e92e408facd7360a1609439fd5949729e70200e6,20260519_163344,2026-05-19T16:33:44-03:00,2026-05-19T19:33:44+00:00,betano,basketball,NBA,props_nba_20260519_163344.csv,Oklahoma City Thunder San Antonio Spurs,oklahoma city thunder san antonio spurs,Luguentz Dort,luguentz dort,RA (hitos),3+,0.0,1.47,player_ra_hito,RA,over,3,2.5,Luguentz Dort 3+ RA,1,
f97b571e0276ed9a6b59e00b1cf24ef80bb1b689,20260519_163344,2026-05-19T16:33:44-03:00,2026-05-19T19:33:44+00:00,betano,basketball,NBA,props_nba_20260519_163344.csv,Oklahoma City Thunder San Antonio Spurs,oklahoma city thunder san antonio spurs,Luguentz Dort,luguentz dort,RA (hitos),4+,0.0,2.15,player_ra_hito,RA,over,4,3.5,Luguentz Dort 4+ RA,1,
297cd3b6b433ef90f068c707c8193e91caf6cc7d,20260519_163344,2026-05-19T16:33:44-03:00,2026-05-19T19:33:44+00:00,betano,basketball,NBA,props_nba_20260519_163344.csv,Oklahoma City Thunder San Antonio Spurs,oklahoma city thunder san antonio spurs,Luguentz Dort,luguentz dort,RA (hitos),5+,0.0,3.6,player_ra_hito,RA,over,5,4.5,Luguentz Dort 5+ RA,1,
d5f4f9e92da242f5d2a46f14500c43c893fae321,20260519_163344,2026-05-19T16:33:44-03:00,2026-05-19T19:33:44+00:00,betano,basketball,NBA,props_nba_20260519_163344.csv,Oklahoma City Thunder San Antonio Spurs,oklahoma city thunder san antonio spurs,Luguentz Dort,luguentz dort,RA (hitos),6+,0.0,6.3,player_ra_hito,RA,over,6,5.5,Luguentz Dort 6+ RA,1,
94208c50d53bbfbc4d940f2f69f2356cb3cd4bdc,20260519_163344,2026-05-19T16:33:44-03:00,2026-05-19T19:33:44+00:00,betano,basketball,NBA,props_nba_20260519_163344.csv,Oklahoma City Thunder San Antonio Spurs,oklahoma city thunder san antonio spurs,Luguentz Dort,luguentz dort,RA (hitos),7+,0.0,10.5,player_ra_hito,RA,over,7,6.5,Luguentz Dort 7+ RA,1,
e4ae3fc78a5babb3f31ff559b1a9981931a46eb8,20260519_163344,2026-05-19T16:33:44-03:00,2026-05-19T19:33:44+00:00,betano,basketball,NBA,props_nba_20260519_163344.csv,Oklahoma City Thunder San Antonio Spurs,oklahoma city thunder san antonio spurs,Luguentz Dort,luguentz dort,RA (hitos),8+,0.0,15,player_ra_hito,RA,over,8,7.5,Luguentz Dort 8+ RA,1,
