row_uid,snapshot_id,scraped_at_source,scraped_at_utc,book,sport,league,source_file,partido,game_norm,jugador,player_norm,mercado_raw,linea_raw,handicap_raw,odds_decimal,market_key,stat_key,side,threshold,model_line,event_text,valid,error
401f3d82983fedf4f1f090083419890b7242b409,20260514_094005,2026-05-14T09:40:05-03:00,2026-05-14T12:40:05+00:00,betano,basketball,NBA,props_nba_20260514_094005.csv,Cleveland Cavaliers Detroit Pistons,cleveland cavaliers detroit pistons,Donovan Mitchell,donovan mitchell,Puntos (hitos),25+,0.0,1.5,player_points_hito,PTS,over,25,24.5,Donovan Mitchell 25+ PTS,1,
a09dda97eabe20a0d56ec42a0d19bd99b01a171c,20260514_094005,2026-05-14T09:40:05-03:00,2026-05-14T12:40:05+00:00,betano,basketball,NBA,props_nba_20260514_094005.csv,Cleveland Cavaliers Detroit Pistons,cleveland cavaliers detroit pistons,Donovan Mitchell,donovan mitchell,Puntos (hitos),26+,0.0,1.62,player_points_hito,PTS,over,26,25.5,Donovan Mitchell 26+ PTS,1,
2a04bf31a55fe41fde007acfcb5f24679d465bba,20260514_094005,2026-05-14T09:40:05-03:00,2026-05-14T12:40:05+00:00,betano,basketball,NBA,props_nba_20260514_094005.csv,Cleveland Cavaliers Detroit Pistons,cleveland cavaliers detroit pistons,Donovan Mitchell,donovan mitchell,Puntos (hitos),27+,0.0,1.78,player_points_hito,PTS,over,27,26.5,Donovan Mitchell 27+ PTS,1,
5e24f3f0af3532bfe2c34c36f0404543bfa84aca,20260514_094005,2026-05-14T09:40:05-03:00,2026-05-14T12:40:05+00:00,betano,basketball,NBA,props_nba_20260514_094005.csv,Cleveland Cavaliers Detroit Pistons,cleveland cavaliers detroit pistons,Donovan Mitchell,donovan mitchell,Puntos (hitos),28+,0.0,1.98,player_points_hito,PTS,over,28,27.5,Donovan Mitchell 28+ PTS,1,
b1e102b852f8d482bd8c1dd1b86c8160f0fa2a3a,20260514_094005,2026-05-14T09:40:05-03:00,2026-05-14T12:40:05+00:00,betano,basketball,NBA,props_nba_20260514_094005.csv,Cleveland Cavaliers Detroit Pistons,cleveland cavaliers detroit pistons,Donovan Mitchell,donovan mitchell,Puntos (hitos),29+,0.0,2.2,player_points_hito,PTS,over,29,28.5,Donovan Mitchell 29+ PTS,1,
8d1ce2ae1c43eba9087e2a324890664f8bc4d131,20260514_094005,2026-05-14T09:40:05-03:00,2026-05-14T12:40:05+00:00,betano,basketball,NBA,props_nba_20260514_094005.csv,Cleveland Cavaliers Detroit Pistons,cleveland cavaliers detroit pistons,Donovan Mitchell,donovan mitchell,Puntos (hitos),30+,0.0,2.45,player_points_hito,PTS,over,30,29.5,Donovan Mitchell 30+ PTS,1,
83026c37626292773cd5840cb0709fe02981f42a,20260514_094005,2026-05-14T09:40:05-03:00,2026-05-14T12:40:05+00:00,betano,basketball,NBA,props_nba_20260514_094005.csv,Cleveland Cavaliers Detroit Pistons,cleveland cavaliers detroit pistons,Donovan Mitchell,donovan mitchell,Puntos (hitos),31+,0.0,2.77,player_points_hito,PTS,over,31,30.5,Donovan Mitchell 31+ PTS,1,
03519851368d88588f05fa99766015ccbfbf2b93,20260514_094005,2026-05-14T09:40:05-03:00,2026-05-14T12:40:05+00:00,betano,basketball,NBA,props_nba_20260514_094005.csv,Cleveland Cavaliers Detroit Pistons,cleveland cavaliers detroit pistons,Donovan Mitchell,donovan mitchell,Puntos (hitos),32+,0.0,3.15,player_points_hito,PTS,over,32,31.5,Donovan Mitchell 32+ PTS,1,
d40f9301591981d31cc591a8d0252eb4b9b89dec,20260514_094005,2026-05-14T09:40:05-03:00,2026-05-14T12:40:05+00:00,betano,basketball,NBA,props_nba_20260514_094005.csv,Cleveland Cavaliers Detroit Pistons,cleveland cavaliers detroit pistons,Donovan Mitchell,donovan mitchell,Puntos (hitos),33+,0.0,3.6,player_points_hito,PTS,over,33,32.5,Donovan Mitchell 33+ PTS,1,
a16e7ab1ffa7949a5626ce9d3fa69db677f3b408,20260514_094005,2026-05-14T09:40:05-03:00,2026-05-14T12:40:05+00:00,betano,basketball,NBA,props_nba_20260514_094005.csv,Cleveland Cavaliers Detroit Pistons,cleveland cavaliers detroit pistons,Cade Cunningham,cade cunningham,Puntos (hitos),25+,0.0,1.55,player_points_hito,PTS,over,25,24.5,Cade Cunningham 25+ PTS,1,
bcfdc06bf3989d0204232a09a91d29cc166ddb17,20260514_094005,2026-05-14T09:40:05-03:00,2026-05-14T12:40:05+00:00,betano,basketball,NBA,props_nba_20260514_094005.csv,Cleveland Cavaliers Detroit Pistons,cleveland cavaliers detroit pistons,Cade Cunningham,cade cunningham,Puntos (hitos),26+,0.0,1.7,player_points_hito,PTS,over,26,25.5,Cade Cunningham 26+ PTS,1,
edd7d3ec1762e0c7de8f3f60f8f5c68cd4691dad,20260514_094005,2026-05-14T09:40:05-03:00,2026-05-14T12:40:05+00:00,betano,basketball,NBA,props_nba_20260514_094005.csv,Cleveland Cavaliers Detroit Pistons,cleveland cavaliers detroit pistons,Cade Cunningham,cade cunningham,Puntos (hitos),27+,0.0,1.87,player_points_hito,PTS,over,27,26.5,Cade Cunningham 27+ PTS,1,
edaea58a51912596b903ebe11279bfb37b96f3e8,20260514_094005,2026-05-14T09:40:05-03:00,2026-05-14T12:40:05+00:00,betano,basketball,NBA,props_nba_20260514_094005.csv,Cleveland Cavaliers Detroit Pistons,cleveland cavaliers detroit pistons,Cade Cunningham,cade cunningham,Puntos (hitos),28+,0.0,2.1,player_points_hito,PTS,over,28,27.5,Cade Cunningham 28+ PTS,1,
12b1eea2d7d698223333fd6f40244792d8ee24db,20260514_094005,2026-05-14T09:40:05-03:00,2026-05-14T12:40:05+00:00,betano,basketball,NBA,props_nba_20260514_094005.csv,Cleveland Cavaliers Detroit Pistons,cleveland cavaliers detroit pistons,Cade Cunningham,cade cunningham,Puntos (hitos),29+,0.0,2.35,player_points_hito,PTS,over,29,28.5,Cade Cunningham 29+ PTS,1,
8fb845ed2beb7f113d02831b6f4bab77af682a51,20260514_094005,2026-05-14T09:40:05-03:00,2026-05-14T12:40:05+00:00,betano,basketball,NBA,props_nba_20260514_094005.csv,Cleveland Cavaliers Detroit Pistons,cleveland cavaliers detroit pistons,Cade Cunningham,cade cunningham,Puntos (hitos),30+,0.0,2.67,player_points_hito,PTS,over,30,29.5,Cade Cunningham 30+ PTS,1,
3bc0462f70035a6fdcabccb0433c293170d3024f,20260514_094005,2026-05-14T09:40:05-03:00,2026-05-14T12:40:05+00:00,betano,basketball,NBA,props_nba_20260514_094005.csv,Cleveland Cavaliers Detroit Pistons,cleveland cavaliers detroit pistons,Cade Cunningham,cade cunningham,Puntos (hitos),31+,0.0,3.05,player_points_hito,PTS,over,31,30.5,Cade Cunningham 31+ PTS,1,
7a232aa1bb2964f1e71a508e7371b7cacce62332,20260514_094005,2026-05-14T09:40:05-03:00,2026-05-14T12:40:05+00:00,betano,basketball,NBA,props_nba_20260514_094005.csv,Cleveland Cavaliers Detroit Pistons,cleveland cavaliers detroit pistons,Cade Cunningham,cade cunningham,Puntos (hitos),32+,0.0,3.55,player_points_hito,PTS,over,32,31.5,Cade Cunningham 32+ PTS,1,
e09458825e8be93eb8b7e1c5a2c95008c0c3a3a2,20260514_094005,2026-05-14T09:40:05-03:00,2026-05-14T12:40:05+00:00,betano,basketball,NBA,props_nba_20260514_094005.csv,Cleveland Cavaliers Detroit Pistons,cleveland cavaliers detroit pistons,Cade Cunningham,cade cunningham,Puntos (hitos),33+,0.0,4.05,player_points_hito,PTS,over,33,32.5,Cade Cunningham 33+ PTS,1,
088a4d4f81c0ca2f0ba1ae90b4c2517987792313,20260514_094005,2026-05-14T09:40:05-03:00,2026-05-14T12:40:05+00:00,betano,basketball,NBA,props_nba_20260514_094005.csv,Cleveland Cavaliers Detroit Pistons,cleveland cavaliers detroit pistons,James Harden,james harden,Puntos (hitos),17+,0.0,1.42,player_points_hito,PTS,over,17,16.5,James Harden 17+ PTS,1,
756d571dd85ea2d8b99aad67163c26a437f09351,20260514_094005,2026-05-14T09:40:05-03:00,2026-05-14T12:40:05+00:00,betano,basketball,NBA,props_nba_20260514_094005.csv,Cleveland Cavaliers Detroit Pistons,cleveland cavaliers detroit pistons,James Harden,james harden,Puntos (hitos),18+,0.0,1.57,player_points_hito,PTS,over,18,17.5,James Harden 18+ PTS,1,
d0fd26eef803c1912fd8aa685780fdc061205e9c,20260514_094005,2026-05-14T09:40:05-03:00,2026-05-14T12:40:05+00:00,betano,basketball,NBA,props_nba_20260514_094005.csv,Cleveland Cavaliers Detroit Pistons,cleveland cavaliers detroit pistons,James Harden,james harden,Puntos (hitos),19+,0.0,1.75,player_points_hito,PTS,over,19,18.5,James Harden 19+ PTS,1,
f374ad83eefa9b0eef94419f2965bae33c0c4f26,20260514_094005,2026-05-14T09:40:05-03:00,2026-05-14T12:40:05+00:00,betano,basketball,NBA,props_nba_20260514_094005.csv,Cleveland Cavaliers Detroit Pistons,cleveland cavaliers detroit pistons,James Harden,james harden,Puntos (hitos),20+,0.0,1.93,player_points_hito,PTS,over,20,19.5,James Harden 20+ PTS,1,
48c6263833c04a385843eea8a16df0630d2b5165,20260514_094005,2026-05-14T09:40:05-03:00,2026-05-14T12:40:05+00:00,betano,basketball,NBA,props_nba_20260514_094005.csv,Cleveland Cavaliers Detroit Pistons,cleveland cavaliers detroit pistons,James Harden,james harden,Puntos (hitos),21+,0.0,2.18,player_points_hito,PTS,over,21,20.5,James Harden 21+ PTS,1,
8ccc0073e167e5b8c4188732f02ba727bd534977,20260514_094005,2026-05-14T09:40:05-03:00,2026-05-14T12:40:05+00:00,betano,basketball,NBA,props_nba_20260514_094005.csv,Cleveland Cavaliers Detroit Pistons,cleveland cavaliers detroit pistons,James Harden,james harden,Puntos (hitos),22+,0.0,2.5,player_points_hito,PTS,over,22,21.5,James Harden 22+ PTS,1,
4dfed010a7d17c234ef022330670ed040de62f27,20260514_094005,2026-05-14T09:40:05-03:00,2026-05-14T12:40:05+00:00,betano,basketball,NBA,props_nba_20260514_094005.csv,Cleveland Cavaliers Detroit Pistons,cleveland cavaliers detroit pistons,James Harden,james harden,Puntos (hitos),23+,0.0,2.87,player_points_hito,PTS,over,23,22.5,James Harden 23+ PTS,1,
30e1cd0554ebfc5805998ef39fdfa9f048626f96,20260514_094005,2026-05-14T09:40:05-03:00,2026-05-14T12:40:05+00:00,betano,basketball,NBA,props_nba_20260514_094005.csv,Cleveland Cavaliers Detroit Pistons,cleveland cavaliers detroit pistons,James Harden,james harden,Puntos (hitos),24+,0.0,3.35,player_points_hito,PTS,over,24,23.5,James Harden 24+ PTS,1,
40b52c2190dc509d9ce605b1480be35a007e43e3,20260514_094005,2026-05-14T09:40:05-03:00,2026-05-14T12:40:05+00:00,betano,basketball,NBA,props_nba_20260514_094005.csv,Cleveland Cavaliers Detroit Pistons,cleveland cavaliers detroit pistons,James Harden,james harden,Puntos (hitos),25+,0.0,3.95,player_points_hito,PTS,over,25,24.5,James Harden 25+ PTS,1,
83fdc4b6800521ecaed4a959b8a6c40255d2d94e,20260514_094005,2026-05-14T09:40:05-03:00,2026-05-14T12:40:05+00:00,betano,basketball,NBA,props_nba_20260514_094005.csv,Cleveland Cavaliers Detroit Pistons,cleveland cavaliers detroit pistons,Tobias Harris,tobias harris,Puntos (hitos),17+,0.0,1.53,player_points_hito,PTS,over,17,16.5,Tobias Harris 17+ PTS,1,
ca6a4608b1e0e6add835e0d33e1293cda6992f43,20260514_094005,2026-05-14T09:40:05-03:00,2026-05-14T12:40:05+00:00,betano,basketball,NBA,props_nba_20260514_094005.csv,Cleveland Cavaliers Detroit Pistons,cleveland cavaliers detroit pistons,Tobias Harris,tobias harris,Puntos (hitos),19+,0.0,1.91,player_points_hito,PTS,over,19,18.5,Tobias Harris 19+ PTS,1,
ab50c5456dffb8dc1b24baf54562adc8b4426a60,20260514_094005,2026-05-14T09:40:05-03:00,2026-05-14T12:40:05+00:00,betano,basketball,NBA,props_nba_20260514_094005.csv,Cleveland Cavaliers Detroit Pistons,cleveland cavaliers detroit pistons,Tobias Harris,tobias harris,Puntos (hitos),21+,0.0,2.5,player_points_hito,PTS,over,21,20.5,Tobias Harris 21+ PTS,1,
09a577f7f817690d885405182707a0a478af41d2,20260514_094005,2026-05-14T09:40:05-03:00,2026-05-14T12:40:05+00:00,betano,basketball,NBA,props_nba_20260514_094005.csv,Cleveland Cavaliers Detroit Pistons,cleveland cavaliers detroit pistons,Tobias Harris,tobias harris,Puntos (hitos),23+,0.0,3.4,player_points_hito,PTS,over,23,22.5,Tobias Harris 23+ PTS,1,
4b94fb926e2a6972e7aee79972e613c2d9074eb2,20260514_094005,2026-05-14T09:40:05-03:00,2026-05-14T12:40:05+00:00,betano,basketball,NBA,props_nba_20260514_094005.csv,Cleveland Cavaliers Detroit Pistons,cleveland cavaliers detroit pistons,Tobias Harris,tobias harris,Puntos (hitos),25+,0.0,4.75,player_points_hito,PTS,over,25,24.5,Tobias Harris 25+ PTS,1,
545e345ea59f023313865aed6ff08c9c26ea5d29,20260514_094005,2026-05-14T09:40:05-03:00,2026-05-14T12:40:05+00:00,betano,basketball,NBA,props_nba_20260514_094005.csv,Cleveland Cavaliers Detroit Pistons,cleveland cavaliers detroit pistons,Tobias Harris,tobias harris,Puntos (hitos),27+,0.0,6.8,player_points_hito,PTS,over,27,26.5,Tobias Harris 27+ PTS,1,
18d77ed17332a3ba407c95120c58a7350502d4b4,20260514_094005,2026-05-14T09:40:05-03:00,2026-05-14T12:40:05+00:00,betano,basketball,NBA,props_nba_20260514_094005.csv,Cleveland Cavaliers Detroit Pistons,cleveland cavaliers detroit pistons,Tobias Harris,tobias harris,Puntos (hitos),29+,0.0,9.5,player_points_hito,PTS,over,29,28.5,Tobias Harris 29+ PTS,1,
8c901a5f209350d968e1166771080d3ac78051a4,20260514_094005,2026-05-14T09:40:05-03:00,2026-05-14T12:40:05+00:00,betano,basketball,NBA,props_nba_20260514_094005.csv,Cleveland Cavaliers Detroit Pistons,cleveland cavaliers detroit pistons,Tobias Harris,tobias harris,Puntos (hitos),31+,0.0,12.5,player_points_hito,PTS,over,31,30.5,Tobias Harris 31+ PTS,1,
9a6686f71168b5cc5a093e2d51a52091e801be8a,20260514_094005,2026-05-14T09:40:05-03:00,2026-05-14T12:40:05+00:00,betano,basketball,NBA,props_nba_20260514_094005.csv,Cleveland Cavaliers Detroit Pistons,cleveland cavaliers detroit pistons,Tobias Harris,tobias harris,Puntos (hitos),33+,0.0,15,player_points_hito,PTS,over,33,32.5,Tobias Harris 33+ PTS,1,
210784d0a2f09e3aaf1b22ece1ffd2c9b4645c75,20260514_094005,2026-05-14T09:40:05-03:00,2026-05-14T12:40:05+00:00,betano,basketball,NBA,props_nba_20260514_094005.csv,Cleveland Cavaliers Detroit Pistons,cleveland cavaliers detroit pistons,Evan Mobley,evan mobley,Puntos (hitos),13+,0.0,1.39,player_points_hito,PTS,over,13,12.5,Evan Mobley 13+ PTS,1,
63ceab6d04f6eceaf6461548fbca89b4da06ad67,20260514_094005,2026-05-14T09:40:05-03:00,2026-05-14T12:40:05+00:00,betano,basketball,NBA,props_nba_20260514_094005.csv,Cleveland Cavaliers Detroit Pistons,cleveland cavaliers detroit pistons,Evan Mobley,evan mobley,Puntos (hitos),14+,0.0,1.55,player_points_hito,PTS,over,14,13.5,Evan Mobley 14+ PTS,1,
a07745f5e5454aab057f86e8f4c4a629c338a1ae,20260514_094005,2026-05-14T09:40:05-03:00,2026-05-14T12:40:05+00:00,betano,basketball,NBA,props_nba_20260514_094005.csv,Cleveland Cavaliers Detroit Pistons,cleveland cavaliers detroit pistons,Evan Mobley,evan mobley,Puntos (hitos),15+,0.0,1.75,player_points_hito,PTS,over,15,14.5,Evan Mobley 15+ PTS,1,
bd689f8d43d44d4f8f2ed5d54b38875ef749322c,20260514_094005,2026-05-14T09:40:05-03:00,2026-05-14T12:40:05+00:00,betano,basketball,NBA,props_nba_20260514_094005.csv,Cleveland Cavaliers Detroit Pistons,cleveland cavaliers detroit pistons,Evan Mobley,evan mobley,Puntos (hitos),16+,0.0,1.98,player_points_hito,PTS,over,16,15.5,Evan Mobley 16+ PTS,1,
e7b5e91e4ce590364aa3807598121d07b4662a3a,20260514_094005,2026-05-14T09:40:05-03:00,2026-05-14T12:40:05+00:00,betano,basketball,NBA,props_nba_20260514_094005.csv,Cleveland Cavaliers Detroit Pistons,cleveland cavaliers detroit pistons,Evan Mobley,evan mobley,Puntos (hitos),17+,0.0,2.3,player_points_hito,PTS,over,17,16.5,Evan Mobley 17+ PTS,1,
71397c7db4c093d223430cf3ab79798e28f4d098,20260514_094005,2026-05-14T09:40:05-03:00,2026-05-14T12:40:05+00:00,betano,basketball,NBA,props_nba_20260514_094005.csv,Cleveland Cavaliers Detroit Pistons,cleveland cavaliers detroit pistons,Evan Mobley,evan mobley,Puntos (hitos),18+,0.0,2.7,player_points_hito,PTS,over,18,17.5,Evan Mobley 18+ PTS,1,
c19c1cc259e6b7fc8e06bfd9999f20efddeab81c,20260514_094005,2026-05-14T09:40:05-03:00,2026-05-14T12:40:05+00:00,betano,basketball,NBA,props_nba_20260514_094005.csv,Cleveland Cavaliers Detroit Pistons,cleveland cavaliers detroit pistons,Evan Mobley,evan mobley,Puntos (hitos),19+,0.0,3.2,player_points_hito,PTS,over,19,18.5,Evan Mobley 19+ PTS,1,
5d75b1d9321880b733989b44151e6b6f2b31dbb9,20260514_094005,2026-05-14T09:40:05-03:00,2026-05-14T12:40:05+00:00,betano,basketball,NBA,props_nba_20260514_094005.csv,Cleveland Cavaliers Detroit Pistons,cleveland cavaliers detroit pistons,Evan Mobley,evan mobley,Puntos (hitos),20+,0.0,3.85,player_points_hito,PTS,over,20,19.5,Evan Mobley 20+ PTS,1,
597e6ea24a39261d1d025980a0ac1f99d082fa91,20260514_094005,2026-05-14T09:40:05-03:00,2026-05-14T12:40:05+00:00,betano,basketball,NBA,props_nba_20260514_094005.csv,Cleveland Cavaliers Detroit Pistons,cleveland cavaliers detroit pistons,Evan Mobley,evan mobley,Puntos (hitos),21+,0.0,4.6,player_points_hito,PTS,over,21,20.5,Evan Mobley 21+ PTS,1,
947def50dcee7880e389fc4d573ac50c314de42d,20260514_094005,2026-05-14T09:40:05-03:00,2026-05-14T12:40:05+00:00,betano,basketball,NBA,props_nba_20260514_094005.csv,Cleveland Cavaliers Detroit Pistons,cleveland cavaliers detroit pistons,Jarrett Allen,jarrett allen,Puntos (hitos),11+,0.0,1.47,player_points_hito,PTS,over,11,10.5,Jarrett Allen 11+ PTS,1,
69ed0077238ed4b04aefbb09ab06fc32f6d08c55,20260514_094005,2026-05-14T09:40:05-03:00,2026-05-14T12:40:05+00:00,betano,basketball,NBA,props_nba_20260514_094005.csv,Cleveland Cavaliers Detroit Pistons,cleveland cavaliers detroit pistons,Jarrett Allen,jarrett allen,Puntos (hitos),13+,0.0,1.93,player_points_hito,PTS,over,13,12.5,Jarrett Allen 13+ PTS,1,
055a849ab7f6e7cfeab5ae352f74701ccaaa9c62,20260514_094005,2026-05-14T09:40:05-03:00,2026-05-14T12:40:05+00:00,betano,basketball,NBA,props_nba_20260514_094005.csv,Cleveland Cavaliers Detroit Pistons,cleveland cavaliers detroit pistons,Jarrett Allen,jarrett allen,Puntos (hitos),15+,0.0,2.75,player_points_hito,PTS,over,15,14.5,Jarrett Allen 15+ PTS,1,
cd5383ec575eba33bbaba6bd86856954cfbdacbb,20260514_094005,2026-05-14T09:40:05-03:00,2026-05-14T12:40:05+00:00,betano,basketball,NBA,props_nba_20260514_094005.csv,Cleveland Cavaliers Detroit Pistons,cleveland cavaliers detroit pistons,Jarrett Allen,jarrett allen,Puntos (hitos),17+,0.0,4.1,player_points_hito,PTS,over,17,16.5,Jarrett Allen 17+ PTS,1,
dc2734ec2bf086e86f2d05ded87ff024d450dfd1,20260514_094005,2026-05-14T09:40:05-03:00,2026-05-14T12:40:05+00:00,betano,basketball,NBA,props_nba_20260514_094005.csv,Cleveland Cavaliers Detroit Pistons,cleveland cavaliers detroit pistons,Jarrett Allen,jarrett allen,Puntos (hitos),19+,0.0,6.2,player_points_hito,PTS,over,19,18.5,Jarrett Allen 19+ PTS,1,
1917d387cf40355001ecfbb78fd351e03840f85e,20260514_094005,2026-05-14T09:40:05-03:00,2026-05-14T12:40:05+00:00,betano,basketball,NBA,props_nba_20260514_094005.csv,Cleveland Cavaliers Detroit Pistons,cleveland cavaliers detroit pistons,Jarrett Allen,jarrett allen,Puntos (hitos),21+,0.0,9.25,player_points_hito,PTS,over,21,20.5,Jarrett Allen 21+ PTS,1,
f9799557d732a017c4c7bd0e72e0a2564529d3d0,20260514_094005,2026-05-14T09:40:05-03:00,2026-05-14T12:40:05+00:00,betano,basketball,NBA,props_nba_20260514_094005.csv,Cleveland Cavaliers Detroit Pistons,cleveland cavaliers detroit pistons,Jarrett Allen,jarrett allen,Puntos (hitos),23+,0.0,13,player_points_hito,PTS,over,23,22.5,Jarrett Allen 23+ PTS,1,
4d042cbfb0d03d434afd9047496c715ca3fcfe89,20260514_094005,2026-05-14T09:40:05-03:00,2026-05-14T12:40:05+00:00,betano,basketball,NBA,props_nba_20260514_094005.csv,Cleveland Cavaliers Detroit Pistons,cleveland cavaliers detroit pistons,Jarrett Allen,jarrett allen,Puntos (hitos),25+,0.0,16,player_points_hito,PTS,over,25,24.5,Jarrett Allen 25+ PTS,1,
2fe3dd713b5237f084909b5261868404affbc1ed,20260514_094005,2026-05-14T09:40:05-03:00,2026-05-14T12:40:05+00:00,betano,basketball,NBA,props_nba_20260514_094005.csv,Cleveland Cavaliers Detroit Pistons,cleveland cavaliers detroit pistons,Jarrett Allen,jarrett allen,Puntos (hitos),27+,0.0,18,player_points_hito,PTS,over,27,26.5,Jarrett Allen 27+ PTS,1,
38f93054f74ed45b31a3238f2fec652ad596d437,20260514_094005,2026-05-14T09:40:05-03:00,2026-05-14T12:40:05+00:00,betano,basketball,NBA,props_nba_20260514_094005.csv,Cleveland Cavaliers Detroit Pistons,cleveland cavaliers detroit pistons,Jalen Duren,jalen duren,Puntos (hitos),10+,0.0,1.42,player_points_hito,PTS,over,10,9.5,Jalen Duren 10+ PTS,1,
90ccdf7da3838dafe0ac862a931c3b72ac9bf036,20260514_094005,2026-05-14T09:40:05-03:00,2026-05-14T12:40:05+00:00,betano,basketball,NBA,props_nba_20260514_094005.csv,Cleveland Cavaliers Detroit Pistons,cleveland cavaliers detroit pistons,Jalen Duren,jalen duren,Puntos (hitos),12+,0.0,1.88,player_points_hito,PTS,over,12,11.5,Jalen Duren 12+ PTS,1,
2624b0751113c53204318ec472cddb7147a08f8e,20260514_094005,2026-05-14T09:40:05-03:00,2026-05-14T12:40:05+00:00,betano,basketball,NBA,props_nba_20260514_094005.csv,Cleveland Cavaliers Detroit Pistons,cleveland cavaliers detroit pistons,Jalen Duren,jalen duren,Puntos (hitos),14+,0.0,2.72,player_points_hito,PTS,over,14,13.5,Jalen Duren 14+ PTS,1,
0f528af42bc2f19ac45ccb6cd9b7645d58896f79,20260514_094005,2026-05-14T09:40:05-03:00,2026-05-14T12:40:05+00:00,betano,basketball,NBA,props_nba_20260514_094005.csv,Cleveland Cavaliers Detroit Pistons,cleveland cavaliers detroit pistons,Jalen Duren,jalen duren,Puntos (hitos),16+,0.0,4.2,player_points_hito,PTS,over,16,15.5,Jalen Duren 16+ PTS,1,
487d01f0a60ca12d007228e43eef06fd761f665c,20260514_094005,2026-05-14T09:40:05-03:00,2026-05-14T12:40:05+00:00,betano,basketball,NBA,props_nba_20260514_094005.csv,Cleveland Cavaliers Detroit Pistons,cleveland cavaliers detroit pistons,Jalen Duren,jalen duren,Puntos (hitos),18+,0.0,6.6,player_points_hito,PTS,over,18,17.5,Jalen Duren 18+ PTS,1,
4762af066e33ad07235e1ea04d32c0159f305dbf,20260514_094005,2026-05-14T09:40:05-03:00,2026-05-14T12:40:05+00:00,betano,basketball,NBA,props_nba_20260514_094005.csv,Cleveland Cavaliers Detroit Pistons,cleveland cavaliers detroit pistons,Jalen Duren,jalen duren,Puntos (hitos),20+,0.0,10,player_points_hito,PTS,over,20,19.5,Jalen Duren 20+ PTS,1,
f0f634d78a81a7130f36563b3c1e7ae2d8ca034e,20260514_094005,2026-05-14T09:40:05-03:00,2026-05-14T12:40:05+00:00,betano,basketball,NBA,props_nba_20260514_094005.csv,Cleveland Cavaliers Detroit Pistons,cleveland cavaliers detroit pistons,Jalen Duren,jalen duren,Puntos (hitos),22+,0.0,13.5,player_points_hito,PTS,over,22,21.5,Jalen Duren 22+ PTS,1,
799d4477b4397b68129bcc35b8468c365d5018d1,20260514_094005,2026-05-14T09:40:05-03:00,2026-05-14T12:40:05+00:00,betano,basketball,NBA,props_nba_20260514_094005.csv,Cleveland Cavaliers Detroit Pistons,cleveland cavaliers detroit pistons,Jalen Duren,jalen duren,Puntos (hitos),24+,0.0,17,player_points_hito,PTS,over,24,23.5,Jalen Duren 24+ PTS,1,
c4417351a9d133d3bcddbb13abe482522b8f1524,20260514_094005,2026-05-14T09:40:05-03:00,2026-05-14T12:40:05+00:00,betano,basketball,NBA,props_nba_20260514_094005.csv,Cleveland Cavaliers Detroit Pistons,cleveland cavaliers detroit pistons,Duncan Robinson,duncan robinson,Puntos (hitos),9+,0.0,1.44,player_points_hito,PTS,over,9,8.5,Duncan Robinson 9+ PTS,1,
2b2131bfad85640186328e92561ccf8005416dd0,20260514_094005,2026-05-14T09:40:05-03:00,2026-05-14T12:40:05+00:00,betano,basketball,NBA,props_nba_20260514_094005.csv,Cleveland Cavaliers Detroit Pistons,cleveland cavaliers detroit pistons,Duncan Robinson,duncan robinson,Puntos (hitos),11+,0.0,1.83,player_points_hito,PTS,over,11,10.5,Duncan Robinson 11+ PTS,1,
ef4781fb2207139a74c76220dadeff1f17e66062,20260514_094005,2026-05-14T09:40:05-03:00,2026-05-14T12:40:05+00:00,betano,basketball,NBA,props_nba_20260514_094005.csv,Cleveland Cavaliers Detroit Pistons,cleveland cavaliers detroit pistons,Duncan Robinson,duncan robinson,Puntos (hitos),13+,0.0,2.52,player_points_hito,PTS,over,13,12.5,Duncan Robinson 13+ PTS,1,
24bcb8a71a461f16b05141fc8bc87cb4abee05fc,20260514_094005,2026-05-14T09:40:05-03:00,2026-05-14T12:40:05+00:00,betano,basketball,NBA,props_nba_20260514_094005.csv,Cleveland Cavaliers Detroit Pistons,cleveland cavaliers detroit pistons,Duncan Robinson,duncan robinson,Puntos (hitos),15+,0.0,3.55,player_points_hito,PTS,over,15,14.5,Duncan Robinson 15+ PTS,1,
08a9f4a8d00eaa8a94201f997e555a21a2e89c0e,20260514_094005,2026-05-14T09:40:05-03:00,2026-05-14T12:40:05+00:00,betano,basketball,NBA,props_nba_20260514_094005.csv,Cleveland Cavaliers Detroit Pistons,cleveland cavaliers detroit pistons,Duncan Robinson,duncan robinson,Puntos (hitos),17+,0.0,5.2,player_points_hito,PTS,over,17,16.5,Duncan Robinson 17+ PTS,1,
6e56656a680ed43bfb83caf9622ea54806d05610,20260514_094005,2026-05-14T09:40:05-03:00,2026-05-14T12:40:05+00:00,betano,basketball,NBA,props_nba_20260514_094005.csv,Cleveland Cavaliers Detroit Pistons,cleveland cavaliers detroit pistons,Duncan Robinson,duncan robinson,Puntos (hitos),19+,0.0,7.6,player_points_hito,PTS,over,19,18.5,Duncan Robinson 19+ PTS,1,
d370a42531c6a90e789fd45b4279dcbbd7cc6f3e,20260514_094005,2026-05-14T09:40:05-03:00,2026-05-14T12:40:05+00:00,betano,basketball,NBA,props_nba_20260514_094005.csv,Cleveland Cavaliers Detroit Pistons,cleveland cavaliers detroit pistons,Duncan Robinson,duncan robinson,Puntos (hitos),21+,0.0,10.5,player_points_hito,PTS,over,21,20.5,Duncan Robinson 21+ PTS,1,
4f6ae1317e30985639958aab3450b2b4e98aad9a,20260514_094005,2026-05-14T09:40:05-03:00,2026-05-14T12:40:05+00:00,betano,basketball,NBA,props_nba_20260514_094005.csv,Cleveland Cavaliers Detroit Pistons,cleveland cavaliers detroit pistons,Duncan Robinson,duncan robinson,Puntos (hitos),23+,0.0,13.5,player_points_hito,PTS,over,23,22.5,Duncan Robinson 23+ PTS,1,
46959d6b40387ef40f9b7b2a04e2d5cdac297565,20260514_094005,2026-05-14T09:40:05-03:00,2026-05-14T12:40:05+00:00,betano,basketball,NBA,props_nba_20260514_094005.csv,Cleveland Cavaliers Detroit Pistons,cleveland cavaliers detroit pistons,Duncan Robinson,duncan robinson,Puntos (hitos),25+,0.0,16.5,player_points_hito,PTS,over,25,24.5,Duncan Robinson 25+ PTS,1,
ab24c83962e448e48860fd41cf9cfdd736723f19,20260514_094005,2026-05-14T09:40:05-03:00,2026-05-14T12:40:05+00:00,betano,basketball,NBA,props_nba_20260514_094005.csv,Cleveland Cavaliers Detroit Pistons,cleveland cavaliers detroit pistons,Daniss Jenkins,daniss jenkins,Puntos (hitos),9+,0.0,1.57,player_points_hito,PTS,over,9,8.5,Daniss Jenkins 9+ PTS,1,
b9e0547f4d97e2bc12a004c014c7fb9f2022459a,20260514_094005,2026-05-14T09:40:05-03:00,2026-05-14T12:40:05+00:00,betano,basketball,NBA,props_nba_20260514_094005.csv,Cleveland Cavaliers Detroit Pistons,cleveland cavaliers detroit pistons,Daniss Jenkins,daniss jenkins,Puntos (hitos),10+,0.0,1.83,player_points_hito,PTS,over,10,9.5,Daniss Jenkins 10+ PTS,1,
57c3661fc87f08e8c8e6660eec4c3179e3e1f1c8,20260514_094005,2026-05-14T09:40:05-03:00,2026-05-14T12:40:05+00:00,betano,basketball,NBA,props_nba_20260514_094005.csv,Cleveland Cavaliers Detroit Pistons,cleveland cavaliers detroit pistons,Daniss Jenkins,daniss jenkins,Puntos (hitos),11+,0.0,2.15,player_points_hito,PTS,over,11,10.5,Daniss Jenkins 11+ PTS,1,
69adc86396cba837cfe5dfb597a99ab6a3b0066f,20260514_094005,2026-05-14T09:40:05-03:00,2026-05-14T12:40:05+00:00,betano,basketball,NBA,props_nba_20260514_094005.csv,Cleveland Cavaliers Detroit Pistons,cleveland cavaliers detroit pistons,Daniss Jenkins,daniss jenkins,Puntos (hitos),12+,0.0,2.6,player_points_hito,PTS,over,12,11.5,Daniss Jenkins 12+ PTS,1,
5e28cda56b5ea380fc944a3716a3e1af29c5181c,20260514_094005,2026-05-14T09:40:05-03:00,2026-05-14T12:40:05+00:00,betano,basketball,NBA,props_nba_20260514_094005.csv,Cleveland Cavaliers Detroit Pistons,cleveland cavaliers detroit pistons,Daniss Jenkins,daniss jenkins,Puntos (hitos),13+,0.0,3.2,player_points_hito,PTS,over,13,12.5,Daniss Jenkins 13+ PTS,1,
113532aa2d692426a02d0fa6399a9205137cd425,20260514_094005,2026-05-14T09:40:05-03:00,2026-05-14T12:40:05+00:00,betano,basketball,NBA,props_nba_20260514_094005.csv,Cleveland Cavaliers Detroit Pistons,cleveland cavaliers detroit pistons,Daniss Jenkins,daniss jenkins,Puntos (hitos),14+,0.0,3.95,player_points_hito,PTS,over,14,13.5,Daniss Jenkins 14+ PTS,1,
73898b5b78989fb78b05f51428abc28b0b780764,20260514_094005,2026-05-14T09:40:05-03:00,2026-05-14T12:40:05+00:00,betano,basketball,NBA,props_nba_20260514_094005.csv,Cleveland Cavaliers Detroit Pistons,cleveland cavaliers detroit pistons,Daniss Jenkins,daniss jenkins,Puntos (hitos),15+,0.0,4.9,player_points_hito,PTS,over,15,14.5,Daniss Jenkins 15+ PTS,1,
2f20e82dd79eab0db58fa8e63239e8c0b6bde96d,20260514_094005,2026-05-14T09:40:05-03:00,2026-05-14T12:40:05+00:00,betano,basketball,NBA,props_nba_20260514_094005.csv,Cleveland Cavaliers Detroit Pistons,cleveland cavaliers detroit pistons,Daniss Jenkins,daniss jenkins,Puntos (hitos),16+,0.0,6.1,player_points_hito,PTS,over,16,15.5,Daniss Jenkins 16+ PTS,1,
ec890e84a616e625e265f66191933cccf082c635,20260514_094005,2026-05-14T09:40:05-03:00,2026-05-14T12:40:05+00:00,betano,basketball,NBA,props_nba_20260514_094005.csv,Cleveland Cavaliers Detroit Pistons,cleveland cavaliers detroit pistons,Ausar Thompson,ausar thompson,Puntos (hitos),8+,0.0,1.45,player_points_hito,PTS,over,8,7.5,Ausar Thompson 8+ PTS,1,
0d553466084a5d5a323e6f0cc2517e6f8d37114d,20260514_094005,2026-05-14T09:40:05-03:00,2026-05-14T12:40:05+00:00,betano,basketball,NBA,props_nba_20260514_094005.csv,Cleveland Cavaliers Detroit Pistons,cleveland cavaliers detroit pistons,Ausar Thompson,ausar thompson,Puntos (hitos),9+,0.0,1.8,player_points_hito,PTS,over,9,8.5,Ausar Thompson 9+ PTS,1,
11562a8c382e85ae3650a9fc509f57adf3a38e42,20260514_094005,2026-05-14T09:40:05-03:00,2026-05-14T12:40:05+00:00,betano,basketball,NBA,props_nba_20260514_094005.csv,Cleveland Cavaliers Detroit Pistons,cleveland cavaliers detroit pistons,Ausar Thompson,ausar thompson,Puntos (hitos),10+,0.0,2.05,player_points_hito,PTS,over,10,9.5,Ausar Thompson 10+ PTS,1,
cbc274076cb5f28b6e71cc5a589b5778b37c503f,20260514_094005,2026-05-14T09:40:05-03:00,2026-05-14T12:40:05+00:00,betano,basketball,NBA,props_nba_20260514_094005.csv,Cleveland Cavaliers Detroit Pistons,cleveland cavaliers detroit pistons,Ausar Thompson,ausar thompson,Puntos (hitos),11+,0.0,2.65,player_points_hito,PTS,over,11,10.5,Ausar Thompson 11+ PTS,1,
a75ba761481eb2d1b944c89f006ae912bd5da5ec,20260514_094005,2026-05-14T09:40:05-03:00,2026-05-14T12:40:05+00:00,betano,basketball,NBA,props_nba_20260514_094005.csv,Cleveland Cavaliers Detroit Pistons,cleveland cavaliers detroit pistons,Ausar Thompson,ausar thompson,Puntos (hitos),12+,0.0,3.15,player_points_hito,PTS,over,12,11.5,Ausar Thompson 12+ PTS,1,
5020c8d5f442914becc6e907419df3684d352b7d,20260514_094005,2026-05-14T09:40:05-03:00,2026-05-14T12:40:05+00:00,betano,basketball,NBA,props_nba_20260514_094005.csv,Cleveland Cavaliers Detroit Pistons,cleveland cavaliers detroit pistons,Ausar Thompson,ausar thompson,Puntos (hitos),13+,0.0,4.15,player_points_hito,PTS,over,13,12.5,Ausar Thompson 13+ PTS,1,
9bea28d8e1bb58a6f13c659219ce88b790d2d25b,20260514_094005,2026-05-14T09:40:05-03:00,2026-05-14T12:40:05+00:00,betano,basketball,NBA,props_nba_20260514_094005.csv,Cleveland Cavaliers Detroit Pistons,cleveland cavaliers detroit pistons,Ausar Thompson,ausar thompson,Puntos (hitos),14+,0.0,5.1,player_points_hito,PTS,over,14,13.5,Ausar Thompson 14+ PTS,1,
2f03f07541d591f12589cc4084f6e2d50922ad95,20260514_094005,2026-05-14T09:40:05-03:00,2026-05-14T12:40:05+00:00,betano,basketball,NBA,props_nba_20260514_094005.csv,Cleveland Cavaliers Detroit Pistons,cleveland cavaliers detroit pistons,Ausar Thompson,ausar thompson,Puntos (hitos),15+,0.0,6.6,player_points_hito,PTS,over,15,14.5,Ausar Thompson 15+ PTS,1,
567d8b11d0f172505c9f6e52d5cdb43981af0a3d,20260514_094005,2026-05-14T09:40:05-03:00,2026-05-14T12:40:05+00:00,betano,basketball,NBA,props_nba_20260514_094005.csv,Cleveland Cavaliers Detroit Pistons,cleveland cavaliers detroit pistons,Max Strus,max strus,Puntos (hitos),8+,0.0,1.5,player_points_hito,PTS,over,8,7.5,Max Strus 8+ PTS,1,
8ecdd7e7828c2bd93951ff02fc15ed1ea342376c,20260514_094005,2026-05-14T09:40:05-03:00,2026-05-14T12:40:05+00:00,betano,basketball,NBA,props_nba_20260514_094005.csv,Cleveland Cavaliers Detroit Pistons,cleveland cavaliers detroit pistons,Max Strus,max strus,Puntos (hitos),9+,0.0,1.75,player_points_hito,PTS,over,9,8.5,Max Strus 9+ PTS,1,
ec82b9a821b49cca8714e9ec0d588877494fcc7d,20260514_094005,2026-05-14T09:40:05-03:00,2026-05-14T12:40:05+00:00,betano,basketball,NBA,props_nba_20260514_094005.csv,Cleveland Cavaliers Detroit Pistons,cleveland cavaliers detroit pistons,Max Strus,max strus,Puntos (hitos),10+,0.0,2.05,player_points_hito,PTS,over,10,9.5,Max Strus 10+ PTS,1,
874cd7bb0482ce142f7630c45c8feb76105a82bf,20260514_094005,2026-05-14T09:40:05-03:00,2026-05-14T12:40:05+00:00,betano,basketball,NBA,props_nba_20260514_094005.csv,Cleveland Cavaliers Detroit Pistons,cleveland cavaliers detroit pistons,Max Strus,max strus,Puntos (hitos),11+,0.0,2.37,player_points_hito,PTS,over,11,10.5,Max Strus 11+ PTS,1,
ad167aa40c8735fbfcc776fbe5b9cd09e8e3814b,20260514_094005,2026-05-14T09:40:05-03:00,2026-05-14T12:40:05+00:00,betano,basketball,NBA,props_nba_20260514_094005.csv,Cleveland Cavaliers Detroit Pistons,cleveland cavaliers detroit pistons,Max Strus,max strus,Puntos (hitos),12+,0.0,2.9,player_points_hito,PTS,over,12,11.5,Max Strus 12+ PTS,1,
790980511dbda0fcc75236bc134130335060e594,20260514_094005,2026-05-14T09:40:05-03:00,2026-05-14T12:40:05+00:00,betano,basketball,NBA,props_nba_20260514_094005.csv,Cleveland Cavaliers Detroit Pistons,cleveland cavaliers detroit pistons,Max Strus,max strus,Puntos (hitos),13+,0.0,3.55,player_points_hito,PTS,over,13,12.5,Max Strus 13+ PTS,1,
040c4784bdcb2601f57f8937d7055ec1bf9b465f,20260514_094005,2026-05-14T09:40:05-03:00,2026-05-14T12:40:05+00:00,betano,basketball,NBA,props_nba_20260514_094005.csv,Cleveland Cavaliers Detroit Pistons,cleveland cavaliers detroit pistons,Max Strus,max strus,Puntos (hitos),14+,0.0,4.25,player_points_hito,PTS,over,14,13.5,Max Strus 14+ PTS,1,
ae932dc5ec99d7d1d5a9dc861004e63dc18b3e9d,20260514_094005,2026-05-14T09:40:05-03:00,2026-05-14T12:40:05+00:00,betano,basketball,NBA,props_nba_20260514_094005.csv,Cleveland Cavaliers Detroit Pistons,cleveland cavaliers detroit pistons,Max Strus,max strus,Puntos (hitos),15+,0.0,5.3,player_points_hito,PTS,over,15,14.5,Max Strus 15+ PTS,1,
b8ab5499ea1e7e23b2e3259b0832ad47ae383408,20260514_094005,2026-05-14T09:40:05-03:00,2026-05-14T12:40:05+00:00,betano,basketball,NBA,props_nba_20260514_094005.csv,Cleveland Cavaliers Detroit Pistons,cleveland cavaliers detroit pistons,Cade Cunningham,cade cunningham,Asistencias (hitos),8+,0.0,1.42,player_assists_hito,AST,over,8,7.5,Cade Cunningham 8+ AST,1,
37be24736647e4fa595d6080ff6a8f308d798055,20260514_094005,2026-05-14T09:40:05-03:00,2026-05-14T12:40:05+00:00,betano,basketball,NBA,props_nba_20260514_094005.csv,Cleveland Cavaliers Detroit Pistons,cleveland cavaliers detroit pistons,Cade Cunningham,cade cunningham,Asistencias (hitos),9+,0.0,1.78,player_assists_hito,AST,over,9,8.5,Cade Cunningham 9+ AST,1,
32a7e593b1d716a3d0ee77fb074c4b2197b89623,20260514_094005,2026-05-14T09:40:05-03:00,2026-05-14T12:40:05+00:00,betano,basketball,NBA,props_nba_20260514_094005.csv,Cleveland Cavaliers Detroit Pistons,cleveland cavaliers detroit pistons,Cade Cunningham,cade cunningham,Asistencias (hitos),10+,0.0,2.4,player_assists_hito,AST,over,10,9.5,Cade Cunningham 10+ AST,1,
551464d99ddb604595a625616024573b87b9fe9b,20260514_094005,2026-05-14T09:40:05-03:00,2026-05-14T12:40:05+00:00,betano,basketball,NBA,props_nba_20260514_094005.csv,Cleveland Cavaliers Detroit Pistons,cleveland cavaliers detroit pistons,Cade Cunningham,cade cunningham,Asistencias (hitos),11+,0.0,3.35,player_assists_hito,AST,over,11,10.5,Cade Cunningham 11+ AST,1,
86af533366aa3a2793d3d7fc1058f5d0800a1727,20260514_094005,2026-05-14T09:40:05-03:00,2026-05-14T12:40:05+00:00,betano,basketball,NBA,props_nba_20260514_094005.csv,Cleveland Cavaliers Detroit Pistons,cleveland cavaliers detroit pistons,Cade Cunningham,cade cunningham,Asistencias (hitos),12+,0.0,5,player_assists_hito,AST,over,12,11.5,Cade Cunningham 12+ AST,1,
6fe320dd500db7f05d426a1001b6806842d3ea03,20260514_094005,2026-05-14T09:40:05-03:00,2026-05-14T12:40:05+00:00,betano,basketball,NBA,props_nba_20260514_094005.csv,Cleveland Cavaliers Detroit Pistons,cleveland cavaliers detroit pistons,Cade Cunningham,cade cunningham,Asistencias (hitos),13+,0.0,7.4,player_assists_hito,AST,over,13,12.5,Cade Cunningham 13+ AST,1,
c16672f35e3a7d662d8e9dee672986785c1cf1fe,20260514_094005,2026-05-14T09:40:05-03:00,2026-05-14T12:40:05+00:00,betano,basketball,NBA,props_nba_20260514_094005.csv,Cleveland Cavaliers Detroit Pistons,cleveland cavaliers detroit pistons,Cade Cunningham,cade cunningham,Asistencias (hitos),14+,0.0,10.5,player_assists_hito,AST,over,14,13.5,Cade Cunningham 14+ AST,1,
0106c97794d56a69aa8e30f96df81d3e1a013538,20260514_094005,2026-05-14T09:40:05-03:00,2026-05-14T12:40:05+00:00,betano,basketball,NBA,props_nba_20260514_094005.csv,Cleveland Cavaliers Detroit Pistons,cleveland cavaliers detroit pistons,Cade Cunningham,cade cunningham,Asistencias (hitos),15+,0.0,13.5,player_assists_hito,AST,over,15,14.5,Cade Cunningham 15+ AST,1,
306fb3eb10ea2425049ed29badc670bb96652889,20260514_094005,2026-05-14T09:40:05-03:00,2026-05-14T12:40:05+00:00,betano,basketball,NBA,props_nba_20260514_094005.csv,Cleveland Cavaliers Detroit Pistons,cleveland cavaliers detroit pistons,James Harden,james harden,Asistencias (hitos),6+,0.0,1.47,player_assists_hito,AST,over,6,5.5,James Harden 6+ AST,1,
e8c4016eb662bfa508cda4a724d509fc06266b3b,20260514_094005,2026-05-14T09:40:05-03:00,2026-05-14T12:40:05+00:00,betano,basketball,NBA,props_nba_20260514_094005.csv,Cleveland Cavaliers Detroit Pistons,cleveland cavaliers detroit pistons,James Harden,james harden,Asistencias (hitos),7+,0.0,1.95,player_assists_hito,AST,over,7,6.5,James Harden 7+ AST,1,
277d821f8b4e3fb4ae295340e574be32be8703bf,20260514_094005,2026-05-14T09:40:05-03:00,2026-05-14T12:40:05+00:00,betano,basketball,NBA,props_nba_20260514_094005.csv,Cleveland Cavaliers Detroit Pistons,cleveland cavaliers detroit pistons,James Harden,james harden,Asistencias (hitos),8+,0.0,2.77,player_assists_hito,AST,over,8,7.5,James Harden 8+ AST,1,
f5fdbb9f46c635eed93161d7aa52552058fde21c,20260514_094005,2026-05-14T09:40:05-03:00,2026-05-14T12:40:05+00:00,betano,basketball,NBA,props_nba_20260514_094005.csv,Cleveland Cavaliers Detroit Pistons,cleveland cavaliers detroit pistons,James Harden,james harden,Asistencias (hitos),9+,0.0,4.2,player_assists_hito,AST,over,9,8.5,James Harden 9+ AST,1,
43e28cb65080b44bdc866daa0183b7f3ed53e8c7,20260514_094005,2026-05-14T09:40:05-03:00,2026-05-14T12:40:05+00:00,betano,basketball,NBA,props_nba_20260514_094005.csv,Cleveland Cavaliers Detroit Pistons,cleveland cavaliers detroit pistons,James Harden,james harden,Asistencias (hitos),10+,0.0,6.6,player_assists_hito,AST,over,10,9.5,James Harden 10+ AST,1,
61ff1149f1840feb6228d9d42c18cf05f3cd7da6,20260514_094005,2026-05-14T09:40:05-03:00,2026-05-14T12:40:05+00:00,betano,basketball,NBA,props_nba_20260514_094005.csv,Cleveland Cavaliers Detroit Pistons,cleveland cavaliers detroit pistons,James Harden,james harden,Asistencias (hitos),11+,0.0,10,player_assists_hito,AST,over,11,10.5,James Harden 11+ AST,1,
1ca870ab86c8af3a5e0f1ccb77a256243dea6307,20260514_094005,2026-05-14T09:40:05-03:00,2026-05-14T12:40:05+00:00,betano,basketball,NBA,props_nba_20260514_094005.csv,Cleveland Cavaliers Detroit Pistons,cleveland cavaliers detroit pistons,James Harden,james harden,Asistencias (hitos),12+,0.0,13.5,player_assists_hito,AST,over,12,11.5,James Harden 12+ AST,1,
82b81b95e2c7edca0ee985e4833080da9ef533f3,20260514_094005,2026-05-14T09:40:05-03:00,2026-05-14T12:40:05+00:00,betano,basketball,NBA,props_nba_20260514_094005.csv,Cleveland Cavaliers Detroit Pistons,cleveland cavaliers detroit pistons,James Harden,james harden,Asistencias (hitos),13+,0.0,17,player_assists_hito,AST,over,13,12.5,James Harden 13+ AST,1,
38b8b43e468afc9669844ae4144a529bd5e81013,20260514_094005,2026-05-14T09:40:05-03:00,2026-05-14T12:40:05+00:00,betano,basketball,NBA,props_nba_20260514_094005.csv,Cleveland Cavaliers Detroit Pistons,cleveland cavaliers detroit pistons,Evan Mobley,evan mobley,Asistencias (hitos),3+,0.0,1.24,player_assists_hito,AST,over,3,2.5,Evan Mobley 3+ AST,1,
829d12af708008551b690b4c9058061123e28f6f,20260514_094005,2026-05-14T09:40:05-03:00,2026-05-14T12:40:05+00:00,betano,basketball,NBA,props_nba_20260514_094005.csv,Cleveland Cavaliers Detroit Pistons,cleveland cavaliers detroit pistons,Evan Mobley,evan mobley,Asistencias (hitos),4+,0.0,1.7,player_assists_hito,AST,over,4,3.5,Evan Mobley 4+ AST,1,
84e0c92876513f6cb4b478a27e1deb21fff1e7f1,20260514_094005,2026-05-14T09:40:05-03:00,2026-05-14T12:40:05+00:00,betano,basketball,NBA,props_nba_20260514_094005.csv,Cleveland Cavaliers Detroit Pistons,cleveland cavaliers detroit pistons,Evan Mobley,evan mobley,Asistencias (hitos),5+,0.0,2.57,player_assists_hito,AST,over,5,4.5,Evan Mobley 5+ AST,1,
11000ad6beb22bd173261c9abdd3a7dead076bbe,20260514_094005,2026-05-14T09:40:05-03:00,2026-05-14T12:40:05+00:00,betano,basketball,NBA,props_nba_20260514_094005.csv,Cleveland Cavaliers Detroit Pistons,cleveland cavaliers detroit pistons,Evan Mobley,evan mobley,Asistencias (hitos),6+,0.0,4.15,player_assists_hito,AST,over,6,5.5,Evan Mobley 6+ AST,1,
77deb5a9b46bf574be8bb113f4944b2bc473b471,20260514_094005,2026-05-14T09:40:05-03:00,2026-05-14T12:40:05+00:00,betano,basketball,NBA,props_nba_20260514_094005.csv,Cleveland Cavaliers Detroit Pistons,cleveland cavaliers detroit pistons,Evan Mobley,evan mobley,Asistencias (hitos),7+,0.0,6.5,player_assists_hito,AST,over,7,6.5,Evan Mobley 7+ AST,1,
0a7288c187476b141595ff7d58405aadafcb5977,20260514_094005,2026-05-14T09:40:05-03:00,2026-05-14T12:40:05+00:00,betano,basketball,NBA,props_nba_20260514_094005.csv,Cleveland Cavaliers Detroit Pistons,cleveland cavaliers detroit pistons,Evan Mobley,evan mobley,Asistencias (hitos),8+,0.0,9.25,player_assists_hito,AST,over,8,7.5,Evan Mobley 8+ AST,1,
7521a0c3c15e54a9cc21c381b2627b9bc919df25,20260514_094005,2026-05-14T09:40:05-03:00,2026-05-14T12:40:05+00:00,betano,basketball,NBA,props_nba_20260514_094005.csv,Cleveland Cavaliers Detroit Pistons,cleveland cavaliers detroit pistons,Donovan Mitchell,donovan mitchell,Asistencias (hitos),3+,0.0,1.39,player_assists_hito,AST,over,3,2.5,Donovan Mitchell 3+ AST,1,
163b5a6d494cdc7c9cf61e8c06c33996da57e6ea,20260514_094005,2026-05-14T09:40:05-03:00,2026-05-14T12:40:05+00:00,betano,basketball,NBA,props_nba_20260514_094005.csv,Cleveland Cavaliers Detroit Pistons,cleveland cavaliers detroit pistons,Donovan Mitchell,donovan mitchell,Asistencias (hitos),4+,0.0,2.02,player_assists_hito,AST,over,4,3.5,Donovan Mitchell 4+ AST,1,
ffbc08d5ac58e1b4325c721ab2d09a7ecb3f9db1,20260514_094005,2026-05-14T09:40:05-03:00,2026-05-14T12:40:05+00:00,betano,basketball,NBA,props_nba_20260514_094005.csv,Cleveland Cavaliers Detroit Pistons,cleveland cavaliers detroit pistons,Donovan Mitchell,donovan mitchell,Asistencias (hitos),5+,0.0,3.3,player_assists_hito,AST,over,5,4.5,Donovan Mitchell 5+ AST,1,
acaaedda507fc190ab74a35325e7b1abe895472a,20260514_094005,2026-05-14T09:40:05-03:00,2026-05-14T12:40:05+00:00,betano,basketball,NBA,props_nba_20260514_094005.csv,Cleveland Cavaliers Detroit Pistons,cleveland cavaliers detroit pistons,Donovan Mitchell,donovan mitchell,Asistencias (hitos),6+,0.0,5.8,player_assists_hito,AST,over,6,5.5,Donovan Mitchell 6+ AST,1,
0a7065f7995204ca79e774ff2330282fecde637d,20260514_094005,2026-05-14T09:40:05-03:00,2026-05-14T12:40:05+00:00,betano,basketball,NBA,props_nba_20260514_094005.csv,Cleveland Cavaliers Detroit Pistons,cleveland cavaliers detroit pistons,Donovan Mitchell,donovan mitchell,Asistencias (hitos),7+,0.0,10,player_assists_hito,AST,over,7,6.5,Donovan Mitchell 7+ AST,1,
85bcde396ffafebd560e5bd36452bb1bf579c767,20260514_094005,2026-05-14T09:40:05-03:00,2026-05-14T12:40:05+00:00,betano,basketball,NBA,props_nba_20260514_094005.csv,Cleveland Cavaliers Detroit Pistons,cleveland cavaliers detroit pistons,Donovan Mitchell,donovan mitchell,Asistencias (hitos),8+,0.0,15,player_assists_hito,AST,over,8,7.5,Donovan Mitchell 8+ AST,1,
8e98813f567c4cdcc7803d4704ab80a3520f267a,20260514_094005,2026-05-14T09:40:05-03:00,2026-05-14T12:40:05+00:00,betano,basketball,NBA,props_nba_20260514_094005.csv,Cleveland Cavaliers Detroit Pistons,cleveland cavaliers detroit pistons,Dennis Schroder,dennis schroder,Asistencias (hitos),2+,0.0,1.13,player_assists_hito,AST,over,2,1.5,Dennis Schroder 2+ AST,1,
708cbc91c6ac9c37ea5de8ff55546d7737822846,20260514_094005,2026-05-14T09:40:05-03:00,2026-05-14T12:40:05+00:00,betano,basketball,NBA,props_nba_20260514_094005.csv,Cleveland Cavaliers Detroit Pistons,cleveland cavaliers detroit pistons,Dennis Schroder,dennis schroder,Asistencias (hitos),3+,0.0,1.57,player_assists_hito,AST,over,3,2.5,Dennis Schroder 3+ AST,1,
ba803cf82b381e1640d79385dfe340139f0a514b,20260514_094005,2026-05-14T09:40:05-03:00,2026-05-14T12:40:05+00:00,betano,basketball,NBA,props_nba_20260514_094005.csv,Cleveland Cavaliers Detroit Pistons,cleveland cavaliers detroit pistons,Dennis Schroder,dennis schroder,Asistencias (hitos),4+,0.0,2.45,player_assists_hito,AST,over,4,3.5,Dennis Schroder 4+ AST,1,
ab3cf857f8969ee1e59672e5f64a733c86855a91,20260514_094005,2026-05-14T09:40:05-03:00,2026-05-14T12:40:05+00:00,betano,basketball,NBA,props_nba_20260514_094005.csv,Cleveland Cavaliers Detroit Pistons,cleveland cavaliers detroit pistons,Dennis Schroder,dennis schroder,Asistencias (hitos),5+,0.0,3.95,player_assists_hito,AST,over,5,4.5,Dennis Schroder 5+ AST,1,
fff3999b1cdd276056f32d1b17577514c39209f1,20260514_094005,2026-05-14T09:40:05-03:00,2026-05-14T12:40:05+00:00,betano,basketball,NBA,props_nba_20260514_094005.csv,Cleveland Cavaliers Detroit Pistons,cleveland cavaliers detroit pistons,Daniss Jenkins,daniss jenkins,Asistencias (hitos),2+,0.0,1.16,player_assists_hito,AST,over,2,1.5,Daniss Jenkins 2+ AST,1,
b54c5af660fc9f9217717d1685eb93c2ab3651af,20260514_094005,2026-05-14T09:40:05-03:00,2026-05-14T12:40:05+00:00,betano,basketball,NBA,props_nba_20260514_094005.csv,Cleveland Cavaliers Detroit Pistons,cleveland cavaliers detroit pistons,Daniss Jenkins,daniss jenkins,Asistencias (hitos),3+,0.0,1.57,player_assists_hito,AST,over,3,2.5,Daniss Jenkins 3+ AST,1,
b21ca501b1c1f06cd33b86094c5652be6b118f43,20260514_094005,2026-05-14T09:40:05-03:00,2026-05-14T12:40:05+00:00,betano,basketball,NBA,props_nba_20260514_094005.csv,Cleveland Cavaliers Detroit Pistons,cleveland cavaliers detroit pistons,Daniss Jenkins,daniss jenkins,Asistencias (hitos),4+,0.0,2.47,player_assists_hito,AST,over,4,3.5,Daniss Jenkins 4+ AST,1,
a0bb316825575dadbeec186879326779e9811673,20260514_094005,2026-05-14T09:40:05-03:00,2026-05-14T12:40:05+00:00,betano,basketball,NBA,props_nba_20260514_094005.csv,Cleveland Cavaliers Detroit Pistons,cleveland cavaliers detroit pistons,Daniss Jenkins,daniss jenkins,Asistencias (hitos),5+,0.0,4.3,player_assists_hito,AST,over,5,4.5,Daniss Jenkins 5+ AST,1,
60eb5141b48ef5c03a3201c289e80bbc98a79bd8,20260514_094005,2026-05-14T09:40:05-03:00,2026-05-14T12:40:05+00:00,betano,basketball,NBA,props_nba_20260514_094005.csv,Cleveland Cavaliers Detroit Pistons,cleveland cavaliers detroit pistons,Ausar Thompson,ausar thompson,Asistencias (hitos),2+,0.0,1.17,player_assists_hito,AST,over,2,1.5,Ausar Thompson 2+ AST,1,
fc9709fb19b5565be9a63927ecd88c6c84a84b69,20260514_094005,2026-05-14T09:40:05-03:00,2026-05-14T12:40:05+00:00,betano,basketball,NBA,props_nba_20260514_094005.csv,Cleveland Cavaliers Detroit Pistons,cleveland cavaliers detroit pistons,Ausar Thompson,ausar thompson,Asistencias (hitos),3+,0.0,1.6,player_assists_hito,AST,over,3,2.5,Ausar Thompson 3+ AST,1,
84389cb3057c7d6b358d67882185339565c319e9,20260514_094005,2026-05-14T09:40:05-03:00,2026-05-14T12:40:05+00:00,betano,basketball,NBA,props_nba_20260514_094005.csv,Cleveland Cavaliers Detroit Pistons,cleveland cavaliers detroit pistons,Ausar Thompson,ausar thompson,Asistencias (hitos),4+,0.0,2.52,player_assists_hito,AST,over,4,3.5,Ausar Thompson 4+ AST,1,
ae7519048e2f115badcdea439bb112be2969fec0,20260514_094005,2026-05-14T09:40:05-03:00,2026-05-14T12:40:05+00:00,betano,basketball,NBA,props_nba_20260514_094005.csv,Cleveland Cavaliers Detroit Pistons,cleveland cavaliers detroit pistons,Ausar Thompson,ausar thompson,Asistencias (hitos),5+,0.0,4.45,player_assists_hito,AST,over,5,4.5,Ausar Thompson 5+ AST,1,
16e7ac853beb8ad092de4b512b03b0941bbc2fd6,20260514_094005,2026-05-14T09:40:05-03:00,2026-05-14T12:40:05+00:00,betano,basketball,NBA,props_nba_20260514_094005.csv,Cleveland Cavaliers Detroit Pistons,cleveland cavaliers detroit pistons,Duncan Robinson,duncan robinson,Asistencias (hitos),1+,0.0,1.08,player_assists_hito,AST,over,1,0.5,Duncan Robinson 1+ AST,1,
dfc93b06e9db6ecbef3699bd91e458f7bf52b80c,20260514_094005,2026-05-14T09:40:05-03:00,2026-05-14T12:40:05+00:00,betano,basketball,NBA,props_nba_20260514_094005.csv,Cleveland Cavaliers Detroit Pistons,cleveland cavaliers detroit pistons,Duncan Robinson,duncan robinson,Asistencias (hitos),2+,0.0,1.5,player_assists_hito,AST,over,2,1.5,Duncan Robinson 2+ AST,1,
04b724c7ca4f7852b2008fcca24c5a78f8b521fc,20260514_094005,2026-05-14T09:40:05-03:00,2026-05-14T12:40:05+00:00,betano,basketball,NBA,props_nba_20260514_094005.csv,Cleveland Cavaliers Detroit Pistons,cleveland cavaliers detroit pistons,Duncan Robinson,duncan robinson,Asistencias (hitos),3+,0.0,2.55,player_assists_hito,AST,over,3,2.5,Duncan Robinson 3+ AST,1,
ba8ca76d3733df31b535c28ea7d693cf895bda3e,20260514_094005,2026-05-14T09:40:05-03:00,2026-05-14T12:40:05+00:00,betano,basketball,NBA,props_nba_20260514_094005.csv,Cleveland Cavaliers Detroit Pistons,cleveland cavaliers detroit pistons,Duncan Robinson,duncan robinson,Asistencias (hitos),4+,0.0,4.9,player_assists_hito,AST,over,4,3.5,Duncan Robinson 4+ AST,1,
4773e4d9f4f305c0b7e58823bc93f00d324f9693,20260514_094005,2026-05-14T09:40:05-03:00,2026-05-14T12:40:05+00:00,betano,basketball,NBA,props_nba_20260514_094005.csv,Cleveland Cavaliers Detroit Pistons,cleveland cavaliers detroit pistons,Max Strus,max strus,Asistencias (hitos),1+,0.0,1.13,player_assists_hito,AST,over,1,0.5,Max Strus 1+ AST,1,
3f282e595574b05a5c1b5051f9e39f94a9b94900,20260514_094005,2026-05-14T09:40:05-03:00,2026-05-14T12:40:05+00:00,betano,basketball,NBA,props_nba_20260514_094005.csv,Cleveland Cavaliers Detroit Pistons,cleveland cavaliers detroit pistons,Max Strus,max strus,Asistencias (hitos),2+,0.0,1.7,player_assists_hito,AST,over,2,1.5,Max Strus 2+ AST,1,
3995c0f050f9aff6efc0a06366ffa3b4b9dd6ff2,20260514_094005,2026-05-14T09:40:05-03:00,2026-05-14T12:40:05+00:00,betano,basketball,NBA,props_nba_20260514_094005.csv,Cleveland Cavaliers Detroit Pistons,cleveland cavaliers detroit pistons,Max Strus,max strus,Asistencias (hitos),3+,0.0,3.15,player_assists_hito,AST,over,3,2.5,Max Strus 3+ AST,1,
8f6a8f6fb5a1a3e8c708994645bb77205d293e85,20260514_094005,2026-05-14T09:40:05-03:00,2026-05-14T12:40:05+00:00,betano,basketball,NBA,props_nba_20260514_094005.csv,Cleveland Cavaliers Detroit Pistons,cleveland cavaliers detroit pistons,Max Strus,max strus,Asistencias (hitos),4+,0.0,6.5,player_assists_hito,AST,over,4,3.5,Max Strus 4+ AST,1,
1b48637247150717f119cb3a00f0dbb23439515b,20260514_094005,2026-05-14T09:40:05-03:00,2026-05-14T12:40:05+00:00,betano,basketball,NBA,props_nba_20260514_094005.csv,Cleveland Cavaliers Detroit Pistons,cleveland cavaliers detroit pistons,Jalen Duren,jalen duren,Rebotes (hitos),8+,0.0,1.33,player_rebounds_hito,REB,over,8,7.5,Jalen Duren 8+ REB,1,
c111da2c94fbf25b6b491b3ba3632532a04c8600,20260514_094005,2026-05-14T09:40:05-03:00,2026-05-14T12:40:05+00:00,betano,basketball,NBA,props_nba_20260514_094005.csv,Cleveland Cavaliers Detroit Pistons,cleveland cavaliers detroit pistons,Jalen Duren,jalen duren,Rebotes (hitos),9+,0.0,1.65,player_rebounds_hito,REB,over,9,8.5,Jalen Duren 9+ REB,1,
b3f7c093a8048233dfbed333f635d3fe9cfcab92,20260514_094005,2026-05-14T09:40:05-03:00,2026-05-14T12:40:05+00:00,betano,basketball,NBA,props_nba_20260514_094005.csv,Cleveland Cavaliers Detroit Pistons,cleveland cavaliers detroit pistons,Jalen Duren,jalen duren,Rebotes (hitos),10+,0.0,2.15,player_rebounds_hito,REB,over,10,9.5,Jalen Duren 10+ REB,1,
7865a43e9edec2c29fc871cc2947f7d8975e56fa,20260514_094005,2026-05-14T09:40:05-03:00,2026-05-14T12:40:05+00:00,betano,basketball,NBA,props_nba_20260514_094005.csv,Cleveland Cavaliers Detroit Pistons,cleveland cavaliers detroit pistons,Jalen Duren,jalen duren,Rebotes (hitos),11+,0.0,2.85,player_rebounds_hito,REB,over,11,10.5,Jalen Duren 11+ REB,1,
0ce97583ba4de9e5e12c4d07855be4dc92ce17be,20260514_094005,2026-05-14T09:40:05-03:00,2026-05-14T12:40:05+00:00,betano,basketball,NBA,props_nba_20260514_094005.csv,Cleveland Cavaliers Detroit Pistons,cleveland cavaliers detroit pistons,Jalen Duren,jalen duren,Rebotes (hitos),12+,0.0,3.9,player_rebounds_hito,REB,over,12,11.5,Jalen Duren 12+ REB,1,
0f1d158c93572bbee26255e37e27e5e5a7ff84b8,20260514_094005,2026-05-14T09:40:05-03:00,2026-05-14T12:40:05+00:00,betano,basketball,NBA,props_nba_20260514_094005.csv,Cleveland Cavaliers Detroit Pistons,cleveland cavaliers detroit pistons,Jalen Duren,jalen duren,Rebotes (hitos),13+,0.0,5.3,player_rebounds_hito,REB,over,13,12.5,Jalen Duren 13+ REB,1,
2108da1ab4917e23477d1a0d169e518be1b501fc,20260514_094005,2026-05-14T09:40:05-03:00,2026-05-14T12:40:05+00:00,betano,basketball,NBA,props_nba_20260514_094005.csv,Cleveland Cavaliers Detroit Pistons,cleveland cavaliers detroit pistons,Jalen Duren,jalen duren,Rebotes (hitos),14+,0.0,6.8,player_rebounds_hito,REB,over,14,13.5,Jalen Duren 14+ REB,1,
11d70d7b3a0b56f13ca89bbedd82d08df4ae6a80,20260514_094005,2026-05-14T09:40:05-03:00,2026-05-14T12:40:05+00:00,betano,basketball,NBA,props_nba_20260514_094005.csv,Cleveland Cavaliers Detroit Pistons,cleveland cavaliers detroit pistons,Jalen Duren,jalen duren,Rebotes (hitos),15+,0.0,8.25,player_rebounds_hito,REB,over,15,14.5,Jalen Duren 15+ REB,1,
83505c7e3053268e4651a1e6ad8e55ea5dbc924c,20260514_094005,2026-05-14T09:40:05-03:00,2026-05-14T12:40:05+00:00,betano,basketball,NBA,props_nba_20260514_094005.csv,Cleveland Cavaliers Detroit Pistons,cleveland cavaliers detroit pistons,Evan Mobley,evan mobley,Rebotes (hitos),8+,0.0,1.53,player_rebounds_hito,REB,over,8,7.5,Evan Mobley 8+ REB,1,
f6f422ad8ef108683ea97e12bbb4497e5100ecb8,20260514_094005,2026-05-14T09:40:05-03:00,2026-05-14T12:40:05+00:00,betano,basketball,NBA,props_nba_20260514_094005.csv,Cleveland Cavaliers Detroit Pistons,cleveland cavaliers detroit pistons,Evan Mobley,evan mobley,Rebotes (hitos),9+,0.0,1.98,player_rebounds_hito,REB,over,9,8.5,Evan Mobley 9+ REB,1,
b54f6f99e4b06d9483983ed3e276300cf2185793,20260514_094005,2026-05-14T09:40:05-03:00,2026-05-14T12:40:05+00:00,betano,basketball,NBA,props_nba_20260514_094005.csv,Cleveland Cavaliers Detroit Pistons,cleveland cavaliers detroit pistons,Evan Mobley,evan mobley,Rebotes (hitos),10+,0.0,2.67,player_rebounds_hito,REB,over,10,9.5,Evan Mobley 10+ REB,1,
1f50f3b1a017816e84cdbf45691a475dadaf6925,20260514_094005,2026-05-14T09:40:05-03:00,2026-05-14T12:40:05+00:00,betano,basketball,NBA,props_nba_20260514_094005.csv,Cleveland Cavaliers Detroit Pistons,cleveland cavaliers detroit pistons,Evan Mobley,evan mobley,Rebotes (hitos),11+,0.0,3.85,player_rebounds_hito,REB,over,11,10.5,Evan Mobley 11+ REB,1,
dab4644a39f37dfd4233c4852fd1919c8760eb16,20260514_094005,2026-05-14T09:40:05-03:00,2026-05-14T12:40:05+00:00,betano,basketball,NBA,props_nba_20260514_094005.csv,Cleveland Cavaliers Detroit Pistons,cleveland cavaliers detroit pistons,Evan Mobley,evan mobley,Rebotes (hitos),12+,0.0,5.6,player_rebounds_hito,REB,over,12,11.5,Evan Mobley 12+ REB,1,
79bdc9dfc8fcfec98053131041c33d627e493165,20260514_094005,2026-05-14T09:40:05-03:00,2026-05-14T12:40:05+00:00,betano,basketball,NBA,props_nba_20260514_094005.csv,Cleveland Cavaliers Detroit Pistons,cleveland cavaliers detroit pistons,Evan Mobley,evan mobley,Rebotes (hitos),13+,0.0,8,player_rebounds_hito,REB,over,13,12.5,Evan Mobley 13+ REB,1,
977d484ca9521fcdefae340adfd9f656542af0c7,20260514_094005,2026-05-14T09:40:05-03:00,2026-05-14T12:40:05+00:00,betano,basketball,NBA,props_nba_20260514_094005.csv,Cleveland Cavaliers Detroit Pistons,cleveland cavaliers detroit pistons,Evan Mobley,evan mobley,Rebotes (hitos),14+,0.0,11.25,player_rebounds_hito,REB,over,14,13.5,Evan Mobley 14+ REB,1,
db2755ff7dcf24c606ee0c5422bb9226df1310e1,20260514_094005,2026-05-14T09:40:05-03:00,2026-05-14T12:40:05+00:00,betano,basketball,NBA,props_nba_20260514_094005.csv,Cleveland Cavaliers Detroit Pistons,cleveland cavaliers detroit pistons,Evan Mobley,evan mobley,Rebotes (hitos),15+,0.0,14.5,player_rebounds_hito,REB,over,15,14.5,Evan Mobley 15+ REB,1,
aa87479dde12f692e4616c81c4e82d5cb62d141d,20260514_094005,2026-05-14T09:40:05-03:00,2026-05-14T12:40:05+00:00,betano,basketball,NBA,props_nba_20260514_094005.csv,Cleveland Cavaliers Detroit Pistons,cleveland cavaliers detroit pistons,Jarrett Allen,jarrett allen,Rebotes (hitos),6+,0.0,1.33,player_rebounds_hito,REB,over,6,5.5,Jarrett Allen 6+ REB,1,
3a93742f0c89c22d016e17759883ba5cf8011716,20260514_094005,2026-05-14T09:40:05-03:00,2026-05-14T12:40:05+00:00,betano,basketball,NBA,props_nba_20260514_094005.csv,Cleveland Cavaliers Detroit Pistons,cleveland cavaliers detroit pistons,Jarrett Allen,jarrett allen,Rebotes (hitos),7+,0.0,1.67,player_rebounds_hito,REB,over,7,6.5,Jarrett Allen 7+ REB,1,
846adf2e0db24fbd86dee05a1993b1a7e0c9c524,20260514_094005,2026-05-14T09:40:05-03:00,2026-05-14T12:40:05+00:00,betano,basketball,NBA,props_nba_20260514_094005.csv,Cleveland Cavaliers Detroit Pistons,cleveland cavaliers detroit pistons,Jarrett Allen,jarrett allen,Rebotes (hitos),8+,0.0,2.25,player_rebounds_hito,REB,over,8,7.5,Jarrett Allen 8+ REB,1,
b4246af5f47429b7ebbd60febf06b30a3896bd07,20260514_094005,2026-05-14T09:40:05-03:00,2026-05-14T12:40:05+00:00,betano,basketball,NBA,props_nba_20260514_094005.csv,Cleveland Cavaliers Detroit Pistons,cleveland cavaliers detroit pistons,Jarrett Allen,jarrett allen,Rebotes (hitos),9+,0.0,3.2,player_rebounds_hito,REB,over,9,8.5,Jarrett Allen 9+ REB,1,
7211a89fb7999f59adef4bf24e1f2a7b81cacb21,20260514_094005,2026-05-14T09:40:05-03:00,2026-05-14T12:40:05+00:00,betano,basketball,NBA,props_nba_20260514_094005.csv,Cleveland Cavaliers Detroit Pistons,cleveland cavaliers detroit pistons,Jarrett Allen,jarrett allen,Rebotes (hitos),10+,0.0,4.75,player_rebounds_hito,REB,over,10,9.5,Jarrett Allen 10+ REB,1,
c167d8e800367490fc556d3b8cbcc5c3e7f3da9b,20260514_094005,2026-05-14T09:40:05-03:00,2026-05-14T12:40:05+00:00,betano,basketball,NBA,props_nba_20260514_094005.csv,Cleveland Cavaliers Detroit Pistons,cleveland cavaliers detroit pistons,Jarrett Allen,jarrett allen,Rebotes (hitos),11+,0.0,7.1,player_rebounds_hito,REB,over,11,10.5,Jarrett Allen 11+ REB,1,
a1d4f13db2e97a2c9a7c68ce638e89ee003e37b0,20260514_094005,2026-05-14T09:40:05-03:00,2026-05-14T12:40:05+00:00,betano,basketball,NBA,props_nba_20260514_094005.csv,Cleveland Cavaliers Detroit Pistons,cleveland cavaliers detroit pistons,Jarrett Allen,jarrett allen,Rebotes (hitos),12+,0.0,10,player_rebounds_hito,REB,over,12,11.5,Jarrett Allen 12+ REB,1,
350256167790a152ce69bf74aa6b1ff4c72dcce6,20260514_094005,2026-05-14T09:40:05-03:00,2026-05-14T12:40:05+00:00,betano,basketball,NBA,props_nba_20260514_094005.csv,Cleveland Cavaliers Detroit Pistons,cleveland cavaliers detroit pistons,Jarrett Allen,jarrett allen,Rebotes (hitos),13+,0.0,13.5,player_rebounds_hito,REB,over,13,12.5,Jarrett Allen 13+ REB,1,
e4577ef37803e3c1c94c892945d3b87f5a0d7aae,20260514_094005,2026-05-14T09:40:05-03:00,2026-05-14T12:40:05+00:00,betano,basketball,NBA,props_nba_20260514_094005.csv,Cleveland Cavaliers Detroit Pistons,cleveland cavaliers detroit pistons,Ausar Thompson,ausar thompson,Rebotes (hitos),6+,0.0,1.38,player_rebounds_hito,REB,over,6,5.5,Ausar Thompson 6+ REB,1,
cfc64a4992c4da0167f30531c01c2b989bb3fd78,20260514_094005,2026-05-14T09:40:05-03:00,2026-05-14T12:40:05+00:00,betano,basketball,NBA,props_nba_20260514_094005.csv,Cleveland Cavaliers Detroit Pistons,cleveland cavaliers detroit pistons,Ausar Thompson,ausar thompson,Rebotes (hitos),7+,0.0,1.78,player_rebounds_hito,REB,over,7,6.5,Ausar Thompson 7+ REB,1,
416a0cdfcd472bbb90769318e25e81c91c904a17,20260514_094005,2026-05-14T09:40:05-03:00,2026-05-14T12:40:05+00:00,betano,basketball,NBA,props_nba_20260514_094005.csv,Cleveland Cavaliers Detroit Pistons,cleveland cavaliers detroit pistons,Ausar Thompson,ausar thompson,Rebotes (hitos),8+,0.0,2.45,player_rebounds_hito,REB,over,8,7.5,Ausar Thompson 8+ REB,1,
3e79abcc1c882b84593ddbb3b84efddfad844644,20260514_094005,2026-05-14T09:40:05-03:00,2026-05-14T12:40:05+00:00,betano,basketball,NBA,props_nba_20260514_094005.csv,Cleveland Cavaliers Detroit Pistons,cleveland cavaliers detroit pistons,Ausar Thompson,ausar thompson,Rebotes (hitos),9+,0.0,3.55,player_rebounds_hito,REB,over,9,8.5,Ausar Thompson 9+ REB,1,
1a81ac91d2ac43f465950502f0100d3f8c027a5b,20260514_094005,2026-05-14T09:40:05-03:00,2026-05-14T12:40:05+00:00,betano,basketball,NBA,props_nba_20260514_094005.csv,Cleveland Cavaliers Detroit Pistons,cleveland cavaliers detroit pistons,Ausar Thompson,ausar thompson,Rebotes (hitos),10+,0.0,5.3,player_rebounds_hito,REB,over,10,9.5,Ausar Thompson 10+ REB,1,
f990bdb7e3677a6991edeabf2824b84a144ddb02,20260514_094005,2026-05-14T09:40:05-03:00,2026-05-14T12:40:05+00:00,betano,basketball,NBA,props_nba_20260514_094005.csv,Cleveland Cavaliers Detroit Pistons,cleveland cavaliers detroit pistons,Ausar Thompson,ausar thompson,Rebotes (hitos),11+,0.0,8,player_rebounds_hito,REB,over,11,10.5,Ausar Thompson 11+ REB,1,
69bfc09a03cff8558a0b877667b078f8ba2758e4,20260514_094005,2026-05-14T09:40:05-03:00,2026-05-14T12:40:05+00:00,betano,basketball,NBA,props_nba_20260514_094005.csv,Cleveland Cavaliers Detroit Pistons,cleveland cavaliers detroit pistons,Ausar Thompson,ausar thompson,Rebotes (hitos),12+,0.0,11.5,player_rebounds_hito,REB,over,12,11.5,Ausar Thompson 12+ REB,1,
199a1d68e0dbe52f0667664509fa5b09995a204f,20260514_094005,2026-05-14T09:40:05-03:00,2026-05-14T12:40:05+00:00,betano,basketball,NBA,props_nba_20260514_094005.csv,Cleveland Cavaliers Detroit Pistons,cleveland cavaliers detroit pistons,Ausar Thompson,ausar thompson,Rebotes (hitos),13+,0.0,15,player_rebounds_hito,REB,over,13,12.5,Ausar Thompson 13+ REB,1,
648f4e4972373a66c352c9cb909f7c603282f2b0,20260514_094005,2026-05-14T09:40:05-03:00,2026-05-14T12:40:05+00:00,betano,basketball,NBA,props_nba_20260514_094005.csv,Cleveland Cavaliers Detroit Pistons,cleveland cavaliers detroit pistons,Tobias Harris,tobias harris,Rebotes (hitos),6+,0.0,1.5,player_rebounds_hito,REB,over,6,5.5,Tobias Harris 6+ REB,1,
7cd0e3f3bde1b5ea5270359a83ce4556eacc8e1a,20260514_094005,2026-05-14T09:40:05-03:00,2026-05-14T12:40:05+00:00,betano,basketball,NBA,props_nba_20260514_094005.csv,Cleveland Cavaliers Detroit Pistons,cleveland cavaliers detroit pistons,Tobias Harris,tobias harris,Rebotes (hitos),7+,0.0,1.98,player_rebounds_hito,REB,over,7,6.5,Tobias Harris 7+ REB,1,
f67aa3578e89eedb51af99c72401d6f02f544502,20260514_094005,2026-05-14T09:40:05-03:00,2026-05-14T12:40:05+00:00,betano,basketball,NBA,props_nba_20260514_094005.csv,Cleveland Cavaliers Detroit Pistons,cleveland cavaliers detroit pistons,Tobias Harris,tobias harris,Rebotes (hitos),8+,0.0,2.77,player_rebounds_hito,REB,over,8,7.5,Tobias Harris 8+ REB,1,
78d01479c24ee83546d61500a5d79b63e5ef7c85,20260514_094005,2026-05-14T09:40:05-03:00,2026-05-14T12:40:05+00:00,betano,basketball,NBA,props_nba_20260514_094005.csv,Cleveland Cavaliers Detroit Pistons,cleveland cavaliers detroit pistons,Tobias Harris,tobias harris,Rebotes (hitos),9+,0.0,4.2,player_rebounds_hito,REB,over,9,8.5,Tobias Harris 9+ REB,1,
ec43ec65f5881241d3b32185cea3d7f15cac847c,20260514_094005,2026-05-14T09:40:05-03:00,2026-05-14T12:40:05+00:00,betano,basketball,NBA,props_nba_20260514_094005.csv,Cleveland Cavaliers Detroit Pistons,cleveland cavaliers detroit pistons,Tobias Harris,tobias harris,Rebotes (hitos),10+,0.0,6.4,player_rebounds_hito,REB,over,10,9.5,Tobias Harris 10+ REB,1,
516fbc40eec36c1ace10756d64b6495d881f9276,20260514_094005,2026-05-14T09:40:05-03:00,2026-05-14T12:40:05+00:00,betano,basketball,NBA,props_nba_20260514_094005.csv,Cleveland Cavaliers Detroit Pistons,cleveland cavaliers detroit pistons,Tobias Harris,tobias harris,Rebotes (hitos),11+,0.0,9.5,player_rebounds_hito,REB,over,11,10.5,Tobias Harris 11+ REB,1,
441faca7e84f259cc5afd74d2e41e69b5858db5c,20260514_094005,2026-05-14T09:40:05-03:00,2026-05-14T12:40:05+00:00,betano,basketball,NBA,props_nba_20260514_094005.csv,Cleveland Cavaliers Detroit Pistons,cleveland cavaliers detroit pistons,Tobias Harris,tobias harris,Rebotes (hitos),12+,0.0,13,player_rebounds_hito,REB,over,12,11.5,Tobias Harris 12+ REB,1,
3d8390dbd6c8c782cc9e55f2922ab37f1ef9eea1,20260514_094005,2026-05-14T09:40:05-03:00,2026-05-14T12:40:05+00:00,betano,basketball,NBA,props_nba_20260514_094005.csv,Cleveland Cavaliers Detroit Pistons,cleveland cavaliers detroit pistons,Tobias Harris,tobias harris,Rebotes (hitos),13+,0.0,16.5,player_rebounds_hito,REB,over,13,12.5,Tobias Harris 13+ REB,1,
f546e93ac68b8a67adb12ecddcbd634460f82a7a,20260514_094005,2026-05-14T09:40:05-03:00,2026-05-14T12:40:05+00:00,betano,basketball,NBA,props_nba_20260514_094005.csv,Cleveland Cavaliers Detroit Pistons,cleveland cavaliers detroit pistons,Cade Cunningham,cade cunningham,Rebotes (hitos),4+,0.0,1.26,player_rebounds_hito,REB,over,4,3.5,Cade Cunningham 4+ REB,1,
b90ef58dad869b5605adf36a3319eab20d9f681c,20260514_094005,2026-05-14T09:40:05-03:00,2026-05-14T12:40:05+00:00,betano,basketball,NBA,props_nba_20260514_094005.csv,Cleveland Cavaliers Detroit Pistons,cleveland cavaliers detroit pistons,Cade Cunningham,cade cunningham,Rebotes (hitos),5+,0.0,1.62,player_rebounds_hito,REB,over,5,4.5,Cade Cunningham 5+ REB,1,
4cd79517e880806f80d21de328717832e648c13a,20260514_094005,2026-05-14T09:40:05-03:00,2026-05-14T12:40:05+00:00,betano,basketball,NBA,props_nba_20260514_094005.csv,Cleveland Cavaliers Detroit Pistons,cleveland cavaliers detroit pistons,Cade Cunningham,cade cunningham,Rebotes (hitos),6+,0.0,2.27,player_rebounds_hito,REB,over,6,5.5,Cade Cunningham 6+ REB,1,
ceb41f0dcc9f2c3843992600548eeae1d0453aa9,20260514_094005,2026-05-14T09:40:05-03:00,2026-05-14T12:40:05+00:00,betano,basketball,NBA,props_nba_20260514_094005.csv,Cleveland Cavaliers Detroit Pistons,cleveland cavaliers detroit pistons,Cade Cunningham,cade cunningham,Rebotes (hitos),7+,0.0,3.5,player_rebounds_hito,REB,over,7,6.5,Cade Cunningham 7+ REB,1,
7147f5eeed01933039c2d60649cb19a3d0828d07,20260514_094005,2026-05-14T09:40:05-03:00,2026-05-14T12:40:05+00:00,betano,basketball,NBA,props_nba_20260514_094005.csv,Cleveland Cavaliers Detroit Pistons,cleveland cavaliers detroit pistons,Cade Cunningham,cade cunningham,Rebotes (hitos),8+,0.0,5.5,player_rebounds_hito,REB,over,8,7.5,Cade Cunningham 8+ REB,1,
9654632cced707bed4c291b32271ac7ba316babc,20260514_094005,2026-05-14T09:40:05-03:00,2026-05-14T12:40:05+00:00,betano,basketball,NBA,props_nba_20260514_094005.csv,Cleveland Cavaliers Detroit Pistons,cleveland cavaliers detroit pistons,Cade Cunningham,cade cunningham,Rebotes (hitos),9+,0.0,8.75,player_rebounds_hito,REB,over,9,8.5,Cade Cunningham 9+ REB,1,
94711a727b63667a2603f51089561938d721895f,20260514_094005,2026-05-14T09:40:05-03:00,2026-05-14T12:40:05+00:00,betano,basketball,NBA,props_nba_20260514_094005.csv,Cleveland Cavaliers Detroit Pistons,cleveland cavaliers detroit pistons,James Harden,james harden,Rebotes (hitos),4+,0.0,1.36,player_rebounds_hito,REB,over,4,3.5,James Harden 4+ REB,1,
ae24166226456fafc7d6aa83fe39a8d5f21c55df,20260514_094005,2026-05-14T09:40:05-03:00,2026-05-14T12:40:05+00:00,betano,basketball,NBA,props_nba_20260514_094005.csv,Cleveland Cavaliers Detroit Pistons,cleveland cavaliers detroit pistons,James Harden,james harden,Rebotes (hitos),5+,0.0,1.85,player_rebounds_hito,REB,over,5,4.5,James Harden 5+ REB,1,
6ed43fcdb4284d7a96cb9b5a2b8507b9fe8fb833,20260514_094005,2026-05-14T09:40:05-03:00,2026-05-14T12:40:05+00:00,betano,basketball,NBA,props_nba_20260514_094005.csv,Cleveland Cavaliers Detroit Pistons,cleveland cavaliers detroit pistons,James Harden,james harden,Rebotes (hitos),6+,0.0,2.75,player_rebounds_hito,REB,over,6,5.5,James Harden 6+ REB,1,
7b1c91f611a0e7d6143fd49110c9a17aaf8535e2,20260514_094005,2026-05-14T09:40:05-03:00,2026-05-14T12:40:05+00:00,betano,basketball,NBA,props_nba_20260514_094005.csv,Cleveland Cavaliers Detroit Pistons,cleveland cavaliers detroit pistons,James Harden,james harden,Rebotes (hitos),7+,0.0,4.3,player_rebounds_hito,REB,over,7,6.5,James Harden 7+ REB,1,
1645ed8a4e57f5b77e8d6f8b827d240a8c5d982a,20260514_094005,2026-05-14T09:40:05-03:00,2026-05-14T12:40:05+00:00,betano,basketball,NBA,props_nba_20260514_094005.csv,Cleveland Cavaliers Detroit Pistons,cleveland cavaliers detroit pistons,James Harden,james harden,Rebotes (hitos),8+,0.0,7.1,player_rebounds_hito,REB,over,8,7.5,James Harden 8+ REB,1,
07d14a9fe5febc02d71349113770a3ccf5bf4a0f,20260514_094005,2026-05-14T09:40:05-03:00,2026-05-14T12:40:05+00:00,betano,basketball,NBA,props_nba_20260514_094005.csv,Cleveland Cavaliers Detroit Pistons,cleveland cavaliers detroit pistons,James Harden,james harden,Rebotes (hitos),9+,0.0,11,player_rebounds_hito,REB,over,9,8.5,James Harden 9+ REB,1,
01d8a2d7bfc87ab211a8d39edc676692176a7746,20260514_094005,2026-05-14T09:40:05-03:00,2026-05-14T12:40:05+00:00,betano,basketball,NBA,props_nba_20260514_094005.csv,Cleveland Cavaliers Detroit Pistons,cleveland cavaliers detroit pistons,Max Strus,max strus,Rebotes (hitos),4+,0.0,1.39,player_rebounds_hito,REB,over,4,3.5,Max Strus 4+ REB,1,
f3d7b106c958e4f196fce39a2fb30bbf847bce19,20260514_094005,2026-05-14T09:40:05-03:00,2026-05-14T12:40:05+00:00,betano,basketball,NBA,props_nba_20260514_094005.csv,Cleveland Cavaliers Detroit Pistons,cleveland cavaliers detroit pistons,Max Strus,max strus,Rebotes (hitos),5+,0.0,1.9,player_rebounds_hito,REB,over,5,4.5,Max Strus 5+ REB,1,
04abf124dbe6427c9c9151198a884d9d3a6b32b0,20260514_094005,2026-05-14T09:40:05-03:00,2026-05-14T12:40:05+00:00,betano,basketball,NBA,props_nba_20260514_094005.csv,Cleveland Cavaliers Detroit Pistons,cleveland cavaliers detroit pistons,Max Strus,max strus,Rebotes (hitos),6+,0.0,2.85,player_rebounds_hito,REB,over,6,5.5,Max Strus 6+ REB,1,
0504ddb333c9f5b97a80910ff0387e83535091af,20260514_094005,2026-05-14T09:40:05-03:00,2026-05-14T12:40:05+00:00,betano,basketball,NBA,props_nba_20260514_094005.csv,Cleveland Cavaliers Detroit Pistons,cleveland cavaliers detroit pistons,Max Strus,max strus,Rebotes (hitos),7+,0.0,4.65,player_rebounds_hito,REB,over,7,6.5,Max Strus 7+ REB,1,
e5d74ce45f5b84823dc42f962f12ab408f0f3a36,20260514_094005,2026-05-14T09:40:05-03:00,2026-05-14T12:40:05+00:00,betano,basketball,NBA,props_nba_20260514_094005.csv,Cleveland Cavaliers Detroit Pistons,cleveland cavaliers detroit pistons,Max Strus,max strus,Rebotes (hitos),8+,0.0,7.5,player_rebounds_hito,REB,over,8,7.5,Max Strus 8+ REB,1,
59c7f9a271ee3114c6832aef5df66e1199d9bce9,20260514_094005,2026-05-14T09:40:05-03:00,2026-05-14T12:40:05+00:00,betano,basketball,NBA,props_nba_20260514_094005.csv,Cleveland Cavaliers Detroit Pistons,cleveland cavaliers detroit pistons,Max Strus,max strus,Rebotes (hitos),9+,0.0,11.5,player_rebounds_hito,REB,over,9,8.5,Max Strus 9+ REB,1,
091dde76d34a436e4ea65f0684dac12424da1cf7,20260514_094005,2026-05-14T09:40:05-03:00,2026-05-14T12:40:05+00:00,betano,basketball,NBA,props_nba_20260514_094005.csv,Cleveland Cavaliers Detroit Pistons,cleveland cavaliers detroit pistons,Donovan Mitchell,donovan mitchell,Rebotes (hitos),4+,0.0,1.4,player_rebounds_hito,REB,over,4,3.5,Donovan Mitchell 4+ REB,1,
edeac23e8df59b33f7a1f0a7924a7dcd6161d660,20260514_094005,2026-05-14T09:40:05-03:00,2026-05-14T12:40:05+00:00,betano,basketball,NBA,props_nba_20260514_094005.csv,Cleveland Cavaliers Detroit Pistons,cleveland cavaliers detroit pistons,Donovan Mitchell,donovan mitchell,Rebotes (hitos),5+,0.0,1.93,player_rebounds_hito,REB,over,5,4.5,Donovan Mitchell 5+ REB,1,
ef1d1e679605735f43253b2ca05ea19c3a9203e7,20260514_094005,2026-05-14T09:40:05-03:00,2026-05-14T12:40:05+00:00,betano,basketball,NBA,props_nba_20260514_094005.csv,Cleveland Cavaliers Detroit Pistons,cleveland cavaliers detroit pistons,Donovan Mitchell,donovan mitchell,Rebotes (hitos),6+,0.0,2.9,player_rebounds_hito,REB,over,6,5.5,Donovan Mitchell 6+ REB,1,
6d45f5ae0c4dea0ac44ed164ef6cf52f3efb7000,20260514_094005,2026-05-14T09:40:05-03:00,2026-05-14T12:40:05+00:00,betano,basketball,NBA,props_nba_20260514_094005.csv,Cleveland Cavaliers Detroit Pistons,cleveland cavaliers detroit pistons,Donovan Mitchell,donovan mitchell,Rebotes (hitos),7+,0.0,4.65,player_rebounds_hito,REB,over,7,6.5,Donovan Mitchell 7+ REB,1,
48ee086d0f149b2c1a4572305b0433d5fed49ea5,20260514_094005,2026-05-14T09:40:05-03:00,2026-05-14T12:40:05+00:00,betano,basketball,NBA,props_nba_20260514_094005.csv,Cleveland Cavaliers Detroit Pistons,cleveland cavaliers detroit pistons,Donovan Mitchell,donovan mitchell,Rebotes (hitos),8+,0.0,7.6,player_rebounds_hito,REB,over,8,7.5,Donovan Mitchell 8+ REB,1,
077d000c8166804f63e8982d14de414da6837dd3,20260514_094005,2026-05-14T09:40:05-03:00,2026-05-14T12:40:05+00:00,betano,basketball,NBA,props_nba_20260514_094005.csv,Cleveland Cavaliers Detroit Pistons,cleveland cavaliers detroit pistons,Donovan Mitchell,donovan mitchell,Rebotes (hitos),9+,0.0,11.5,player_rebounds_hito,REB,over,9,8.5,Donovan Mitchell 9+ REB,1,
242e4cd40e5e5717def55896dcb13f2c7a47155f,20260514_094005,2026-05-14T09:40:05-03:00,2026-05-14T12:40:05+00:00,betano,basketball,NBA,props_nba_20260514_094005.csv,Cleveland Cavaliers Detroit Pistons,cleveland cavaliers detroit pistons,Dean Wade,dean wade,Rebotes (hitos),3+,0.0,1.36,player_rebounds_hito,REB,over,3,2.5,Dean Wade 3+ REB,1,
185f5680873b5506c02e70639e2441bef554e66c,20260514_094005,2026-05-14T09:40:05-03:00,2026-05-14T12:40:05+00:00,betano,basketball,NBA,props_nba_20260514_094005.csv,Cleveland Cavaliers Detroit Pistons,cleveland cavaliers detroit pistons,Dean Wade,dean wade,Rebotes (hitos),4+,0.0,1.93,player_rebounds_hito,REB,over,4,3.5,Dean Wade 4+ REB,1,
fdf3fb7c98d89bd0651d32469c9dea261ef8e4fd,20260514_094005,2026-05-14T09:40:05-03:00,2026-05-14T12:40:05+00:00,betano,basketball,NBA,props_nba_20260514_094005.csv,Cleveland Cavaliers Detroit Pistons,cleveland cavaliers detroit pistons,Dean Wade,dean wade,Rebotes (hitos),5+,0.0,3.1,player_rebounds_hito,REB,over,5,4.5,Dean Wade 5+ REB,1,
465417ff13c8f44b72f458fd552c9ac2b4cc772d,20260514_094005,2026-05-14T09:40:05-03:00,2026-05-14T12:40:05+00:00,betano,basketball,NBA,props_nba_20260514_094005.csv,Cleveland Cavaliers Detroit Pistons,cleveland cavaliers detroit pistons,Dean Wade,dean wade,Rebotes (hitos),6+,0.0,5.3,player_rebounds_hito,REB,over,6,5.5,Dean Wade 6+ REB,1,
4057a0a3e8c9897f946a887c4c969c92a60ed814,20260514_094005,2026-05-14T09:40:05-03:00,2026-05-14T12:40:05+00:00,betano,basketball,NBA,props_nba_20260514_094005.csv,Cleveland Cavaliers Detroit Pistons,cleveland cavaliers detroit pistons,Dean Wade,dean wade,Rebotes (hitos),7+,0.0,9,player_rebounds_hito,REB,over,7,6.5,Dean Wade 7+ REB,1,
3b43812871fcab5f6489532494e790e38ef6e5f7,20260514_094005,2026-05-14T09:40:05-03:00,2026-05-14T12:40:05+00:00,betano,basketball,NBA,props_nba_20260514_094005.csv,Cleveland Cavaliers Detroit Pistons,cleveland cavaliers detroit pistons,Dean Wade,dean wade,Rebotes (hitos),8+,0.0,13.5,player_rebounds_hito,REB,over,8,7.5,Dean Wade 8+ REB,1,
904a8a75ff2e3ece54d4d31fb24dcd706ab107fc,20260514_094005,2026-05-14T09:40:05-03:00,2026-05-14T12:40:05+00:00,betano,basketball,NBA,props_nba_20260514_094005.csv,Cleveland Cavaliers Detroit Pistons,cleveland cavaliers detroit pistons,Duncan Robinson,duncan robinson,Rebotes (hitos),2+,0.0,1.29,player_rebounds_hito,REB,over,2,1.5,Duncan Robinson 2+ REB,1,
1811f2f531e212c44b43f3e02214fedcc404aafc,20260514_094005,2026-05-14T09:40:05-03:00,2026-05-14T12:40:05+00:00,betano,basketball,NBA,props_nba_20260514_094005.csv,Cleveland Cavaliers Detroit Pistons,cleveland cavaliers detroit pistons,Duncan Robinson,duncan robinson,Rebotes (hitos),3+,0.0,1.95,player_rebounds_hito,REB,over,3,2.5,Duncan Robinson 3+ REB,1,
232c9c9743feaaf2b00e4769426e7827dab21e88,20260514_094005,2026-05-14T09:40:05-03:00,2026-05-14T12:40:05+00:00,betano,basketball,NBA,props_nba_20260514_094005.csv,Cleveland Cavaliers Detroit Pistons,cleveland cavaliers detroit pistons,Duncan Robinson,duncan robinson,Rebotes (hitos),4+,0.0,3.4,player_rebounds_hito,REB,over,4,3.5,Duncan Robinson 4+ REB,1,
71e1e64d83cc6ee5df67c9b51593b55cc7f1c4bf,20260514_094005,2026-05-14T09:40:05-03:00,2026-05-14T12:40:05+00:00,betano,basketball,NBA,props_nba_20260514_094005.csv,Cleveland Cavaliers Detroit Pistons,cleveland cavaliers detroit pistons,Duncan Robinson,duncan robinson,Rebotes (hitos),5+,0.0,6.3,player_rebounds_hito,REB,over,5,4.5,Duncan Robinson 5+ REB,1,
3e16d80661b8fd1fe520e03876212b3755e9686a,20260514_094005,2026-05-14T09:40:05-03:00,2026-05-14T12:40:05+00:00,betano,basketball,NBA,props_nba_20260514_094005.csv,Cleveland Cavaliers Detroit Pistons,cleveland cavaliers detroit pistons,Daniss Jenkins,daniss jenkins,Rebotes (hitos),2+,0.0,1.34,player_rebounds_hito,REB,over,2,1.5,Daniss Jenkins 2+ REB,1,
215ebeea33d31df7ae180c7457af521b8fc35b00,20260514_094005,2026-05-14T09:40:05-03:00,2026-05-14T12:40:05+00:00,betano,basketball,NBA,props_nba_20260514_094005.csv,Cleveland Cavaliers Detroit Pistons,cleveland cavaliers detroit pistons,Daniss Jenkins,daniss jenkins,Rebotes (hitos),3+,0.0,2.07,player_rebounds_hito,REB,over,3,2.5,Daniss Jenkins 3+ REB,1,
12562c9cf7ecbec98ebcf0f7c9ef2dbb882d2331,20260514_094005,2026-05-14T09:40:05-03:00,2026-05-14T12:40:05+00:00,betano,basketball,NBA,props_nba_20260514_094005.csv,Cleveland Cavaliers Detroit Pistons,cleveland cavaliers detroit pistons,Daniss Jenkins,daniss jenkins,Rebotes (hitos),4+,0.0,3.7,player_rebounds_hito,REB,over,4,3.5,Daniss Jenkins 4+ REB,1,
55d5accb8a6cd57d4becbaf1778ee00fec630833,20260514_094005,2026-05-14T09:40:05-03:00,2026-05-14T12:40:05+00:00,betano,basketball,NBA,props_nba_20260514_094005.csv,Cleveland Cavaliers Detroit Pistons,cleveland cavaliers detroit pistons,Daniss Jenkins,daniss jenkins,Rebotes (hitos),5+,0.0,7,player_rebounds_hito,REB,over,5,4.5,Daniss Jenkins 5+ REB,1,
ab83bcd5d6c5a8144d80fc4a670808aab1148b68,20260514_094005,2026-05-14T09:40:05-03:00,2026-05-14T12:40:05+00:00,betano,basketball,NBA,props_nba_20260514_094005.csv,Cleveland Cavaliers Detroit Pistons,cleveland cavaliers detroit pistons,Dennis Schroder,dennis schroder,Rebotes (hitos),1+,0.0,1.19,player_rebounds_hito,REB,over,1,0.5,Dennis Schroder 1+ REB,1,
63faa0b562906f9fc4e42ca1e6ee1894b85dc3c9,20260514_094005,2026-05-14T09:40:05-03:00,2026-05-14T12:40:05+00:00,betano,basketball,NBA,props_nba_20260514_094005.csv,Cleveland Cavaliers Detroit Pistons,cleveland cavaliers detroit pistons,Dennis Schroder,dennis schroder,Rebotes (hitos),2+,0.0,2,player_rebounds_hito,REB,over,2,1.5,Dennis Schroder 2+ REB,1,
b1a66da624c0b15b1fc42f69fbd0723f85f6d450,20260514_094005,2026-05-14T09:40:05-03:00,2026-05-14T12:40:05+00:00,betano,basketball,NBA,props_nba_20260514_094005.csv,Cleveland Cavaliers Detroit Pistons,cleveland cavaliers detroit pistons,Dennis Schroder,dennis schroder,Rebotes (hitos),3+,0.0,4.05,player_rebounds_hito,REB,over,3,2.5,Dennis Schroder 3+ REB,1,
f6834d8fddb66a33bd76c7d7ef2ec8951134059a,20260514_094005,2026-05-14T09:40:05-03:00,2026-05-14T12:40:05+00:00,betano,basketball,NBA,props_nba_20260514_094005.csv,Cleveland Cavaliers Detroit Pistons,cleveland cavaliers detroit pistons,Dennis Schroder,dennis schroder,Rebotes (hitos),4+,0.0,8.25,player_rebounds_hito,REB,over,4,3.5,Dennis Schroder 4+ REB,1,
a704da2f9ad7e90cd6ebf00aaea81ffb40fed78e,20260514_094005,2026-05-14T09:40:05-03:00,2026-05-14T12:40:05+00:00,betano,basketball,NBA,props_nba_20260514_094005.csv,Cleveland Cavaliers Detroit Pistons,cleveland cavaliers detroit pistons,Sam Merrill,sam merrill,Rebotes (hitos),1+,0.0,1.2,player_rebounds_hito,REB,over,1,0.5,Sam Merrill 1+ REB,1,
102bb00a0f4c7afc1a187fad19a7fa6e9fcec7b5,20260514_094005,2026-05-14T09:40:05-03:00,2026-05-14T12:40:05+00:00,betano,basketball,NBA,props_nba_20260514_094005.csv,Cleveland Cavaliers Detroit Pistons,cleveland cavaliers detroit pistons,Sam Merrill,sam merrill,Rebotes (hitos),2+,0.0,2,player_rebounds_hito,REB,over,2,1.5,Sam Merrill 2+ REB,1,
59d7b82f11823b43ae8153b09778830024b6f3fa,20260514_094005,2026-05-14T09:40:05-03:00,2026-05-14T12:40:05+00:00,betano,basketball,NBA,props_nba_20260514_094005.csv,Cleveland Cavaliers Detroit Pistons,cleveland cavaliers detroit pistons,Sam Merrill,sam merrill,Rebotes (hitos),3+,0.0,4.2,player_rebounds_hito,REB,over,3,2.5,Sam Merrill 3+ REB,1,
c77c21931d3602b0552bccd2d7c3fc7cb154219d,20260514_094005,2026-05-14T09:40:05-03:00,2026-05-14T12:40:05+00:00,betano,basketball,NBA,props_nba_20260514_094005.csv,Cleveland Cavaliers Detroit Pistons,cleveland cavaliers detroit pistons,Sam Merrill,sam merrill,Rebotes (hitos),4+,0.0,9,player_rebounds_hito,REB,over,4,3.5,Sam Merrill 4+ REB,1,
0380f635b1119630395e64a38c66fdfa298d9a79,20260514_094005,2026-05-14T09:40:05-03:00,2026-05-14T12:40:05+00:00,betano,basketball,NBA,props_nba_20260514_094005.csv,Cleveland Cavaliers Detroit Pistons,cleveland cavaliers detroit pistons,Donovan Mitchell,donovan mitchell,Triples (hitos),2+,0.0,1.17,player_threes_hito,3PM,over,2,1.5,Donovan Mitchell 2+ 3PM,1,
defee07c1ed404a66cb2251b1ce646a050a1a294,20260514_094005,2026-05-14T09:40:05-03:00,2026-05-14T12:40:05+00:00,betano,basketball,NBA,props_nba_20260514_094005.csv,Cleveland Cavaliers Detroit Pistons,cleveland cavaliers detroit pistons,Donovan Mitchell,donovan mitchell,Triples (hitos),3+,0.0,1.62,player_threes_hito,3PM,over,3,2.5,Donovan Mitchell 3+ 3PM,1,
327e6324156ad6f513f4104b6dd4b8d8dce87168,20260514_094005,2026-05-14T09:40:05-03:00,2026-05-14T12:40:05+00:00,betano,basketball,NBA,props_nba_20260514_094005.csv,Cleveland Cavaliers Detroit Pistons,cleveland cavaliers detroit pistons,Donovan Mitchell,donovan mitchell,Triples (hitos),4+,0.0,2.55,player_threes_hito,3PM,over,4,3.5,Donovan Mitchell 4+ 3PM,1,
c6d384f7774a63994fe88c98f5e65584375b6a31,20260514_094005,2026-05-14T09:40:05-03:00,2026-05-14T12:40:05+00:00,betano,basketball,NBA,props_nba_20260514_094005.csv,Cleveland Cavaliers Detroit Pistons,cleveland cavaliers detroit pistons,Donovan Mitchell,donovan mitchell,Triples (hitos),5+,0.0,4.6,player_threes_hito,3PM,over,5,4.5,Donovan Mitchell 5+ 3PM,1,
2c8ca5dceabd508c7f00a4425837ccb64270f398,20260514_094005,2026-05-14T09:40:05-03:00,2026-05-14T12:40:05+00:00,betano,basketball,NBA,props_nba_20260514_094005.csv,Cleveland Cavaliers Detroit Pistons,cleveland cavaliers detroit pistons,Duncan Robinson,duncan robinson,Triples (hitos),2+,0.0,1.24,player_threes_hito,3PM,over,2,1.5,Duncan Robinson 2+ 3PM,1,
209c9de728d3eb35ffb1d3431120a0b62ce95210,20260514_094005,2026-05-14T09:40:05-03:00,2026-05-14T12:40:05+00:00,betano,basketball,NBA,props_nba_20260514_094005.csv,Cleveland Cavaliers Detroit Pistons,cleveland cavaliers detroit pistons,Duncan Robinson,duncan robinson,Triples (hitos),3+,0.0,1.8,player_threes_hito,3PM,over,3,2.5,Duncan Robinson 3+ 3PM,1,
55d65e954e2f217c0cd9e493eeb9a479962f16a1,20260514_094005,2026-05-14T09:40:05-03:00,2026-05-14T12:40:05+00:00,betano,basketball,NBA,props_nba_20260514_094005.csv,Cleveland Cavaliers Detroit Pistons,cleveland cavaliers detroit pistons,Duncan Robinson,duncan robinson,Triples (hitos),4+,0.0,3.05,player_threes_hito,3PM,over,4,3.5,Duncan Robinson 4+ 3PM,1,
98f2ee8780a9b8a9e8d9f31a30f028e30bc698e5,20260514_094005,2026-05-14T09:40:05-03:00,2026-05-14T12:40:05+00:00,betano,basketball,NBA,props_nba_20260514_094005.csv,Cleveland Cavaliers Detroit Pistons,cleveland cavaliers detroit pistons,Duncan Robinson,duncan robinson,Triples (hitos),5+,0.0,5.7,player_threes_hito,3PM,over,5,4.5,Duncan Robinson 5+ 3PM,1,
3db3964a12dca3ab24e32ac600ac35d2a673e3f4,20260514_094005,2026-05-14T09:40:05-03:00,2026-05-14T12:40:05+00:00,betano,basketball,NBA,props_nba_20260514_094005.csv,Cleveland Cavaliers Detroit Pistons,cleveland cavaliers detroit pistons,James Harden,james harden,Triples (hitos),2+,0.0,1.29,player_threes_hito,3PM,over,2,1.5,James Harden 2+ 3PM,1,
28da07bc03dbc3d3e11003937128ebd692ecdd44,20260514_094005,2026-05-14T09:40:05-03:00,2026-05-14T12:40:05+00:00,betano,basketball,NBA,props_nba_20260514_094005.csv,Cleveland Cavaliers Detroit Pistons,cleveland cavaliers detroit pistons,James Harden,james harden,Triples (hitos),3+,0.0,1.95,player_threes_hito,3PM,over,3,2.5,James Harden 3+ 3PM,1,
0479ba9841f729630adff3d8a0f522bc576ca5c6,20260514_094005,2026-05-14T09:40:05-03:00,2026-05-14T12:40:05+00:00,betano,basketball,NBA,props_nba_20260514_094005.csv,Cleveland Cavaliers Detroit Pistons,cleveland cavaliers detroit pistons,James Harden,james harden,Triples (hitos),4+,0.0,3.4,player_threes_hito,3PM,over,4,3.5,James Harden 4+ 3PM,1,
bb92502bec90666141e94ae9a3eec44bc39c9615,20260514_094005,2026-05-14T09:40:05-03:00,2026-05-14T12:40:05+00:00,betano,basketball,NBA,props_nba_20260514_094005.csv,Cleveland Cavaliers Detroit Pistons,cleveland cavaliers detroit pistons,James Harden,james harden,Triples (hitos),5+,0.0,6.3,player_threes_hito,3PM,over,5,4.5,James Harden 5+ 3PM,1,
ef9dee7a9ef3f37aa0ed249ae432572c567456f4,20260514_094005,2026-05-14T09:40:05-03:00,2026-05-14T12:40:05+00:00,betano,basketball,NBA,props_nba_20260514_094005.csv,Cleveland Cavaliers Detroit Pistons,cleveland cavaliers detroit pistons,Cade Cunningham,cade cunningham,Triples (hitos),2+,0.0,1.38,player_threes_hito,3PM,over,2,1.5,Cade Cunningham 2+ 3PM,1,
92cecdc650155a53d01730b5319339945c0f97f5,20260514_094005,2026-05-14T09:40:05-03:00,2026-05-14T12:40:05+00:00,betano,basketball,NBA,props_nba_20260514_094005.csv,Cleveland Cavaliers Detroit Pistons,cleveland cavaliers detroit pistons,Cade Cunningham,cade cunningham,Triples (hitos),3+,0.0,2.25,player_threes_hito,3PM,over,3,2.5,Cade Cunningham 3+ 3PM,1,
8ab22f391f3800858ab91f2852d257d8bca94779,20260514_094005,2026-05-14T09:40:05-03:00,2026-05-14T12:40:05+00:00,betano,basketball,NBA,props_nba_20260514_094005.csv,Cleveland Cavaliers Detroit Pistons,cleveland cavaliers detroit pistons,Cade Cunningham,cade cunningham,Triples (hitos),4+,0.0,4.15,player_threes_hito,3PM,over,4,3.5,Cade Cunningham 4+ 3PM,1,
f08d360ed09acb081c7b0b2184350fb20dc2636c,20260514_094005,2026-05-14T09:40:05-03:00,2026-05-14T12:40:05+00:00,betano,basketball,NBA,props_nba_20260514_094005.csv,Cleveland Cavaliers Detroit Pistons,cleveland cavaliers detroit pistons,Cade Cunningham,cade cunningham,Triples (hitos),5+,0.0,8,player_threes_hito,3PM,over,5,4.5,Cade Cunningham 5+ 3PM,1,
634dfadc1a3e1a37e020aa67ecd07f5ace7588c1,20260514_094005,2026-05-14T09:40:05-03:00,2026-05-14T12:40:05+00:00,betano,basketball,NBA,props_nba_20260514_094005.csv,Cleveland Cavaliers Detroit Pistons,cleveland cavaliers detroit pistons,Max Strus,max strus,Triples (hitos),1+,0.0,1.06,player_threes_hito,3PM,over,1,0.5,Max Strus 1+ 3PM,1,
899e846655d50109106ce6748e0764ec2972b164,20260514_094005,2026-05-14T09:40:05-03:00,2026-05-14T12:40:05+00:00,betano,basketball,NBA,props_nba_20260514_094005.csv,Cleveland Cavaliers Detroit Pistons,cleveland cavaliers detroit pistons,Max Strus,max strus,Triples (hitos),2+,0.0,1.47,player_threes_hito,3PM,over,2,1.5,Max Strus 2+ 3PM,1,
468260e35c80b94214f1dec8d290907e38ccb818,20260514_094005,2026-05-14T09:40:05-03:00,2026-05-14T12:40:05+00:00,betano,basketball,NBA,props_nba_20260514_094005.csv,Cleveland Cavaliers Detroit Pistons,cleveland cavaliers detroit pistons,Max Strus,max strus,Triples (hitos),3+,0.0,2.45,player_threes_hito,3PM,over,3,2.5,Max Strus 3+ 3PM,1,
88291709d521dc2549f18a56bfdc3f33484f97da,20260514_094005,2026-05-14T09:40:05-03:00,2026-05-14T12:40:05+00:00,betano,basketball,NBA,props_nba_20260514_094005.csv,Cleveland Cavaliers Detroit Pistons,cleveland cavaliers detroit pistons,Max Strus,max strus,Triples (hitos),4+,0.0,4.7,player_threes_hito,3PM,over,4,3.5,Max Strus 4+ 3PM,1,
bf83d8ef74eb14fa580f1c6a4a2178ebfc592235,20260514_094005,2026-05-14T09:40:05-03:00,2026-05-14T12:40:05+00:00,betano,basketball,NBA,props_nba_20260514_094005.csv,Cleveland Cavaliers Detroit Pistons,cleveland cavaliers detroit pistons,Tobias Harris,tobias harris,Triples (hitos),1+,0.0,1.14,player_threes_hito,3PM,over,1,0.5,Tobias Harris 1+ 3PM,1,
f031c0630a25b4118a45126241cda8014143ef07,20260514_094005,2026-05-14T09:40:05-03:00,2026-05-14T12:40:05+00:00,betano,basketball,NBA,props_nba_20260514_094005.csv,Cleveland Cavaliers Detroit Pistons,cleveland cavaliers detroit pistons,Tobias Harris,tobias harris,Triples (hitos),2+,0.0,1.78,player_threes_hito,3PM,over,2,1.5,Tobias Harris 2+ 3PM,1,
de05e981747ce5301b596e76d6976d43f19730a8,20260514_094005,2026-05-14T09:40:05-03:00,2026-05-14T12:40:05+00:00,betano,basketball,NBA,props_nba_20260514_094005.csv,Cleveland Cavaliers Detroit Pistons,cleveland cavaliers detroit pistons,Tobias Harris,tobias harris,Triples (hitos),3+,0.0,3.45,player_threes_hito,3PM,over,3,2.5,Tobias Harris 3+ 3PM,1,
1c90354a66182a61135c8a29edab192361f97fb5,20260514_094005,2026-05-14T09:40:05-03:00,2026-05-14T12:40:05+00:00,betano,basketball,NBA,props_nba_20260514_094005.csv,Cleveland Cavaliers Detroit Pistons,cleveland cavaliers detroit pistons,Tobias Harris,tobias harris,Triples (hitos),4+,0.0,7.2,player_threes_hito,3PM,over,4,3.5,Tobias Harris 4+ 3PM,1,
388e8c294f8936976e72ba5ab5be850d823f0ccd,20260514_094005,2026-05-14T09:40:05-03:00,2026-05-14T12:40:05+00:00,betano,basketball,NBA,props_nba_20260514_094005.csv,Cleveland Cavaliers Detroit Pistons,cleveland cavaliers detroit pistons,Sam Merrill,sam merrill,Triples (hitos),1+,0.0,1.24,player_threes_hito,3PM,over,1,0.5,Sam Merrill 1+ 3PM,1,
457c2a938026308a38cb483d1d1d43784823049d,20260514_094005,2026-05-14T09:40:05-03:00,2026-05-14T12:40:05+00:00,betano,basketball,NBA,props_nba_20260514_094005.csv,Cleveland Cavaliers Detroit Pistons,cleveland cavaliers detroit pistons,Sam Merrill,sam merrill,Triples (hitos),2+,0.0,2.18,player_threes_hito,3PM,over,2,1.5,Sam Merrill 2+ 3PM,1,
44dfab6ac2303df030919e89d3230bc931eb0193,20260514_094005,2026-05-14T09:40:05-03:00,2026-05-14T12:40:05+00:00,betano,basketball,NBA,props_nba_20260514_094005.csv,Cleveland Cavaliers Detroit Pistons,cleveland cavaliers detroit pistons,Sam Merrill,sam merrill,Triples (hitos),3+,0.0,4.65,player_threes_hito,3PM,over,3,2.5,Sam Merrill 3+ 3PM,1,
98b8294693c5f980445b042b4b368302c918f784,20260514_094005,2026-05-14T09:40:05-03:00,2026-05-14T12:40:05+00:00,betano,basketball,NBA,props_nba_20260514_094005.csv,Cleveland Cavaliers Detroit Pistons,cleveland cavaliers detroit pistons,Sam Merrill,sam merrill,Triples (hitos),4+,0.0,10,player_threes_hito,3PM,over,4,3.5,Sam Merrill 4+ 3PM,1,
4b514836fefbee936e86c2ceee2c461a89a71bf0,20260514_094005,2026-05-14T09:40:05-03:00,2026-05-14T12:40:05+00:00,betano,basketball,NBA,props_nba_20260514_094005.csv,Cleveland Cavaliers Detroit Pistons,cleveland cavaliers detroit pistons,Daniss Jenkins,daniss jenkins,Triples (hitos),1+,0.0,1.35,player_threes_hito,3PM,over,1,0.5,Daniss Jenkins 1+ 3PM,1,
5b13964ecd0434b2d1c15ab14a9ab4ded0d5048e,20260514_094005,2026-05-14T09:40:05-03:00,2026-05-14T12:40:05+00:00,betano,basketball,NBA,props_nba_20260514_094005.csv,Cleveland Cavaliers Detroit Pistons,cleveland cavaliers detroit pistons,Daniss Jenkins,daniss jenkins,Triples (hitos),2+,0.0,2.7,player_threes_hito,3PM,over,2,1.5,Daniss Jenkins 2+ 3PM,1,
004d044ec604a8384fd11fb662b2162e4812dad8,20260514_094005,2026-05-14T09:40:05-03:00,2026-05-14T12:40:05+00:00,betano,basketball,NBA,props_nba_20260514_094005.csv,Cleveland Cavaliers Detroit Pistons,cleveland cavaliers detroit pistons,Daniss Jenkins,daniss jenkins,Triples (hitos),3+,0.0,5.8,player_threes_hito,3PM,over,3,2.5,Daniss Jenkins 3+ 3PM,1,
f66344af83f804e08b53bfffb5cd4195f86b5720,20260514_094005,2026-05-14T09:40:05-03:00,2026-05-14T12:40:05+00:00,betano,basketball,NBA,props_nba_20260514_094005.csv,Cleveland Cavaliers Detroit Pistons,cleveland cavaliers detroit pistons,Daniss Jenkins,daniss jenkins,Triples (hitos),4+,0.0,9.25,player_threes_hito,3PM,over,4,3.5,Daniss Jenkins 4+ 3PM,1,
6876c828a0720760e1f5612a4f2fa7cbc2dc3ad8,20260514_094005,2026-05-14T09:40:05-03:00,2026-05-14T12:40:05+00:00,betano,basketball,NBA,props_nba_20260514_094005.csv,Cleveland Cavaliers Detroit Pistons,cleveland cavaliers detroit pistons,Evan Mobley,evan mobley,Triples (hitos),1+,0.0,1.44,player_threes_hito,3PM,over,1,0.5,Evan Mobley 1+ 3PM,1,
a1e75c4601ba7716921d346e7368c3907c16b491,20260514_094005,2026-05-14T09:40:05-03:00,2026-05-14T12:40:05+00:00,betano,basketball,NBA,props_nba_20260514_094005.csv,Cleveland Cavaliers Detroit Pistons,cleveland cavaliers detroit pistons,Evan Mobley,evan mobley,Triples (hitos),2+,0.0,3.05,player_threes_hito,3PM,over,2,1.5,Evan Mobley 2+ 3PM,1,
b7238262e8b99c599fabcc49a34d625f59872c5e,20260514_094005,2026-05-14T09:40:05-03:00,2026-05-14T12:40:05+00:00,betano,basketball,NBA,props_nba_20260514_094005.csv,Cleveland Cavaliers Detroit Pistons,cleveland cavaliers detroit pistons,Evan Mobley,evan mobley,Triples (hitos),3+,0.0,7.6,player_threes_hito,3PM,over,3,2.5,Evan Mobley 3+ 3PM,1,
167c5afe1d8d72e67d03524e63c209b668cbf1f1,20260514_094005,2026-05-14T09:40:05-03:00,2026-05-14T12:40:05+00:00,betano,basketball,NBA,props_nba_20260514_094005.csv,Cleveland Cavaliers Detroit Pistons,cleveland cavaliers detroit pistons,Evan Mobley,evan mobley,Triples (hitos),4+,0.0,14.5,player_threes_hito,3PM,over,4,3.5,Evan Mobley 4+ 3PM,1,
83809e3d79be3170f637990f199c4493fb450ec9,20260514_094005,2026-05-14T09:40:05-03:00,2026-05-14T12:40:05+00:00,betano,basketball,NBA,props_nba_20260514_094005.csv,Cleveland Cavaliers Detroit Pistons,cleveland cavaliers detroit pistons,Dennis Schroder,dennis schroder,Triples (hitos),1+,0.0,1.91,player_threes_hito,3PM,over,1,0.5,Dennis Schroder 1+ 3PM,1,
4cf69fc0c0a9def0b07dd68102146601eb84391d,20260514_094005,2026-05-14T09:40:05-03:00,2026-05-14T12:40:05+00:00,betano,basketball,NBA,props_nba_20260514_094005.csv,Cleveland Cavaliers Detroit Pistons,cleveland cavaliers detroit pistons,Dennis Schroder,dennis schroder,Triples (hitos),2+,0.0,5.5,player_threes_hito,3PM,over,2,1.5,Dennis Schroder 2+ 3PM,1,
585341f37280de79c23f30b093ef44e27c28fe6d,20260514_094005,2026-05-14T09:40:05-03:00,2026-05-14T12:40:05+00:00,betano,basketball,NBA,props_nba_20260514_094005.csv,Cleveland Cavaliers Detroit Pistons,cleveland cavaliers detroit pistons,Dennis Schroder,dennis schroder,Triples (hitos),3+,0.0,13,player_threes_hito,3PM,over,3,2.5,Dennis Schroder 3+ 3PM,1,
069ef888cb36404fa9a1bcd63111f67061744284,20260514_094005,2026-05-14T09:40:05-03:00,2026-05-14T12:40:05+00:00,betano,basketball,NBA,props_nba_20260514_094005.csv,Cleveland Cavaliers Detroit Pistons,cleveland cavaliers detroit pistons,Ausar Thompson,ausar thompson,Robos (hitos),1+,0.0,1.11,player_steals_hito,STL,over,1,0.5,Ausar Thompson 1+ STL,1,
4f7b335ca3bab794938cdff0cbb7b4710dfa269d,20260514_094005,2026-05-14T09:40:05-03:00,2026-05-14T12:40:05+00:00,betano,basketball,NBA,props_nba_20260514_094005.csv,Cleveland Cavaliers Detroit Pistons,cleveland cavaliers detroit pistons,Ausar Thompson,ausar thompson,Robos (hitos),2+,0.0,1.62,player_steals_hito,STL,over,2,1.5,Ausar Thompson 2+ STL,1,
be0f125deb23361fdd8a2f3fdec31883f9c9e7af,20260514_094005,2026-05-14T09:40:05-03:00,2026-05-14T12:40:05+00:00,betano,basketball,NBA,props_nba_20260514_094005.csv,Cleveland Cavaliers Detroit Pistons,cleveland cavaliers detroit pistons,Ausar Thompson,ausar thompson,Robos (hitos),3+,0.0,2.95,player_steals_hito,STL,over,3,2.5,Ausar Thompson 3+ STL,1,
573d8ad98ad843d444797a105d8a4e92559be235,20260514_094005,2026-05-14T09:40:05-03:00,2026-05-14T12:40:05+00:00,betano,basketball,NBA,props_nba_20260514_094005.csv,Cleveland Cavaliers Detroit Pistons,cleveland cavaliers detroit pistons,Ausar Thompson,ausar thompson,Robos (hitos),4+,0.0,6,player_steals_hito,STL,over,4,3.5,Ausar Thompson 4+ STL,1,
3d5e12d98757824010eb9e868b59928e371fc7b4,20260514_094005,2026-05-14T09:40:05-03:00,2026-05-14T12:40:05+00:00,betano,basketball,NBA,props_nba_20260514_094005.csv,Cleveland Cavaliers Detroit Pistons,cleveland cavaliers detroit pistons,Tobias Harris,tobias harris,Robos (hitos),1+,0.0,1.18,player_steals_hito,STL,over,1,0.5,Tobias Harris 1+ STL,1,
aa9c2a4b6220777cb86033c60e0c2f9afe823adb,20260514_094005,2026-05-14T09:40:05-03:00,2026-05-14T12:40:05+00:00,betano,basketball,NBA,props_nba_20260514_094005.csv,Cleveland Cavaliers Detroit Pistons,cleveland cavaliers detroit pistons,Tobias Harris,tobias harris,Robos (hitos),2+,0.0,1.91,player_steals_hito,STL,over,2,1.5,Tobias Harris 2+ STL,1,
9f9ae0730c831aa62ca4bc47c5a88a438c13501c,20260514_094005,2026-05-14T09:40:05-03:00,2026-05-14T12:40:05+00:00,betano,basketball,NBA,props_nba_20260514_094005.csv,Cleveland Cavaliers Detroit Pistons,cleveland cavaliers detroit pistons,Tobias Harris,tobias harris,Robos (hitos),3+,0.0,3.85,player_steals_hito,STL,over,3,2.5,Tobias Harris 3+ STL,1,
6f688fa4763884da9f3c549d91e95388f935aa1b,20260514_094005,2026-05-14T09:40:05-03:00,2026-05-14T12:40:05+00:00,betano,basketball,NBA,props_nba_20260514_094005.csv,Cleveland Cavaliers Detroit Pistons,cleveland cavaliers detroit pistons,Tobias Harris,tobias harris,Robos (hitos),4+,0.0,8,player_steals_hito,STL,over,4,3.5,Tobias Harris 4+ STL,1,
af51db9f3c066b3151f251c59a3b398ac1939d3f,20260514_094005,2026-05-14T09:40:05-03:00,2026-05-14T12:40:05+00:00,betano,basketball,NBA,props_nba_20260514_094005.csv,Cleveland Cavaliers Detroit Pistons,cleveland cavaliers detroit pistons,Cade Cunningham,cade cunningham,Robos (hitos),1+,0.0,1.2,player_steals_hito,STL,over,1,0.5,Cade Cunningham 1+ STL,1,
ec90326430828b13a8f91508e09372cc2d90fa0d,20260514_094005,2026-05-14T09:40:05-03:00,2026-05-14T12:40:05+00:00,betano,basketball,NBA,props_nba_20260514_094005.csv,Cleveland Cavaliers Detroit Pistons,cleveland cavaliers detroit pistons,Cade Cunningham,cade cunningham,Robos (hitos),2+,0.0,2,player_steals_hito,STL,over,2,1.5,Cade Cunningham 2+ STL,1,
055ce8bcc6c1658bbea3ea17df250680e1d4ed55,20260514_094005,2026-05-14T09:40:05-03:00,2026-05-14T12:40:05+00:00,betano,basketball,NBA,props_nba_20260514_094005.csv,Cleveland Cavaliers Detroit Pistons,cleveland cavaliers detroit pistons,Cade Cunningham,cade cunningham,Robos (hitos),3+,0.0,4.1,player_steals_hito,STL,over,3,2.5,Cade Cunningham 3+ STL,1,
6dc8e23dd92bc7473fdad72522c1ecc00d73e14e,20260514_094005,2026-05-14T09:40:05-03:00,2026-05-14T12:40:05+00:00,betano,basketball,NBA,props_nba_20260514_094005.csv,Cleveland Cavaliers Detroit Pistons,cleveland cavaliers detroit pistons,Cade Cunningham,cade cunningham,Robos (hitos),4+,0.0,8.75,player_steals_hito,STL,over,4,3.5,Cade Cunningham 4+ STL,1,
07a3367fbc16293be222c6cc643ab901657d48dc,20260514_094005,2026-05-14T09:40:05-03:00,2026-05-14T12:40:05+00:00,betano,basketball,NBA,props_nba_20260514_094005.csv,Cleveland Cavaliers Detroit Pistons,cleveland cavaliers detroit pistons,James Harden,james harden,Robos (hitos),1+,0.0,1.24,player_steals_hito,STL,over,1,0.5,James Harden 1+ STL,1,
aba04780c4ad1c880a41a6c95f71206b5015821f,20260514_094005,2026-05-14T09:40:05-03:00,2026-05-14T12:40:05+00:00,betano,basketball,NBA,props_nba_20260514_094005.csv,Cleveland Cavaliers Detroit Pistons,cleveland cavaliers detroit pistons,James Harden,james harden,Robos (hitos),2+,0.0,2.18,player_steals_hito,STL,over,2,1.5,James Harden 2+ STL,1,
f20feeb839b9400eb9ef91ad99a885c1bf7531e4,20260514_094005,2026-05-14T09:40:05-03:00,2026-05-14T12:40:05+00:00,betano,basketball,NBA,props_nba_20260514_094005.csv,Cleveland Cavaliers Detroit Pistons,cleveland cavaliers detroit pistons,James Harden,james harden,Robos (hitos),3+,0.0,4.65,player_steals_hito,STL,over,3,2.5,James Harden 3+ STL,1,
a16dd69ca0c96c85e49a48cd38ce4689b72aa3f5,20260514_094005,2026-05-14T09:40:05-03:00,2026-05-14T12:40:05+00:00,betano,basketball,NBA,props_nba_20260514_094005.csv,Cleveland Cavaliers Detroit Pistons,cleveland cavaliers detroit pistons,James Harden,james harden,Robos (hitos),4+,0.0,9.75,player_steals_hito,STL,over,4,3.5,James Harden 4+ STL,1,
bf5da79dcf0ab873c9f1b902ccb4dbf7becf1bfd,20260514_094005,2026-05-14T09:40:05-03:00,2026-05-14T12:40:05+00:00,betano,basketball,NBA,props_nba_20260514_094005.csv,Cleveland Cavaliers Detroit Pistons,cleveland cavaliers detroit pistons,Donovan Mitchell,donovan mitchell,Robos (hitos),1+,0.0,1.3,player_steals_hito,STL,over,1,0.5,Donovan Mitchell 1+ STL,1,
3b9daaaee98fb911dab874a49921e82f83cdfdb2,20260514_094005,2026-05-14T09:40:05-03:00,2026-05-14T12:40:05+00:00,betano,basketball,NBA,props_nba_20260514_094005.csv,Cleveland Cavaliers Detroit Pistons,cleveland cavaliers detroit pistons,Donovan Mitchell,donovan mitchell,Robos (hitos),2+,0.0,2.45,player_steals_hito,STL,over,2,1.5,Donovan Mitchell 2+ STL,1,
f40bcb3ca7f4294204a04afa93c044bdd4204f3c,20260514_094005,2026-05-14T09:40:05-03:00,2026-05-14T12:40:05+00:00,betano,basketball,NBA,props_nba_20260514_094005.csv,Cleveland Cavaliers Detroit Pistons,cleveland cavaliers detroit pistons,Donovan Mitchell,donovan mitchell,Robos (hitos),3+,0.0,5.6,player_steals_hito,STL,over,3,2.5,Donovan Mitchell 3+ STL,1,
93e42d788c78d1e81447846712c142ed241f106b,20260514_094005,2026-05-14T09:40:05-03:00,2026-05-14T12:40:05+00:00,betano,basketball,NBA,props_nba_20260514_094005.csv,Cleveland Cavaliers Detroit Pistons,cleveland cavaliers detroit pistons,Donovan Mitchell,donovan mitchell,Robos (hitos),4+,0.0,11.5,player_steals_hito,STL,over,4,3.5,Donovan Mitchell 4+ STL,1,
92628da50ce72046f297059a42161884d3ab1de2,20260514_094005,2026-05-14T09:40:05-03:00,2026-05-14T12:40:05+00:00,betano,basketball,NBA,props_nba_20260514_094005.csv,Cleveland Cavaliers Detroit Pistons,cleveland cavaliers detroit pistons,Jarrett Allen,jarrett allen,Robos (hitos),1+,0.0,1.4,player_steals_hito,STL,over,1,0.5,Jarrett Allen 1+ STL,1,
e7670cc10ee3a74d76b51b55c596fdedeabd9c9f,20260514_094005,2026-05-14T09:40:05-03:00,2026-05-14T12:40:05+00:00,betano,basketball,NBA,props_nba_20260514_094005.csv,Cleveland Cavaliers Detroit Pistons,cleveland cavaliers detroit pistons,Jarrett Allen,jarrett allen,Robos (hitos),2+,0.0,2.9,player_steals_hito,STL,over,2,1.5,Jarrett Allen 2+ STL,1,
4148d7edf4135a39fedc77cc59762cc4568d843c,20260514_094005,2026-05-14T09:40:05-03:00,2026-05-14T12:40:05+00:00,betano,basketball,NBA,props_nba_20260514_094005.csv,Cleveland Cavaliers Detroit Pistons,cleveland cavaliers detroit pistons,Jarrett Allen,jarrett allen,Robos (hitos),3+,0.0,6.9,player_steals_hito,STL,over,3,2.5,Jarrett Allen 3+ STL,1,
a404fbe3ffdb4ed048966a7c2d23180644e473b2,20260514_094005,2026-05-14T09:40:05-03:00,2026-05-14T12:40:05+00:00,betano,basketball,NBA,props_nba_20260514_094005.csv,Cleveland Cavaliers Detroit Pistons,cleveland cavaliers detroit pistons,Jarrett Allen,jarrett allen,Robos (hitos),4+,0.0,13.5,player_steals_hito,STL,over,4,3.5,Jarrett Allen 4+ STL,1,
c3ad4b16d9ce3ae703e84a18348186d69b112b99,20260514_094005,2026-05-14T09:40:05-03:00,2026-05-14T12:40:05+00:00,betano,basketball,NBA,props_nba_20260514_094005.csv,Cleveland Cavaliers Detroit Pistons,cleveland cavaliers detroit pistons,Duncan Robinson,duncan robinson,Robos (hitos),1+,0.0,1.44,player_steals_hito,STL,over,1,0.5,Duncan Robinson 1+ STL,1,
501f7d15e3c37178e2905bb412f4f04e5e3e345e,20260514_094005,2026-05-14T09:40:05-03:00,2026-05-14T12:40:05+00:00,betano,basketball,NBA,props_nba_20260514_094005.csv,Cleveland Cavaliers Detroit Pistons,cleveland cavaliers detroit pistons,Duncan Robinson,duncan robinson,Robos (hitos),2+,0.0,3.1,player_steals_hito,STL,over,2,1.5,Duncan Robinson 2+ STL,1,
12495f8157eb92109b42770702abaaf0b0d79ac7,20260514_094005,2026-05-14T09:40:05-03:00,2026-05-14T12:40:05+00:00,betano,basketball,NBA,props_nba_20260514_094005.csv,Cleveland Cavaliers Detroit Pistons,cleveland cavaliers detroit pistons,Duncan Robinson,duncan robinson,Robos (hitos),3+,0.0,7.5,player_steals_hito,STL,over,3,2.5,Duncan Robinson 3+ STL,1,
795ccaeeb4390b89edc850abe3f6b3d5216c4b5d,20260514_094005,2026-05-14T09:40:05-03:00,2026-05-14T12:40:05+00:00,betano,basketball,NBA,props_nba_20260514_094005.csv,Cleveland Cavaliers Detroit Pistons,cleveland cavaliers detroit pistons,Duncan Robinson,duncan robinson,Robos (hitos),4+,0.0,14.5,player_steals_hito,STL,over,4,3.5,Duncan Robinson 4+ STL,1,
c72ff615c96040b64e8a23b55377b8e944556715,20260514_094005,2026-05-14T09:40:05-03:00,2026-05-14T12:40:05+00:00,betano,basketball,NBA,props_nba_20260514_094005.csv,Cleveland Cavaliers Detroit Pistons,cleveland cavaliers detroit pistons,Evan Mobley,evan mobley,Robos (hitos),1+,0.0,1.5,player_steals_hito,STL,over,1,0.5,Evan Mobley 1+ STL,1,
0c85e1e120c81858854fc020c497198e9a38a56e,20260514_094005,2026-05-14T09:40:05-03:00,2026-05-14T12:40:05+00:00,betano,basketball,NBA,props_nba_20260514_094005.csv,Cleveland Cavaliers Detroit Pistons,cleveland cavaliers detroit pistons,Evan Mobley,evan mobley,Robos (hitos),2+,0.0,3.3,player_steals_hito,STL,over,2,1.5,Evan Mobley 2+ STL,1,
e4f9b08c5073461ba31a4de3070ae96d083fabe6,20260514_094005,2026-05-14T09:40:05-03:00,2026-05-14T12:40:05+00:00,betano,basketball,NBA,props_nba_20260514_094005.csv,Cleveland Cavaliers Detroit Pistons,cleveland cavaliers detroit pistons,Evan Mobley,evan mobley,Robos (hitos),3+,0.0,8.25,player_steals_hito,STL,over,3,2.5,Evan Mobley 3+ STL,1,
57d1e1737230aede2bf4d966d5243ed13b56c8af,20260514_094005,2026-05-14T09:40:05-03:00,2026-05-14T12:40:05+00:00,betano,basketball,NBA,props_nba_20260514_094005.csv,Cleveland Cavaliers Detroit Pistons,cleveland cavaliers detroit pistons,Evan Mobley,evan mobley,Robos (hitos),4+,0.0,15,player_steals_hito,STL,over,4,3.5,Evan Mobley 4+ STL,1,
d26b4915d6505c9b24bef4849614822e7241937b,20260514_094005,2026-05-14T09:40:05-03:00,2026-05-14T12:40:05+00:00,betano,basketball,NBA,props_nba_20260514_094005.csv,Cleveland Cavaliers Detroit Pistons,cleveland cavaliers detroit pistons,Dean Wade,dean wade,Robos (hitos),1+,0.0,1.67,player_steals_hito,STL,over,1,0.5,Dean Wade 1+ STL,1,
bb4dc039e4fb545838b1bb3825aa5fc835dbd501,20260514_094005,2026-05-14T09:40:05-03:00,2026-05-14T12:40:05+00:00,betano,basketball,NBA,props_nba_20260514_094005.csv,Cleveland Cavaliers Detroit Pistons,cleveland cavaliers detroit pistons,Dean Wade,dean wade,Robos (hitos),2+,0.0,4.15,player_steals_hito,STL,over,2,1.5,Dean Wade 2+ STL,1,
76013de2a32c2fcf5ec67a0afbe63b7e58a052cf,20260514_094005,2026-05-14T09:40:05-03:00,2026-05-14T12:40:05+00:00,betano,basketball,NBA,props_nba_20260514_094005.csv,Cleveland Cavaliers Detroit Pistons,cleveland cavaliers detroit pistons,Dean Wade,dean wade,Robos (hitos),3+,0.0,10.5,player_steals_hito,STL,over,3,2.5,Dean Wade 3+ STL,1,
e1e40e9e0d8733add82feea33681e13eb48b6cd0,20260514_094005,2026-05-14T09:40:05-03:00,2026-05-14T12:40:05+00:00,betano,basketball,NBA,props_nba_20260514_094005.csv,Cleveland Cavaliers Detroit Pistons,cleveland cavaliers detroit pistons,Dean Wade,dean wade,Robos (hitos),4+,0.0,17.5,player_steals_hito,STL,over,4,3.5,Dean Wade 4+ STL,1,
6a354f28a7e13a5c1acb7a8fed1335535d9f1389,20260514_094005,2026-05-14T09:40:05-03:00,2026-05-14T12:40:05+00:00,betano,basketball,NBA,props_nba_20260514_094005.csv,Cleveland Cavaliers Detroit Pistons,cleveland cavaliers detroit pistons,Daniss Jenkins,daniss jenkins,Robos (hitos),1+,0.0,1.7,player_steals_hito,STL,over,1,0.5,Daniss Jenkins 1+ STL,1,
97318331fe00356838c51c8dba8e36ea1bf96583,20260514_094005,2026-05-14T09:40:05-03:00,2026-05-14T12:40:05+00:00,betano,basketball,NBA,props_nba_20260514_094005.csv,Cleveland Cavaliers Detroit Pistons,cleveland cavaliers detroit pistons,Daniss Jenkins,daniss jenkins,Robos (hitos),2+,0.0,4.45,player_steals_hito,STL,over,2,1.5,Daniss Jenkins 2+ STL,1,
36957281ed546f330bc44f93b784b331b764b86f,20260514_094005,2026-05-14T09:40:05-03:00,2026-05-14T12:40:05+00:00,betano,basketball,NBA,props_nba_20260514_094005.csv,Cleveland Cavaliers Detroit Pistons,cleveland cavaliers detroit pistons,Daniss Jenkins,daniss jenkins,Robos (hitos),3+,0.0,11.25,player_steals_hito,STL,over,3,2.5,Daniss Jenkins 3+ STL,1,
0d3b2a40253aa5a09be1e73a97c7c6ac9600f914,20260514_094005,2026-05-14T09:40:05-03:00,2026-05-14T12:40:05+00:00,betano,basketball,NBA,props_nba_20260514_094005.csv,Cleveland Cavaliers Detroit Pistons,cleveland cavaliers detroit pistons,Daniss Jenkins,daniss jenkins,Robos (hitos),4+,0.0,17.5,player_steals_hito,STL,over,4,3.5,Daniss Jenkins 4+ STL,1,
36432c11b859d14c07ed56b399a8ce20a7e8dc7b,20260514_094005,2026-05-14T09:40:05-03:00,2026-05-14T12:40:05+00:00,betano,basketball,NBA,props_nba_20260514_094005.csv,Cleveland Cavaliers Detroit Pistons,cleveland cavaliers detroit pistons,Jalen Duren,jalen duren,Robos (hitos),1+,0.0,1.7,player_steals_hito,STL,over,1,0.5,Jalen Duren 1+ STL,1,
c764808dec72472f24c964f453f8fdb07cd29a0b,20260514_094005,2026-05-14T09:40:05-03:00,2026-05-14T12:40:05+00:00,betano,basketball,NBA,props_nba_20260514_094005.csv,Cleveland Cavaliers Detroit Pistons,cleveland cavaliers detroit pistons,Jalen Duren,jalen duren,Robos (hitos),2+,0.0,4.35,player_steals_hito,STL,over,2,1.5,Jalen Duren 2+ STL,1,
adcb3cf78ffaf12999e1bcd1b70b92e9abdd0f29,20260514_094005,2026-05-14T09:40:05-03:00,2026-05-14T12:40:05+00:00,betano,basketball,NBA,props_nba_20260514_094005.csv,Cleveland Cavaliers Detroit Pistons,cleveland cavaliers detroit pistons,Jalen Duren,jalen duren,Robos (hitos),3+,0.0,11,player_steals_hito,STL,over,3,2.5,Jalen Duren 3+ STL,1,
a1956dc48fae95f94477815f97f36a3368ff0e8e,20260514_094005,2026-05-14T09:40:05-03:00,2026-05-14T12:40:05+00:00,betano,basketball,NBA,props_nba_20260514_094005.csv,Cleveland Cavaliers Detroit Pistons,cleveland cavaliers detroit pistons,Jalen Duren,jalen duren,Robos (hitos),4+,0.0,17.5,player_steals_hito,STL,over,4,3.5,Jalen Duren 4+ STL,1,
99c3979a941176c8e080fdab839654379a9a98fa,20260514_094005,2026-05-14T09:40:05-03:00,2026-05-14T12:40:05+00:00,betano,basketball,NBA,props_nba_20260514_094005.csv,Cleveland Cavaliers Detroit Pistons,cleveland cavaliers detroit pistons,Max Strus,max strus,Robos (hitos),1+,0.0,1.72,player_steals_hito,STL,over,1,0.5,Max Strus 1+ STL,1,
0ae99710d1b12602bce21451d7936a3670e57817,20260514_094005,2026-05-14T09:40:05-03:00,2026-05-14T12:40:05+00:00,betano,basketball,NBA,props_nba_20260514_094005.csv,Cleveland Cavaliers Detroit Pistons,cleveland cavaliers detroit pistons,Max Strus,max strus,Robos (hitos),2+,0.0,4.45,player_steals_hito,STL,over,2,1.5,Max Strus 2+ STL,1,
501062f4bfc181e68d07e0fc72404c692269f91c,20260514_094005,2026-05-14T09:40:05-03:00,2026-05-14T12:40:05+00:00,betano,basketball,NBA,props_nba_20260514_094005.csv,Cleveland Cavaliers Detroit Pistons,cleveland cavaliers detroit pistons,Max Strus,max strus,Robos (hitos),3+,0.0,11.25,player_steals_hito,STL,over,3,2.5,Max Strus 3+ STL,1,
c55de7d0fb190bbacb7e3498c6175be947a0bc7e,20260514_094005,2026-05-14T09:40:05-03:00,2026-05-14T12:40:05+00:00,betano,basketball,NBA,props_nba_20260514_094005.csv,Cleveland Cavaliers Detroit Pistons,cleveland cavaliers detroit pistons,Max Strus,max strus,Robos (hitos),4+,0.0,17.5,player_steals_hito,STL,over,4,3.5,Max Strus 4+ STL,1,
9527aa116a486d2c324214aeb80137eed8f91149,20260514_094005,2026-05-14T09:40:05-03:00,2026-05-14T12:40:05+00:00,betano,basketball,NBA,props_nba_20260514_094005.csv,Cleveland Cavaliers Detroit Pistons,cleveland cavaliers detroit pistons,Sam Merrill,sam merrill,Robos (hitos),1+,0.0,2.15,player_steals_hito,STL,over,1,0.5,Sam Merrill 1+ STL,1,
13c53ec11ba0f8acc5112e521b298283ba1127bb,20260514_094005,2026-05-14T09:40:05-03:00,2026-05-14T12:40:05+00:00,betano,basketball,NBA,props_nba_20260514_094005.csv,Cleveland Cavaliers Detroit Pistons,cleveland cavaliers detroit pistons,Sam Merrill,sam merrill,Robos (hitos),2+,0.0,6.7,player_steals_hito,STL,over,2,1.5,Sam Merrill 2+ STL,1,
c99496e1d4f6617e92ddc02ca5b7629389ff78ed,20260514_094005,2026-05-14T09:40:05-03:00,2026-05-14T12:40:05+00:00,betano,basketball,NBA,props_nba_20260514_094005.csv,Cleveland Cavaliers Detroit Pistons,cleveland cavaliers detroit pistons,Sam Merrill,sam merrill,Robos (hitos),3+,0.0,15.5,player_steals_hito,STL,over,3,2.5,Sam Merrill 3+ STL,1,
26594057e87829abb2617beaf8e777be71304a58,20260514_094005,2026-05-14T09:40:05-03:00,2026-05-14T12:40:05+00:00,betano,basketball,NBA,props_nba_20260514_094005.csv,Cleveland Cavaliers Detroit Pistons,cleveland cavaliers detroit pistons,Dennis Schroder,dennis schroder,Robos (hitos),1+,0.0,2.37,player_steals_hito,STL,over,1,0.5,Dennis Schroder 1+ STL,1,
c10a0fe66049d19ea84027780022747fe9ebfa35,20260514_094005,2026-05-14T09:40:05-03:00,2026-05-14T12:40:05+00:00,betano,basketball,NBA,props_nba_20260514_094005.csv,Cleveland Cavaliers Detroit Pistons,cleveland cavaliers detroit pistons,Dennis Schroder,dennis schroder,Robos (hitos),2+,0.0,7.9,player_steals_hito,STL,over,2,1.5,Dennis Schroder 2+ STL,1,
f035bbc688ad7ac3d1e349164d71004b048f593f,20260514_094005,2026-05-14T09:40:05-03:00,2026-05-14T12:40:05+00:00,betano,basketball,NBA,props_nba_20260514_094005.csv,Cleveland Cavaliers Detroit Pistons,cleveland cavaliers detroit pistons,Dennis Schroder,dennis schroder,Robos (hitos),3+,0.0,16.5,player_steals_hito,STL,over,3,2.5,Dennis Schroder 3+ STL,1,
7a3e11ce7a5626a4750594ff1828a083fe8c7e01,20260514_094005,2026-05-14T09:40:05-03:00,2026-05-14T12:40:05+00:00,betano,basketball,NBA,props_nba_20260514_094005.csv,Cleveland Cavaliers Detroit Pistons,cleveland cavaliers detroit pistons,Evan Mobley,evan mobley,Tapones (hitos),2+,0.0,1.42,player_blocks_hito,BLK,over,2,1.5,Evan Mobley 2+ BLK,1,
c22e009d07ef94aa4bacb56b83fd3bfe4330c5c7,20260514_094005,2026-05-14T09:40:05-03:00,2026-05-14T12:40:05+00:00,betano,basketball,NBA,props_nba_20260514_094005.csv,Cleveland Cavaliers Detroit Pistons,cleveland cavaliers detroit pistons,Evan Mobley,evan mobley,Tapones (hitos),3+,0.0,2.32,player_blocks_hito,BLK,over,3,2.5,Evan Mobley 3+ BLK,1,
a10a8e2ed4737f7dd23ea3ce6d4bce32855364dd,20260514_094005,2026-05-14T09:40:05-03:00,2026-05-14T12:40:05+00:00,betano,basketball,NBA,props_nba_20260514_094005.csv,Cleveland Cavaliers Detroit Pistons,cleveland cavaliers detroit pistons,Evan Mobley,evan mobley,Tapones (hitos),4+,0.0,4.35,player_blocks_hito,BLK,over,4,3.5,Evan Mobley 4+ BLK,1,
c226a427189f0acc114e578059269dfe18b6697c,20260514_094005,2026-05-14T09:40:05-03:00,2026-05-14T12:40:05+00:00,betano,basketball,NBA,props_nba_20260514_094005.csv,Cleveland Cavaliers Detroit Pistons,cleveland cavaliers detroit pistons,Evan Mobley,evan mobley,Tapones (hitos),5+,0.0,8.25,player_blocks_hito,BLK,over,5,4.5,Evan Mobley 5+ BLK,1,
3a2649d30828358c3f8bb9714d0c79d245e420ac,20260514_094005,2026-05-14T09:40:05-03:00,2026-05-14T12:40:05+00:00,betano,basketball,NBA,props_nba_20260514_094005.csv,Cleveland Cavaliers Detroit Pistons,cleveland cavaliers detroit pistons,Ausar Thompson,ausar thompson,Tapones (hitos),1+,0.0,1.35,player_blocks_hito,BLK,over,1,0.5,Ausar Thompson 1+ BLK,1,
5690e69dbd514a887fc66e62a03df0b296c9c69e,20260514_094005,2026-05-14T09:40:05-03:00,2026-05-14T12:40:05+00:00,betano,basketball,NBA,props_nba_20260514_094005.csv,Cleveland Cavaliers Detroit Pistons,cleveland cavaliers detroit pistons,Ausar Thompson,ausar thompson,Tapones (hitos),2+,0.0,2.67,player_blocks_hito,BLK,over,2,1.5,Ausar Thompson 2+ BLK,1,
15f1746438025d1f78a7f6960f28a04f124dbf65,20260514_094005,2026-05-14T09:40:05-03:00,2026-05-14T12:40:05+00:00,betano,basketball,NBA,props_nba_20260514_094005.csv,Cleveland Cavaliers Detroit Pistons,cleveland cavaliers detroit pistons,Ausar Thompson,ausar thompson,Tapones (hitos),3+,0.0,6.2,player_blocks_hito,BLK,over,3,2.5,Ausar Thompson 3+ BLK,1,
a510b7848affa63a6dadc55a7991d3a461ec8225,20260514_094005,2026-05-14T09:40:05-03:00,2026-05-14T12:40:05+00:00,betano,basketball,NBA,props_nba_20260514_094005.csv,Cleveland Cavaliers Detroit Pistons,cleveland cavaliers detroit pistons,Ausar Thompson,ausar thompson,Tapones (hitos),4+,0.0,12.5,player_blocks_hito,BLK,over,4,3.5,Ausar Thompson 4+ BLK,1,
c6cfd6c5f6a4cc164ccd6644d0b9d5e21c96b7dc,20260514_094005,2026-05-14T09:40:05-03:00,2026-05-14T12:40:05+00:00,betano,basketball,NBA,props_nba_20260514_094005.csv,Cleveland Cavaliers Detroit Pistons,cleveland cavaliers detroit pistons,Jalen Duren,jalen duren,Tapones (hitos),1+,0.0,1.67,player_blocks_hito,BLK,over,1,0.5,Jalen Duren 1+ BLK,1,
1892c6f5ac857a1efd23295c31ec6b2eca47a93a,20260514_094005,2026-05-14T09:40:05-03:00,2026-05-14T12:40:05+00:00,betano,basketball,NBA,props_nba_20260514_094005.csv,Cleveland Cavaliers Detroit Pistons,cleveland cavaliers detroit pistons,Jalen Duren,jalen duren,Tapones (hitos),2+,0.0,4.25,player_blocks_hito,BLK,over,2,1.5,Jalen Duren 2+ BLK,1,
c7590b801578076f51eaaf7f3dc936ada04b76fa,20260514_094005,2026-05-14T09:40:05-03:00,2026-05-14T12:40:05+00:00,betano,basketball,NBA,props_nba_20260514_094005.csv,Cleveland Cavaliers Detroit Pistons,cleveland cavaliers detroit pistons,Jalen Duren,jalen duren,Tapones (hitos),3+,0.0,10.75,player_blocks_hito,BLK,over,3,2.5,Jalen Duren 3+ BLK,1,
cf94e1f537c70c6db88bca8905022264ec94909a,20260514_094005,2026-05-14T09:40:05-03:00,2026-05-14T12:40:05+00:00,betano,basketball,NBA,props_nba_20260514_094005.csv,Cleveland Cavaliers Detroit Pistons,cleveland cavaliers detroit pistons,Jalen Duren,jalen duren,Tapones (hitos),4+,0.0,17.5,player_blocks_hito,BLK,over,4,3.5,Jalen Duren 4+ BLK,1,
f1bad5b65526f7f20be3383fce153db1e5ad4e25,20260514_094005,2026-05-14T09:40:05-03:00,2026-05-14T12:40:05+00:00,betano,basketball,NBA,props_nba_20260514_094005.csv,Cleveland Cavaliers Detroit Pistons,cleveland cavaliers detroit pistons,Cade Cunningham,cade cunningham,Tapones (hitos),1+,0.0,1.98,player_blocks_hito,BLK,over,1,0.5,Cade Cunningham 1+ BLK,1,
3ce071737b1fee7a13992cffdf53f7f612d5f0a6,20260514_094005,2026-05-14T09:40:05-03:00,2026-05-14T12:40:05+00:00,betano,basketball,NBA,props_nba_20260514_094005.csv,Cleveland Cavaliers Detroit Pistons,cleveland cavaliers detroit pistons,Cade Cunningham,cade cunningham,Tapones (hitos),2+,0.0,5.8,player_blocks_hito,BLK,over,2,1.5,Cade Cunningham 2+ BLK,1,
a25a2805cf95087fa21c6befd16cc8145c39ea45,20260514_094005,2026-05-14T09:40:05-03:00,2026-05-14T12:40:05+00:00,betano,basketball,NBA,props_nba_20260514_094005.csv,Cleveland Cavaliers Detroit Pistons,cleveland cavaliers detroit pistons,Cade Cunningham,cade cunningham,Tapones (hitos),3+,0.0,13.5,player_blocks_hito,BLK,over,3,2.5,Cade Cunningham 3+ BLK,1,
dc063a6d5fd087ccb78c28157aea758263df6c8a,20260514_094005,2026-05-14T09:40:05-03:00,2026-05-14T12:40:05+00:00,betano,basketball,NBA,props_nba_20260514_094005.csv,Cleveland Cavaliers Detroit Pistons,cleveland cavaliers detroit pistons,Tobias Harris,tobias harris,Tapones (hitos),1+,0.0,2,player_blocks_hito,BLK,over,1,0.5,Tobias Harris 1+ BLK,1,
48d9734e91d68e8bb8bcafefba3a018bb2e42c3d,20260514_094005,2026-05-14T09:40:05-03:00,2026-05-14T12:40:05+00:00,betano,basketball,NBA,props_nba_20260514_094005.csv,Cleveland Cavaliers Detroit Pistons,cleveland cavaliers detroit pistons,Tobias Harris,tobias harris,Tapones (hitos),2+,0.0,5.9,player_blocks_hito,BLK,over,2,1.5,Tobias Harris 2+ BLK,1,
ca37f5789736943cf0bf513bfdb9bd56a36d5fb0,20260514_094005,2026-05-14T09:40:05-03:00,2026-05-14T12:40:05+00:00,betano,basketball,NBA,props_nba_20260514_094005.csv,Cleveland Cavaliers Detroit Pistons,cleveland cavaliers detroit pistons,Tobias Harris,tobias harris,Tapones (hitos),3+,0.0,14,player_blocks_hito,BLK,over,3,2.5,Tobias Harris 3+ BLK,1,
d5c2ef3d65f46c7d418603e74c9f1f3f459748a3,20260514_094005,2026-05-14T09:40:05-03:00,2026-05-14T12:40:05+00:00,betano,basketball,NBA,props_nba_20260514_094005.csv,Cleveland Cavaliers Detroit Pistons,cleveland cavaliers detroit pistons,Duncan Robinson,duncan robinson,Tapones (hitos),1+,0.0,3.45,player_blocks_hito,BLK,over,1,0.5,Duncan Robinson 1+ BLK,1,
989adbe3a2ca1e4c8f5a4a9f1526b7682d4044e5,20260514_094005,2026-05-14T09:40:05-03:00,2026-05-14T12:40:05+00:00,betano,basketball,NBA,props_nba_20260514_094005.csv,Cleveland Cavaliers Detroit Pistons,cleveland cavaliers detroit pistons,Duncan Robinson,duncan robinson,Tapones (hitos),2+,0.0,12.5,player_blocks_hito,BLK,over,2,1.5,Duncan Robinson 2+ BLK,1,
c6afccc694f5e62a669f5eeeaff978736b18e544,20260514_094005,2026-05-14T09:40:05-03:00,2026-05-14T12:40:05+00:00,betano,basketball,NBA,props_nba_20260514_094005.csv,Cleveland Cavaliers Detroit Pistons,cleveland cavaliers detroit pistons,Cade Cunningham,cade cunningham,PRA (hitos),39+,0.0,1.57,player_pra_hito,PRA,over,39,38.5,Cade Cunningham 39+ PRA,1,
3c17f3bc83b4e6b26d974fa823421eea4a377ef6,20260514_094005,2026-05-14T09:40:05-03:00,2026-05-14T12:40:05+00:00,betano,basketball,NBA,props_nba_20260514_094005.csv,Cleveland Cavaliers Detroit Pistons,cleveland cavaliers detroit pistons,Cade Cunningham,cade cunningham,PRA (hitos),40+,0.0,1.72,player_pra_hito,PRA,over,40,39.5,Cade Cunningham 40+ PRA,1,
108b1647463eda86bf6640d85c4eca50f1e1ee8c,20260514_094005,2026-05-14T09:40:05-03:00,2026-05-14T12:40:05+00:00,betano,basketball,NBA,props_nba_20260514_094005.csv,Cleveland Cavaliers Detroit Pistons,cleveland cavaliers detroit pistons,Cade Cunningham,cade cunningham,PRA (hitos),41+,0.0,1.88,player_pra_hito,PRA,over,41,40.5,Cade Cunningham 41+ PRA,1,
248a39eae3068abc95812d2504945b528bae7d0b,20260514_094005,2026-05-14T09:40:05-03:00,2026-05-14T12:40:05+00:00,betano,basketball,NBA,props_nba_20260514_094005.csv,Cleveland Cavaliers Detroit Pistons,cleveland cavaliers detroit pistons,Cade Cunningham,cade cunningham,PRA (hitos),42+,0.0,2.1,player_pra_hito,PRA,over,42,41.5,Cade Cunningham 42+ PRA,1,
007560fa2aa7b977644fb431a5e1f11cb3eb24b6,20260514_094005,2026-05-14T09:40:05-03:00,2026-05-14T12:40:05+00:00,betano,basketball,NBA,props_nba_20260514_094005.csv,Cleveland Cavaliers Detroit Pistons,cleveland cavaliers detroit pistons,Cade Cunningham,cade cunningham,PRA (hitos),43+,0.0,2.35,player_pra_hito,PRA,over,43,42.5,Cade Cunningham 43+ PRA,1,
7201b4ce806c0b6b64193de2b64036e9c4c0b025,20260514_094005,2026-05-14T09:40:05-03:00,2026-05-14T12:40:05+00:00,betano,basketball,NBA,props_nba_20260514_094005.csv,Cleveland Cavaliers Detroit Pistons,cleveland cavaliers detroit pistons,Cade Cunningham,cade cunningham,PRA (hitos),44+,0.0,2.62,player_pra_hito,PRA,over,44,43.5,Cade Cunningham 44+ PRA,1,
d81b2a111c0d3b21eebf8814f95945307bcb6265,20260514_094005,2026-05-14T09:40:05-03:00,2026-05-14T12:40:05+00:00,betano,basketball,NBA,props_nba_20260514_094005.csv,Cleveland Cavaliers Detroit Pistons,cleveland cavaliers detroit pistons,Cade Cunningham,cade cunningham,PRA (hitos),45+,0.0,2.95,player_pra_hito,PRA,over,45,44.5,Cade Cunningham 45+ PRA,1,
d7bce77b1b87ca9d34bfabcfd3447be9cb2ec157,20260514_094005,2026-05-14T09:40:05-03:00,2026-05-14T12:40:05+00:00,betano,basketball,NBA,props_nba_20260514_094005.csv,Cleveland Cavaliers Detroit Pistons,cleveland cavaliers detroit pistons,Cade Cunningham,cade cunningham,PRA (hitos),46+,0.0,3.4,player_pra_hito,PRA,over,46,45.5,Cade Cunningham 46+ PRA,1,
51cc6796b1209ad3747e57c0b10136e9a47c2253,20260514_094005,2026-05-14T09:40:05-03:00,2026-05-14T12:40:05+00:00,betano,basketball,NBA,props_nba_20260514_094005.csv,Cleveland Cavaliers Detroit Pistons,cleveland cavaliers detroit pistons,Cade Cunningham,cade cunningham,PRA (hitos),47+,0.0,3.85,player_pra_hito,PRA,over,47,46.5,Cade Cunningham 47+ PRA,1,
949854461c4f77f4974353ea262540cf50ce8250,20260514_094005,2026-05-14T09:40:05-03:00,2026-05-14T12:40:05+00:00,betano,basketball,NBA,props_nba_20260514_094005.csv,Cleveland Cavaliers Detroit Pistons,cleveland cavaliers detroit pistons,Donovan Mitchell,donovan mitchell,PRA (hitos),33+,0.0,1.5,player_pra_hito,PRA,over,33,32.5,Donovan Mitchell 33+ PRA,1,
8ddfb437f724c6d92e70f48153931ce8a15d5109,20260514_094005,2026-05-14T09:40:05-03:00,2026-05-14T12:40:05+00:00,betano,basketball,NBA,props_nba_20260514_094005.csv,Cleveland Cavaliers Detroit Pistons,cleveland cavaliers detroit pistons,Donovan Mitchell,donovan mitchell,PRA (hitos),34+,0.0,1.62,player_pra_hito,PRA,over,34,33.5,Donovan Mitchell 34+ PRA,1,
6b91b3e5c55912f40014a792fad51ff5bd5cd79d,20260514_094005,2026-05-14T09:40:05-03:00,2026-05-14T12:40:05+00:00,betano,basketball,NBA,props_nba_20260514_094005.csv,Cleveland Cavaliers Detroit Pistons,cleveland cavaliers detroit pistons,Donovan Mitchell,donovan mitchell,PRA (hitos),35+,0.0,1.75,player_pra_hito,PRA,over,35,34.5,Donovan Mitchell 35+ PRA,1,
3d326adcceff09915a3d2cdba2e72d07c4bc6955,20260514_094005,2026-05-14T09:40:05-03:00,2026-05-14T12:40:05+00:00,betano,basketball,NBA,props_nba_20260514_094005.csv,Cleveland Cavaliers Detroit Pistons,cleveland cavaliers detroit pistons,Donovan Mitchell,donovan mitchell,PRA (hitos),36+,0.0,1.95,player_pra_hito,PRA,over,36,35.5,Donovan Mitchell 36+ PRA,1,
73ff772ee878a0e17670aad3ee0d7d3774637557,20260514_094005,2026-05-14T09:40:05-03:00,2026-05-14T12:40:05+00:00,betano,basketball,NBA,props_nba_20260514_094005.csv,Cleveland Cavaliers Detroit Pistons,cleveland cavaliers detroit pistons,Donovan Mitchell,donovan mitchell,PRA (hitos),37+,0.0,2.15,player_pra_hito,PRA,over,37,36.5,Donovan Mitchell 37+ PRA,1,
b809607a077601ded1bdcfbba47004f41a9df04b,20260514_094005,2026-05-14T09:40:05-03:00,2026-05-14T12:40:05+00:00,betano,basketball,NBA,props_nba_20260514_094005.csv,Cleveland Cavaliers Detroit Pistons,cleveland cavaliers detroit pistons,Donovan Mitchell,donovan mitchell,PRA (hitos),38+,0.0,2.4,player_pra_hito,PRA,over,38,37.5,Donovan Mitchell 38+ PRA,1,
c05fdb26b4fb95a8b0f037ea8b563cd0b934bf24,20260514_094005,2026-05-14T09:40:05-03:00,2026-05-14T12:40:05+00:00,betano,basketball,NBA,props_nba_20260514_094005.csv,Cleveland Cavaliers Detroit Pistons,cleveland cavaliers detroit pistons,Donovan Mitchell,donovan mitchell,PRA (hitos),39+,0.0,2.7,player_pra_hito,PRA,over,39,38.5,Donovan Mitchell 39+ PRA,1,
8de3b91a4618eb9c4b6af5d8ffe8fe0ce3498954,20260514_094005,2026-05-14T09:40:05-03:00,2026-05-14T12:40:05+00:00,betano,basketball,NBA,props_nba_20260514_094005.csv,Cleveland Cavaliers Detroit Pistons,cleveland cavaliers detroit pistons,Donovan Mitchell,donovan mitchell,PRA (hitos),40+,0.0,3.05,player_pra_hito,PRA,over,40,39.5,Donovan Mitchell 40+ PRA,1,
fe502b31b9ff087822f79160f166e1e775045457,20260514_094005,2026-05-14T09:40:05-03:00,2026-05-14T12:40:05+00:00,betano,basketball,NBA,props_nba_20260514_094005.csv,Cleveland Cavaliers Detroit Pistons,cleveland cavaliers detroit pistons,Donovan Mitchell,donovan mitchell,PRA (hitos),41+,0.0,3.45,player_pra_hito,PRA,over,41,40.5,Donovan Mitchell 41+ PRA,1,
b29e313c26e6ccc68869e9d0bad9497e2e3b2c55,20260514_094005,2026-05-14T09:40:05-03:00,2026-05-14T12:40:05+00:00,betano,basketball,NBA,props_nba_20260514_094005.csv,Cleveland Cavaliers Detroit Pistons,cleveland cavaliers detroit pistons,James Harden,james harden,PRA (hitos),29+,0.0,1.53,player_pra_hito,PRA,over,29,28.5,James Harden 29+ PRA,1,
781682ca127e2e4f04dcf57fafa94320dfefa261,20260514_094005,2026-05-14T09:40:05-03:00,2026-05-14T12:40:05+00:00,betano,basketball,NBA,props_nba_20260514_094005.csv,Cleveland Cavaliers Detroit Pistons,cleveland cavaliers detroit pistons,James Harden,james harden,PRA (hitos),31+,0.0,1.88,player_pra_hito,PRA,over,31,30.5,James Harden 31+ PRA,1,
1170a81b96f14ac21522923817734415deae315e,20260514_094005,2026-05-14T09:40:05-03:00,2026-05-14T12:40:05+00:00,betano,basketball,NBA,props_nba_20260514_094005.csv,Cleveland Cavaliers Detroit Pistons,cleveland cavaliers detroit pistons,James Harden,james harden,PRA (hitos),33+,0.0,2.35,player_pra_hito,PRA,over,33,32.5,James Harden 33+ PRA,1,
e045b157495979dc106377512896c4fb793426f7,20260514_094005,2026-05-14T09:40:05-03:00,2026-05-14T12:40:05+00:00,betano,basketball,NBA,props_nba_20260514_094005.csv,Cleveland Cavaliers Detroit Pistons,cleveland cavaliers detroit pistons,James Harden,james harden,PRA (hitos),35+,0.0,3.1,player_pra_hito,PRA,over,35,34.5,James Harden 35+ PRA,1,
81a69377d8f61b39c8a93410a6e982adde11cd5f,20260514_094005,2026-05-14T09:40:05-03:00,2026-05-14T12:40:05+00:00,betano,basketball,NBA,props_nba_20260514_094005.csv,Cleveland Cavaliers Detroit Pistons,cleveland cavaliers detroit pistons,James Harden,james harden,PRA (hitos),37+,0.0,4.15,player_pra_hito,PRA,over,37,36.5,James Harden 37+ PRA,1,
67fb854efeeee465be07a005f1ee61db38989f67,20260514_094005,2026-05-14T09:40:05-03:00,2026-05-14T12:40:05+00:00,betano,basketball,NBA,props_nba_20260514_094005.csv,Cleveland Cavaliers Detroit Pistons,cleveland cavaliers detroit pistons,James Harden,james harden,PRA (hitos),39+,0.0,5.6,player_pra_hito,PRA,over,39,38.5,James Harden 39+ PRA,1,
1022067e638bf49d534b1144507fd92ce83289c6,20260514_094005,2026-05-14T09:40:05-03:00,2026-05-14T12:40:05+00:00,betano,basketball,NBA,props_nba_20260514_094005.csv,Cleveland Cavaliers Detroit Pistons,cleveland cavaliers detroit pistons,James Harden,james harden,PRA (hitos),41+,0.0,7.7,player_pra_hito,PRA,over,41,40.5,James Harden 41+ PRA,1,
965453ab770abb78a1000c86ff0c2b57506bb6d9,20260514_094005,2026-05-14T09:40:05-03:00,2026-05-14T12:40:05+00:00,betano,basketball,NBA,props_nba_20260514_094005.csv,Cleveland Cavaliers Detroit Pistons,cleveland cavaliers detroit pistons,James Harden,james harden,PRA (hitos),43+,0.0,10.25,player_pra_hito,PRA,over,43,42.5,James Harden 43+ PRA,1,
9fd8220db27a7f9a3d60851c107af1a1d64980a0,20260514_094005,2026-05-14T09:40:05-03:00,2026-05-14T12:40:05+00:00,betano,basketball,NBA,props_nba_20260514_094005.csv,Cleveland Cavaliers Detroit Pistons,cleveland cavaliers detroit pistons,James Harden,james harden,PRA (hitos),45+,0.0,13,player_pra_hito,PRA,over,45,44.5,James Harden 45+ PRA,1,
b3781fccc8c312804eb34dff3619026856738e5c,20260514_094005,2026-05-14T09:40:05-03:00,2026-05-14T12:40:05+00:00,betano,basketball,NBA,props_nba_20260514_094005.csv,Cleveland Cavaliers Detroit Pistons,cleveland cavaliers detroit pistons,Evan Mobley,evan mobley,PRA (hitos),26+,0.0,1.53,player_pra_hito,PRA,over,26,25.5,Evan Mobley 26+ PRA,1,
092474e77b2391eac78b8c9183b391b1ab25dd4f,20260514_094005,2026-05-14T09:40:05-03:00,2026-05-14T12:40:05+00:00,betano,basketball,NBA,props_nba_20260514_094005.csv,Cleveland Cavaliers Detroit Pistons,cleveland cavaliers detroit pistons,Evan Mobley,evan mobley,PRA (hitos),28+,0.0,1.9,player_pra_hito,PRA,over,28,27.5,Evan Mobley 28+ PRA,1,
37a13554d87619dcd1c561102f7b2cb247d83f07,20260514_094005,2026-05-14T09:40:05-03:00,2026-05-14T12:40:05+00:00,betano,basketball,NBA,props_nba_20260514_094005.csv,Cleveland Cavaliers Detroit Pistons,cleveland cavaliers detroit pistons,Evan Mobley,evan mobley,PRA (hitos),30+,0.0,2.47,player_pra_hito,PRA,over,30,29.5,Evan Mobley 30+ PRA,1,
6ab161f0031d7b4824476fb10a602358c18af44a,20260514_094005,2026-05-14T09:40:05-03:00,2026-05-14T12:40:05+00:00,betano,basketball,NBA,props_nba_20260514_094005.csv,Cleveland Cavaliers Detroit Pistons,cleveland cavaliers detroit pistons,Evan Mobley,evan mobley,PRA (hitos),32+,0.0,3.35,player_pra_hito,PRA,over,32,31.5,Evan Mobley 32+ PRA,1,
be55cf2e80a9a8c94dbbf2444b4e05edcc808a9f,20260514_094005,2026-05-14T09:40:05-03:00,2026-05-14T12:40:05+00:00,betano,basketball,NBA,props_nba_20260514_094005.csv,Cleveland Cavaliers Detroit Pistons,cleveland cavaliers detroit pistons,Evan Mobley,evan mobley,PRA (hitos),34+,0.0,4.7,player_pra_hito,PRA,over,34,33.5,Evan Mobley 34+ PRA,1,
fc7c0d33e2b9ebd3b08d0bc7497d18f96043a884,20260514_094005,2026-05-14T09:40:05-03:00,2026-05-14T12:40:05+00:00,betano,basketball,NBA,props_nba_20260514_094005.csv,Cleveland Cavaliers Detroit Pistons,cleveland cavaliers detroit pistons,Evan Mobley,evan mobley,PRA (hitos),36+,0.0,6.6,player_pra_hito,PRA,over,36,35.5,Evan Mobley 36+ PRA,1,
2603e9fba3cbe442f4e6f6cc4e5cad7dad0d19d7,20260514_094005,2026-05-14T09:40:05-03:00,2026-05-14T12:40:05+00:00,betano,basketball,NBA,props_nba_20260514_094005.csv,Cleveland Cavaliers Detroit Pistons,cleveland cavaliers detroit pistons,Evan Mobley,evan mobley,PRA (hitos),38+,0.0,9,player_pra_hito,PRA,over,38,37.5,Evan Mobley 38+ PRA,1,
386703a5a38ca96feba576673f718ba6faa1fb87,20260514_094005,2026-05-14T09:40:05-03:00,2026-05-14T12:40:05+00:00,betano,basketball,NBA,props_nba_20260514_094005.csv,Cleveland Cavaliers Detroit Pistons,cleveland cavaliers detroit pistons,Evan Mobley,evan mobley,PRA (hitos),40+,0.0,12,player_pra_hito,PRA,over,40,39.5,Evan Mobley 40+ PRA,1,
4a62dcf019b53a617a0f4440eaa00c6812830197,20260514_094005,2026-05-14T09:40:05-03:00,2026-05-14T12:40:05+00:00,betano,basketball,NBA,props_nba_20260514_094005.csv,Cleveland Cavaliers Detroit Pistons,cleveland cavaliers detroit pistons,Evan Mobley,evan mobley,PRA (hitos),42+,0.0,14.5,player_pra_hito,PRA,over,42,41.5,Evan Mobley 42+ PRA,1,
0372d4d3077c61c09c87082a71ddfc5a9322a2f7,20260514_094005,2026-05-14T09:40:05-03:00,2026-05-14T12:40:05+00:00,betano,basketball,NBA,props_nba_20260514_094005.csv,Cleveland Cavaliers Detroit Pistons,cleveland cavaliers detroit pistons,Ausar Thompson,ausar thompson,PRA (hitos),17+,0.0,1.39,player_pra_hito,PRA,over,17,16.5,Ausar Thompson 17+ PRA,1,
91d151c26aebb8942d9d4442b4b48f8ff62a7ca4,20260514_094005,2026-05-14T09:40:05-03:00,2026-05-14T12:40:05+00:00,betano,basketball,NBA,props_nba_20260514_094005.csv,Cleveland Cavaliers Detroit Pistons,cleveland cavaliers detroit pistons,Ausar Thompson,ausar thompson,PRA (hitos),19+,0.0,1.78,player_pra_hito,PRA,over,19,18.5,Ausar Thompson 19+ PRA,1,
ddbed7c26e2760e730cad3247f3e697b8001dc05,20260514_094005,2026-05-14T09:40:05-03:00,2026-05-14T12:40:05+00:00,betano,basketball,NBA,props_nba_20260514_094005.csv,Cleveland Cavaliers Detroit Pistons,cleveland cavaliers detroit pistons,Ausar Thompson,ausar thompson,PRA (hitos),21+,0.0,2.45,player_pra_hito,PRA,over,21,20.5,Ausar Thompson 21+ PRA,1,
aded772eb1e94f894c9f1678f97faae45c47af0a,20260514_094005,2026-05-14T09:40:05-03:00,2026-05-14T12:40:05+00:00,betano,basketball,NBA,props_nba_20260514_094005.csv,Cleveland Cavaliers Detroit Pistons,cleveland cavaliers detroit pistons,Ausar Thompson,ausar thompson,PRA (hitos),23+,0.0,3.6,player_pra_hito,PRA,over,23,22.5,Ausar Thompson 23+ PRA,1,
d35794e7479899fa3b81da8bc8ac9f47cb13df54,20260514_094005,2026-05-14T09:40:05-03:00,2026-05-14T12:40:05+00:00,betano,basketball,NBA,props_nba_20260514_094005.csv,Cleveland Cavaliers Detroit Pistons,cleveland cavaliers detroit pistons,Ausar Thompson,ausar thompson,PRA (hitos),25+,0.0,5.4,player_pra_hito,PRA,over,25,24.5,Ausar Thompson 25+ PRA,1,
472029f13292aab5a3902cc31234ad7bfbd6c9fc,20260514_094005,2026-05-14T09:40:05-03:00,2026-05-14T12:40:05+00:00,betano,basketball,NBA,props_nba_20260514_094005.csv,Cleveland Cavaliers Detroit Pistons,cleveland cavaliers detroit pistons,Ausar Thompson,ausar thompson,PRA (hitos),27+,0.0,8.25,player_pra_hito,PRA,over,27,26.5,Ausar Thompson 27+ PRA,1,
bc2c064c5b0242e67809e55fd3b2dc5621052ddc,20260514_094005,2026-05-14T09:40:05-03:00,2026-05-14T12:40:05+00:00,betano,basketball,NBA,props_nba_20260514_094005.csv,Cleveland Cavaliers Detroit Pistons,cleveland cavaliers detroit pistons,Ausar Thompson,ausar thompson,PRA (hitos),29+,0.0,11.75,player_pra_hito,PRA,over,29,28.5,Ausar Thompson 29+ PRA,1,
216c609f5a00a36898b8157c97535b3dfc5b811f,20260514_094005,2026-05-14T09:40:05-03:00,2026-05-14T12:40:05+00:00,betano,basketball,NBA,props_nba_20260514_094005.csv,Cleveland Cavaliers Detroit Pistons,cleveland cavaliers detroit pistons,Ausar Thompson,ausar thompson,PRA (hitos),31+,0.0,15,player_pra_hito,PRA,over,31,30.5,Ausar Thompson 31+ PRA,1,
371ba6891778adb680bf50b29b12fd79d81ee24b,20260514_094005,2026-05-14T09:40:05-03:00,2026-05-14T12:40:05+00:00,betano,basketball,NBA,props_nba_20260514_094005.csv,Cleveland Cavaliers Detroit Pistons,cleveland cavaliers detroit pistons,Ausar Thompson,ausar thompson,PRA (hitos),33+,0.0,17.5,player_pra_hito,PRA,over,33,32.5,Ausar Thompson 33+ PRA,1,
83efc3f0ddcc834b2173b1e4ee0e7282e5a646d9,20260514_094005,2026-05-14T09:40:05-03:00,2026-05-14T12:40:05+00:00,betano,basketball,NBA,props_nba_20260514_094005.csv,Cleveland Cavaliers Detroit Pistons,cleveland cavaliers detroit pistons,Max Strus,max strus,PRA (hitos),13+,0.0,1.33,player_pra_hito,PRA,over,13,12.5,Max Strus 13+ PRA,1,
826305251cfc41c0c2071f3802e5d0862bc60d2e,20260514_094005,2026-05-14T09:40:05-03:00,2026-05-14T12:40:05+00:00,betano,basketball,NBA,props_nba_20260514_094005.csv,Cleveland Cavaliers Detroit Pistons,cleveland cavaliers detroit pistons,Max Strus,max strus,PRA (hitos),14+,0.0,1.47,player_pra_hito,PRA,over,14,13.5,Max Strus 14+ PRA,1,
8c764749a4c1d83ce9cc1ce46876fadfd003bff2,20260514_094005,2026-05-14T09:40:05-03:00,2026-05-14T12:40:05+00:00,betano,basketball,NBA,props_nba_20260514_094005.csv,Cleveland Cavaliers Detroit Pistons,cleveland cavaliers detroit pistons,Max Strus,max strus,PRA (hitos),15+,0.0,1.65,player_pra_hito,PRA,over,15,14.5,Max Strus 15+ PRA,1,
47a23728b3319cf97f7a076dd44dfcf44c0f3df8,20260514_094005,2026-05-14T09:40:05-03:00,2026-05-14T12:40:05+00:00,betano,basketball,NBA,props_nba_20260514_094005.csv,Cleveland Cavaliers Detroit Pistons,cleveland cavaliers detroit pistons,Max Strus,max strus,PRA (hitos),16+,0.0,1.88,player_pra_hito,PRA,over,16,15.5,Max Strus 16+ PRA,1,
6db19980d4ff10a9c0c0c20275a0d44db7de3564,20260514_094005,2026-05-14T09:40:05-03:00,2026-05-14T12:40:05+00:00,betano,basketball,NBA,props_nba_20260514_094005.csv,Cleveland Cavaliers Detroit Pistons,cleveland cavaliers detroit pistons,Max Strus,max strus,PRA (hitos),17+,0.0,2.15,player_pra_hito,PRA,over,17,16.5,Max Strus 17+ PRA,1,
b1f1b8a7d30b677a4040db40d3442d2e7fb1c5e6,20260514_094005,2026-05-14T09:40:05-03:00,2026-05-14T12:40:05+00:00,betano,basketball,NBA,props_nba_20260514_094005.csv,Cleveland Cavaliers Detroit Pistons,cleveland cavaliers detroit pistons,Max Strus,max strus,PRA (hitos),18+,0.0,2.55,player_pra_hito,PRA,over,18,17.5,Max Strus 18+ PRA,1,
6b6cff5b9078d54568b49c5005a5670b8f5ee755,20260514_094005,2026-05-14T09:40:05-03:00,2026-05-14T12:40:05+00:00,betano,basketball,NBA,props_nba_20260514_094005.csv,Cleveland Cavaliers Detroit Pistons,cleveland cavaliers detroit pistons,Max Strus,max strus,PRA (hitos),19+,0.0,3.05,player_pra_hito,PRA,over,19,18.5,Max Strus 19+ PRA,1,
16259a05f2fbc7ed232fd9455237ffea126a2129,20260514_094005,2026-05-14T09:40:05-03:00,2026-05-14T12:40:05+00:00,betano,basketball,NBA,props_nba_20260514_094005.csv,Cleveland Cavaliers Detroit Pistons,cleveland cavaliers detroit pistons,Max Strus,max strus,PRA (hitos),20+,0.0,3.6,player_pra_hito,PRA,over,20,19.5,Max Strus 20+ PRA,1,
73a3423d1b22de3528ad01796791b40526c9aed4,20260514_094005,2026-05-14T09:40:05-03:00,2026-05-14T12:40:05+00:00,betano,basketball,NBA,props_nba_20260514_094005.csv,Cleveland Cavaliers Detroit Pistons,cleveland cavaliers detroit pistons,Max Strus,max strus,PRA (hitos),21+,0.0,4.35,player_pra_hito,PRA,over,21,20.5,Max Strus 21+ PRA,1,
b220af6a4ff5e7df3ca00988892d900f2388fd32,20260514_094005,2026-05-14T09:40:05-03:00,2026-05-14T12:40:05+00:00,betano,basketball,NBA,props_nba_20260514_094005.csv,Cleveland Cavaliers Detroit Pistons,cleveland cavaliers detroit pistons,Daniss Jenkins,daniss jenkins,PRA (hitos),13+,0.0,1.34,player_pra_hito,PRA,over,13,12.5,Daniss Jenkins 13+ PRA,1,
8a84f3459f93c68d01f28dc9fad3516d40b10a70,20260514_094005,2026-05-14T09:40:05-03:00,2026-05-14T12:40:05+00:00,betano,basketball,NBA,props_nba_20260514_094005.csv,Cleveland Cavaliers Detroit Pistons,cleveland cavaliers detroit pistons,Daniss Jenkins,daniss jenkins,PRA (hitos),14+,0.0,1.5,player_pra_hito,PRA,over,14,13.5,Daniss Jenkins 14+ PRA,1,
5f5b935251a373fa26809309c206ce79701f99b0,20260514_094005,2026-05-14T09:40:05-03:00,2026-05-14T12:40:05+00:00,betano,basketball,NBA,props_nba_20260514_094005.csv,Cleveland Cavaliers Detroit Pistons,cleveland cavaliers detroit pistons,Daniss Jenkins,daniss jenkins,PRA (hitos),15+,0.0,1.67,player_pra_hito,PRA,over,15,14.5,Daniss Jenkins 15+ PRA,1,
c5b039eee4a92e77ad0d0dfe4e8ffd6173c8e780,20260514_094005,2026-05-14T09:40:05-03:00,2026-05-14T12:40:05+00:00,betano,basketball,NBA,props_nba_20260514_094005.csv,Cleveland Cavaliers Detroit Pistons,cleveland cavaliers detroit pistons,Daniss Jenkins,daniss jenkins,PRA (hitos),16+,0.0,1.95,player_pra_hito,PRA,over,16,15.5,Daniss Jenkins 16+ PRA,1,
9d3e710a02d7459871e79f3a4cd5fa86df5221ed,20260514_094005,2026-05-14T09:40:05-03:00,2026-05-14T12:40:05+00:00,betano,basketball,NBA,props_nba_20260514_094005.csv,Cleveland Cavaliers Detroit Pistons,cleveland cavaliers detroit pistons,Daniss Jenkins,daniss jenkins,PRA (hitos),17+,0.0,2.27,player_pra_hito,PRA,over,17,16.5,Daniss Jenkins 17+ PRA,1,
e656a85fc86b476424c686a943c467ecf1b4ec20,20260514_094005,2026-05-14T09:40:05-03:00,2026-05-14T12:40:05+00:00,betano,basketball,NBA,props_nba_20260514_094005.csv,Cleveland Cavaliers Detroit Pistons,cleveland cavaliers detroit pistons,Daniss Jenkins,daniss jenkins,PRA (hitos),18+,0.0,2.72,player_pra_hito,PRA,over,18,17.5,Daniss Jenkins 18+ PRA,1,
79ed09645d1511442311c6b3c0b92667bc867bba,20260514_094005,2026-05-14T09:40:05-03:00,2026-05-14T12:40:05+00:00,betano,basketball,NBA,props_nba_20260514_094005.csv,Cleveland Cavaliers Detroit Pistons,cleveland cavaliers detroit pistons,Daniss Jenkins,daniss jenkins,PRA (hitos),19+,0.0,3.3,player_pra_hito,PRA,over,19,18.5,Daniss Jenkins 19+ PRA,1,
6a69a826819ef6c1a0234be55d928b319726aa72,20260514_094005,2026-05-14T09:40:05-03:00,2026-05-14T12:40:05+00:00,betano,basketball,NBA,props_nba_20260514_094005.csv,Cleveland Cavaliers Detroit Pistons,cleveland cavaliers detroit pistons,Daniss Jenkins,daniss jenkins,PRA (hitos),20+,0.0,4,player_pra_hito,PRA,over,20,19.5,Daniss Jenkins 20+ PRA,1,
a5742ac12a7bd63722ff8228d7e060fa2774fbe5,20260514_094005,2026-05-14T09:40:05-03:00,2026-05-14T12:40:05+00:00,betano,basketball,NBA,props_nba_20260514_094005.csv,Cleveland Cavaliers Detroit Pistons,cleveland cavaliers detroit pistons,Daniss Jenkins,daniss jenkins,PRA (hitos),21+,0.0,4.85,player_pra_hito,PRA,over,21,20.5,Daniss Jenkins 21+ PRA,1,
9b161dcecdb2016a516fcdf147a987475b4169fd,20260514_094005,2026-05-14T09:40:05-03:00,2026-05-14T12:40:05+00:00,betano,basketball,NBA,props_nba_20260514_094005.csv,Cleveland Cavaliers Detroit Pistons,cleveland cavaliers detroit pistons,Duncan Robinson,duncan robinson,PRA (hitos),13+,0.0,1.36,player_pra_hito,PRA,over,13,12.5,Duncan Robinson 13+ PRA,1,
430ba388a6784e587fac538dc1bcbf785ed82461,20260514_094005,2026-05-14T09:40:05-03:00,2026-05-14T12:40:05+00:00,betano,basketball,NBA,props_nba_20260514_094005.csv,Cleveland Cavaliers Detroit Pistons,cleveland cavaliers detroit pistons,Duncan Robinson,duncan robinson,PRA (hitos),14+,0.0,1.5,player_pra_hito,PRA,over,14,13.5,Duncan Robinson 14+ PRA,1,
127c6de1c10e0beca0ed9697e1de823ea3487940,20260514_094005,2026-05-14T09:40:05-03:00,2026-05-14T12:40:05+00:00,betano,basketball,NBA,props_nba_20260514_094005.csv,Cleveland Cavaliers Detroit Pistons,cleveland cavaliers detroit pistons,Duncan Robinson,duncan robinson,PRA (hitos),15+,0.0,1.67,player_pra_hito,PRA,over,15,14.5,Duncan Robinson 15+ PRA,1,
ff4bcf80a6d39d1e935afcf4cbf324d90bdab6c1,20260514_094005,2026-05-14T09:40:05-03:00,2026-05-14T12:40:05+00:00,betano,basketball,NBA,props_nba_20260514_094005.csv,Cleveland Cavaliers Detroit Pistons,cleveland cavaliers detroit pistons,Duncan Robinson,duncan robinson,PRA (hitos),16+,0.0,1.9,player_pra_hito,PRA,over,16,15.5,Duncan Robinson 16+ PRA,1,
6d7c362f8b00c44a27c4caaf0326975a1fdebdae,20260514_094005,2026-05-14T09:40:05-03:00,2026-05-14T12:40:05+00:00,betano,basketball,NBA,props_nba_20260514_094005.csv,Cleveland Cavaliers Detroit Pistons,cleveland cavaliers detroit pistons,Duncan Robinson,duncan robinson,PRA (hitos),17+,0.0,2.18,player_pra_hito,PRA,over,17,16.5,Duncan Robinson 17+ PRA,1,
8fbadf26c85544af2da129a9337f9ff902838a9c,20260514_094005,2026-05-14T09:40:05-03:00,2026-05-14T12:40:05+00:00,betano,basketball,NBA,props_nba_20260514_094005.csv,Cleveland Cavaliers Detroit Pistons,cleveland cavaliers detroit pistons,Duncan Robinson,duncan robinson,PRA (hitos),18+,0.0,2.55,player_pra_hito,PRA,over,18,17.5,Duncan Robinson 18+ PRA,1,
22b279fa8954dd351b432d1c8e7ae87480733f57,20260514_094005,2026-05-14T09:40:05-03:00,2026-05-14T12:40:05+00:00,betano,basketball,NBA,props_nba_20260514_094005.csv,Cleveland Cavaliers Detroit Pistons,cleveland cavaliers detroit pistons,Duncan Robinson,duncan robinson,PRA (hitos),19+,0.0,3,player_pra_hito,PRA,over,19,18.5,Duncan Robinson 19+ PRA,1,
04a2996366a5130de883a564e0db9df4cbecdc62,20260514_094005,2026-05-14T09:40:05-03:00,2026-05-14T12:40:05+00:00,betano,basketball,NBA,props_nba_20260514_094005.csv,Cleveland Cavaliers Detroit Pistons,cleveland cavaliers detroit pistons,Duncan Robinson,duncan robinson,PRA (hitos),20+,0.0,3.55,player_pra_hito,PRA,over,20,19.5,Duncan Robinson 20+ PRA,1,
21b7af30cef65dfa154681c5805c57ba227d8231,20260514_094005,2026-05-14T09:40:05-03:00,2026-05-14T12:40:05+00:00,betano,basketball,NBA,props_nba_20260514_094005.csv,Cleveland Cavaliers Detroit Pistons,cleveland cavaliers detroit pistons,Duncan Robinson,duncan robinson,PRA (hitos),21+,0.0,4.25,player_pra_hito,PRA,over,21,20.5,Duncan Robinson 21+ PRA,1,
a6b8d5e1808a1e785aaf3ffbcbb9ea00afeb0177,20260514_094005,2026-05-14T09:40:05-03:00,2026-05-14T12:40:05+00:00,betano,basketball,NBA,props_nba_20260514_094005.csv,Cleveland Cavaliers Detroit Pistons,cleveland cavaliers detroit pistons,Cade Cunningham,cade cunningham,RA (hitos),12+,0.0,1.28,player_ra_hito,RA,over,12,11.5,Cade Cunningham 12+ RA,1,
911f252c08836f17b6b7ae46d7a585c2312d1265,20260514_094005,2026-05-14T09:40:05-03:00,2026-05-14T12:40:05+00:00,betano,basketball,NBA,props_nba_20260514_094005.csv,Cleveland Cavaliers Detroit Pistons,cleveland cavaliers detroit pistons,Cade Cunningham,cade cunningham,RA (hitos),14+,0.0,1.78,player_ra_hito,RA,over,14,13.5,Cade Cunningham 14+ RA,1,
8bba5338a54332f3f9c74814b925f34f86212799,20260514_094005,2026-05-14T09:40:05-03:00,2026-05-14T12:40:05+00:00,betano,basketball,NBA,props_nba_20260514_094005.csv,Cleveland Cavaliers Detroit Pistons,cleveland cavaliers detroit pistons,Cade Cunningham,cade cunningham,RA (hitos),16+,0.0,2.87,player_ra_hito,RA,over,16,15.5,Cade Cunningham 16+ RA,1,
5d9a0aee6f890580ad9511b8d04ad299eecffcd9,20260514_094005,2026-05-14T09:40:05-03:00,2026-05-14T12:40:05+00:00,betano,basketball,NBA,props_nba_20260514_094005.csv,Cleveland Cavaliers Detroit Pistons,cleveland cavaliers detroit pistons,Cade Cunningham,cade cunningham,RA (hitos),18+,0.0,5.2,player_ra_hito,RA,over,18,17.5,Cade Cunningham 18+ RA,1,
835c97fa75e53e43d7e712fdbd17fe234e75003a,20260514_094005,2026-05-14T09:40:05-03:00,2026-05-14T12:40:05+00:00,betano,basketball,NBA,props_nba_20260514_094005.csv,Cleveland Cavaliers Detroit Pistons,cleveland cavaliers detroit pistons,Cade Cunningham,cade cunningham,RA (hitos),20+,0.0,9.5,player_ra_hito,RA,over,20,19.5,Cade Cunningham 20+ RA,1,
4a2e89325434fbe8e2beccfbab492e784e37667b,20260514_094005,2026-05-14T09:40:05-03:00,2026-05-14T12:40:05+00:00,betano,basketball,NBA,props_nba_20260514_094005.csv,Cleveland Cavaliers Detroit Pistons,cleveland cavaliers detroit pistons,Cade Cunningham,cade cunningham,RA (hitos),22+,0.0,15,player_ra_hito,RA,over,22,21.5,Cade Cunningham 22+ RA,1,
b02c424e5859d21ffbb312d9c9525be7080917f0,20260514_094005,2026-05-14T09:40:05-03:00,2026-05-14T12:40:05+00:00,betano,basketball,NBA,props_nba_20260514_094005.csv,Cleveland Cavaliers Detroit Pistons,cleveland cavaliers detroit pistons,Cade Cunningham,cade cunningham,RA (hitos),24+,0.0,18,player_ra_hito,RA,over,24,23.5,Cade Cunningham 24+ RA,1,
503562daf66a0655a167c400f695e56d23f879c0,20260514_094005,2026-05-14T09:40:05-03:00,2026-05-14T12:40:05+00:00,betano,basketball,NBA,props_nba_20260514_094005.csv,Cleveland Cavaliers Detroit Pistons,cleveland cavaliers detroit pistons,Evan Mobley,evan mobley,RA (hitos),10+,0.0,1.21,player_ra_hito,RA,over,10,9.5,Evan Mobley 10+ RA,1,
2952b3d59c9bbfcbb0aad0784575c3a9296ce10b,20260514_094005,2026-05-14T09:40:05-03:00,2026-05-14T12:40:05+00:00,betano,basketball,NBA,props_nba_20260514_094005.csv,Cleveland Cavaliers Detroit Pistons,cleveland cavaliers detroit pistons,Evan Mobley,evan mobley,RA (hitos),11+,0.0,1.38,player_ra_hito,RA,over,11,10.5,Evan Mobley 11+ RA,1,
2af867dce2ad5a492a67200a6eddab66d5524619,20260514_094005,2026-05-14T09:40:05-03:00,2026-05-14T12:40:05+00:00,betano,basketball,NBA,props_nba_20260514_094005.csv,Cleveland Cavaliers Detroit Pistons,cleveland cavaliers detroit pistons,Evan Mobley,evan mobley,RA (hitos),12+,0.0,1.67,player_ra_hito,RA,over,12,11.5,Evan Mobley 12+ RA,1,
44debbb15b8bde9348dd23d12e2feaaf234f6a27,20260514_094005,2026-05-14T09:40:05-03:00,2026-05-14T12:40:05+00:00,betano,basketball,NBA,props_nba_20260514_094005.csv,Cleveland Cavaliers Detroit Pistons,cleveland cavaliers detroit pistons,Evan Mobley,evan mobley,RA (hitos),13+,0.0,2.07,player_ra_hito,RA,over,13,12.5,Evan Mobley 13+ RA,1,
9830224fb3493366e630405eaf73cd665b8f779c,20260514_094005,2026-05-14T09:40:05-03:00,2026-05-14T12:40:05+00:00,betano,basketball,NBA,props_nba_20260514_094005.csv,Cleveland Cavaliers Detroit Pistons,cleveland cavaliers detroit pistons,Evan Mobley,evan mobley,RA (hitos),14+,0.0,2.67,player_ra_hito,RA,over,14,13.5,Evan Mobley 14+ RA,1,
81758f5cc58be9107dc4a4c5cc475d3b461fc4d1,20260514_094005,2026-05-14T09:40:05-03:00,2026-05-14T12:40:05+00:00,betano,basketball,NBA,props_nba_20260514_094005.csv,Cleveland Cavaliers Detroit Pistons,cleveland cavaliers detroit pistons,Evan Mobley,evan mobley,RA (hitos),15+,0.0,3.6,player_ra_hito,RA,over,15,14.5,Evan Mobley 15+ RA,1,
f96f17d3708676c81e95fb8a39678cb5f281c735,20260514_094005,2026-05-14T09:40:05-03:00,2026-05-14T12:40:05+00:00,betano,basketball,NBA,props_nba_20260514_094005.csv,Cleveland Cavaliers Detroit Pistons,cleveland cavaliers detroit pistons,Evan Mobley,evan mobley,RA (hitos),16+,0.0,5,player_ra_hito,RA,over,16,15.5,Evan Mobley 16+ RA,1,
4b2eadbe31f8382a0d09f9adf4e28569b3232f94,20260514_094005,2026-05-14T09:40:05-03:00,2026-05-14T12:40:05+00:00,betano,basketball,NBA,props_nba_20260514_094005.csv,Cleveland Cavaliers Detroit Pistons,cleveland cavaliers detroit pistons,Evan Mobley,evan mobley,RA (hitos),17+,0.0,6.8,player_ra_hito,RA,over,17,16.5,Evan Mobley 17+ RA,1,
a971338fecc570d11a6e43eaea53a96868339563,20260514_094005,2026-05-14T09:40:05-03:00,2026-05-14T12:40:05+00:00,betano,basketball,NBA,props_nba_20260514_094005.csv,Cleveland Cavaliers Detroit Pistons,cleveland cavaliers detroit pistons,Evan Mobley,evan mobley,RA (hitos),18+,0.0,9.25,player_ra_hito,RA,over,18,17.5,Evan Mobley 18+ RA,1,
10c8b39e0c78da120ac4444a78b80e3c6edfadee,20260514_094005,2026-05-14T09:40:05-03:00,2026-05-14T12:40:05+00:00,betano,basketball,NBA,props_nba_20260514_094005.csv,Cleveland Cavaliers Detroit Pistons,cleveland cavaliers detroit pistons,James Harden,james harden,RA (hitos),10+,0.0,1.36,player_ra_hito,RA,over,10,9.5,James Harden 10+ RA,1,
316e6f0237336601350bcd8e8fbd7da29c594991,20260514_094005,2026-05-14T09:40:05-03:00,2026-05-14T12:40:05+00:00,betano,basketball,NBA,props_nba_20260514_094005.csv,Cleveland Cavaliers Detroit Pistons,cleveland cavaliers detroit pistons,James Harden,james harden,RA (hitos),12+,0.0,2.07,player_ra_hito,RA,over,12,11.5,James Harden 12+ RA,1,
20a43632e2b79280759b1dd7738645be139b44f3,20260514_094005,2026-05-14T09:40:05-03:00,2026-05-14T12:40:05+00:00,betano,basketball,NBA,props_nba_20260514_094005.csv,Cleveland Cavaliers Detroit Pistons,cleveland cavaliers detroit pistons,James Harden,james harden,RA (hitos),14+,0.0,3.75,player_ra_hito,RA,over,14,13.5,James Harden 14+ RA,1,
4002e8efc9ec8b77bca1d156f3baeb0b9d4451d5,20260514_094005,2026-05-14T09:40:05-03:00,2026-05-14T12:40:05+00:00,betano,basketball,NBA,props_nba_20260514_094005.csv,Cleveland Cavaliers Detroit Pistons,cleveland cavaliers detroit pistons,James Harden,james harden,RA (hitos),16+,0.0,7.3,player_ra_hito,RA,over,16,15.5,James Harden 16+ RA,1,
46be278f5afd41ce30c5041faffac8477aff8cd8,20260514_094005,2026-05-14T09:40:05-03:00,2026-05-14T12:40:05+00:00,betano,basketball,NBA,props_nba_20260514_094005.csv,Cleveland Cavaliers Detroit Pistons,cleveland cavaliers detroit pistons,James Harden,james harden,RA (hitos),18+,0.0,13,player_ra_hito,RA,over,18,17.5,James Harden 18+ RA,1,
3b6567978a8a1de8d59f0a971fc982480efa1261,20260514_094005,2026-05-14T09:40:05-03:00,2026-05-14T12:40:05+00:00,betano,basketball,NBA,props_nba_20260514_094005.csv,Cleveland Cavaliers Detroit Pistons,cleveland cavaliers detroit pistons,James Harden,james harden,RA (hitos),20+,0.0,17.5,player_ra_hito,RA,over,20,19.5,James Harden 20+ RA,1,
b7b286e4948d6b7aa193cf1477ce9f6c8ed5ad6c,20260514_094005,2026-05-14T09:40:05-03:00,2026-05-14T12:40:05+00:00,betano,basketball,NBA,props_nba_20260514_094005.csv,Cleveland Cavaliers Detroit Pistons,cleveland cavaliers detroit pistons,Ausar Thompson,ausar thompson,RA (hitos),9+,0.0,1.44,player_ra_hito,RA,over,9,8.5,Ausar Thompson 9+ RA,1,
456b0c7e699a4e68e363ebee53bf61ebc09fd80b,20260514_094005,2026-05-14T09:40:05-03:00,2026-05-14T12:40:05+00:00,betano,basketball,NBA,props_nba_20260514_094005.csv,Cleveland Cavaliers Detroit Pistons,cleveland cavaliers detroit pistons,Ausar Thompson,ausar thompson,RA (hitos),10+,0.0,1.78,player_ra_hito,RA,over,10,9.5,Ausar Thompson 10+ RA,1,
f07fad2f68bab1fdabd65bcd68f9832540e85956,20260514_094005,2026-05-14T09:40:05-03:00,2026-05-14T12:40:05+00:00,betano,basketball,NBA,props_nba_20260514_094005.csv,Cleveland Cavaliers Detroit Pistons,cleveland cavaliers detroit pistons,Ausar Thompson,ausar thompson,RA (hitos),11+,0.0,2.3,player_ra_hito,RA,over,11,10.5,Ausar Thompson 11+ RA,1,
25f0d3fad22788fa9f6c33e3f08497a02dc46315,20260514_094005,2026-05-14T09:40:05-03:00,2026-05-14T12:40:05+00:00,betano,basketball,NBA,props_nba_20260514_094005.csv,Cleveland Cavaliers Detroit Pistons,cleveland cavaliers detroit pistons,Ausar Thompson,ausar thompson,RA (hitos),12+,0.0,3.1,player_ra_hito,RA,over,12,11.5,Ausar Thompson 12+ RA,1,
50887b80b32625548e81a3f895df89fe1f76aa9a,20260514_094005,2026-05-14T09:40:05-03:00,2026-05-14T12:40:05+00:00,betano,basketball,NBA,props_nba_20260514_094005.csv,Cleveland Cavaliers Detroit Pistons,cleveland cavaliers detroit pistons,Ausar Thompson,ausar thompson,RA (hitos),13+,0.0,4.4,player_ra_hito,RA,over,13,12.5,Ausar Thompson 13+ RA,1,
15c7b95f9a1a61aa4be5610c75e2c2745af298a6,20260514_094005,2026-05-14T09:40:05-03:00,2026-05-14T12:40:05+00:00,betano,basketball,NBA,props_nba_20260514_094005.csv,Cleveland Cavaliers Detroit Pistons,cleveland cavaliers detroit pistons,Ausar Thompson,ausar thompson,RA (hitos),14+,0.0,6.2,player_ra_hito,RA,over,14,13.5,Ausar Thompson 14+ RA,1,
e3adc11f2f6a6a5a57918eb8b257a422f2b8b2d3,20260514_094005,2026-05-14T09:40:05-03:00,2026-05-14T12:40:05+00:00,betano,basketball,NBA,props_nba_20260514_094005.csv,Cleveland Cavaliers Detroit Pistons,cleveland cavaliers detroit pistons,Ausar Thompson,ausar thompson,RA (hitos),15+,0.0,8.75,player_ra_hito,RA,over,15,14.5,Ausar Thompson 15+ RA,1,
8f82be6bde29f1296e7a3c74bfae12f9b2561005,20260514_094005,2026-05-14T09:40:05-03:00,2026-05-14T12:40:05+00:00,betano,basketball,NBA,props_nba_20260514_094005.csv,Cleveland Cavaliers Detroit Pistons,cleveland cavaliers detroit pistons,Ausar Thompson,ausar thompson,RA (hitos),16+,0.0,11.75,player_ra_hito,RA,over,16,15.5,Ausar Thompson 16+ RA,1,
3d42ff6c81932f30fc272e6c8c319bb89c9d747c,20260514_094005,2026-05-14T09:40:05-03:00,2026-05-14T12:40:05+00:00,betano,basketball,NBA,props_nba_20260514_094005.csv,Cleveland Cavaliers Detroit Pistons,cleveland cavaliers detroit pistons,Donovan Mitchell,donovan mitchell,RA (hitos),7+,0.0,1.36,player_ra_hito,RA,over,7,6.5,Donovan Mitchell 7+ RA,1,
7667357988682cbbfaf2487112a65060d73c4717,20260514_094005,2026-05-14T09:40:05-03:00,2026-05-14T12:40:05+00:00,betano,basketball,NBA,props_nba_20260514_094005.csv,Cleveland Cavaliers Detroit Pistons,cleveland cavaliers detroit pistons,Donovan Mitchell,donovan mitchell,RA (hitos),8+,0.0,1.67,player_ra_hito,RA,over,8,7.5,Donovan Mitchell 8+ RA,1,
b8bd81ae8e7c2e471ca1c20f955202cde57208fc,20260514_094005,2026-05-14T09:40:05-03:00,2026-05-14T12:40:05+00:00,betano,basketball,NBA,props_nba_20260514_094005.csv,Cleveland Cavaliers Detroit Pistons,cleveland cavaliers detroit pistons,Donovan Mitchell,donovan mitchell,RA (hitos),9+,0.0,2.22,player_ra_hito,RA,over,9,8.5,Donovan Mitchell 9+ RA,1,
b4f2fdce7f80fe18d9adf6b27c4aeb7d4a32e106,20260514_094005,2026-05-14T09:40:05-03:00,2026-05-14T12:40:05+00:00,betano,basketball,NBA,props_nba_20260514_094005.csv,Cleveland Cavaliers Detroit Pistons,cleveland cavaliers detroit pistons,Donovan Mitchell,donovan mitchell,RA (hitos),10+,0.0,3.1,player_ra_hito,RA,over,10,9.5,Donovan Mitchell 10+ RA,1,
f73d2ff349f3e071c3684d256b0ee8122dfc989c,20260514_094005,2026-05-14T09:40:05-03:00,2026-05-14T12:40:05+00:00,betano,basketball,NBA,props_nba_20260514_094005.csv,Cleveland Cavaliers Detroit Pistons,cleveland cavaliers detroit pistons,Donovan Mitchell,donovan mitchell,RA (hitos),11+,0.0,4.5,player_ra_hito,RA,over,11,10.5,Donovan Mitchell 11+ RA,1,
5855d70f7e3b69622ec1b3c70efdd080b5fbdf34,20260514_094005,2026-05-14T09:40:05-03:00,2026-05-14T12:40:05+00:00,betano,basketball,NBA,props_nba_20260514_094005.csv,Cleveland Cavaliers Detroit Pistons,cleveland cavaliers detroit pistons,Donovan Mitchell,donovan mitchell,RA (hitos),12+,0.0,6.7,player_ra_hito,RA,over,12,11.5,Donovan Mitchell 12+ RA,1,
94dffc2aeded397b416171a5007a0a7e958e3d31,20260514_094005,2026-05-14T09:40:05-03:00,2026-05-14T12:40:05+00:00,betano,basketball,NBA,props_nba_20260514_094005.csv,Cleveland Cavaliers Detroit Pistons,cleveland cavaliers detroit pistons,Donovan Mitchell,donovan mitchell,RA (hitos),13+,0.0,9.75,player_ra_hito,RA,over,13,12.5,Donovan Mitchell 13+ RA,1,
1dd07d71591f643aa62d3bc13442b969d4ac96e8,20260514_094005,2026-05-14T09:40:05-03:00,2026-05-14T12:40:05+00:00,betano,basketball,NBA,props_nba_20260514_094005.csv,Cleveland Cavaliers Detroit Pistons,cleveland cavaliers detroit pistons,Donovan Mitchell,donovan mitchell,RA (hitos),14+,0.0,13,player_ra_hito,RA,over,14,13.5,Donovan Mitchell 14+ RA,1,
5b42961a579f63dbb24b3f12974567c0e09b2419,20260514_094005,2026-05-14T09:40:05-03:00,2026-05-14T12:40:05+00:00,betano,basketball,NBA,props_nba_20260514_094005.csv,Cleveland Cavaliers Detroit Pistons,cleveland cavaliers detroit pistons,Max Strus,max strus,RA (hitos),6+,0.0,1.5,player_ra_hito,RA,over,6,5.5,Max Strus 6+ RA,1,
28b1fa69d659a7290d338ba9a02c8035814ae5c2,20260514_094005,2026-05-14T09:40:05-03:00,2026-05-14T12:40:05+00:00,betano,basketball,NBA,props_nba_20260514_094005.csv,Cleveland Cavaliers Detroit Pistons,cleveland cavaliers detroit pistons,Max Strus,max strus,RA (hitos),7+,0.0,2,player_ra_hito,RA,over,7,6.5,Max Strus 7+ RA,1,
f9aeddc12b169ada868902b4e764170efb19725c,20260514_094005,2026-05-14T09:40:05-03:00,2026-05-14T12:40:05+00:00,betano,basketball,NBA,props_nba_20260514_094005.csv,Cleveland Cavaliers Detroit Pistons,cleveland cavaliers detroit pistons,Max Strus,max strus,RA (hitos),8+,0.0,2.8,player_ra_hito,RA,over,8,7.5,Max Strus 8+ RA,1,
c862d5478e124fc75717bc74d0867b8e1e69bda0,20260514_094005,2026-05-14T09:40:05-03:00,2026-05-14T12:40:05+00:00,betano,basketball,NBA,props_nba_20260514_094005.csv,Cleveland Cavaliers Detroit Pistons,cleveland cavaliers detroit pistons,Max Strus,max strus,RA (hitos),9+,0.0,4.25,player_ra_hito,RA,over,9,8.5,Max Strus 9+ RA,1,
33357bac542ebc135ed5e2a46284c72ef38f2951,20260514_094005,2026-05-14T09:40:05-03:00,2026-05-14T12:40:05+00:00,betano,basketball,NBA,props_nba_20260514_094005.csv,Cleveland Cavaliers Detroit Pistons,cleveland cavaliers detroit pistons,Max Strus,max strus,RA (hitos),10+,0.0,6.5,player_ra_hito,RA,over,10,9.5,Max Strus 10+ RA,1,
550337340fba435956cbc061f17e2e085d0f0bca,20260514_094005,2026-05-14T09:40:05-03:00,2026-05-14T12:40:05+00:00,betano,basketball,NBA,props_nba_20260514_094005.csv,Cleveland Cavaliers Detroit Pistons,cleveland cavaliers detroit pistons,Max Strus,max strus,RA (hitos),11+,0.0,9.5,player_ra_hito,RA,over,11,10.5,Max Strus 11+ RA,1,
bf1270c7d47bb31e3a02da3697e48a4d34f6ab77,20260514_094005,2026-05-14T09:40:05-03:00,2026-05-14T12:40:05+00:00,betano,basketball,NBA,props_nba_20260514_094005.csv,Cleveland Cavaliers Detroit Pistons,cleveland cavaliers detroit pistons,Max Strus,max strus,RA (hitos),12+,0.0,13,player_ra_hito,RA,over,12,11.5,Max Strus 12+ RA,1,
45a9e99d1d30e9b01e1af4a152aff08555069a3a,20260514_094005,2026-05-14T09:40:05-03:00,2026-05-14T12:40:05+00:00,betano,basketball,NBA,props_nba_20260514_094005.csv,Cleveland Cavaliers Detroit Pistons,cleveland cavaliers detroit pistons,Max Strus,max strus,RA (hitos),13+,0.0,16.5,player_ra_hito,RA,over,13,12.5,Max Strus 13+ RA,1,
5a3249661f79a488241a254c4b086c07aaf1e2aa,20260514_094005,2026-05-14T09:40:05-03:00,2026-05-14T12:40:05+00:00,betano,basketball,NBA,props_nba_20260514_094005.csv,Cleveland Cavaliers Detroit Pistons,cleveland cavaliers detroit pistons,Daniss Jenkins,daniss jenkins,RA (hitos),5+,0.0,1.44,player_ra_hito,RA,over,5,4.5,Daniss Jenkins 5+ RA,1,
d9f0d47302a1dfa64f72319bfcdb5f85d0be4143,20260514_094005,2026-05-14T09:40:05-03:00,2026-05-14T12:40:05+00:00,betano,basketball,NBA,props_nba_20260514_094005.csv,Cleveland Cavaliers Detroit Pistons,cleveland cavaliers detroit pistons,Daniss Jenkins,daniss jenkins,RA (hitos),6+,0.0,1.93,player_ra_hito,RA,over,6,5.5,Daniss Jenkins 6+ RA,1,
8c5b17ee8b1f3dde5b79392dd7610c571203f70d,20260514_094005,2026-05-14T09:40:05-03:00,2026-05-14T12:40:05+00:00,betano,basketball,NBA,props_nba_20260514_094005.csv,Cleveland Cavaliers Detroit Pistons,cleveland cavaliers detroit pistons,Daniss Jenkins,daniss jenkins,RA (hitos),7+,0.0,2.85,player_ra_hito,RA,over,7,6.5,Daniss Jenkins 7+ RA,1,
6e53390de3b8f3bcc04ba4fb0d1066c8345c86a3,20260514_094005,2026-05-14T09:40:05-03:00,2026-05-14T12:40:05+00:00,betano,basketball,NBA,props_nba_20260514_094005.csv,Cleveland Cavaliers Detroit Pistons,cleveland cavaliers detroit pistons,Daniss Jenkins,daniss jenkins,RA (hitos),8+,0.0,4.4,player_ra_hito,RA,over,8,7.5,Daniss Jenkins 8+ RA,1,
a6d92d71fa8c174dd51882ba616c9cde8c41076e,20260514_094005,2026-05-14T09:40:05-03:00,2026-05-14T12:40:05+00:00,betano,basketball,NBA,props_nba_20260514_094005.csv,Cleveland Cavaliers Detroit Pistons,cleveland cavaliers detroit pistons,Daniss Jenkins,daniss jenkins,RA (hitos),9+,0.0,6.9,player_ra_hito,RA,over,9,8.5,Daniss Jenkins 9+ RA,1,
452dd613cfe961c09e9a61b56dfec2398ffee637,20260514_094005,2026-05-14T09:40:05-03:00,2026-05-14T12:40:05+00:00,betano,basketball,NBA,props_nba_20260514_094005.csv,Cleveland Cavaliers Detroit Pistons,cleveland cavaliers detroit pistons,Daniss Jenkins,daniss jenkins,RA (hitos),10+,0.0,10.25,player_ra_hito,RA,over,10,9.5,Daniss Jenkins 10+ RA,1,
e5c3325ee70ecb8dab471efdefb9d30d95a48170,20260514_094005,2026-05-14T09:40:05-03:00,2026-05-14T12:40:05+00:00,betano,basketball,NBA,props_nba_20260514_094005.csv,Cleveland Cavaliers Detroit Pistons,cleveland cavaliers detroit pistons,Duncan Robinson,duncan robinson,RA (hitos),4+,0.0,1.36,player_ra_hito,RA,over,4,3.5,Duncan Robinson 4+ RA,1,
2a6560a1801a2c39f302f17d0ac8d288c34dce9a,20260514_094005,2026-05-14T09:40:05-03:00,2026-05-14T12:40:05+00:00,betano,basketball,NBA,props_nba_20260514_094005.csv,Cleveland Cavaliers Detroit Pistons,cleveland cavaliers detroit pistons,Duncan Robinson,duncan robinson,RA (hitos),5+,0.0,1.83,player_ra_hito,RA,over,5,4.5,Duncan Robinson 5+ RA,1,
025b62a2a068757fce58dbdcd3b745729e582dec,20260514_094005,2026-05-14T09:40:05-03:00,2026-05-14T12:40:05+00:00,betano,basketball,NBA,props_nba_20260514_094005.csv,Cleveland Cavaliers Detroit Pistons,cleveland cavaliers detroit pistons,Duncan Robinson,duncan robinson,RA (hitos),6+,0.0,2.72,player_ra_hito,RA,over,6,5.5,Duncan Robinson 6+ RA,1,
552443a5db7d73960cb1a13fe62af698e8d3c122,20260514_094005,2026-05-14T09:40:05-03:00,2026-05-14T12:40:05+00:00,betano,basketball,NBA,props_nba_20260514_094005.csv,Cleveland Cavaliers Detroit Pistons,cleveland cavaliers detroit pistons,Duncan Robinson,duncan robinson,RA (hitos),7+,0.0,4.3,player_ra_hito,RA,over,7,6.5,Duncan Robinson 7+ RA,1,
2f51e067691bf554c50e567df434ce419a756d2c,20260514_094005,2026-05-14T09:40:05-03:00,2026-05-14T12:40:05+00:00,betano,basketball,NBA,props_nba_20260514_094005.csv,Cleveland Cavaliers Detroit Pistons,cleveland cavaliers detroit pistons,Duncan Robinson,duncan robinson,RA (hitos),8+,0.0,7,player_ra_hito,RA,over,8,7.5,Duncan Robinson 8+ RA,1,
3f11ad9334a440f5dd0d1062d27d2b81b5f1c7f6,20260514_094005,2026-05-14T09:40:05-03:00,2026-05-14T12:40:05+00:00,betano,basketball,NBA,props_nba_20260514_094005.csv,Cleveland Cavaliers Detroit Pistons,cleveland cavaliers detroit pistons,Duncan Robinson,duncan robinson,RA (hitos),9+,0.0,10.75,player_ra_hito,RA,over,9,8.5,Duncan Robinson 9+ RA,1,
1f58659bd3fe4ba54eb2f33e57af0d3a2d6dbedd,20260514_094005,2026-05-14T09:40:05-03:00,2026-05-14T12:40:05+00:00,betano,basketball,NBA,props_nba_20260514_094005.csv,Cleveland Cavaliers Detroit Pistons,cleveland cavaliers detroit pistons,Dennis Schroder,dennis schroder,RA (hitos),3+,0.0,1.09,player_ra_hito,RA,over,3,2.5,Dennis Schroder 3+ RA,1,
3cdd77d0f2e97aaf73cf1bed6c746f176d7a273d,20260514_094005,2026-05-14T09:40:05-03:00,2026-05-14T12:40:05+00:00,betano,basketball,NBA,props_nba_20260514_094005.csv,Cleveland Cavaliers Detroit Pistons,cleveland cavaliers detroit pistons,Dennis Schroder,dennis schroder,RA (hitos),4+,0.0,1.36,player_ra_hito,RA,over,4,3.5,Dennis Schroder 4+ RA,1,
695e73bd357c43e90a5f2e364b2fab43a48d5e1e,20260514_094005,2026-05-14T09:40:05-03:00,2026-05-14T12:40:05+00:00,betano,basketball,NBA,props_nba_20260514_094005.csv,Cleveland Cavaliers Detroit Pistons,cleveland cavaliers detroit pistons,Dennis Schroder,dennis schroder,RA (hitos),5+,0.0,1.87,player_ra_hito,RA,over,5,4.5,Dennis Schroder 5+ RA,1,
466705cbd6a4e20d6cd2eb886ff1a3de53f65a74,20260514_094005,2026-05-14T09:40:05-03:00,2026-05-14T12:40:05+00:00,betano,basketball,NBA,props_nba_20260514_094005.csv,Cleveland Cavaliers Detroit Pistons,cleveland cavaliers detroit pistons,Dennis Schroder,dennis schroder,RA (hitos),6+,0.0,2.72,player_ra_hito,RA,over,6,5.5,Dennis Schroder 6+ RA,1,
da7318b6338640364b38c38e667a1f02a8f11fb1,20260514_094005,2026-05-14T09:40:05-03:00,2026-05-14T12:40:05+00:00,betano,basketball,NBA,props_nba_20260514_094005.csv,Cleveland Cavaliers Detroit Pistons,cleveland cavaliers detroit pistons,Dennis Schroder,dennis schroder,RA (hitos),7+,0.0,4.05,player_ra_hito,RA,over,7,6.5,Dennis Schroder 7+ RA,1,
4992a754775ad219e23f79fc9832396aded37afe,20260514_094005,2026-05-14T09:40:05-03:00,2026-05-14T12:40:05+00:00,betano,basketball,NBA,props_nba_20260514_094005.csv,Cleveland Cavaliers Detroit Pistons,cleveland cavaliers detroit pistons,Dennis Schroder,dennis schroder,RA (hitos),8+,0.0,5.7,player_ra_hito,RA,over,8,7.5,Dennis Schroder 8+ RA,1,
4bf4a6358aecb5f8bffdc036e838edc5ff0e937b,20260514_094005,2026-05-14T09:40:05-03:00,2026-05-14T12:40:05+00:00,betano,basketball,NBA,props_nba_20260514_094005.csv,Minnesota Timberwolves San Antonio Spurs,minnesota timberwolves san antonio spurs,Victor Wembanyama,victor wembanyama,Puntos (hitos),25+,0.0,1.53,player_points_hito,PTS,over,25,24.5,Victor Wembanyama 25+ PTS,1,
cf273bee2f81bcdd9172e519fd64311f9ce3ede8,20260514_094005,2026-05-14T09:40:05-03:00,2026-05-14T12:40:05+00:00,betano,basketball,NBA,props_nba_20260514_094005.csv,Minnesota Timberwolves San Antonio Spurs,minnesota timberwolves san antonio spurs,Victor Wembanyama,victor wembanyama,Puntos (hitos),26+,0.0,1.67,player_points_hito,PTS,over,26,25.5,Victor Wembanyama 26+ PTS,1,
59c3deb4eba0d79a50a5856ecb310df3591fe03e,20260514_094005,2026-05-14T09:40:05-03:00,2026-05-14T12:40:05+00:00,betano,basketball,NBA,props_nba_20260514_094005.csv,Minnesota Timberwolves San Antonio Spurs,minnesota timberwolves san antonio spurs,Victor Wembanyama,victor wembanyama,Puntos (hitos),27+,0.0,1.85,player_points_hito,PTS,over,27,26.5,Victor Wembanyama 27+ PTS,1,
6d4fe5a04ed8b631a92f7b8b1e2e72bac5c9f0f0,20260514_094005,2026-05-14T09:40:05-03:00,2026-05-14T12:40:05+00:00,betano,basketball,NBA,props_nba_20260514_094005.csv,Minnesota Timberwolves San Antonio Spurs,minnesota timberwolves san antonio spurs,Victor Wembanyama,victor wembanyama,Puntos (hitos),28+,0.0,2.05,player_points_hito,PTS,over,28,27.5,Victor Wembanyama 28+ PTS,1,
564835fc2cd8aaa8e9a9d827795585bd7beef98e,20260514_094005,2026-05-14T09:40:05-03:00,2026-05-14T12:40:05+00:00,betano,basketball,NBA,props_nba_20260514_094005.csv,Minnesota Timberwolves San Antonio Spurs,minnesota timberwolves san antonio spurs,Victor Wembanyama,victor wembanyama,Puntos (hitos),29+,0.0,2.27,player_points_hito,PTS,over,29,28.5,Victor Wembanyama 29+ PTS,1,
77ed49adf18dc8f9ce7e4d63d7744364841b0a63,20260514_094005,2026-05-14T09:40:05-03:00,2026-05-14T12:40:05+00:00,betano,basketball,NBA,props_nba_20260514_094005.csv,Minnesota Timberwolves San Antonio Spurs,minnesota timberwolves san antonio spurs,Victor Wembanyama,victor wembanyama,Puntos (hitos),30+,0.0,2.57,player_points_hito,PTS,over,30,29.5,Victor Wembanyama 30+ PTS,1,
c6c5135c08654ce284094f5f7fc9e01bb4df8588,20260514_094005,2026-05-14T09:40:05-03:00,2026-05-14T12:40:05+00:00,betano,basketball,NBA,props_nba_20260514_094005.csv,Minnesota Timberwolves San Antonio Spurs,minnesota timberwolves san antonio spurs,Victor Wembanyama,victor wembanyama,Puntos (hitos),31+,0.0,2.92,player_points_hito,PTS,over,31,30.5,Victor Wembanyama 31+ PTS,1,
7724516bc0cae5faf2c663f7ebf6344d28f34518,20260514_094005,2026-05-14T09:40:05-03:00,2026-05-14T12:40:05+00:00,betano,basketball,NBA,props_nba_20260514_094005.csv,Minnesota Timberwolves San Antonio Spurs,minnesota timberwolves san antonio spurs,Victor Wembanyama,victor wembanyama,Puntos (hitos),32+,0.0,3.35,player_points_hito,PTS,over,32,31.5,Victor Wembanyama 32+ PTS,1,
747c53d5f323b34b85dbdd3b9a92b1fcc2549232,20260514_094005,2026-05-14T09:40:05-03:00,2026-05-14T12:40:05+00:00,betano,basketball,NBA,props_nba_20260514_094005.csv,Minnesota Timberwolves San Antonio Spurs,minnesota timberwolves san antonio spurs,Victor Wembanyama,victor wembanyama,Puntos (hitos),33+,0.0,3.85,player_points_hito,PTS,over,33,32.5,Victor Wembanyama 33+ PTS,1,
b35ddfbe7c9c061f69c75cac5a69f81b951778bd,20260514_094005,2026-05-14T09:40:05-03:00,2026-05-14T12:40:05+00:00,betano,basketball,NBA,props_nba_20260514_094005.csv,Minnesota Timberwolves San Antonio Spurs,minnesota timberwolves san antonio spurs,Anthony Edwards,anthony edwards,Puntos (hitos),24+,0.0,1.5,player_points_hito,PTS,over,24,23.5,Anthony Edwards 24+ PTS,1,
b6162c24e3f60a13631eefa957d63c7d6c37332c,20260514_094005,2026-05-14T09:40:05-03:00,2026-05-14T12:40:05+00:00,betano,basketball,NBA,props_nba_20260514_094005.csv,Minnesota Timberwolves San Antonio Spurs,minnesota timberwolves san antonio spurs,Anthony Edwards,anthony edwards,Puntos (hitos),25+,0.0,1.62,player_points_hito,PTS,over,25,24.5,Anthony Edwards 25+ PTS,1,
a4d6dd888e9381e681a792f1809f58241d851e9d,20260514_094005,2026-05-14T09:40:05-03:00,2026-05-14T12:40:05+00:00,betano,basketball,NBA,props_nba_20260514_094005.csv,Minnesota Timberwolves San Antonio Spurs,minnesota timberwolves san antonio spurs,Anthony Edwards,anthony edwards,Puntos (hitos),26+,0.0,1.78,player_points_hito,PTS,over,26,25.5,Anthony Edwards 26+ PTS,1,
7ef116de816ecbcf0694cc0fa9ad10a5ff15c52c,20260514_094005,2026-05-14T09:40:05-03:00,2026-05-14T12:40:05+00:00,betano,basketball,NBA,props_nba_20260514_094005.csv,Minnesota Timberwolves San Antonio Spurs,minnesota timberwolves san antonio spurs,Anthony Edwards,anthony edwards,Puntos (hitos),27+,0.0,1.95,player_points_hito,PTS,over,27,26.5,Anthony Edwards 27+ PTS,1,
b7e70c3bf7757ef646dcbd196d25ab0d307ec29a,20260514_094005,2026-05-14T09:40:05-03:00,2026-05-14T12:40:05+00:00,betano,basketball,NBA,props_nba_20260514_094005.csv,Minnesota Timberwolves San Antonio Spurs,minnesota timberwolves san antonio spurs,Anthony Edwards,anthony edwards,Puntos (hitos),28+,0.0,2.2,player_points_hito,PTS,over,28,27.5,Anthony Edwards 28+ PTS,1,
e2d488737d67d7f1d48a6d1d6b4ebf0c09353cc9,20260514_094005,2026-05-14T09:40:05-03:00,2026-05-14T12:40:05+00:00,betano,basketball,NBA,props_nba_20260514_094005.csv,Minnesota Timberwolves San Antonio Spurs,minnesota timberwolves san antonio spurs,Anthony Edwards,anthony edwards,Puntos (hitos),29+,0.0,2.47,player_points_hito,PTS,over,29,28.5,Anthony Edwards 29+ PTS,1,
6501a5e88eee0d68ebb5717c9fcd5d8f79ca784d,20260514_094005,2026-05-14T09:40:05-03:00,2026-05-14T12:40:05+00:00,betano,basketball,NBA,props_nba_20260514_094005.csv,Minnesota Timberwolves San Antonio Spurs,minnesota timberwolves san antonio spurs,Anthony Edwards,anthony edwards,Puntos (hitos),30+,0.0,2.8,player_points_hito,PTS,over,30,29.5,Anthony Edwards 30+ PTS,1,
25144c5fee9806e9657054e2d6ca6218b4782917,20260514_094005,2026-05-14T09:40:05-03:00,2026-05-14T12:40:05+00:00,betano,basketball,NBA,props_nba_20260514_094005.csv,Minnesota Timberwolves San Antonio Spurs,minnesota timberwolves san antonio spurs,Anthony Edwards,anthony edwards,Puntos (hitos),31+,0.0,3.2,player_points_hito,PTS,over,31,30.5,Anthony Edwards 31+ PTS,1,
30de36691858ffa769724aa9163496052263c0fb,20260514_094005,2026-05-14T09:40:05-03:00,2026-05-14T12:40:05+00:00,betano,basketball,NBA,props_nba_20260514_094005.csv,Minnesota Timberwolves San Antonio Spurs,minnesota timberwolves san antonio spurs,Anthony Edwards,anthony edwards,Puntos (hitos),32+,0.0,3.65,player_points_hito,PTS,over,32,31.5,Anthony Edwards 32+ PTS,1,
5729fc87d09667719147e21656f1a06db367f887,20260514_094005,2026-05-14T09:40:05-03:00,2026-05-14T12:40:05+00:00,betano,basketball,NBA,props_nba_20260514_094005.csv,Minnesota Timberwolves San Antonio Spurs,minnesota timberwolves san antonio spurs,De'Aaron Fox,de aaron fox,Puntos (hitos),16+,0.0,1.52,player_points_hito,PTS,over,16,15.5,De'Aaron Fox 16+ PTS,1,
c2ffe3f07f90238e532b77006c24a45289a71eae,20260514_094005,2026-05-14T09:40:05-03:00,2026-05-14T12:40:05+00:00,betano,basketball,NBA,props_nba_20260514_094005.csv,Minnesota Timberwolves San Antonio Spurs,minnesota timberwolves san antonio spurs,De'Aaron Fox,de aaron fox,Puntos (hitos),18+,0.0,1.88,player_points_hito,PTS,over,18,17.5,De'Aaron Fox 18+ PTS,1,
d9e1040d013ae4365c1113e40a9aae8dc643ecf9,20260514_094005,2026-05-14T09:40:05-03:00,2026-05-14T12:40:05+00:00,betano,basketball,NBA,props_nba_20260514_094005.csv,Minnesota Timberwolves San Antonio Spurs,minnesota timberwolves san antonio spurs,De'Aaron Fox,de aaron fox,Puntos (hitos),20+,0.0,2.45,player_points_hito,PTS,over,20,19.5,De'Aaron Fox 20+ PTS,1,
de9169e5fab888e2de8a1239f067b782e71d1a9e,20260514_094005,2026-05-14T09:40:05-03:00,2026-05-14T12:40:05+00:00,betano,basketball,NBA,props_nba_20260514_094005.csv,Minnesota Timberwolves San Antonio Spurs,minnesota timberwolves san antonio spurs,De'Aaron Fox,de aaron fox,Puntos (hitos),22+,0.0,3.3,player_points_hito,PTS,over,22,21.5,De'Aaron Fox 22+ PTS,1,
938eeb8d131a18f9445fa859f3d03b02fe73e8f8,20260514_094005,2026-05-14T09:40:05-03:00,2026-05-14T12:40:05+00:00,betano,basketball,NBA,props_nba_20260514_094005.csv,Minnesota Timberwolves San Antonio Spurs,minnesota timberwolves san antonio spurs,De'Aaron Fox,de aaron fox,Puntos (hitos),24+,0.0,4.65,player_points_hito,PTS,over,24,23.5,De'Aaron Fox 24+ PTS,1,
8f6f31e89de88a4e159108346dd58ee80b9e79e3,20260514_094005,2026-05-14T09:40:05-03:00,2026-05-14T12:40:05+00:00,betano,basketball,NBA,props_nba_20260514_094005.csv,Minnesota Timberwolves San Antonio Spurs,minnesota timberwolves san antonio spurs,De'Aaron Fox,de aaron fox,Puntos (hitos),26+,0.0,6.6,player_points_hito,PTS,over,26,25.5,De'Aaron Fox 26+ PTS,1,
39d15b52b123f82eb6234e2daba90f0d632c5052,20260514_094005,2026-05-14T09:40:05-03:00,2026-05-14T12:40:05+00:00,betano,basketball,NBA,props_nba_20260514_094005.csv,Minnesota Timberwolves San Antonio Spurs,minnesota timberwolves san antonio spurs,De'Aaron Fox,de aaron fox,Puntos (hitos),28+,0.0,9.25,player_points_hito,PTS,over,28,27.5,De'Aaron Fox 28+ PTS,1,
7a833f39ca0033026d6131db0f14a81cc1a902ba,20260514_094005,2026-05-14T09:40:05-03:00,2026-05-14T12:40:05+00:00,betano,basketball,NBA,props_nba_20260514_094005.csv,Minnesota Timberwolves San Antonio Spurs,minnesota timberwolves san antonio spurs,De'Aaron Fox,de aaron fox,Puntos (hitos),30+,0.0,12,player_points_hito,PTS,over,30,29.5,De'Aaron Fox 30+ PTS,1,
3548655b6b5f40f7f5f9dcf6db81d154413ce7c2,20260514_094005,2026-05-14T09:40:05-03:00,2026-05-14T12:40:05+00:00,betano,basketball,NBA,props_nba_20260514_094005.csv,Minnesota Timberwolves San Antonio Spurs,minnesota timberwolves san antonio spurs,De'Aaron Fox,de aaron fox,Puntos (hitos),32+,0.0,14.5,player_points_hito,PTS,over,32,31.5,De'Aaron Fox 32+ PTS,1,
ff54c7292ad1a236541628202f21d062c9f5878e,20260514_094005,2026-05-14T09:40:05-03:00,2026-05-14T12:40:05+00:00,betano,basketball,NBA,props_nba_20260514_094005.csv,Minnesota Timberwolves San Antonio Spurs,minnesota timberwolves san antonio spurs,Stephon Castle,stephon castle,Puntos (hitos),15+,0.0,1.45,player_points_hito,PTS,over,15,14.5,Stephon Castle 15+ PTS,1,
07cb691cc2792b73af770a60746203c8e15d1948,20260514_094005,2026-05-14T09:40:05-03:00,2026-05-14T12:40:05+00:00,betano,basketball,NBA,props_nba_20260514_094005.csv,Minnesota Timberwolves San Antonio Spurs,minnesota timberwolves san antonio spurs,Stephon Castle,stephon castle,Puntos (hitos),16+,0.0,1.6,player_points_hito,PTS,over,16,15.5,Stephon Castle 16+ PTS,1,
1a07a112fccad24c3aad682878a4fcd66c664beb,20260514_094005,2026-05-14T09:40:05-03:00,2026-05-14T12:40:05+00:00,betano,basketball,NBA,props_nba_20260514_094005.csv,Minnesota Timberwolves San Antonio Spurs,minnesota timberwolves san antonio spurs,Stephon Castle,stephon castle,Puntos (hitos),17+,0.0,1.82,player_points_hito,PTS,over,17,16.5,Stephon Castle 17+ PTS,1,
7334484eb8d5ce105195001623ea833f8fb16c3c,20260514_094005,2026-05-14T09:40:05-03:00,2026-05-14T12:40:05+00:00,betano,basketball,NBA,props_nba_20260514_094005.csv,Minnesota Timberwolves San Antonio Spurs,minnesota timberwolves san antonio spurs,Stephon Castle,stephon castle,Puntos (hitos),18+,0.0,2.07,player_points_hito,PTS,over,18,17.5,Stephon Castle 18+ PTS,1,
0c949ceaa62a1f4e866a346e71952917a14bf7a4,20260514_094005,2026-05-14T09:40:05-03:00,2026-05-14T12:40:05+00:00,betano,basketball,NBA,props_nba_20260514_094005.csv,Minnesota Timberwolves San Antonio Spurs,minnesota timberwolves san antonio spurs,Stephon Castle,stephon castle,Puntos (hitos),19+,0.0,2.37,player_points_hito,PTS,over,19,18.5,Stephon Castle 19+ PTS,1,
6f0bd75ae94447bd1aa88bb94fe0c1fb6cc5b353,20260514_094005,2026-05-14T09:40:05-03:00,2026-05-14T12:40:05+00:00,betano,basketball,NBA,props_nba_20260514_094005.csv,Minnesota Timberwolves San Antonio Spurs,minnesota timberwolves san antonio spurs,Stephon Castle,stephon castle,Puntos (hitos),20+,0.0,2.75,player_points_hito,PTS,over,20,19.5,Stephon Castle 20+ PTS,1,
d6e76a93efdc61a124e7ddd15686076559f5deeb,20260514_094005,2026-05-14T09:40:05-03:00,2026-05-14T12:40:05+00:00,betano,basketball,NBA,props_nba_20260514_094005.csv,Minnesota Timberwolves San Antonio Spurs,minnesota timberwolves san antonio spurs,Stephon Castle,stephon castle,Puntos (hitos),21+,0.0,3.3,player_points_hito,PTS,over,21,20.5,Stephon Castle 21+ PTS,1,
62bcee85baf6a5f7de08cfa953aa1e2bef2231bf,20260514_094005,2026-05-14T09:40:05-03:00,2026-05-14T12:40:05+00:00,betano,basketball,NBA,props_nba_20260514_094005.csv,Minnesota Timberwolves San Antonio Spurs,minnesota timberwolves san antonio spurs,Stephon Castle,stephon castle,Puntos (hitos),22+,0.0,3.9,player_points_hito,PTS,over,22,21.5,Stephon Castle 22+ PTS,1,
9b0966a143aecfc5985d86c4ed3239cd758e655e,20260514_094005,2026-05-14T09:40:05-03:00,2026-05-14T12:40:05+00:00,betano,basketball,NBA,props_nba_20260514_094005.csv,Minnesota Timberwolves San Antonio Spurs,minnesota timberwolves san antonio spurs,Stephon Castle,stephon castle,Puntos (hitos),23+,0.0,4.65,player_points_hito,PTS,over,23,22.5,Stephon Castle 23+ PTS,1,
8ad2e1da5a0fa802e7cafc995ba0ef47b7ff937b,20260514_094005,2026-05-14T09:40:05-03:00,2026-05-14T12:40:05+00:00,betano,basketball,NBA,props_nba_20260514_094005.csv,Minnesota Timberwolves San Antonio Spurs,minnesota timberwolves san antonio spurs,Jaden McDaniels,jaden mcdaniels,Puntos (hitos),14+,0.0,1.39,player_points_hito,PTS,over,14,13.5,Jaden McDaniels 14+ PTS,1,
d9f30c508a7873889ea1487e7ba818388d81cad0,20260514_094005,2026-05-14T09:40:05-03:00,2026-05-14T12:40:05+00:00,betano,basketball,NBA,props_nba_20260514_094005.csv,Minnesota Timberwolves San Antonio Spurs,minnesota timberwolves san antonio spurs,Jaden McDaniels,jaden mcdaniels,Puntos (hitos),15+,0.0,1.55,player_points_hito,PTS,over,15,14.5,Jaden McDaniels 15+ PTS,1,
00914ca3ac4d87f31a416165be9be211dbb50c82,20260514_094005,2026-05-14T09:40:05-03:00,2026-05-14T12:40:05+00:00,betano,basketball,NBA,props_nba_20260514_094005.csv,Minnesota Timberwolves San Antonio Spurs,minnesota timberwolves san antonio spurs,Jaden McDaniels,jaden mcdaniels,Puntos (hitos),16+,0.0,1.72,player_points_hito,PTS,over,16,15.5,Jaden McDaniels 16+ PTS,1,
7324f8e7c2b35a7691f9c548eb5b877935459371,20260514_094005,2026-05-14T09:40:05-03:00,2026-05-14T12:40:05+00:00,betano,basketball,NBA,props_nba_20260514_094005.csv,Minnesota Timberwolves San Antonio Spurs,minnesota timberwolves san antonio spurs,Jaden McDaniels,jaden mcdaniels,Puntos (hitos),17+,0.0,1.93,player_points_hito,PTS,over,17,16.5,Jaden McDaniels 17+ PTS,1,
d7539a6d44105ef1c86abe59736153a976f6de79,20260514_094005,2026-05-14T09:40:05-03:00,2026-05-14T12:40:05+00:00,betano,basketball,NBA,props_nba_20260514_094005.csv,Minnesota Timberwolves San Antonio Spurs,minnesota timberwolves san antonio spurs,Jaden McDaniels,jaden mcdaniels,Puntos (hitos),18+,0.0,2.22,player_points_hito,PTS,over,18,17.5,Jaden McDaniels 18+ PTS,1,
f233f94457b22eb8af6e45761296d56f30c06720,20260514_094005,2026-05-14T09:40:05-03:00,2026-05-14T12:40:05+00:00,betano,basketball,NBA,props_nba_20260514_094005.csv,Minnesota Timberwolves San Antonio Spurs,minnesota timberwolves san antonio spurs,Jaden McDaniels,jaden mcdaniels,Puntos (hitos),19+,0.0,2.57,player_points_hito,PTS,over,19,18.5,Jaden McDaniels 19+ PTS,1,
a4bef829299e9ee20aedcf78883d494fb64bd294,20260514_094005,2026-05-14T09:40:05-03:00,2026-05-14T12:40:05+00:00,betano,basketball,NBA,props_nba_20260514_094005.csv,Minnesota Timberwolves San Antonio Spurs,minnesota timberwolves san antonio spurs,Jaden McDaniels,jaden mcdaniels,Puntos (hitos),20+,0.0,3,player_points_hito,PTS,over,20,19.5,Jaden McDaniels 20+ PTS,1,
9bc99893594bfa274c7f9867faee2eb283d8163e,20260514_094005,2026-05-14T09:40:05-03:00,2026-05-14T12:40:05+00:00,betano,basketball,NBA,props_nba_20260514_094005.csv,Minnesota Timberwolves San Antonio Spurs,minnesota timberwolves san antonio spurs,Jaden McDaniels,jaden mcdaniels,Puntos (hitos),21+,0.0,3.55,player_points_hito,PTS,over,21,20.5,Jaden McDaniels 21+ PTS,1,
1370af6f761f6c45bdd254492fc3150b2b7e629d,20260514_094005,2026-05-14T09:40:05-03:00,2026-05-14T12:40:05+00:00,betano,basketball,NBA,props_nba_20260514_094005.csv,Minnesota Timberwolves San Antonio Spurs,minnesota timberwolves san antonio spurs,Jaden McDaniels,jaden mcdaniels,Puntos (hitos),22+,0.0,4.2,player_points_hito,PTS,over,22,21.5,Jaden McDaniels 22+ PTS,1,
74efbdacee063a726991454a51eacc2a997957c6,20260514_094005,2026-05-14T09:40:05-03:00,2026-05-14T12:40:05+00:00,betano,basketball,NBA,props_nba_20260514_094005.csv,Minnesota Timberwolves San Antonio Spurs,minnesota timberwolves san antonio spurs,Julius Randle,julius randle,Puntos (hitos),14+,0.0,1.45,player_points_hito,PTS,over,14,13.5,Julius Randle 14+ PTS,1,
4eefa9574ca0c5310eba3480a0b96ea59ef2a2dc,20260514_094005,2026-05-14T09:40:05-03:00,2026-05-14T12:40:05+00:00,betano,basketball,NBA,props_nba_20260514_094005.csv,Minnesota Timberwolves San Antonio Spurs,minnesota timberwolves san antonio spurs,Julius Randle,julius randle,Puntos (hitos),15+,0.0,1.6,player_points_hito,PTS,over,15,14.5,Julius Randle 15+ PTS,1,
19e50fad50e0cae62727fed248e28ec8caad4e91,20260514_094005,2026-05-14T09:40:05-03:00,2026-05-14T12:40:05+00:00,betano,basketball,NBA,props_nba_20260514_094005.csv,Minnesota Timberwolves San Antonio Spurs,minnesota timberwolves san antonio spurs,Julius Randle,julius randle,Puntos (hitos),16+,0.0,1.8,player_points_hito,PTS,over,16,15.5,Julius Randle 16+ PTS,1,
8ef3b17a727f92f396a1c5c777418324106421d2,20260514_094005,2026-05-14T09:40:05-03:00,2026-05-14T12:40:05+00:00,betano,basketball,NBA,props_nba_20260514_094005.csv,Minnesota Timberwolves San Antonio Spurs,minnesota timberwolves san antonio spurs,Julius Randle,julius randle,Puntos (hitos),17+,0.0,2.05,player_points_hito,PTS,over,17,16.5,Julius Randle 17+ PTS,1,
9dad00ef707728a722810dac5903bda832afa65b,20260514_094005,2026-05-14T09:40:05-03:00,2026-05-14T12:40:05+00:00,betano,basketball,NBA,props_nba_20260514_094005.csv,Minnesota Timberwolves San Antonio Spurs,minnesota timberwolves san antonio spurs,Julius Randle,julius randle,Puntos (hitos),18+,0.0,2.37,player_points_hito,PTS,over,18,17.5,Julius Randle 18+ PTS,1,
80c41191dbde9277fbcc54835c6aa1aa03bb9b55,20260514_094005,2026-05-14T09:40:05-03:00,2026-05-14T12:40:05+00:00,betano,basketball,NBA,props_nba_20260514_094005.csv,Minnesota Timberwolves San Antonio Spurs,minnesota timberwolves san antonio spurs,Julius Randle,julius randle,Puntos (hitos),19+,0.0,2.77,player_points_hito,PTS,over,19,18.5,Julius Randle 19+ PTS,1,
ae3543257c3ea1013ca79cff66bc912738b61eda,20260514_094005,2026-05-14T09:40:05-03:00,2026-05-14T12:40:05+00:00,betano,basketball,NBA,props_nba_20260514_094005.csv,Minnesota Timberwolves San Antonio Spurs,minnesota timberwolves san antonio spurs,Julius Randle,julius randle,Puntos (hitos),20+,0.0,3.25,player_points_hito,PTS,over,20,19.5,Julius Randle 20+ PTS,1,
eba404d7f7a0c29c17d8d1f172da131c926d5f1d,20260514_094005,2026-05-14T09:40:05-03:00,2026-05-14T12:40:05+00:00,betano,basketball,NBA,props_nba_20260514_094005.csv,Minnesota Timberwolves San Antonio Spurs,minnesota timberwolves san antonio spurs,Julius Randle,julius randle,Puntos (hitos),21+,0.0,3.9,player_points_hito,PTS,over,21,20.5,Julius Randle 21+ PTS,1,
6693441f89f0422006cf68b074a123b4e49cafab,20260514_094005,2026-05-14T09:40:05-03:00,2026-05-14T12:40:05+00:00,betano,basketball,NBA,props_nba_20260514_094005.csv,Minnesota Timberwolves San Antonio Spurs,minnesota timberwolves san antonio spurs,Julius Randle,julius randle,Puntos (hitos),22+,0.0,4.6,player_points_hito,PTS,over,22,21.5,Julius Randle 22+ PTS,1,
b7c5bd5a5183a173dd09020cc6cc38390e41ac0f,20260514_094005,2026-05-14T09:40:05-03:00,2026-05-14T12:40:05+00:00,betano,basketball,NBA,props_nba_20260514_094005.csv,Minnesota Timberwolves San Antonio Spurs,minnesota timberwolves san antonio spurs,Ayo Dosunmu,ayo dosunmu,Puntos (hitos),12+,0.0,1.47,player_points_hito,PTS,over,12,11.5,Ayo Dosunmu 12+ PTS,1,
de7a6ec1cb6ff2da0d6880e501fbc8c2bf714193,20260514_094005,2026-05-14T09:40:05-03:00,2026-05-14T12:40:05+00:00,betano,basketball,NBA,props_nba_20260514_094005.csv,Minnesota Timberwolves San Antonio Spurs,minnesota timberwolves san antonio spurs,Ayo Dosunmu,ayo dosunmu,Puntos (hitos),13+,0.0,1.65,player_points_hito,PTS,over,13,12.5,Ayo Dosunmu 13+ PTS,1,
298aaab7e9a03cb6166026b45467f3083341efbd,20260514_094005,2026-05-14T09:40:05-03:00,2026-05-14T12:40:05+00:00,betano,basketball,NBA,props_nba_20260514_094005.csv,Minnesota Timberwolves San Antonio Spurs,minnesota timberwolves san antonio spurs,Ayo Dosunmu,ayo dosunmu,Puntos (hitos),14+,0.0,1.85,player_points_hito,PTS,over,14,13.5,Ayo Dosunmu 14+ PTS,1,
b8cec2694aad48af247bddcd9ab7bb08876c4695,20260514_094005,2026-05-14T09:40:05-03:00,2026-05-14T12:40:05+00:00,betano,basketball,NBA,props_nba_20260514_094005.csv,Minnesota Timberwolves San Antonio Spurs,minnesota timberwolves san antonio spurs,Ayo Dosunmu,ayo dosunmu,Puntos (hitos),15+,0.0,2.12,player_points_hito,PTS,over,15,14.5,Ayo Dosunmu 15+ PTS,1,
973ba564a338bc55768a4358bb2f784aad84c713,20260514_094005,2026-05-14T09:40:05-03:00,2026-05-14T12:40:05+00:00,betano,basketball,NBA,props_nba_20260514_094005.csv,Minnesota Timberwolves San Antonio Spurs,minnesota timberwolves san antonio spurs,Ayo Dosunmu,ayo dosunmu,Puntos (hitos),16+,0.0,2.47,player_points_hito,PTS,over,16,15.5,Ayo Dosunmu 16+ PTS,1,
274f6becfef39c126d822238e816e36424709ed8,20260514_094005,2026-05-14T09:40:05-03:00,2026-05-14T12:40:05+00:00,betano,basketball,NBA,props_nba_20260514_094005.csv,Minnesota Timberwolves San Antonio Spurs,minnesota timberwolves san antonio spurs,Ayo Dosunmu,ayo dosunmu,Puntos (hitos),17+,0.0,2.9,player_points_hito,PTS,over,17,16.5,Ayo Dosunmu 17+ PTS,1,
adcbb111741375030f4f96a14c4721aa55760fa2,20260514_094005,2026-05-14T09:40:05-03:00,2026-05-14T12:40:05+00:00,betano,basketball,NBA,props_nba_20260514_094005.csv,Minnesota Timberwolves San Antonio Spurs,minnesota timberwolves san antonio spurs,Ayo Dosunmu,ayo dosunmu,Puntos (hitos),18+,0.0,3.45,player_points_hito,PTS,over,18,17.5,Ayo Dosunmu 18+ PTS,1,
d9ddb787ece4706a3967c538fe0004c590a85032,20260514_094005,2026-05-14T09:40:05-03:00,2026-05-14T12:40:05+00:00,betano,basketball,NBA,props_nba_20260514_094005.csv,Minnesota Timberwolves San Antonio Spurs,minnesota timberwolves san antonio spurs,Ayo Dosunmu,ayo dosunmu,Puntos (hitos),19+,0.0,4.15,player_points_hito,PTS,over,19,18.5,Ayo Dosunmu 19+ PTS,1,
724fe41222324ae94d534f36ac0e2a41f7913a37,20260514_094005,2026-05-14T09:40:05-03:00,2026-05-14T12:40:05+00:00,betano,basketball,NBA,props_nba_20260514_094005.csv,Minnesota Timberwolves San Antonio Spurs,minnesota timberwolves san antonio spurs,Ayo Dosunmu,ayo dosunmu,Puntos (hitos),20+,0.0,5,player_points_hito,PTS,over,20,19.5,Ayo Dosunmu 20+ PTS,1,
cd055fd13764e509d8e1dbd98b623916e84b8a84,20260514_094005,2026-05-14T09:40:05-03:00,2026-05-14T12:40:05+00:00,betano,basketball,NBA,props_nba_20260514_094005.csv,Minnesota Timberwolves San Antonio Spurs,minnesota timberwolves san antonio spurs,Naz Reid,naz reid,Puntos (hitos),11+,0.0,1.44,player_points_hito,PTS,over,11,10.5,Naz Reid 11+ PTS,1,
3b5abd86415f9f8e543389129c1801410fcc9009,20260514_094005,2026-05-14T09:40:05-03:00,2026-05-14T12:40:05+00:00,betano,basketball,NBA,props_nba_20260514_094005.csv,Minnesota Timberwolves San Antonio Spurs,minnesota timberwolves san antonio spurs,Naz Reid,naz reid,Puntos (hitos),12+,0.0,1.6,player_points_hito,PTS,over,12,11.5,Naz Reid 12+ PTS,1,
75dcadcb0ab721fbce32c4f63ec00b9c1a5b183a,20260514_094005,2026-05-14T09:40:05-03:00,2026-05-14T12:40:05+00:00,betano,basketball,NBA,props_nba_20260514_094005.csv,Minnesota Timberwolves San Antonio Spurs,minnesota timberwolves san antonio spurs,Naz Reid,naz reid,Puntos (hitos),13+,0.0,1.82,player_points_hito,PTS,over,13,12.5,Naz Reid 13+ PTS,1,
e18a8df002ee9a65a061a0030cbe386214a7f308,20260514_094005,2026-05-14T09:40:05-03:00,2026-05-14T12:40:05+00:00,betano,basketball,NBA,props_nba_20260514_094005.csv,Minnesota Timberwolves San Antonio Spurs,minnesota timberwolves san antonio spurs,Naz Reid,naz reid,Puntos (hitos),14+,0.0,2.1,player_points_hito,PTS,over,14,13.5,Naz Reid 14+ PTS,1,
8435b3fadc2a79e1ca1ffe439b8b609ec99abfdf,20260514_094005,2026-05-14T09:40:05-03:00,2026-05-14T12:40:05+00:00,betano,basketball,NBA,props_nba_20260514_094005.csv,Minnesota Timberwolves San Antonio Spurs,minnesota timberwolves san antonio spurs,Naz Reid,naz reid,Puntos (hitos),15+,0.0,2.42,player_points_hito,PTS,over,15,14.5,Naz Reid 15+ PTS,1,
43e4d0b0c3c3a59efc9edde3544200d2b06469e0,20260514_094005,2026-05-14T09:40:05-03:00,2026-05-14T12:40:05+00:00,betano,basketball,NBA,props_nba_20260514_094005.csv,Minnesota Timberwolves San Antonio Spurs,minnesota timberwolves san antonio spurs,Naz Reid,naz reid,Puntos (hitos),16+,0.0,2.87,player_points_hito,PTS,over,16,15.5,Naz Reid 16+ PTS,1,
c980704d166160e2d15ebc65566365947461773b,20260514_094005,2026-05-14T09:40:05-03:00,2026-05-14T12:40:05+00:00,betano,basketball,NBA,props_nba_20260514_094005.csv,Minnesota Timberwolves San Antonio Spurs,minnesota timberwolves san antonio spurs,Naz Reid,naz reid,Puntos (hitos),17+,0.0,3.45,player_points_hito,PTS,over,17,16.5,Naz Reid 17+ PTS,1,
b62f3a0467719afeba509ec74ec170c197dbf9a3,20260514_094005,2026-05-14T09:40:05-03:00,2026-05-14T12:40:05+00:00,betano,basketball,NBA,props_nba_20260514_094005.csv,Minnesota Timberwolves San Antonio Spurs,minnesota timberwolves san antonio spurs,Naz Reid,naz reid,Puntos (hitos),18+,0.0,4.1,player_points_hito,PTS,over,18,17.5,Naz Reid 18+ PTS,1,
7ccc21aacc694dfe4507ccad999a73b2b96ce61b,20260514_094005,2026-05-14T09:40:05-03:00,2026-05-14T12:40:05+00:00,betano,basketball,NBA,props_nba_20260514_094005.csv,Minnesota Timberwolves San Antonio Spurs,minnesota timberwolves san antonio spurs,Naz Reid,naz reid,Puntos (hitos),19+,0.0,4.9,player_points_hito,PTS,over,19,18.5,Naz Reid 19+ PTS,1,
984f7af2d9b01d25654b9ff7034112edf2296dcb,20260514_094005,2026-05-14T09:40:05-03:00,2026-05-14T12:40:05+00:00,betano,basketball,NBA,props_nba_20260514_094005.csv,Minnesota Timberwolves San Antonio Spurs,minnesota timberwolves san antonio spurs,Devin Vassell,devin vassell,Puntos (hitos),10+,0.0,1.37,player_points_hito,PTS,over,10,9.5,Devin Vassell 10+ PTS,1,
fd4f21fca61671e98151fd2332daf6c4d0fe7477,20260514_094005,2026-05-14T09:40:05-03:00,2026-05-14T12:40:05+00:00,betano,basketball,NBA,props_nba_20260514_094005.csv,Minnesota Timberwolves San Antonio Spurs,minnesota timberwolves san antonio spurs,Devin Vassell,devin vassell,Puntos (hitos),11+,0.0,1.52,player_points_hito,PTS,over,11,10.5,Devin Vassell 11+ PTS,1,
47811ab4158e880b867e570e73fb04b63a456a3f,20260514_094005,2026-05-14T09:40:05-03:00,2026-05-14T12:40:05+00:00,betano,basketball,NBA,props_nba_20260514_094005.csv,Minnesota Timberwolves San Antonio Spurs,minnesota timberwolves san antonio spurs,Devin Vassell,devin vassell,Puntos (hitos),12+,0.0,1.7,player_points_hito,PTS,over,12,11.5,Devin Vassell 12+ PTS,1,
013db388127f08460849e76e1194f34ade4d8d89,20260514_094005,2026-05-14T09:40:05-03:00,2026-05-14T12:40:05+00:00,betano,basketball,NBA,props_nba_20260514_094005.csv,Minnesota Timberwolves San Antonio Spurs,minnesota timberwolves san antonio spurs,Devin Vassell,devin vassell,Puntos (hitos),13+,0.0,1.95,player_points_hito,PTS,over,13,12.5,Devin Vassell 13+ PTS,1,
11ad83f8b38c38466db6a3c32d515408e601c8af,20260514_094005,2026-05-14T09:40:05-03:00,2026-05-14T12:40:05+00:00,betano,basketball,NBA,props_nba_20260514_094005.csv,Minnesota Timberwolves San Antonio Spurs,minnesota timberwolves san antonio spurs,Devin Vassell,devin vassell,Puntos (hitos),14+,0.0,2.25,player_points_hito,PTS,over,14,13.5,Devin Vassell 14+ PTS,1,
ad927527bccc580c881935814be7537362df8f4f,20260514_094005,2026-05-14T09:40:05-03:00,2026-05-14T12:40:05+00:00,betano,basketball,NBA,props_nba_20260514_094005.csv,Minnesota Timberwolves San Antonio Spurs,minnesota timberwolves san antonio spurs,Devin Vassell,devin vassell,Puntos (hitos),15+,0.0,2.62,player_points_hito,PTS,over,15,14.5,Devin Vassell 15+ PTS,1,
e5b5acbe51e90b2d0cb5ceb7d1d26bf3a42b725c,20260514_094005,2026-05-14T09:40:05-03:00,2026-05-14T12:40:05+00:00,betano,basketball,NBA,props_nba_20260514_094005.csv,Minnesota Timberwolves San Antonio Spurs,minnesota timberwolves san antonio spurs,Devin Vassell,devin vassell,Puntos (hitos),16+,0.0,3.1,player_points_hito,PTS,over,16,15.5,Devin Vassell 16+ PTS,1,
2519b997caeea2ca3ea4d27a7d0876803883a310,20260514_094005,2026-05-14T09:40:05-03:00,2026-05-14T12:40:05+00:00,betano,basketball,NBA,props_nba_20260514_094005.csv,Minnesota Timberwolves San Antonio Spurs,minnesota timberwolves san antonio spurs,Devin Vassell,devin vassell,Puntos (hitos),17+,0.0,3.7,player_points_hito,PTS,over,17,16.5,Devin Vassell 17+ PTS,1,
3160479b6ae59d6768d1a2776e627380149bee5e,20260514_094005,2026-05-14T09:40:05-03:00,2026-05-14T12:40:05+00:00,betano,basketball,NBA,props_nba_20260514_094005.csv,Minnesota Timberwolves San Antonio Spurs,minnesota timberwolves san antonio spurs,Devin Vassell,devin vassell,Puntos (hitos),18+,0.0,4.45,player_points_hito,PTS,over,18,17.5,Devin Vassell 18+ PTS,1,
45d1c0589c478b8ef2bbf6c526d4b1d472aedf0a,20260514_094005,2026-05-14T09:40:05-03:00,2026-05-14T12:40:05+00:00,betano,basketball,NBA,props_nba_20260514_094005.csv,Minnesota Timberwolves San Antonio Spurs,minnesota timberwolves san antonio spurs,Dylan Harper,dylan harper,Puntos (hitos),9+,0.0,1.32,player_points_hito,PTS,over,9,8.5,Dylan Harper 9+ PTS,1,
c50a53449d494645fab561b1a3182cb70de9d78a,20260514_094005,2026-05-14T09:40:05-03:00,2026-05-14T12:40:05+00:00,betano,basketball,NBA,props_nba_20260514_094005.csv,Minnesota Timberwolves San Antonio Spurs,minnesota timberwolves san antonio spurs,Dylan Harper,dylan harper,Puntos (hitos),10+,0.0,1.47,player_points_hito,PTS,over,10,9.5,Dylan Harper 10+ PTS,1,
797e889bfed4b5df8c123bdf73e7b69137e7ec06,20260514_094005,2026-05-14T09:40:05-03:00,2026-05-14T12:40:05+00:00,betano,basketball,NBA,props_nba_20260514_094005.csv,Minnesota Timberwolves San Antonio Spurs,minnesota timberwolves san antonio spurs,Dylan Harper,dylan harper,Puntos (hitos),11+,0.0,1.67,player_points_hito,PTS,over,11,10.5,Dylan Harper 11+ PTS,1,
babf36f7d3b6acf88e85234bb3f807b6015e3432,20260514_094005,2026-05-14T09:40:05-03:00,2026-05-14T12:40:05+00:00,betano,basketball,NBA,props_nba_20260514_094005.csv,Minnesota Timberwolves San Antonio Spurs,minnesota timberwolves san antonio spurs,Dylan Harper,dylan harper,Puntos (hitos),12+,0.0,1.93,player_points_hito,PTS,over,12,11.5,Dylan Harper 12+ PTS,1,
83fe9d54f5d7ff7e61d226444a3a17264cb6f900,20260514_094005,2026-05-14T09:40:05-03:00,2026-05-14T12:40:05+00:00,betano,basketball,NBA,props_nba_20260514_094005.csv,Minnesota Timberwolves San Antonio Spurs,minnesota timberwolves san antonio spurs,Dylan Harper,dylan harper,Puntos (hitos),13+,0.0,2.27,player_points_hito,PTS,over,13,12.5,Dylan Harper 13+ PTS,1,
b08ce53fd175a65117e864f9125e02b66f63de23,20260514_094005,2026-05-14T09:40:05-03:00,2026-05-14T12:40:05+00:00,betano,basketball,NBA,props_nba_20260514_094005.csv,Minnesota Timberwolves San Antonio Spurs,minnesota timberwolves san antonio spurs,Dylan Harper,dylan harper,Puntos (hitos),14+,0.0,2.67,player_points_hito,PTS,over,14,13.5,Dylan Harper 14+ PTS,1,
6023841fa18c2dc285b327cf880c4547047e115b,20260514_094005,2026-05-14T09:40:05-03:00,2026-05-14T12:40:05+00:00,betano,basketball,NBA,props_nba_20260514_094005.csv,Minnesota Timberwolves San Antonio Spurs,minnesota timberwolves san antonio spurs,Dylan Harper,dylan harper,Puntos (hitos),15+,0.0,3.25,player_points_hito,PTS,over,15,14.5,Dylan Harper 15+ PTS,1,
dcd7ce2d949efa5957c3d03bb4b44d4ca8ba3e66,20260514_094005,2026-05-14T09:40:05-03:00,2026-05-14T12:40:05+00:00,betano,basketball,NBA,props_nba_20260514_094005.csv,Minnesota Timberwolves San Antonio Spurs,minnesota timberwolves san antonio spurs,Dylan Harper,dylan harper,Puntos (hitos),16+,0.0,3.95,player_points_hito,PTS,over,16,15.5,Dylan Harper 16+ PTS,1,
728b9da743ca5eb374a179eec5a1b96b65c248e5,20260514_094005,2026-05-14T09:40:05-03:00,2026-05-14T12:40:05+00:00,betano,basketball,NBA,props_nba_20260514_094005.csv,Minnesota Timberwolves San Antonio Spurs,minnesota timberwolves san antonio spurs,Dylan Harper,dylan harper,Puntos (hitos),17+,0.0,4.85,player_points_hito,PTS,over,17,16.5,Dylan Harper 17+ PTS,1,
aa52c8e2e41258757439edb72a0a07baccc47ca0,20260514_094005,2026-05-14T09:40:05-03:00,2026-05-14T12:40:05+00:00,betano,basketball,NBA,props_nba_20260514_094005.csv,Minnesota Timberwolves San Antonio Spurs,minnesota timberwolves san antonio spurs,Keldon Johnson,keldon johnson,Puntos (hitos),8+,0.0,1.45,player_points_hito,PTS,over,8,7.5,Keldon Johnson 8+ PTS,1,
d7269d392fd0b5c3f9b655b0c31bc5fe4ee32a8d,20260514_094005,2026-05-14T09:40:05-03:00,2026-05-14T12:40:05+00:00,betano,basketball,NBA,props_nba_20260514_094005.csv,Minnesota Timberwolves San Antonio Spurs,minnesota timberwolves san antonio spurs,Keldon Johnson,keldon johnson,Puntos (hitos),9+,0.0,1.65,player_points_hito,PTS,over,9,8.5,Keldon Johnson 9+ PTS,1,
daf09c8200209df15d721c1f706aacced499b480,20260514_094005,2026-05-14T09:40:05-03:00,2026-05-14T12:40:05+00:00,betano,basketball,NBA,props_nba_20260514_094005.csv,Minnesota Timberwolves San Antonio Spurs,minnesota timberwolves san antonio spurs,Keldon Johnson,keldon johnson,Puntos (hitos),10+,0.0,1.93,player_points_hito,PTS,over,10,9.5,Keldon Johnson 10+ PTS,1,
8258fefd0130422efb7e91f2463538bf7a34744a,20260514_094005,2026-05-14T09:40:05-03:00,2026-05-14T12:40:05+00:00,betano,basketball,NBA,props_nba_20260514_094005.csv,Minnesota Timberwolves San Antonio Spurs,minnesota timberwolves san antonio spurs,Keldon Johnson,keldon johnson,Puntos (hitos),11+,0.0,2.3,player_points_hito,PTS,over,11,10.5,Keldon Johnson 11+ PTS,1,
bb50b2188cee7346570daba8326567c9d50baea9,20260514_094005,2026-05-14T09:40:05-03:00,2026-05-14T12:40:05+00:00,betano,basketball,NBA,props_nba_20260514_094005.csv,Minnesota Timberwolves San Antonio Spurs,minnesota timberwolves san antonio spurs,Keldon Johnson,keldon johnson,Puntos (hitos),12+,0.0,2.8,player_points_hito,PTS,over,12,11.5,Keldon Johnson 12+ PTS,1,
a34ef4f4e3f38012e0b1d483484f1b4c69c19cc4,20260514_094005,2026-05-14T09:40:05-03:00,2026-05-14T12:40:05+00:00,betano,basketball,NBA,props_nba_20260514_094005.csv,Minnesota Timberwolves San Antonio Spurs,minnesota timberwolves san antonio spurs,Keldon Johnson,keldon johnson,Puntos (hitos),13+,0.0,3.45,player_points_hito,PTS,over,13,12.5,Keldon Johnson 13+ PTS,1,
d9ff3365affff3744aa8aba541448ced8fe34eb7,20260514_094005,2026-05-14T09:40:05-03:00,2026-05-14T12:40:05+00:00,betano,basketball,NBA,props_nba_20260514_094005.csv,Minnesota Timberwolves San Antonio Spurs,minnesota timberwolves san antonio spurs,Keldon Johnson,keldon johnson,Puntos (hitos),14+,0.0,4.25,player_points_hito,PTS,over,14,13.5,Keldon Johnson 14+ PTS,1,
a8f3c5ec5b3a57e7baaa1772c57a4156787f8258,20260514_094005,2026-05-14T09:40:05-03:00,2026-05-14T12:40:05+00:00,betano,basketball,NBA,props_nba_20260514_094005.csv,Minnesota Timberwolves San Antonio Spurs,minnesota timberwolves san antonio spurs,Keldon Johnson,keldon johnson,Puntos (hitos),15+,0.0,5.3,player_points_hito,PTS,over,15,14.5,Keldon Johnson 15+ PTS,1,
3af3ff635b10370db56b499539fd8f1682a05dd3,20260514_094005,2026-05-14T09:40:05-03:00,2026-05-14T12:40:05+00:00,betano,basketball,NBA,props_nba_20260514_094005.csv,Minnesota Timberwolves San Antonio Spurs,minnesota timberwolves san antonio spurs,Julian Champagnie,julian champagnie,Puntos (hitos),8+,0.0,1.62,player_points_hito,PTS,over,8,7.5,Julian Champagnie 8+ PTS,1,
1fc727b58aa56bfc19440296c1147f9aa716310a,20260514_094005,2026-05-14T09:40:05-03:00,2026-05-14T12:40:05+00:00,betano,basketball,NBA,props_nba_20260514_094005.csv,Minnesota Timberwolves San Antonio Spurs,minnesota timberwolves san antonio spurs,Julian Champagnie,julian champagnie,Puntos (hitos),9+,0.0,1.91,player_points_hito,PTS,over,9,8.5,Julian Champagnie 9+ PTS,1,
c455f95f2635f3afad32abbf7726b0fc19d5e3f5,20260514_094005,2026-05-14T09:40:05-03:00,2026-05-14T12:40:05+00:00,betano,basketball,NBA,props_nba_20260514_094005.csv,Minnesota Timberwolves San Antonio Spurs,minnesota timberwolves san antonio spurs,Julian Champagnie,julian champagnie,Puntos (hitos),10+,0.0,2.3,player_points_hito,PTS,over,10,9.5,Julian Champagnie 10+ PTS,1,
e7b143d9c0821cf95631efa6c8808b4d038d18ac,20260514_094005,2026-05-14T09:40:05-03:00,2026-05-14T12:40:05+00:00,betano,basketball,NBA,props_nba_20260514_094005.csv,Minnesota Timberwolves San Antonio Spurs,minnesota timberwolves san antonio spurs,Julian Champagnie,julian champagnie,Puntos (hitos),11+,0.0,2.67,player_points_hito,PTS,over,11,10.5,Julian Champagnie 11+ PTS,1,
fabfc807db3fe544688b1de6448c0e5b722d5196,20260514_094005,2026-05-14T09:40:05-03:00,2026-05-14T12:40:05+00:00,betano,basketball,NBA,props_nba_20260514_094005.csv,Minnesota Timberwolves San Antonio Spurs,minnesota timberwolves san antonio spurs,Julian Champagnie,julian champagnie,Puntos (hitos),12+,0.0,3.25,player_points_hito,PTS,over,12,11.5,Julian Champagnie 12+ PTS,1,
e1b28bb699b4427634728a89b5c8783b44336245,20260514_094005,2026-05-14T09:40:05-03:00,2026-05-14T12:40:05+00:00,betano,basketball,NBA,props_nba_20260514_094005.csv,Minnesota Timberwolves San Antonio Spurs,minnesota timberwolves san antonio spurs,Julian Champagnie,julian champagnie,Puntos (hitos),13+,0.0,4.05,player_points_hito,PTS,over,13,12.5,Julian Champagnie 13+ PTS,1,
88d8d0b4d7221d096859a5a4d8d416d917de0992,20260514_094005,2026-05-14T09:40:05-03:00,2026-05-14T12:40:05+00:00,betano,basketball,NBA,props_nba_20260514_094005.csv,Minnesota Timberwolves San Antonio Spurs,minnesota timberwolves san antonio spurs,Julian Champagnie,julian champagnie,Puntos (hitos),14+,0.0,4.9,player_points_hito,PTS,over,14,13.5,Julian Champagnie 14+ PTS,1,
b403665e5a6af8598d5bf6b407e61c959d72c3c5,20260514_094005,2026-05-14T09:40:05-03:00,2026-05-14T12:40:05+00:00,betano,basketball,NBA,props_nba_20260514_094005.csv,Minnesota Timberwolves San Antonio Spurs,minnesota timberwolves san antonio spurs,Julian Champagnie,julian champagnie,Puntos (hitos),15+,0.0,6.1,player_points_hito,PTS,over,15,14.5,Julian Champagnie 15+ PTS,1,
31aa7c868583b4c866d65d39ac31a2f6ebb3245f,20260514_094005,2026-05-14T09:40:05-03:00,2026-05-14T12:40:05+00:00,betano,basketball,NBA,props_nba_20260514_094005.csv,Minnesota Timberwolves San Antonio Spurs,minnesota timberwolves san antonio spurs,Terrence Shannon Jr.,terrence shannon jr,Puntos (hitos),7+,0.0,1.67,player_points_hito,PTS,over,7,6.5,Terrence Shannon Jr. 7+ PTS,1,
82329c980cc39ef8ebc63be1e1b99f1ec1276df0,20260514_094005,2026-05-14T09:40:05-03:00,2026-05-14T12:40:05+00:00,betano,basketball,NBA,props_nba_20260514_094005.csv,Minnesota Timberwolves San Antonio Spurs,minnesota timberwolves san antonio spurs,Terrence Shannon Jr.,terrence shannon jr,Puntos (hitos),8+,0.0,1.98,player_points_hito,PTS,over,8,7.5,Terrence Shannon Jr. 8+ PTS,1,
2934e0b7486ea123affbf94c0a457c8aa49d2bb7,20260514_094005,2026-05-14T09:40:05-03:00,2026-05-14T12:40:05+00:00,betano,basketball,NBA,props_nba_20260514_094005.csv,Minnesota Timberwolves San Antonio Spurs,minnesota timberwolves san antonio spurs,Terrence Shannon Jr.,terrence shannon jr,Puntos (hitos),9+,0.0,2.42,player_points_hito,PTS,over,9,8.5,Terrence Shannon Jr. 9+ PTS,1,
ffac5bfb6b35421eb847f523bafe7a1a1bb5448f,20260514_094005,2026-05-14T09:40:05-03:00,2026-05-14T12:40:05+00:00,betano,basketball,NBA,props_nba_20260514_094005.csv,Minnesota Timberwolves San Antonio Spurs,minnesota timberwolves san antonio spurs,Terrence Shannon Jr.,terrence shannon jr,Puntos (hitos),10+,0.0,2.95,player_points_hito,PTS,over,10,9.5,Terrence Shannon Jr. 10+ PTS,1,
adf27f577a42b3393c1885dd0c2e8f4d58791b6c,20260514_094005,2026-05-14T09:40:05-03:00,2026-05-14T12:40:05+00:00,betano,basketball,NBA,props_nba_20260514_094005.csv,Minnesota Timberwolves San Antonio Spurs,minnesota timberwolves san antonio spurs,Terrence Shannon Jr.,terrence shannon jr,Puntos (hitos),11+,0.0,3.7,player_points_hito,PTS,over,11,10.5,Terrence Shannon Jr. 11+ PTS,1,
befd565b29e947d7bec6c51580293b58633eaec3,20260514_094005,2026-05-14T09:40:05-03:00,2026-05-14T12:40:05+00:00,betano,basketball,NBA,props_nba_20260514_094005.csv,Minnesota Timberwolves San Antonio Spurs,minnesota timberwolves san antonio spurs,Terrence Shannon Jr.,terrence shannon jr,Puntos (hitos),12+,0.0,4.65,player_points_hito,PTS,over,12,11.5,Terrence Shannon Jr. 12+ PTS,1,
ceda635eb2a0521b31fbca01b3fbfbbb4fb38e36,20260514_094005,2026-05-14T09:40:05-03:00,2026-05-14T12:40:05+00:00,betano,basketball,NBA,props_nba_20260514_094005.csv,Minnesota Timberwolves San Antonio Spurs,minnesota timberwolves san antonio spurs,Terrence Shannon Jr.,terrence shannon jr,Puntos (hitos),13+,0.0,5.9,player_points_hito,PTS,over,13,12.5,Terrence Shannon Jr. 13+ PTS,1,
271e1cab4dba3c1d374fbd77226c60f1d02c8764,20260514_094005,2026-05-14T09:40:05-03:00,2026-05-14T12:40:05+00:00,betano,basketball,NBA,props_nba_20260514_094005.csv,Minnesota Timberwolves San Antonio Spurs,minnesota timberwolves san antonio spurs,Terrence Shannon Jr.,terrence shannon jr,Puntos (hitos),14+,0.0,7.4,player_points_hito,PTS,over,14,13.5,Terrence Shannon Jr. 14+ PTS,1,
84bf8142f47d3c57fede068f647d6d0583bab144,20260514_094005,2026-05-14T09:40:05-03:00,2026-05-14T12:40:05+00:00,betano,basketball,NBA,props_nba_20260514_094005.csv,Minnesota Timberwolves San Antonio Spurs,minnesota timberwolves san antonio spurs,Rudy Gobert,rudy gobert,Puntos (hitos),6+,0.0,1.42,player_points_hito,PTS,over,6,5.5,Rudy Gobert 6+ PTS,1,
9fa05228ff9dcf7da16cb64d8e82a018653d6083,20260514_094005,2026-05-14T09:40:05-03:00,2026-05-14T12:40:05+00:00,betano,basketball,NBA,props_nba_20260514_094005.csv,Minnesota Timberwolves San Antonio Spurs,minnesota timberwolves san antonio spurs,Rudy Gobert,rudy gobert,Puntos (hitos),7+,0.0,1.78,player_points_hito,PTS,over,7,6.5,Rudy Gobert 7+ PTS,1,
284b20091ec8ec69fa2f8248753c5a5f2d2d69f3,20260514_094005,2026-05-14T09:40:05-03:00,2026-05-14T12:40:05+00:00,betano,basketball,NBA,props_nba_20260514_094005.csv,Minnesota Timberwolves San Antonio Spurs,minnesota timberwolves san antonio spurs,Rudy Gobert,rudy gobert,Puntos (hitos),8+,0.0,2.05,player_points_hito,PTS,over,8,7.5,Rudy Gobert 8+ PTS,1,
504d58e0794fe9a331ead2715892dbdf7dc2322a,20260514_094005,2026-05-14T09:40:05-03:00,2026-05-14T12:40:05+00:00,betano,basketball,NBA,props_nba_20260514_094005.csv,Minnesota Timberwolves San Antonio Spurs,minnesota timberwolves san antonio spurs,Rudy Gobert,rudy gobert,Puntos (hitos),9+,0.0,2.72,player_points_hito,PTS,over,9,8.5,Rudy Gobert 9+ PTS,1,
8f26de843e61b273788c348ce205f1409de4ac4c,20260514_094005,2026-05-14T09:40:05-03:00,2026-05-14T12:40:05+00:00,betano,basketball,NBA,props_nba_20260514_094005.csv,Minnesota Timberwolves San Antonio Spurs,minnesota timberwolves san antonio spurs,Rudy Gobert,rudy gobert,Puntos (hitos),10+,0.0,3.35,player_points_hito,PTS,over,10,9.5,Rudy Gobert 10+ PTS,1,
1df4168d46135d3190bb6075865e795989d769f8,20260514_094005,2026-05-14T09:40:05-03:00,2026-05-14T12:40:05+00:00,betano,basketball,NBA,props_nba_20260514_094005.csv,Minnesota Timberwolves San Antonio Spurs,minnesota timberwolves san antonio spurs,Rudy Gobert,rudy gobert,Puntos (hitos),11+,0.0,4.5,player_points_hito,PTS,over,11,10.5,Rudy Gobert 11+ PTS,1,
429fbe2a19957505e6bd6154be8491a99a2c974f,20260514_094005,2026-05-14T09:40:05-03:00,2026-05-14T12:40:05+00:00,betano,basketball,NBA,props_nba_20260514_094005.csv,Minnesota Timberwolves San Antonio Spurs,minnesota timberwolves san antonio spurs,Rudy Gobert,rudy gobert,Puntos (hitos),12+,0.0,5.7,player_points_hito,PTS,over,12,11.5,Rudy Gobert 12+ PTS,1,
caefcabcd73641c1d4f8af8f72afce5b74aa0238,20260514_094005,2026-05-14T09:40:05-03:00,2026-05-14T12:40:05+00:00,betano,basketball,NBA,props_nba_20260514_094005.csv,Minnesota Timberwolves San Antonio Spurs,minnesota timberwolves san antonio spurs,Rudy Gobert,rudy gobert,Puntos (hitos),13+,0.0,7.5,player_points_hito,PTS,over,13,12.5,Rudy Gobert 13+ PTS,1,
9a353d39f67e0220572735e1e5bbd7bc166cb20e,20260514_094005,2026-05-14T09:40:05-03:00,2026-05-14T12:40:05+00:00,betano,basketball,NBA,props_nba_20260514_094005.csv,Minnesota Timberwolves San Antonio Spurs,minnesota timberwolves san antonio spurs,Carter Bryant,carter bryant,Puntos (hitos),2+,0.0,1.42,player_points_hito,PTS,over,2,1.5,Carter Bryant 2+ PTS,1,
1b00a5efc31ddf734be2ba3bddd91eeac9cf53dd,20260514_094005,2026-05-14T09:40:05-03:00,2026-05-14T12:40:05+00:00,betano,basketball,NBA,props_nba_20260514_094005.csv,Minnesota Timberwolves San Antonio Spurs,minnesota timberwolves san antonio spurs,Carter Bryant,carter bryant,Puntos (hitos),3+,0.0,1.88,player_points_hito,PTS,over,3,2.5,Carter Bryant 3+ PTS,1,
4ef4d4e52bfdf881c813a49e59fcb24bd0a3cce1,20260514_094005,2026-05-14T09:40:05-03:00,2026-05-14T12:40:05+00:00,betano,basketball,NBA,props_nba_20260514_094005.csv,Minnesota Timberwolves San Antonio Spurs,minnesota timberwolves san antonio spurs,Carter Bryant,carter bryant,Puntos (hitos),4+,0.0,2.8,player_points_hito,PTS,over,4,3.5,Carter Bryant 4+ PTS,1,
0e8490a46674d55144f489e4e1e095f1796d856a,20260514_094005,2026-05-14T09:40:05-03:00,2026-05-14T12:40:05+00:00,betano,basketball,NBA,props_nba_20260514_094005.csv,Minnesota Timberwolves San Antonio Spurs,minnesota timberwolves san antonio spurs,Carter Bryant,carter bryant,Puntos (hitos),5+,0.0,3.45,player_points_hito,PTS,over,5,4.5,Carter Bryant 5+ PTS,1,
599c82d9a1f352258210e1cb55a65649e956b740,20260514_094005,2026-05-14T09:40:05-03:00,2026-05-14T12:40:05+00:00,betano,basketball,NBA,props_nba_20260514_094005.csv,Minnesota Timberwolves San Antonio Spurs,minnesota timberwolves san antonio spurs,Stephon Castle,stephon castle,Asistencias (hitos),6+,0.0,1.45,player_assists_hito,AST,over,6,5.5,Stephon Castle 6+ AST,1,
91c8e743588f63c211faf92eae0bd9d9874419a3,20260514_094005,2026-05-14T09:40:05-03:00,2026-05-14T12:40:05+00:00,betano,basketball,NBA,props_nba_20260514_094005.csv,Minnesota Timberwolves San Antonio Spurs,minnesota timberwolves san antonio spurs,Stephon Castle,stephon castle,Asistencias (hitos),7+,0.0,1.91,player_assists_hito,AST,over,7,6.5,Stephon Castle 7+ AST,1,
4627c850c85739e1ee0ed81e786e49ed35e5cbce,20260514_094005,2026-05-14T09:40:05-03:00,2026-05-14T12:40:05+00:00,betano,basketball,NBA,props_nba_20260514_094005.csv,Minnesota Timberwolves San Antonio Spurs,minnesota timberwolves san antonio spurs,Stephon Castle,stephon castle,Asistencias (hitos),8+,0.0,2.75,player_assists_hito,AST,over,8,7.5,Stephon Castle 8+ AST,1,
d3c09e6f11976b867e8053e7385182bd422b361e,20260514_094005,2026-05-14T09:40:05-03:00,2026-05-14T12:40:05+00:00,betano,basketball,NBA,props_nba_20260514_094005.csv,Minnesota Timberwolves San Antonio Spurs,minnesota timberwolves san antonio spurs,Stephon Castle,stephon castle,Asistencias (hitos),9+,0.0,4.15,player_assists_hito,AST,over,9,8.5,Stephon Castle 9+ AST,1,
e8a1e3514acada55989d92346a4ae37c1ce6176f,20260514_094005,2026-05-14T09:40:05-03:00,2026-05-14T12:40:05+00:00,betano,basketball,NBA,props_nba_20260514_094005.csv,Minnesota Timberwolves San Antonio Spurs,minnesota timberwolves san antonio spurs,Stephon Castle,stephon castle,Asistencias (hitos),10+,0.0,6.4,player_assists_hito,AST,over,10,9.5,Stephon Castle 10+ AST,1,
2bd0bcdbf3fb002d51f90c029e94e21fecc90d3a,20260514_094005,2026-05-14T09:40:05-03:00,2026-05-14T12:40:05+00:00,betano,basketball,NBA,props_nba_20260514_094005.csv,Minnesota Timberwolves San Antonio Spurs,minnesota timberwolves san antonio spurs,Stephon Castle,stephon castle,Asistencias (hitos),11+,0.0,9.75,player_assists_hito,AST,over,11,10.5,Stephon Castle 11+ AST,1,
bf86d4899c7cd4bd72fbede72d9c36e86249f9bf,20260514_094005,2026-05-14T09:40:05-03:00,2026-05-14T12:40:05+00:00,betano,basketball,NBA,props_nba_20260514_094005.csv,Minnesota Timberwolves San Antonio Spurs,minnesota timberwolves san antonio spurs,Stephon Castle,stephon castle,Asistencias (hitos),12+,0.0,13.5,player_assists_hito,AST,over,12,11.5,Stephon Castle 12+ AST,1,
aeb26e7705875ac0a3421aa9b98a540ac714c06f,20260514_094005,2026-05-14T09:40:05-03:00,2026-05-14T12:40:05+00:00,betano,basketball,NBA,props_nba_20260514_094005.csv,Minnesota Timberwolves San Antonio Spurs,minnesota timberwolves san antonio spurs,Stephon Castle,stephon castle,Asistencias (hitos),13+,0.0,16.5,player_assists_hito,AST,over,13,12.5,Stephon Castle 13+ AST,1,
bc6648aa7dd9cf5c795772063bfa3c3aebf68506,20260514_094005,2026-05-14T09:40:05-03:00,2026-05-14T12:40:05+00:00,betano,basketball,NBA,props_nba_20260514_094005.csv,Minnesota Timberwolves San Antonio Spurs,minnesota timberwolves san antonio spurs,De'Aaron Fox,de aaron fox,Asistencias (hitos),5+,0.0,1.5,player_assists_hito,AST,over,5,4.5,De'Aaron Fox 5+ AST,1,
a8f6e4690d4a2c57e5309c105098df989e94a2b8,20260514_094005,2026-05-14T09:40:05-03:00,2026-05-14T12:40:05+00:00,betano,basketball,NBA,props_nba_20260514_094005.csv,Minnesota Timberwolves San Antonio Spurs,minnesota timberwolves san antonio spurs,De'Aaron Fox,de aaron fox,Asistencias (hitos),6+,0.0,2.02,player_assists_hito,AST,over,6,5.5,De'Aaron Fox 6+ AST,1,
a054d1f5e61b48788dea1402322d5ffefb42ee20,20260514_094005,2026-05-14T09:40:05-03:00,2026-05-14T12:40:05+00:00,betano,basketball,NBA,props_nba_20260514_094005.csv,Minnesota Timberwolves San Antonio Spurs,minnesota timberwolves san antonio spurs,De'Aaron Fox,de aaron fox,Asistencias (hitos),7+,0.0,3,player_assists_hito,AST,over,7,6.5,De'Aaron Fox 7+ AST,1,
cc06ffef87bee491ef3b5c697f208cdadec41b6f,20260514_094005,2026-05-14T09:40:05-03:00,2026-05-14T12:40:05+00:00,betano,basketball,NBA,props_nba_20260514_094005.csv,Minnesota Timberwolves San Antonio Spurs,minnesota timberwolves san antonio spurs,De'Aaron Fox,de aaron fox,Asistencias (hitos),8+,0.0,4.7,player_assists_hito,AST,over,8,7.5,De'Aaron Fox 8+ AST,1,
b38ec8bee77e440bbef9518994f9db3ab00f7251,20260514_094005,2026-05-14T09:40:05-03:00,2026-05-14T12:40:05+00:00,betano,basketball,NBA,props_nba_20260514_094005.csv,Minnesota Timberwolves San Antonio Spurs,minnesota timberwolves san antonio spurs,De'Aaron Fox,de aaron fox,Asistencias (hitos),9+,0.0,7.4,player_assists_hito,AST,over,9,8.5,De'Aaron Fox 9+ AST,1,
f3bafb8dd05111bae5733ebf8b5b929fd5622bd6,20260514_094005,2026-05-14T09:40:05-03:00,2026-05-14T12:40:05+00:00,betano,basketball,NBA,props_nba_20260514_094005.csv,Minnesota Timberwolves San Antonio Spurs,minnesota timberwolves san antonio spurs,De'Aaron Fox,de aaron fox,Asistencias (hitos),10+,0.0,11,player_assists_hito,AST,over,10,9.5,De'Aaron Fox 10+ AST,1,
a1c6b7630edd4c2679454e296821bd7357987af8,20260514_094005,2026-05-14T09:40:05-03:00,2026-05-14T12:40:05+00:00,betano,basketball,NBA,props_nba_20260514_094005.csv,Minnesota Timberwolves San Antonio Spurs,minnesota timberwolves san antonio spurs,Julius Randle,julius randle,Asistencias (hitos),3+,0.0,1.16,player_assists_hito,AST,over,3,2.5,Julius Randle 3+ AST,1,
d6949fe31b4e25c13df3a74e058f8edee6a14bac,20260514_094005,2026-05-14T09:40:05-03:00,2026-05-14T12:40:05+00:00,betano,basketball,NBA,props_nba_20260514_094005.csv,Minnesota Timberwolves San Antonio Spurs,minnesota timberwolves san antonio spurs,Julius Randle,julius randle,Asistencias (hitos),4+,0.0,1.53,player_assists_hito,AST,over,4,3.5,Julius Randle 4+ AST,1,
42caa7a72259928e988f9be171530479a1f7b2a3,20260514_094005,2026-05-14T09:40:05-03:00,2026-05-14T12:40:05+00:00,betano,basketball,NBA,props_nba_20260514_094005.csv,Minnesota Timberwolves San Antonio Spurs,minnesota timberwolves san antonio spurs,Julius Randle,julius randle,Asistencias (hitos),5+,0.0,2.22,player_assists_hito,AST,over,5,4.5,Julius Randle 5+ AST,1,
f6edab102edabbd2482aa030e10d38e10f0e8038,20260514_094005,2026-05-14T09:40:05-03:00,2026-05-14T12:40:05+00:00,betano,basketball,NBA,props_nba_20260514_094005.csv,Minnesota Timberwolves San Antonio Spurs,minnesota timberwolves san antonio spurs,Julius Randle,julius randle,Asistencias (hitos),6+,0.0,3.4,player_assists_hito,AST,over,6,5.5,Julius Randle 6+ AST,1,
8928ca2ddfb602741f946ffda31ccf5d0ea08148,20260514_094005,2026-05-14T09:40:05-03:00,2026-05-14T12:40:05+00:00,betano,basketball,NBA,props_nba_20260514_094005.csv,Minnesota Timberwolves San Antonio Spurs,minnesota timberwolves san antonio spurs,Julius Randle,julius randle,Asistencias (hitos),7+,0.0,5,player_assists_hito,AST,over,7,6.5,Julius Randle 7+ AST,1,
95651c59422c83690c16b0dcc63089c5c0c68fdd,20260514_094005,2026-05-14T09:40:05-03:00,2026-05-14T12:40:05+00:00,betano,basketball,NBA,props_nba_20260514_094005.csv,Minnesota Timberwolves San Antonio Spurs,minnesota timberwolves san antonio spurs,Julius Randle,julius randle,Asistencias (hitos),8+,0.0,6.7,player_assists_hito,AST,over,8,7.5,Julius Randle 8+ AST,1,
d73e41806ce07587d10fac6a299b73ca62f52830,20260514_094005,2026-05-14T09:40:05-03:00,2026-05-14T12:40:05+00:00,betano,basketball,NBA,props_nba_20260514_094005.csv,Minnesota Timberwolves San Antonio Spurs,minnesota timberwolves san antonio spurs,Anthony Edwards,anthony edwards,Asistencias (hitos),3+,0.0,1.23,player_assists_hito,AST,over,3,2.5,Anthony Edwards 3+ AST,1,
a647d24dc970d6f4bac91606dc392ce719894953,20260514_094005,2026-05-14T09:40:05-03:00,2026-05-14T12:40:05+00:00,betano,basketball,NBA,props_nba_20260514_094005.csv,Minnesota Timberwolves San Antonio Spurs,minnesota timberwolves san antonio spurs,Anthony Edwards,anthony edwards,Asistencias (hitos),4+,0.0,1.65,player_assists_hito,AST,over,4,3.5,Anthony Edwards 4+ AST,1,
871fd89b26e55815820718e2dacd90111ce270ec,20260514_094005,2026-05-14T09:40:05-03:00,2026-05-14T12:40:05+00:00,betano,basketball,NBA,props_nba_20260514_094005.csv,Minnesota Timberwolves San Antonio Spurs,minnesota timberwolves san antonio spurs,Anthony Edwards,anthony edwards,Asistencias (hitos),5+,0.0,2.45,player_assists_hito,AST,over,5,4.5,Anthony Edwards 5+ AST,1,
250fad4303e83a1fef733260966da735f1004a14,20260514_094005,2026-05-14T09:40:05-03:00,2026-05-14T12:40:05+00:00,betano,basketball,NBA,props_nba_20260514_094005.csv,Minnesota Timberwolves San Antonio Spurs,minnesota timberwolves san antonio spurs,Anthony Edwards,anthony edwards,Asistencias (hitos),6+,0.0,4,player_assists_hito,AST,over,6,5.5,Anthony Edwards 6+ AST,1,
36a6efa626e02f1a110ebc10e06cb4538f9f5f7c,20260514_094005,2026-05-14T09:40:05-03:00,2026-05-14T12:40:05+00:00,betano,basketball,NBA,props_nba_20260514_094005.csv,Minnesota Timberwolves San Antonio Spurs,minnesota timberwolves san antonio spurs,Anthony Edwards,anthony edwards,Asistencias (hitos),7+,0.0,6.8,player_assists_hito,AST,over,7,6.5,Anthony Edwards 7+ AST,1,
37b0c9bc5cfcac6c0ed5c3250092ee11c1d8b0cd,20260514_094005,2026-05-14T09:40:05-03:00,2026-05-14T12:40:05+00:00,betano,basketball,NBA,props_nba_20260514_094005.csv,Minnesota Timberwolves San Antonio Spurs,minnesota timberwolves san antonio spurs,Anthony Edwards,anthony edwards,Asistencias (hitos),8+,0.0,11,player_assists_hito,AST,over,8,7.5,Anthony Edwards 8+ AST,1,
dfe483f8dab6bd3e9e06222f58e8b1f82a0ced2a,20260514_094005,2026-05-14T09:40:05-03:00,2026-05-14T12:40:05+00:00,betano,basketball,NBA,props_nba_20260514_094005.csv,Minnesota Timberwolves San Antonio Spurs,minnesota timberwolves san antonio spurs,Ayo Dosunmu,ayo dosunmu,Asistencias (hitos),3+,0.0,1.27,player_assists_hito,AST,over,3,2.5,Ayo Dosunmu 3+ AST,1,
7e3af87bd2e2fbc2178860c7ae2bcfc0cd754ab8,20260514_094005,2026-05-14T09:40:05-03:00,2026-05-14T12:40:05+00:00,betano,basketball,NBA,props_nba_20260514_094005.csv,Minnesota Timberwolves San Antonio Spurs,minnesota timberwolves san antonio spurs,Ayo Dosunmu,ayo dosunmu,Asistencias (hitos),4+,0.0,1.75,player_assists_hito,AST,over,4,3.5,Ayo Dosunmu 4+ AST,1,
7984cca5bb888866546f08afea14cb22603ba11f,20260514_094005,2026-05-14T09:40:05-03:00,2026-05-14T12:40:05+00:00,betano,basketball,NBA,props_nba_20260514_094005.csv,Minnesota Timberwolves San Antonio Spurs,minnesota timberwolves san antonio spurs,Ayo Dosunmu,ayo dosunmu,Asistencias (hitos),5+,0.0,2.67,player_assists_hito,AST,over,5,4.5,Ayo Dosunmu 5+ AST,1,
a758bbabd7e70d979e7f93b37f6c23b2280f18f6,20260514_094005,2026-05-14T09:40:05-03:00,2026-05-14T12:40:05+00:00,betano,basketball,NBA,props_nba_20260514_094005.csv,Minnesota Timberwolves San Antonio Spurs,minnesota timberwolves san antonio spurs,Ayo Dosunmu,ayo dosunmu,Asistencias (hitos),6+,0.0,4.55,player_assists_hito,AST,over,6,5.5,Ayo Dosunmu 6+ AST,1,
a237d872095cf588ecb9e29b32e1884922abba6c,20260514_094005,2026-05-14T09:40:05-03:00,2026-05-14T12:40:05+00:00,betano,basketball,NBA,props_nba_20260514_094005.csv,Minnesota Timberwolves San Antonio Spurs,minnesota timberwolves san antonio spurs,Ayo Dosunmu,ayo dosunmu,Asistencias (hitos),7+,0.0,7.7,player_assists_hito,AST,over,7,6.5,Ayo Dosunmu 7+ AST,1,
86ef76216b87c2d23796b981b1952eb2370b99bc,20260514_094005,2026-05-14T09:40:05-03:00,2026-05-14T12:40:05+00:00,betano,basketball,NBA,props_nba_20260514_094005.csv,Minnesota Timberwolves San Antonio Spurs,minnesota timberwolves san antonio spurs,Ayo Dosunmu,ayo dosunmu,Asistencias (hitos),8+,0.0,12,player_assists_hito,AST,over,8,7.5,Ayo Dosunmu 8+ AST,1,
acf3aa036fe61b816f0fcfd904e3807de46ed1a5,20260514_094005,2026-05-14T09:40:05-03:00,2026-05-14T12:40:05+00:00,betano,basketball,NBA,props_nba_20260514_094005.csv,Minnesota Timberwolves San Antonio Spurs,minnesota timberwolves san antonio spurs,Dylan Harper,dylan harper,Asistencias (hitos),2+,0.0,1.08,player_assists_hito,AST,over,2,1.5,Dylan Harper 2+ AST,1,
014786d395aeca30f2c4a93f0bfa63d5ffff79ce,20260514_094005,2026-05-14T09:40:05-03:00,2026-05-14T12:40:05+00:00,betano,basketball,NBA,props_nba_20260514_094005.csv,Minnesota Timberwolves San Antonio Spurs,minnesota timberwolves san antonio spurs,Dylan Harper,dylan harper,Asistencias (hitos),3+,0.0,1.44,player_assists_hito,AST,over,3,2.5,Dylan Harper 3+ AST,1,
a0594add8e616a2696dc4471c95ad33cc2e5aa07,20260514_094005,2026-05-14T09:40:05-03:00,2026-05-14T12:40:05+00:00,betano,basketball,NBA,props_nba_20260514_094005.csv,Minnesota Timberwolves San Antonio Spurs,minnesota timberwolves san antonio spurs,Dylan Harper,dylan harper,Asistencias (hitos),4+,0.0,2.07,player_assists_hito,AST,over,4,3.5,Dylan Harper 4+ AST,1,
973f241eac5b38ee5f808258a9b6008e9c104e81,20260514_094005,2026-05-14T09:40:05-03:00,2026-05-14T12:40:05+00:00,betano,basketball,NBA,props_nba_20260514_094005.csv,Minnesota Timberwolves San Antonio Spurs,minnesota timberwolves san antonio spurs,Dylan Harper,dylan harper,Asistencias (hitos),5+,0.0,3.2,player_assists_hito,AST,over,5,4.5,Dylan Harper 5+ AST,1,
ffbc59ffb6f8d42d9fa9019ea861a5564b0d77b4,20260514_094005,2026-05-14T09:40:05-03:00,2026-05-14T12:40:05+00:00,betano,basketball,NBA,props_nba_20260514_094005.csv,Minnesota Timberwolves San Antonio Spurs,minnesota timberwolves san antonio spurs,Victor Wembanyama,victor wembanyama,Asistencias (hitos),2+,0.0,1.13,player_assists_hito,AST,over,2,1.5,Victor Wembanyama 2+ AST,1,
4228557b15f42a90efa1b66abec05dadb3cc5acf,20260514_094005,2026-05-14T09:40:05-03:00,2026-05-14T12:40:05+00:00,betano,basketball,NBA,props_nba_20260514_094005.csv,Minnesota Timberwolves San Antonio Spurs,minnesota timberwolves san antonio spurs,Victor Wembanyama,victor wembanyama,Asistencias (hitos),3+,0.0,1.5,player_assists_hito,AST,over,3,2.5,Victor Wembanyama 3+ AST,1,
f4831aac0514eb5b24e3ac92ba482ef4610d82e5,20260514_094005,2026-05-14T09:40:05-03:00,2026-05-14T12:40:05+00:00,betano,basketball,NBA,props_nba_20260514_094005.csv,Minnesota Timberwolves San Antonio Spurs,minnesota timberwolves san antonio spurs,Victor Wembanyama,victor wembanyama,Asistencias (hitos),4+,0.0,2.3,player_assists_hito,AST,over,4,3.5,Victor Wembanyama 4+ AST,1,
1abee96f4d2501fc3ec2cea653ca8d2d0a5405b5,20260514_094005,2026-05-14T09:40:05-03:00,2026-05-14T12:40:05+00:00,betano,basketball,NBA,props_nba_20260514_094005.csv,Minnesota Timberwolves San Antonio Spurs,minnesota timberwolves san antonio spurs,Victor Wembanyama,victor wembanyama,Asistencias (hitos),5+,0.0,4,player_assists_hito,AST,over,5,4.5,Victor Wembanyama 5+ AST,1,
859b5cfd87273f8a36240d26ec16bc43fff50b26,20260514_094005,2026-05-14T09:40:05-03:00,2026-05-14T12:40:05+00:00,betano,basketball,NBA,props_nba_20260514_094005.csv,Minnesota Timberwolves San Antonio Spurs,minnesota timberwolves san antonio spurs,Devin Vassell,devin vassell,Asistencias (hitos),2+,0.0,1.34,player_assists_hito,AST,over,2,1.5,Devin Vassell 2+ AST,1,
2cb7829bb1c6018a8786e50c70ef1cd7292153dd,20260514_094005,2026-05-14T09:40:05-03:00,2026-05-14T12:40:05+00:00,betano,basketball,NBA,props_nba_20260514_094005.csv,Minnesota Timberwolves San Antonio Spurs,minnesota timberwolves san antonio spurs,Devin Vassell,devin vassell,Asistencias (hitos),3+,0.0,2.1,player_assists_hito,AST,over,3,2.5,Devin Vassell 3+ AST,1,
f86bdf5fddca9c14c53bb8cf4941d2af65f0545e,20260514_094005,2026-05-14T09:40:05-03:00,2026-05-14T12:40:05+00:00,betano,basketball,NBA,props_nba_20260514_094005.csv,Minnesota Timberwolves San Antonio Spurs,minnesota timberwolves san antonio spurs,Devin Vassell,devin vassell,Asistencias (hitos),4+,0.0,3.75,player_assists_hito,AST,over,4,3.5,Devin Vassell 4+ AST,1,
3745c74e1e98dc974c953ec711f5c8515f2054ee,20260514_094005,2026-05-14T09:40:05-03:00,2026-05-14T12:40:05+00:00,betano,basketball,NBA,props_nba_20260514_094005.csv,Minnesota Timberwolves San Antonio Spurs,minnesota timberwolves san antonio spurs,Devin Vassell,devin vassell,Asistencias (hitos),5+,0.0,7.2,player_assists_hito,AST,over,5,4.5,Devin Vassell 5+ AST,1,
2d6aff433cfd4cd50f19b77e38384c714fbf05b7,20260514_094005,2026-05-14T09:40:05-03:00,2026-05-14T12:40:05+00:00,betano,basketball,NBA,props_nba_20260514_094005.csv,Minnesota Timberwolves San Antonio Spurs,minnesota timberwolves san antonio spurs,Mike Conley,mike conley,Asistencias (hitos),2+,0.0,1.36,player_assists_hito,AST,over,2,1.5,Mike Conley 2+ AST,1,
c1b83b2dc12442da4727bc2845b5dbe7c5e07d3c,20260514_094005,2026-05-14T09:40:05-03:00,2026-05-14T12:40:05+00:00,betano,basketball,NBA,props_nba_20260514_094005.csv,Minnesota Timberwolves San Antonio Spurs,minnesota timberwolves san antonio spurs,Mike Conley,mike conley,Asistencias (hitos),3+,0.0,2.15,player_assists_hito,AST,over,3,2.5,Mike Conley 3+ AST,1,
4a90e347220368efd6ac8b5d5c460a61e81f6e36,20260514_094005,2026-05-14T09:40:05-03:00,2026-05-14T12:40:05+00:00,betano,basketball,NBA,props_nba_20260514_094005.csv,Minnesota Timberwolves San Antonio Spurs,minnesota timberwolves san antonio spurs,Mike Conley,mike conley,Asistencias (hitos),4+,0.0,3.9,player_assists_hito,AST,over,4,3.5,Mike Conley 4+ AST,1,
945aacba005bd3b251668a02d2de1129a40ca08f,20260514_094005,2026-05-14T09:40:05-03:00,2026-05-14T12:40:05+00:00,betano,basketball,NBA,props_nba_20260514_094005.csv,Minnesota Timberwolves San Antonio Spurs,minnesota timberwolves san antonio spurs,Mike Conley,mike conley,Asistencias (hitos),5+,0.0,7.5,player_assists_hito,AST,over,5,4.5,Mike Conley 5+ AST,1,
58a909041a4efe604bf2c3ad193c7efcc2fdf93d,20260514_094005,2026-05-14T09:40:05-03:00,2026-05-14T12:40:05+00:00,betano,basketball,NBA,props_nba_20260514_094005.csv,Minnesota Timberwolves San Antonio Spurs,minnesota timberwolves san antonio spurs,Jaden McDaniels,jaden mcdaniels,Asistencias (hitos),2+,0.0,1.37,player_assists_hito,AST,over,2,1.5,Jaden McDaniels 2+ AST,1,
f728628d1161a8730a0c38e988afcf4c4077fe7b,20260514_094005,2026-05-14T09:40:05-03:00,2026-05-14T12:40:05+00:00,betano,basketball,NBA,props_nba_20260514_094005.csv,Minnesota Timberwolves San Antonio Spurs,minnesota timberwolves san antonio spurs,Jaden McDaniels,jaden mcdaniels,Asistencias (hitos),3+,0.0,2.18,player_assists_hito,AST,over,3,2.5,Jaden McDaniels 3+ AST,1,
d57d88fd2ae7fbafa75c36bd0f70f148e1817ed7,20260514_094005,2026-05-14T09:40:05-03:00,2026-05-14T12:40:05+00:00,betano,basketball,NBA,props_nba_20260514_094005.csv,Minnesota Timberwolves San Antonio Spurs,minnesota timberwolves san antonio spurs,Jaden McDaniels,jaden mcdaniels,Asistencias (hitos),4+,0.0,3.95,player_assists_hito,AST,over,4,3.5,Jaden McDaniels 4+ AST,1,
b1b38690c610927feb2e628fee99711c4ebe3065,20260514_094005,2026-05-14T09:40:05-03:00,2026-05-14T12:40:05+00:00,betano,basketball,NBA,props_nba_20260514_094005.csv,Minnesota Timberwolves San Antonio Spurs,minnesota timberwolves san antonio spurs,Jaden McDaniels,jaden mcdaniels,Asistencias (hitos),5+,0.0,7.7,player_assists_hito,AST,over,5,4.5,Jaden McDaniels 5+ AST,1,
269f4c183f5a8a896caa11c44c1b4ac08ab43c67,20260514_094005,2026-05-14T09:40:05-03:00,2026-05-14T12:40:05+00:00,betano,basketball,NBA,props_nba_20260514_094005.csv,Minnesota Timberwolves San Antonio Spurs,minnesota timberwolves san antonio spurs,Naz Reid,naz reid,Asistencias (hitos),1+,0.0,1.08,player_assists_hito,AST,over,1,0.5,Naz Reid 1+ AST,1,
dcecee311759e7dd315a3f2aae0dffac15a099ab,20260514_094005,2026-05-14T09:40:05-03:00,2026-05-14T12:40:05+00:00,betano,basketball,NBA,props_nba_20260514_094005.csv,Minnesota Timberwolves San Antonio Spurs,minnesota timberwolves san antonio spurs,Naz Reid,naz reid,Asistencias (hitos),2+,0.0,1.5,player_assists_hito,AST,over,2,1.5,Naz Reid 2+ AST,1,
74ddce7a59e461707d11a12fd9723facebb03e92,20260514_094005,2026-05-14T09:40:05-03:00,2026-05-14T12:40:05+00:00,betano,basketball,NBA,props_nba_20260514_094005.csv,Minnesota Timberwolves San Antonio Spurs,minnesota timberwolves san antonio spurs,Naz Reid,naz reid,Asistencias (hitos),3+,0.0,2.6,player_assists_hito,AST,over,3,2.5,Naz Reid 3+ AST,1,
cb13387a85a6ada4b4a115c896f4536a737902e1,20260514_094005,2026-05-14T09:40:05-03:00,2026-05-14T12:40:05+00:00,betano,basketball,NBA,props_nba_20260514_094005.csv,Minnesota Timberwolves San Antonio Spurs,minnesota timberwolves san antonio spurs,Naz Reid,naz reid,Asistencias (hitos),4+,0.0,5.1,player_assists_hito,AST,over,4,3.5,Naz Reid 4+ AST,1,
c757d1c175eaf925b8c13cd3d7e68750ba55debb,20260514_094005,2026-05-14T09:40:05-03:00,2026-05-14T12:40:05+00:00,betano,basketball,NBA,props_nba_20260514_094005.csv,Minnesota Timberwolves San Antonio Spurs,minnesota timberwolves san antonio spurs,Terrence Shannon Jr.,terrence shannon jr,Asistencias (hitos),1+,0.0,1.14,player_assists_hito,AST,over,1,0.5,Terrence Shannon Jr. 1+ AST,1,
4b79b809a661fc37a3bbedd95dd100a773dc2ca9,20260514_094005,2026-05-14T09:40:05-03:00,2026-05-14T12:40:05+00:00,betano,basketball,NBA,props_nba_20260514_094005.csv,Minnesota Timberwolves San Antonio Spurs,minnesota timberwolves san antonio spurs,Terrence Shannon Jr.,terrence shannon jr,Asistencias (hitos),2+,0.0,1.75,player_assists_hito,AST,over,2,1.5,Terrence Shannon Jr. 2+ AST,1,
8b283f507e973d120f672ce158a4cc920c406038,20260514_094005,2026-05-14T09:40:05-03:00,2026-05-14T12:40:05+00:00,betano,basketball,NBA,props_nba_20260514_094005.csv,Minnesota Timberwolves San Antonio Spurs,minnesota timberwolves san antonio spurs,Terrence Shannon Jr.,terrence shannon jr,Asistencias (hitos),3+,0.0,3.4,player_assists_hito,AST,over,3,2.5,Terrence Shannon Jr. 3+ AST,1,
6dfbd0f4a89ec748b2af295e1acba0e0e5efca1d,20260514_094005,2026-05-14T09:40:05-03:00,2026-05-14T12:40:05+00:00,betano,basketball,NBA,props_nba_20260514_094005.csv,Minnesota Timberwolves San Antonio Spurs,minnesota timberwolves san antonio spurs,Terrence Shannon Jr.,terrence shannon jr,Asistencias (hitos),4+,0.0,7.1,player_assists_hito,AST,over,4,3.5,Terrence Shannon Jr. 4+ AST,1,
5c7d5c57ecb25b3a7e618fe2184355b8591a127d,20260514_094005,2026-05-14T09:40:05-03:00,2026-05-14T12:40:05+00:00,betano,basketball,NBA,props_nba_20260514_094005.csv,Minnesota Timberwolves San Antonio Spurs,minnesota timberwolves san antonio spurs,Rudy Gobert,rudy gobert,Asistencias (hitos),1+,0.0,1.18,player_assists_hito,AST,over,1,0.5,Rudy Gobert 1+ AST,1,
d17c0d2d288f3784c5f7cbd8c89df7765d714aa2,20260514_094005,2026-05-14T09:40:05-03:00,2026-05-14T12:40:05+00:00,betano,basketball,NBA,props_nba_20260514_094005.csv,Minnesota Timberwolves San Antonio Spurs,minnesota timberwolves san antonio spurs,Rudy Gobert,rudy gobert,Asistencias (hitos),2+,0.0,1.93,player_assists_hito,AST,over,2,1.5,Rudy Gobert 2+ AST,1,
4658a2e737d21e05b2a3d653b64f86ee6bca26ad,20260514_094005,2026-05-14T09:40:05-03:00,2026-05-14T12:40:05+00:00,betano,basketball,NBA,props_nba_20260514_094005.csv,Minnesota Timberwolves San Antonio Spurs,minnesota timberwolves san antonio spurs,Rudy Gobert,rudy gobert,Asistencias (hitos),3+,0.0,3.95,player_assists_hito,AST,over,3,2.5,Rudy Gobert 3+ AST,1,
0038783f9e1f163e4a8ca143a989f9ade85f4a40,20260514_094005,2026-05-14T09:40:05-03:00,2026-05-14T12:40:05+00:00,betano,basketball,NBA,props_nba_20260514_094005.csv,Minnesota Timberwolves San Antonio Spurs,minnesota timberwolves san antonio spurs,Rudy Gobert,rudy gobert,Asistencias (hitos),4+,0.0,8.5,player_assists_hito,AST,over,4,3.5,Rudy Gobert 4+ AST,1,
49d7d12033d40d02460047e827e032c28e79eb99,20260514_094005,2026-05-14T09:40:05-03:00,2026-05-14T12:40:05+00:00,betano,basketball,NBA,props_nba_20260514_094005.csv,Minnesota Timberwolves San Antonio Spurs,minnesota timberwolves san antonio spurs,Julian Champagnie,julian champagnie,Asistencias (hitos),1+,0.0,1.29,player_assists_hito,AST,over,1,0.5,Julian Champagnie 1+ AST,1,
26250615b1f4ca4fb078e1536f59a0c2c1c21f83,20260514_094005,2026-05-14T09:40:05-03:00,2026-05-14T12:40:05+00:00,betano,basketball,NBA,props_nba_20260514_094005.csv,Minnesota Timberwolves San Antonio Spurs,minnesota timberwolves san antonio spurs,Julian Champagnie,julian champagnie,Asistencias (hitos),2+,0.0,2.4,player_assists_hito,AST,over,2,1.5,Julian Champagnie 2+ AST,1,
cbf0f2083dd0b3e03890a3fc9d33ede8ee5f858c,20260514_094005,2026-05-14T09:40:05-03:00,2026-05-14T12:40:05+00:00,betano,basketball,NBA,props_nba_20260514_094005.csv,Minnesota Timberwolves San Antonio Spurs,minnesota timberwolves san antonio spurs,Julian Champagnie,julian champagnie,Asistencias (hitos),3+,0.0,5.3,player_assists_hito,AST,over,3,2.5,Julian Champagnie 3+ AST,1,
eb51d61487155bc9ab31874e49a943b6efe93b83,20260514_094005,2026-05-14T09:40:05-03:00,2026-05-14T12:40:05+00:00,betano,basketball,NBA,props_nba_20260514_094005.csv,Minnesota Timberwolves San Antonio Spurs,minnesota timberwolves san antonio spurs,Julian Champagnie,julian champagnie,Asistencias (hitos),4+,0.0,11.25,player_assists_hito,AST,over,4,3.5,Julian Champagnie 4+ AST,1,
4236a468f3a93c77206285e2b8b3b009977797a9,20260514_094005,2026-05-14T09:40:05-03:00,2026-05-14T12:40:05+00:00,betano,basketball,NBA,props_nba_20260514_094005.csv,Minnesota Timberwolves San Antonio Spurs,minnesota timberwolves san antonio spurs,Keldon Johnson,keldon johnson,Asistencias (hitos),1+,0.0,1.47,player_assists_hito,AST,over,1,0.5,Keldon Johnson 1+ AST,1,
73247e2015a70043637f43886d78146c7af7be8b,20260514_094005,2026-05-14T09:40:05-03:00,2026-05-14T12:40:05+00:00,betano,basketball,NBA,props_nba_20260514_094005.csv,Minnesota Timberwolves San Antonio Spurs,minnesota timberwolves san antonio spurs,Keldon Johnson,keldon johnson,Asistencias (hitos),2+,0.0,3.25,player_assists_hito,AST,over,2,1.5,Keldon Johnson 2+ AST,1,
d7f39bd39adf3da839038c3f14873c2f101f2028,20260514_094005,2026-05-14T09:40:05-03:00,2026-05-14T12:40:05+00:00,betano,basketball,NBA,props_nba_20260514_094005.csv,Minnesota Timberwolves San Antonio Spurs,minnesota timberwolves san antonio spurs,Keldon Johnson,keldon johnson,Asistencias (hitos),3+,0.0,8,player_assists_hito,AST,over,3,2.5,Keldon Johnson 3+ AST,1,
9051480b04ff65a6ef5504058cd237dfb6e4f314,20260514_094005,2026-05-14T09:40:05-03:00,2026-05-14T12:40:05+00:00,betano,basketball,NBA,props_nba_20260514_094005.csv,Minnesota Timberwolves San Antonio Spurs,minnesota timberwolves san antonio spurs,Keldon Johnson,keldon johnson,Asistencias (hitos),4+,0.0,15,player_assists_hito,AST,over,4,3.5,Keldon Johnson 4+ AST,1,
45ece94ee7951083b295cbdaddb565cdd05d5fd2,20260514_094005,2026-05-14T09:40:05-03:00,2026-05-14T12:40:05+00:00,betano,basketball,NBA,props_nba_20260514_094005.csv,Minnesota Timberwolves San Antonio Spurs,minnesota timberwolves san antonio spurs,Luke Kornet,luke kornet,Asistencias (hitos),1+,0.0,1.88,player_assists_hito,AST,over,1,0.5,Luke Kornet 1+ AST,1,
4fa42c2097e94c4cfd4e0c88cce1e22f804ceb96,20260514_094005,2026-05-14T09:40:05-03:00,2026-05-14T12:40:05+00:00,betano,basketball,NBA,props_nba_20260514_094005.csv,Minnesota Timberwolves San Antonio Spurs,minnesota timberwolves san antonio spurs,Luke Kornet,luke kornet,Asistencias (hitos),2+,0.0,5.3,player_assists_hito,AST,over,2,1.5,Luke Kornet 2+ AST,1,
ec43b999e0d06f88ae647b17368f5b6885f33205,20260514_094005,2026-05-14T09:40:05-03:00,2026-05-14T12:40:05+00:00,betano,basketball,NBA,props_nba_20260514_094005.csv,Minnesota Timberwolves San Antonio Spurs,minnesota timberwolves san antonio spurs,Luke Kornet,luke kornet,Asistencias (hitos),3+,0.0,13,player_assists_hito,AST,over,3,2.5,Luke Kornet 3+ AST,1,
a6e294085649033416014c37f112f54eeef1d9cd,20260514_094005,2026-05-14T09:40:05-03:00,2026-05-14T12:40:05+00:00,betano,basketball,NBA,props_nba_20260514_094005.csv,Minnesota Timberwolves San Antonio Spurs,minnesota timberwolves san antonio spurs,Luke Kornet,luke kornet,Asistencias (hitos),4+,0.0,18.5,player_assists_hito,AST,over,4,3.5,Luke Kornet 4+ AST,1,
3557e83cb7f5d2e3cd9ad1d452ade6e74f2233f9,20260514_094005,2026-05-14T09:40:05-03:00,2026-05-14T12:40:05+00:00,betano,basketball,NBA,props_nba_20260514_094005.csv,Minnesota Timberwolves San Antonio Spurs,minnesota timberwolves san antonio spurs,Victor Wembanyama,victor wembanyama,Rebotes (hitos),12+,0.0,1.33,player_rebounds_hito,REB,over,12,11.5,Victor Wembanyama 12+ REB,1,
1f7bf40f0009ad455f31a4c0c680203c488258dd,20260514_094005,2026-05-14T09:40:05-03:00,2026-05-14T12:40:05+00:00,betano,basketball,NBA,props_nba_20260514_094005.csv,Minnesota Timberwolves San Antonio Spurs,minnesota timberwolves san antonio spurs,Victor Wembanyama,victor wembanyama,Rebotes (hitos),14+,0.0,1.9,player_rebounds_hito,REB,over,14,13.5,Victor Wembanyama 14+ REB,1,
6e092e3d5e5b30f85a98e86c281ad39012a388c1,20260514_094005,2026-05-14T09:40:05-03:00,2026-05-14T12:40:05+00:00,betano,basketball,NBA,props_nba_20260514_094005.csv,Minnesota Timberwolves San Antonio Spurs,minnesota timberwolves san antonio spurs,Victor Wembanyama,victor wembanyama,Rebotes (hitos),16+,0.0,3.15,player_rebounds_hito,REB,over,16,15.5,Victor Wembanyama 16+ REB,1,
ba5021a95773569a921f2b565cd7947c7c6e2e61,20260514_094005,2026-05-14T09:40:05-03:00,2026-05-14T12:40:05+00:00,betano,basketball,NBA,props_nba_20260514_094005.csv,Minnesota Timberwolves San Antonio Spurs,minnesota timberwolves san antonio spurs,Victor Wembanyama,victor wembanyama,Rebotes (hitos),18+,0.0,5.7,player_rebounds_hito,REB,over,18,17.5,Victor Wembanyama 18+ REB,1,
bc9e43b0f20ca58f8018bec65e84d0500da3c070,20260514_094005,2026-05-14T09:40:05-03:00,2026-05-14T12:40:05+00:00,betano,basketball,NBA,props_nba_20260514_094005.csv,Minnesota Timberwolves San Antonio Spurs,minnesota timberwolves san antonio spurs,Victor Wembanyama,victor wembanyama,Rebotes (hitos),20+,0.0,10,player_rebounds_hito,REB,over,20,19.5,Victor Wembanyama 20+ REB,1,
cf0bee9fed5b889c21f4aaeed576a0a3c2d0da07,20260514_094005,2026-05-14T09:40:05-03:00,2026-05-14T12:40:05+00:00,betano,basketball,NBA,props_nba_20260514_094005.csv,Minnesota Timberwolves San Antonio Spurs,minnesota timberwolves san antonio spurs,Victor Wembanyama,victor wembanyama,Rebotes (hitos),22+,0.0,15.5,player_rebounds_hito,REB,over,22,21.5,Victor Wembanyama 22+ REB,1,
e2166d89087655db50a9d36d70d6218af7d54ee4,20260514_094005,2026-05-14T09:40:05-03:00,2026-05-14T12:40:05+00:00,betano,basketball,NBA,props_nba_20260514_094005.csv,Minnesota Timberwolves San Antonio Spurs,minnesota timberwolves san antonio spurs,Victor Wembanyama,victor wembanyama,Rebotes (hitos),24+,0.0,18.5,player_rebounds_hito,REB,over,24,23.5,Victor Wembanyama 24+ REB,1,
6adf42cd21d7dea0daadb721a2a2dd4f9700c512,20260514_094005,2026-05-14T09:40:05-03:00,2026-05-14T12:40:05+00:00,betano,basketball,NBA,props_nba_20260514_094005.csv,Minnesota Timberwolves San Antonio Spurs,minnesota timberwolves san antonio spurs,Rudy Gobert,rudy gobert,Rebotes (hitos),8+,0.0,1.44,player_rebounds_hito,REB,over,8,7.5,Rudy Gobert 8+ REB,1,
42f867b4b8efa1e3ed9c765e5926d99e8fab2558,20260514_094005,2026-05-14T09:40:05-03:00,2026-05-14T12:40:05+00:00,betano,basketball,NBA,props_nba_20260514_094005.csv,Minnesota Timberwolves San Antonio Spurs,minnesota timberwolves san antonio spurs,Rudy Gobert,rudy gobert,Rebotes (hitos),9+,0.0,1.78,player_rebounds_hito,REB,over,9,8.5,Rudy Gobert 9+ REB,1,
c4e207ecb34cc6b13b7e78780395ee83c9300aae,20260514_094005,2026-05-14T09:40:05-03:00,2026-05-14T12:40:05+00:00,betano,basketball,NBA,props_nba_20260514_094005.csv,Minnesota Timberwolves San Antonio Spurs,minnesota timberwolves san antonio spurs,Rudy Gobert,rudy gobert,Rebotes (hitos),10+,0.0,2.15,player_rebounds_hito,REB,over,10,9.5,Rudy Gobert 10+ REB,1,
6bc9098509336513ef171767c4c13956caffb14e,20260514_094005,2026-05-14T09:40:05-03:00,2026-05-14T12:40:05+00:00,betano,basketball,NBA,props_nba_20260514_094005.csv,Minnesota Timberwolves San Antonio Spurs,minnesota timberwolves san antonio spurs,Rudy Gobert,rudy gobert,Rebotes (hitos),11+,0.0,2.87,player_rebounds_hito,REB,over,11,10.5,Rudy Gobert 11+ REB,1,
f146871cc31cd88191a190f50b0170a16224272b,20260514_094005,2026-05-14T09:40:05-03:00,2026-05-14T12:40:05+00:00,betano,basketball,NBA,props_nba_20260514_094005.csv,Minnesota Timberwolves San Antonio Spurs,minnesota timberwolves san antonio spurs,Rudy Gobert,rudy gobert,Rebotes (hitos),12+,0.0,3.5,player_rebounds_hito,REB,over,12,11.5,Rudy Gobert 12+ REB,1,
15f557c3a6793a60556ee6fd009608248e71e39b,20260514_094005,2026-05-14T09:40:05-03:00,2026-05-14T12:40:05+00:00,betano,basketball,NBA,props_nba_20260514_094005.csv,Minnesota Timberwolves San Antonio Spurs,minnesota timberwolves san antonio spurs,Rudy Gobert,rudy gobert,Rebotes (hitos),13+,0.0,4.65,player_rebounds_hito,REB,over,13,12.5,Rudy Gobert 13+ REB,1,
6a23c6de120c7c6107a22dc131e1db23048ca08e,20260514_094005,2026-05-14T09:40:05-03:00,2026-05-14T12:40:05+00:00,betano,basketball,NBA,props_nba_20260514_094005.csv,Minnesota Timberwolves San Antonio Spurs,minnesota timberwolves san antonio spurs,Rudy Gobert,rudy gobert,Rebotes (hitos),14+,0.0,5.8,player_rebounds_hito,REB,over,14,13.5,Rudy Gobert 14+ REB,1,
d8ad68b10c77c8f089887a16183fa91c4fb63e4f,20260514_094005,2026-05-14T09:40:05-03:00,2026-05-14T12:40:05+00:00,betano,basketball,NBA,props_nba_20260514_094005.csv,Minnesota Timberwolves San Antonio Spurs,minnesota timberwolves san antonio spurs,Rudy Gobert,rudy gobert,Rebotes (hitos),15+,0.0,7,player_rebounds_hito,REB,over,15,14.5,Rudy Gobert 15+ REB,1,
c07975ec2503848f37ac58361fd136de5a27343c,20260514_094005,2026-05-14T09:40:05-03:00,2026-05-14T12:40:05+00:00,betano,basketball,NBA,props_nba_20260514_094005.csv,Minnesota Timberwolves San Antonio Spurs,minnesota timberwolves san antonio spurs,Naz Reid,naz reid,Rebotes (hitos),6+,0.0,1.35,player_rebounds_hito,REB,over,6,5.5,Naz Reid 6+ REB,1,
0602a25e59c170a4f8ac565a045004625a8be427,20260514_094005,2026-05-14T09:40:05-03:00,2026-05-14T12:40:05+00:00,betano,basketball,NBA,props_nba_20260514_094005.csv,Minnesota Timberwolves San Antonio Spurs,minnesota timberwolves san antonio spurs,Naz Reid,naz reid,Rebotes (hitos),7+,0.0,1.72,player_rebounds_hito,REB,over,7,6.5,Naz Reid 7+ REB,1,
cc852ce736268708b412bed715ba4429cf746d51,20260514_094005,2026-05-14T09:40:05-03:00,2026-05-14T12:40:05+00:00,betano,basketball,NBA,props_nba_20260514_094005.csv,Minnesota Timberwolves San Antonio Spurs,minnesota timberwolves san antonio spurs,Naz Reid,naz reid,Rebotes (hitos),8+,0.0,2.35,player_rebounds_hito,REB,over,8,7.5,Naz Reid 8+ REB,1,
6b16c16d4b5d813a91f76d883dc447dc0f930df8,20260514_094005,2026-05-14T09:40:05-03:00,2026-05-14T12:40:05+00:00,betano,basketball,NBA,props_nba_20260514_094005.csv,Minnesota Timberwolves San Antonio Spurs,minnesota timberwolves san antonio spurs,Naz Reid,naz reid,Rebotes (hitos),9+,0.0,3.4,player_rebounds_hito,REB,over,9,8.5,Naz Reid 9+ REB,1,
ab1956cc9514484dd5b758a274a2e3876087b3fb,20260514_094005,2026-05-14T09:40:05-03:00,2026-05-14T12:40:05+00:00,betano,basketball,NBA,props_nba_20260514_094005.csv,Minnesota Timberwolves San Antonio Spurs,minnesota timberwolves san antonio spurs,Naz Reid,naz reid,Rebotes (hitos),10+,0.0,5.1,player_rebounds_hito,REB,over,10,9.5,Naz Reid 10+ REB,1,
70fda142fd69a4478d252b2fb08a28a9e49c8a2f,20260514_094005,2026-05-14T09:40:05-03:00,2026-05-14T12:40:05+00:00,betano,basketball,NBA,props_nba_20260514_094005.csv,Minnesota Timberwolves San Antonio Spurs,minnesota timberwolves san antonio spurs,Naz Reid,naz reid,Rebotes (hitos),11+,0.0,7.6,player_rebounds_hito,REB,over,11,10.5,Naz Reid 11+ REB,1,
dc0d34e9a4d79ac5e1f187d131f12f62fd73e51e,20260514_094005,2026-05-14T09:40:05-03:00,2026-05-14T12:40:05+00:00,betano,basketball,NBA,props_nba_20260514_094005.csv,Minnesota Timberwolves San Antonio Spurs,minnesota timberwolves san antonio spurs,Naz Reid,naz reid,Rebotes (hitos),12+,0.0,10.75,player_rebounds_hito,REB,over,12,11.5,Naz Reid 12+ REB,1,
49bd1acd01437821399ed4b3eba2fefe49b92ff7,20260514_094005,2026-05-14T09:40:05-03:00,2026-05-14T12:40:05+00:00,betano,basketball,NBA,props_nba_20260514_094005.csv,Minnesota Timberwolves San Antonio Spurs,minnesota timberwolves san antonio spurs,Naz Reid,naz reid,Rebotes (hitos),13+,0.0,14,player_rebounds_hito,REB,over,13,12.5,Naz Reid 13+ REB,1,
b111eb896dd492eb6b82d8ee0fff5505471a934f,20260514_094005,2026-05-14T09:40:05-03:00,2026-05-14T12:40:05+00:00,betano,basketball,NBA,props_nba_20260514_094005.csv,Minnesota Timberwolves San Antonio Spurs,minnesota timberwolves san antonio spurs,Julius Randle,julius randle,Rebotes (hitos),6+,0.0,1.57,player_rebounds_hito,REB,over,6,5.5,Julius Randle 6+ REB,1,
76e4d34e0993b2781fc54421678d65d65706acfb,20260514_094005,2026-05-14T09:40:05-03:00,2026-05-14T12:40:05+00:00,betano,basketball,NBA,props_nba_20260514_094005.csv,Minnesota Timberwolves San Antonio Spurs,minnesota timberwolves san antonio spurs,Julius Randle,julius randle,Rebotes (hitos),7+,0.0,2.12,player_rebounds_hito,REB,over,7,6.5,Julius Randle 7+ REB,1,
a7bdb670bb27c5ff335825a1cce2c67c70c7ff2f,20260514_094005,2026-05-14T09:40:05-03:00,2026-05-14T12:40:05+00:00,betano,basketball,NBA,props_nba_20260514_094005.csv,Minnesota Timberwolves San Antonio Spurs,minnesota timberwolves san antonio spurs,Julius Randle,julius randle,Rebotes (hitos),8+,0.0,3.05,player_rebounds_hito,REB,over,8,7.5,Julius Randle 8+ REB,1,
d2c15709fce72e914176047a68306a6e6d1c81d3,20260514_094005,2026-05-14T09:40:05-03:00,2026-05-14T12:40:05+00:00,betano,basketball,NBA,props_nba_20260514_094005.csv,Minnesota Timberwolves San Antonio Spurs,minnesota timberwolves san antonio spurs,Julius Randle,julius randle,Rebotes (hitos),9+,0.0,4.6,player_rebounds_hito,REB,over,9,8.5,Julius Randle 9+ REB,1,
03f444f2f02df83326d2fe038de0d77517b6e2a0,20260514_094005,2026-05-14T09:40:05-03:00,2026-05-14T12:40:05+00:00,betano,basketball,NBA,props_nba_20260514_094005.csv,Minnesota Timberwolves San Antonio Spurs,minnesota timberwolves san antonio spurs,Julius Randle,julius randle,Rebotes (hitos),10+,0.0,7.2,player_rebounds_hito,REB,over,10,9.5,Julius Randle 10+ REB,1,
bf684b43ff60826e99a8439f902293ce7174fa9f,20260514_094005,2026-05-14T09:40:05-03:00,2026-05-14T12:40:05+00:00,betano,basketball,NBA,props_nba_20260514_094005.csv,Minnesota Timberwolves San Antonio Spurs,minnesota timberwolves san antonio spurs,Julius Randle,julius randle,Rebotes (hitos),11+,0.0,10.5,player_rebounds_hito,REB,over,11,10.5,Julius Randle 11+ REB,1,
68337afb0a83e51bb7d5b1f01294270f2915e3a7,20260514_094005,2026-05-14T09:40:05-03:00,2026-05-14T12:40:05+00:00,betano,basketball,NBA,props_nba_20260514_094005.csv,Minnesota Timberwolves San Antonio Spurs,minnesota timberwolves san antonio spurs,Julius Randle,julius randle,Rebotes (hitos),12+,0.0,14,player_rebounds_hito,REB,over,12,11.5,Julius Randle 12+ REB,1,
0e981ac3967f106dfb4389be22d24e4c9e1a36b0,20260514_094005,2026-05-14T09:40:05-03:00,2026-05-14T12:40:05+00:00,betano,basketball,NBA,props_nba_20260514_094005.csv,Minnesota Timberwolves San Antonio Spurs,minnesota timberwolves san antonio spurs,Julius Randle,julius randle,Rebotes (hitos),13+,0.0,17,player_rebounds_hito,REB,over,13,12.5,Julius Randle 13+ REB,1,
1c451bcd6522286748982b3e1ae51f1fd625e782,20260514_094005,2026-05-14T09:40:05-03:00,2026-05-14T12:40:05+00:00,betano,basketball,NBA,props_nba_20260514_094005.csv,Minnesota Timberwolves San Antonio Spurs,minnesota timberwolves san antonio spurs,Anthony Edwards,anthony edwards,Rebotes (hitos),5+,0.0,1.23,player_rebounds_hito,REB,over,5,4.5,Anthony Edwards 5+ REB,1,
8d66bed3bf5c279764a17207cb588e617c2611a8,20260514_094005,2026-05-14T09:40:05-03:00,2026-05-14T12:40:05+00:00,betano,basketball,NBA,props_nba_20260514_094005.csv,Minnesota Timberwolves San Antonio Spurs,minnesota timberwolves san antonio spurs,Anthony Edwards,anthony edwards,Rebotes (hitos),6+,0.0,1.53,player_rebounds_hito,REB,over,6,5.5,Anthony Edwards 6+ REB,1,
caccddd5fac7430e2ab47d302c32ad8e8182a84f,20260514_094005,2026-05-14T09:40:05-03:00,2026-05-14T12:40:05+00:00,betano,basketball,NBA,props_nba_20260514_094005.csv,Minnesota Timberwolves San Antonio Spurs,minnesota timberwolves san antonio spurs,Anthony Edwards,anthony edwards,Rebotes (hitos),7+,0.0,2.07,player_rebounds_hito,REB,over,7,6.5,Anthony Edwards 7+ REB,1,
8cab9434aa2fdef36f167cc1e09009dfe935c23d,20260514_094005,2026-05-14T09:40:05-03:00,2026-05-14T12:40:05+00:00,betano,basketball,NBA,props_nba_20260514_094005.csv,Minnesota Timberwolves San Antonio Spurs,minnesota timberwolves san antonio spurs,Anthony Edwards,anthony edwards,Rebotes (hitos),8+,0.0,2.92,player_rebounds_hito,REB,over,8,7.5,Anthony Edwards 8+ REB,1,
a9544251d12483e2a428608cf820b59e3a77f9ce,20260514_094005,2026-05-14T09:40:05-03:00,2026-05-14T12:40:05+00:00,betano,basketball,NBA,props_nba_20260514_094005.csv,Minnesota Timberwolves San Antonio Spurs,minnesota timberwolves san antonio spurs,Anthony Edwards,anthony edwards,Rebotes (hitos),9+,0.0,4.15,player_rebounds_hito,REB,over,9,8.5,Anthony Edwards 9+ REB,1,
ef16aa050d341a0faa56064f8200c8475a68ca28,20260514_094005,2026-05-14T09:40:05-03:00,2026-05-14T12:40:05+00:00,betano,basketball,NBA,props_nba_20260514_094005.csv,Minnesota Timberwolves San Antonio Spurs,minnesota timberwolves san antonio spurs,Anthony Edwards,anthony edwards,Rebotes (hitos),10+,0.0,5.6,player_rebounds_hito,REB,over,10,9.5,Anthony Edwards 10+ REB,1,
a715c9bd3629183db365a43242425de20a0bd27d,20260514_094005,2026-05-14T09:40:05-03:00,2026-05-14T12:40:05+00:00,betano,basketball,NBA,props_nba_20260514_094005.csv,Minnesota Timberwolves San Antonio Spurs,minnesota timberwolves san antonio spurs,Jaden McDaniels,jaden mcdaniels,Rebotes (hitos),5+,0.0,1.5,player_rebounds_hito,REB,over,5,4.5,Jaden McDaniels 5+ REB,1,
5412fa516d2f8968e0187afb99b03c9e642a57f8,20260514_094005,2026-05-14T09:40:05-03:00,2026-05-14T12:40:05+00:00,betano,basketball,NBA,props_nba_20260514_094005.csv,Minnesota Timberwolves San Antonio Spurs,minnesota timberwolves san antonio spurs,Jaden McDaniels,jaden mcdaniels,Rebotes (hitos),6+,0.0,2.05,player_rebounds_hito,REB,over,6,5.5,Jaden McDaniels 6+ REB,1,
e5474eb0325cb3896e22c250f405e3bcb0f88f85,20260514_094005,2026-05-14T09:40:05-03:00,2026-05-14T12:40:05+00:00,betano,basketball,NBA,props_nba_20260514_094005.csv,Minnesota Timberwolves San Antonio Spurs,minnesota timberwolves san antonio spurs,Jaden McDaniels,jaden mcdaniels,Rebotes (hitos),7+,0.0,3.05,player_rebounds_hito,REB,over,7,6.5,Jaden McDaniels 7+ REB,1,
e4a48c92c755e53266e75cda3d830ed555e83e20,20260514_094005,2026-05-14T09:40:05-03:00,2026-05-14T12:40:05+00:00,betano,basketball,NBA,props_nba_20260514_094005.csv,Minnesota Timberwolves San Antonio Spurs,minnesota timberwolves san antonio spurs,Jaden McDaniels,jaden mcdaniels,Rebotes (hitos),8+,0.0,4.75,player_rebounds_hito,REB,over,8,7.5,Jaden McDaniels 8+ REB,1,
9e0332a8a56e7adb094b0263ce18f963d743473d,20260514_094005,2026-05-14T09:40:05-03:00,2026-05-14T12:40:05+00:00,betano,basketball,NBA,props_nba_20260514_094005.csv,Minnesota Timberwolves San Antonio Spurs,minnesota timberwolves san antonio spurs,Jaden McDaniels,jaden mcdaniels,Rebotes (hitos),9+,0.0,7.6,player_rebounds_hito,REB,over,9,8.5,Jaden McDaniels 9+ REB,1,
bb1e1356bf992a108fd51e096a986df4b0fdafbf,20260514_094005,2026-05-14T09:40:05-03:00,2026-05-14T12:40:05+00:00,betano,basketball,NBA,props_nba_20260514_094005.csv,Minnesota Timberwolves San Antonio Spurs,minnesota timberwolves san antonio spurs,Jaden McDaniels,jaden mcdaniels,Rebotes (hitos),10+,0.0,11.25,player_rebounds_hito,REB,over,10,9.5,Jaden McDaniels 10+ REB,1,
04119dc5b1ba38b0be2d3e7287aa0e4df96e0cec,20260514_094005,2026-05-14T09:40:05-03:00,2026-05-14T12:40:05+00:00,betano,basketball,NBA,props_nba_20260514_094005.csv,Minnesota Timberwolves San Antonio Spurs,minnesota timberwolves san antonio spurs,Julian Champagnie,julian champagnie,Rebotes (hitos),5+,0.0,1.53,player_rebounds_hito,REB,over,5,4.5,Julian Champagnie 5+ REB,1,
7022e75f2c17af21bf8069db0657c807999b635b,20260514_094005,2026-05-14T09:40:05-03:00,2026-05-14T12:40:05+00:00,betano,basketball,NBA,props_nba_20260514_094005.csv,Minnesota Timberwolves San Antonio Spurs,minnesota timberwolves san antonio spurs,Julian Champagnie,julian champagnie,Rebotes (hitos),6+,0.0,2.12,player_rebounds_hito,REB,over,6,5.5,Julian Champagnie 6+ REB,1,
b9cc53d24eba9c455cd58c3b806971ab44eae854,20260514_094005,2026-05-14T09:40:05-03:00,2026-05-14T12:40:05+00:00,betano,basketball,NBA,props_nba_20260514_094005.csv,Minnesota Timberwolves San Antonio Spurs,minnesota timberwolves san antonio spurs,Julian Champagnie,julian champagnie,Rebotes (hitos),7+,0.0,3.15,player_rebounds_hito,REB,over,7,6.5,Julian Champagnie 7+ REB,1,
87a90edb21791a684854ed7919cc967463a511f1,20260514_094005,2026-05-14T09:40:05-03:00,2026-05-14T12:40:05+00:00,betano,basketball,NBA,props_nba_20260514_094005.csv,Minnesota Timberwolves San Antonio Spurs,minnesota timberwolves san antonio spurs,Julian Champagnie,julian champagnie,Rebotes (hitos),8+,0.0,4.9,player_rebounds_hito,REB,over,8,7.5,Julian Champagnie 8+ REB,1,
6943b2ff88b2b955f88409469b89fafea278308a,20260514_094005,2026-05-14T09:40:05-03:00,2026-05-14T12:40:05+00:00,betano,basketball,NBA,props_nba_20260514_094005.csv,Minnesota Timberwolves San Antonio Spurs,minnesota timberwolves san antonio spurs,Julian Champagnie,julian champagnie,Rebotes (hitos),9+,0.0,7.7,player_rebounds_hito,REB,over,9,8.5,Julian Champagnie 9+ REB,1,
016ccd4f72ca47189f784259c509a2269ba07f19,20260514_094005,2026-05-14T09:40:05-03:00,2026-05-14T12:40:05+00:00,betano,basketball,NBA,props_nba_20260514_094005.csv,Minnesota Timberwolves San Antonio Spurs,minnesota timberwolves san antonio spurs,Julian Champagnie,julian champagnie,Rebotes (hitos),10+,0.0,11.5,player_rebounds_hito,REB,over,10,9.5,Julian Champagnie 10+ REB,1,
8b10c909b894fd6fcf6531009fc82e269c899007,20260514_094005,2026-05-14T09:40:05-03:00,2026-05-14T12:40:05+00:00,betano,basketball,NBA,props_nba_20260514_094005.csv,Minnesota Timberwolves San Antonio Spurs,minnesota timberwolves san antonio spurs,Stephon Castle,stephon castle,Rebotes (hitos),4+,0.0,1.21,player_rebounds_hito,REB,over,4,3.5,Stephon Castle 4+ REB,1,
52089a436f508c47a106c5531071a06392b85971,20260514_094005,2026-05-14T09:40:05-03:00,2026-05-14T12:40:05+00:00,betano,basketball,NBA,props_nba_20260514_094005.csv,Minnesota Timberwolves San Antonio Spurs,minnesota timberwolves san antonio spurs,Stephon Castle,stephon castle,Rebotes (hitos),5+,0.0,1.55,player_rebounds_hito,REB,over,5,4.5,Stephon Castle 5+ REB,1,
72b9985648fb6ae18a7870b3f752d23a628724ce,20260514_094005,2026-05-14T09:40:05-03:00,2026-05-14T12:40:05+00:00,betano,basketball,NBA,props_nba_20260514_094005.csv,Minnesota Timberwolves San Antonio Spurs,minnesota timberwolves san antonio spurs,Stephon Castle,stephon castle,Rebotes (hitos),6+,0.0,2.12,player_rebounds_hito,REB,over,6,5.5,Stephon Castle 6+ REB,1,
e2fa2ae4ac6a3950443f1ac9fd8bf6e3c25cc203,20260514_094005,2026-05-14T09:40:05-03:00,2026-05-14T12:40:05+00:00,betano,basketball,NBA,props_nba_20260514_094005.csv,Minnesota Timberwolves San Antonio Spurs,minnesota timberwolves san antonio spurs,Stephon Castle,stephon castle,Rebotes (hitos),7+,0.0,3.15,player_rebounds_hito,REB,over,7,6.5,Stephon Castle 7+ REB,1,
380bd283db991e1ce9102cd9e60741d92f802c31,20260514_094005,2026-05-14T09:40:05-03:00,2026-05-14T12:40:05+00:00,betano,basketball,NBA,props_nba_20260514_094005.csv,Minnesota Timberwolves San Antonio Spurs,minnesota timberwolves san antonio spurs,Stephon Castle,stephon castle,Rebotes (hitos),8+,0.0,4.6,player_rebounds_hito,REB,over,8,7.5,Stephon Castle 8+ REB,1,
ac773a3959127f26a24038617eeac943b350b8ef,20260514_094005,2026-05-14T09:40:05-03:00,2026-05-14T12:40:05+00:00,betano,basketball,NBA,props_nba_20260514_094005.csv,Minnesota Timberwolves San Antonio Spurs,minnesota timberwolves san antonio spurs,Stephon Castle,stephon castle,Rebotes (hitos),9+,0.0,6.5,player_rebounds_hito,REB,over,9,8.5,Stephon Castle 9+ REB,1,
8eda3017cd1c7c6e185a5f852e3787a739254d53,20260514_094005,2026-05-14T09:40:05-03:00,2026-05-14T12:40:05+00:00,betano,basketball,NBA,props_nba_20260514_094005.csv,Minnesota Timberwolves San Antonio Spurs,minnesota timberwolves san antonio spurs,Dylan Harper,dylan harper,Rebotes (hitos),3+,0.0,1.17,player_rebounds_hito,REB,over,3,2.5,Dylan Harper 3+ REB,1,
0614b98f8ac7eba83f515dfeddab855d5825ef0f,20260514_094005,2026-05-14T09:40:05-03:00,2026-05-14T12:40:05+00:00,betano,basketball,NBA,props_nba_20260514_094005.csv,Minnesota Timberwolves San Antonio Spurs,minnesota timberwolves san antonio spurs,Dylan Harper,dylan harper,Rebotes (hitos),4+,0.0,1.53,player_rebounds_hito,REB,over,4,3.5,Dylan Harper 4+ REB,1,
95ae9e494be0357ca246d78516c26f0588037c69,20260514_094005,2026-05-14T09:40:05-03:00,2026-05-14T12:40:05+00:00,betano,basketball,NBA,props_nba_20260514_094005.csv,Minnesota Timberwolves San Antonio Spurs,minnesota timberwolves san antonio spurs,Dylan Harper,dylan harper,Rebotes (hitos),5+,0.0,2.2,player_rebounds_hito,REB,over,5,4.5,Dylan Harper 5+ REB,1,
ea659b914607b4d68d9591ca9bc0f271615dcc95,20260514_094005,2026-05-14T09:40:05-03:00,2026-05-14T12:40:05+00:00,betano,basketball,NBA,props_nba_20260514_094005.csv,Minnesota Timberwolves San Antonio Spurs,minnesota timberwolves san antonio spurs,Dylan Harper,dylan harper,Rebotes (hitos),6+,0.0,3.35,player_rebounds_hito,REB,over,6,5.5,Dylan Harper 6+ REB,1,
3800b1cdb63803a900086cc47205c01b05d66b11,20260514_094005,2026-05-14T09:40:05-03:00,2026-05-14T12:40:05+00:00,betano,basketball,NBA,props_nba_20260514_094005.csv,Minnesota Timberwolves San Antonio Spurs,minnesota timberwolves san antonio spurs,Dylan Harper,dylan harper,Rebotes (hitos),7+,0.0,5.2,player_rebounds_hito,REB,over,7,6.5,Dylan Harper 7+ REB,1,
141cce514ebd463ece48ed6bb923ed1fb92e650a,20260514_094005,2026-05-14T09:40:05-03:00,2026-05-14T12:40:05+00:00,betano,basketball,NBA,props_nba_20260514_094005.csv,Minnesota Timberwolves San Antonio Spurs,minnesota timberwolves san antonio spurs,Dylan Harper,dylan harper,Rebotes (hitos),8+,0.0,7.4,player_rebounds_hito,REB,over,8,7.5,Dylan Harper 8+ REB,1,
8a5d4c7269ed0605ed3ebe85b470a22b497607e7,20260514_094005,2026-05-14T09:40:05-03:00,2026-05-14T12:40:05+00:00,betano,basketball,NBA,props_nba_20260514_094005.csv,Minnesota Timberwolves San Antonio Spurs,minnesota timberwolves san antonio spurs,Devin Vassell,devin vassell,Rebotes (hitos),3+,0.0,1.2,player_rebounds_hito,REB,over,3,2.5,Devin Vassell 3+ REB,1,
470b5bbc459e847ff02064c27317f84abe97aeb6,20260514_094005,2026-05-14T09:40:05-03:00,2026-05-14T12:40:05+00:00,betano,basketball,NBA,props_nba_20260514_094005.csv,Minnesota Timberwolves San Antonio Spurs,minnesota timberwolves san antonio spurs,Devin Vassell,devin vassell,Rebotes (hitos),4+,0.0,1.55,player_rebounds_hito,REB,over,4,3.5,Devin Vassell 4+ REB,1,
1f942b544a7f42bb29a99232e6227382be16f5d8,20260514_094005,2026-05-14T09:40:05-03:00,2026-05-14T12:40:05+00:00,betano,basketball,NBA,props_nba_20260514_094005.csv,Minnesota Timberwolves San Antonio Spurs,minnesota timberwolves san antonio spurs,Devin Vassell,devin vassell,Rebotes (hitos),5+,0.0,2.25,player_rebounds_hito,REB,over,5,4.5,Devin Vassell 5+ REB,1,
62c6716355cc061c907b27d23108baf1892a5494,20260514_094005,2026-05-14T09:40:05-03:00,2026-05-14T12:40:05+00:00,betano,basketball,NBA,props_nba_20260514_094005.csv,Minnesota Timberwolves San Antonio Spurs,minnesota timberwolves san antonio spurs,Devin Vassell,devin vassell,Rebotes (hitos),6+,0.0,3.55,player_rebounds_hito,REB,over,6,5.5,Devin Vassell 6+ REB,1,
d3eb3d0532efeb15cf7ea7863bff182fe62d39a5,20260514_094005,2026-05-14T09:40:05-03:00,2026-05-14T12:40:05+00:00,betano,basketball,NBA,props_nba_20260514_094005.csv,Minnesota Timberwolves San Antonio Spurs,minnesota timberwolves san antonio spurs,Devin Vassell,devin vassell,Rebotes (hitos),7+,0.0,5.8,player_rebounds_hito,REB,over,7,6.5,Devin Vassell 7+ REB,1,
7fcf2c84a8c4424be5d1238932981e70f15820ec,20260514_094005,2026-05-14T09:40:05-03:00,2026-05-14T12:40:05+00:00,betano,basketball,NBA,props_nba_20260514_094005.csv,Minnesota Timberwolves San Antonio Spurs,minnesota timberwolves san antonio spurs,Devin Vassell,devin vassell,Rebotes (hitos),8+,0.0,9.5,player_rebounds_hito,REB,over,8,7.5,Devin Vassell 8+ REB,1,
a870426bcd4ba952a28b28aa362a2a87c8c6deca,20260514_094005,2026-05-14T09:40:05-03:00,2026-05-14T12:40:05+00:00,betano,basketball,NBA,props_nba_20260514_094005.csv,Minnesota Timberwolves San Antonio Spurs,minnesota timberwolves san antonio spurs,Ayo Dosunmu,ayo dosunmu,Rebotes (hitos),3+,0.0,1.24,player_rebounds_hito,REB,over,3,2.5,Ayo Dosunmu 3+ REB,1,
c9d713eafc55dcb3103fd944d45e2676eae2f3fb,20260514_094005,2026-05-14T09:40:05-03:00,2026-05-14T12:40:05+00:00,betano,basketball,NBA,props_nba_20260514_094005.csv,Minnesota Timberwolves San Antonio Spurs,minnesota timberwolves san antonio spurs,Ayo Dosunmu,ayo dosunmu,Rebotes (hitos),4+,0.0,1.67,player_rebounds_hito,REB,over,4,3.5,Ayo Dosunmu 4+ REB,1,
b8ff1bc31bb491b426d60bcbd5ec39f59815b45f,20260514_094005,2026-05-14T09:40:05-03:00,2026-05-14T12:40:05+00:00,betano,basketball,NBA,props_nba_20260514_094005.csv,Minnesota Timberwolves San Antonio Spurs,minnesota timberwolves san antonio spurs,Ayo Dosunmu,ayo dosunmu,Rebotes (hitos),5+,0.0,2.47,player_rebounds_hito,REB,over,5,4.5,Ayo Dosunmu 5+ REB,1,
42394f71da1c91a524f28776432bc41f01f5dbdb,20260514_094005,2026-05-14T09:40:05-03:00,2026-05-14T12:40:05+00:00,betano,basketball,NBA,props_nba_20260514_094005.csv,Minnesota Timberwolves San Antonio Spurs,minnesota timberwolves san antonio spurs,Ayo Dosunmu,ayo dosunmu,Rebotes (hitos),6+,0.0,4,player_rebounds_hito,REB,over,6,5.5,Ayo Dosunmu 6+ REB,1,
cef642eb31ee561b69aeb40ef3d02bf4f3d76017,20260514_094005,2026-05-14T09:40:05-03:00,2026-05-14T12:40:05+00:00,betano,basketball,NBA,props_nba_20260514_094005.csv,Minnesota Timberwolves San Antonio Spurs,minnesota timberwolves san antonio spurs,Ayo Dosunmu,ayo dosunmu,Rebotes (hitos),7+,0.0,6.7,player_rebounds_hito,REB,over,7,6.5,Ayo Dosunmu 7+ REB,1,
bd038207c38a05b553584b3c4259118b4a5444ef,20260514_094005,2026-05-14T09:40:05-03:00,2026-05-14T12:40:05+00:00,betano,basketball,NBA,props_nba_20260514_094005.csv,Minnesota Timberwolves San Antonio Spurs,minnesota timberwolves san antonio spurs,Ayo Dosunmu,ayo dosunmu,Rebotes (hitos),8+,0.0,10.5,player_rebounds_hito,REB,over,8,7.5,Ayo Dosunmu 8+ REB,1,
28986a676354010e070aab56abd9fc306417bd14,20260514_094005,2026-05-14T09:40:05-03:00,2026-05-14T12:40:05+00:00,betano,basketball,NBA,props_nba_20260514_094005.csv,Minnesota Timberwolves San Antonio Spurs,minnesota timberwolves san antonio spurs,De'Aaron Fox,de aaron fox,Rebotes (hitos),3+,0.0,1.33,player_rebounds_hito,REB,over,3,2.5,De'Aaron Fox 3+ REB,1,
6541d6d070c94a926e8f598df97dd521cb364ba0,20260514_094005,2026-05-14T09:40:05-03:00,2026-05-14T12:40:05+00:00,betano,basketball,NBA,props_nba_20260514_094005.csv,Minnesota Timberwolves San Antonio Spurs,minnesota timberwolves san antonio spurs,De'Aaron Fox,de aaron fox,Rebotes (hitos),4+,0.0,1.87,player_rebounds_hito,REB,over,4,3.5,De'Aaron Fox 4+ REB,1,
84f6d80c15a893cc3b4bd7db49511cb684f29bda,20260514_094005,2026-05-14T09:40:05-03:00,2026-05-14T12:40:05+00:00,betano,basketball,NBA,props_nba_20260514_094005.csv,Minnesota Timberwolves San Antonio Spurs,minnesota timberwolves san antonio spurs,De'Aaron Fox,de aaron fox,Rebotes (hitos),5+,0.0,2.95,player_rebounds_hito,REB,over,5,4.5,De'Aaron Fox 5+ REB,1,
fd5c55fc081d0c5b8b54b0920b941d63aacb0c35,20260514_094005,2026-05-14T09:40:05-03:00,2026-05-14T12:40:05+00:00,betano,basketball,NBA,props_nba_20260514_094005.csv,Minnesota Timberwolves San Antonio Spurs,minnesota timberwolves san antonio spurs,De'Aaron Fox,de aaron fox,Rebotes (hitos),6+,0.0,5,player_rebounds_hito,REB,over,6,5.5,De'Aaron Fox 6+ REB,1,
0da617c10ca83db687027786f11f1a9194259c07,20260514_094005,2026-05-14T09:40:05-03:00,2026-05-14T12:40:05+00:00,betano,basketball,NBA,props_nba_20260514_094005.csv,Minnesota Timberwolves San Antonio Spurs,minnesota timberwolves san antonio spurs,De'Aaron Fox,de aaron fox,Rebotes (hitos),7+,0.0,8.5,player_rebounds_hito,REB,over,7,6.5,De'Aaron Fox 7+ REB,1,
fc8bebe8661c4ac0c60b71cda27a6d4e421fd47d,20260514_094005,2026-05-14T09:40:05-03:00,2026-05-14T12:40:05+00:00,betano,basketball,NBA,props_nba_20260514_094005.csv,Minnesota Timberwolves San Antonio Spurs,minnesota timberwolves san antonio spurs,De'Aaron Fox,de aaron fox,Rebotes (hitos),8+,0.0,13,player_rebounds_hito,REB,over,8,7.5,De'Aaron Fox 8+ REB,1,
5e6c634e8e4d62235533410b31f3681c042cc9a2,20260514_094005,2026-05-14T09:40:05-03:00,2026-05-14T12:40:05+00:00,betano,basketball,NBA,props_nba_20260514_094005.csv,Minnesota Timberwolves San Antonio Spurs,minnesota timberwolves san antonio spurs,Keldon Johnson,keldon johnson,Rebotes (hitos),3+,0.0,1.38,player_rebounds_hito,REB,over,3,2.5,Keldon Johnson 3+ REB,1,
7df7962dfb16b8ac9c90b4563db795b798431487,20260514_094005,2026-05-14T09:40:05-03:00,2026-05-14T12:40:05+00:00,betano,basketball,NBA,props_nba_20260514_094005.csv,Minnesota Timberwolves San Antonio Spurs,minnesota timberwolves san antonio spurs,Keldon Johnson,keldon johnson,Rebotes (hitos),4+,0.0,1.98,player_rebounds_hito,REB,over,4,3.5,Keldon Johnson 4+ REB,1,
53734b618e59e182e088603ae8a997ad78e55c9e,20260514_094005,2026-05-14T09:40:05-03:00,2026-05-14T12:40:05+00:00,betano,basketball,NBA,props_nba_20260514_094005.csv,Minnesota Timberwolves San Antonio Spurs,minnesota timberwolves san antonio spurs,Keldon Johnson,keldon johnson,Rebotes (hitos),5+,0.0,3.2,player_rebounds_hito,REB,over,5,4.5,Keldon Johnson 5+ REB,1,
32da45797768e7ae1ed2efbcab08834cc3d20d23,20260514_094005,2026-05-14T09:40:05-03:00,2026-05-14T12:40:05+00:00,betano,basketball,NBA,props_nba_20260514_094005.csv,Minnesota Timberwolves San Antonio Spurs,minnesota timberwolves san antonio spurs,Keldon Johnson,keldon johnson,Rebotes (hitos),6+,0.0,5.5,player_rebounds_hito,REB,over,6,5.5,Keldon Johnson 6+ REB,1,
d898b0f05e276d23ad336ac585c3b98495a2d660,20260514_094005,2026-05-14T09:40:05-03:00,2026-05-14T12:40:05+00:00,betano,basketball,NBA,props_nba_20260514_094005.csv,Minnesota Timberwolves San Antonio Spurs,minnesota timberwolves san antonio spurs,Keldon Johnson,keldon johnson,Rebotes (hitos),7+,0.0,9.25,player_rebounds_hito,REB,over,7,6.5,Keldon Johnson 7+ REB,1,
9289191b3abc8e5d4d31909f9864728c413a25f1,20260514_094005,2026-05-14T09:40:05-03:00,2026-05-14T12:40:05+00:00,betano,basketball,NBA,props_nba_20260514_094005.csv,Minnesota Timberwolves San Antonio Spurs,minnesota timberwolves san antonio spurs,Keldon Johnson,keldon johnson,Rebotes (hitos),8+,0.0,14,player_rebounds_hito,REB,over,8,7.5,Keldon Johnson 8+ REB,1,
2ef9be281feb597c25f0ac9bb4c67e7bd7d9944d,20260514_094005,2026-05-14T09:40:05-03:00,2026-05-14T12:40:05+00:00,betano,basketball,NBA,props_nba_20260514_094005.csv,Minnesota Timberwolves San Antonio Spurs,minnesota timberwolves san antonio spurs,Luke Kornet,luke kornet,Rebotes (hitos),2+,0.0,1.19,player_rebounds_hito,REB,over,2,1.5,Luke Kornet 2+ REB,1,
5da96296dad04160018b04dad4ccc78d0e61f74b,20260514_094005,2026-05-14T09:40:05-03:00,2026-05-14T12:40:05+00:00,betano,basketball,NBA,props_nba_20260514_094005.csv,Minnesota Timberwolves San Antonio Spurs,minnesota timberwolves san antonio spurs,Luke Kornet,luke kornet,Rebotes (hitos),3+,0.0,1.67,player_rebounds_hito,REB,over,3,2.5,Luke Kornet 3+ REB,1,
3f427fb88b156a4dc83278265d3adf4cb43abc92,20260514_094005,2026-05-14T09:40:05-03:00,2026-05-14T12:40:05+00:00,betano,basketball,NBA,props_nba_20260514_094005.csv,Minnesota Timberwolves San Antonio Spurs,minnesota timberwolves san antonio spurs,Luke Kornet,luke kornet,Rebotes (hitos),4+,0.0,2.67,player_rebounds_hito,REB,over,4,3.5,Luke Kornet 4+ REB,1,
fa74b62a2b8044244a752e2543ec80a6d4b52e9f,20260514_094005,2026-05-14T09:40:05-03:00,2026-05-14T12:40:05+00:00,betano,basketball,NBA,props_nba_20260514_094005.csv,Minnesota Timberwolves San Antonio Spurs,minnesota timberwolves san antonio spurs,Luke Kornet,luke kornet,Rebotes (hitos),5+,0.0,4.75,player_rebounds_hito,REB,over,5,4.5,Luke Kornet 5+ REB,1,
985175dd7b0c7b073df3e62128daba911be922c5,20260514_094005,2026-05-14T09:40:05-03:00,2026-05-14T12:40:05+00:00,betano,basketball,NBA,props_nba_20260514_094005.csv,Minnesota Timberwolves San Antonio Spurs,minnesota timberwolves san antonio spurs,Terrence Shannon Jr.,terrence shannon jr,Rebotes (hitos),2+,0.0,1.4,player_rebounds_hito,REB,over,2,1.5,Terrence Shannon Jr. 2+ REB,1,
a16aed9cdb8bac3fabf8db40c37b059e52b03599,20260514_094005,2026-05-14T09:40:05-03:00,2026-05-14T12:40:05+00:00,betano,basketball,NBA,props_nba_20260514_094005.csv,Minnesota Timberwolves San Antonio Spurs,minnesota timberwolves san antonio spurs,Terrence Shannon Jr.,terrence shannon jr,Rebotes (hitos),3+,0.0,2.22,player_rebounds_hito,REB,over,3,2.5,Terrence Shannon Jr. 3+ REB,1,
2100088cde6a260c0cb561087973e8ba6593898c,20260514_094005,2026-05-14T09:40:05-03:00,2026-05-14T12:40:05+00:00,betano,basketball,NBA,props_nba_20260514_094005.csv,Minnesota Timberwolves San Antonio Spurs,minnesota timberwolves san antonio spurs,Terrence Shannon Jr.,terrence shannon jr,Rebotes (hitos),4+,0.0,4.1,player_rebounds_hito,REB,over,4,3.5,Terrence Shannon Jr. 4+ REB,1,
209a23a035914ae64dfc9acabe112528253357a7,20260514_094005,2026-05-14T09:40:05-03:00,2026-05-14T12:40:05+00:00,betano,basketball,NBA,props_nba_20260514_094005.csv,Minnesota Timberwolves San Antonio Spurs,minnesota timberwolves san antonio spurs,Terrence Shannon Jr.,terrence shannon jr,Rebotes (hitos),5+,0.0,7.9,player_rebounds_hito,REB,over,5,4.5,Terrence Shannon Jr. 5+ REB,1,
4ce523bec6b67fa8e01f5f28f128d9c4936a39ff,20260514_094005,2026-05-14T09:40:05-03:00,2026-05-14T12:40:05+00:00,betano,basketball,NBA,props_nba_20260514_094005.csv,Minnesota Timberwolves San Antonio Spurs,minnesota timberwolves san antonio spurs,Carter Bryant,carter bryant,Rebotes (hitos),1+,0.0,1.12,player_rebounds_hito,REB,over,1,0.5,Carter Bryant 1+ REB,1,
7375280ca2043ed98b663cd62204ced597fc3563,20260514_094005,2026-05-14T09:40:05-03:00,2026-05-14T12:40:05+00:00,betano,basketball,NBA,props_nba_20260514_094005.csv,Minnesota Timberwolves San Antonio Spurs,minnesota timberwolves san antonio spurs,Carter Bryant,carter bryant,Rebotes (hitos),2+,0.0,1.67,player_rebounds_hito,REB,over,2,1.5,Carter Bryant 2+ REB,1,
4354ff75dffec04eaa8b148d14a600fe356a654b,20260514_094005,2026-05-14T09:40:05-03:00,2026-05-14T12:40:05+00:00,betano,basketball,NBA,props_nba_20260514_094005.csv,Minnesota Timberwolves San Antonio Spurs,minnesota timberwolves san antonio spurs,Carter Bryant,carter bryant,Rebotes (hitos),3+,0.0,3.1,player_rebounds_hito,REB,over,3,2.5,Carter Bryant 3+ REB,1,
4cf6c85ca2eeba19f4051bd0072231e556fcb7d0,20260514_094005,2026-05-14T09:40:05-03:00,2026-05-14T12:40:05+00:00,betano,basketball,NBA,props_nba_20260514_094005.csv,Minnesota Timberwolves San Antonio Spurs,minnesota timberwolves san antonio spurs,Carter Bryant,carter bryant,Rebotes (hitos),4+,0.0,6.4,player_rebounds_hito,REB,over,4,3.5,Carter Bryant 4+ REB,1,
b4ee63315d5d8b824b8079d2e635a76c8d8989a7,20260514_094005,2026-05-14T09:40:05-03:00,2026-05-14T12:40:05+00:00,betano,basketball,NBA,props_nba_20260514_094005.csv,Minnesota Timberwolves San Antonio Spurs,minnesota timberwolves san antonio spurs,Mike Conley,mike conley,Rebotes (hitos),1+,0.0,1.29,player_rebounds_hito,REB,over,1,0.5,Mike Conley 1+ REB,1,
6745622ce2c8cd81895133074820f21f4171f9ee,20260514_094005,2026-05-14T09:40:05-03:00,2026-05-14T12:40:05+00:00,betano,basketball,NBA,props_nba_20260514_094005.csv,Minnesota Timberwolves San Antonio Spurs,minnesota timberwolves san antonio spurs,Mike Conley,mike conley,Rebotes (hitos),2+,0.0,2.35,player_rebounds_hito,REB,over,2,1.5,Mike Conley 2+ REB,1,
c7cecfb22913ba9aea91d6b20b0a7120c08d59f6,20260514_094005,2026-05-14T09:40:05-03:00,2026-05-14T12:40:05+00:00,betano,basketball,NBA,props_nba_20260514_094005.csv,Minnesota Timberwolves San Antonio Spurs,minnesota timberwolves san antonio spurs,Mike Conley,mike conley,Rebotes (hitos),3+,0.0,5.2,player_rebounds_hito,REB,over,3,2.5,Mike Conley 3+ REB,1,
d3b7a8e789618b54ba76b1aee201c4297fdfba3a,20260514_094005,2026-05-14T09:40:05-03:00,2026-05-14T12:40:05+00:00,betano,basketball,NBA,props_nba_20260514_094005.csv,Minnesota Timberwolves San Antonio Spurs,minnesota timberwolves san antonio spurs,Mike Conley,mike conley,Rebotes (hitos),4+,0.0,10.75,player_rebounds_hito,REB,over,4,3.5,Mike Conley 4+ REB,1,
b9ccce3cdcf1dfcd5e04d7218d7c614f98b60a99,20260514_094005,2026-05-14T09:40:05-03:00,2026-05-14T12:40:05+00:00,betano,basketball,NBA,props_nba_20260514_094005.csv,Minnesota Timberwolves San Antonio Spurs,minnesota timberwolves san antonio spurs,Anthony Edwards,anthony edwards,Triples (hitos),2+,0.0,1.21,player_threes_hito,3PM,over,2,1.5,Anthony Edwards 2+ 3PM,1,
3f137a4a3250daa5b50f8c0a6a63c0ea59c5a1de,20260514_094005,2026-05-14T09:40:05-03:00,2026-05-14T12:40:05+00:00,betano,basketball,NBA,props_nba_20260514_094005.csv,Minnesota Timberwolves San Antonio Spurs,minnesota timberwolves san antonio spurs,Anthony Edwards,anthony edwards,Triples (hitos),3+,0.0,1.7,player_threes_hito,3PM,over,3,2.5,Anthony Edwards 3+ 3PM,1,
92175da64efd77858729c7b96d3d72d24e8ff9c2,20260514_094005,2026-05-14T09:40:05-03:00,2026-05-14T12:40:05+00:00,betano,basketball,NBA,props_nba_20260514_094005.csv,Minnesota Timberwolves San Antonio Spurs,minnesota timberwolves san antonio spurs,Anthony Edwards,anthony edwards,Triples (hitos),4+,0.0,2.77,player_threes_hito,3PM,over,4,3.5,Anthony Edwards 4+ 3PM,1,
30a337ad2c3f703ec822c2636fc3c9bd32964073,20260514_094005,2026-05-14T09:40:05-03:00,2026-05-14T12:40:05+00:00,betano,basketball,NBA,props_nba_20260514_094005.csv,Minnesota Timberwolves San Antonio Spurs,minnesota timberwolves san antonio spurs,Anthony Edwards,anthony edwards,Triples (hitos),5+,0.0,5,player_threes_hito,3PM,over,5,4.5,Anthony Edwards 5+ 3PM,1,
6d8a31b975e8b27400929e5af5598366f5fac070,20260514_094005,2026-05-14T09:40:05-03:00,2026-05-14T12:40:05+00:00,betano,basketball,NBA,props_nba_20260514_094005.csv,Minnesota Timberwolves San Antonio Spurs,minnesota timberwolves san antonio spurs,Devin Vassell,devin vassell,Triples (hitos),2+,0.0,1.39,player_threes_hito,3PM,over,2,1.5,Devin Vassell 2+ 3PM,1,
067814fe01cb5493360a4257141896687dbf6884,20260514_094005,2026-05-14T09:40:05-03:00,2026-05-14T12:40:05+00:00,betano,basketball,NBA,props_nba_20260514_094005.csv,Minnesota Timberwolves San Antonio Spurs,minnesota timberwolves san antonio spurs,Devin Vassell,devin vassell,Triples (hitos),3+,0.0,2.25,player_threes_hito,3PM,over,3,2.5,Devin Vassell 3+ 3PM,1,
825048144bb2e88b92b57ef5acac838600fae900,20260514_094005,2026-05-14T09:40:05-03:00,2026-05-14T12:40:05+00:00,betano,basketball,NBA,props_nba_20260514_094005.csv,Minnesota Timberwolves San Antonio Spurs,minnesota timberwolves san antonio spurs,Devin Vassell,devin vassell,Triples (hitos),4+,0.0,4.15,player_threes_hito,3PM,over,4,3.5,Devin Vassell 4+ 3PM,1,
876aa740f956562699dea16bd3711628e7456cb0,20260514_094005,2026-05-14T09:40:05-03:00,2026-05-14T12:40:05+00:00,betano,basketball,NBA,props_nba_20260514_094005.csv,Minnesota Timberwolves San Antonio Spurs,minnesota timberwolves san antonio spurs,Devin Vassell,devin vassell,Triples (hitos),5+,0.0,8,player_threes_hito,3PM,over,5,4.5,Devin Vassell 5+ 3PM,1,
57cbf856d76284ff693c6cdd9c842bc8fbf43886,20260514_094005,2026-05-14T09:40:05-03:00,2026-05-14T12:40:05+00:00,betano,basketball,NBA,props_nba_20260514_094005.csv,Minnesota Timberwolves San Antonio Spurs,minnesota timberwolves san antonio spurs,Victor Wembanyama,victor wembanyama,Triples (hitos),1+,0.0,1.05,player_threes_hito,3PM,over,1,0.5,Victor Wembanyama 1+ 3PM,1,
6fdfd3bb1b6062576ca639104f54fbee704f606a,20260514_094005,2026-05-14T09:40:05-03:00,2026-05-14T12:40:05+00:00,betano,basketball,NBA,props_nba_20260514_094005.csv,Minnesota Timberwolves San Antonio Spurs,minnesota timberwolves san antonio spurs,Victor Wembanyama,victor wembanyama,Triples (hitos),2+,0.0,1.42,player_threes_hito,3PM,over,2,1.5,Victor Wembanyama 2+ 3PM,1,
674657bfe995d4590a7d89c235d395953711edec,20260514_094005,2026-05-14T09:40:05-03:00,2026-05-14T12:40:05+00:00,betano,basketball,NBA,props_nba_20260514_094005.csv,Minnesota Timberwolves San Antonio Spurs,minnesota timberwolves san antonio spurs,Victor Wembanyama,victor wembanyama,Triples (hitos),3+,0.0,2.35,player_threes_hito,3PM,over,3,2.5,Victor Wembanyama 3+ 3PM,1,
885390448f316abb09e11812c475ad634d352614,20260514_094005,2026-05-14T09:40:05-03:00,2026-05-14T12:40:05+00:00,betano,basketball,NBA,props_nba_20260514_094005.csv,Minnesota Timberwolves San Antonio Spurs,minnesota timberwolves san antonio spurs,Victor Wembanyama,victor wembanyama,Triples (hitos),4+,0.0,4.25,player_threes_hito,3PM,over,4,3.5,Victor Wembanyama 4+ 3PM,1,
4a1b65bdc94b3c3a02c4616b91b0022dbcbf0415,20260514_094005,2026-05-14T09:40:05-03:00,2026-05-14T12:40:05+00:00,betano,basketball,NBA,props_nba_20260514_094005.csv,Minnesota Timberwolves San Antonio Spurs,minnesota timberwolves san antonio spurs,Julian Champagnie,julian champagnie,Triples (hitos),1+,0.0,1.08,player_threes_hito,3PM,over,1,0.5,Julian Champagnie 1+ 3PM,1,
02326cdc2234892a8616ff8065d9de5209dce3ce,20260514_094005,2026-05-14T09:40:05-03:00,2026-05-14T12:40:05+00:00,betano,basketball,NBA,props_nba_20260514_094005.csv,Minnesota Timberwolves San Antonio Spurs,minnesota timberwolves san antonio spurs,Julian Champagnie,julian champagnie,Triples (hitos),2+,0.0,1.5,player_threes_hito,3PM,over,2,1.5,Julian Champagnie 2+ 3PM,1,
f937ca79d549a8fbbf6e16378f86dcbbd33b9139,20260514_094005,2026-05-14T09:40:05-03:00,2026-05-14T12:40:05+00:00,betano,basketball,NBA,props_nba_20260514_094005.csv,Minnesota Timberwolves San Antonio Spurs,minnesota timberwolves san antonio spurs,Julian Champagnie,julian champagnie,Triples (hitos),3+,0.0,2.6,player_threes_hito,3PM,over,3,2.5,Julian Champagnie 3+ 3PM,1,
d0cd47f5e361154ab8613a88f41152a00cf2ecb5,20260514_094005,2026-05-14T09:40:05-03:00,2026-05-14T12:40:05+00:00,betano,basketball,NBA,props_nba_20260514_094005.csv,Minnesota Timberwolves San Antonio Spurs,minnesota timberwolves san antonio spurs,Julian Champagnie,julian champagnie,Triples (hitos),4+,0.0,5.1,player_threes_hito,3PM,over,4,3.5,Julian Champagnie 4+ 3PM,1,
73824bb792e7b1bd9c4b156409baf03eeaab0ff6,20260514_094005,2026-05-14T09:40:05-03:00,2026-05-14T12:40:05+00:00,betano,basketball,NBA,props_nba_20260514_094005.csv,Minnesota Timberwolves San Antonio Spurs,minnesota timberwolves san antonio spurs,Naz Reid,naz reid,Triples (hitos),1+,0.0,1.09,player_threes_hito,3PM,over,1,0.5,Naz Reid 1+ 3PM,1,
e3fe8913d598b7f26c6bea40c5c5e46821ba2e1c,20260514_094005,2026-05-14T09:40:05-03:00,2026-05-14T12:40:05+00:00,betano,basketball,NBA,props_nba_20260514_094005.csv,Minnesota Timberwolves San Antonio Spurs,minnesota timberwolves san antonio spurs,Naz Reid,naz reid,Triples (hitos),2+,0.0,1.55,player_threes_hito,3PM,over,2,1.5,Naz Reid 2+ 3PM,1,
dae2c7905d31a32fa0043c199a7d7e874e14135e,20260514_094005,2026-05-14T09:40:05-03:00,2026-05-14T12:40:05+00:00,betano,basketball,NBA,props_nba_20260514_094005.csv,Minnesota Timberwolves San Antonio Spurs,minnesota timberwolves san antonio spurs,Naz Reid,naz reid,Triples (hitos),3+,0.0,2.72,player_threes_hito,3PM,over,3,2.5,Naz Reid 3+ 3PM,1,
bc885f0433e52b10a54e0783c3eaefe482da4781,20260514_094005,2026-05-14T09:40:05-03:00,2026-05-14T12:40:05+00:00,betano,basketball,NBA,props_nba_20260514_094005.csv,Minnesota Timberwolves San Antonio Spurs,minnesota timberwolves san antonio spurs,Naz Reid,naz reid,Triples (hitos),4+,0.0,5.4,player_threes_hito,3PM,over,4,3.5,Naz Reid 4+ 3PM,1,
9a307c6d7afdb0809361d430c1151a4de3c0e8a9,20260514_094005,2026-05-14T09:40:05-03:00,2026-05-14T12:40:05+00:00,betano,basketball,NBA,props_nba_20260514_094005.csv,Minnesota Timberwolves San Antonio Spurs,minnesota timberwolves san antonio spurs,Ayo Dosunmu,ayo dosunmu,Triples (hitos),1+,0.0,1.17,player_threes_hito,3PM,over,1,0.5,Ayo Dosunmu 1+ 3PM,1,
8bda507079e72a8c743015b61b9a447616606758,20260514_094005,2026-05-14T09:40:05-03:00,2026-05-14T12:40:05+00:00,betano,basketball,NBA,props_nba_20260514_094005.csv,Minnesota Timberwolves San Antonio Spurs,minnesota timberwolves san antonio spurs,Ayo Dosunmu,ayo dosunmu,Triples (hitos),2+,0.0,1.91,player_threes_hito,3PM,over,2,1.5,Ayo Dosunmu 2+ 3PM,1,
ff833078aed5bc71bda5f035c13bee0068d993eb,20260514_094005,2026-05-14T09:40:05-03:00,2026-05-14T12:40:05+00:00,betano,basketball,NBA,props_nba_20260514_094005.csv,Minnesota Timberwolves San Antonio Spurs,minnesota timberwolves san antonio spurs,Ayo Dosunmu,ayo dosunmu,Triples (hitos),3+,0.0,3.85,player_threes_hito,3PM,over,3,2.5,Ayo Dosunmu 3+ 3PM,1,
86434f3a911d01935e2b6682302d16a96340fec3,20260514_094005,2026-05-14T09:40:05-03:00,2026-05-14T12:40:05+00:00,betano,basketball,NBA,props_nba_20260514_094005.csv,Minnesota Timberwolves San Antonio Spurs,minnesota timberwolves san antonio spurs,Ayo Dosunmu,ayo dosunmu,Triples (hitos),4+,0.0,8.25,player_threes_hito,3PM,over,4,3.5,Ayo Dosunmu 4+ 3PM,1,
2cc8b5ce6529427101852e346fec56faaa94b1a0,20260514_094005,2026-05-14T09:40:05-03:00,2026-05-14T12:40:05+00:00,betano,basketball,NBA,props_nba_20260514_094005.csv,Minnesota Timberwolves San Antonio Spurs,minnesota timberwolves san antonio spurs,De'Aaron Fox,de aaron fox,Triples (hitos),1+,0.0,1.19,player_threes_hito,3PM,over,1,0.5,De'Aaron Fox 1+ 3PM,1,
3b321179b76a850cb4b05d4c845c656350e7a99f,20260514_094005,2026-05-14T09:40:05-03:00,2026-05-14T12:40:05+00:00,betano,basketball,NBA,props_nba_20260514_094005.csv,Minnesota Timberwolves San Antonio Spurs,minnesota timberwolves san antonio spurs,De'Aaron Fox,de aaron fox,Triples (hitos),2+,0.0,1.95,player_threes_hito,3PM,over,2,1.5,De'Aaron Fox 2+ 3PM,1,
44b2b64f9a268b51ca31c9877465eeb11aa6ec6a,20260514_094005,2026-05-14T09:40:05-03:00,2026-05-14T12:40:05+00:00,betano,basketball,NBA,props_nba_20260514_094005.csv,Minnesota Timberwolves San Antonio Spurs,minnesota timberwolves san antonio spurs,De'Aaron Fox,de aaron fox,Triples (hitos),3+,0.0,4,player_threes_hito,3PM,over,3,2.5,De'Aaron Fox 3+ 3PM,1,
7238515f9111520aa56eca3bb80f24cb94f9232c,20260514_094005,2026-05-14T09:40:05-03:00,2026-05-14T12:40:05+00:00,betano,basketball,NBA,props_nba_20260514_094005.csv,Minnesota Timberwolves San Antonio Spurs,minnesota timberwolves san antonio spurs,De'Aaron Fox,de aaron fox,Triples (hitos),4+,0.0,8.5,player_threes_hito,3PM,over,4,3.5,De'Aaron Fox 4+ 3PM,1,
928fa9e01742aa526d5dfd6cce7603fa5d71a83b,20260514_094005,2026-05-14T09:40:05-03:00,2026-05-14T12:40:05+00:00,betano,basketball,NBA,props_nba_20260514_094005.csv,Minnesota Timberwolves San Antonio Spurs,minnesota timberwolves san antonio spurs,Jaden McDaniels,jaden mcdaniels,Triples (hitos),1+,0.0,1.19,player_threes_hito,3PM,over,1,0.5,Jaden McDaniels 1+ 3PM,1,
6c6fc33fbc4281565c238e1c763249b2b0aa38f1,20260514_094005,2026-05-14T09:40:05-03:00,2026-05-14T12:40:05+00:00,betano,basketball,NBA,props_nba_20260514_094005.csv,Minnesota Timberwolves San Antonio Spurs,minnesota timberwolves san antonio spurs,Jaden McDaniels,jaden mcdaniels,Triples (hitos),2+,0.0,1.98,player_threes_hito,3PM,over,2,1.5,Jaden McDaniels 2+ 3PM,1,
d35a653fe2a1db717c1551b2bfd4cc29bdde6edf,20260514_094005,2026-05-14T09:40:05-03:00,2026-05-14T12:40:05+00:00,betano,basketball,NBA,props_nba_20260514_094005.csv,Minnesota Timberwolves San Antonio Spurs,minnesota timberwolves san antonio spurs,Jaden McDaniels,jaden mcdaniels,Triples (hitos),3+,0.0,4.05,player_threes_hito,3PM,over,3,2.5,Jaden McDaniels 3+ 3PM,1,
d8d0329428a1aa916899dfec3c5cd6fecf0728b5,20260514_094005,2026-05-14T09:40:05-03:00,2026-05-14T12:40:05+00:00,betano,basketball,NBA,props_nba_20260514_094005.csv,Minnesota Timberwolves San Antonio Spurs,minnesota timberwolves san antonio spurs,Jaden McDaniels,jaden mcdaniels,Triples (hitos),4+,0.0,8.75,player_threes_hito,3PM,over,4,3.5,Jaden McDaniels 4+ 3PM,1,
cd37c19f2c98d2991e3d4b734817e79a636c030d,20260514_094005,2026-05-14T09:40:05-03:00,2026-05-14T12:40:05+00:00,betano,basketball,NBA,props_nba_20260514_094005.csv,Minnesota Timberwolves San Antonio Spurs,minnesota timberwolves san antonio spurs,Julius Randle,julius randle,Triples (hitos),1+,0.0,1.3,player_threes_hito,3PM,over,1,0.5,Julius Randle 1+ 3PM,1,
d0e9726e63fdab9721c0838c29d1d81871c53d60,20260514_094005,2026-05-14T09:40:05-03:00,2026-05-14T12:40:05+00:00,betano,basketball,NBA,props_nba_20260514_094005.csv,Minnesota Timberwolves San Antonio Spurs,minnesota timberwolves san antonio spurs,Julius Randle,julius randle,Triples (hitos),2+,0.0,2.47,player_threes_hito,3PM,over,2,1.5,Julius Randle 2+ 3PM,1,
6c6a0862eab11a09f3937292099d82f2edaf81d2,20260514_094005,2026-05-14T09:40:05-03:00,2026-05-14T12:40:05+00:00,betano,basketball,NBA,props_nba_20260514_094005.csv,Minnesota Timberwolves San Antonio Spurs,minnesota timberwolves san antonio spurs,Julius Randle,julius randle,Triples (hitos),3+,0.0,5.6,player_threes_hito,3PM,over,3,2.5,Julius Randle 3+ 3PM,1,
590bec97bf6f3378e3b79dddf9426736e75d0a18,20260514_094005,2026-05-14T09:40:05-03:00,2026-05-14T12:40:05+00:00,betano,basketball,NBA,props_nba_20260514_094005.csv,Minnesota Timberwolves San Antonio Spurs,minnesota timberwolves san antonio spurs,Julius Randle,julius randle,Triples (hitos),4+,0.0,11.75,player_threes_hito,3PM,over,4,3.5,Julius Randle 4+ 3PM,1,
a5c9b106b6ec1a97628064bcb4ae5c5cecf3eb91,20260514_094005,2026-05-14T09:40:05-03:00,2026-05-14T12:40:05+00:00,betano,basketball,NBA,props_nba_20260514_094005.csv,Minnesota Timberwolves San Antonio Spurs,minnesota timberwolves san antonio spurs,Stephon Castle,stephon castle,Triples (hitos),1+,0.0,1.35,player_threes_hito,3PM,over,1,0.5,Stephon Castle 1+ 3PM,1,
b002f4f053bc0b1fd9cac91aa98936d5cacacb83,20260514_094005,2026-05-14T09:40:05-03:00,2026-05-14T12:40:05+00:00,betano,basketball,NBA,props_nba_20260514_094005.csv,Minnesota Timberwolves San Antonio Spurs,minnesota timberwolves san antonio spurs,Stephon Castle,stephon castle,Triples (hitos),2+,0.0,2.72,player_threes_hito,3PM,over,2,1.5,Stephon Castle 2+ 3PM,1,
ee17f5b64612d0dd03e5bd6f97aa067c8ce2d61a,20260514_094005,2026-05-14T09:40:05-03:00,2026-05-14T12:40:05+00:00,betano,basketball,NBA,props_nba_20260514_094005.csv,Minnesota Timberwolves San Antonio Spurs,minnesota timberwolves san antonio spurs,Stephon Castle,stephon castle,Triples (hitos),3+,0.0,6,player_threes_hito,3PM,over,3,2.5,Stephon Castle 3+ 3PM,1,
ce7b858675921a506993b65e749c7f6bfcc85039,20260514_094005,2026-05-14T09:40:05-03:00,2026-05-14T12:40:05+00:00,betano,basketball,NBA,props_nba_20260514_094005.csv,Minnesota Timberwolves San Antonio Spurs,minnesota timberwolves san antonio spurs,Stephon Castle,stephon castle,Triples (hitos),4+,0.0,10.25,player_threes_hito,3PM,over,4,3.5,Stephon Castle 4+ 3PM,1,
2eb60c725eb67f2cd6bfdeafb587326a6c13d524,20260514_094005,2026-05-14T09:40:05-03:00,2026-05-14T12:40:05+00:00,betano,basketball,NBA,props_nba_20260514_094005.csv,Minnesota Timberwolves San Antonio Spurs,minnesota timberwolves san antonio spurs,Terrence Shannon Jr.,terrence shannon jr,Triples (hitos),1+,0.0,1.47,player_threes_hito,3PM,over,1,0.5,Terrence Shannon Jr. 1+ 3PM,1,
00521480e2539bc8cf487f3df8c3c3710acaf065,20260514_094005,2026-05-14T09:40:05-03:00,2026-05-14T12:40:05+00:00,betano,basketball,NBA,props_nba_20260514_094005.csv,Minnesota Timberwolves San Antonio Spurs,minnesota timberwolves san antonio spurs,Terrence Shannon Jr.,terrence shannon jr,Triples (hitos),2+,0.0,3.3,player_threes_hito,3PM,over,2,1.5,Terrence Shannon Jr. 2+ 3PM,1,
4dd5251d4b541258120c830db240de012a562b58,20260514_094005,2026-05-14T09:40:05-03:00,2026-05-14T12:40:05+00:00,betano,basketball,NBA,props_nba_20260514_094005.csv,Minnesota Timberwolves San Antonio Spurs,minnesota timberwolves san antonio spurs,Terrence Shannon Jr.,terrence shannon jr,Triples (hitos),3+,0.0,8.25,player_threes_hito,3PM,over,3,2.5,Terrence Shannon Jr. 3+ 3PM,1,
0bb342227ab9d5b36f296c86e0a5dce13c08a1db,20260514_094005,2026-05-14T09:40:05-03:00,2026-05-14T12:40:05+00:00,betano,basketball,NBA,props_nba_20260514_094005.csv,Minnesota Timberwolves San Antonio Spurs,minnesota timberwolves san antonio spurs,Terrence Shannon Jr.,terrence shannon jr,Triples (hitos),4+,0.0,15.5,player_threes_hito,3PM,over,4,3.5,Terrence Shannon Jr. 4+ 3PM,1,
77d63fee1829456c567e25a13068b00bf8f81b46,20260514_094005,2026-05-14T09:40:05-03:00,2026-05-14T12:40:05+00:00,betano,basketball,NBA,props_nba_20260514_094005.csv,Minnesota Timberwolves San Antonio Spurs,minnesota timberwolves san antonio spurs,Keldon Johnson,keldon johnson,Triples (hitos),1+,0.0,1.53,player_threes_hito,3PM,over,1,0.5,Keldon Johnson 1+ 3PM,1,
9c56a4f3fb617f86f37f2a31d80be5abdc5ebfc8,20260514_094005,2026-05-14T09:40:05-03:00,2026-05-14T12:40:05+00:00,betano,basketball,NBA,props_nba_20260514_094005.csv,Minnesota Timberwolves San Antonio Spurs,minnesota timberwolves san antonio spurs,Keldon Johnson,keldon johnson,Triples (hitos),2+,0.0,3.45,player_threes_hito,3PM,over,2,1.5,Keldon Johnson 2+ 3PM,1,
8b21c2820d2bee5af56ca99832c922a0ca5fa00f,20260514_094005,2026-05-14T09:40:05-03:00,2026-05-14T12:40:05+00:00,betano,basketball,NBA,props_nba_20260514_094005.csv,Minnesota Timberwolves San Antonio Spurs,minnesota timberwolves san antonio spurs,Keldon Johnson,keldon johnson,Triples (hitos),3+,0.0,7.6,player_threes_hito,3PM,over,3,2.5,Keldon Johnson 3+ 3PM,1,
1d61ff0b71c6da9825e3525d9fbeaee54f4d2719,20260514_094005,2026-05-14T09:40:05-03:00,2026-05-14T12:40:05+00:00,betano,basketball,NBA,props_nba_20260514_094005.csv,Minnesota Timberwolves San Antonio Spurs,minnesota timberwolves san antonio spurs,Keldon Johnson,keldon johnson,Triples (hitos),4+,0.0,11.5,player_threes_hito,3PM,over,4,3.5,Keldon Johnson 4+ 3PM,1,
d22b3fb52d7775a110e05a75e10d0a775bbaef09,20260514_094005,2026-05-14T09:40:05-03:00,2026-05-14T12:40:05+00:00,betano,basketball,NBA,props_nba_20260514_094005.csv,Minnesota Timberwolves San Antonio Spurs,minnesota timberwolves san antonio spurs,Dylan Harper,dylan harper,Triples (hitos),1+,0.0,1.65,player_threes_hito,3PM,over,1,0.5,Dylan Harper 1+ 3PM,1,
a7077652183cd7fc5a90e3a66b2ccb61e6ea0d20,20260514_094005,2026-05-14T09:40:05-03:00,2026-05-14T12:40:05+00:00,betano,basketball,NBA,props_nba_20260514_094005.csv,Minnesota Timberwolves San Antonio Spurs,minnesota timberwolves san antonio spurs,Dylan Harper,dylan harper,Triples (hitos),2+,0.0,4.15,player_threes_hito,3PM,over,2,1.5,Dylan Harper 2+ 3PM,1,
046e2edcafbb7b9a53b534a1e48ac852a72a0de6,20260514_094005,2026-05-14T09:40:05-03:00,2026-05-14T12:40:05+00:00,betano,basketball,NBA,props_nba_20260514_094005.csv,Minnesota Timberwolves San Antonio Spurs,minnesota timberwolves san antonio spurs,Dylan Harper,dylan harper,Triples (hitos),3+,0.0,10.5,player_threes_hito,3PM,over,3,2.5,Dylan Harper 3+ 3PM,1,
753c9352d809f07771a8df20c5c0f3d52c45e849,20260514_094005,2026-05-14T09:40:05-03:00,2026-05-14T12:40:05+00:00,betano,basketball,NBA,props_nba_20260514_094005.csv,Minnesota Timberwolves San Antonio Spurs,minnesota timberwolves san antonio spurs,Dylan Harper,dylan harper,Triples (hitos),4+,0.0,17.5,player_threes_hito,3PM,over,4,3.5,Dylan Harper 4+ 3PM,1,
761fdd993be4453eb69a19372f7b89d8f935a260,20260514_094005,2026-05-14T09:40:05-03:00,2026-05-14T12:40:05+00:00,betano,basketball,NBA,props_nba_20260514_094005.csv,Minnesota Timberwolves San Antonio Spurs,minnesota timberwolves san antonio spurs,Carter Bryant,carter bryant,Triples (hitos),1+,0.0,2.4,player_threes_hito,3PM,over,1,0.5,Carter Bryant 1+ 3PM,1,
4149858d26564eaff1072877793b1f263257fe1e,20260514_094005,2026-05-14T09:40:05-03:00,2026-05-14T12:40:05+00:00,betano,basketball,NBA,props_nba_20260514_094005.csv,Minnesota Timberwolves San Antonio Spurs,minnesota timberwolves san antonio spurs,Carter Bryant,carter bryant,Triples (hitos),2+,0.0,8,player_threes_hito,3PM,over,2,1.5,Carter Bryant 2+ 3PM,1,
e1619a5fead8c901d19c3d33311a5e98b8f6a0c4,20260514_094005,2026-05-14T09:40:05-03:00,2026-05-14T12:40:05+00:00,betano,basketball,NBA,props_nba_20260514_094005.csv,Minnesota Timberwolves San Antonio Spurs,minnesota timberwolves san antonio spurs,Carter Bryant,carter bryant,Triples (hitos),3+,0.0,17,player_threes_hito,3PM,over,3,2.5,Carter Bryant 3+ 3PM,1,
0529fbf820fc2b39011f0b52cf6ef75d026100dd,20260514_094005,2026-05-14T09:40:05-03:00,2026-05-14T12:40:05+00:00,betano,basketball,NBA,props_nba_20260514_094005.csv,Minnesota Timberwolves San Antonio Spurs,minnesota timberwolves san antonio spurs,De'Aaron Fox,de aaron fox,Robos (hitos),1+,0.0,1.24,player_steals_hito,STL,over,1,0.5,De'Aaron Fox 1+ STL,1,
88a24d3258b62aed3f4beaef8ba185ed1f6cfced,20260514_094005,2026-05-14T09:40:05-03:00,2026-05-14T12:40:05+00:00,betano,basketball,NBA,props_nba_20260514_094005.csv,Minnesota Timberwolves San Antonio Spurs,minnesota timberwolves san antonio spurs,De'Aaron Fox,de aaron fox,Robos (hitos),2+,0.0,2.18,player_steals_hito,STL,over,2,1.5,De'Aaron Fox 2+ STL,1,
4c123fae79cfaed5f6f0018d15c8c5ce3df044bc,20260514_094005,2026-05-14T09:40:05-03:00,2026-05-14T12:40:05+00:00,betano,basketball,NBA,props_nba_20260514_094005.csv,Minnesota Timberwolves San Antonio Spurs,minnesota timberwolves san antonio spurs,De'Aaron Fox,de aaron fox,Robos (hitos),3+,0.0,4.6,player_steals_hito,STL,over,3,2.5,De'Aaron Fox 3+ STL,1,
3e756a26ee5589ee0a1ab3a568816639a3deac8e,20260514_094005,2026-05-14T09:40:05-03:00,2026-05-14T12:40:05+00:00,betano,basketball,NBA,props_nba_20260514_094005.csv,Minnesota Timberwolves San Antonio Spurs,minnesota timberwolves san antonio spurs,De'Aaron Fox,de aaron fox,Robos (hitos),4+,0.0,10.25,player_steals_hito,STL,over,4,3.5,De'Aaron Fox 4+ STL,1,
954719f0760e7271c6a1a264893c4c1aeb1f8637,20260514_094005,2026-05-14T09:40:05-03:00,2026-05-14T12:40:05+00:00,betano,basketball,NBA,props_nba_20260514_094005.csv,Minnesota Timberwolves San Antonio Spurs,minnesota timberwolves san antonio spurs,Devin Vassell,devin vassell,Robos (hitos),1+,0.0,1.33,player_steals_hito,STL,over,1,0.5,Devin Vassell 1+ STL,1,
e80a2e0e3c9efd4c4d25845696f438d3ce4510be,20260514_094005,2026-05-14T09:40:05-03:00,2026-05-14T12:40:05+00:00,betano,basketball,NBA,props_nba_20260514_094005.csv,Minnesota Timberwolves San Antonio Spurs,minnesota timberwolves san antonio spurs,Devin Vassell,devin vassell,Robos (hitos),2+,0.0,2.6,player_steals_hito,STL,over,2,1.5,Devin Vassell 2+ STL,1,
02c5f421e4ed6e7df8b61443d71d4cf3f531b7d7,20260514_094005,2026-05-14T09:40:05-03:00,2026-05-14T12:40:05+00:00,betano,basketball,NBA,props_nba_20260514_094005.csv,Minnesota Timberwolves San Antonio Spurs,minnesota timberwolves san antonio spurs,Devin Vassell,devin vassell,Robos (hitos),3+,0.0,6.1,player_steals_hito,STL,over,3,2.5,Devin Vassell 3+ STL,1,
2072a40b2380749459bd87c23d0a2f344769ba0f,20260514_094005,2026-05-14T09:40:05-03:00,2026-05-14T12:40:05+00:00,betano,basketball,NBA,props_nba_20260514_094005.csv,Minnesota Timberwolves San Antonio Spurs,minnesota timberwolves san antonio spurs,Devin Vassell,devin vassell,Robos (hitos),4+,0.0,12,player_steals_hito,STL,over,4,3.5,Devin Vassell 4+ STL,1,
915dc0bbd8f771bbdce1f1d8f710d2a73dfe68be,20260514_094005,2026-05-14T09:40:05-03:00,2026-05-14T12:40:05+00:00,betano,basketball,NBA,props_nba_20260514_094005.csv,Minnesota Timberwolves San Antonio Spurs,minnesota timberwolves san antonio spurs,Victor Wembanyama,victor wembanyama,Robos (hitos),1+,0.0,1.33,player_steals_hito,STL,over,1,0.5,Victor Wembanyama 1+ STL,1,
fa87e5ff62c7fc67e1eeac83755fcb0895a8186d,20260514_094005,2026-05-14T09:40:05-03:00,2026-05-14T12:40:05+00:00,betano,basketball,NBA,props_nba_20260514_094005.csv,Minnesota Timberwolves San Antonio Spurs,minnesota timberwolves san antonio spurs,Victor Wembanyama,victor wembanyama,Robos (hitos),2+,0.0,2.57,player_steals_hito,STL,over,2,1.5,Victor Wembanyama 2+ STL,1,
d553cbf3590adb23e605897e0eed85c074b57740,20260514_094005,2026-05-14T09:40:05-03:00,2026-05-14T12:40:05+00:00,betano,basketball,NBA,props_nba_20260514_094005.csv,Minnesota Timberwolves San Antonio Spurs,minnesota timberwolves san antonio spurs,Victor Wembanyama,victor wembanyama,Robos (hitos),3+,0.0,6,player_steals_hito,STL,over,3,2.5,Victor Wembanyama 3+ STL,1,
3dd4bc34aabba4c118833ccaae07a641b10e84ce,20260514_094005,2026-05-14T09:40:05-03:00,2026-05-14T12:40:05+00:00,betano,basketball,NBA,props_nba_20260514_094005.csv,Minnesota Timberwolves San Antonio Spurs,minnesota timberwolves san antonio spurs,Victor Wembanyama,victor wembanyama,Robos (hitos),4+,0.0,12.5,player_steals_hito,STL,over,4,3.5,Victor Wembanyama 4+ STL,1,
4475004afd131d10941f5ed8f2be2eb7e2d4797d,20260514_094005,2026-05-14T09:40:05-03:00,2026-05-14T12:40:05+00:00,betano,basketball,NBA,props_nba_20260514_094005.csv,Minnesota Timberwolves San Antonio Spurs,minnesota timberwolves san antonio spurs,Anthony Edwards,anthony edwards,Robos (hitos),1+,0.0,1.45,player_steals_hito,STL,over,1,0.5,Anthony Edwards 1+ STL,1,
89adf69d8afc33c1e4a2df11d3424ec6f6740119,20260514_094005,2026-05-14T09:40:05-03:00,2026-05-14T12:40:05+00:00,betano,basketball,NBA,props_nba_20260514_094005.csv,Minnesota Timberwolves San Antonio Spurs,minnesota timberwolves san antonio spurs,Anthony Edwards,anthony edwards,Robos (hitos),2+,0.0,3.15,player_steals_hito,STL,over,2,1.5,Anthony Edwards 2+ STL,1,
8f42e309fe056cadf29ebe35f4213921a6a0076e,20260514_094005,2026-05-14T09:40:05-03:00,2026-05-14T12:40:05+00:00,betano,basketball,NBA,props_nba_20260514_094005.csv,Minnesota Timberwolves San Antonio Spurs,minnesota timberwolves san antonio spurs,Anthony Edwards,anthony edwards,Robos (hitos),3+,0.0,7.6,player_steals_hito,STL,over,3,2.5,Anthony Edwards 3+ STL,1,
2247aa08f84a66fc2e3042485a52f418717e93e6,20260514_094005,2026-05-14T09:40:05-03:00,2026-05-14T12:40:05+00:00,betano,basketball,NBA,props_nba_20260514_094005.csv,Minnesota Timberwolves San Antonio Spurs,minnesota timberwolves san antonio spurs,Anthony Edwards,anthony edwards,Robos (hitos),4+,0.0,14.5,player_steals_hito,STL,over,4,3.5,Anthony Edwards 4+ STL,1,
ea639e1214487080c91bee6a28904839588a1a32,20260514_094005,2026-05-14T09:40:05-03:00,2026-05-14T12:40:05+00:00,betano,basketball,NBA,props_nba_20260514_094005.csv,Minnesota Timberwolves San Antonio Spurs,minnesota timberwolves san antonio spurs,Jaden McDaniels,jaden mcdaniels,Robos (hitos),1+,0.0,1.45,player_steals_hito,STL,over,1,0.5,Jaden McDaniels 1+ STL,1,
7d8f6f6106d31970ab3ecfe3abcb3fae552e0636,20260514_094005,2026-05-14T09:40:05-03:00,2026-05-14T12:40:05+00:00,betano,basketball,NBA,props_nba_20260514_094005.csv,Minnesota Timberwolves San Antonio Spurs,minnesota timberwolves san antonio spurs,Jaden McDaniels,jaden mcdaniels,Robos (hitos),2+,0.0,3.15,player_steals_hito,STL,over,2,1.5,Jaden McDaniels 2+ STL,1,
bb109b6497994e51bc0090931757e85fc8da1dd3,20260514_094005,2026-05-14T09:40:05-03:00,2026-05-14T12:40:05+00:00,betano,basketball,NBA,props_nba_20260514_094005.csv,Minnesota Timberwolves San Antonio Spurs,minnesota timberwolves san antonio spurs,Jaden McDaniels,jaden mcdaniels,Robos (hitos),3+,0.0,7.5,player_steals_hito,STL,over,3,2.5,Jaden McDaniels 3+ STL,1,
b7e5e61586b44694422dc6a42885ffc27a3bfe08,20260514_094005,2026-05-14T09:40:05-03:00,2026-05-14T12:40:05+00:00,betano,basketball,NBA,props_nba_20260514_094005.csv,Minnesota Timberwolves San Antonio Spurs,minnesota timberwolves san antonio spurs,Jaden McDaniels,jaden mcdaniels,Robos (hitos),4+,0.0,14,player_steals_hito,STL,over,4,3.5,Jaden McDaniels 4+ STL,1,
30fef30dd47c797158dde6fd43161147a7a5e177,20260514_094005,2026-05-14T09:40:05-03:00,2026-05-14T12:40:05+00:00,betano,basketball,NBA,props_nba_20260514_094005.csv,Minnesota Timberwolves San Antonio Spurs,minnesota timberwolves san antonio spurs,Julian Champagnie,julian champagnie,Robos (hitos),1+,0.0,1.47,player_steals_hito,STL,over,1,0.5,Julian Champagnie 1+ STL,1,
4041af04f76c8c30138d4628236c9102ba852c63,20260514_094005,2026-05-14T09:40:05-03:00,2026-05-14T12:40:05+00:00,betano,basketball,NBA,props_nba_20260514_094005.csv,Minnesota Timberwolves San Antonio Spurs,minnesota timberwolves san antonio spurs,Julian Champagnie,julian champagnie,Robos (hitos),2+,0.0,3.3,player_steals_hito,STL,over,2,1.5,Julian Champagnie 2+ STL,1,
3bca2c0cb73101aa15b032a195e548fa277c11f0,20260514_094005,2026-05-14T09:40:05-03:00,2026-05-14T12:40:05+00:00,betano,basketball,NBA,props_nba_20260514_094005.csv,Minnesota Timberwolves San Antonio Spurs,minnesota timberwolves san antonio spurs,Julian Champagnie,julian champagnie,Robos (hitos),3+,0.0,8.25,player_steals_hito,STL,over,3,2.5,Julian Champagnie 3+ STL,1,
7d81c8830b6825c6bf7d9d9e4baa7de6f67b7e15,20260514_094005,2026-05-14T09:40:05-03:00,2026-05-14T12:40:05+00:00,betano,basketball,NBA,props_nba_20260514_094005.csv,Minnesota Timberwolves San Antonio Spurs,minnesota timberwolves san antonio spurs,Julian Champagnie,julian champagnie,Robos (hitos),4+,0.0,15.5,player_steals_hito,STL,over,4,3.5,Julian Champagnie 4+ STL,1,
578ebda98b1348ecf5a797c7b8191b3360ff9670,20260514_094005,2026-05-14T09:40:05-03:00,2026-05-14T12:40:05+00:00,betano,basketball,NBA,props_nba_20260514_094005.csv,Minnesota Timberwolves San Antonio Spurs,minnesota timberwolves san antonio spurs,Julius Randle,julius randle,Robos (hitos),1+,0.0,1.47,player_steals_hito,STL,over,1,0.5,Julius Randle 1+ STL,1,
8f4125eb4c6f27f182517064254abde14786ebe1,20260514_094005,2026-05-14T09:40:05-03:00,2026-05-14T12:40:05+00:00,betano,basketball,NBA,props_nba_20260514_094005.csv,Minnesota Timberwolves San Antonio Spurs,minnesota timberwolves san antonio spurs,Julius Randle,julius randle,Robos (hitos),2+,0.0,3.25,player_steals_hito,STL,over,2,1.5,Julius Randle 2+ STL,1,
3046ecd71160a28d4844085385bfcd2b9f850895,20260514_094005,2026-05-14T09:40:05-03:00,2026-05-14T12:40:05+00:00,betano,basketball,NBA,props_nba_20260514_094005.csv,Minnesota Timberwolves San Antonio Spurs,minnesota timberwolves san antonio spurs,Julius Randle,julius randle,Robos (hitos),3+,0.0,8,player_steals_hito,STL,over,3,2.5,Julius Randle 3+ STL,1,
651e891ab9b2f7e7e9949479a873e9bdd9510c63,20260514_094005,2026-05-14T09:40:05-03:00,2026-05-14T12:40:05+00:00,betano,basketball,NBA,props_nba_20260514_094005.csv,Minnesota Timberwolves San Antonio Spurs,minnesota timberwolves san antonio spurs,Julius Randle,julius randle,Robos (hitos),4+,0.0,15,player_steals_hito,STL,over,4,3.5,Julius Randle 4+ STL,1,
dd5424089659f3604e7dbe0f29b19d543e52f454,20260514_094005,2026-05-14T09:40:05-03:00,2026-05-14T12:40:05+00:00,betano,basketball,NBA,props_nba_20260514_094005.csv,Minnesota Timberwolves San Antonio Spurs,minnesota timberwolves san antonio spurs,Stephon Castle,stephon castle,Robos (hitos),1+,0.0,1.47,player_steals_hito,STL,over,1,0.5,Stephon Castle 1+ STL,1,
2fa0a84d10fac5a552847e65867bd5f4030e8ae9,20260514_094005,2026-05-14T09:40:05-03:00,2026-05-14T12:40:05+00:00,betano,basketball,NBA,props_nba_20260514_094005.csv,Minnesota Timberwolves San Antonio Spurs,minnesota timberwolves san antonio spurs,Stephon Castle,stephon castle,Robos (hitos),2+,0.0,3.3,player_steals_hito,STL,over,2,1.5,Stephon Castle 2+ STL,1,
13445cc50daeba79cce90bc026f58efb474f26b9,20260514_094005,2026-05-14T09:40:05-03:00,2026-05-14T12:40:05+00:00,betano,basketball,NBA,props_nba_20260514_094005.csv,Minnesota Timberwolves San Antonio Spurs,minnesota timberwolves san antonio spurs,Stephon Castle,stephon castle,Robos (hitos),3+,0.0,8,player_steals_hito,STL,over,3,2.5,Stephon Castle 3+ STL,1,
a6b2f8017deeed87ba267d6562f46f683802c4ed,20260514_094005,2026-05-14T09:40:05-03:00,2026-05-14T12:40:05+00:00,betano,basketball,NBA,props_nba_20260514_094005.csv,Minnesota Timberwolves San Antonio Spurs,minnesota timberwolves san antonio spurs,Stephon Castle,stephon castle,Robos (hitos),4+,0.0,15,player_steals_hito,STL,over,4,3.5,Stephon Castle 4+ STL,1,
20c2f174b058a76ca8bc7642967b99dfe221416b,20260514_094005,2026-05-14T09:40:05-03:00,2026-05-14T12:40:05+00:00,betano,basketball,NBA,props_nba_20260514_094005.csv,Minnesota Timberwolves San Antonio Spurs,minnesota timberwolves san antonio spurs,Ayo Dosunmu,ayo dosunmu,Robos (hitos),1+,0.0,1.5,player_steals_hito,STL,over,1,0.5,Ayo Dosunmu 1+ STL,1,
45239274c77142a5d84d4077dd760f2060e1a69b,20260514_094005,2026-05-14T09:40:05-03:00,2026-05-14T12:40:05+00:00,betano,basketball,NBA,props_nba_20260514_094005.csv,Minnesota Timberwolves San Antonio Spurs,minnesota timberwolves san antonio spurs,Ayo Dosunmu,ayo dosunmu,Robos (hitos),2+,0.0,3.4,player_steals_hito,STL,over,2,1.5,Ayo Dosunmu 2+ STL,1,
5d86d5f72db6797b98260ba34ca4eee3bdeb7d4b,20260514_094005,2026-05-14T09:40:05-03:00,2026-05-14T12:40:05+00:00,betano,basketball,NBA,props_nba_20260514_094005.csv,Minnesota Timberwolves San Antonio Spurs,minnesota timberwolves san antonio spurs,Ayo Dosunmu,ayo dosunmu,Robos (hitos),3+,0.0,8.25,player_steals_hito,STL,over,3,2.5,Ayo Dosunmu 3+ STL,1,
d119b65c2870ae9ba61afe4c7ad93a95e5d698d5,20260514_094005,2026-05-14T09:40:05-03:00,2026-05-14T12:40:05+00:00,betano,basketball,NBA,props_nba_20260514_094005.csv,Minnesota Timberwolves San Antonio Spurs,minnesota timberwolves san antonio spurs,Ayo Dosunmu,ayo dosunmu,Robos (hitos),4+,0.0,15.5,player_steals_hito,STL,over,4,3.5,Ayo Dosunmu 4+ STL,1,
e205f355eab2159c94a8de1da4f9c017a0b10b84,20260514_094005,2026-05-14T09:40:05-03:00,2026-05-14T12:40:05+00:00,betano,basketball,NBA,props_nba_20260514_094005.csv,Minnesota Timberwolves San Antonio Spurs,minnesota timberwolves san antonio spurs,Naz Reid,naz reid,Robos (hitos),1+,0.0,1.6,player_steals_hito,STL,over,1,0.5,Naz Reid 1+ STL,1,
9ee3fd3852bf744c6cec2ea8f8caf2fb192e8585,20260514_094005,2026-05-14T09:40:05-03:00,2026-05-14T12:40:05+00:00,betano,basketball,NBA,props_nba_20260514_094005.csv,Minnesota Timberwolves San Antonio Spurs,minnesota timberwolves san antonio spurs,Naz Reid,naz reid,Robos (hitos),2+,0.0,3.95,player_steals_hito,STL,over,2,1.5,Naz Reid 2+ STL,1,
30b0ec2a4d38a2c162b92b3af134a8930c7e6c5a,20260514_094005,2026-05-14T09:40:05-03:00,2026-05-14T12:40:05+00:00,betano,basketball,NBA,props_nba_20260514_094005.csv,Minnesota Timberwolves San Antonio Spurs,minnesota timberwolves san antonio spurs,Naz Reid,naz reid,Robos (hitos),3+,0.0,9.75,player_steals_hito,STL,over,3,2.5,Naz Reid 3+ STL,1,
9c5cdfb6b5601a83654b94916132faac79ca8284,20260514_094005,2026-05-14T09:40:05-03:00,2026-05-14T12:40:05+00:00,betano,basketball,NBA,props_nba_20260514_094005.csv,Minnesota Timberwolves San Antonio Spurs,minnesota timberwolves san antonio spurs,Naz Reid,naz reid,Robos (hitos),4+,0.0,16.5,player_steals_hito,STL,over,4,3.5,Naz Reid 4+ STL,1,
a827fb3590cef570dc1efc7f84ba412aee5cd31d,20260514_094005,2026-05-14T09:40:05-03:00,2026-05-14T12:40:05+00:00,betano,basketball,NBA,props_nba_20260514_094005.csv,Minnesota Timberwolves San Antonio Spurs,minnesota timberwolves san antonio spurs,Dylan Harper,dylan harper,Robos (hitos),1+,0.0,1.62,player_steals_hito,STL,over,1,0.5,Dylan Harper 1+ STL,1,
63b17e1dde4f015a24514c74e0c5b554f93e28bb,20260514_094005,2026-05-14T09:40:05-03:00,2026-05-14T12:40:05+00:00,betano,basketball,NBA,props_nba_20260514_094005.csv,Minnesota Timberwolves San Antonio Spurs,minnesota timberwolves san antonio spurs,Dylan Harper,dylan harper,Robos (hitos),2+,0.0,4.05,player_steals_hito,STL,over,2,1.5,Dylan Harper 2+ STL,1,
7bfceaae3e4579479bb21d8a716a6d070ad9e61b,20260514_094005,2026-05-14T09:40:05-03:00,2026-05-14T12:40:05+00:00,betano,basketball,NBA,props_nba_20260514_094005.csv,Minnesota Timberwolves San Antonio Spurs,minnesota timberwolves san antonio spurs,Dylan Harper,dylan harper,Robos (hitos),3+,0.0,10,player_steals_hito,STL,over,3,2.5,Dylan Harper 3+ STL,1,
c7eadb9530d091987b47af2bf131e6697f58b8e9,20260514_094005,2026-05-14T09:40:05-03:00,2026-05-14T12:40:05+00:00,betano,basketball,NBA,props_nba_20260514_094005.csv,Minnesota Timberwolves San Antonio Spurs,minnesota timberwolves san antonio spurs,Dylan Harper,dylan harper,Robos (hitos),4+,0.0,17,player_steals_hito,STL,over,4,3.5,Dylan Harper 4+ STL,1,
a71c10ce27434aa47e42f1e3d3eb184998067167,20260514_094005,2026-05-14T09:40:05-03:00,2026-05-14T12:40:05+00:00,betano,basketball,NBA,props_nba_20260514_094005.csv,Minnesota Timberwolves San Antonio Spurs,minnesota timberwolves san antonio spurs,Rudy Gobert,rudy gobert,Robos (hitos),1+,0.0,1.7,player_steals_hito,STL,over,1,0.5,Rudy Gobert 1+ STL,1,
87add1b779040baa9586450286418f7574108c03,20260514_094005,2026-05-14T09:40:05-03:00,2026-05-14T12:40:05+00:00,betano,basketball,NBA,props_nba_20260514_094005.csv,Minnesota Timberwolves San Antonio Spurs,minnesota timberwolves san antonio spurs,Rudy Gobert,rudy gobert,Robos (hitos),2+,0.0,4.4,player_steals_hito,STL,over,2,1.5,Rudy Gobert 2+ STL,1,
892e7783712ff80b661c562b4dd84151ded7fe7f,20260514_094005,2026-05-14T09:40:05-03:00,2026-05-14T12:40:05+00:00,betano,basketball,NBA,props_nba_20260514_094005.csv,Minnesota Timberwolves San Antonio Spurs,minnesota timberwolves san antonio spurs,Rudy Gobert,rudy gobert,Robos (hitos),3+,0.0,11,player_steals_hito,STL,over,3,2.5,Rudy Gobert 3+ STL,1,
d2458add22ab3515410d51a40a9944662c729c9b,20260514_094005,2026-05-14T09:40:05-03:00,2026-05-14T12:40:05+00:00,betano,basketball,NBA,props_nba_20260514_094005.csv,Minnesota Timberwolves San Antonio Spurs,minnesota timberwolves san antonio spurs,Rudy Gobert,rudy gobert,Robos (hitos),4+,0.0,17.5,player_steals_hito,STL,over,4,3.5,Rudy Gobert 4+ STL,1,
585b104b8dbaf1503f4258d9a08769917fca93ba,20260514_094005,2026-05-14T09:40:05-03:00,2026-05-14T12:40:05+00:00,betano,basketball,NBA,props_nba_20260514_094005.csv,Minnesota Timberwolves San Antonio Spurs,minnesota timberwolves san antonio spurs,Keldon Johnson,keldon johnson,Robos (hitos),1+,0.0,2,player_steals_hito,STL,over,1,0.5,Keldon Johnson 1+ STL,1,
9d55b2a37f2e02cc4a36d3ea2e8197909d1becc0,20260514_094005,2026-05-14T09:40:05-03:00,2026-05-14T12:40:05+00:00,betano,basketball,NBA,props_nba_20260514_094005.csv,Minnesota Timberwolves San Antonio Spurs,minnesota timberwolves san antonio spurs,Keldon Johnson,keldon johnson,Robos (hitos),2+,0.0,5.9,player_steals_hito,STL,over,2,1.5,Keldon Johnson 2+ STL,1,
1c281781da25597b4fa7c9e452a1340e3f967b12,20260514_094005,2026-05-14T09:40:05-03:00,2026-05-14T12:40:05+00:00,betano,basketball,NBA,props_nba_20260514_094005.csv,Minnesota Timberwolves San Antonio Spurs,minnesota timberwolves san antonio spurs,Keldon Johnson,keldon johnson,Robos (hitos),3+,0.0,14,player_steals_hito,STL,over,3,2.5,Keldon Johnson 3+ STL,1,
77ce866775e5def77151f3079d1d1b87888e15c3,20260514_094005,2026-05-14T09:40:05-03:00,2026-05-14T12:40:05+00:00,betano,basketball,NBA,props_nba_20260514_094005.csv,Minnesota Timberwolves San Antonio Spurs,minnesota timberwolves san antonio spurs,Mike Conley,mike conley,Robos (hitos),1+,0.0,2.18,player_steals_hito,STL,over,1,0.5,Mike Conley 1+ STL,1,
b62d44993ef617ff18a700a432b66b36a15341fb,20260514_094005,2026-05-14T09:40:05-03:00,2026-05-14T12:40:05+00:00,betano,basketball,NBA,props_nba_20260514_094005.csv,Minnesota Timberwolves San Antonio Spurs,minnesota timberwolves san antonio spurs,Mike Conley,mike conley,Robos (hitos),2+,0.0,6.8,player_steals_hito,STL,over,2,1.5,Mike Conley 2+ STL,1,
0c50ea2c4c737d09c8da06d78fc5376b090e0993,20260514_094005,2026-05-14T09:40:05-03:00,2026-05-14T12:40:05+00:00,betano,basketball,NBA,props_nba_20260514_094005.csv,Minnesota Timberwolves San Antonio Spurs,minnesota timberwolves san antonio spurs,Mike Conley,mike conley,Robos (hitos),3+,0.0,15,player_steals_hito,STL,over,3,2.5,Mike Conley 3+ STL,1,
561acf6e1b33410794050d4f574838095f186010,20260514_094005,2026-05-14T09:40:05-03:00,2026-05-14T12:40:05+00:00,betano,basketball,NBA,props_nba_20260514_094005.csv,Minnesota Timberwolves San Antonio Spurs,minnesota timberwolves san antonio spurs,Terrence Shannon Jr.,terrence shannon jr,Robos (hitos),1+,0.0,2.27,player_steals_hito,STL,over,1,0.5,Terrence Shannon Jr. 1+ STL,1,
676902d9fd0521213645f964c457c3bca3a91492,20260514_094005,2026-05-14T09:40:05-03:00,2026-05-14T12:40:05+00:00,betano,basketball,NBA,props_nba_20260514_094005.csv,Minnesota Timberwolves San Antonio Spurs,minnesota timberwolves san antonio spurs,Terrence Shannon Jr.,terrence shannon jr,Robos (hitos),2+,0.0,7.5,player_steals_hito,STL,over,2,1.5,Terrence Shannon Jr. 2+ STL,1,
07c43cb68953fedd2e532d649a07f797450fd7a4,20260514_094005,2026-05-14T09:40:05-03:00,2026-05-14T12:40:05+00:00,betano,basketball,NBA,props_nba_20260514_094005.csv,Minnesota Timberwolves San Antonio Spurs,minnesota timberwolves san antonio spurs,Terrence Shannon Jr.,terrence shannon jr,Robos (hitos),3+,0.0,16,player_steals_hito,STL,over,3,2.5,Terrence Shannon Jr. 3+ STL,1,
14b9eddcba66a0a85ac1313f62e3d87b953e8e74,20260514_094005,2026-05-14T09:40:05-03:00,2026-05-14T12:40:05+00:00,betano,basketball,NBA,props_nba_20260514_094005.csv,Minnesota Timberwolves San Antonio Spurs,minnesota timberwolves san antonio spurs,Luke Kornet,luke kornet,Robos (hitos),1+,0.0,2.9,player_steals_hito,STL,over,1,0.5,Luke Kornet 1+ STL,1,
689a832fb3712947f39cd7a311960dafd1a40f5c,20260514_094005,2026-05-14T09:40:05-03:00,2026-05-14T12:40:05+00:00,betano,basketball,NBA,props_nba_20260514_094005.csv,Minnesota Timberwolves San Antonio Spurs,minnesota timberwolves san antonio spurs,Luke Kornet,luke kornet,Robos (hitos),2+,0.0,10,player_steals_hito,STL,over,2,1.5,Luke Kornet 2+ STL,1,
0d092084c127ba0dc21976aa6c0a2b13ea81b4b6,20260514_094005,2026-05-14T09:40:05-03:00,2026-05-14T12:40:05+00:00,betano,basketball,NBA,props_nba_20260514_094005.csv,Minnesota Timberwolves San Antonio Spurs,minnesota timberwolves san antonio spurs,Luke Kornet,luke kornet,Robos (hitos),3+,0.0,18,player_steals_hito,STL,over,3,2.5,Luke Kornet 3+ STL,1,
a7096d6fa2438032ef6580dbd7f8c38af3986c65,20260514_094005,2026-05-14T09:40:05-03:00,2026-05-14T12:40:05+00:00,betano,basketball,NBA,props_nba_20260514_094005.csv,Minnesota Timberwolves San Antonio Spurs,minnesota timberwolves san antonio spurs,Carter Bryant,carter bryant,Robos (hitos),1+,0.0,3.9,player_steals_hito,STL,over,1,0.5,Carter Bryant 1+ STL,1,
411ab52b2297d7ddc5e935139d2c0b6d2407c747,20260514_094005,2026-05-14T09:40:05-03:00,2026-05-14T12:40:05+00:00,betano,basketball,NBA,props_nba_20260514_094005.csv,Minnesota Timberwolves San Antonio Spurs,minnesota timberwolves san antonio spurs,Carter Bryant,carter bryant,Robos (hitos),2+,0.0,14,player_steals_hito,STL,over,2,1.5,Carter Bryant 2+ STL,1,
aacdbebe85fe0c6e8da1d8902b08cd5bed6b73af,20260514_094005,2026-05-14T09:40:05-03:00,2026-05-14T12:40:05+00:00,betano,basketball,NBA,props_nba_20260514_094005.csv,Minnesota Timberwolves San Antonio Spurs,minnesota timberwolves san antonio spurs,Victor Wembanyama,victor wembanyama,Tapones (hitos),3+,0.0,1.27,player_blocks_hito,BLK,over,3,2.5,Victor Wembanyama 3+ BLK,1,
85332708143996953a2d4f74a6fc5ae05e1b9eae,20260514_094005,2026-05-14T09:40:05-03:00,2026-05-14T12:40:05+00:00,betano,basketball,NBA,props_nba_20260514_094005.csv,Minnesota Timberwolves San Antonio Spurs,minnesota timberwolves san antonio spurs,Victor Wembanyama,victor wembanyama,Tapones (hitos),4+,0.0,1.72,player_blocks_hito,BLK,over,4,3.5,Victor Wembanyama 4+ BLK,1,
b76387ccb2f2dc8422af56a0e36220ff1cdef411,20260514_094005,2026-05-14T09:40:05-03:00,2026-05-14T12:40:05+00:00,betano,basketball,NBA,props_nba_20260514_094005.csv,Minnesota Timberwolves San Antonio Spurs,minnesota timberwolves san antonio spurs,Victor Wembanyama,victor wembanyama,Tapones (hitos),5+,0.0,2.65,player_blocks_hito,BLK,over,5,4.5,Victor Wembanyama 5+ BLK,1,
19903306488e8a3e6a3304b33c5d2ac14d15a26c,20260514_094005,2026-05-14T09:40:05-03:00,2026-05-14T12:40:05+00:00,betano,basketball,NBA,props_nba_20260514_094005.csv,Minnesota Timberwolves San Antonio Spurs,minnesota timberwolves san antonio spurs,Victor Wembanyama,victor wembanyama,Tapones (hitos),6+,0.0,4.45,player_blocks_hito,BLK,over,6,5.5,Victor Wembanyama 6+ BLK,1,
6c0f9334ac312c9be99e006b7bc77257a7a785a3,20260514_094005,2026-05-14T09:40:05-03:00,2026-05-14T12:40:05+00:00,betano,basketball,NBA,props_nba_20260514_094005.csv,Minnesota Timberwolves San Antonio Spurs,minnesota timberwolves san antonio spurs,Victor Wembanyama,victor wembanyama,Tapones (hitos),7+,0.0,7.5,player_blocks_hito,BLK,over,7,6.5,Victor Wembanyama 7+ BLK,1,
1b78e88cf5a7bab595f2f658022b8fd38cf1f793,20260514_094005,2026-05-14T09:40:05-03:00,2026-05-14T12:40:05+00:00,betano,basketball,NBA,props_nba_20260514_094005.csv,Minnesota Timberwolves San Antonio Spurs,minnesota timberwolves san antonio spurs,Victor Wembanyama,victor wembanyama,Tapones (hitos),8+,0.0,11.75,player_blocks_hito,BLK,over,8,7.5,Victor Wembanyama 8+ BLK,1,
b486b711b155f4b6f4aaaadcd2e368f0b29af210,20260514_094005,2026-05-14T09:40:05-03:00,2026-05-14T12:40:05+00:00,betano,basketball,NBA,props_nba_20260514_094005.csv,Minnesota Timberwolves San Antonio Spurs,minnesota timberwolves san antonio spurs,Rudy Gobert,rudy gobert,Tapones (hitos),1+,0.0,1.42,player_blocks_hito,BLK,over,1,0.5,Rudy Gobert 1+ BLK,1,
1b5b7276af5bd64639015870938677ec3b025f96,20260514_094005,2026-05-14T09:40:05-03:00,2026-05-14T12:40:05+00:00,betano,basketball,NBA,props_nba_20260514_094005.csv,Minnesota Timberwolves San Antonio Spurs,minnesota timberwolves san antonio spurs,Rudy Gobert,rudy gobert,Tapones (hitos),2+,0.0,3,player_blocks_hito,BLK,over,2,1.5,Rudy Gobert 2+ BLK,1,
91777adf555a1760d9ddf6878c2b55588b97eb9e,20260514_094005,2026-05-14T09:40:05-03:00,2026-05-14T12:40:05+00:00,betano,basketball,NBA,props_nba_20260514_094005.csv,Minnesota Timberwolves San Antonio Spurs,minnesota timberwolves san antonio spurs,Rudy Gobert,rudy gobert,Tapones (hitos),3+,0.0,7.2,player_blocks_hito,BLK,over,3,2.5,Rudy Gobert 3+ BLK,1,
4e728f5edbb5f3060bf0bf5e67ce13518cf5288a,20260514_094005,2026-05-14T09:40:05-03:00,2026-05-14T12:40:05+00:00,betano,basketball,NBA,props_nba_20260514_094005.csv,Minnesota Timberwolves San Antonio Spurs,minnesota timberwolves san antonio spurs,Rudy Gobert,rudy gobert,Tapones (hitos),4+,0.0,14,player_blocks_hito,BLK,over,4,3.5,Rudy Gobert 4+ BLK,1,
cbb478f95de873c641735ed5404ec8b3a4ad8254,20260514_094005,2026-05-14T09:40:05-03:00,2026-05-14T12:40:05+00:00,betano,basketball,NBA,props_nba_20260514_094005.csv,Minnesota Timberwolves San Antonio Spurs,minnesota timberwolves san antonio spurs,Jaden McDaniels,jaden mcdaniels,Tapones (hitos),1+,0.0,1.67,player_blocks_hito,BLK,over,1,0.5,Jaden McDaniels 1+ BLK,1,
0230776a3784b1814b5d7ddef623abd27c9e1fcc,20260514_094005,2026-05-14T09:40:05-03:00,2026-05-14T12:40:05+00:00,betano,basketball,NBA,props_nba_20260514_094005.csv,Minnesota Timberwolves San Antonio Spurs,minnesota timberwolves san antonio spurs,Jaden McDaniels,jaden mcdaniels,Tapones (hitos),2+,0.0,4.25,player_blocks_hito,BLK,over,2,1.5,Jaden McDaniels 2+ BLK,1,
f0b247e52a9fc356c41e0d4efef8f29cdb9307af,20260514_094005,2026-05-14T09:40:05-03:00,2026-05-14T12:40:05+00:00,betano,basketball,NBA,props_nba_20260514_094005.csv,Minnesota Timberwolves San Antonio Spurs,minnesota timberwolves san antonio spurs,Jaden McDaniels,jaden mcdaniels,Tapones (hitos),3+,0.0,10.5,player_blocks_hito,BLK,over,3,2.5,Jaden McDaniels 3+ BLK,1,
573b090fe931c43dc4b2c134dd19d6fa2f7d693e,20260514_094005,2026-05-14T09:40:05-03:00,2026-05-14T12:40:05+00:00,betano,basketball,NBA,props_nba_20260514_094005.csv,Minnesota Timberwolves San Antonio Spurs,minnesota timberwolves san antonio spurs,Jaden McDaniels,jaden mcdaniels,Tapones (hitos),4+,0.0,17,player_blocks_hito,BLK,over,4,3.5,Jaden McDaniels 4+ BLK,1,
ccba3ea30e31124bdf2acfb61fd554153de318c1,20260514_094005,2026-05-14T09:40:05-03:00,2026-05-14T12:40:05+00:00,betano,basketball,NBA,props_nba_20260514_094005.csv,Minnesota Timberwolves San Antonio Spurs,minnesota timberwolves san antonio spurs,Anthony Edwards,anthony edwards,Tapones (hitos),1+,0.0,1.7,player_blocks_hito,BLK,over,1,0.5,Anthony Edwards 1+ BLK,1,
fca02262c1bd148c0b53ea1651d5f12391b3d708,20260514_094005,2026-05-14T09:40:05-03:00,2026-05-14T12:40:05+00:00,betano,basketball,NBA,props_nba_20260514_094005.csv,Minnesota Timberwolves San Antonio Spurs,minnesota timberwolves san antonio spurs,Anthony Edwards,anthony edwards,Tapones (hitos),2+,0.0,4.45,player_blocks_hito,BLK,over,2,1.5,Anthony Edwards 2+ BLK,1,
b159b96b2cdd12fc4c5ede05d352f8623eefa544,20260514_094005,2026-05-14T09:40:05-03:00,2026-05-14T12:40:05+00:00,betano,basketball,NBA,props_nba_20260514_094005.csv,Minnesota Timberwolves San Antonio Spurs,minnesota timberwolves san antonio spurs,Anthony Edwards,anthony edwards,Tapones (hitos),3+,0.0,11,player_blocks_hito,BLK,over,3,2.5,Anthony Edwards 3+ BLK,1,
bb6142bcb1d63ad053663c5f1644f2522e9d1948,20260514_094005,2026-05-14T09:40:05-03:00,2026-05-14T12:40:05+00:00,betano,basketball,NBA,props_nba_20260514_094005.csv,Minnesota Timberwolves San Antonio Spurs,minnesota timberwolves san antonio spurs,Anthony Edwards,anthony edwards,Tapones (hitos),4+,0.0,17.5,player_blocks_hito,BLK,over,4,3.5,Anthony Edwards 4+ BLK,1,
f8788210e5ad63012f29231d6aaeda01ba773d38,20260514_094005,2026-05-14T09:40:05-03:00,2026-05-14T12:40:05+00:00,betano,basketball,NBA,props_nba_20260514_094005.csv,Minnesota Timberwolves San Antonio Spurs,minnesota timberwolves san antonio spurs,Naz Reid,naz reid,Tapones (hitos),1+,0.0,1.72,player_blocks_hito,BLK,over,1,0.5,Naz Reid 1+ BLK,1,
91dbb107649661f3d42e6126595c6ae8ccba3b4b,20260514_094005,2026-05-14T09:40:05-03:00,2026-05-14T12:40:05+00:00,betano,basketball,NBA,props_nba_20260514_094005.csv,Minnesota Timberwolves San Antonio Spurs,minnesota timberwolves san antonio spurs,Naz Reid,naz reid,Tapones (hitos),2+,0.0,4.6,player_blocks_hito,BLK,over,2,1.5,Naz Reid 2+ BLK,1,
7d3c0e9ce1923b5cbbc2d970bb761434c9d48827,20260514_094005,2026-05-14T09:40:05-03:00,2026-05-14T12:40:05+00:00,betano,basketball,NBA,props_nba_20260514_094005.csv,Minnesota Timberwolves San Antonio Spurs,minnesota timberwolves san antonio spurs,Naz Reid,naz reid,Tapones (hitos),3+,0.0,11.5,player_blocks_hito,BLK,over,3,2.5,Naz Reid 3+ BLK,1,
fbb81ab570c3e4a9c4f7a072d871a11dbfc4b532,20260514_094005,2026-05-14T09:40:05-03:00,2026-05-14T12:40:05+00:00,betano,basketball,NBA,props_nba_20260514_094005.csv,Minnesota Timberwolves San Antonio Spurs,minnesota timberwolves san antonio spurs,Naz Reid,naz reid,Tapones (hitos),4+,0.0,18,player_blocks_hito,BLK,over,4,3.5,Naz Reid 4+ BLK,1,
59e52ae1a368f248e82599ce432acb45d5cc12c4,20260514_094005,2026-05-14T09:40:05-03:00,2026-05-14T12:40:05+00:00,betano,basketball,NBA,props_nba_20260514_094005.csv,Minnesota Timberwolves San Antonio Spurs,minnesota timberwolves san antonio spurs,Luke Kornet,luke kornet,Tapones (hitos),1+,0.0,2.32,player_blocks_hito,BLK,over,1,0.5,Luke Kornet 1+ BLK,1,
de608d0d25bc8d626ff80137662e88ede3b1db0e,20260514_094005,2026-05-14T09:40:05-03:00,2026-05-14T12:40:05+00:00,betano,basketball,NBA,props_nba_20260514_094005.csv,Minnesota Timberwolves San Antonio Spurs,minnesota timberwolves san antonio spurs,Luke Kornet,luke kornet,Tapones (hitos),2+,0.0,7.5,player_blocks_hito,BLK,over,2,1.5,Luke Kornet 2+ BLK,1,
3f572f36075d77aff47fa3ae3174d6b441eca46b,20260514_094005,2026-05-14T09:40:05-03:00,2026-05-14T12:40:05+00:00,betano,basketball,NBA,props_nba_20260514_094005.csv,Minnesota Timberwolves San Antonio Spurs,minnesota timberwolves san antonio spurs,Luke Kornet,luke kornet,Tapones (hitos),3+,0.0,16,player_blocks_hito,BLK,over,3,2.5,Luke Kornet 3+ BLK,1,
687d9de8775eecc968d7533b2807ab0722c7c524,20260514_094005,2026-05-14T09:40:05-03:00,2026-05-14T12:40:05+00:00,betano,basketball,NBA,props_nba_20260514_094005.csv,Minnesota Timberwolves San Antonio Spurs,minnesota timberwolves san antonio spurs,Devin Vassell,devin vassell,Tapones (hitos),1+,0.0,2.47,player_blocks_hito,BLK,over,1,0.5,Devin Vassell 1+ BLK,1,
cca6c30ee624ec8c801daf0cabfa6bee9c6648a0,20260514_094005,2026-05-14T09:40:05-03:00,2026-05-14T12:40:05+00:00,betano,basketball,NBA,props_nba_20260514_094005.csv,Minnesota Timberwolves San Antonio Spurs,minnesota timberwolves san antonio spurs,Devin Vassell,devin vassell,Tapones (hitos),2+,0.0,8.5,player_blocks_hito,BLK,over,2,1.5,Devin Vassell 2+ BLK,1,
95567a3b9e3c4e75a8445d5dbe8224a5599759a9,20260514_094005,2026-05-14T09:40:05-03:00,2026-05-14T12:40:05+00:00,betano,basketball,NBA,props_nba_20260514_094005.csv,Minnesota Timberwolves San Antonio Spurs,minnesota timberwolves san antonio spurs,Devin Vassell,devin vassell,Tapones (hitos),3+,0.0,17,player_blocks_hito,BLK,over,3,2.5,Devin Vassell 3+ BLK,1,
39f5d0aaeb270d86e87e45b3fe5f01bf9273f630,20260514_094005,2026-05-14T09:40:05-03:00,2026-05-14T12:40:05+00:00,betano,basketball,NBA,props_nba_20260514_094005.csv,Minnesota Timberwolves San Antonio Spurs,minnesota timberwolves san antonio spurs,Ayo Dosunmu,ayo dosunmu,Tapones (hitos),1+,0.0,3,player_blocks_hito,BLK,over,1,0.5,Ayo Dosunmu 1+ BLK,1,
5f8edf7fba0afcd090cbd98ffd08aac97249abf6,20260514_094005,2026-05-14T09:40:05-03:00,2026-05-14T12:40:05+00:00,betano,basketball,NBA,props_nba_20260514_094005.csv,Minnesota Timberwolves San Antonio Spurs,minnesota timberwolves san antonio spurs,Ayo Dosunmu,ayo dosunmu,Tapones (hitos),2+,0.0,10.5,player_blocks_hito,BLK,over,2,1.5,Ayo Dosunmu 2+ BLK,1,
d67653220771b0e327f59080c7f0782f1246d713,20260514_094005,2026-05-14T09:40:05-03:00,2026-05-14T12:40:05+00:00,betano,basketball,NBA,props_nba_20260514_094005.csv,Minnesota Timberwolves San Antonio Spurs,minnesota timberwolves san antonio spurs,Ayo Dosunmu,ayo dosunmu,Tapones (hitos),3+,0.0,18.5,player_blocks_hito,BLK,over,3,2.5,Ayo Dosunmu 3+ BLK,1,
720e0af7b2b4335b6bcd772250103123947745e7,20260514_094005,2026-05-14T09:40:05-03:00,2026-05-14T12:40:05+00:00,betano,basketball,NBA,props_nba_20260514_094005.csv,Minnesota Timberwolves San Antonio Spurs,minnesota timberwolves san antonio spurs,Julian Champagnie,julian champagnie,Tapones (hitos),1+,0.0,3,player_blocks_hito,BLK,over,1,0.5,Julian Champagnie 1+ BLK,1,
e3a43915708a01bcbef82ece210b8876d5ae51bc,20260514_094005,2026-05-14T09:40:05-03:00,2026-05-14T12:40:05+00:00,betano,basketball,NBA,props_nba_20260514_094005.csv,Minnesota Timberwolves San Antonio Spurs,minnesota timberwolves san antonio spurs,Julian Champagnie,julian champagnie,Tapones (hitos),2+,0.0,10.75,player_blocks_hito,BLK,over,2,1.5,Julian Champagnie 2+ BLK,1,
08613305666709e5660f670e44f0d12e27201aca,20260514_094005,2026-05-14T09:40:05-03:00,2026-05-14T12:40:05+00:00,betano,basketball,NBA,props_nba_20260514_094005.csv,Minnesota Timberwolves San Antonio Spurs,minnesota timberwolves san antonio spurs,Julian Champagnie,julian champagnie,Tapones (hitos),3+,0.0,18.5,player_blocks_hito,BLK,over,3,2.5,Julian Champagnie 3+ BLK,1,
a3ad5c3831e3cfd7e468d722b50ac151f6ed0325,20260514_094005,2026-05-14T09:40:05-03:00,2026-05-14T12:40:05+00:00,betano,basketball,NBA,props_nba_20260514_094005.csv,Minnesota Timberwolves San Antonio Spurs,minnesota timberwolves san antonio spurs,Stephon Castle,stephon castle,Tapones (hitos),1+,0.0,3.35,player_blocks_hito,BLK,over,1,0.5,Stephon Castle 1+ BLK,1,
04ec1b6e05b3c16c2962c6fb0433d658fc173e8e,20260514_094005,2026-05-14T09:40:05-03:00,2026-05-14T12:40:05+00:00,betano,basketball,NBA,props_nba_20260514_094005.csv,Minnesota Timberwolves San Antonio Spurs,minnesota timberwolves san antonio spurs,Stephon Castle,stephon castle,Tapones (hitos),2+,0.0,12,player_blocks_hito,BLK,over,2,1.5,Stephon Castle 2+ BLK,1,
852dc8d078cc1a4c49099f2e3a32350aa30df23e,20260514_094005,2026-05-14T09:40:05-03:00,2026-05-14T12:40:05+00:00,betano,basketball,NBA,props_nba_20260514_094005.csv,Minnesota Timberwolves San Antonio Spurs,minnesota timberwolves san antonio spurs,Dylan Harper,dylan harper,Tapones (hitos),1+,0.0,3.55,player_blocks_hito,BLK,over,1,0.5,Dylan Harper 1+ BLK,1,
188b06754e6a3c642fec0341f66283aedcdf8a25,20260514_094005,2026-05-14T09:40:05-03:00,2026-05-14T12:40:05+00:00,betano,basketball,NBA,props_nba_20260514_094005.csv,Minnesota Timberwolves San Antonio Spurs,minnesota timberwolves san antonio spurs,Dylan Harper,dylan harper,Tapones (hitos),2+,0.0,13,player_blocks_hito,BLK,over,2,1.5,Dylan Harper 2+ BLK,1,
a40ee264155a943f79a009c7f305c4e4af87e685,20260514_094005,2026-05-14T09:40:05-03:00,2026-05-14T12:40:05+00:00,betano,basketball,NBA,props_nba_20260514_094005.csv,Minnesota Timberwolves San Antonio Spurs,minnesota timberwolves san antonio spurs,De'Aaron Fox,de aaron fox,Tapones (hitos),1+,0.0,4.2,player_blocks_hito,BLK,over,1,0.5,De'Aaron Fox 1+ BLK,1,
3431138d7c4bde6291debec7ea0a70a3d7c031f7,20260514_094005,2026-05-14T09:40:05-03:00,2026-05-14T12:40:05+00:00,betano,basketball,NBA,props_nba_20260514_094005.csv,Minnesota Timberwolves San Antonio Spurs,minnesota timberwolves san antonio spurs,De'Aaron Fox,de aaron fox,Tapones (hitos),2+,0.0,14.5,player_blocks_hito,BLK,over,2,1.5,De'Aaron Fox 2+ BLK,1,
73323fb505d713065f30e0bc5f3e579fccabf9e8,20260514_094005,2026-05-14T09:40:05-03:00,2026-05-14T12:40:05+00:00,betano,basketball,NBA,props_nba_20260514_094005.csv,Minnesota Timberwolves San Antonio Spurs,minnesota timberwolves san antonio spurs,Carter Bryant,carter bryant,Tapones (hitos),1+,0.0,4.25,player_blocks_hito,BLK,over,1,0.5,Carter Bryant 1+ BLK,1,
b812685580b3804ab46ab546b5d5ff7e229e03cf,20260514_094005,2026-05-14T09:40:05-03:00,2026-05-14T12:40:05+00:00,betano,basketball,NBA,props_nba_20260514_094005.csv,Minnesota Timberwolves San Antonio Spurs,minnesota timberwolves san antonio spurs,Carter Bryant,carter bryant,Tapones (hitos),2+,0.0,14.5,player_blocks_hito,BLK,over,2,1.5,Carter Bryant 2+ BLK,1,
a63a24fc4cce7710e8ac9580dbb0831c8abc382b,20260514_094005,2026-05-14T09:40:05-03:00,2026-05-14T12:40:05+00:00,betano,basketball,NBA,props_nba_20260514_094005.csv,Minnesota Timberwolves San Antonio Spurs,minnesota timberwolves san antonio spurs,Keldon Johnson,keldon johnson,Tapones (hitos),1+,0.0,4.8,player_blocks_hito,BLK,over,1,0.5,Keldon Johnson 1+ BLK,1,
79f19a0b0eb79f375ec001c3586e5380e1d9fca6,20260514_094005,2026-05-14T09:40:05-03:00,2026-05-14T12:40:05+00:00,betano,basketball,NBA,props_nba_20260514_094005.csv,Minnesota Timberwolves San Antonio Spurs,minnesota timberwolves san antonio spurs,Keldon Johnson,keldon johnson,Tapones (hitos),2+,0.0,16,player_blocks_hito,BLK,over,2,1.5,Keldon Johnson 2+ BLK,1,
83367b1107abdc1bf9d79045d0ed6a1efbcf2f90,20260514_094005,2026-05-14T09:40:05-03:00,2026-05-14T12:40:05+00:00,betano,basketball,NBA,props_nba_20260514_094005.csv,Minnesota Timberwolves San Antonio Spurs,minnesota timberwolves san antonio spurs,Julius Randle,julius randle,Tapones (hitos),1+,0.0,5.1,player_blocks_hito,BLK,over,1,0.5,Julius Randle 1+ BLK,1,
bdb06f4c2cda62ed39469a6f54d6b07cee4dc938,20260514_094005,2026-05-14T09:40:05-03:00,2026-05-14T12:40:05+00:00,betano,basketball,NBA,props_nba_20260514_094005.csv,Minnesota Timberwolves San Antonio Spurs,minnesota timberwolves san antonio spurs,Julius Randle,julius randle,Tapones (hitos),2+,0.0,16.5,player_blocks_hito,BLK,over,2,1.5,Julius Randle 2+ BLK,1,
bf9174550c98e352c949cc033e7d223fa883146c,20260514_094005,2026-05-14T09:40:05-03:00,2026-05-14T12:40:05+00:00,betano,basketball,NBA,props_nba_20260514_094005.csv,Minnesota Timberwolves San Antonio Spurs,minnesota timberwolves san antonio spurs,Mike Conley,mike conley,Tapones (hitos),1+,0.0,5.3,player_blocks_hito,BLK,over,1,0.5,Mike Conley 1+ BLK,1,
55fa322d1bb820da9bd0fe6fc6ea77cfb654cda9,20260514_094005,2026-05-14T09:40:05-03:00,2026-05-14T12:40:05+00:00,betano,basketball,NBA,props_nba_20260514_094005.csv,Minnesota Timberwolves San Antonio Spurs,minnesota timberwolves san antonio spurs,Mike Conley,mike conley,Tapones (hitos),2+,0.0,17,player_blocks_hito,BLK,over,2,1.5,Mike Conley 2+ BLK,1,
f836502566396c98533f59debab903e3f5e3e000,20260514_094005,2026-05-14T09:40:05-03:00,2026-05-14T12:40:05+00:00,betano,basketball,NBA,props_nba_20260514_094005.csv,Minnesota Timberwolves San Antonio Spurs,minnesota timberwolves san antonio spurs,Victor Wembanyama,victor wembanyama,PRA (hitos),42+,0.0,1.57,player_pra_hito,PRA,over,42,41.5,Victor Wembanyama 42+ PRA,1,
9b70f544685c898e61a601ee170a3b3a0170d3be,20260514_094005,2026-05-14T09:40:05-03:00,2026-05-14T12:40:05+00:00,betano,basketball,NBA,props_nba_20260514_094005.csv,Minnesota Timberwolves San Antonio Spurs,minnesota timberwolves san antonio spurs,Victor Wembanyama,victor wembanyama,PRA (hitos),43+,0.0,1.72,player_pra_hito,PRA,over,43,42.5,Victor Wembanyama 43+ PRA,1,
5cae35adf9450742904d776f7b4e8e4c2d1aeca5,20260514_094005,2026-05-14T09:40:05-03:00,2026-05-14T12:40:05+00:00,betano,basketball,NBA,props_nba_20260514_094005.csv,Minnesota Timberwolves San Antonio Spurs,minnesota timberwolves san antonio spurs,Victor Wembanyama,victor wembanyama,PRA (hitos),44+,0.0,1.87,player_pra_hito,PRA,over,44,43.5,Victor Wembanyama 44+ PRA,1,
ab9ae8df3f8007c4864c06dc144c8df0a43275a3,20260514_094005,2026-05-14T09:40:05-03:00,2026-05-14T12:40:05+00:00,betano,basketball,NBA,props_nba_20260514_094005.csv,Minnesota Timberwolves San Antonio Spurs,minnesota timberwolves san antonio spurs,Victor Wembanyama,victor wembanyama,PRA (hitos),45+,0.0,2.07,player_pra_hito,PRA,over,45,44.5,Victor Wembanyama 45+ PRA,1,
c4a2f8e735d576dcc5164cd3f3c96733cf4144d3,20260514_094005,2026-05-14T09:40:05-03:00,2026-05-14T12:40:05+00:00,betano,basketball,NBA,props_nba_20260514_094005.csv,Minnesota Timberwolves San Antonio Spurs,minnesota timberwolves san antonio spurs,Victor Wembanyama,victor wembanyama,PRA (hitos),46+,0.0,2.3,player_pra_hito,PRA,over,46,45.5,Victor Wembanyama 46+ PRA,1,
253459ae4c8d94d118ccd3772f62480fa0a447a3,20260514_094005,2026-05-14T09:40:05-03:00,2026-05-14T12:40:05+00:00,betano,basketball,NBA,props_nba_20260514_094005.csv,Minnesota Timberwolves San Antonio Spurs,minnesota timberwolves san antonio spurs,Victor Wembanyama,victor wembanyama,PRA (hitos),47+,0.0,2.57,player_pra_hito,PRA,over,47,46.5,Victor Wembanyama 47+ PRA,1,
52af7b26ebdd3f4f2fb580d33ee884948da2e441,20260514_094005,2026-05-14T09:40:05-03:00,2026-05-14T12:40:05+00:00,betano,basketball,NBA,props_nba_20260514_094005.csv,Minnesota Timberwolves San Antonio Spurs,minnesota timberwolves san antonio spurs,Victor Wembanyama,victor wembanyama,PRA (hitos),48+,0.0,2.87,player_pra_hito,PRA,over,48,47.5,Victor Wembanyama 48+ PRA,1,
d71a753b68cc5c863ef32fdf6d2c32c6b028be9c,20260514_094005,2026-05-14T09:40:05-03:00,2026-05-14T12:40:05+00:00,betano,basketball,NBA,props_nba_20260514_094005.csv,Minnesota Timberwolves San Antonio Spurs,minnesota timberwolves san antonio spurs,Victor Wembanyama,victor wembanyama,PRA (hitos),49+,0.0,3.2,player_pra_hito,PRA,over,49,48.5,Victor Wembanyama 49+ PRA,1,
0ecc450e909ab1e21e82b0da5782e5ed5c1b910b,20260514_094005,2026-05-14T09:40:05-03:00,2026-05-14T12:40:05+00:00,betano,basketball,NBA,props_nba_20260514_094005.csv,Minnesota Timberwolves San Antonio Spurs,minnesota timberwolves san antonio spurs,Victor Wembanyama,victor wembanyama,PRA (hitos),50+,0.0,3.65,player_pra_hito,PRA,over,50,49.5,Victor Wembanyama 50+ PRA,1,
cb00b0dae021107a3e7e2047c8744f44f2f309a6,20260514_094005,2026-05-14T09:40:05-03:00,2026-05-14T12:40:05+00:00,betano,basketball,NBA,props_nba_20260514_094005.csv,Minnesota Timberwolves San Antonio Spurs,minnesota timberwolves san antonio spurs,Anthony Edwards,anthony edwards,PRA (hitos),34+,0.0,1.5,player_pra_hito,PRA,over,34,33.5,Anthony Edwards 34+ PRA,1,
cd84a9bb51f6a60f551288139615359453233e21,20260514_094005,2026-05-14T09:40:05-03:00,2026-05-14T12:40:05+00:00,betano,basketball,NBA,props_nba_20260514_094005.csv,Minnesota Timberwolves San Antonio Spurs,minnesota timberwolves san antonio spurs,Anthony Edwards,anthony edwards,PRA (hitos),35+,0.0,1.62,player_pra_hito,PRA,over,35,34.5,Anthony Edwards 35+ PRA,1,
b47e5a57cbe575ce97a7870bd8bcf0913b66f3ad,20260514_094005,2026-05-14T09:40:05-03:00,2026-05-14T12:40:05+00:00,betano,basketball,NBA,props_nba_20260514_094005.csv,Minnesota Timberwolves San Antonio Spurs,minnesota timberwolves san antonio spurs,Anthony Edwards,anthony edwards,PRA (hitos),36+,0.0,1.78,player_pra_hito,PRA,over,36,35.5,Anthony Edwards 36+ PRA,1,
2405e8dc9525b90bed2c9cf43444511366c1e7a1,20260514_094005,2026-05-14T09:40:05-03:00,2026-05-14T12:40:05+00:00,betano,basketball,NBA,props_nba_20260514_094005.csv,Minnesota Timberwolves San Antonio Spurs,minnesota timberwolves san antonio spurs,Anthony Edwards,anthony edwards,PRA (hitos),37+,0.0,1.95,player_pra_hito,PRA,over,37,36.5,Anthony Edwards 37+ PRA,1,
c133c7592b27b07adad7a2d6ccc0cf0b834280f8,20260514_094005,2026-05-14T09:40:05-03:00,2026-05-14T12:40:05+00:00,betano,basketball,NBA,props_nba_20260514_094005.csv,Minnesota Timberwolves San Antonio Spurs,minnesota timberwolves san antonio spurs,Anthony Edwards,anthony edwards,PRA (hitos),38+,0.0,2.18,player_pra_hito,PRA,over,38,37.5,Anthony Edwards 38+ PRA,1,
7666b52b89f08f7ddc6d07160554fda3f39eead7,20260514_094005,2026-05-14T09:40:05-03:00,2026-05-14T12:40:05+00:00,betano,basketball,NBA,props_nba_20260514_094005.csv,Minnesota Timberwolves San Antonio Spurs,minnesota timberwolves san antonio spurs,Anthony Edwards,anthony edwards,PRA (hitos),39+,0.0,2.42,player_pra_hito,PRA,over,39,38.5,Anthony Edwards 39+ PRA,1,
4c28cdcd3a4b312f206f2fc6544d67ccb1adc70c,20260514_094005,2026-05-14T09:40:05-03:00,2026-05-14T12:40:05+00:00,betano,basketball,NBA,props_nba_20260514_094005.csv,Minnesota Timberwolves San Antonio Spurs,minnesota timberwolves san antonio spurs,Anthony Edwards,anthony edwards,PRA (hitos),40+,0.0,2.72,player_pra_hito,PRA,over,40,39.5,Anthony Edwards 40+ PRA,1,
be3b6e05da92b7231e7d43bb4298f6c4c53d162b,20260514_094005,2026-05-14T09:40:05-03:00,2026-05-14T12:40:05+00:00,betano,basketball,NBA,props_nba_20260514_094005.csv,Minnesota Timberwolves San Antonio Spurs,minnesota timberwolves san antonio spurs,Anthony Edwards,anthony edwards,PRA (hitos),41+,0.0,3.1,player_pra_hito,PRA,over,41,40.5,Anthony Edwards 41+ PRA,1,
761f661eb96790ac5364fd948c84bd5c5723565c,20260514_094005,2026-05-14T09:40:05-03:00,2026-05-14T12:40:05+00:00,betano,basketball,NBA,props_nba_20260514_094005.csv,Minnesota Timberwolves San Antonio Spurs,minnesota timberwolves san antonio spurs,Anthony Edwards,anthony edwards,PRA (hitos),42+,0.0,3.5,player_pra_hito,PRA,over,42,41.5,Anthony Edwards 42+ PRA,1,
330b703c8982ecb7f531351e208289181f47e0b7,20260514_094005,2026-05-14T09:40:05-03:00,2026-05-14T12:40:05+00:00,betano,basketball,NBA,props_nba_20260514_094005.csv,Minnesota Timberwolves San Antonio Spurs,minnesota timberwolves san antonio spurs,Stephon Castle,stephon castle,PRA (hitos),26+,0.0,1.42,player_pra_hito,PRA,over,26,25.5,Stephon Castle 26+ PRA,1,
d58d56c67a637ef594e0455b54bceab8176a3088,20260514_094005,2026-05-14T09:40:05-03:00,2026-05-14T12:40:05+00:00,betano,basketball,NBA,props_nba_20260514_094005.csv,Minnesota Timberwolves San Antonio Spurs,minnesota timberwolves san antonio spurs,Stephon Castle,stephon castle,PRA (hitos),27+,0.0,1.53,player_pra_hito,PRA,over,27,26.5,Stephon Castle 27+ PRA,1,
413c7e7c7e7ff940175779c3c104d621cfeb6827,20260514_094005,2026-05-14T09:40:05-03:00,2026-05-14T12:40:05+00:00,betano,basketball,NBA,props_nba_20260514_094005.csv,Minnesota Timberwolves San Antonio Spurs,minnesota timberwolves san antonio spurs,Stephon Castle,stephon castle,PRA (hitos),28+,0.0,1.7,player_pra_hito,PRA,over,28,27.5,Stephon Castle 28+ PRA,1,
d909c97a50d758d5eda2635d033a5573bba31ec9,20260514_094005,2026-05-14T09:40:05-03:00,2026-05-14T12:40:05+00:00,betano,basketball,NBA,props_nba_20260514_094005.csv,Minnesota Timberwolves San Antonio Spurs,minnesota timberwolves san antonio spurs,Stephon Castle,stephon castle,PRA (hitos),29+,0.0,1.9,player_pra_hito,PRA,over,29,28.5,Stephon Castle 29+ PRA,1,
a1624a0a7a2f36146188d7a0d689eb21c65bea56,20260514_094005,2026-05-14T09:40:05-03:00,2026-05-14T12:40:05+00:00,betano,basketball,NBA,props_nba_20260514_094005.csv,Minnesota Timberwolves San Antonio Spurs,minnesota timberwolves san antonio spurs,Stephon Castle,stephon castle,PRA (hitos),30+,0.0,2.15,player_pra_hito,PRA,over,30,29.5,Stephon Castle 30+ PRA,1,
3848508e6e4bc1028ede89bd3cc68915e73806ea,20260514_094005,2026-05-14T09:40:05-03:00,2026-05-14T12:40:05+00:00,betano,basketball,NBA,props_nba_20260514_094005.csv,Minnesota Timberwolves San Antonio Spurs,minnesota timberwolves san antonio spurs,Stephon Castle,stephon castle,PRA (hitos),31+,0.0,2.45,player_pra_hito,PRA,over,31,30.5,Stephon Castle 31+ PRA,1,
1ca309cd15623fcb19fb90b884000b88cb2824b7,20260514_094005,2026-05-14T09:40:05-03:00,2026-05-14T12:40:05+00:00,betano,basketball,NBA,props_nba_20260514_094005.csv,Minnesota Timberwolves San Antonio Spurs,minnesota timberwolves san antonio spurs,Stephon Castle,stephon castle,PRA (hitos),32+,0.0,2.82,player_pra_hito,PRA,over,32,31.5,Stephon Castle 32+ PRA,1,
6602599e1276b02bba869647a4a5a08ad13c615e,20260514_094005,2026-05-14T09:40:05-03:00,2026-05-14T12:40:05+00:00,betano,basketball,NBA,props_nba_20260514_094005.csv,Minnesota Timberwolves San Antonio Spurs,minnesota timberwolves san antonio spurs,Stephon Castle,stephon castle,PRA (hitos),33+,0.0,3.3,player_pra_hito,PRA,over,33,32.5,Stephon Castle 33+ PRA,1,
d7a66fa9b55a017835d9e334b83137ee42e84be0,20260514_094005,2026-05-14T09:40:05-03:00,2026-05-14T12:40:05+00:00,betano,basketball,NBA,props_nba_20260514_094005.csv,Minnesota Timberwolves San Antonio Spurs,minnesota timberwolves san antonio spurs,Stephon Castle,stephon castle,PRA (hitos),34+,0.0,3.85,player_pra_hito,PRA,over,34,33.5,Stephon Castle 34+ PRA,1,
66f91ed4d30520818be2c0b8a0d3063bdbd328c0,20260514_094005,2026-05-14T09:40:05-03:00,2026-05-14T12:40:05+00:00,betano,basketball,NBA,props_nba_20260514_094005.csv,Minnesota Timberwolves San Antonio Spurs,minnesota timberwolves san antonio spurs,De'Aaron Fox,de aaron fox,PRA (hitos),25+,0.0,1.52,player_pra_hito,PRA,over,25,24.5,De'Aaron Fox 25+ PRA,1,
cbefdc6cf340705e6bbda8c04d1404b3c33debd4,20260514_094005,2026-05-14T09:40:05-03:00,2026-05-14T12:40:05+00:00,betano,basketball,NBA,props_nba_20260514_094005.csv,Minnesota Timberwolves San Antonio Spurs,minnesota timberwolves san antonio spurs,De'Aaron Fox,de aaron fox,PRA (hitos),27+,0.0,1.85,player_pra_hito,PRA,over,27,26.5,De'Aaron Fox 27+ PRA,1,
fe13ebf67655fc1f82e508296d0fd14003eb8db9,20260514_094005,2026-05-14T09:40:05-03:00,2026-05-14T12:40:05+00:00,betano,basketball,NBA,props_nba_20260514_094005.csv,Minnesota Timberwolves San Antonio Spurs,minnesota timberwolves san antonio spurs,De'Aaron Fox,de aaron fox,PRA (hitos),29+,0.0,2.37,player_pra_hito,PRA,over,29,28.5,De'Aaron Fox 29+ PRA,1,
d67506d9605856e7a87cbdaf76497c142c6546df,20260514_094005,2026-05-14T09:40:05-03:00,2026-05-14T12:40:05+00:00,betano,basketball,NBA,props_nba_20260514_094005.csv,Minnesota Timberwolves San Antonio Spurs,minnesota timberwolves san antonio spurs,De'Aaron Fox,de aaron fox,PRA (hitos),31+,0.0,3.1,player_pra_hito,PRA,over,31,30.5,De'Aaron Fox 31+ PRA,1,
2d488a7566af14940ac751e39bf0f8c9d149a27b,20260514_094005,2026-05-14T09:40:05-03:00,2026-05-14T12:40:05+00:00,betano,basketball,NBA,props_nba_20260514_094005.csv,Minnesota Timberwolves San Antonio Spurs,minnesota timberwolves san antonio spurs,De'Aaron Fox,de aaron fox,PRA (hitos),33+,0.0,4.25,player_pra_hito,PRA,over,33,32.5,De'Aaron Fox 33+ PRA,1,
b1be8780e69c99210fb7f0bbbb75968b0469aa5e,20260514_094005,2026-05-14T09:40:05-03:00,2026-05-14T12:40:05+00:00,betano,basketball,NBA,props_nba_20260514_094005.csv,Minnesota Timberwolves San Antonio Spurs,minnesota timberwolves san antonio spurs,De'Aaron Fox,de aaron fox,PRA (hitos),35+,0.0,5.9,player_pra_hito,PRA,over,35,34.5,De'Aaron Fox 35+ PRA,1,
1c962c3570de63be640dc22d916f91dda87a04d0,20260514_094005,2026-05-14T09:40:05-03:00,2026-05-14T12:40:05+00:00,betano,basketball,NBA,props_nba_20260514_094005.csv,Minnesota Timberwolves San Antonio Spurs,minnesota timberwolves san antonio spurs,De'Aaron Fox,de aaron fox,PRA (hitos),37+,0.0,8.25,player_pra_hito,PRA,over,37,36.5,De'Aaron Fox 37+ PRA,1,
ae91f4b437febf79a4027f9e088d5f4caa4cae69,20260514_094005,2026-05-14T09:40:05-03:00,2026-05-14T12:40:05+00:00,betano,basketball,NBA,props_nba_20260514_094005.csv,Minnesota Timberwolves San Antonio Spurs,minnesota timberwolves san antonio spurs,De'Aaron Fox,de aaron fox,PRA (hitos),39+,0.0,10.75,player_pra_hito,PRA,over,39,38.5,De'Aaron Fox 39+ PRA,1,
39ccea1e967dd07fc5547d0677bef140e544dc48,20260514_094005,2026-05-14T09:40:05-03:00,2026-05-14T12:40:05+00:00,betano,basketball,NBA,props_nba_20260514_094005.csv,Minnesota Timberwolves San Antonio Spurs,minnesota timberwolves san antonio spurs,De'Aaron Fox,de aaron fox,PRA (hitos),41+,0.0,14,player_pra_hito,PRA,over,41,40.5,De'Aaron Fox 41+ PRA,1,
bd19fcaa3c09826e3091f2db28984749b04fc21a,20260514_094005,2026-05-14T09:40:05-03:00,2026-05-14T12:40:05+00:00,betano,basketball,NBA,props_nba_20260514_094005.csv,Minnesota Timberwolves San Antonio Spurs,minnesota timberwolves san antonio spurs,Julius Randle,julius randle,PRA (hitos),24+,0.0,1.45,player_pra_hito,PRA,over,24,23.5,Julius Randle 24+ PRA,1,
403e5c0ccec9e220df6477fc9e4c5f567f22522e,20260514_094005,2026-05-14T09:40:05-03:00,2026-05-14T12:40:05+00:00,betano,basketball,NBA,props_nba_20260514_094005.csv,Minnesota Timberwolves San Antonio Spurs,minnesota timberwolves san antonio spurs,Julius Randle,julius randle,PRA (hitos),25+,0.0,1.6,player_pra_hito,PRA,over,25,24.5,Julius Randle 25+ PRA,1,
c3aeceeeeb06d04a689cfb90e7fa807af8533d8b,20260514_094005,2026-05-14T09:40:05-03:00,2026-05-14T12:40:05+00:00,betano,basketball,NBA,props_nba_20260514_094005.csv,Minnesota Timberwolves San Antonio Spurs,minnesota timberwolves san antonio spurs,Julius Randle,julius randle,PRA (hitos),26+,0.0,1.78,player_pra_hito,PRA,over,26,25.5,Julius Randle 26+ PRA,1,
13017852c16f785b4257b8d65113a152a9c2ed23,20260514_094005,2026-05-14T09:40:05-03:00,2026-05-14T12:40:05+00:00,betano,basketball,NBA,props_nba_20260514_094005.csv,Minnesota Timberwolves San Antonio Spurs,minnesota timberwolves san antonio spurs,Julius Randle,julius randle,PRA (hitos),27+,0.0,1.98,player_pra_hito,PRA,over,27,26.5,Julius Randle 27+ PRA,1,
e7476a94ab1f65d2c44b936707c12fe6dcc07bea,20260514_094005,2026-05-14T09:40:05-03:00,2026-05-14T12:40:05+00:00,betano,basketball,NBA,props_nba_20260514_094005.csv,Minnesota Timberwolves San Antonio Spurs,minnesota timberwolves san antonio spurs,Julius Randle,julius randle,PRA (hitos),28+,0.0,2.25,player_pra_hito,PRA,over,28,27.5,Julius Randle 28+ PRA,1,
6bccacb8b3eec7b9588b2a7cc350343c5b7155bd,20260514_094005,2026-05-14T09:40:05-03:00,2026-05-14T12:40:05+00:00,betano,basketball,NBA,props_nba_20260514_094005.csv,Minnesota Timberwolves San Antonio Spurs,minnesota timberwolves san antonio spurs,Julius Randle,julius randle,PRA (hitos),29+,0.0,2.6,player_pra_hito,PRA,over,29,28.5,Julius Randle 29+ PRA,1,
ddb5eb9a432870b1ac5a7131ebe9ff3b25a61987,20260514_094005,2026-05-14T09:40:05-03:00,2026-05-14T12:40:05+00:00,betano,basketball,NBA,props_nba_20260514_094005.csv,Minnesota Timberwolves San Antonio Spurs,minnesota timberwolves san antonio spurs,Julius Randle,julius randle,PRA (hitos),30+,0.0,3,player_pra_hito,PRA,over,30,29.5,Julius Randle 30+ PRA,1,
7f76784e87d9c36429a530937760cc6fb0219cad,20260514_094005,2026-05-14T09:40:05-03:00,2026-05-14T12:40:05+00:00,betano,basketball,NBA,props_nba_20260514_094005.csv,Minnesota Timberwolves San Antonio Spurs,minnesota timberwolves san antonio spurs,Julius Randle,julius randle,PRA (hitos),31+,0.0,3.5,player_pra_hito,PRA,over,31,30.5,Julius Randle 31+ PRA,1,
85fbc55151297e581d11a526df73d062e35097b8,20260514_094005,2026-05-14T09:40:05-03:00,2026-05-14T12:40:05+00:00,betano,basketball,NBA,props_nba_20260514_094005.csv,Minnesota Timberwolves San Antonio Spurs,minnesota timberwolves san antonio spurs,Julius Randle,julius randle,PRA (hitos),32+,0.0,4.15,player_pra_hito,PRA,over,32,31.5,Julius Randle 32+ PRA,1,
dc9880ca07b7b8d328173f577581ddfe5fe40d66,20260514_094005,2026-05-14T09:40:05-03:00,2026-05-14T12:40:05+00:00,betano,basketball,NBA,props_nba_20260514_094005.csv,Minnesota Timberwolves San Antonio Spurs,minnesota timberwolves san antonio spurs,Jaden McDaniels,jaden mcdaniels,PRA (hitos),22+,0.0,1.44,player_pra_hito,PRA,over,22,21.5,Jaden McDaniels 22+ PRA,1,
f6807ae6eabba26bc6a8818fd3769ae327e3ccbd,20260514_094005,2026-05-14T09:40:05-03:00,2026-05-14T12:40:05+00:00,betano,basketball,NBA,props_nba_20260514_094005.csv,Minnesota Timberwolves San Antonio Spurs,minnesota timberwolves san antonio spurs,Jaden McDaniels,jaden mcdaniels,PRA (hitos),23+,0.0,1.57,player_pra_hito,PRA,over,23,22.5,Jaden McDaniels 23+ PRA,1,
b0944d5cb5b4a64646d647282c7ac8dbcd3aa46f,20260514_094005,2026-05-14T09:40:05-03:00,2026-05-14T12:40:05+00:00,betano,basketball,NBA,props_nba_20260514_094005.csv,Minnesota Timberwolves San Antonio Spurs,minnesota timberwolves san antonio spurs,Jaden McDaniels,jaden mcdaniels,PRA (hitos),24+,0.0,1.75,player_pra_hito,PRA,over,24,23.5,Jaden McDaniels 24+ PRA,1,
47ed15e414a2057992b829abcdb390c54629480c,20260514_094005,2026-05-14T09:40:05-03:00,2026-05-14T12:40:05+00:00,betano,basketball,NBA,props_nba_20260514_094005.csv,Minnesota Timberwolves San Antonio Spurs,minnesota timberwolves san antonio spurs,Jaden McDaniels,jaden mcdaniels,PRA (hitos),25+,0.0,1.98,player_pra_hito,PRA,over,25,24.5,Jaden McDaniels 25+ PRA,1,
15a9d2396240deb1fd067398607715ef087e3668,20260514_094005,2026-05-14T09:40:05-03:00,2026-05-14T12:40:05+00:00,betano,basketball,NBA,props_nba_20260514_094005.csv,Minnesota Timberwolves San Antonio Spurs,minnesota timberwolves san antonio spurs,Jaden McDaniels,jaden mcdaniels,PRA (hitos),26+,0.0,2.25,player_pra_hito,PRA,over,26,25.5,Jaden McDaniels 26+ PRA,1,
9ec11f149649a3ce6eb786c1bfbdffd7410b8a0d,20260514_094005,2026-05-14T09:40:05-03:00,2026-05-14T12:40:05+00:00,betano,basketball,NBA,props_nba_20260514_094005.csv,Minnesota Timberwolves San Antonio Spurs,minnesota timberwolves san antonio spurs,Jaden McDaniels,jaden mcdaniels,PRA (hitos),27+,0.0,2.6,player_pra_hito,PRA,over,27,26.5,Jaden McDaniels 27+ PRA,1,
8982ac9d6e701b9f6f5740eb4392ba63bea08d0a,20260514_094005,2026-05-14T09:40:05-03:00,2026-05-14T12:40:05+00:00,betano,basketball,NBA,props_nba_20260514_094005.csv,Minnesota Timberwolves San Antonio Spurs,minnesota timberwolves san antonio spurs,Jaden McDaniels,jaden mcdaniels,PRA (hitos),28+,0.0,3,player_pra_hito,PRA,over,28,27.5,Jaden McDaniels 28+ PRA,1,
d7de77e7b477ae31ace49891d6363b21f6a8de1a,20260514_094005,2026-05-14T09:40:05-03:00,2026-05-14T12:40:05+00:00,betano,basketball,NBA,props_nba_20260514_094005.csv,Minnesota Timberwolves San Antonio Spurs,minnesota timberwolves san antonio spurs,Jaden McDaniels,jaden mcdaniels,PRA (hitos),29+,0.0,3.5,player_pra_hito,PRA,over,29,28.5,Jaden McDaniels 29+ PRA,1,
ebfa0603faaeb2fd2c55816563eead49379ca8d1,20260514_094005,2026-05-14T09:40:05-03:00,2026-05-14T12:40:05+00:00,betano,basketball,NBA,props_nba_20260514_094005.csv,Minnesota Timberwolves San Antonio Spurs,minnesota timberwolves san antonio spurs,Jaden McDaniels,jaden mcdaniels,PRA (hitos),30+,0.0,4.1,player_pra_hito,PRA,over,30,29.5,Jaden McDaniels 30+ PRA,1,
f3fd70ec6589bee79b6bab1a65d5e00995869002,20260514_094005,2026-05-14T09:40:05-03:00,2026-05-14T12:40:05+00:00,betano,basketball,NBA,props_nba_20260514_094005.csv,Minnesota Timberwolves San Antonio Spurs,minnesota timberwolves san antonio spurs,Naz Reid,naz reid,PRA (hitos),20+,0.0,1.47,player_pra_hito,PRA,over,20,19.5,Naz Reid 20+ PRA,1,
4677407c72a57416a27bf9375e53da44512189b6,20260514_094005,2026-05-14T09:40:05-03:00,2026-05-14T12:40:05+00:00,betano,basketball,NBA,props_nba_20260514_094005.csv,Minnesota Timberwolves San Antonio Spurs,minnesota timberwolves san antonio spurs,Naz Reid,naz reid,PRA (hitos),21+,0.0,1.62,player_pra_hito,PRA,over,21,20.5,Naz Reid 21+ PRA,1,
038e98e0510051b5fd80cd981552cefe1bc4d912,20260514_094005,2026-05-14T09:40:05-03:00,2026-05-14T12:40:05+00:00,betano,basketball,NBA,props_nba_20260514_094005.csv,Minnesota Timberwolves San Antonio Spurs,minnesota timberwolves san antonio spurs,Naz Reid,naz reid,PRA (hitos),22+,0.0,1.8,player_pra_hito,PRA,over,22,21.5,Naz Reid 22+ PRA,1,
edb64e3d14342e5df2632e99623a093aaebc9969,20260514_094005,2026-05-14T09:40:05-03:00,2026-05-14T12:40:05+00:00,betano,basketball,NBA,props_nba_20260514_094005.csv,Minnesota Timberwolves San Antonio Spurs,minnesota timberwolves san antonio spurs,Naz Reid,naz reid,PRA (hitos),23+,0.0,2.05,player_pra_hito,PRA,over,23,22.5,Naz Reid 23+ PRA,1,
017dab234543049e4791075e2afecf23e7f5b1b3,20260514_094005,2026-05-14T09:40:05-03:00,2026-05-14T12:40:05+00:00,betano,basketball,NBA,props_nba_20260514_094005.csv,Minnesota Timberwolves San Antonio Spurs,minnesota timberwolves san antonio spurs,Naz Reid,naz reid,PRA (hitos),24+,0.0,2.35,player_pra_hito,PRA,over,24,23.5,Naz Reid 24+ PRA,1,
cd2b448a59992f4b0374ac0abd15e5a14b7a65a5,20260514_094005,2026-05-14T09:40:05-03:00,2026-05-14T12:40:05+00:00,betano,basketball,NBA,props_nba_20260514_094005.csv,Minnesota Timberwolves San Antonio Spurs,minnesota timberwolves san antonio spurs,Naz Reid,naz reid,PRA (hitos),25+,0.0,2.7,player_pra_hito,PRA,over,25,24.5,Naz Reid 25+ PRA,1,
287f8808a2f1404c16786538e99a1d6dec17b819,20260514_094005,2026-05-14T09:40:05-03:00,2026-05-14T12:40:05+00:00,betano,basketball,NBA,props_nba_20260514_094005.csv,Minnesota Timberwolves San Antonio Spurs,minnesota timberwolves san antonio spurs,Naz Reid,naz reid,PRA (hitos),26+,0.0,3.15,player_pra_hito,PRA,over,26,25.5,Naz Reid 26+ PRA,1,
257cf1abde1710ceec3bd9903283d9648d5ac7c0,20260514_094005,2026-05-14T09:40:05-03:00,2026-05-14T12:40:05+00:00,betano,basketball,NBA,props_nba_20260514_094005.csv,Minnesota Timberwolves San Antonio Spurs,minnesota timberwolves san antonio spurs,Naz Reid,naz reid,PRA (hitos),27+,0.0,3.7,player_pra_hito,PRA,over,27,26.5,Naz Reid 27+ PRA,1,
ecf19a91019094a379638b2a52ba96d472e2408f,20260514_094005,2026-05-14T09:40:05-03:00,2026-05-14T12:40:05+00:00,betano,basketball,NBA,props_nba_20260514_094005.csv,Minnesota Timberwolves San Antonio Spurs,minnesota timberwolves san antonio spurs,Naz Reid,naz reid,PRA (hitos),28+,0.0,4.35,player_pra_hito,PRA,over,28,27.5,Naz Reid 28+ PRA,1,
5538377e75bcf1976842b2b988342cde972d3bd0,20260514_094005,2026-05-14T09:40:05-03:00,2026-05-14T12:40:05+00:00,betano,basketball,NBA,props_nba_20260514_094005.csv,Minnesota Timberwolves San Antonio Spurs,minnesota timberwolves san antonio spurs,Ayo Dosunmu,ayo dosunmu,PRA (hitos),20+,0.0,1.5,player_pra_hito,PRA,over,20,19.5,Ayo Dosunmu 20+ PRA,1,
d1f97ec58e86e12f198fe8fc7dfc3683b44be30e,20260514_094005,2026-05-14T09:40:05-03:00,2026-05-14T12:40:05+00:00,betano,basketball,NBA,props_nba_20260514_094005.csv,Minnesota Timberwolves San Antonio Spurs,minnesota timberwolves san antonio spurs,Ayo Dosunmu,ayo dosunmu,PRA (hitos),22+,0.0,1.88,player_pra_hito,PRA,over,22,21.5,Ayo Dosunmu 22+ PRA,1,
aab76c7aa21d2fcf6e28e80aa0e9a116bfd52f18,20260514_094005,2026-05-14T09:40:05-03:00,2026-05-14T12:40:05+00:00,betano,basketball,NBA,props_nba_20260514_094005.csv,Minnesota Timberwolves San Antonio Spurs,minnesota timberwolves san antonio spurs,Ayo Dosunmu,ayo dosunmu,PRA (hitos),24+,0.0,2.47,player_pra_hito,PRA,over,24,23.5,Ayo Dosunmu 24+ PRA,1,
174fd3394475629b5bdd369fbb695044bb9663d4,20260514_094005,2026-05-14T09:40:05-03:00,2026-05-14T12:40:05+00:00,betano,basketball,NBA,props_nba_20260514_094005.csv,Minnesota Timberwolves San Antonio Spurs,minnesota timberwolves san antonio spurs,Ayo Dosunmu,ayo dosunmu,PRA (hitos),26+,0.0,3.35,player_pra_hito,PRA,over,26,25.5,Ayo Dosunmu 26+ PRA,1,
da405bb8ab544d071942074ac9f2f107281d67c1,20260514_094005,2026-05-14T09:40:05-03:00,2026-05-14T12:40:05+00:00,betano,basketball,NBA,props_nba_20260514_094005.csv,Minnesota Timberwolves San Antonio Spurs,minnesota timberwolves san antonio spurs,Ayo Dosunmu,ayo dosunmu,PRA (hitos),28+,0.0,4.65,player_pra_hito,PRA,over,28,27.5,Ayo Dosunmu 28+ PRA,1,
006542c1df218968505d6f343088a3f93e0f4685,20260514_094005,2026-05-14T09:40:05-03:00,2026-05-14T12:40:05+00:00,betano,basketball,NBA,props_nba_20260514_094005.csv,Minnesota Timberwolves San Antonio Spurs,minnesota timberwolves san antonio spurs,Ayo Dosunmu,ayo dosunmu,PRA (hitos),30+,0.0,6.7,player_pra_hito,PRA,over,30,29.5,Ayo Dosunmu 30+ PRA,1,
28e6b5eb9e75adda4b15e72ee95773a3ccda4ffa,20260514_094005,2026-05-14T09:40:05-03:00,2026-05-14T12:40:05+00:00,betano,basketball,NBA,props_nba_20260514_094005.csv,Minnesota Timberwolves San Antonio Spurs,minnesota timberwolves san antonio spurs,Ayo Dosunmu,ayo dosunmu,PRA (hitos),32+,0.0,9.25,player_pra_hito,PRA,over,32,31.5,Ayo Dosunmu 32+ PRA,1,
cac0c46a156d6f648261a15a19c51dc4000eed96,20260514_094005,2026-05-14T09:40:05-03:00,2026-05-14T12:40:05+00:00,betano,basketball,NBA,props_nba_20260514_094005.csv,Minnesota Timberwolves San Antonio Spurs,minnesota timberwolves san antonio spurs,Ayo Dosunmu,ayo dosunmu,PRA (hitos),34+,0.0,12.5,player_pra_hito,PRA,over,34,33.5,Ayo Dosunmu 34+ PRA,1,
e0d0c5e78fe0ee46215ea47cbce821a2ae009d03,20260514_094005,2026-05-14T09:40:05-03:00,2026-05-14T12:40:05+00:00,betano,basketball,NBA,props_nba_20260514_094005.csv,Minnesota Timberwolves San Antonio Spurs,minnesota timberwolves san antonio spurs,Ayo Dosunmu,ayo dosunmu,PRA (hitos),36+,0.0,15.5,player_pra_hito,PRA,over,36,35.5,Ayo Dosunmu 36+ PRA,1,
c9d0ae0cf081eb82abe13b048d6840fdf03f4e65,20260514_094005,2026-05-14T09:40:05-03:00,2026-05-14T12:40:05+00:00,betano,basketball,NBA,props_nba_20260514_094005.csv,Minnesota Timberwolves San Antonio Spurs,minnesota timberwolves san antonio spurs,Devin Vassell,devin vassell,PRA (hitos),17+,0.0,1.44,player_pra_hito,PRA,over,17,16.5,Devin Vassell 17+ PRA,1,
d7263d24f156a4be459708ebdfc91751c78497ce,20260514_094005,2026-05-14T09:40:05-03:00,2026-05-14T12:40:05+00:00,betano,basketball,NBA,props_nba_20260514_094005.csv,Minnesota Timberwolves San Antonio Spurs,minnesota timberwolves san antonio spurs,Devin Vassell,devin vassell,PRA (hitos),19+,0.0,1.78,player_pra_hito,PRA,over,19,18.5,Devin Vassell 19+ PRA,1,
70398b69e0adc63b0dcc7e818ff5843ead42e117,20260514_094005,2026-05-14T09:40:05-03:00,2026-05-14T12:40:05+00:00,betano,basketball,NBA,props_nba_20260514_094005.csv,Minnesota Timberwolves San Antonio Spurs,minnesota timberwolves san antonio spurs,Devin Vassell,devin vassell,PRA (hitos),21+,0.0,2.3,player_pra_hito,PRA,over,21,20.5,Devin Vassell 21+ PRA,1,
bea71c998066f4736fddad53aa2a270bbd6891f2,20260514_094005,2026-05-14T09:40:05-03:00,2026-05-14T12:40:05+00:00,betano,basketball,NBA,props_nba_20260514_094005.csv,Minnesota Timberwolves San Antonio Spurs,minnesota timberwolves san antonio spurs,Devin Vassell,devin vassell,PRA (hitos),23+,0.0,3.1,player_pra_hito,PRA,over,23,22.5,Devin Vassell 23+ PRA,1,
3b9dab4842a6190cbac5d1646a0a345d45256a98,20260514_094005,2026-05-14T09:40:05-03:00,2026-05-14T12:40:05+00:00,betano,basketball,NBA,props_nba_20260514_094005.csv,Minnesota Timberwolves San Antonio Spurs,minnesota timberwolves san antonio spurs,Devin Vassell,devin vassell,PRA (hitos),25+,0.0,4.35,player_pra_hito,PRA,over,25,24.5,Devin Vassell 25+ PRA,1,
74027b2c89e232a3445978a678f54b1c24057e30,20260514_094005,2026-05-14T09:40:05-03:00,2026-05-14T12:40:05+00:00,betano,basketball,NBA,props_nba_20260514_094005.csv,Minnesota Timberwolves San Antonio Spurs,minnesota timberwolves san antonio spurs,Devin Vassell,devin vassell,PRA (hitos),27+,0.0,6.2,player_pra_hito,PRA,over,27,26.5,Devin Vassell 27+ PRA,1,
76d5662052106d12d748c39e9d156b028a9f6fac,20260514_094005,2026-05-14T09:40:05-03:00,2026-05-14T12:40:05+00:00,betano,basketball,NBA,props_nba_20260514_094005.csv,Minnesota Timberwolves San Antonio Spurs,minnesota timberwolves san antonio spurs,Devin Vassell,devin vassell,PRA (hitos),29+,0.0,8.75,player_pra_hito,PRA,over,29,28.5,Devin Vassell 29+ PRA,1,
7a7204d38edd3aaa1406917c9a493822e5782bd4,20260514_094005,2026-05-14T09:40:05-03:00,2026-05-14T12:40:05+00:00,betano,basketball,NBA,props_nba_20260514_094005.csv,Minnesota Timberwolves San Antonio Spurs,minnesota timberwolves san antonio spurs,Devin Vassell,devin vassell,PRA (hitos),31+,0.0,11.5,player_pra_hito,PRA,over,31,30.5,Devin Vassell 31+ PRA,1,
ff60df1ccee3666b06f10608837ca925860d8ac9,20260514_094005,2026-05-14T09:40:05-03:00,2026-05-14T12:40:05+00:00,betano,basketball,NBA,props_nba_20260514_094005.csv,Minnesota Timberwolves San Antonio Spurs,minnesota timberwolves san antonio spurs,Devin Vassell,devin vassell,PRA (hitos),33+,0.0,14.5,player_pra_hito,PRA,over,33,32.5,Devin Vassell 33+ PRA,1,
de1da558c923cd31c427f4907458485c09f1153f,20260514_094005,2026-05-14T09:40:05-03:00,2026-05-14T12:40:05+00:00,betano,basketball,NBA,props_nba_20260514_094005.csv,Minnesota Timberwolves San Antonio Spurs,minnesota timberwolves san antonio spurs,Dylan Harper,dylan harper,PRA (hitos),16+,0.0,1.25,player_pra_hito,PRA,over,16,15.5,Dylan Harper 16+ PRA,1,
4d94a0a74994919b0a46f93aac6c3d870f4b2fc0,20260514_094005,2026-05-14T09:40:05-03:00,2026-05-14T12:40:05+00:00,betano,basketball,NBA,props_nba_20260514_094005.csv,Minnesota Timberwolves San Antonio Spurs,minnesota timberwolves san antonio spurs,Dylan Harper,dylan harper,PRA (hitos),17+,0.0,1.5,player_pra_hito,PRA,over,17,16.5,Dylan Harper 17+ PRA,1,
d2070ad5c193ada8eb95eb688f9e594bcae1ad4e,20260514_094005,2026-05-14T09:40:05-03:00,2026-05-14T12:40:05+00:00,betano,basketball,NBA,props_nba_20260514_094005.csv,Minnesota Timberwolves San Antonio Spurs,minnesota timberwolves san antonio spurs,Dylan Harper,dylan harper,PRA (hitos),18+,0.0,1.52,player_pra_hito,PRA,over,18,17.5,Dylan Harper 18+ PRA,1,
770b7bf98de80fcec42ee3fc204bca0e5a253a49,20260514_094005,2026-05-14T09:40:05-03:00,2026-05-14T12:40:05+00:00,betano,basketball,NBA,props_nba_20260514_094005.csv,Minnesota Timberwolves San Antonio Spurs,minnesota timberwolves san antonio spurs,Dylan Harper,dylan harper,PRA (hitos),19+,0.0,1.9,player_pra_hito,PRA,over,19,18.5,Dylan Harper 19+ PRA,1,
560676eaddaabccb2486aeb13cb37599c6700afe,20260514_094005,2026-05-14T09:40:05-03:00,2026-05-14T12:40:05+00:00,betano,basketball,NBA,props_nba_20260514_094005.csv,Minnesota Timberwolves San Antonio Spurs,minnesota timberwolves san antonio spurs,Dylan Harper,dylan harper,PRA (hitos),20+,0.0,1.93,player_pra_hito,PRA,over,20,19.5,Dylan Harper 20+ PRA,1,
a166c391568eb58929f2f4ecdbf6e1cb0eae199f,20260514_094005,2026-05-14T09:40:05-03:00,2026-05-14T12:40:05+00:00,betano,basketball,NBA,props_nba_20260514_094005.csv,Minnesota Timberwolves San Antonio Spurs,minnesota timberwolves san antonio spurs,Dylan Harper,dylan harper,PRA (hitos),21+,0.0,2.55,player_pra_hito,PRA,over,21,20.5,Dylan Harper 21+ PRA,1,
465b7d3f909eabfb9e4f740bc13c305cff10b6c1,20260514_094005,2026-05-14T09:40:05-03:00,2026-05-14T12:40:05+00:00,betano,basketball,NBA,props_nba_20260514_094005.csv,Minnesota Timberwolves San Antonio Spurs,minnesota timberwolves san antonio spurs,Dylan Harper,dylan harper,PRA (hitos),22+,0.0,2.57,player_pra_hito,PRA,over,22,21.5,Dylan Harper 22+ PRA,1,
d162d06f1386fda58bc11c9e7872b67afa5cb3fc,20260514_094005,2026-05-14T09:40:05-03:00,2026-05-14T12:40:05+00:00,betano,basketball,NBA,props_nba_20260514_094005.csv,Minnesota Timberwolves San Antonio Spurs,minnesota timberwolves san antonio spurs,Dylan Harper,dylan harper,PRA (hitos),24+,0.0,3.5,player_pra_hito,PRA,over,24,23.5,Dylan Harper 24+ PRA,1,
2f892199da275db17d10b6e488d7e6688ea4dbba,20260514_094005,2026-05-14T09:40:05-03:00,2026-05-14T12:40:05+00:00,betano,basketball,NBA,props_nba_20260514_094005.csv,Minnesota Timberwolves San Antonio Spurs,minnesota timberwolves san antonio spurs,Dylan Harper,dylan harper,PRA (hitos),23+,0.0,3.6,player_pra_hito,PRA,over,23,22.5,Dylan Harper 23+ PRA,1,
a9be129b1661f0d0a9b8668cc270295d7175a4e9,20260514_094005,2026-05-14T09:40:05-03:00,2026-05-14T12:40:05+00:00,betano,basketball,NBA,props_nba_20260514_094005.csv,Minnesota Timberwolves San Antonio Spurs,minnesota timberwolves san antonio spurs,Rudy Gobert,rudy gobert,PRA (hitos),16+,0.0,1.44,player_pra_hito,PRA,over,16,15.5,Rudy Gobert 16+ PRA,1,
edaa7fd70d130b6d37acca42c88ad5a55dea192f,20260514_094005,2026-05-14T09:40:05-03:00,2026-05-14T12:40:05+00:00,betano,basketball,NBA,props_nba_20260514_094005.csv,Minnesota Timberwolves San Antonio Spurs,minnesota timberwolves san antonio spurs,Rudy Gobert,rudy gobert,PRA (hitos),18+,0.0,1.88,player_pra_hito,PRA,over,18,17.5,Rudy Gobert 18+ PRA,1,
b0f81807056f90e37fd800faa335895debfdd370,20260514_094005,2026-05-14T09:40:05-03:00,2026-05-14T12:40:05+00:00,betano,basketball,NBA,props_nba_20260514_094005.csv,Minnesota Timberwolves San Antonio Spurs,minnesota timberwolves san antonio spurs,Rudy Gobert,rudy gobert,PRA (hitos),20+,0.0,2.67,player_pra_hito,PRA,over,20,19.5,Rudy Gobert 20+ PRA,1,
da9a65735286834283ddd1939fc53a2c92e3f124,20260514_094005,2026-05-14T09:40:05-03:00,2026-05-14T12:40:05+00:00,betano,basketball,NBA,props_nba_20260514_094005.csv,Minnesota Timberwolves San Antonio Spurs,minnesota timberwolves san antonio spurs,Rudy Gobert,rudy gobert,PRA (hitos),22+,0.0,4.05,player_pra_hito,PRA,over,22,21.5,Rudy Gobert 22+ PRA,1,
a0f6f5d0ac495a7d5dd3a0557e6c1150d09168ee,20260514_094005,2026-05-14T09:40:05-03:00,2026-05-14T12:40:05+00:00,betano,basketball,NBA,props_nba_20260514_094005.csv,Minnesota Timberwolves San Antonio Spurs,minnesota timberwolves san antonio spurs,Rudy Gobert,rudy gobert,PRA (hitos),24+,0.0,6.3,player_pra_hito,PRA,over,24,23.5,Rudy Gobert 24+ PRA,1,
ac204187bdfe6146f6ed8334a282a62834072ce3,20260514_094005,2026-05-14T09:40:05-03:00,2026-05-14T12:40:05+00:00,betano,basketball,NBA,props_nba_20260514_094005.csv,Minnesota Timberwolves San Antonio Spurs,minnesota timberwolves san antonio spurs,Rudy Gobert,rudy gobert,PRA (hitos),26+,0.0,9.25,player_pra_hito,PRA,over,26,25.5,Rudy Gobert 26+ PRA,1,
4be002aa6af0ef6f7a29350061507571b7b0bc18,20260514_094005,2026-05-14T09:40:05-03:00,2026-05-14T12:40:05+00:00,betano,basketball,NBA,props_nba_20260514_094005.csv,Minnesota Timberwolves San Antonio Spurs,minnesota timberwolves san antonio spurs,Rudy Gobert,rudy gobert,PRA (hitos),28+,0.0,13,player_pra_hito,PRA,over,28,27.5,Rudy Gobert 28+ PRA,1,
f1b694cfd5a4081e5cf1b747097fd026f6309faa,20260514_094005,2026-05-14T09:40:05-03:00,2026-05-14T12:40:05+00:00,betano,basketball,NBA,props_nba_20260514_094005.csv,Minnesota Timberwolves San Antonio Spurs,minnesota timberwolves san antonio spurs,Rudy Gobert,rudy gobert,PRA (hitos),30+,0.0,16.5,player_pra_hito,PRA,over,30,29.5,Rudy Gobert 30+ PRA,1,
34094e35edfbd57642cca175edae4a87d5bb8b70,20260514_094005,2026-05-14T09:40:05-03:00,2026-05-14T12:40:05+00:00,betano,basketball,NBA,props_nba_20260514_094005.csv,Minnesota Timberwolves San Antonio Spurs,minnesota timberwolves san antonio spurs,Rudy Gobert,rudy gobert,PRA (hitos),32+,0.0,18.5,player_pra_hito,PRA,over,32,31.5,Rudy Gobert 32+ PRA,1,
f4b02e06fd9156674d6a00dc0ca3973846854d0d,20260514_094005,2026-05-14T09:40:05-03:00,2026-05-14T12:40:05+00:00,betano,basketball,NBA,props_nba_20260514_094005.csv,Minnesota Timberwolves San Antonio Spurs,minnesota timberwolves san antonio spurs,Julian Champagnie,julian champagnie,PRA (hitos),13+,0.0,1.38,player_pra_hito,PRA,over,13,12.5,Julian Champagnie 13+ PRA,1,
405c79d75b658b6b0403fd8bfab2534f12c2c30f,20260514_094005,2026-05-14T09:40:05-03:00,2026-05-14T12:40:05+00:00,betano,basketball,NBA,props_nba_20260514_094005.csv,Minnesota Timberwolves San Antonio Spurs,minnesota timberwolves san antonio spurs,Julian Champagnie,julian champagnie,PRA (hitos),14+,0.0,1.53,player_pra_hito,PRA,over,14,13.5,Julian Champagnie 14+ PRA,1,
94ce711101461a9a1b6fa199f3a8396e826d2d79,20260514_094005,2026-05-14T09:40:05-03:00,2026-05-14T12:40:05+00:00,betano,basketball,NBA,props_nba_20260514_094005.csv,Minnesota Timberwolves San Antonio Spurs,minnesota timberwolves san antonio spurs,Julian Champagnie,julian champagnie,PRA (hitos),15+,0.0,1.72,player_pra_hito,PRA,over,15,14.5,Julian Champagnie 15+ PRA,1,
f211462d385f74422d7a8bdb0c5bc92b68a4bdb4,20260514_094005,2026-05-14T09:40:05-03:00,2026-05-14T12:40:05+00:00,betano,basketball,NBA,props_nba_20260514_094005.csv,Minnesota Timberwolves San Antonio Spurs,minnesota timberwolves san antonio spurs,Julian Champagnie,julian champagnie,PRA (hitos),16+,0.0,1.98,player_pra_hito,PRA,over,16,15.5,Julian Champagnie 16+ PRA,1,
0ec28ba18c526d3d71fab8d086d8884963b8e4ce,20260514_094005,2026-05-14T09:40:05-03:00,2026-05-14T12:40:05+00:00,betano,basketball,NBA,props_nba_20260514_094005.csv,Minnesota Timberwolves San Antonio Spurs,minnesota timberwolves san antonio spurs,Julian Champagnie,julian champagnie,PRA (hitos),17+,0.0,2.32,player_pra_hito,PRA,over,17,16.5,Julian Champagnie 17+ PRA,1,
323f8f466f67b29e22438f70ac8e963ef7c9bfa6,20260514_094005,2026-05-14T09:40:05-03:00,2026-05-14T12:40:05+00:00,betano,basketball,NBA,props_nba_20260514_094005.csv,Minnesota Timberwolves San Antonio Spurs,minnesota timberwolves san antonio spurs,Julian Champagnie,julian champagnie,PRA (hitos),18+,0.0,2.72,player_pra_hito,PRA,over,18,17.5,Julian Champagnie 18+ PRA,1,
0da207c993314ca035ac54316edb83e50c4465db,20260514_094005,2026-05-14T09:40:05-03:00,2026-05-14T12:40:05+00:00,betano,basketball,NBA,props_nba_20260514_094005.csv,Minnesota Timberwolves San Antonio Spurs,minnesota timberwolves san antonio spurs,Julian Champagnie,julian champagnie,PRA (hitos),19+,0.0,3.25,player_pra_hito,PRA,over,19,18.5,Julian Champagnie 19+ PRA,1,
42c8c704fa1a6fdcaa4f3fbd6c1fff1eab19d7c3,20260514_094005,2026-05-14T09:40:05-03:00,2026-05-14T12:40:05+00:00,betano,basketball,NBA,props_nba_20260514_094005.csv,Minnesota Timberwolves San Antonio Spurs,minnesota timberwolves san antonio spurs,Julian Champagnie,julian champagnie,PRA (hitos),20+,0.0,3.9,player_pra_hito,PRA,over,20,19.5,Julian Champagnie 20+ PRA,1,
01de4ca6ef801c91913291f934f70fe5044d62e2,20260514_094005,2026-05-14T09:40:05-03:00,2026-05-14T12:40:05+00:00,betano,basketball,NBA,props_nba_20260514_094005.csv,Minnesota Timberwolves San Antonio Spurs,minnesota timberwolves san antonio spurs,Julian Champagnie,julian champagnie,PRA (hitos),21+,0.0,4.75,player_pra_hito,PRA,over,21,20.5,Julian Champagnie 21+ PRA,1,
378081198bc3657b04e9c8caee4b2edd4e4198af,20260514_094005,2026-05-14T09:40:05-03:00,2026-05-14T12:40:05+00:00,betano,basketball,NBA,props_nba_20260514_094005.csv,Minnesota Timberwolves San Antonio Spurs,minnesota timberwolves san antonio spurs,Keldon Johnson,keldon johnson,PRA (hitos),12+,0.0,1.4,player_pra_hito,PRA,over,12,11.5,Keldon Johnson 12+ PRA,1,
0667a5a3fa9e0b34ee70fdf02c92a96bdfc80b6d,20260514_094005,2026-05-14T09:40:05-03:00,2026-05-14T12:40:05+00:00,betano,basketball,NBA,props_nba_20260514_094005.csv,Minnesota Timberwolves San Antonio Spurs,minnesota timberwolves san antonio spurs,Keldon Johnson,keldon johnson,PRA (hitos),14+,0.0,1.78,player_pra_hito,PRA,over,14,13.5,Keldon Johnson 14+ PRA,1,
74109c6c6687a42cfe127f0f2efc7d56fe800d5e,20260514_094005,2026-05-14T09:40:05-03:00,2026-05-14T12:40:05+00:00,betano,basketball,NBA,props_nba_20260514_094005.csv,Minnesota Timberwolves San Antonio Spurs,minnesota timberwolves san antonio spurs,Keldon Johnson,keldon johnson,PRA (hitos),16+,0.0,2.42,player_pra_hito,PRA,over,16,15.5,Keldon Johnson 16+ PRA,1,
6cabafcdb02a8c311ad6417510e35baa0f728d7e,20260514_094005,2026-05-14T09:40:05-03:00,2026-05-14T12:40:05+00:00,betano,basketball,NBA,props_nba_20260514_094005.csv,Minnesota Timberwolves San Antonio Spurs,minnesota timberwolves san antonio spurs,Keldon Johnson,keldon johnson,PRA (hitos),18+,0.0,3.55,player_pra_hito,PRA,over,18,17.5,Keldon Johnson 18+ PRA,1,
a86d98eb6009aa5baac3b575c6c038d0f0d1fa77,20260514_094005,2026-05-14T09:40:05-03:00,2026-05-14T12:40:05+00:00,betano,basketball,NBA,props_nba_20260514_094005.csv,Minnesota Timberwolves San Antonio Spurs,minnesota timberwolves san antonio spurs,Keldon Johnson,keldon johnson,PRA (hitos),20+,0.0,5.3,player_pra_hito,PRA,over,20,19.5,Keldon Johnson 20+ PRA,1,
17c268c6d22e1dd512e68b5b790771c99885501b,20260514_094005,2026-05-14T09:40:05-03:00,2026-05-14T12:40:05+00:00,betano,basketball,NBA,props_nba_20260514_094005.csv,Minnesota Timberwolves San Antonio Spurs,minnesota timberwolves san antonio spurs,Keldon Johnson,keldon johnson,PRA (hitos),22+,0.0,8,player_pra_hito,PRA,over,22,21.5,Keldon Johnson 22+ PRA,1,
747a39aadb95b9aded96f8eed8fce3f9bbe31d0f,20260514_094005,2026-05-14T09:40:05-03:00,2026-05-14T12:40:05+00:00,betano,basketball,NBA,props_nba_20260514_094005.csv,Minnesota Timberwolves San Antonio Spurs,minnesota timberwolves san antonio spurs,Keldon Johnson,keldon johnson,PRA (hitos),24+,0.0,11.5,player_pra_hito,PRA,over,24,23.5,Keldon Johnson 24+ PRA,1,
052231b21d8a1285b83b51d30ac69d5e669804e2,20260514_094005,2026-05-14T09:40:05-03:00,2026-05-14T12:40:05+00:00,betano,basketball,NBA,props_nba_20260514_094005.csv,Minnesota Timberwolves San Antonio Spurs,minnesota timberwolves san antonio spurs,Keldon Johnson,keldon johnson,PRA (hitos),26+,0.0,15,player_pra_hito,PRA,over,26,25.5,Keldon Johnson 26+ PRA,1,
3cdec692135d05d743e8bfcc26844236ac1a1f79,20260514_094005,2026-05-14T09:40:05-03:00,2026-05-14T12:40:05+00:00,betano,basketball,NBA,props_nba_20260514_094005.csv,Minnesota Timberwolves San Antonio Spurs,minnesota timberwolves san antonio spurs,Keldon Johnson,keldon johnson,PRA (hitos),28+,0.0,17,player_pra_hito,PRA,over,28,27.5,Keldon Johnson 28+ PRA,1,
d094bb58e2f0cf6db6c785c47e8200893c7187c4,20260514_094005,2026-05-14T09:40:05-03:00,2026-05-14T12:40:05+00:00,betano,basketball,NBA,props_nba_20260514_094005.csv,Minnesota Timberwolves San Antonio Spurs,minnesota timberwolves san antonio spurs,Terrence Shannon Jr.,terrence shannon jr,PRA (hitos),10+,0.0,1.44,player_pra_hito,PRA,over,10,9.5,Terrence Shannon Jr. 10+ PRA,1,
743ac3aff622aae316f25d16918a005723dbbcf1,20260514_094005,2026-05-14T09:40:05-03:00,2026-05-14T12:40:05+00:00,betano,basketball,NBA,props_nba_20260514_094005.csv,Minnesota Timberwolves San Antonio Spurs,minnesota timberwolves san antonio spurs,Terrence Shannon Jr.,terrence shannon jr,PRA (hitos),12+,0.0,1.91,player_pra_hito,PRA,over,12,11.5,Terrence Shannon Jr. 12+ PRA,1,
e4f75fe26996df8ed180400b98a5456881ec9870,20260514_094005,2026-05-14T09:40:05-03:00,2026-05-14T12:40:05+00:00,betano,basketball,NBA,props_nba_20260514_094005.csv,Minnesota Timberwolves San Antonio Spurs,minnesota timberwolves san antonio spurs,Terrence Shannon Jr.,terrence shannon jr,PRA (hitos),14+,0.0,2.75,player_pra_hito,PRA,over,14,13.5,Terrence Shannon Jr. 14+ PRA,1,
f062090a2e5cc89d7e3051c20dc8470faa41a20a,20260514_094005,2026-05-14T09:40:05-03:00,2026-05-14T12:40:05+00:00,betano,basketball,NBA,props_nba_20260514_094005.csv,Minnesota Timberwolves San Antonio Spurs,minnesota timberwolves san antonio spurs,Terrence Shannon Jr.,terrence shannon jr,PRA (hitos),16+,0.0,4.2,player_pra_hito,PRA,over,16,15.5,Terrence Shannon Jr. 16+ PRA,1,
eb61e7dc93ddf5e95d9c4f41294ffd63bdc25c70,20260514_094005,2026-05-14T09:40:05-03:00,2026-05-14T12:40:05+00:00,betano,basketball,NBA,props_nba_20260514_094005.csv,Minnesota Timberwolves San Antonio Spurs,minnesota timberwolves san antonio spurs,Terrence Shannon Jr.,terrence shannon jr,PRA (hitos),18+,0.0,6.5,player_pra_hito,PRA,over,18,17.5,Terrence Shannon Jr. 18+ PRA,1,
7513569d4261d1ec3379a4413a42ada3173f381a,20260514_094005,2026-05-14T09:40:05-03:00,2026-05-14T12:40:05+00:00,betano,basketball,NBA,props_nba_20260514_094005.csv,Minnesota Timberwolves San Antonio Spurs,minnesota timberwolves san antonio spurs,Terrence Shannon Jr.,terrence shannon jr,PRA (hitos),20+,0.0,10,player_pra_hito,PRA,over,20,19.5,Terrence Shannon Jr. 20+ PRA,1,
331724544f86a595fc7a184967623ca9f4d24dfc,20260514_094005,2026-05-14T09:40:05-03:00,2026-05-14T12:40:05+00:00,betano,basketball,NBA,props_nba_20260514_094005.csv,Minnesota Timberwolves San Antonio Spurs,minnesota timberwolves san antonio spurs,Terrence Shannon Jr.,terrence shannon jr,PRA (hitos),22+,0.0,13.5,player_pra_hito,PRA,over,22,21.5,Terrence Shannon Jr. 22+ PRA,1,
2be285b685de5b3543cd7502eda3fcb5f43c092e,20260514_094005,2026-05-14T09:40:05-03:00,2026-05-14T12:40:05+00:00,betano,basketball,NBA,props_nba_20260514_094005.csv,Minnesota Timberwolves San Antonio Spurs,minnesota timberwolves san antonio spurs,Terrence Shannon Jr.,terrence shannon jr,PRA (hitos),24+,0.0,16.5,player_pra_hito,PRA,over,24,23.5,Terrence Shannon Jr. 24+ PRA,1,
73f5619ab36eda485292f38f4da2127bc3569ba1,20260514_094005,2026-05-14T09:40:05-03:00,2026-05-14T12:40:05+00:00,betano,basketball,NBA,props_nba_20260514_094005.csv,Minnesota Timberwolves San Antonio Spurs,minnesota timberwolves san antonio spurs,Terrence Shannon Jr.,terrence shannon jr,PRA (hitos),26+,0.0,18.5,player_pra_hito,PRA,over,26,25.5,Terrence Shannon Jr. 26+ PRA,1,
dae882acc344358568a29c809147fadd583a4c57,20260514_094005,2026-05-14T09:40:05-03:00,2026-05-14T12:40:05+00:00,betano,basketball,NBA,props_nba_20260514_094005.csv,Minnesota Timberwolves San Antonio Spurs,minnesota timberwolves san antonio spurs,Victor Wembanyama,victor wembanyama,RA (hitos),15+,0.0,1.33,player_ra_hito,RA,over,15,14.5,Victor Wembanyama 15+ RA,1,
5c04dc402c1e97ccb96692370b14d158eb81d60a,20260514_094005,2026-05-14T09:40:05-03:00,2026-05-14T12:40:05+00:00,betano,basketball,NBA,props_nba_20260514_094005.csv,Minnesota Timberwolves San Antonio Spurs,minnesota timberwolves san antonio spurs,Victor Wembanyama,victor wembanyama,RA (hitos),17+,0.0,1.82,player_ra_hito,RA,over,17,16.5,Victor Wembanyama 17+ RA,1,
65bce8069e7de8061195430519fe20776f3f55d4,20260514_094005,2026-05-14T09:40:05-03:00,2026-05-14T12:40:05+00:00,betano,basketball,NBA,props_nba_20260514_094005.csv,Minnesota Timberwolves San Antonio Spurs,minnesota timberwolves san antonio spurs,Victor Wembanyama,victor wembanyama,RA (hitos),19+,0.0,2.8,player_ra_hito,RA,over,19,18.5,Victor Wembanyama 19+ RA,1,
4fa5b8e7b0ab2d177bb2a0c5d65b719b6a5f2ec1,20260514_094005,2026-05-14T09:40:05-03:00,2026-05-14T12:40:05+00:00,betano,basketball,NBA,props_nba_20260514_094005.csv,Minnesota Timberwolves San Antonio Spurs,minnesota timberwolves san antonio spurs,Victor Wembanyama,victor wembanyama,RA (hitos),21+,0.0,4.8,player_ra_hito,RA,over,21,20.5,Victor Wembanyama 21+ RA,1,
e4e0d5d29fb828dd29e29f0755f6dce42d0c2c0a,20260514_094005,2026-05-14T09:40:05-03:00,2026-05-14T12:40:05+00:00,betano,basketball,NBA,props_nba_20260514_094005.csv,Minnesota Timberwolves San Antonio Spurs,minnesota timberwolves san antonio spurs,Victor Wembanyama,victor wembanyama,RA (hitos),23+,0.0,8.25,player_ra_hito,RA,over,23,22.5,Victor Wembanyama 23+ RA,1,
c8e2279e120344384ddb6116b3d958902fc04423,20260514_094005,2026-05-14T09:40:05-03:00,2026-05-14T12:40:05+00:00,betano,basketball,NBA,props_nba_20260514_094005.csv,Minnesota Timberwolves San Antonio Spurs,minnesota timberwolves san antonio spurs,Victor Wembanyama,victor wembanyama,RA (hitos),25+,0.0,13.5,player_ra_hito,RA,over,25,24.5,Victor Wembanyama 25+ RA,1,
d38c1e7975a2a96dc1416d1d86a398d77271815d,20260514_094005,2026-05-14T09:40:05-03:00,2026-05-14T12:40:05+00:00,betano,basketball,NBA,props_nba_20260514_094005.csv,Minnesota Timberwolves San Antonio Spurs,minnesota timberwolves san antonio spurs,Victor Wembanyama,victor wembanyama,RA (hitos),27+,0.0,17.5,player_ra_hito,RA,over,27,26.5,Victor Wembanyama 27+ RA,1,
fef6f3ad47e104b916c605c15d02016f894c4b1a,20260514_094005,2026-05-14T09:40:05-03:00,2026-05-14T12:40:05+00:00,betano,basketball,NBA,props_nba_20260514_094005.csv,Minnesota Timberwolves San Antonio Spurs,minnesota timberwolves san antonio spurs,Stephon Castle,stephon castle,RA (hitos),9+,0.0,1.04,player_ra_hito,RA,over,9,8.5,Stephon Castle 9+ RA,1,
e21164738ce93f7c86b898700dd6d2b66148bf3d,20260514_094005,2026-05-14T09:40:05-03:00,2026-05-14T12:40:05+00:00,betano,basketball,NBA,props_nba_20260514_094005.csv,Minnesota Timberwolves San Antonio Spurs,minnesota timberwolves san antonio spurs,Stephon Castle,stephon castle,RA (hitos),10+,0.0,1.16,player_ra_hito,RA,over,10,9.5,Stephon Castle 10+ RA,1,
89a38b0e1498128607fbffe3decf933f4e3c7889,20260514_094005,2026-05-14T09:40:05-03:00,2026-05-14T12:40:05+00:00,betano,basketball,NBA,props_nba_20260514_094005.csv,Minnesota Timberwolves San Antonio Spurs,minnesota timberwolves san antonio spurs,Stephon Castle,stephon castle,RA (hitos),11+,0.0,1.36,player_ra_hito,RA,over,11,10.5,Stephon Castle 11+ RA,1,
f0c19604b5f478ed7feb343a951432394d435137,20260514_094005,2026-05-14T09:40:05-03:00,2026-05-14T12:40:05+00:00,betano,basketball,NBA,props_nba_20260514_094005.csv,Minnesota Timberwolves San Antonio Spurs,minnesota timberwolves san antonio spurs,Stephon Castle,stephon castle,RA (hitos),12+,0.0,1.62,player_ra_hito,RA,over,12,11.5,Stephon Castle 12+ RA,1,
9fe420b48529561188d6d14bfc2c310e884a42f4,20260514_094005,2026-05-14T09:40:05-03:00,2026-05-14T12:40:05+00:00,betano,basketball,NBA,props_nba_20260514_094005.csv,Minnesota Timberwolves San Antonio Spurs,minnesota timberwolves san antonio spurs,Stephon Castle,stephon castle,RA (hitos),13+,0.0,2.02,player_ra_hito,RA,over,13,12.5,Stephon Castle 13+ RA,1,
14da66224f674281eea4c4f29ae1b563b8ec78dc,20260514_094005,2026-05-14T09:40:05-03:00,2026-05-14T12:40:05+00:00,betano,basketball,NBA,props_nba_20260514_094005.csv,Minnesota Timberwolves San Antonio Spurs,minnesota timberwolves san antonio spurs,Stephon Castle,stephon castle,RA (hitos),14+,0.0,2.57,player_ra_hito,RA,over,14,13.5,Stephon Castle 14+ RA,1,
8d0f7adb099ccb77184f092118c130da0753e876,20260514_094005,2026-05-14T09:40:05-03:00,2026-05-14T12:40:05+00:00,betano,basketball,NBA,props_nba_20260514_094005.csv,Minnesota Timberwolves San Antonio Spurs,minnesota timberwolves san antonio spurs,Stephon Castle,stephon castle,RA (hitos),15+,0.0,3.3,player_ra_hito,RA,over,15,14.5,Stephon Castle 15+ RA,1,
ac8fc22dfffb49be89bb2ba9bc590c4c09e2467d,20260514_094005,2026-05-14T09:40:05-03:00,2026-05-14T12:40:05+00:00,betano,basketball,NBA,props_nba_20260514_094005.csv,Minnesota Timberwolves San Antonio Spurs,minnesota timberwolves san antonio spurs,Stephon Castle,stephon castle,RA (hitos),16+,0.0,4.15,player_ra_hito,RA,over,16,15.5,Stephon Castle 16+ RA,1,
90c2262b347ce6fc6417ff98d04abef2830a2020,20260514_094005,2026-05-14T09:40:05-03:00,2026-05-14T12:40:05+00:00,betano,basketball,NBA,props_nba_20260514_094005.csv,Minnesota Timberwolves San Antonio Spurs,minnesota timberwolves san antonio spurs,Stephon Castle,stephon castle,RA (hitos),17+,0.0,5.1,player_ra_hito,RA,over,17,16.5,Stephon Castle 17+ RA,1,
5f620cae742a03c5615cee705a28aa019be7ba40,20260514_094005,2026-05-14T09:40:05-03:00,2026-05-14T12:40:05+00:00,betano,basketball,NBA,props_nba_20260514_094005.csv,Minnesota Timberwolves San Antonio Spurs,minnesota timberwolves san antonio spurs,Rudy Gobert,rudy gobert,RA (hitos),9+,0.0,1.31,player_ra_hito,RA,over,9,8.5,Rudy Gobert 9+ RA,1,
397a8cd62cefacac5521ec09d19cc1028a1ddbc8,20260514_094005,2026-05-14T09:40:05-03:00,2026-05-14T12:40:05+00:00,betano,basketball,NBA,props_nba_20260514_094005.csv,Minnesota Timberwolves San Antonio Spurs,minnesota timberwolves san antonio spurs,Rudy Gobert,rudy gobert,RA (hitos),11+,0.0,1.98,player_ra_hito,RA,over,11,10.5,Rudy Gobert 11+ RA,1,
ad433a7aa1486a11adb50983808e5937e07fa7f1,20260514_094005,2026-05-14T09:40:05-03:00,2026-05-14T12:40:05+00:00,betano,basketball,NBA,props_nba_20260514_094005.csv,Minnesota Timberwolves San Antonio Spurs,minnesota timberwolves san antonio spurs,Rudy Gobert,rudy gobert,RA (hitos),13+,0.0,3.5,player_ra_hito,RA,over,13,12.5,Rudy Gobert 13+ RA,1,
5a1f1b13df38c445629275294da2610f96e3f509,20260514_094005,2026-05-14T09:40:05-03:00,2026-05-14T12:40:05+00:00,betano,basketball,NBA,props_nba_20260514_094005.csv,Minnesota Timberwolves San Antonio Spurs,minnesota timberwolves san antonio spurs,Rudy Gobert,rudy gobert,RA (hitos),15+,0.0,6.9,player_ra_hito,RA,over,15,14.5,Rudy Gobert 15+ RA,1,
96ae7761a7de3f72c28fd9c19a239e60b11d733e,20260514_094005,2026-05-14T09:40:05-03:00,2026-05-14T12:40:05+00:00,betano,basketball,NBA,props_nba_20260514_094005.csv,Minnesota Timberwolves San Antonio Spurs,minnesota timberwolves san antonio spurs,Rudy Gobert,rudy gobert,RA (hitos),17+,0.0,12.5,player_ra_hito,RA,over,17,16.5,Rudy Gobert 17+ RA,1,
6d98eb6099ca8b9fd1dd7709c94e864afd85a49a,20260514_094005,2026-05-14T09:40:05-03:00,2026-05-14T12:40:05+00:00,betano,basketball,NBA,props_nba_20260514_094005.csv,Minnesota Timberwolves San Antonio Spurs,minnesota timberwolves san antonio spurs,Rudy Gobert,rudy gobert,RA (hitos),19+,0.0,17,player_ra_hito,RA,over,19,18.5,Rudy Gobert 19+ RA,1,
8cd210199a1c09cc7a7c20d3744727d1bd5b7357,20260514_094005,2026-05-14T09:40:05-03:00,2026-05-14T12:40:05+00:00,betano,basketball,NBA,props_nba_20260514_094005.csv,Minnesota Timberwolves San Antonio Spurs,minnesota timberwolves san antonio spurs,Julius Randle,julius randle,RA (hitos),9+,0.0,1.38,player_ra_hito,RA,over,9,8.5,Julius Randle 9+ RA,1,
7ef62e9a6ab4ccf37c14446d57a5b726a00715a5,20260514_094005,2026-05-14T09:40:05-03:00,2026-05-14T12:40:05+00:00,betano,basketball,NBA,props_nba_20260514_094005.csv,Minnesota Timberwolves San Antonio Spurs,minnesota timberwolves san antonio spurs,Julius Randle,julius randle,RA (hitos),10+,0.0,1.67,player_ra_hito,RA,over,10,9.5,Julius Randle 10+ RA,1,
2a9715946c2579270f4c919df4f5c8e99e895e05,20260514_094005,2026-05-14T09:40:05-03:00,2026-05-14T12:40:05+00:00,betano,basketball,NBA,props_nba_20260514_094005.csv,Minnesota Timberwolves San Antonio Spurs,minnesota timberwolves san antonio spurs,Julius Randle,julius randle,RA (hitos),11+,0.0,2.15,player_ra_hito,RA,over,11,10.5,Julius Randle 11+ RA,1,
fd9b4cec98cceea5371e993d333051c627cbf120,20260514_094005,2026-05-14T09:40:05-03:00,2026-05-14T12:40:05+00:00,betano,basketball,NBA,props_nba_20260514_094005.csv,Minnesota Timberwolves San Antonio Spurs,minnesota timberwolves san antonio spurs,Julius Randle,julius randle,RA (hitos),12+,0.0,2.85,player_ra_hito,RA,over,12,11.5,Julius Randle 12+ RA,1,
f4fca3c4fc47986158c18edd4e675156923680f6,20260514_094005,2026-05-14T09:40:05-03:00,2026-05-14T12:40:05+00:00,betano,basketball,NBA,props_nba_20260514_094005.csv,Minnesota Timberwolves San Antonio Spurs,minnesota timberwolves san antonio spurs,Julius Randle,julius randle,RA (hitos),13+,0.0,3.95,player_ra_hito,RA,over,13,12.5,Julius Randle 13+ RA,1,
917adf060b07aa75a908c478f9b0e7eae13f47ea,20260514_094005,2026-05-14T09:40:05-03:00,2026-05-14T12:40:05+00:00,betano,basketball,NBA,props_nba_20260514_094005.csv,Minnesota Timberwolves San Antonio Spurs,minnesota timberwolves san antonio spurs,Julius Randle,julius randle,RA (hitos),14+,0.0,5.6,player_ra_hito,RA,over,14,13.5,Julius Randle 14+ RA,1,
08c50b40cde2a185eacad0ad7385285365469166,20260514_094005,2026-05-14T09:40:05-03:00,2026-05-14T12:40:05+00:00,betano,basketball,NBA,props_nba_20260514_094005.csv,Minnesota Timberwolves San Antonio Spurs,minnesota timberwolves san antonio spurs,Julius Randle,julius randle,RA (hitos),15+,0.0,7.9,player_ra_hito,RA,over,15,14.5,Julius Randle 15+ RA,1,
8b51cb1f4814bee154f6ed58d17effdffd39f5cf,20260514_094005,2026-05-14T09:40:05-03:00,2026-05-14T12:40:05+00:00,betano,basketball,NBA,props_nba_20260514_094005.csv,Minnesota Timberwolves San Antonio Spurs,minnesota timberwolves san antonio spurs,Julius Randle,julius randle,RA (hitos),16+,0.0,10.75,player_ra_hito,RA,over,16,15.5,Julius Randle 16+ RA,1,
9a90a36f3be06cf2e6c00b9c20fa87d0f55f9403,20260514_094005,2026-05-14T09:40:05-03:00,2026-05-14T12:40:05+00:00,betano,basketball,NBA,props_nba_20260514_094005.csv,Minnesota Timberwolves San Antonio Spurs,minnesota timberwolves san antonio spurs,Anthony Edwards,anthony edwards,RA (hitos),9+,0.0,1.42,player_ra_hito,RA,over,9,8.5,Anthony Edwards 9+ RA,1,
9e3d1cb1fd089de27d4bd80670c754e82eb0e3fb,20260514_094005,2026-05-14T09:40:05-03:00,2026-05-14T12:40:05+00:00,betano,basketball,NBA,props_nba_20260514_094005.csv,Minnesota Timberwolves San Antonio Spurs,minnesota timberwolves san antonio spurs,Anthony Edwards,anthony edwards,RA (hitos),10+,0.0,1.72,player_ra_hito,RA,over,10,9.5,Anthony Edwards 10+ RA,1,
c366d5bcc4620fd5ab11f11b5d5d33791b5f3737,20260514_094005,2026-05-14T09:40:05-03:00,2026-05-14T12:40:05+00:00,betano,basketball,NBA,props_nba_20260514_094005.csv,Minnesota Timberwolves San Antonio Spurs,minnesota timberwolves san antonio spurs,Anthony Edwards,anthony edwards,RA (hitos),11+,0.0,2.25,player_ra_hito,RA,over,11,10.5,Anthony Edwards 11+ RA,1,
eaedbb60f8047b7715176fa430fa0a590261788f,20260514_094005,2026-05-14T09:40:05-03:00,2026-05-14T12:40:05+00:00,betano,basketball,NBA,props_nba_20260514_094005.csv,Minnesota Timberwolves San Antonio Spurs,minnesota timberwolves san antonio spurs,Anthony Edwards,anthony edwards,RA (hitos),12+,0.0,3,player_ra_hito,RA,over,12,11.5,Anthony Edwards 12+ RA,1,
e60501789ad3b665503d776e1a93084e87d27097,20260514_094005,2026-05-14T09:40:05-03:00,2026-05-14T12:40:05+00:00,betano,basketball,NBA,props_nba_20260514_094005.csv,Minnesota Timberwolves San Antonio Spurs,minnesota timberwolves san antonio spurs,Anthony Edwards,anthony edwards,RA (hitos),13+,0.0,4.2,player_ra_hito,RA,over,13,12.5,Anthony Edwards 13+ RA,1,
8d809745ad1324df8091cd336c5b70fbbb2b678b,20260514_094005,2026-05-14T09:40:05-03:00,2026-05-14T12:40:05+00:00,betano,basketball,NBA,props_nba_20260514_094005.csv,Minnesota Timberwolves San Antonio Spurs,minnesota timberwolves san antonio spurs,Anthony Edwards,anthony edwards,RA (hitos),14+,0.0,6,player_ra_hito,RA,over,14,13.5,Anthony Edwards 14+ RA,1,
ba9526677651455f5c7b66eb425f2fbce3488217,20260514_094005,2026-05-14T09:40:05-03:00,2026-05-14T12:40:05+00:00,betano,basketball,NBA,props_nba_20260514_094005.csv,Minnesota Timberwolves San Antonio Spurs,minnesota timberwolves san antonio spurs,Anthony Edwards,anthony edwards,RA (hitos),15+,0.0,8.5,player_ra_hito,RA,over,15,14.5,Anthony Edwards 15+ RA,1,
9c8191467e1b8b1abde9df8b33a43ca7930d360a,20260514_094005,2026-05-14T09:40:05-03:00,2026-05-14T12:40:05+00:00,betano,basketball,NBA,props_nba_20260514_094005.csv,Minnesota Timberwolves San Antonio Spurs,minnesota timberwolves san antonio spurs,Anthony Edwards,anthony edwards,RA (hitos),16+,0.0,11.25,player_ra_hito,RA,over,16,15.5,Anthony Edwards 16+ RA,1,
089da0be884ddb7dbc120688dce8e737aa95a3ee,20260514_094005,2026-05-14T09:40:05-03:00,2026-05-14T12:40:05+00:00,betano,basketball,NBA,props_nba_20260514_094005.csv,Minnesota Timberwolves San Antonio Spurs,minnesota timberwolves san antonio spurs,De'Aaron Fox,de aaron fox,RA (hitos),8+,0.0,1.37,player_ra_hito,RA,over,8,7.5,De'Aaron Fox 8+ RA,1,
afb0c7c56369e1469601be504c3e0147e65d86ea,20260514_094005,2026-05-14T09:40:05-03:00,2026-05-14T12:40:05+00:00,betano,basketball,NBA,props_nba_20260514_094005.csv,Minnesota Timberwolves San Antonio Spurs,minnesota timberwolves san antonio spurs,De'Aaron Fox,de aaron fox,RA (hitos),9+,0.0,1.67,player_ra_hito,RA,over,9,8.5,De'Aaron Fox 9+ RA,1,
b471d91b2e4c6f9478a0bbb1189341ea71ccdee9,20260514_094005,2026-05-14T09:40:05-03:00,2026-05-14T12:40:05+00:00,betano,basketball,NBA,props_nba_20260514_094005.csv,Minnesota Timberwolves San Antonio Spurs,minnesota timberwolves san antonio spurs,De'Aaron Fox,de aaron fox,RA (hitos),10+,0.0,2.18,player_ra_hito,RA,over,10,9.5,De'Aaron Fox 10+ RA,1,
9c70b619e41d72d6d6062f2eb7e142af9e7b6138,20260514_094005,2026-05-14T09:40:05-03:00,2026-05-14T12:40:05+00:00,betano,basketball,NBA,props_nba_20260514_094005.csv,Minnesota Timberwolves San Antonio Spurs,minnesota timberwolves san antonio spurs,De'Aaron Fox,de aaron fox,RA (hitos),11+,0.0,2.95,player_ra_hito,RA,over,11,10.5,De'Aaron Fox 11+ RA,1,
6691c54a354f7a9ccfaa977a6a45fa0b8acba9bc,20260514_094005,2026-05-14T09:40:05-03:00,2026-05-14T12:40:05+00:00,betano,basketball,NBA,props_nba_20260514_094005.csv,Minnesota Timberwolves San Antonio Spurs,minnesota timberwolves san antonio spurs,De'Aaron Fox,de aaron fox,RA (hitos),12+,0.0,4.2,player_ra_hito,RA,over,12,11.5,De'Aaron Fox 12+ RA,1,
b6fe7fa73e52182b0cdeea4ec867042d452ff965,20260514_094005,2026-05-14T09:40:05-03:00,2026-05-14T12:40:05+00:00,betano,basketball,NBA,props_nba_20260514_094005.csv,Minnesota Timberwolves San Antonio Spurs,minnesota timberwolves san antonio spurs,De'Aaron Fox,de aaron fox,RA (hitos),13+,0.0,6.1,player_ra_hito,RA,over,13,12.5,De'Aaron Fox 13+ RA,1,
7ea3ef2c22f5cc7d1bebcb2346006f62a344dedf,20260514_094005,2026-05-14T09:40:05-03:00,2026-05-14T12:40:05+00:00,betano,basketball,NBA,props_nba_20260514_094005.csv,Minnesota Timberwolves San Antonio Spurs,minnesota timberwolves san antonio spurs,De'Aaron Fox,de aaron fox,RA (hitos),14+,0.0,8.5,player_ra_hito,RA,over,14,13.5,De'Aaron Fox 14+ RA,1,
05dfca035ef2c762ce6cea889ea50f200b0f8b17,20260514_094005,2026-05-14T09:40:05-03:00,2026-05-14T12:40:05+00:00,betano,basketball,NBA,props_nba_20260514_094005.csv,Minnesota Timberwolves San Antonio Spurs,minnesota timberwolves san antonio spurs,De'Aaron Fox,de aaron fox,RA (hitos),15+,0.0,11.75,player_ra_hito,RA,over,15,14.5,De'Aaron Fox 15+ RA,1,
32df5226ee2b57bd0a34c4abfd271f2e8a785690,20260514_094005,2026-05-14T09:40:05-03:00,2026-05-14T12:40:05+00:00,betano,basketball,NBA,props_nba_20260514_094005.csv,Minnesota Timberwolves San Antonio Spurs,minnesota timberwolves san antonio spurs,Naz Reid,naz reid,RA (hitos),8+,0.0,1.37,player_ra_hito,RA,over,8,7.5,Naz Reid 8+ RA,1,
eded58a37557e3a9c769c289cfc23cfb109b577e,20260514_094005,2026-05-14T09:40:05-03:00,2026-05-14T12:40:05+00:00,betano,basketball,NBA,props_nba_20260514_094005.csv,Minnesota Timberwolves San Antonio Spurs,minnesota timberwolves san antonio spurs,Naz Reid,naz reid,RA (hitos),9+,0.0,1.7,player_ra_hito,RA,over,9,8.5,Naz Reid 9+ RA,1,
46b300b904ddeb91fe33dc68384513f9adf5b7ff,20260514_094005,2026-05-14T09:40:05-03:00,2026-05-14T12:40:05+00:00,betano,basketball,NBA,props_nba_20260514_094005.csv,Minnesota Timberwolves San Antonio Spurs,minnesota timberwolves san antonio spurs,Naz Reid,naz reid,RA (hitos),10+,0.0,2.2,player_ra_hito,RA,over,10,9.5,Naz Reid 10+ RA,1,
3d1fc42cda804808c7cb859fe65daec76e140856,20260514_094005,2026-05-14T09:40:05-03:00,2026-05-14T12:40:05+00:00,betano,basketball,NBA,props_nba_20260514_094005.csv,Minnesota Timberwolves San Antonio Spurs,minnesota timberwolves san antonio spurs,Naz Reid,naz reid,RA (hitos),11+,0.0,3,player_ra_hito,RA,over,11,10.5,Naz Reid 11+ RA,1,
f5c78b26dd05a50d8a740518621e50ced3009a3d,20260514_094005,2026-05-14T09:40:05-03:00,2026-05-14T12:40:05+00:00,betano,basketball,NBA,props_nba_20260514_094005.csv,Minnesota Timberwolves San Antonio Spurs,minnesota timberwolves san antonio spurs,Naz Reid,naz reid,RA (hitos),12+,0.0,4.25,player_ra_hito,RA,over,12,11.5,Naz Reid 12+ RA,1,
ed2cefd4532f30145fec7f1c4696f54a68e909db,20260514_094005,2026-05-14T09:40:05-03:00,2026-05-14T12:40:05+00:00,betano,basketball,NBA,props_nba_20260514_094005.csv,Minnesota Timberwolves San Antonio Spurs,minnesota timberwolves san antonio spurs,Naz Reid,naz reid,RA (hitos),13+,0.0,6.1,player_ra_hito,RA,over,13,12.5,Naz Reid 13+ RA,1,
826658589eaa8d6f4b2b9decdfaf2892980d8dc0,20260514_094005,2026-05-14T09:40:05-03:00,2026-05-14T12:40:05+00:00,betano,basketball,NBA,props_nba_20260514_094005.csv,Minnesota Timberwolves San Antonio Spurs,minnesota timberwolves san antonio spurs,Naz Reid,naz reid,RA (hitos),14+,0.0,8.75,player_ra_hito,RA,over,14,13.5,Naz Reid 14+ RA,1,
952b1eec9400376dbc8e43b3384fdc650ae454d6,20260514_094005,2026-05-14T09:40:05-03:00,2026-05-14T12:40:05+00:00,betano,basketball,NBA,props_nba_20260514_094005.csv,Minnesota Timberwolves San Antonio Spurs,minnesota timberwolves san antonio spurs,Naz Reid,naz reid,RA (hitos),15+,0.0,11.75,player_ra_hito,RA,over,15,14.5,Naz Reid 15+ RA,1,
9198d3e61a9aece9210ff83ed17c8bd573b7dfd6,20260514_094005,2026-05-14T09:40:05-03:00,2026-05-14T12:40:05+00:00,betano,basketball,NBA,props_nba_20260514_094005.csv,Minnesota Timberwolves San Antonio Spurs,minnesota timberwolves san antonio spurs,Ayo Dosunmu,ayo dosunmu,RA (hitos),7+,0.0,1.4,player_ra_hito,RA,over,7,6.5,Ayo Dosunmu 7+ RA,1,
fbfd1f93b47081caa8538717f03f8e476dcccfce,20260514_094005,2026-05-14T09:40:05-03:00,2026-05-14T12:40:05+00:00,betano,basketball,NBA,props_nba_20260514_094005.csv,Minnesota Timberwolves San Antonio Spurs,minnesota timberwolves san antonio spurs,Ayo Dosunmu,ayo dosunmu,RA (hitos),8+,0.0,1.78,player_ra_hito,RA,over,8,7.5,Ayo Dosunmu 8+ RA,1,
b0e818c7cb24a71e6a821bb8862663cdec9fbdfc,20260514_094005,2026-05-14T09:40:05-03:00,2026-05-14T12:40:05+00:00,betano,basketball,NBA,props_nba_20260514_094005.csv,Minnesota Timberwolves San Antonio Spurs,minnesota timberwolves san antonio spurs,Ayo Dosunmu,ayo dosunmu,RA (hitos),9+,0.0,2.37,player_ra_hito,RA,over,9,8.5,Ayo Dosunmu 9+ RA,1,
27e00b181de544163972711676ccbb1d5691f98b,20260514_094005,2026-05-14T09:40:05-03:00,2026-05-14T12:40:05+00:00,betano,basketball,NBA,props_nba_20260514_094005.csv,Minnesota Timberwolves San Antonio Spurs,minnesota timberwolves san antonio spurs,Ayo Dosunmu,ayo dosunmu,RA (hitos),10+,0.0,3.4,player_ra_hito,RA,over,10,9.5,Ayo Dosunmu 10+ RA,1,
81e998793b21845f68715c1fd5ee9a0e72cb3ad4,20260514_094005,2026-05-14T09:40:05-03:00,2026-05-14T12:40:05+00:00,betano,basketball,NBA,props_nba_20260514_094005.csv,Minnesota Timberwolves San Antonio Spurs,minnesota timberwolves san antonio spurs,Ayo Dosunmu,ayo dosunmu,RA (hitos),11+,0.0,5,player_ra_hito,RA,over,11,10.5,Ayo Dosunmu 11+ RA,1,
21740df771b579848dad1bd59839835ed7a39120,20260514_094005,2026-05-14T09:40:05-03:00,2026-05-14T12:40:05+00:00,betano,basketball,NBA,props_nba_20260514_094005.csv,Minnesota Timberwolves San Antonio Spurs,minnesota timberwolves san antonio spurs,Ayo Dosunmu,ayo dosunmu,RA (hitos),12+,0.0,7.3,player_ra_hito,RA,over,12,11.5,Ayo Dosunmu 12+ RA,1,
c71767e6e1a72d2e7510f0a05b03529b3f0631c6,20260514_094005,2026-05-14T09:40:05-03:00,2026-05-14T12:40:05+00:00,betano,basketball,NBA,props_nba_20260514_094005.csv,Minnesota Timberwolves San Antonio Spurs,minnesota timberwolves san antonio spurs,Ayo Dosunmu,ayo dosunmu,RA (hitos),13+,0.0,10.25,player_ra_hito,RA,over,13,12.5,Ayo Dosunmu 13+ RA,1,
ec0964159ed26760fadd5b450da1c544459fe241,20260514_094005,2026-05-14T09:40:05-03:00,2026-05-14T12:40:05+00:00,betano,basketball,NBA,props_nba_20260514_094005.csv,Minnesota Timberwolves San Antonio Spurs,minnesota timberwolves san antonio spurs,Ayo Dosunmu,ayo dosunmu,RA (hitos),14+,0.0,13.5,player_ra_hito,RA,over,14,13.5,Ayo Dosunmu 14+ RA,1,
a09c7f7ac8b7479fe726e34f76a71381422674eb,20260514_094005,2026-05-14T09:40:05-03:00,2026-05-14T12:40:05+00:00,betano,basketball,NBA,props_nba_20260514_094005.csv,Minnesota Timberwolves San Antonio Spurs,minnesota timberwolves san antonio spurs,Jaden McDaniels,jaden mcdaniels,RA (hitos),7+,0.0,1.42,player_ra_hito,RA,over,7,6.5,Jaden McDaniels 7+ RA,1,
4676febe5223e53cbbc1470653edcac31687a5fa,20260514_094005,2026-05-14T09:40:05-03:00,2026-05-14T12:40:05+00:00,betano,basketball,NBA,props_nba_20260514_094005.csv,Minnesota Timberwolves San Antonio Spurs,minnesota timberwolves san antonio spurs,Jaden McDaniels,jaden mcdaniels,RA (hitos),8+,0.0,1.82,player_ra_hito,RA,over,8,7.5,Jaden McDaniels 8+ RA,1,
6bfc75b8320818c35b003e2a28c4b9832a44a445,20260514_094005,2026-05-14T09:40:05-03:00,2026-05-14T12:40:05+00:00,betano,basketball,NBA,props_nba_20260514_094005.csv,Minnesota Timberwolves San Antonio Spurs,minnesota timberwolves san antonio spurs,Jaden McDaniels,jaden mcdaniels,RA (hitos),9+,0.0,2.45,player_ra_hito,RA,over,9,8.5,Jaden McDaniels 9+ RA,1,
5d0f107fb31a7efdec0b2ec377b8aa20d1791a32,20260514_094005,2026-05-14T09:40:05-03:00,2026-05-14T12:40:05+00:00,betano,basketball,NBA,props_nba_20260514_094005.csv,Minnesota Timberwolves San Antonio Spurs,minnesota timberwolves san antonio spurs,Jaden McDaniels,jaden mcdaniels,RA (hitos),10+,0.0,3.45,player_ra_hito,RA,over,10,9.5,Jaden McDaniels 10+ RA,1,
1ade5fe902bcef498dfeabb4af6c6f14dbfc58b0,20260514_094005,2026-05-14T09:40:05-03:00,2026-05-14T12:40:05+00:00,betano,basketball,NBA,props_nba_20260514_094005.csv,Minnesota Timberwolves San Antonio Spurs,minnesota timberwolves san antonio spurs,Jaden McDaniels,jaden mcdaniels,RA (hitos),11+,0.0,5.1,player_ra_hito,RA,over,11,10.5,Jaden McDaniels 11+ RA,1,
7cf6aba4c9c6399c58bda75616003443ac64904a,20260514_094005,2026-05-14T09:40:05-03:00,2026-05-14T12:40:05+00:00,betano,basketball,NBA,props_nba_20260514_094005.csv,Minnesota Timberwolves San Antonio Spurs,minnesota timberwolves san antonio spurs,Jaden McDaniels,jaden mcdaniels,RA (hitos),12+,0.0,7.6,player_ra_hito,RA,over,12,11.5,Jaden McDaniels 12+ RA,1,
7f317c905a52ce07ff438d78e5090dea40fff1e1,20260514_094005,2026-05-14T09:40:05-03:00,2026-05-14T12:40:05+00:00,betano,basketball,NBA,props_nba_20260514_094005.csv,Minnesota Timberwolves San Antonio Spurs,minnesota timberwolves san antonio spurs,Jaden McDaniels,jaden mcdaniels,RA (hitos),13+,0.0,10.75,player_ra_hito,RA,over,13,12.5,Jaden McDaniels 13+ RA,1,
afec7dada447d0afa65714f2a28f47ddca6643fe,20260514_094005,2026-05-14T09:40:05-03:00,2026-05-14T12:40:05+00:00,betano,basketball,NBA,props_nba_20260514_094005.csv,Minnesota Timberwolves San Antonio Spurs,minnesota timberwolves san antonio spurs,Jaden McDaniels,jaden mcdaniels,RA (hitos),14+,0.0,14,player_ra_hito,RA,over,14,13.5,Jaden McDaniels 14+ RA,1,
66afcab0fd9a8c8e7f3242d3e3eb42cf0f55e1d4,20260514_094005,2026-05-14T09:40:05-03:00,2026-05-14T12:40:05+00:00,betano,basketball,NBA,props_nba_20260514_094005.csv,Minnesota Timberwolves San Antonio Spurs,minnesota timberwolves san antonio spurs,Dylan Harper,dylan harper,RA (hitos),6+,0.0,1.19,player_ra_hito,RA,over,6,5.5,Dylan Harper 6+ RA,1,
cac58e868efe704b098ec9d7759c42bbc5b08137,20260514_094005,2026-05-14T09:40:05-03:00,2026-05-14T12:40:05+00:00,betano,basketball,NBA,props_nba_20260514_094005.csv,Minnesota Timberwolves San Antonio Spurs,minnesota timberwolves san antonio spurs,Dylan Harper,dylan harper,RA (hitos),7+,0.0,1.47,player_ra_hito,RA,over,7,6.5,Dylan Harper 7+ RA,1,
f1944de0e49f59a547201a454a938cff16f383be,20260514_094005,2026-05-14T09:40:05-03:00,2026-05-14T12:40:05+00:00,betano,basketball,NBA,props_nba_20260514_094005.csv,Minnesota Timberwolves San Antonio Spurs,minnesota timberwolves san antonio spurs,Dylan Harper,dylan harper,RA (hitos),8+,0.0,1.88,player_ra_hito,RA,over,8,7.5,Dylan Harper 8+ RA,1,
5e503c5b9d0b52714c34b59042660f8d3744021d,20260514_094005,2026-05-14T09:40:05-03:00,2026-05-14T12:40:05+00:00,betano,basketball,NBA,props_nba_20260514_094005.csv,Minnesota Timberwolves San Antonio Spurs,minnesota timberwolves san antonio spurs,Dylan Harper,dylan harper,RA (hitos),9+,0.0,2.52,player_ra_hito,RA,over,9,8.5,Dylan Harper 9+ RA,1,
2966c0423d13838e602d120b01d4e54af0e1be5d,20260514_094005,2026-05-14T09:40:05-03:00,2026-05-14T12:40:05+00:00,betano,basketball,NBA,props_nba_20260514_094005.csv,Minnesota Timberwolves San Antonio Spurs,minnesota timberwolves san antonio spurs,Dylan Harper,dylan harper,RA (hitos),10+,0.0,3.4,player_ra_hito,RA,over,10,9.5,Dylan Harper 10+ RA,1,
584919c7ceb3d7193ffaa57680c9f7e767ff5ac5,20260514_094005,2026-05-14T09:40:05-03:00,2026-05-14T12:40:05+00:00,betano,basketball,NBA,props_nba_20260514_094005.csv,Minnesota Timberwolves San Antonio Spurs,minnesota timberwolves san antonio spurs,Dylan Harper,dylan harper,RA (hitos),11+,0.0,4.45,player_ra_hito,RA,over,11,10.5,Dylan Harper 11+ RA,1,
fe8fc5bc5bf0581fedeba487a143beca9f60b2a5,20260514_094005,2026-05-14T09:40:05-03:00,2026-05-14T12:40:05+00:00,betano,basketball,NBA,props_nba_20260514_094005.csv,Minnesota Timberwolves San Antonio Spurs,minnesota timberwolves san antonio spurs,Dylan Harper,dylan harper,RA (hitos),12+,0.0,5.6,player_ra_hito,RA,over,12,11.5,Dylan Harper 12+ RA,1,
00f4029875d3b7e0b7b4db69e2b9fb03b1588279,20260514_094005,2026-05-14T09:40:05-03:00,2026-05-14T12:40:05+00:00,betano,basketball,NBA,props_nba_20260514_094005.csv,Minnesota Timberwolves San Antonio Spurs,minnesota timberwolves san antonio spurs,Dylan Harper,dylan harper,RA (hitos),13+,0.0,6.5,player_ra_hito,RA,over,13,12.5,Dylan Harper 13+ RA,1,
a48e64616cc8e915499a0ff15ac4c23ecdfc1781,20260514_094005,2026-05-14T09:40:05-03:00,2026-05-14T12:40:05+00:00,betano,basketball,NBA,props_nba_20260514_094005.csv,Minnesota Timberwolves San Antonio Spurs,minnesota timberwolves san antonio spurs,Devin Vassell,devin vassell,RA (hitos),6+,0.0,1.44,player_ra_hito,RA,over,6,5.5,Devin Vassell 6+ RA,1,
328a497a6865651c1102af9ba2a8dd65eacb541e,20260514_094005,2026-05-14T09:40:05-03:00,2026-05-14T12:40:05+00:00,betano,basketball,NBA,props_nba_20260514_094005.csv,Minnesota Timberwolves San Antonio Spurs,minnesota timberwolves san antonio spurs,Devin Vassell,devin vassell,RA (hitos),7+,0.0,1.87,player_ra_hito,RA,over,7,6.5,Devin Vassell 7+ RA,1,
0cab2574cc5aca7d5e0af10264021df45ecd64af,20260514_094005,2026-05-14T09:40:05-03:00,2026-05-14T12:40:05+00:00,betano,basketball,NBA,props_nba_20260514_094005.csv,Minnesota Timberwolves San Antonio Spurs,minnesota timberwolves san antonio spurs,Devin Vassell,devin vassell,RA (hitos),8+,0.0,2.62,player_ra_hito,RA,over,8,7.5,Devin Vassell 8+ RA,1,
c56ad858e378704a733b4aa005f64ea9813431a2,20260514_094005,2026-05-14T09:40:05-03:00,2026-05-14T12:40:05+00:00,betano,basketball,NBA,props_nba_20260514_094005.csv,Minnesota Timberwolves San Antonio Spurs,minnesota timberwolves san antonio spurs,Devin Vassell,devin vassell,RA (hitos),9+,0.0,3.85,player_ra_hito,RA,over,9,8.5,Devin Vassell 9+ RA,1,
1cacc1b03acf53d4963b5f7ebbb1c498ef2f812b,20260514_094005,2026-05-14T09:40:05-03:00,2026-05-14T12:40:05+00:00,betano,basketball,NBA,props_nba_20260514_094005.csv,Minnesota Timberwolves San Antonio Spurs,minnesota timberwolves san antonio spurs,Devin Vassell,devin vassell,RA (hitos),10+,0.0,5.8,player_ra_hito,RA,over,10,9.5,Devin Vassell 10+ RA,1,
1731319fd83a2b98953b8b5eabc42aebc0dcd14b,20260514_094005,2026-05-14T09:40:05-03:00,2026-05-14T12:40:05+00:00,betano,basketball,NBA,props_nba_20260514_094005.csv,Minnesota Timberwolves San Antonio Spurs,minnesota timberwolves san antonio spurs,Devin Vassell,devin vassell,RA (hitos),11+,0.0,8.75,player_ra_hito,RA,over,11,10.5,Devin Vassell 11+ RA,1,
462fe7e2577223e00f32b47b8a4a587da94985d1,20260514_094005,2026-05-14T09:40:05-03:00,2026-05-14T12:40:05+00:00,betano,basketball,NBA,props_nba_20260514_094005.csv,Minnesota Timberwolves San Antonio Spurs,minnesota timberwolves san antonio spurs,Devin Vassell,devin vassell,RA (hitos),12+,0.0,12.5,player_ra_hito,RA,over,12,11.5,Devin Vassell 12+ RA,1,
0dd69eeb4586f15a347dd6ddeb27248e61238337,20260514_094005,2026-05-14T09:40:05-03:00,2026-05-14T12:40:05+00:00,betano,basketball,NBA,props_nba_20260514_094005.csv,Minnesota Timberwolves San Antonio Spurs,minnesota timberwolves san antonio spurs,Devin Vassell,devin vassell,RA (hitos),13+,0.0,15.5,player_ra_hito,RA,over,13,12.5,Devin Vassell 13+ RA,1,
fe691302b1017b67f4103d6ff1b2ca76efe2952d,20260514_094005,2026-05-14T09:40:05-03:00,2026-05-14T12:40:05+00:00,betano,basketball,NBA,props_nba_20260514_094005.csv,Minnesota Timberwolves San Antonio Spurs,minnesota timberwolves san antonio spurs,Julian Champagnie,julian champagnie,RA (hitos),6+,0.0,1.45,player_ra_hito,RA,over,6,5.5,Julian Champagnie 6+ RA,1,
3dfc503bffb26d3e2eef726a1aec9d45c4d852cf,20260514_094005,2026-05-14T09:40:05-03:00,2026-05-14T12:40:05+00:00,betano,basketball,NBA,props_nba_20260514_094005.csv,Minnesota Timberwolves San Antonio Spurs,minnesota timberwolves san antonio spurs,Julian Champagnie,julian champagnie,RA (hitos),7+,0.0,1.88,player_ra_hito,RA,over,7,6.5,Julian Champagnie 7+ RA,1,
6e02d576b4791b117167d8f86c7ec62eefbbd7ea,20260514_094005,2026-05-14T09:40:05-03:00,2026-05-14T12:40:05+00:00,betano,basketball,NBA,props_nba_20260514_094005.csv,Minnesota Timberwolves San Antonio Spurs,minnesota timberwolves san antonio spurs,Julian Champagnie,julian champagnie,RA (hitos),8+,0.0,2.62,player_ra_hito,RA,over,8,7.5,Julian Champagnie 8+ RA,1,
a8a61eb55afbbd0f98954a03e03b64257da50f1f,20260514_094005,2026-05-14T09:40:05-03:00,2026-05-14T12:40:05+00:00,betano,basketball,NBA,props_nba_20260514_094005.csv,Minnesota Timberwolves San Antonio Spurs,minnesota timberwolves san antonio spurs,Julian Champagnie,julian champagnie,RA (hitos),9+,0.0,3.85,player_ra_hito,RA,over,9,8.5,Julian Champagnie 9+ RA,1,
cf9af1b9d7b950d8aa1495880f060181bff0ec04,20260514_094005,2026-05-14T09:40:05-03:00,2026-05-14T12:40:05+00:00,betano,basketball,NBA,props_nba_20260514_094005.csv,Minnesota Timberwolves San Antonio Spurs,minnesota timberwolves san antonio spurs,Julian Champagnie,julian champagnie,RA (hitos),10+,0.0,5.8,player_ra_hito,RA,over,10,9.5,Julian Champagnie 10+ RA,1,
cd87898d55d463459da7a1356bbad36ccb401d1d,20260514_094005,2026-05-14T09:40:05-03:00,2026-05-14T12:40:05+00:00,betano,basketball,NBA,props_nba_20260514_094005.csv,Minnesota Timberwolves San Antonio Spurs,minnesota timberwolves san antonio spurs,Julian Champagnie,julian champagnie,RA (hitos),11+,0.0,8.75,player_ra_hito,RA,over,11,10.5,Julian Champagnie 11+ RA,1,
6bac31517d2eef3bce8852a7a6c39ea94c561896,20260514_094005,2026-05-14T09:40:05-03:00,2026-05-14T12:40:05+00:00,betano,basketball,NBA,props_nba_20260514_094005.csv,Minnesota Timberwolves San Antonio Spurs,minnesota timberwolves san antonio spurs,Julian Champagnie,julian champagnie,RA (hitos),12+,0.0,12,player_ra_hito,RA,over,12,11.5,Julian Champagnie 12+ RA,1,
ab1d07f44e3c235cb50e5c09bee4da240e6127f3,20260514_094005,2026-05-14T09:40:05-03:00,2026-05-14T12:40:05+00:00,betano,basketball,NBA,props_nba_20260514_094005.csv,Minnesota Timberwolves San Antonio Spurs,minnesota timberwolves san antonio spurs,Julian Champagnie,julian champagnie,RA (hitos),13+,0.0,15.5,player_ra_hito,RA,over,13,12.5,Julian Champagnie 13+ RA,1,
56dafee515ede1e04e0a1fcf3095e4941df4d834,20260514_094005,2026-05-14T09:40:05-03:00,2026-05-14T12:40:05+00:00,betano,basketball,NBA,props_nba_20260514_094005.csv,Minnesota Timberwolves San Antonio Spurs,minnesota timberwolves san antonio spurs,Keldon Johnson,keldon johnson,RA (hitos),4+,0.0,1.42,player_ra_hito,RA,over,4,3.5,Keldon Johnson 4+ RA,1,
df232c43115910fb1112ae17b7640a51cb938180,20260514_094005,2026-05-14T09:40:05-03:00,2026-05-14T12:40:05+00:00,betano,basketball,NBA,props_nba_20260514_094005.csv,Minnesota Timberwolves San Antonio Spurs,minnesota timberwolves san antonio spurs,Keldon Johnson,keldon johnson,RA (hitos),5+,0.0,1.95,player_ra_hito,RA,over,5,4.5,Keldon Johnson 5+ RA,1,
e69972933a880e0753aa50d3c8b8296da71c0978,20260514_094005,2026-05-14T09:40:05-03:00,2026-05-14T12:40:05+00:00,betano,basketball,NBA,props_nba_20260514_094005.csv,Minnesota Timberwolves San Antonio Spurs,minnesota timberwolves san antonio spurs,Keldon Johnson,keldon johnson,RA (hitos),6+,0.0,2.95,player_ra_hito,RA,over,6,5.5,Keldon Johnson 6+ RA,1,
ec78aa21cf210142c8cf8f1d3ba705266b72562a,20260514_094005,2026-05-14T09:40:05-03:00,2026-05-14T12:40:05+00:00,betano,basketball,NBA,props_nba_20260514_094005.csv,Minnesota Timberwolves San Antonio Spurs,minnesota timberwolves san antonio spurs,Keldon Johnson,keldon johnson,RA (hitos),7+,0.0,4.75,player_ra_hito,RA,over,7,6.5,Keldon Johnson 7+ RA,1,
972c51f992e0a3b8d7849fc8a304021f3f9e407d,20260514_094005,2026-05-14T09:40:05-03:00,2026-05-14T12:40:05+00:00,betano,basketball,NBA,props_nba_20260514_094005.csv,Minnesota Timberwolves San Antonio Spurs,minnesota timberwolves san antonio spurs,Keldon Johnson,keldon johnson,RA (hitos),8+,0.0,7.7,player_ra_hito,RA,over,8,7.5,Keldon Johnson 8+ RA,1,
c3796e316b9b1e5dc072ba8be285601edaca32c9,20260514_094005,2026-05-14T09:40:05-03:00,2026-05-14T12:40:05+00:00,betano,basketball,NBA,props_nba_20260514_094005.csv,Minnesota Timberwolves San Antonio Spurs,minnesota timberwolves san antonio spurs,Keldon Johnson,keldon johnson,RA (hitos),9+,0.0,11.75,player_ra_hito,RA,over,9,8.5,Keldon Johnson 9+ RA,1,
08d5c7c3791332ad2aac28124e2ca97e75f6bd4c,20260514_094005,2026-05-14T09:40:05-03:00,2026-05-14T12:40:05+00:00,betano,basketball,NBA,props_nba_20260514_094005.csv,Minnesota Timberwolves San Antonio Spurs,minnesota timberwolves san antonio spurs,Terrence Shannon Jr.,terrence shannon jr,RA (hitos),3+,0.0,1.22,player_ra_hito,RA,over,3,2.5,Terrence Shannon Jr. 3+ RA,1,
1c721051c7b4d838b9bdb3b40e7021d8e6b3bd90,20260514_094005,2026-05-14T09:40:05-03:00,2026-05-14T12:40:05+00:00,betano,basketball,NBA,props_nba_20260514_094005.csv,Minnesota Timberwolves San Antonio Spurs,minnesota timberwolves san antonio spurs,Terrence Shannon Jr.,terrence shannon jr,RA (hitos),4+,0.0,1.6,player_ra_hito,RA,over,4,3.5,Terrence Shannon Jr. 4+ RA,1,
3a32fe0dfbcc723134ec92b138aaa69feec7fd41,20260514_094005,2026-05-14T09:40:05-03:00,2026-05-14T12:40:05+00:00,betano,basketball,NBA,props_nba_20260514_094005.csv,Minnesota Timberwolves San Antonio Spurs,minnesota timberwolves san antonio spurs,Terrence Shannon Jr.,terrence shannon jr,RA (hitos),5+,0.0,2.35,player_ra_hito,RA,over,5,4.5,Terrence Shannon Jr. 5+ RA,1,
2f0b733ce53e60229366146b37ec4c8ab8f33c77,20260514_094005,2026-05-14T09:40:05-03:00,2026-05-14T12:40:05+00:00,betano,basketball,NBA,props_nba_20260514_094005.csv,Minnesota Timberwolves San Antonio Spurs,minnesota timberwolves san antonio spurs,Terrence Shannon Jr.,terrence shannon jr,RA (hitos),6+,0.0,3.8,player_ra_hito,RA,over,6,5.5,Terrence Shannon Jr. 6+ RA,1,
b12fe905aa4102a407eb4f93c32a95f29bfa2199,20260514_094005,2026-05-14T09:40:05-03:00,2026-05-14T12:40:05+00:00,betano,basketball,NBA,props_nba_20260514_094005.csv,Minnesota Timberwolves San Antonio Spurs,minnesota timberwolves san antonio spurs,Terrence Shannon Jr.,terrence shannon jr,RA (hitos),7+,0.0,6.3,player_ra_hito,RA,over,7,6.5,Terrence Shannon Jr. 7+ RA,1,
a27db26431b225a1058f1eddb248d9059e570ee8,20260514_094005,2026-05-14T09:40:05-03:00,2026-05-14T12:40:05+00:00,betano,basketball,NBA,props_nba_20260514_094005.csv,Minnesota Timberwolves San Antonio Spurs,minnesota timberwolves san antonio spurs,Terrence Shannon Jr.,terrence shannon jr,RA (hitos),8+,0.0,10.25,player_ra_hito,RA,over,8,7.5,Terrence Shannon Jr. 8+ RA,1,
6827dd2bd3411a593b4354d2c002cde7e3161b5c,20260514_094005,2026-05-14T09:40:05-03:00,2026-05-14T12:40:05+00:00,betano,basketball,NBA,props_nba_20260514_094005.csv,Minnesota Timberwolves San Antonio Spurs,minnesota timberwolves san antonio spurs,Mike Conley,mike conley,RA (hitos),3+,0.0,1.31,player_ra_hito,RA,over,3,2.5,Mike Conley 3+ RA,1,
c86eb1a765da65c9c5181b8dd7bb6ad9f303b3af,20260514_094005,2026-05-14T09:40:05-03:00,2026-05-14T12:40:05+00:00,betano,basketball,NBA,props_nba_20260514_094005.csv,Minnesota Timberwolves San Antonio Spurs,minnesota timberwolves san antonio spurs,Mike Conley,mike conley,RA (hitos),4+,0.0,1.82,player_ra_hito,RA,over,4,3.5,Mike Conley 4+ RA,1,
38976587ff248fccf20b92055061b4639ba84d5a,20260514_094005,2026-05-14T09:40:05-03:00,2026-05-14T12:40:05+00:00,betano,basketball,NBA,props_nba_20260514_094005.csv,Minnesota Timberwolves San Antonio Spurs,minnesota timberwolves san antonio spurs,Mike Conley,mike conley,RA (hitos),5+,0.0,2.8,player_ra_hito,RA,over,5,4.5,Mike Conley 5+ RA,1,
df2b0b066e930aba6e898b1c07590197acbf0dca,20260514_094005,2026-05-14T09:40:05-03:00,2026-05-14T12:40:05+00:00,betano,basketball,NBA,props_nba_20260514_094005.csv,Minnesota Timberwolves San Antonio Spurs,minnesota timberwolves san antonio spurs,Mike Conley,mike conley,RA (hitos),6+,0.0,4.75,player_ra_hito,RA,over,6,5.5,Mike Conley 6+ RA,1,
5588276115b18b651f31cfadab049c5c4335e270,20260514_094005,2026-05-14T09:40:05-03:00,2026-05-14T12:40:05+00:00,betano,basketball,NBA,props_nba_20260514_094005.csv,Minnesota Timberwolves San Antonio Spurs,minnesota timberwolves san antonio spurs,Mike Conley,mike conley,RA (hitos),7+,0.0,8,player_ra_hito,RA,over,7,6.5,Mike Conley 7+ RA,1,
4192b94009f7226040dc42fbe8f12eb7496f3603,20260514_094005,2026-05-14T09:40:05-03:00,2026-05-14T12:40:05+00:00,betano,basketball,NBA,props_nba_20260514_094005.csv,Minnesota Timberwolves San Antonio Spurs,minnesota timberwolves san antonio spurs,Mike Conley,mike conley,RA (hitos),8+,0.0,12.5,player_ra_hito,RA,over,8,7.5,Mike Conley 8+ RA,1,
b7a852cf9f33e2fe8311d05769d2e139d63e0328,20260514_094005,2026-05-14T09:40:05-03:00,2026-05-14T12:40:05+00:00,betano,basketball,NBA,props_nba_20260514_094005.csv,Minnesota Timberwolves San Antonio Spurs,minnesota timberwolves san antonio spurs,Luke Kornet,luke kornet,RA (hitos),3+,0.0,1.34,player_ra_hito,RA,over,3,2.5,Luke Kornet 3+ RA,1,
e55c220674430c4f1d6894c926bbaef44e5463ca,20260514_094005,2026-05-14T09:40:05-03:00,2026-05-14T12:40:05+00:00,betano,basketball,NBA,props_nba_20260514_094005.csv,Minnesota Timberwolves San Antonio Spurs,minnesota timberwolves san antonio spurs,Luke Kornet,luke kornet,RA (hitos),4+,0.0,1.9,player_ra_hito,RA,over,4,3.5,Luke Kornet 4+ RA,1,
9cc7577ab6eb610fe8565f694ca07684a3ed21d9,20260514_094005,2026-05-14T09:40:05-03:00,2026-05-14T12:40:05+00:00,betano,basketball,NBA,props_nba_20260514_094005.csv,Minnesota Timberwolves San Antonio Spurs,minnesota timberwolves san antonio spurs,Luke Kornet,luke kornet,RA (hitos),5+,0.0,3,player_ra_hito,RA,over,5,4.5,Luke Kornet 5+ RA,1,
461a2e0a1f554ed8435b20fc5f70fdf7365c08c5,20260514_094005,2026-05-14T09:40:05-03:00,2026-05-14T12:40:05+00:00,betano,basketball,NBA,props_nba_20260514_094005.csv,Minnesota Timberwolves San Antonio Spurs,minnesota timberwolves san antonio spurs,Luke Kornet,luke kornet,RA (hitos),6+,0.0,5.1,player_ra_hito,RA,over,6,5.5,Luke Kornet 6+ RA,1,
5e42f4fddf0c6ed6395c8c2852032432c6c83027,20260514_094005,2026-05-14T09:40:05-03:00,2026-05-14T12:40:05+00:00,betano,basketball,NBA,props_nba_20260514_094005.csv,Minnesota Timberwolves San Antonio Spurs,minnesota timberwolves san antonio spurs,Luke Kornet,luke kornet,RA (hitos),7+,0.0,8.75,player_ra_hito,RA,over,7,6.5,Luke Kornet 7+ RA,1,
7e1dd1a5c0c7a4d4350b314d65ccfb02c4c037b5,20260514_094005,2026-05-14T09:40:05-03:00,2026-05-14T12:40:05+00:00,betano,basketball,NBA,props_nba_20260514_094005.csv,Minnesota Timberwolves San Antonio Spurs,minnesota timberwolves san antonio spurs,Luke Kornet,luke kornet,RA (hitos),8+,0.0,13.5,player_ra_hito,RA,over,8,7.5,Luke Kornet 8+ RA,1,
e35c7092adafcf968427914a602d5f2a160d44b8,20260514_094005,2026-05-14T09:40:05-03:00,2026-05-14T12:40:05+00:00,betano,basketball,NBA,props_nba_20260514_094005.csv,Dallas Wings F Minnesota Lynx F,dallas wings f minnesota lynx f,Courtney Williams,courtney williams,Puntos (hitos),13+,0.0,1.37,player_points_hito,PTS,over,13,12.5,Courtney Williams 13+ PTS,1,
95eebbf462c7d2e27e8e3162594882d35cd99aa3,20260514_094005,2026-05-14T09:40:05-03:00,2026-05-14T12:40:05+00:00,betano,basketball,NBA,props_nba_20260514_094005.csv,Dallas Wings F Minnesota Lynx F,dallas wings f minnesota lynx f,Courtney Williams,courtney williams,Puntos (hitos),14+,0.0,1.52,player_points_hito,PTS,over,14,13.5,Courtney Williams 14+ PTS,1,
85f7f338bf82cd4a3d3aa09ffd3ee90435b699d7,20260514_094005,2026-05-14T09:40:05-03:00,2026-05-14T12:40:05+00:00,betano,basketball,NBA,props_nba_20260514_094005.csv,Dallas Wings F Minnesota Lynx F,dallas wings f minnesota lynx f,Courtney Williams,courtney williams,Puntos (hitos),15+,0.0,1.72,player_points_hito,PTS,over,15,14.5,Courtney Williams 15+ PTS,1,
68a13ba4348b155b72b0d0b94ac1cf31ff109f75,20260514_094005,2026-05-14T09:40:05-03:00,2026-05-14T12:40:05+00:00,betano,basketball,NBA,props_nba_20260514_094005.csv,Dallas Wings F Minnesota Lynx F,dallas wings f minnesota lynx f,Courtney Williams,courtney williams,Puntos (hitos),16+,0.0,1.98,player_points_hito,PTS,over,16,15.5,Courtney Williams 16+ PTS,1,
1504d0523833ff30734e939e10700bb57e85e940,20260514_094005,2026-05-14T09:40:05-03:00,2026-05-14T12:40:05+00:00,betano,basketball,NBA,props_nba_20260514_094005.csv,Dallas Wings F Minnesota Lynx F,dallas wings f minnesota lynx f,Courtney Williams,courtney williams,Puntos (hitos),17+,0.0,2.3,player_points_hito,PTS,over,17,16.5,Courtney Williams 17+ PTS,1,
0aa6f0cb5c5b24e908dfdfc76fd7529b02cf1f55,20260514_094005,2026-05-14T09:40:05-03:00,2026-05-14T12:40:05+00:00,betano,basketball,NBA,props_nba_20260514_094005.csv,Dallas Wings F Minnesota Lynx F,dallas wings f minnesota lynx f,Courtney Williams,courtney williams,Puntos (hitos),18+,0.0,2.7,player_points_hito,PTS,over,18,17.5,Courtney Williams 18+ PTS,1,
7d08471699616d803eddf5bad490546fe798b7b7,20260514_094005,2026-05-14T09:40:05-03:00,2026-05-14T12:40:05+00:00,betano,basketball,NBA,props_nba_20260514_094005.csv,Dallas Wings F Minnesota Lynx F,dallas wings f minnesota lynx f,Courtney Williams,courtney williams,Puntos (hitos),19+,0.0,3.15,player_points_hito,PTS,over,19,18.5,Courtney Williams 19+ PTS,1,
cfdfb198e7096ded4ce4ec4b992fc66977e9c552,20260514_094005,2026-05-14T09:40:05-03:00,2026-05-14T12:40:05+00:00,betano,basketball,NBA,props_nba_20260514_094005.csv,Dallas Wings F Minnesota Lynx F,dallas wings f minnesota lynx f,Courtney Williams,courtney williams,Puntos (hitos),20+,0.0,3.8,player_points_hito,PTS,over,20,19.5,Courtney Williams 20+ PTS,1,
cdff329c8a01e55c904ef7c388cae870b35f0da4,20260514_094005,2026-05-14T09:40:05-03:00,2026-05-14T12:40:05+00:00,betano,basketball,NBA,props_nba_20260514_094005.csv,Dallas Wings F Minnesota Lynx F,dallas wings f minnesota lynx f,Courtney Williams,courtney williams,Puntos (hitos),21+,0.0,4.6,player_points_hito,PTS,over,21,20.5,Courtney Williams 21+ PTS,1,
98e9e5c78757b49477f06381f6fdee9adb0c678d,20260514_094005,2026-05-14T09:40:05-03:00,2026-05-14T12:40:05+00:00,betano,basketball,NBA,props_nba_20260514_094005.csv,Dallas Wings F Minnesota Lynx F,dallas wings f minnesota lynx f,Natasha Howard,natasha howard,Puntos (hitos),13+,0.0,1.4,player_points_hito,PTS,over,13,12.5,Natasha Howard 13+ PTS,1,
d3ae44f68f44876c08e7f52563f08d726801d779,20260514_094005,2026-05-14T09:40:05-03:00,2026-05-14T12:40:05+00:00,betano,basketball,NBA,props_nba_20260514_094005.csv,Dallas Wings F Minnesota Lynx F,dallas wings f minnesota lynx f,Natasha Howard,natasha howard,Puntos (hitos),14+,0.0,1.53,player_points_hito,PTS,over,14,13.5,Natasha Howard 14+ PTS,1,
31377bf627771fed13bc73c08682bdc6f3e1992e,20260514_094005,2026-05-14T09:40:05-03:00,2026-05-14T12:40:05+00:00,betano,basketball,NBA,props_nba_20260514_094005.csv,Dallas Wings F Minnesota Lynx F,dallas wings f minnesota lynx f,Natasha Howard,natasha howard,Puntos (hitos),15+,0.0,1.75,player_points_hito,PTS,over,15,14.5,Natasha Howard 15+ PTS,1,
1f8c1d568b8b4dfa8eb9f6e30bec341a02887d8c,20260514_094005,2026-05-14T09:40:05-03:00,2026-05-14T12:40:05+00:00,betano,basketball,NBA,props_nba_20260514_094005.csv,Dallas Wings F Minnesota Lynx F,dallas wings f minnesota lynx f,Natasha Howard,natasha howard,Puntos (hitos),16+,0.0,2,player_points_hito,PTS,over,16,15.5,Natasha Howard 16+ PTS,1,
f8fa3b0741e23284eb69e60a3b757c460730a72c,20260514_094005,2026-05-14T09:40:05-03:00,2026-05-14T12:40:05+00:00,betano,basketball,NBA,props_nba_20260514_094005.csv,Dallas Wings F Minnesota Lynx F,dallas wings f minnesota lynx f,Natasha Howard,natasha howard,Puntos (hitos),17+,0.0,2.32,player_points_hito,PTS,over,17,16.5,Natasha Howard 17+ PTS,1,
4efa043d6b5dbc6e8f36374e7213f232d5acd095,20260514_094005,2026-05-14T09:40:05-03:00,2026-05-14T12:40:05+00:00,betano,basketball,NBA,props_nba_20260514_094005.csv,Dallas Wings F Minnesota Lynx F,dallas wings f minnesota lynx f,Natasha Howard,natasha howard,Puntos (hitos),18+,0.0,2.75,player_points_hito,PTS,over,18,17.5,Natasha Howard 18+ PTS,1,
e892f34b236d86815a18dcc34a4e5dae11c10215,20260514_094005,2026-05-14T09:40:05-03:00,2026-05-14T12:40:05+00:00,betano,basketball,NBA,props_nba_20260514_094005.csv,Dallas Wings F Minnesota Lynx F,dallas wings f minnesota lynx f,Natasha Howard,natasha howard,Puntos (hitos),19+,0.0,3.3,player_points_hito,PTS,over,19,18.5,Natasha Howard 19+ PTS,1,
88bc07662a3abceefc824cade114393a5c5af110,20260514_094005,2026-05-14T09:40:05-03:00,2026-05-14T12:40:05+00:00,betano,basketball,NBA,props_nba_20260514_094005.csv,Dallas Wings F Minnesota Lynx F,dallas wings f minnesota lynx f,Natasha Howard,natasha howard,Puntos (hitos),20+,0.0,3.9,player_points_hito,PTS,over,20,19.5,Natasha Howard 20+ PTS,1,
83049ef0b06263a6d97d2500eb40e9dd523f4f52,20260514_094005,2026-05-14T09:40:05-03:00,2026-05-14T12:40:05+00:00,betano,basketball,NBA,props_nba_20260514_094005.csv,Dallas Wings F Minnesota Lynx F,dallas wings f minnesota lynx f,Natasha Howard,natasha howard,Puntos (hitos),21+,0.0,4.8,player_points_hito,PTS,over,21,20.5,Natasha Howard 21+ PTS,1,
7ab4c2ad9768108a8482eb2e67a2cb844d79a5a2,20260514_094005,2026-05-14T09:40:05-03:00,2026-05-14T12:40:05+00:00,betano,basketball,NBA,props_nba_20260514_094005.csv,Dallas Wings F Minnesota Lynx F,dallas wings f minnesota lynx f,Nia Coffey,nia coffey,Puntos (hitos),9+,0.0,1.67,player_points_hito,PTS,over,9,8.5,Nia Coffey 9+ PTS,1,
b8ffb765297145c2d1dfbdd4b3baa1c0e01ea4fb,20260514_094005,2026-05-14T09:40:05-03:00,2026-05-14T12:40:05+00:00,betano,basketball,NBA,props_nba_20260514_094005.csv,Dallas Wings F Minnesota Lynx F,dallas wings f minnesota lynx f,Nia Coffey,nia coffey,Puntos (hitos),10+,0.0,1.95,player_points_hito,PTS,over,10,9.5,Nia Coffey 10+ PTS,1,
c0e0181228d903ac8294dc03b4ec70440055ab52,20260514_094005,2026-05-14T09:40:05-03:00,2026-05-14T12:40:05+00:00,betano,basketball,NBA,props_nba_20260514_094005.csv,Dallas Wings F Minnesota Lynx F,dallas wings f minnesota lynx f,Nia Coffey,nia coffey,Puntos (hitos),11+,0.0,2.32,player_points_hito,PTS,over,11,10.5,Nia Coffey 11+ PTS,1,
10620454ec05557026ef3ce5be2bf135870d06be,20260514_094005,2026-05-14T09:40:05-03:00,2026-05-14T12:40:05+00:00,betano,basketball,NBA,props_nba_20260514_094005.csv,Dallas Wings F Minnesota Lynx F,dallas wings f minnesota lynx f,Nia Coffey,nia coffey,Puntos (hitos),12+,0.0,2.82,player_points_hito,PTS,over,12,11.5,Nia Coffey 12+ PTS,1,
dceb809590e53304565ebf0f37d14ee305488865,20260514_094005,2026-05-14T09:40:05-03:00,2026-05-14T12:40:05+00:00,betano,basketball,NBA,props_nba_20260514_094005.csv,Dallas Wings F Minnesota Lynx F,dallas wings f minnesota lynx f,Nia Coffey,nia coffey,Puntos (hitos),13+,0.0,3.45,player_points_hito,PTS,over,13,12.5,Nia Coffey 13+ PTS,1,
a92718c6656e6ba43d6fd119fd766b16292ad02c,20260514_094005,2026-05-14T09:40:05-03:00,2026-05-14T12:40:05+00:00,betano,basketball,NBA,props_nba_20260514_094005.csv,Dallas Wings F Minnesota Lynx F,dallas wings f minnesota lynx f,Nia Coffey,nia coffey,Puntos (hitos),14+,0.0,4.3,player_points_hito,PTS,over,14,13.5,Nia Coffey 14+ PTS,1,
ab6a2615930c70d3458ab4f93277adbc6165e054,20260514_094005,2026-05-14T09:40:05-03:00,2026-05-14T12:40:05+00:00,betano,basketball,NBA,props_nba_20260514_094005.csv,Dallas Wings F Minnesota Lynx F,dallas wings f minnesota lynx f,Nia Coffey,nia coffey,Puntos (hitos),15+,0.0,5.3,player_points_hito,PTS,over,15,14.5,Nia Coffey 15+ PTS,1,
2d864b551b6405e5236a27eae00b901f015392a0,20260514_094005,2026-05-14T09:40:05-03:00,2026-05-14T12:40:05+00:00,betano,basketball,NBA,props_nba_20260514_094005.csv,Dallas Wings F Minnesota Lynx F,dallas wings f minnesota lynx f,Nia Coffey,nia coffey,Puntos (hitos),16+,0.0,6.7,player_points_hito,PTS,over,16,15.5,Nia Coffey 16+ PTS,1,
42411387dce8cdce5d219c3bf494d2c5d06fba40,20260514_094005,2026-05-14T09:40:05-03:00,2026-05-14T12:40:05+00:00,betano,basketball,NBA,props_nba_20260514_094005.csv,Dallas Wings F Minnesota Lynx F,dallas wings f minnesota lynx f,Jessica Shepard,jessica shepard,Asistencias (hitos),4+,0.0,1.42,player_assists_hito,AST,over,4,3.5,Jessica Shepard 4+ AST,1,
b26ea9b4bfbb5d88bc0c7f7c247722a48bf03630,20260514_094005,2026-05-14T09:40:05-03:00,2026-05-14T12:40:05+00:00,betano,basketball,NBA,props_nba_20260514_094005.csv,Dallas Wings F Minnesota Lynx F,dallas wings f minnesota lynx f,Jessica Shepard,jessica shepard,Asistencias (hitos),5+,0.0,1.95,player_assists_hito,AST,over,5,4.5,Jessica Shepard 5+ AST,1,
265ac8aa3eda42aaf8ef7f1fad55276e9fff4f30,20260514_094005,2026-05-14T09:40:05-03:00,2026-05-14T12:40:05+00:00,betano,basketball,NBA,props_nba_20260514_094005.csv,Dallas Wings F Minnesota Lynx F,dallas wings f minnesota lynx f,Jessica Shepard,jessica shepard,Asistencias (hitos),6+,0.0,3,player_assists_hito,AST,over,6,5.5,Jessica Shepard 6+ AST,1,
e3eea8e30b72d58d79170e9848dda6c56d199819,20260514_094005,2026-05-14T09:40:05-03:00,2026-05-14T12:40:05+00:00,betano,basketball,NBA,props_nba_20260514_094005.csv,Dallas Wings F Minnesota Lynx F,dallas wings f minnesota lynx f,Jessica Shepard,jessica shepard,Asistencias (hitos),7+,0.0,4.9,player_assists_hito,AST,over,7,6.5,Jessica Shepard 7+ AST,1,
f8dc78eb0892553e6c8391e68f1115e2d3652408,20260514_094005,2026-05-14T09:40:05-03:00,2026-05-14T12:40:05+00:00,betano,basketball,NBA,props_nba_20260514_094005.csv,Dallas Wings F Minnesota Lynx F,dallas wings f minnesota lynx f,Jessica Shepard,jessica shepard,Asistencias (hitos),8+,0.0,8,player_assists_hito,AST,over,8,7.5,Jessica Shepard 8+ AST,1,
b7460c080d10c1ac852f3c6ae07d5c833d38d0bf,20260514_094005,2026-05-14T09:40:05-03:00,2026-05-14T12:40:05+00:00,betano,basketball,NBA,props_nba_20260514_094005.csv,Dallas Wings F Minnesota Lynx F,dallas wings f minnesota lynx f,Jessica Shepard,jessica shepard,Asistencias (hitos),9+,0.0,12,player_assists_hito,AST,over,9,8.5,Jessica Shepard 9+ AST,1,
dfba25017dbf9ba9a754bc60936ab135886d2db0,20260514_094005,2026-05-14T09:40:05-03:00,2026-05-14T12:40:05+00:00,betano,basketball,NBA,props_nba_20260514_094005.csv,Dallas Wings F Minnesota Lynx F,dallas wings f minnesota lynx f,Odyssey Sims,odyssey sims,Asistencias (hitos),3+,0.0,1.35,player_assists_hito,AST,over,3,2.5,Odyssey Sims 3+ AST,1,
ff76558c18fdb6683950015e3e935e5be688219e,20260514_094005,2026-05-14T09:40:05-03:00,2026-05-14T12:40:05+00:00,betano,basketball,NBA,props_nba_20260514_094005.csv,Dallas Wings F Minnesota Lynx F,dallas wings f minnesota lynx f,Odyssey Sims,odyssey sims,Asistencias (hitos),4+,0.0,1.93,player_assists_hito,AST,over,4,3.5,Odyssey Sims 4+ AST,1,
3d6b9977497bf51bf51735821e5683f2b323ea9f,20260514_094005,2026-05-14T09:40:05-03:00,2026-05-14T12:40:05+00:00,betano,basketball,NBA,props_nba_20260514_094005.csv,Dallas Wings F Minnesota Lynx F,dallas wings f minnesota lynx f,Odyssey Sims,odyssey sims,Asistencias (hitos),5+,0.0,3.1,player_assists_hito,AST,over,5,4.5,Odyssey Sims 5+ AST,1,
bbeb2fb587b20d9a729f52f4b25d06df77adbe5d,20260514_094005,2026-05-14T09:40:05-03:00,2026-05-14T12:40:05+00:00,betano,basketball,NBA,props_nba_20260514_094005.csv,Dallas Wings F Minnesota Lynx F,dallas wings f minnesota lynx f,Odyssey Sims,odyssey sims,Asistencias (hitos),6+,0.0,5.4,player_assists_hito,AST,over,6,5.5,Odyssey Sims 6+ AST,1,
7050fb9e7d907118a4df3e5755a9c044396140d9,20260514_094005,2026-05-14T09:40:05-03:00,2026-05-14T12:40:05+00:00,betano,basketball,NBA,props_nba_20260514_094005.csv,Dallas Wings F Minnesota Lynx F,dallas wings f minnesota lynx f,Odyssey Sims,odyssey sims,Asistencias (hitos),7+,0.0,9.25,player_assists_hito,AST,over,7,6.5,Odyssey Sims 7+ AST,1,
6392bfff40ee11a3a71c7558291cc6f1706fe70b,20260514_094005,2026-05-14T09:40:05-03:00,2026-05-14T12:40:05+00:00,betano,basketball,NBA,props_nba_20260514_094005.csv,Dallas Wings F Minnesota Lynx F,dallas wings f minnesota lynx f,Odyssey Sims,odyssey sims,Asistencias (hitos),8+,0.0,13.5,player_assists_hito,AST,over,8,7.5,Odyssey Sims 8+ AST,1,
0d0a47d296850b80c5c7420a165c6ee5d79999d0,20260514_094005,2026-05-14T09:40:05-03:00,2026-05-14T12:40:05+00:00,betano,basketball,NBA,props_nba_20260514_094005.csv,Dallas Wings F Minnesota Lynx F,dallas wings f minnesota lynx f,Kayla McBride,kayla mcbride,Asistencias (hitos),2+,0.0,1.2,player_assists_hito,AST,over,2,1.5,Kayla McBride 2+ AST,1,
a3aaa78c339e9db8f13089e159352cb87150982b,20260514_094005,2026-05-14T09:40:05-03:00,2026-05-14T12:40:05+00:00,betano,basketball,NBA,props_nba_20260514_094005.csv,Dallas Wings F Minnesota Lynx F,dallas wings f minnesota lynx f,Kayla McBride,kayla mcbride,Asistencias (hitos),3+,0.0,1.67,player_assists_hito,AST,over,3,2.5,Kayla McBride 3+ AST,1,
79b4a6abfe92524ec62a295f6389cf737915a17c,20260514_094005,2026-05-14T09:40:05-03:00,2026-05-14T12:40:05+00:00,betano,basketball,NBA,props_nba_20260514_094005.csv,Dallas Wings F Minnesota Lynx F,dallas wings f minnesota lynx f,Kayla McBride,kayla mcbride,Asistencias (hitos),4+,0.0,2.7,player_assists_hito,AST,over,4,3.5,Kayla McBride 4+ AST,1,
cbaad8d8e724b8d0de6f49ddb6f7604ed64ff369,20260514_094005,2026-05-14T09:40:05-03:00,2026-05-14T12:40:05+00:00,betano,basketball,NBA,props_nba_20260514_094005.csv,Dallas Wings F Minnesota Lynx F,dallas wings f minnesota lynx f,Kayla McBride,kayla mcbride,Asistencias (hitos),5+,0.0,4.85,player_assists_hito,AST,over,5,4.5,Kayla McBride 5+ AST,1,
4c9052ff6c6f88331487559c7202e42ea6debf3f,20260514_094005,2026-05-14T09:40:05-03:00,2026-05-14T12:40:05+00:00,betano,basketball,NBA,props_nba_20260514_094005.csv,Dallas Wings F Minnesota Lynx F,dallas wings f minnesota lynx f,Alanna Smith,alanna smith,Asistencias (hitos),2+,0.0,1.34,player_assists_hito,AST,over,2,1.5,Alanna Smith 2+ AST,1,
762a60d259e57c1358017aeb96583eb869bb5392,20260514_094005,2026-05-14T09:40:05-03:00,2026-05-14T12:40:05+00:00,betano,basketball,NBA,props_nba_20260514_094005.csv,Dallas Wings F Minnesota Lynx F,dallas wings f minnesota lynx f,Alanna Smith,alanna smith,Asistencias (hitos),3+,0.0,2.07,player_assists_hito,AST,over,3,2.5,Alanna Smith 3+ AST,1,
b73b122806f3f9f37d2e5422ba68db6ccea19dcf,20260514_094005,2026-05-14T09:40:05-03:00,2026-05-14T12:40:05+00:00,betano,basketball,NBA,props_nba_20260514_094005.csv,Dallas Wings F Minnesota Lynx F,dallas wings f minnesota lynx f,Alanna Smith,alanna smith,Asistencias (hitos),4+,0.0,3.75,player_assists_hito,AST,over,4,3.5,Alanna Smith 4+ AST,1,
e5b4dbf0339ec615ec7b089d7c51aff5f2261442,20260514_094005,2026-05-14T09:40:05-03:00,2026-05-14T12:40:05+00:00,betano,basketball,NBA,props_nba_20260514_094005.csv,Dallas Wings F Minnesota Lynx F,dallas wings f minnesota lynx f,Alanna Smith,alanna smith,Asistencias (hitos),5+,0.0,7.1,player_assists_hito,AST,over,5,4.5,Alanna Smith 5+ AST,1,
a1aa3699b4377412af402451e4ff689c53f4b724,20260514_094005,2026-05-14T09:40:05-03:00,2026-05-14T12:40:05+00:00,betano,basketball,NBA,props_nba_20260514_094005.csv,Dallas Wings F Minnesota Lynx F,dallas wings f minnesota lynx f,Natasha Howard,natasha howard,Asistencias (hitos),1+,0.0,1.13,player_assists_hito,AST,over,1,0.5,Natasha Howard 1+ AST,1,
fe3a1ca6b4d145506630d2b16fa7be5f0e325886,20260514_094005,2026-05-14T09:40:05-03:00,2026-05-14T12:40:05+00:00,betano,basketball,NBA,props_nba_20260514_094005.csv,Dallas Wings F Minnesota Lynx F,dallas wings f minnesota lynx f,Natasha Howard,natasha howard,Asistencias (hitos),2+,0.0,1.75,player_assists_hito,AST,over,2,1.5,Natasha Howard 2+ AST,1,
664122395c4ada8bb69064917bfb82a49422fa18,20260514_094005,2026-05-14T09:40:05-03:00,2026-05-14T12:40:05+00:00,betano,basketball,NBA,props_nba_20260514_094005.csv,Dallas Wings F Minnesota Lynx F,dallas wings f minnesota lynx f,Natasha Howard,natasha howard,Asistencias (hitos),3+,0.0,3.3,player_assists_hito,AST,over,3,2.5,Natasha Howard 3+ AST,1,
21a73a8c0caf3daf3df08a5a43266e60026e2dc7,20260514_094005,2026-05-14T09:40:05-03:00,2026-05-14T12:40:05+00:00,betano,basketball,NBA,props_nba_20260514_094005.csv,Dallas Wings F Minnesota Lynx F,dallas wings f minnesota lynx f,Natasha Howard,natasha howard,Asistencias (hitos),4+,0.0,6.8,player_assists_hito,AST,over,4,3.5,Natasha Howard 4+ AST,1,
72d573ce32408b09867975c7cdc58f468e888825,20260514_094005,2026-05-14T09:40:05-03:00,2026-05-14T12:40:05+00:00,betano,basketball,NBA,props_nba_20260514_094005.csv,Dallas Wings F Minnesota Lynx F,dallas wings f minnesota lynx f,Nia Coffey,nia coffey,Asistencias (hitos),1+,0.0,1.13,player_assists_hito,AST,over,1,0.5,Nia Coffey 1+ AST,1,
01df37590653e1ad1d318976ea2529621c835933,20260514_094005,2026-05-14T09:40:05-03:00,2026-05-14T12:40:05+00:00,betano,basketball,NBA,props_nba_20260514_094005.csv,Dallas Wings F Minnesota Lynx F,dallas wings f minnesota lynx f,Nia Coffey,nia coffey,Asistencias (hitos),2+,0.0,1.72,player_assists_hito,AST,over,2,1.5,Nia Coffey 2+ AST,1,
805c3995836174bd80119e41bf6343bcf8badbc6,20260514_094005,2026-05-14T09:40:05-03:00,2026-05-14T12:40:05+00:00,betano,basketball,NBA,props_nba_20260514_094005.csv,Dallas Wings F Minnesota Lynx F,dallas wings f minnesota lynx f,Nia Coffey,nia coffey,Asistencias (hitos),3+,0.0,3.15,player_assists_hito,AST,over,3,2.5,Nia Coffey 3+ AST,1,
b5ba460904185d0ff34870578a428140aa0666bf,20260514_094005,2026-05-14T09:40:05-03:00,2026-05-14T12:40:05+00:00,betano,basketball,NBA,props_nba_20260514_094005.csv,Dallas Wings F Minnesota Lynx F,dallas wings f minnesota lynx f,Nia Coffey,nia coffey,Asistencias (hitos),4+,0.0,6.5,player_assists_hito,AST,over,4,3.5,Nia Coffey 4+ AST,1,
3fa7d0d1c920445817a67129467df05892f40219,20260514_094005,2026-05-14T09:40:05-03:00,2026-05-14T12:40:05+00:00,betano,basketball,NBA,props_nba_20260514_094005.csv,Dallas Wings F Minnesota Lynx F,dallas wings f minnesota lynx f,Jessica Shepard,jessica shepard,Rebotes (hitos),8+,0.0,1.11,player_rebounds_hito,REB,over,8,7.5,Jessica Shepard 8+ REB,1,
605974f81f49bfee492ca5dc0365613f9eb1bf40,20260514_094005,2026-05-14T09:40:05-03:00,2026-05-14T12:40:05+00:00,betano,basketball,NBA,props_nba_20260514_094005.csv,Dallas Wings F Minnesota Lynx F,dallas wings f minnesota lynx f,Jessica Shepard,jessica shepard,Rebotes (hitos),9+,0.0,1.28,player_rebounds_hito,REB,over,9,8.5,Jessica Shepard 9+ REB,1,
32e846ee895cc9a7c90c0051730befb2acb2decb,20260514_094005,2026-05-14T09:40:05-03:00,2026-05-14T12:40:05+00:00,betano,basketball,NBA,props_nba_20260514_094005.csv,Dallas Wings F Minnesota Lynx F,dallas wings f minnesota lynx f,Jessica Shepard,jessica shepard,Rebotes (hitos),10+,0.0,1.55,player_rebounds_hito,REB,over,10,9.5,Jessica Shepard 10+ REB,1,
acfead3bc4c87192f12168c50ac441c69b0bfe2a,20260514_094005,2026-05-14T09:40:05-03:00,2026-05-14T12:40:05+00:00,betano,basketball,NBA,props_nba_20260514_094005.csv,Dallas Wings F Minnesota Lynx F,dallas wings f minnesota lynx f,Jessica Shepard,jessica shepard,Rebotes (hitos),11+,0.0,1.93,player_rebounds_hito,REB,over,11,10.5,Jessica Shepard 11+ REB,1,
8a9c554369fd7450f760a3d0bca737ab4fde75c9,20260514_094005,2026-05-14T09:40:05-03:00,2026-05-14T12:40:05+00:00,betano,basketball,NBA,props_nba_20260514_094005.csv,Dallas Wings F Minnesota Lynx F,dallas wings f minnesota lynx f,Jessica Shepard,jessica shepard,Rebotes (hitos),12+,0.0,2.52,player_rebounds_hito,REB,over,12,11.5,Jessica Shepard 12+ REB,1,
0d988532f7112a141ab89b51d854cfeae91ab5ec,20260514_094005,2026-05-14T09:40:05-03:00,2026-05-14T12:40:05+00:00,betano,basketball,NBA,props_nba_20260514_094005.csv,Dallas Wings F Minnesota Lynx F,dallas wings f minnesota lynx f,Jessica Shepard,jessica shepard,Rebotes (hitos),13+,0.0,3.3,player_rebounds_hito,REB,over,13,12.5,Jessica Shepard 13+ REB,1,
22d7d27fb664e564e1871ebf19d0dc9545b18938,20260514_094005,2026-05-14T09:40:05-03:00,2026-05-14T12:40:05+00:00,betano,basketball,NBA,props_nba_20260514_094005.csv,Dallas Wings F Minnesota Lynx F,dallas wings f minnesota lynx f,Jessica Shepard,jessica shepard,Rebotes (hitos),14+,0.0,4.4,player_rebounds_hito,REB,over,14,13.5,Jessica Shepard 14+ REB,1,
b35a3157a99c04cac040e1648932912f1cef42d9,20260514_094005,2026-05-14T09:40:05-03:00,2026-05-14T12:40:05+00:00,betano,basketball,NBA,props_nba_20260514_094005.csv,Dallas Wings F Minnesota Lynx F,dallas wings f minnesota lynx f,Jessica Shepard,jessica shepard,Rebotes (hitos),15+,0.0,5.7,player_rebounds_hito,REB,over,15,14.5,Jessica Shepard 15+ REB,1,
8ec2a879e04556133e0650ea8146862f38f7510a,20260514_094005,2026-05-14T09:40:05-03:00,2026-05-14T12:40:05+00:00,betano,basketball,NBA,props_nba_20260514_094005.csv,Dallas Wings F Minnesota Lynx F,dallas wings f minnesota lynx f,Natasha Howard,natasha howard,Rebotes (hitos),7+,0.0,1.37,player_rebounds_hito,REB,over,7,6.5,Natasha Howard 7+ REB,1,
b05ed847fe9ecea94be92bc13abcd8bd7959651b,20260514_094005,2026-05-14T09:40:05-03:00,2026-05-14T12:40:05+00:00,betano,basketball,NBA,props_nba_20260514_094005.csv,Dallas Wings F Minnesota Lynx F,dallas wings f minnesota lynx f,Natasha Howard,natasha howard,Rebotes (hitos),8+,0.0,1.72,player_rebounds_hito,REB,over,8,7.5,Natasha Howard 8+ REB,1,
cc1190b700e8b87f2fb5e897216d4d0b1ca6f457,20260514_094005,2026-05-14T09:40:05-03:00,2026-05-14T12:40:05+00:00,betano,basketball,NBA,props_nba_20260514_094005.csv,Dallas Wings F Minnesota Lynx F,dallas wings f minnesota lynx f,Natasha Howard,natasha howard,Rebotes (hitos),9+,0.0,2.27,player_rebounds_hito,REB,over,9,8.5,Natasha Howard 9+ REB,1,
b9b4be3e3c885b2fbed0f2e8ea690572ce959345,20260514_094005,2026-05-14T09:40:05-03:00,2026-05-14T12:40:05+00:00,betano,basketball,NBA,props_nba_20260514_094005.csv,Dallas Wings F Minnesota Lynx F,dallas wings f minnesota lynx f,Natasha Howard,natasha howard,Rebotes (hitos),10+,0.0,3.2,player_rebounds_hito,REB,over,10,9.5,Natasha Howard 10+ REB,1,
27cc43b7007367356d3bc85b063c70b63767b3c6,20260514_094005,2026-05-14T09:40:05-03:00,2026-05-14T12:40:05+00:00,betano,basketball,NBA,props_nba_20260514_094005.csv,Dallas Wings F Minnesota Lynx F,dallas wings f minnesota lynx f,Natasha Howard,natasha howard,Rebotes (hitos),11+,0.0,4.7,player_rebounds_hito,REB,over,11,10.5,Natasha Howard 11+ REB,1,
ecaa3132eb9f1ad6a9296a659e4729236556aacd,20260514_094005,2026-05-14T09:40:05-03:00,2026-05-14T12:40:05+00:00,betano,basketball,NBA,props_nba_20260514_094005.csv,Dallas Wings F Minnesota Lynx F,dallas wings f minnesota lynx f,Natasha Howard,natasha howard,Rebotes (hitos),12+,0.0,6.8,player_rebounds_hito,REB,over,12,11.5,Natasha Howard 12+ REB,1,
4799dc450d904912036b08db453f3e1a7e55e711,20260514_094005,2026-05-14T09:40:05-03:00,2026-05-14T12:40:05+00:00,betano,basketball,NBA,props_nba_20260514_094005.csv,Dallas Wings F Minnesota Lynx F,dallas wings f minnesota lynx f,Natasha Howard,natasha howard,Rebotes (hitos),13+,0.0,9.75,player_rebounds_hito,REB,over,13,12.5,Natasha Howard 13+ REB,1,
be60ff90fe589e61b5945de75eb4c6453f7e21a5,20260514_094005,2026-05-14T09:40:05-03:00,2026-05-14T12:40:05+00:00,betano,basketball,NBA,props_nba_20260514_094005.csv,Dallas Wings F Minnesota Lynx F,dallas wings f minnesota lynx f,Natasha Howard,natasha howard,Rebotes (hitos),14+,0.0,13,player_rebounds_hito,REB,over,14,13.5,Natasha Howard 14+ REB,1,
7aa35a85612e8f8557b036931ba1540cd7e8065a,20260514_094005,2026-05-14T09:40:05-03:00,2026-05-14T12:40:05+00:00,betano,basketball,NBA,props_nba_20260514_094005.csv,Dallas Wings F Minnesota Lynx F,dallas wings f minnesota lynx f,Nia Coffey,nia coffey,Rebotes (hitos),5+,0.0,1.29,player_rebounds_hito,REB,over,5,4.5,Nia Coffey 5+ REB,1,
b373e6095506a1ba8f382d91c3e24070e7ca2b90,20260514_094005,2026-05-14T09:40:05-03:00,2026-05-14T12:40:05+00:00,betano,basketball,NBA,props_nba_20260514_094005.csv,Dallas Wings F Minnesota Lynx F,dallas wings f minnesota lynx f,Nia Coffey,nia coffey,Rebotes (hitos),6+,0.0,1.65,player_rebounds_hito,REB,over,6,5.5,Nia Coffey 6+ REB,1,
c04276080d87ae75bb646597b877ee8099df47f4,20260514_094005,2026-05-14T09:40:05-03:00,2026-05-14T12:40:05+00:00,betano,basketball,NBA,props_nba_20260514_094005.csv,Dallas Wings F Minnesota Lynx F,dallas wings f minnesota lynx f,Nia Coffey,nia coffey,Rebotes (hitos),7+,0.0,2.25,player_rebounds_hito,REB,over,7,6.5,Nia Coffey 7+ REB,1,
e8e964ed065bdf03bbc42b44ee7916c13403b37c,20260514_094005,2026-05-14T09:40:05-03:00,2026-05-14T12:40:05+00:00,betano,basketball,NBA,props_nba_20260514_094005.csv,Dallas Wings F Minnesota Lynx F,dallas wings f minnesota lynx f,Nia Coffey,nia coffey,Rebotes (hitos),8+,0.0,3.35,player_rebounds_hito,REB,over,8,7.5,Nia Coffey 8+ REB,1,
8523aad09f0f01be414164c967e3e89e4c2e425c,20260514_094005,2026-05-14T09:40:05-03:00,2026-05-14T12:40:05+00:00,betano,basketball,NBA,props_nba_20260514_094005.csv,Dallas Wings F Minnesota Lynx F,dallas wings f minnesota lynx f,Nia Coffey,nia coffey,Rebotes (hitos),9+,0.0,5.1,player_rebounds_hito,REB,over,9,8.5,Nia Coffey 9+ REB,1,
8937a0c4a4a2121caa57472bb05b6dcad817d975,20260514_094005,2026-05-14T09:40:05-03:00,2026-05-14T12:40:05+00:00,betano,basketball,NBA,props_nba_20260514_094005.csv,Dallas Wings F Minnesota Lynx F,dallas wings f minnesota lynx f,Nia Coffey,nia coffey,Rebotes (hitos),10+,0.0,7.8,player_rebounds_hito,REB,over,10,9.5,Nia Coffey 10+ REB,1,
a3561d6685c94ddb581ba00a7a8529e161ca7380,20260514_094005,2026-05-14T09:40:05-03:00,2026-05-14T12:40:05+00:00,betano,basketball,NBA,props_nba_20260514_094005.csv,Dallas Wings F Minnesota Lynx F,dallas wings f minnesota lynx f,Paige Bueckers,paige bueckers,Rebotes (hitos),3+,0.0,1.22,player_rebounds_hito,REB,over,3,2.5,Paige Bueckers 3+ REB,1,
7036b4336ad335e558d64ffb503cf393bbe48466,20260514_094005,2026-05-14T09:40:05-03:00,2026-05-14T12:40:05+00:00,betano,basketball,NBA,props_nba_20260514_094005.csv,Dallas Wings F Minnesota Lynx F,dallas wings f minnesota lynx f,Paige Bueckers,paige bueckers,Rebotes (hitos),4+,0.0,1.62,player_rebounds_hito,REB,over,4,3.5,Paige Bueckers 4+ REB,1,
b940984356522b26317e0879690f9d89ffaf707f,20260514_094005,2026-05-14T09:40:05-03:00,2026-05-14T12:40:05+00:00,betano,basketball,NBA,props_nba_20260514_094005.csv,Dallas Wings F Minnesota Lynx F,dallas wings f minnesota lynx f,Paige Bueckers,paige bueckers,Rebotes (hitos),5+,0.0,2.4,player_rebounds_hito,REB,over,5,4.5,Paige Bueckers 5+ REB,1,
f36ad5c1f4c073ec1ebd50441b0d181756bc0fc2,20260514_094005,2026-05-14T09:40:05-03:00,2026-05-14T12:40:05+00:00,betano,basketball,NBA,props_nba_20260514_094005.csv,Dallas Wings F Minnesota Lynx F,dallas wings f minnesota lynx f,Paige Bueckers,paige bueckers,Rebotes (hitos),6+,0.0,3.8,player_rebounds_hito,REB,over,6,5.5,Paige Bueckers 6+ REB,1,
59c3edc15f2bac72808acf3da0dac13d8c83db5b,20260514_094005,2026-05-14T09:40:05-03:00,2026-05-14T12:40:05+00:00,betano,basketball,NBA,props_nba_20260514_094005.csv,Dallas Wings F Minnesota Lynx F,dallas wings f minnesota lynx f,Paige Bueckers,paige bueckers,Rebotes (hitos),7+,0.0,6.4,player_rebounds_hito,REB,over,7,6.5,Paige Bueckers 7+ REB,1,
bce003e263e7f0940886f063c77107e6641d9e0f,20260514_094005,2026-05-14T09:40:05-03:00,2026-05-14T12:40:05+00:00,betano,basketball,NBA,props_nba_20260514_094005.csv,Dallas Wings F Minnesota Lynx F,dallas wings f minnesota lynx f,Paige Bueckers,paige bueckers,Rebotes (hitos),8+,0.0,10.25,player_rebounds_hito,REB,over,8,7.5,Paige Bueckers 8+ REB,1,
e5deda0d6cb36fe33e7c3cb0439455b6cc1766c0,20260514_094005,2026-05-14T09:40:05-03:00,2026-05-14T12:40:05+00:00,betano,basketball,NBA,props_nba_20260514_094005.csv,Dallas Wings F Minnesota Lynx F,dallas wings f minnesota lynx f,Arike Ogunbowale,arike ogunbowale,Rebotes (hitos),3+,0.0,1.31,player_rebounds_hito,REB,over,3,2.5,Arike Ogunbowale 3+ REB,1,
5dffac2c277574122ffd8bddf25333af0e969823,20260514_094005,2026-05-14T09:40:05-03:00,2026-05-14T12:40:05+00:00,betano,basketball,NBA,props_nba_20260514_094005.csv,Dallas Wings F Minnesota Lynx F,dallas wings f minnesota lynx f,Arike Ogunbowale,arike ogunbowale,Rebotes (hitos),4+,0.0,1.83,player_rebounds_hito,REB,over,4,3.5,Arike Ogunbowale 4+ REB,1,
0723b78a9330cb5d2995a976218427d53ca5c983,20260514_094005,2026-05-14T09:40:05-03:00,2026-05-14T12:40:05+00:00,betano,basketball,NBA,props_nba_20260514_094005.csv,Dallas Wings F Minnesota Lynx F,dallas wings f minnesota lynx f,Arike Ogunbowale,arike ogunbowale,Rebotes (hitos),5+,0.0,2.82,player_rebounds_hito,REB,over,5,4.5,Arike Ogunbowale 5+ REB,1,
4235a2e8b15a399508173e1f188606b6276d5bfd,20260514_094005,2026-05-14T09:40:05-03:00,2026-05-14T12:40:05+00:00,betano,basketball,NBA,props_nba_20260514_094005.csv,Dallas Wings F Minnesota Lynx F,dallas wings f minnesota lynx f,Arike Ogunbowale,arike ogunbowale,Rebotes (hitos),6+,0.0,4.7,player_rebounds_hito,REB,over,6,5.5,Arike Ogunbowale 6+ REB,1,
49a4f7ee115c1d1ba1f5aedb7992a1b9c341d3f1,20260514_094005,2026-05-14T09:40:05-03:00,2026-05-14T12:40:05+00:00,betano,basketball,NBA,props_nba_20260514_094005.csv,Dallas Wings F Minnesota Lynx F,dallas wings f minnesota lynx f,Arike Ogunbowale,arike ogunbowale,Rebotes (hitos),7+,0.0,8,player_rebounds_hito,REB,over,7,6.5,Arike Ogunbowale 7+ REB,1,
551fbd3cb94c9d0afd0b8b1b3c1c23de32bedf1b,20260514_094005,2026-05-14T09:40:05-03:00,2026-05-14T12:40:05+00:00,betano,basketball,NBA,props_nba_20260514_094005.csv,Dallas Wings F Minnesota Lynx F,dallas wings f minnesota lynx f,Arike Ogunbowale,arike ogunbowale,Rebotes (hitos),8+,0.0,12,player_rebounds_hito,REB,over,8,7.5,Arike Ogunbowale 8+ REB,1,
26ce81e2542a68afb719fd9ed31be81e3552a179,20260514_094005,2026-05-14T09:40:05-03:00,2026-05-14T12:40:05+00:00,betano,basketball,NBA,props_nba_20260514_094005.csv,Dallas Wings F Minnesota Lynx F,dallas wings f minnesota lynx f,Kayla McBride,kayla mcbride,Rebotes (hitos),2+,0.0,1.17,player_rebounds_hito,REB,over,2,1.5,Kayla McBride 2+ REB,1,
12b84832253d5ca725ebac1385a3848cd4c44487,20260514_094005,2026-05-14T09:40:05-03:00,2026-05-14T12:40:05+00:00,betano,basketball,NBA,props_nba_20260514_094005.csv,Dallas Wings F Minnesota Lynx F,dallas wings f minnesota lynx f,Kayla McBride,kayla mcbride,Rebotes (hitos),3+,0.0,1.6,player_rebounds_hito,REB,over,3,2.5,Kayla McBride 3+ REB,1,
bedd751949f9c84518f724fd926a3a330b313430,20260514_094005,2026-05-14T09:40:05-03:00,2026-05-14T12:40:05+00:00,betano,basketball,NBA,props_nba_20260514_094005.csv,Dallas Wings F Minnesota Lynx F,dallas wings f minnesota lynx f,Kayla McBride,kayla mcbride,Rebotes (hitos),4+,0.0,2.52,player_rebounds_hito,REB,over,4,3.5,Kayla McBride 4+ REB,1,
6e4b880862da94ca5bc2576c6337ff8a5c2a0a95,20260514_094005,2026-05-14T09:40:05-03:00,2026-05-14T12:40:05+00:00,betano,basketball,NBA,props_nba_20260514_094005.csv,Dallas Wings F Minnesota Lynx F,dallas wings f minnesota lynx f,Kayla McBride,kayla mcbride,Rebotes (hitos),5+,0.0,4.4,player_rebounds_hito,REB,over,5,4.5,Kayla McBride 5+ REB,1,
16005dcd6e46f8b2a53ecbfd80041d84a5c3b2a1,20260514_094005,2026-05-14T09:40:05-03:00,2026-05-14T12:40:05+00:00,betano,basketball,NBA,props_nba_20260514_094005.csv,Dallas Wings F Minnesota Lynx F,dallas wings f minnesota lynx f,Odyssey Sims,odyssey sims,Rebotes (hitos),2+,0.0,1.32,player_rebounds_hito,REB,over,2,1.5,Odyssey Sims 2+ REB,1,
2a114f8859930c3496120d193ef7c46b924b93a3,20260514_094005,2026-05-14T09:40:05-03:00,2026-05-14T12:40:05+00:00,betano,basketball,NBA,props_nba_20260514_094005.csv,Dallas Wings F Minnesota Lynx F,dallas wings f minnesota lynx f,Odyssey Sims,odyssey sims,Rebotes (hitos),3+,0.0,2.02,player_rebounds_hito,REB,over,3,2.5,Odyssey Sims 3+ REB,1,
e5cbd5abcb804d23a2dfa990fcc7a0b8e4169da2,20260514_094005,2026-05-14T09:40:05-03:00,2026-05-14T12:40:05+00:00,betano,basketball,NBA,props_nba_20260514_094005.csv,Dallas Wings F Minnesota Lynx F,dallas wings f minnesota lynx f,Odyssey Sims,odyssey sims,Rebotes (hitos),4+,0.0,3.6,player_rebounds_hito,REB,over,4,3.5,Odyssey Sims 4+ REB,1,
a002c497b11380d824281ad601139e496985bcdd,20260514_094005,2026-05-14T09:40:05-03:00,2026-05-14T12:40:05+00:00,betano,basketball,NBA,props_nba_20260514_094005.csv,Dallas Wings F Minnesota Lynx F,dallas wings f minnesota lynx f,Odyssey Sims,odyssey sims,Rebotes (hitos),5+,0.0,6.7,player_rebounds_hito,REB,over,5,4.5,Odyssey Sims 5+ REB,1,
575b4cc9f2e74ac7fc7d6079f2abff1a081e40bf,20260514_094005,2026-05-14T09:40:05-03:00,2026-05-14T12:40:05+00:00,betano,basketball,NBA,props_nba_20260514_094005.csv,Dallas Wings F Minnesota Lynx F,dallas wings f minnesota lynx f,Nia Coffey,nia coffey,Triples (hitos),1+,0.0,1.37,player_threes_hito,3PM,over,1,0.5,Nia Coffey 1+ 3PM,1,
c7b039bab9cbdb21e3bfbd7e18d15dd12f1eabec,20260514_094005,2026-05-14T09:40:05-03:00,2026-05-14T12:40:05+00:00,betano,basketball,NBA,props_nba_20260514_094005.csv,Dallas Wings F Minnesota Lynx F,dallas wings f minnesota lynx f,Nia Coffey,nia coffey,Triples (hitos),2+,0.0,2.8,player_threes_hito,3PM,over,2,1.5,Nia Coffey 2+ 3PM,1,
63c93e161881c75d0659d1e6ad8a6d4cd2592c66,20260514_094005,2026-05-14T09:40:05-03:00,2026-05-14T12:40:05+00:00,betano,basketball,NBA,props_nba_20260514_094005.csv,Dallas Wings F Minnesota Lynx F,dallas wings f minnesota lynx f,Nia Coffey,nia coffey,Triples (hitos),3+,0.0,5.3,player_threes_hito,3PM,over,3,2.5,Nia Coffey 3+ 3PM,1,
e08462b0d48a8a0e09a42a14a65c299c8dd43176,20260514_094005,2026-05-14T09:40:05-03:00,2026-05-14T12:40:05+00:00,betano,basketball,NBA,props_nba_20260514_094005.csv,Dallas Wings F Minnesota Lynx F,dallas wings f minnesota lynx f,Nia Coffey,nia coffey,Triples (hitos),4+,0.0,16,player_threes_hito,3PM,over,4,3.5,Nia Coffey 4+ 3PM,1,
ea3f4894fe77e123803921693cd55e42e295605d,20260514_094005,2026-05-14T09:40:05-03:00,2026-05-14T12:40:05+00:00,betano,basketball,NBA,props_nba_20260514_094005.csv,Dallas Wings F Minnesota Lynx F,dallas wings f minnesota lynx f,Courtney Williams,courtney williams,Triples (hitos),1+,0.0,1.47,player_threes_hito,3PM,over,1,0.5,Courtney Williams 1+ 3PM,1,
dd50e1fe5e0cbc8b79fc4f9b8182db8e1b864d11,20260514_094005,2026-05-14T09:40:05-03:00,2026-05-14T12:40:05+00:00,betano,basketball,NBA,props_nba_20260514_094005.csv,Dallas Wings F Minnesota Lynx F,dallas wings f minnesota lynx f,Courtney Williams,courtney williams,Triples (hitos),2+,0.0,3.25,player_threes_hito,3PM,over,2,1.5,Courtney Williams 2+ 3PM,1,
11826b9aeaab60fa108be7a8d5a1678d852b621e,20260514_094005,2026-05-14T09:40:05-03:00,2026-05-14T12:40:05+00:00,betano,basketball,NBA,props_nba_20260514_094005.csv,Dallas Wings F Minnesota Lynx F,dallas wings f minnesota lynx f,Courtney Williams,courtney williams,Triples (hitos),3+,0.0,8,player_threes_hito,3PM,over,3,2.5,Courtney Williams 3+ 3PM,1,
084052829f4bbab98d4c47ec3d54ccdfab2b5573,20260514_094005,2026-05-14T09:40:05-03:00,2026-05-14T12:40:05+00:00,betano,basketball,NBA,props_nba_20260514_094005.csv,Dallas Wings F Minnesota Lynx F,dallas wings f minnesota lynx f,Courtney Williams,courtney williams,Triples (hitos),4+,0.0,15,player_threes_hito,3PM,over,4,3.5,Courtney Williams 4+ 3PM,1,
a05e8befb88b2c19ced6741e831d2096f2066294,20260514_094005,2026-05-14T09:40:05-03:00,2026-05-14T12:40:05+00:00,betano,basketball,NBA,props_nba_20260514_094005.csv,Dallas Wings F Minnesota Lynx F,dallas wings f minnesota lynx f,Odyssey Sims,odyssey sims,Triples (hitos),1+,0.0,1.5,player_threes_hito,3PM,over,1,0.5,Odyssey Sims 1+ 3PM,1,
613b1b75e9e7060819c4856662ca414a118fc7fd,20260514_094005,2026-05-14T09:40:05-03:00,2026-05-14T12:40:05+00:00,betano,basketball,NBA,props_nba_20260514_094005.csv,Dallas Wings F Minnesota Lynx F,dallas wings f minnesota lynx f,Odyssey Sims,odyssey sims,Triples (hitos),2+,0.0,3.3,player_threes_hito,3PM,over,2,1.5,Odyssey Sims 2+ 3PM,1,
ce3a5645a1cb6fc68dc7f537f6f28f780e02b016,20260514_094005,2026-05-14T09:40:05-03:00,2026-05-14T12:40:05+00:00,betano,basketball,NBA,props_nba_20260514_094005.csv,Dallas Wings F Minnesota Lynx F,dallas wings f minnesota lynx f,Odyssey Sims,odyssey sims,Triples (hitos),3+,0.0,8.25,player_threes_hito,3PM,over,3,2.5,Odyssey Sims 3+ 3PM,1,
6b62f8f9ec56d166ef594ba2d687e845156d6f88,20260514_094005,2026-05-14T09:40:05-03:00,2026-05-14T12:40:05+00:00,betano,basketball,NBA,props_nba_20260514_094005.csv,Dallas Wings F Minnesota Lynx F,dallas wings f minnesota lynx f,Odyssey Sims,odyssey sims,Triples (hitos),4+,0.0,15,player_threes_hito,3PM,over,4,3.5,Odyssey Sims 4+ 3PM,1,
dda85d2522fe1fe909fc3a1c40fa533eba339ace,20260514_094005,2026-05-14T09:40:05-03:00,2026-05-14T12:40:05+00:00,betano,basketball,NBA,props_nba_20260514_094005.csv,Dallas Wings F Minnesota Lynx F,dallas wings f minnesota lynx f,Olivia Miles,olivia miles,Triples (hitos),1+,0.0,1.52,player_threes_hito,3PM,over,1,0.5,Olivia Miles 1+ 3PM,1,
12ae1729e00af027908fc833ab26f8deaf0982eb,20260514_094005,2026-05-14T09:40:05-03:00,2026-05-14T12:40:05+00:00,betano,basketball,NBA,props_nba_20260514_094005.csv,Dallas Wings F Minnesota Lynx F,dallas wings f minnesota lynx f,Olivia Miles,olivia miles,Triples (hitos),2+,0.0,3.5,player_threes_hito,3PM,over,2,1.5,Olivia Miles 2+ 3PM,1,
7c6af85cab84ae323e3ea0f7c1ba60e0afd6a557,20260514_094005,2026-05-14T09:40:05-03:00,2026-05-14T12:40:05+00:00,betano,basketball,NBA,props_nba_20260514_094005.csv,Dallas Wings F Minnesota Lynx F,dallas wings f minnesota lynx f,Olivia Miles,olivia miles,Triples (hitos),3+,0.0,8.75,player_threes_hito,3PM,over,3,2.5,Olivia Miles 3+ 3PM,1,
7d832f2fe04f53454fdb8813e32670b89a885967,20260514_094005,2026-05-14T09:40:05-03:00,2026-05-14T12:40:05+00:00,betano,basketball,NBA,props_nba_20260514_094005.csv,Dallas Wings F Minnesota Lynx F,dallas wings f minnesota lynx f,Olivia Miles,olivia miles,Triples (hitos),4+,0.0,15.5,player_threes_hito,3PM,over,4,3.5,Olivia Miles 4+ 3PM,1,
1dc5ad9c1e75b017d62fa95b9b0bca9c40a728f2,20260514_094005,2026-05-14T09:40:05-03:00,2026-05-14T12:40:05+00:00,betano,basketball,NBA,props_nba_20260514_094005.csv,Dallas Wings F Minnesota Lynx F,dallas wings f minnesota lynx f,Alanna Smith,alanna smith,Triples (hitos),1+,0.0,1.7,player_threes_hito,3PM,over,1,0.5,Alanna Smith 1+ 3PM,1,
cc2c98806560b9540f9eb6a414fcb0767350abc0,20260514_094005,2026-05-14T09:40:05-03:00,2026-05-14T12:40:05+00:00,betano,basketball,NBA,props_nba_20260514_094005.csv,Dallas Wings F Minnesota Lynx F,dallas wings f minnesota lynx f,Alanna Smith,alanna smith,Triples (hitos),2+,0.0,3.95,player_threes_hito,3PM,over,2,1.5,Alanna Smith 2+ 3PM,1,
56219ba1e3ca07f21f6f5acdeba1525f606f6886,20260514_094005,2026-05-14T09:40:05-03:00,2026-05-14T12:40:05+00:00,betano,basketball,NBA,props_nba_20260514_094005.csv,Dallas Wings F Minnesota Lynx F,dallas wings f minnesota lynx f,Alanna Smith,alanna smith,Triples (hitos),3+,0.0,6.7,player_threes_hito,3PM,over,3,2.5,Alanna Smith 3+ 3PM,1,
58c9a268fd88ca4fe69b0c262fdfda01947c5f32,20260514_094005,2026-05-14T09:40:05-03:00,2026-05-14T12:40:05+00:00,betano,basketball,NBA,props_nba_20260514_094005.csv,Dallas Wings F Minnesota Lynx F,dallas wings f minnesota lynx f,Natasha Howard,natasha howard,Triples (hitos),1+,0.0,2.87,player_threes_hito,3PM,over,1,0.5,Natasha Howard 1+ 3PM,1,
52e9fa879e7bd539d06e70a8e7d25c33b0ce0546,20260514_094005,2026-05-14T09:40:05-03:00,2026-05-14T12:40:05+00:00,betano,basketball,NBA,props_nba_20260514_094005.csv,Dallas Wings F Minnesota Lynx F,dallas wings f minnesota lynx f,Natasha Howard,natasha howard,Triples (hitos),2+,0.0,10,player_threes_hito,3PM,over,2,1.5,Natasha Howard 2+ 3PM,1,
f48078f69bf8c2a6c2d4e8a8a99343f428f4b576,20260514_094005,2026-05-14T09:40:05-03:00,2026-05-14T12:40:05+00:00,betano,basketball,NBA,props_nba_20260514_094005.csv,Dallas Wings F Minnesota Lynx F,dallas wings f minnesota lynx f,Natasha Howard,natasha howard,Triples (hitos),3+,0.0,18,player_threes_hito,3PM,over,3,2.5,Natasha Howard 3+ 3PM,1,
89d8666f67fda9be9b3e6093655526a045e627de,20260514_094005,2026-05-14T09:40:05-03:00,2026-05-14T12:40:05+00:00,betano,basketball,NBA,props_nba_20260514_094005.csv,Dallas Wings F Minnesota Lynx F,dallas wings f minnesota lynx f,Natasha Howard,natasha howard,PRA (hitos),23+,0.0,1.47,player_pra_hito,PRA,over,23,22.5,Natasha Howard 23+ PRA,1,
a0fc6cd2d8ac0b35de0be544002d351478b20b74,20260514_094005,2026-05-14T09:40:05-03:00,2026-05-14T12:40:05+00:00,betano,basketball,NBA,props_nba_20260514_094005.csv,Dallas Wings F Minnesota Lynx F,dallas wings f minnesota lynx f,Natasha Howard,natasha howard,PRA (hitos),25+,0.0,1.82,player_pra_hito,PRA,over,25,24.5,Natasha Howard 25+ PRA,1,
9f933daf4895719c3cd5c7e126393f548b22f92d,20260514_094005,2026-05-14T09:40:05-03:00,2026-05-14T12:40:05+00:00,betano,basketball,NBA,props_nba_20260514_094005.csv,Dallas Wings F Minnesota Lynx F,dallas wings f minnesota lynx f,Natasha Howard,natasha howard,PRA (hitos),27+,0.0,2.35,player_pra_hito,PRA,over,27,26.5,Natasha Howard 27+ PRA,1,
9514ae3b31054cfb9d04ba3cb765b63aa9918d38,20260514_094005,2026-05-14T09:40:05-03:00,2026-05-14T12:40:05+00:00,betano,basketball,NBA,props_nba_20260514_094005.csv,Dallas Wings F Minnesota Lynx F,dallas wings f minnesota lynx f,Natasha Howard,natasha howard,PRA (hitos),29+,0.0,3.15,player_pra_hito,PRA,over,29,28.5,Natasha Howard 29+ PRA,1,
6d2bf140bf5cfe85940a02e9918d42d23d83ad50,20260514_094005,2026-05-14T09:40:05-03:00,2026-05-14T12:40:05+00:00,betano,basketball,NBA,props_nba_20260514_094005.csv,Dallas Wings F Minnesota Lynx F,dallas wings f minnesota lynx f,Natasha Howard,natasha howard,PRA (hitos),31+,0.0,4.45,player_pra_hito,PRA,over,31,30.5,Natasha Howard 31+ PRA,1,
6863a0b373d9cbd921940f9e9b6c5847b0fd6076,20260514_094005,2026-05-14T09:40:05-03:00,2026-05-14T12:40:05+00:00,betano,basketball,NBA,props_nba_20260514_094005.csv,Dallas Wings F Minnesota Lynx F,dallas wings f minnesota lynx f,Natasha Howard,natasha howard,PRA (hitos),33+,0.0,6.4,player_pra_hito,PRA,over,33,32.5,Natasha Howard 33+ PRA,1,
225e08623b63f323a2404f6c0f75d824cebadccc,20260514_094005,2026-05-14T09:40:05-03:00,2026-05-14T12:40:05+00:00,betano,basketball,NBA,props_nba_20260514_094005.csv,Dallas Wings F Minnesota Lynx F,dallas wings f minnesota lynx f,Natasha Howard,natasha howard,PRA (hitos),35+,0.0,9,player_pra_hito,PRA,over,35,34.5,Natasha Howard 35+ PRA,1,
58e6e8abdaa602e19dc1904034503a981c10be34,20260514_094005,2026-05-14T09:40:05-03:00,2026-05-14T12:40:05+00:00,betano,basketball,NBA,props_nba_20260514_094005.csv,Dallas Wings F Minnesota Lynx F,dallas wings f minnesota lynx f,Natasha Howard,natasha howard,PRA (hitos),37+,0.0,12,player_pra_hito,PRA,over,37,36.5,Natasha Howard 37+ PRA,1,
2abc5efe615a170b8c0f2a53da444b6f5ada86b6,20260514_094005,2026-05-14T09:40:05-03:00,2026-05-14T12:40:05+00:00,betano,basketball,NBA,props_nba_20260514_094005.csv,Dallas Wings F Minnesota Lynx F,dallas wings f minnesota lynx f,Natasha Howard,natasha howard,PRA (hitos),39+,0.0,15,player_pra_hito,PRA,over,39,38.5,Natasha Howard 39+ PRA,1,
f6a935ce87511f722c8dac9e6ea1535472479e90,20260514_094005,2026-05-14T09:40:05-03:00,2026-05-14T12:40:05+00:00,betano,basketball,NBA,props_nba_20260514_094005.csv,Dallas Wings F Minnesota Lynx F,dallas wings f minnesota lynx f,Nia Coffey,nia coffey,PRA (hitos),15+,0.0,1.36,player_pra_hito,PRA,over,15,14.5,Nia Coffey 15+ PRA,1,
d3bd6b71937e1734fa1450b0a8064247943ce2ba,20260514_094005,2026-05-14T09:40:05-03:00,2026-05-14T12:40:05+00:00,betano,basketball,NBA,props_nba_20260514_094005.csv,Dallas Wings F Minnesota Lynx F,dallas wings f minnesota lynx f,Nia Coffey,nia coffey,PRA (hitos),16+,0.0,1.5,player_pra_hito,PRA,over,16,15.5,Nia Coffey 16+ PRA,1,
3554aec14d58743b6ae9ef757bb8785f8246fb1a,20260514_094005,2026-05-14T09:40:05-03:00,2026-05-14T12:40:05+00:00,betano,basketball,NBA,props_nba_20260514_094005.csv,Dallas Wings F Minnesota Lynx F,dallas wings f minnesota lynx f,Nia Coffey,nia coffey,PRA (hitos),17+,0.0,1.7,player_pra_hito,PRA,over,17,16.5,Nia Coffey 17+ PRA,1,
eaba9766370d4f534a47954bb4d135167f7aee39,20260514_094005,2026-05-14T09:40:05-03:00,2026-05-14T12:40:05+00:00,betano,basketball,NBA,props_nba_20260514_094005.csv,Dallas Wings F Minnesota Lynx F,dallas wings f minnesota lynx f,Nia Coffey,nia coffey,PRA (hitos),18+,0.0,1.95,player_pra_hito,PRA,over,18,17.5,Nia Coffey 18+ PRA,1,
04178f88768d232b46102f4662f05541347d05e4,20260514_094005,2026-05-14T09:40:05-03:00,2026-05-14T12:40:05+00:00,betano,basketball,NBA,props_nba_20260514_094005.csv,Dallas Wings F Minnesota Lynx F,dallas wings f minnesota lynx f,Nia Coffey,nia coffey,PRA (hitos),19+,0.0,2.27,player_pra_hito,PRA,over,19,18.5,Nia Coffey 19+ PRA,1,
7eb821f6bd0b7765800257427fecf8c19920de94,20260514_094005,2026-05-14T09:40:05-03:00,2026-05-14T12:40:05+00:00,betano,basketball,NBA,props_nba_20260514_094005.csv,Dallas Wings F Minnesota Lynx F,dallas wings f minnesota lynx f,Nia Coffey,nia coffey,PRA (hitos),20+,0.0,2.7,player_pra_hito,PRA,over,20,19.5,Nia Coffey 20+ PRA,1,
72a2a677c32a9d071aed34c433e799cdd72dc04a,20260514_094005,2026-05-14T09:40:05-03:00,2026-05-14T12:40:05+00:00,betano,basketball,NBA,props_nba_20260514_094005.csv,Dallas Wings F Minnesota Lynx F,dallas wings f minnesota lynx f,Nia Coffey,nia coffey,PRA (hitos),21+,0.0,3.25,player_pra_hito,PRA,over,21,20.5,Nia Coffey 21+ PRA,1,
fa7e5afee21959ad64c673620efe280e85a37754,20260514_094005,2026-05-14T09:40:05-03:00,2026-05-14T12:40:05+00:00,betano,basketball,NBA,props_nba_20260514_094005.csv,Dallas Wings F Minnesota Lynx F,dallas wings f minnesota lynx f,Nia Coffey,nia coffey,PRA (hitos),22+,0.0,3.95,player_pra_hito,PRA,over,22,21.5,Nia Coffey 22+ PRA,1,
a0fb47c9ac2c5ab45d994b71b650848ece1eef0a,20260514_094005,2026-05-14T09:40:05-03:00,2026-05-14T12:40:05+00:00,betano,basketball,NBA,props_nba_20260514_094005.csv,Dallas Wings F Minnesota Lynx F,dallas wings f minnesota lynx f,Nia Coffey,nia coffey,PRA (hitos),23+,0.0,4.8,player_pra_hito,PRA,over,23,22.5,Nia Coffey 23+ PRA,1,
54dc954ca5f777d1c4ee1801985a659c08abd71d,20260514_094005,2026-05-14T09:40:05-03:00,2026-05-14T12:40:05+00:00,betano,basketball,NBA,props_nba_20260514_094005.csv,Dallas Wings F Minnesota Lynx F,dallas wings f minnesota lynx f,Jessica Shepard,jessica shepard,RA (hitos),12+,0.0,1.19,player_ra_hito,RA,over,12,11.5,Jessica Shepard 12+ RA,1,
82a66ea243ebb91e8df4743abeea9a555cbc0549,20260514_094005,2026-05-14T09:40:05-03:00,2026-05-14T12:40:05+00:00,betano,basketball,NBA,props_nba_20260514_094005.csv,Dallas Wings F Minnesota Lynx F,dallas wings f minnesota lynx f,Jessica Shepard,jessica shepard,RA (hitos),13+,0.0,1.33,player_ra_hito,RA,over,13,12.5,Jessica Shepard 13+ RA,1,
95f3155e796b2d19744113be37e996b20c8f032c,20260514_094005,2026-05-14T09:40:05-03:00,2026-05-14T12:40:05+00:00,betano,basketball,NBA,props_nba_20260514_094005.csv,Dallas Wings F Minnesota Lynx F,dallas wings f minnesota lynx f,Jessica Shepard,jessica shepard,RA (hitos),14+,0.0,1.55,player_ra_hito,RA,over,14,13.5,Jessica Shepard 14+ RA,1,
2f466d069ff262966998c0077d4c031409eae431,20260514_094005,2026-05-14T09:40:05-03:00,2026-05-14T12:40:05+00:00,betano,basketball,NBA,props_nba_20260514_094005.csv,Dallas Wings F Minnesota Lynx F,dallas wings f minnesota lynx f,Jessica Shepard,jessica shepard,RA (hitos),15+,0.0,1.87,player_ra_hito,RA,over,15,14.5,Jessica Shepard 15+ RA,1,
52dd454580a16bb10788e1af3dc26cddb668cc26,20260514_094005,2026-05-14T09:40:05-03:00,2026-05-14T12:40:05+00:00,betano,basketball,NBA,props_nba_20260514_094005.csv,Dallas Wings F Minnesota Lynx F,dallas wings f minnesota lynx f,Jessica Shepard,jessica shepard,RA (hitos),16+,0.0,2.35,player_ra_hito,RA,over,16,15.5,Jessica Shepard 16+ RA,1,
38ad11ceed5f3181bbaf023b882e2e4919c84acf,20260514_094005,2026-05-14T09:40:05-03:00,2026-05-14T12:40:05+00:00,betano,basketball,NBA,props_nba_20260514_094005.csv,Dallas Wings F Minnesota Lynx F,dallas wings f minnesota lynx f,Jessica Shepard,jessica shepard,RA (hitos),17+,0.0,3.05,player_ra_hito,RA,over,17,16.5,Jessica Shepard 17+ RA,1,
cf5402e702464466a319f720429dc5ae687dd98e,20260514_094005,2026-05-14T09:40:05-03:00,2026-05-14T12:40:05+00:00,betano,basketball,NBA,props_nba_20260514_094005.csv,Dallas Wings F Minnesota Lynx F,dallas wings f minnesota lynx f,Jessica Shepard,jessica shepard,RA (hitos),18+,0.0,4.05,player_ra_hito,RA,over,18,17.5,Jessica Shepard 18+ RA,1,
64dd65881b5cb9da7f85a39d0accaca9e23f0b2d,20260514_094005,2026-05-14T09:40:05-03:00,2026-05-14T12:40:05+00:00,betano,basketball,NBA,props_nba_20260514_094005.csv,Dallas Wings F Minnesota Lynx F,dallas wings f minnesota lynx f,Jessica Shepard,jessica shepard,RA (hitos),19+,0.0,5.4,player_ra_hito,RA,over,19,18.5,Jessica Shepard 19+ RA,1,
8b3b8bae3f56d17c54d3044bb4d4bb523067d587,20260514_094005,2026-05-14T09:40:05-03:00,2026-05-14T12:40:05+00:00,betano,basketball,NBA,props_nba_20260514_094005.csv,Dallas Wings F Minnesota Lynx F,dallas wings f minnesota lynx f,Jessica Shepard,jessica shepard,RA (hitos),20+,0.0,7.2,player_ra_hito,RA,over,20,19.5,Jessica Shepard 20+ RA,1,
ff65ead56bfe9f5a55fbb3a2198a67d30fab0f3e,20260514_094005,2026-05-14T09:40:05-03:00,2026-05-14T12:40:05+00:00,betano,basketball,NBA,props_nba_20260514_094005.csv,Dallas Wings F Minnesota Lynx F,dallas wings f minnesota lynx f,Natasha Howard,natasha howard,RA (hitos),9+,0.0,1.47,player_ra_hito,RA,over,9,8.5,Natasha Howard 9+ RA,1,
3171f4b27b9c53aebd970a56af9224822bb9462f,20260514_094005,2026-05-14T09:40:05-03:00,2026-05-14T12:40:05+00:00,betano,basketball,NBA,props_nba_20260514_094005.csv,Dallas Wings F Minnesota Lynx F,dallas wings f minnesota lynx f,Natasha Howard,natasha howard,RA (hitos),10+,0.0,1.83,player_ra_hito,RA,over,10,9.5,Natasha Howard 10+ RA,1,
89cb00f47bd2f53e30143674ed3c3e0463a35317,20260514_094005,2026-05-14T09:40:05-03:00,2026-05-14T12:40:05+00:00,betano,basketball,NBA,props_nba_20260514_094005.csv,Dallas Wings F Minnesota Lynx F,dallas wings f minnesota lynx f,Natasha Howard,natasha howard,RA (hitos),11+,0.0,2.4,player_ra_hito,RA,over,11,10.5,Natasha Howard 11+ RA,1,
73c19b59d329063250e5f48d15e56ddea7529f48,20260514_094005,2026-05-14T09:40:05-03:00,2026-05-14T12:40:05+00:00,betano,basketball,NBA,props_nba_20260514_094005.csv,Dallas Wings F Minnesota Lynx F,dallas wings f minnesota lynx f,Natasha Howard,natasha howard,RA (hitos),12+,0.0,3.25,player_ra_hito,RA,over,12,11.5,Natasha Howard 12+ RA,1,
fcf8db00876e7398b496d20031544c1b546fa317,20260514_094005,2026-05-14T09:40:05-03:00,2026-05-14T12:40:05+00:00,betano,basketball,NBA,props_nba_20260514_094005.csv,Dallas Wings F Minnesota Lynx F,dallas wings f minnesota lynx f,Natasha Howard,natasha howard,RA (hitos),13+,0.0,4.6,player_ra_hito,RA,over,13,12.5,Natasha Howard 13+ RA,1,
499b76e3584e875d4c4aeb976a480d23f7f2a5ce,20260514_094005,2026-05-14T09:40:05-03:00,2026-05-14T12:40:05+00:00,betano,basketball,NBA,props_nba_20260514_094005.csv,Dallas Wings F Minnesota Lynx F,dallas wings f minnesota lynx f,Natasha Howard,natasha howard,RA (hitos),14+,0.0,6.5,player_ra_hito,RA,over,14,13.5,Natasha Howard 14+ RA,1,
19d2f0a3e8747885abafe72c158d7fc4c37be84a,20260514_094005,2026-05-14T09:40:05-03:00,2026-05-14T12:40:05+00:00,betano,basketball,NBA,props_nba_20260514_094005.csv,Dallas Wings F Minnesota Lynx F,dallas wings f minnesota lynx f,Natasha Howard,natasha howard,RA (hitos),15+,0.0,9,player_ra_hito,RA,over,15,14.5,Natasha Howard 15+ RA,1,
bbe99271227c782f62fb53b8700cd7228d627f9e,20260514_094005,2026-05-14T09:40:05-03:00,2026-05-14T12:40:05+00:00,betano,basketball,NBA,props_nba_20260514_094005.csv,Dallas Wings F Minnesota Lynx F,dallas wings f minnesota lynx f,Natasha Howard,natasha howard,RA (hitos),16+,0.0,12,player_ra_hito,RA,over,16,15.5,Natasha Howard 16+ RA,1,
7e9ada475bd55c7f8b458646ea7fe85ad5a72e62,20260514_094005,2026-05-14T09:40:05-03:00,2026-05-14T12:40:05+00:00,betano,basketball,NBA,props_nba_20260514_094005.csv,Dallas Wings F Minnesota Lynx F,dallas wings f minnesota lynx f,Nia Coffey,nia coffey,RA (hitos),7+,0.0,1.39,player_ra_hito,RA,over,7,6.5,Nia Coffey 7+ RA,1,
3ada12041f3242f0beeaf2f6591cb6563b1910f9,20260514_094005,2026-05-14T09:40:05-03:00,2026-05-14T12:40:05+00:00,betano,basketball,NBA,props_nba_20260514_094005.csv,Dallas Wings F Minnesota Lynx F,dallas wings f minnesota lynx f,Nia Coffey,nia coffey,RA (hitos),8+,0.0,1.75,player_ra_hito,RA,over,8,7.5,Nia Coffey 8+ RA,1,
ef1bbfe2201ef9cc814394e7cb9758ec4b0bf666,20260514_094005,2026-05-14T09:40:05-03:00,2026-05-14T12:40:05+00:00,betano,basketball,NBA,props_nba_20260514_094005.csv,Dallas Wings F Minnesota Lynx F,dallas wings f minnesota lynx f,Nia Coffey,nia coffey,RA (hitos),9+,0.0,2.35,player_ra_hito,RA,over,9,8.5,Nia Coffey 9+ RA,1,
ab22d532f197dd05dac1b5ec536c890bc9afe22d,20260514_094005,2026-05-14T09:40:05-03:00,2026-05-14T12:40:05+00:00,betano,basketball,NBA,props_nba_20260514_094005.csv,Dallas Wings F Minnesota Lynx F,dallas wings f minnesota lynx f,Nia Coffey,nia coffey,RA (hitos),10+,0.0,3.25,player_ra_hito,RA,over,10,9.5,Nia Coffey 10+ RA,1,
6e0869885e76d7d083956791bcc89f72fe00af1e,20260514_094005,2026-05-14T09:40:05-03:00,2026-05-14T12:40:05+00:00,betano,basketball,NBA,props_nba_20260514_094005.csv,Dallas Wings F Minnesota Lynx F,dallas wings f minnesota lynx f,Nia Coffey,nia coffey,RA (hitos),11+,0.0,4.75,player_ra_hito,RA,over,11,10.5,Nia Coffey 11+ RA,1,
41e0b69a4f027225c42a7d1d2a6914ad3720d62f,20260514_094005,2026-05-14T09:40:05-03:00,2026-05-14T12:40:05+00:00,betano,basketball,NBA,props_nba_20260514_094005.csv,Dallas Wings F Minnesota Lynx F,dallas wings f minnesota lynx f,Nia Coffey,nia coffey,RA (hitos),12+,0.0,7,player_ra_hito,RA,over,12,11.5,Nia Coffey 12+ RA,1,
3d40ea2bc6190d985e1628eb5d7476055a4e348b,20260514_094005,2026-05-14T09:40:05-03:00,2026-05-14T12:40:05+00:00,betano,basketball,NBA,props_nba_20260514_094005.csv,Dallas Wings F Minnesota Lynx F,dallas wings f minnesota lynx f,Nia Coffey,nia coffey,RA (hitos),13+,0.0,10,player_ra_hito,RA,over,13,12.5,Nia Coffey 13+ RA,1,
beba3bf3effcae4267761572fade7c0728303575,20260514_094005,2026-05-14T09:40:05-03:00,2026-05-14T12:40:05+00:00,betano,basketball,NBA,props_nba_20260514_094005.csv,Dallas Wings F Minnesota Lynx F,dallas wings f minnesota lynx f,Nia Coffey,nia coffey,RA (hitos),14+,0.0,13.5,player_ra_hito,RA,over,14,13.5,Nia Coffey 14+ RA,1,
3c68281a1c570c2bd11651b699fd7789290e38db,20260514_094005,2026-05-14T09:40:05-03:00,2026-05-14T12:40:05+00:00,betano,basketball,NBA,props_nba_20260514_094005.csv,Dallas Wings F Minnesota Lynx F,dallas wings f minnesota lynx f,Odyssey Sims,odyssey sims,RA (hitos),5+,0.0,1.31,player_ra_hito,RA,over,5,4.5,Odyssey Sims 5+ RA,1,
9668f1b15a8a27276dfffe73f14b22870b61700c,20260514_094005,2026-05-14T09:40:05-03:00,2026-05-14T12:40:05+00:00,betano,basketball,NBA,props_nba_20260514_094005.csv,Dallas Wings F Minnesota Lynx F,dallas wings f minnesota lynx f,Odyssey Sims,odyssey sims,RA (hitos),6+,0.0,1.67,player_ra_hito,RA,over,6,5.5,Odyssey Sims 6+ RA,1,
bc4cd048abec3a364e39d4defd57c700f532a008,20260514_094005,2026-05-14T09:40:05-03:00,2026-05-14T12:40:05+00:00,betano,basketball,NBA,props_nba_20260514_094005.csv,Dallas Wings F Minnesota Lynx F,dallas wings f minnesota lynx f,Odyssey Sims,odyssey sims,RA (hitos),7+,0.0,2.3,player_ra_hito,RA,over,7,6.5,Odyssey Sims 7+ RA,1,
fd45ebd1f978aaa24714fd93a1d07c3154051905,20260514_094005,2026-05-14T09:40:05-03:00,2026-05-14T12:40:05+00:00,betano,basketball,NBA,props_nba_20260514_094005.csv,Dallas Wings F Minnesota Lynx F,dallas wings f minnesota lynx f,Odyssey Sims,odyssey sims,RA (hitos),8+,0.0,3.35,player_ra_hito,RA,over,8,7.5,Odyssey Sims 8+ RA,1,
22290cc9fafd4c9dd434b2784e993136b51e4952,20260514_094005,2026-05-14T09:40:05-03:00,2026-05-14T12:40:05+00:00,betano,basketball,NBA,props_nba_20260514_094005.csv,Dallas Wings F Minnesota Lynx F,dallas wings f minnesota lynx f,Odyssey Sims,odyssey sims,RA (hitos),9+,0.0,5.2,player_ra_hito,RA,over,9,8.5,Odyssey Sims 9+ RA,1,
534bc51a77b120a6fcc0491abec4e0edf5706147,20260514_094005,2026-05-14T09:40:05-03:00,2026-05-14T12:40:05+00:00,betano,basketball,NBA,props_nba_20260514_094005.csv,Dallas Wings F Minnesota Lynx F,dallas wings f minnesota lynx f,Odyssey Sims,odyssey sims,RA (hitos),10+,0.0,7.9,player_ra_hito,RA,over,10,9.5,Odyssey Sims 10+ RA,1,
e7092c40a4f236bf2c0fa605f34c09629271e5a3,20260514_094005,2026-05-14T09:40:05-03:00,2026-05-14T12:40:05+00:00,betano,basketball,NBA,props_nba_20260514_094005.csv,Dallas Wings F Minnesota Lynx F,dallas wings f minnesota lynx f,Kayla McBride,kayla mcbride,RA (hitos),5+,0.0,1.33,player_ra_hito,RA,over,5,4.5,Kayla McBride 5+ RA,1,
ffe5833ba53d381128b3ade987d74ee3b75c4fa6,20260514_094005,2026-05-14T09:40:05-03:00,2026-05-14T12:40:05+00:00,betano,basketball,NBA,props_nba_20260514_094005.csv,Dallas Wings F Minnesota Lynx F,dallas wings f minnesota lynx f,Kayla McBride,kayla mcbride,RA (hitos),6+,0.0,1.7,player_ra_hito,RA,over,6,5.5,Kayla McBride 6+ RA,1,
84322c3d80d1d40704dfc7f275bf6ef51410785a,20260514_094005,2026-05-14T09:40:05-03:00,2026-05-14T12:40:05+00:00,betano,basketball,NBA,props_nba_20260514_094005.csv,Dallas Wings F Minnesota Lynx F,dallas wings f minnesota lynx f,Kayla McBride,kayla mcbride,RA (hitos),7+,0.0,2.37,player_ra_hito,RA,over,7,6.5,Kayla McBride 7+ RA,1,
14b2fc1c90ae3f5346d74d84f3555f753d6aa79c,20260514_094005,2026-05-14T09:40:05-03:00,2026-05-14T12:40:05+00:00,betano,basketball,NBA,props_nba_20260514_094005.csv,Dallas Wings F Minnesota Lynx F,dallas wings f minnesota lynx f,Kayla McBride,kayla mcbride,RA (hitos),8+,0.0,3.55,player_ra_hito,RA,over,8,7.5,Kayla McBride 8+ RA,1,
0c1ad9adbe76ae7eeb94145d463b9227a131e85e,20260514_094005,2026-05-14T09:40:05-03:00,2026-05-14T12:40:05+00:00,betano,basketball,NBA,props_nba_20260514_094005.csv,Dallas Wings F Minnesota Lynx F,dallas wings f minnesota lynx f,Kayla McBride,kayla mcbride,RA (hitos),9+,0.0,5.5,player_ra_hito,RA,over,9,8.5,Kayla McBride 9+ RA,1,
276a638b7d3f1b5144a0fcbb8dabbc1aeadefbc1,20260514_094005,2026-05-14T09:40:05-03:00,2026-05-14T12:40:05+00:00,betano,basketball,NBA,props_nba_20260514_094005.csv,Dallas Wings F Minnesota Lynx F,dallas wings f minnesota lynx f,Kayla McBride,kayla mcbride,RA (hitos),10+,0.0,8.5,player_ra_hito,RA,over,10,9.5,Kayla McBride 10+ RA,1,
12ff00782525523b951390b31d06f9d210ca4c41,20260514_094005,2026-05-14T09:40:05-03:00,2026-05-14T12:40:05+00:00,betano,basketball,NBA,props_nba_20260514_094005.csv,Portland Fire F New York Liberty F,portland fire f new york liberty f,Jonquel Jones,jonquel jones,Puntos (hitos),15+,0.0,1.47,player_points_hito,PTS,over,15,14.5,Jonquel Jones 15+ PTS,1,
63e865647ed5fc285b60fc32c09488952691a6cb,20260514_094005,2026-05-14T09:40:05-03:00,2026-05-14T12:40:05+00:00,betano,basketball,NBA,props_nba_20260514_094005.csv,Portland Fire F New York Liberty F,portland fire f new york liberty f,Jonquel Jones,jonquel jones,Puntos (hitos),16+,0.0,1.6,player_points_hito,PTS,over,16,15.5,Jonquel Jones 16+ PTS,1,
0b3ba4a2c47b33665406e2089122ffd95297c0ee,20260514_094005,2026-05-14T09:40:05-03:00,2026-05-14T12:40:05+00:00,betano,basketball,NBA,props_nba_20260514_094005.csv,Portland Fire F New York Liberty F,portland fire f new york liberty f,Jonquel Jones,jonquel jones,Puntos (hitos),17+,0.0,1.87,player_points_hito,PTS,over,17,16.5,Jonquel Jones 17+ PTS,1,
bd09f948787419932e63840c150b101600b92cc9,20260514_094005,2026-05-14T09:40:05-03:00,2026-05-14T12:40:05+00:00,betano,basketball,NBA,props_nba_20260514_094005.csv,Portland Fire F New York Liberty F,portland fire f new york liberty f,Jonquel Jones,jonquel jones,Puntos (hitos),18+,0.0,2.07,player_points_hito,PTS,over,18,17.5,Jonquel Jones 18+ PTS,1,
bd54e7b12aaa46bdd11f4c1a4e16bc79ec8c6b25,20260514_094005,2026-05-14T09:40:05-03:00,2026-05-14T12:40:05+00:00,betano,basketball,NBA,props_nba_20260514_094005.csv,Portland Fire F New York Liberty F,portland fire f new york liberty f,Jonquel Jones,jonquel jones,Puntos (hitos),19+,0.0,2.52,player_points_hito,PTS,over,19,18.5,Jonquel Jones 19+ PTS,1,
babd72a5cea7cd7f87ecd44d22b71da1010358a0,20260514_094005,2026-05-14T09:40:05-03:00,2026-05-14T12:40:05+00:00,betano,basketball,NBA,props_nba_20260514_094005.csv,Portland Fire F New York Liberty F,portland fire f new york liberty f,Jonquel Jones,jonquel jones,Puntos (hitos),20+,0.0,2.87,player_points_hito,PTS,over,20,19.5,Jonquel Jones 20+ PTS,1,
c9f6e1cb82ebbc8f7edc76bd20bc96e8aaf1ba00,20260514_094005,2026-05-14T09:40:05-03:00,2026-05-14T12:40:05+00:00,betano,basketball,NBA,props_nba_20260514_094005.csv,Portland Fire F New York Liberty F,portland fire f new york liberty f,Jonquel Jones,jonquel jones,Puntos (hitos),21+,0.0,3.5,player_points_hito,PTS,over,21,20.5,Jonquel Jones 21+ PTS,1,
1280e0936e93e3ba53de4d194217b2e86e075a12,20260514_094005,2026-05-14T09:40:05-03:00,2026-05-14T12:40:05+00:00,betano,basketball,NBA,props_nba_20260514_094005.csv,Portland Fire F New York Liberty F,portland fire f new york liberty f,Jonquel Jones,jonquel jones,Puntos (hitos),22+,0.0,4.1,player_points_hito,PTS,over,22,21.5,Jonquel Jones 22+ PTS,1,
979e472d9f6834e8c81bc75c5705db7aefaf67d8,20260514_094005,2026-05-14T09:40:05-03:00,2026-05-14T12:40:05+00:00,betano,basketball,NBA,props_nba_20260514_094005.csv,Portland Fire F New York Liberty F,portland fire f new york liberty f,Jonquel Jones,jonquel jones,Puntos (hitos),23+,0.0,5,player_points_hito,PTS,over,23,22.5,Jonquel Jones 23+ PTS,1,
21e47b588d67a0d350db7b3a104f92e2c22a0862,20260514_094005,2026-05-14T09:40:05-03:00,2026-05-14T12:40:05+00:00,betano,basketball,NBA,props_nba_20260514_094005.csv,Portland Fire F New York Liberty F,portland fire f new york liberty f,Marine Johannès,marine johannes,Puntos (hitos),12+,0.0,1.29,player_points_hito,PTS,over,12,11.5,Marine Johannès 12+ PTS,1,
2a754e955165eb4d5d321288981c4c88d29994dd,20260514_094005,2026-05-14T09:40:05-03:00,2026-05-14T12:40:05+00:00,betano,basketball,NBA,props_nba_20260514_094005.csv,Portland Fire F New York Liberty F,portland fire f new york liberty f,Marine Johannès,marine johannes,Puntos (hitos),13+,0.0,1.47,player_points_hito,PTS,over,13,12.5,Marine Johannès 13+ PTS,1,
8de4382d98dea39de64a0e899bf4792a81985668,20260514_094005,2026-05-14T09:40:05-03:00,2026-05-14T12:40:05+00:00,betano,basketball,NBA,props_nba_20260514_094005.csv,Portland Fire F New York Liberty F,portland fire f new york liberty f,Marine Johannès,marine johannes,Puntos (hitos),14+,0.0,1.6,player_points_hito,PTS,over,14,13.5,Marine Johannès 14+ PTS,1,
6869f8e244ee825917f1a1c18ee7912618e024dc,20260514_094005,2026-05-14T09:40:05-03:00,2026-05-14T12:40:05+00:00,betano,basketball,NBA,props_nba_20260514_094005.csv,Portland Fire F New York Liberty F,portland fire f new york liberty f,Marine Johannès,marine johannes,Puntos (hitos),15+,0.0,1.88,player_points_hito,PTS,over,15,14.5,Marine Johannès 15+ PTS,1,
d3df80985aba0828748b6193b3b9b52cea74c8a8,20260514_094005,2026-05-14T09:40:05-03:00,2026-05-14T12:40:05+00:00,betano,basketball,NBA,props_nba_20260514_094005.csv,Portland Fire F New York Liberty F,portland fire f new york liberty f,Marine Johannès,marine johannes,Puntos (hitos),16+,0.0,2.12,player_points_hito,PTS,over,16,15.5,Marine Johannès 16+ PTS,1,
f6238c0e7efd255dd6fd1a11a66ef6ac88e37bf9,20260514_094005,2026-05-14T09:40:05-03:00,2026-05-14T12:40:05+00:00,betano,basketball,NBA,props_nba_20260514_094005.csv,Portland Fire F New York Liberty F,portland fire f new york liberty f,Marine Johannès,marine johannes,Puntos (hitos),17+,0.0,2.6,player_points_hito,PTS,over,17,16.5,Marine Johannès 17+ PTS,1,
609fdcc9c60b27cb959590f92d1982c371c09e79,20260514_094005,2026-05-14T09:40:05-03:00,2026-05-14T12:40:05+00:00,betano,basketball,NBA,props_nba_20260514_094005.csv,Portland Fire F New York Liberty F,portland fire f new york liberty f,Marine Johannès,marine johannes,Puntos (hitos),18+,0.0,3,player_points_hito,PTS,over,18,17.5,Marine Johannès 18+ PTS,1,
4963881b41703b3fff5a607f6b30d77fc3ae2f3e,20260514_094005,2026-05-14T09:40:05-03:00,2026-05-14T12:40:05+00:00,betano,basketball,NBA,props_nba_20260514_094005.csv,Portland Fire F New York Liberty F,portland fire f new york liberty f,Marine Johannès,marine johannes,Puntos (hitos),19+,0.0,3.7,player_points_hito,PTS,over,19,18.5,Marine Johannès 19+ PTS,1,
884476c2ab6dc75f56a67efc5a0a23384c19ebd3,20260514_094005,2026-05-14T09:40:05-03:00,2026-05-14T12:40:05+00:00,betano,basketball,NBA,props_nba_20260514_094005.csv,Portland Fire F New York Liberty F,portland fire f new york liberty f,Marine Johannès,marine johannes,Puntos (hitos),20+,0.0,4.35,player_points_hito,PTS,over,20,19.5,Marine Johannès 20+ PTS,1,
ab7eee7b1a46ae55787100a83d0826fcb3c041b6,20260514_094005,2026-05-14T09:40:05-03:00,2026-05-14T12:40:05+00:00,betano,basketball,NBA,props_nba_20260514_094005.csv,Portland Fire F New York Liberty F,portland fire f new york liberty f,Betnijah Laney-Hamilton,betnijah laney hamilton,Puntos (hitos),11+,0.0,1.44,player_points_hito,PTS,over,11,10.5,Betnijah Laney-Hamilton 11+ PTS,1,
74ccc4fe2dfc58ed091d3f2682ffa47676e38b2e,20260514_094005,2026-05-14T09:40:05-03:00,2026-05-14T12:40:05+00:00,betano,basketball,NBA,props_nba_20260514_094005.csv,Portland Fire F New York Liberty F,portland fire f new york liberty f,Betnijah Laney-Hamilton,betnijah laney hamilton,Puntos (hitos),13+,0.0,1.82,player_points_hito,PTS,over,13,12.5,Betnijah Laney-Hamilton 13+ PTS,1,
5c404e0c3ec586db150658f2bd1de803bc28ecdb,20260514_094005,2026-05-14T09:40:05-03:00,2026-05-14T12:40:05+00:00,betano,basketball,NBA,props_nba_20260514_094005.csv,Portland Fire F New York Liberty F,portland fire f new york liberty f,Betnijah Laney-Hamilton,betnijah laney hamilton,Puntos (hitos),15+,0.0,2.47,player_points_hito,PTS,over,15,14.5,Betnijah Laney-Hamilton 15+ PTS,1,
4da13b6cbfbc31eb7a5f64b5d7f6a27c89506f04,20260514_094005,2026-05-14T09:40:05-03:00,2026-05-14T12:40:05+00:00,betano,basketball,NBA,props_nba_20260514_094005.csv,Portland Fire F New York Liberty F,portland fire f new york liberty f,Betnijah Laney-Hamilton,betnijah laney hamilton,Puntos (hitos),17+,0.0,3.55,player_points_hito,PTS,over,17,16.5,Betnijah Laney-Hamilton 17+ PTS,1,
a091c0fb426c3a5ae760227bd242864837e822dc,20260514_094005,2026-05-14T09:40:05-03:00,2026-05-14T12:40:05+00:00,betano,basketball,NBA,props_nba_20260514_094005.csv,Portland Fire F New York Liberty F,portland fire f new york liberty f,Betnijah Laney-Hamilton,betnijah laney hamilton,Puntos (hitos),19+,0.0,5.2,player_points_hito,PTS,over,19,18.5,Betnijah Laney-Hamilton 19+ PTS,1,
f0cbacf961d9fc2353a2ee56475bc00fd5ae59bd,20260514_094005,2026-05-14T09:40:05-03:00,2026-05-14T12:40:05+00:00,betano,basketball,NBA,props_nba_20260514_094005.csv,Portland Fire F New York Liberty F,portland fire f new york liberty f,Betnijah Laney-Hamilton,betnijah laney hamilton,Puntos (hitos),21+,0.0,7.7,player_points_hito,PTS,over,21,20.5,Betnijah Laney-Hamilton 21+ PTS,1,
30fb42dfc5929812fc65f18dd29b9987ed8664c8,20260514_094005,2026-05-14T09:40:05-03:00,2026-05-14T12:40:05+00:00,betano,basketball,NBA,props_nba_20260514_094005.csv,Portland Fire F New York Liberty F,portland fire f new york liberty f,Betnijah Laney-Hamilton,betnijah laney hamilton,Puntos (hitos),23+,0.0,10.75,player_points_hito,PTS,over,23,22.5,Betnijah Laney-Hamilton 23+ PTS,1,
a74677bb617c3a3fa4727aee46462cce858a3bd5,20260514_094005,2026-05-14T09:40:05-03:00,2026-05-14T12:40:05+00:00,betano,basketball,NBA,props_nba_20260514_094005.csv,Portland Fire F New York Liberty F,portland fire f new york liberty f,Betnijah Laney-Hamilton,betnijah laney hamilton,Puntos (hitos),25+,0.0,14,player_points_hito,PTS,over,25,24.5,Betnijah Laney-Hamilton 25+ PTS,1,
2a25e9a7b074a0e99dd6b13fa167929a50ea1cf3,20260514_094005,2026-05-14T09:40:05-03:00,2026-05-14T12:40:05+00:00,betano,basketball,NBA,props_nba_20260514_094005.csv,Portland Fire F New York Liberty F,portland fire f new york liberty f,Betnijah Laney-Hamilton,betnijah laney hamilton,Puntos (hitos),27+,0.0,16.5,player_points_hito,PTS,over,27,26.5,Betnijah Laney-Hamilton 27+ PTS,1,
825bb5f7a2675168a10345a09a9b669fbae85310,20260514_094005,2026-05-14T09:40:05-03:00,2026-05-14T12:40:05+00:00,betano,basketball,NBA,props_nba_20260514_094005.csv,Portland Fire F New York Liberty F,portland fire f new york liberty f,Pauline Astier,pauline astier,Puntos (hitos),10+,0.0,1.42,player_points_hito,PTS,over,10,9.5,Pauline Astier 10+ PTS,1,
048fa477e26320bcc71b39cfc2cbda1fbf7c7e3d,20260514_094005,2026-05-14T09:40:05-03:00,2026-05-14T12:40:05+00:00,betano,basketball,NBA,props_nba_20260514_094005.csv,Portland Fire F New York Liberty F,portland fire f new york liberty f,Pauline Astier,pauline astier,Puntos (hitos),12+,0.0,1.9,player_points_hito,PTS,over,12,11.5,Pauline Astier 12+ PTS,1,
be0f1fbd559cc5b8cee16c8dd7358864b4f39b31,20260514_094005,2026-05-14T09:40:05-03:00,2026-05-14T12:40:05+00:00,betano,basketball,NBA,props_nba_20260514_094005.csv,Portland Fire F New York Liberty F,portland fire f new york liberty f,Pauline Astier,pauline astier,Puntos (hitos),14+,0.0,2.7,player_points_hito,PTS,over,14,13.5,Pauline Astier 14+ PTS,1,
2d9778b3ae3950ea58ab37e41c7f6e52912c41fa,20260514_094005,2026-05-14T09:40:05-03:00,2026-05-14T12:40:05+00:00,betano,basketball,NBA,props_nba_20260514_094005.csv,Portland Fire F New York Liberty F,portland fire f new york liberty f,Pauline Astier,pauline astier,Puntos (hitos),16+,0.0,4.2,player_points_hito,PTS,over,16,15.5,Pauline Astier 16+ PTS,1,
047e236b773ead781c3284aa305387289e808311,20260514_094005,2026-05-14T09:40:05-03:00,2026-05-14T12:40:05+00:00,betano,basketball,NBA,props_nba_20260514_094005.csv,Portland Fire F New York Liberty F,portland fire f new york liberty f,Pauline Astier,pauline astier,Puntos (hitos),18+,0.0,6.5,player_points_hito,PTS,over,18,17.5,Pauline Astier 18+ PTS,1,
35804c51054a4e8edb17e0889f1ba7c5a245478f,20260514_094005,2026-05-14T09:40:05-03:00,2026-05-14T12:40:05+00:00,betano,basketball,NBA,props_nba_20260514_094005.csv,Portland Fire F New York Liberty F,portland fire f new york liberty f,Pauline Astier,pauline astier,Puntos (hitos),20+,0.0,9.75,player_points_hito,PTS,over,20,19.5,Pauline Astier 20+ PTS,1,
449532de8f1b26a4bcb21fbf59685d3255c5926a,20260514_094005,2026-05-14T09:40:05-03:00,2026-05-14T12:40:05+00:00,betano,basketball,NBA,props_nba_20260514_094005.csv,Portland Fire F New York Liberty F,portland fire f new york liberty f,Pauline Astier,pauline astier,Puntos (hitos),22+,0.0,13.5,player_points_hito,PTS,over,22,21.5,Pauline Astier 22+ PTS,1,
72c1e501746ac86f48af582e344e88a4f5d28e7f,20260514_094005,2026-05-14T09:40:05-03:00,2026-05-14T12:40:05+00:00,betano,basketball,NBA,props_nba_20260514_094005.csv,Portland Fire F New York Liberty F,portland fire f new york liberty f,Pauline Astier,pauline astier,Puntos (hitos),24+,0.0,17,player_points_hito,PTS,over,24,23.5,Pauline Astier 24+ PTS,1,
70cf936c6afa4688f90bedd2eb7d6b9129285c1f,20260514_094005,2026-05-14T09:40:05-03:00,2026-05-14T12:40:05+00:00,betano,basketball,NBA,props_nba_20260514_094005.csv,Portland Fire F New York Liberty F,portland fire f new york liberty f,Luisa Geiselsoder,luisa geiselsoder,Puntos (hitos),9+,0.0,1.62,player_points_hito,PTS,over,9,8.5,Luisa Geiselsoder 9+ PTS,1,
7a2ccb3335975703007eb66d914344c7d202e3e0,20260514_094005,2026-05-14T09:40:05-03:00,2026-05-14T12:40:05+00:00,betano,basketball,NBA,props_nba_20260514_094005.csv,Portland Fire F New York Liberty F,portland fire f new york liberty f,Luisa Geiselsoder,luisa geiselsoder,Puntos (hitos),10+,0.0,1.8,player_points_hito,PTS,over,10,9.5,Luisa Geiselsoder 10+ PTS,1,
da7637700c08d7275e707b427f26a2b550f04dc0,20260514_094005,2026-05-14T09:40:05-03:00,2026-05-14T12:40:05+00:00,betano,basketball,NBA,props_nba_20260514_094005.csv,Portland Fire F New York Liberty F,portland fire f new york liberty f,Luisa Geiselsoder,luisa geiselsoder,Puntos (hitos),11+,0.0,2.27,player_points_hito,PTS,over,11,10.5,Luisa Geiselsoder 11+ PTS,1,
15e15046b9b0a762ab225768db81c95455313e66,20260514_094005,2026-05-14T09:40:05-03:00,2026-05-14T12:40:05+00:00,betano,basketball,NBA,props_nba_20260514_094005.csv,Portland Fire F New York Liberty F,portland fire f new york liberty f,Luisa Geiselsoder,luisa geiselsoder,Puntos (hitos),12+,0.0,2.65,player_points_hito,PTS,over,12,11.5,Luisa Geiselsoder 12+ PTS,1,
09e257d0425b46b932c4ec4bd299e0d01d5b389d,20260514_094005,2026-05-14T09:40:05-03:00,2026-05-14T12:40:05+00:00,betano,basketball,NBA,props_nba_20260514_094005.csv,Portland Fire F New York Liberty F,portland fire f new york liberty f,Luisa Geiselsoder,luisa geiselsoder,Puntos (hitos),13+,0.0,3.45,player_points_hito,PTS,over,13,12.5,Luisa Geiselsoder 13+ PTS,1,
46bc016abafe73083dc64235efa7a1c007c26127,20260514_094005,2026-05-14T09:40:05-03:00,2026-05-14T12:40:05+00:00,betano,basketball,NBA,props_nba_20260514_094005.csv,Portland Fire F New York Liberty F,portland fire f new york liberty f,Luisa Geiselsoder,luisa geiselsoder,Puntos (hitos),14+,0.0,4.1,player_points_hito,PTS,over,14,13.5,Luisa Geiselsoder 14+ PTS,1,
d30ce25b63370cf01db804aed922d58472b508ca,20260514_094005,2026-05-14T09:40:05-03:00,2026-05-14T12:40:05+00:00,betano,basketball,NBA,props_nba_20260514_094005.csv,Portland Fire F New York Liberty F,portland fire f new york liberty f,Luisa Geiselsoder,luisa geiselsoder,Puntos (hitos),15+,0.0,5.5,player_points_hito,PTS,over,15,14.5,Luisa Geiselsoder 15+ PTS,1,
3d99ea1f07472a096425efd965f01f10343610ce,20260514_094005,2026-05-14T09:40:05-03:00,2026-05-14T12:40:05+00:00,betano,basketball,NBA,props_nba_20260514_094005.csv,Portland Fire F New York Liberty F,portland fire f new york liberty f,Luisa Geiselsoder,luisa geiselsoder,Puntos (hitos),16+,0.0,6.7,player_points_hito,PTS,over,16,15.5,Luisa Geiselsoder 16+ PTS,1,
5d97dc6461d26bf9c9deaf3a7edc2eda539c26a4,20260514_094005,2026-05-14T09:40:05-03:00,2026-05-14T12:40:05+00:00,betano,basketball,NBA,props_nba_20260514_094005.csv,Portland Fire F New York Liberty F,portland fire f new york liberty f,Emily Engstler,emily engstler,Puntos (hitos),8+,0.0,1.47,player_points_hito,PTS,over,8,7.5,Emily Engstler 8+ PTS,1,
0388176c8e3c44892e6fe2e83c3007293a9c25b5,20260514_094005,2026-05-14T09:40:05-03:00,2026-05-14T12:40:05+00:00,betano,basketball,NBA,props_nba_20260514_094005.csv,Portland Fire F New York Liberty F,portland fire f new york liberty f,Emily Engstler,emily engstler,Puntos (hitos),9+,0.0,1.67,player_points_hito,PTS,over,9,8.5,Emily Engstler 9+ PTS,1,
d0917eaee9efa87a137c754b4d97336edf8d1ce5,20260514_094005,2026-05-14T09:40:05-03:00,2026-05-14T12:40:05+00:00,betano,basketball,NBA,props_nba_20260514_094005.csv,Portland Fire F New York Liberty F,portland fire f new york liberty f,Emily Engstler,emily engstler,Puntos (hitos),10+,0.0,1.98,player_points_hito,PTS,over,10,9.5,Emily Engstler 10+ PTS,1,
c11a93b31fa041996886810a8a4bce77df490e18,20260514_094005,2026-05-14T09:40:05-03:00,2026-05-14T12:40:05+00:00,betano,basketball,NBA,props_nba_20260514_094005.csv,Portland Fire F New York Liberty F,portland fire f new york liberty f,Emily Engstler,emily engstler,Puntos (hitos),11+,0.0,2.35,player_points_hito,PTS,over,11,10.5,Emily Engstler 11+ PTS,1,
af8b11e21835ca2390e6aaee7fbb748395703959,20260514_094005,2026-05-14T09:40:05-03:00,2026-05-14T12:40:05+00:00,betano,basketball,NBA,props_nba_20260514_094005.csv,Portland Fire F New York Liberty F,portland fire f new york liberty f,Emily Engstler,emily engstler,Puntos (hitos),12+,0.0,2.85,player_points_hito,PTS,over,12,11.5,Emily Engstler 12+ PTS,1,
cf959f351dd7f6dd6c389148d2bba5702fb78df6,20260514_094005,2026-05-14T09:40:05-03:00,2026-05-14T12:40:05+00:00,betano,basketball,NBA,props_nba_20260514_094005.csv,Portland Fire F New York Liberty F,portland fire f new york liberty f,Emily Engstler,emily engstler,Puntos (hitos),13+,0.0,3.55,player_points_hito,PTS,over,13,12.5,Emily Engstler 13+ PTS,1,
23f2b7148b4996b54f98a1ac8ddedffa573a0372,20260514_094005,2026-05-14T09:40:05-03:00,2026-05-14T12:40:05+00:00,betano,basketball,NBA,props_nba_20260514_094005.csv,Portland Fire F New York Liberty F,portland fire f new york liberty f,Emily Engstler,emily engstler,Puntos (hitos),14+,0.0,4.35,player_points_hito,PTS,over,14,13.5,Emily Engstler 14+ PTS,1,
9d84b9992965b4067a3d8454d0a3a9c5b8195db5,20260514_094005,2026-05-14T09:40:05-03:00,2026-05-14T12:40:05+00:00,betano,basketball,NBA,props_nba_20260514_094005.csv,Portland Fire F New York Liberty F,portland fire f new york liberty f,Emily Engstler,emily engstler,Puntos (hitos),15+,0.0,5.4,player_points_hito,PTS,over,15,14.5,Emily Engstler 15+ PTS,1,
c896458d74fda9977ca62098207a19b70ebaa833,20260514_094005,2026-05-14T09:40:05-03:00,2026-05-14T12:40:05+00:00,betano,basketball,NBA,props_nba_20260514_094005.csv,Portland Fire F New York Liberty F,portland fire f new york liberty f,Sarah Ashlee Barker,sarah ashlee barker,Puntos (hitos),6+,0.0,1.57,player_points_hito,PTS,over,6,5.5,Sarah Ashlee Barker 6+ PTS,1,
90e359d1e9874f0f60a911ae2cdb94b4f63e8f17,20260514_094005,2026-05-14T09:40:05-03:00,2026-05-14T12:40:05+00:00,betano,basketball,NBA,props_nba_20260514_094005.csv,Portland Fire F New York Liberty F,portland fire f new york liberty f,Sarah Ashlee Barker,sarah ashlee barker,Puntos (hitos),7+,0.0,1.87,player_points_hito,PTS,over,7,6.5,Sarah Ashlee Barker 7+ PTS,1,
c7d279252ac94dbd153b82c3a2586e7852a22195,20260514_094005,2026-05-14T09:40:05-03:00,2026-05-14T12:40:05+00:00,betano,basketball,NBA,props_nba_20260514_094005.csv,Portland Fire F New York Liberty F,portland fire f new york liberty f,Sarah Ashlee Barker,sarah ashlee barker,Puntos (hitos),8+,0.0,2.27,player_points_hito,PTS,over,8,7.5,Sarah Ashlee Barker 8+ PTS,1,
b1fe2da5e680e19464b6381b25ed9f026a4ff926,20260514_094005,2026-05-14T09:40:05-03:00,2026-05-14T12:40:05+00:00,betano,basketball,NBA,props_nba_20260514_094005.csv,Portland Fire F New York Liberty F,portland fire f new york liberty f,Sarah Ashlee Barker,sarah ashlee barker,Puntos (hitos),9+,0.0,2.85,player_points_hito,PTS,over,9,8.5,Sarah Ashlee Barker 9+ PTS,1,
801fff2cfe2978ba19fed5b743576dffca9c308f,20260514_094005,2026-05-14T09:40:05-03:00,2026-05-14T12:40:05+00:00,betano,basketball,NBA,props_nba_20260514_094005.csv,Portland Fire F New York Liberty F,portland fire f new york liberty f,Sarah Ashlee Barker,sarah ashlee barker,Puntos (hitos),10+,0.0,3.55,player_points_hito,PTS,over,10,9.5,Sarah Ashlee Barker 10+ PTS,1,
84ae38077279e497f4c7944711868df3ab5d5a38,20260514_094005,2026-05-14T09:40:05-03:00,2026-05-14T12:40:05+00:00,betano,basketball,NBA,props_nba_20260514_094005.csv,Portland Fire F New York Liberty F,portland fire f new york liberty f,Sarah Ashlee Barker,sarah ashlee barker,Puntos (hitos),11+,0.0,4.55,player_points_hito,PTS,over,11,10.5,Sarah Ashlee Barker 11+ PTS,1,
b768a993f30051bf5b2e17041984ed450472a484,20260514_094005,2026-05-14T09:40:05-03:00,2026-05-14T12:40:05+00:00,betano,basketball,NBA,props_nba_20260514_094005.csv,Portland Fire F New York Liberty F,portland fire f new york liberty f,Sarah Ashlee Barker,sarah ashlee barker,Puntos (hitos),12+,0.0,5.8,player_points_hito,PTS,over,12,11.5,Sarah Ashlee Barker 12+ PTS,1,
04f3e468ddd264b8e857deb20f790fc85e801975,20260514_094005,2026-05-14T09:40:05-03:00,2026-05-14T12:40:05+00:00,betano,basketball,NBA,props_nba_20260514_094005.csv,Portland Fire F New York Liberty F,portland fire f new york liberty f,Sarah Ashlee Barker,sarah ashlee barker,Puntos (hitos),13+,0.0,7.4,player_points_hito,PTS,over,13,12.5,Sarah Ashlee Barker 13+ PTS,1,
85a2ad427e1751f5fca204a32019e371dcb97d23,20260514_094005,2026-05-14T09:40:05-03:00,2026-05-14T12:40:05+00:00,betano,basketball,NBA,props_nba_20260514_094005.csv,Portland Fire F New York Liberty F,portland fire f new york liberty f,Pauline Astier,pauline astier,Asistencias (hitos),5+,0.0,1.52,player_assists_hito,AST,over,5,4.5,Pauline Astier 5+ AST,1,
e7740c22316505b3d453111426e5085abc549452,20260514_094005,2026-05-14T09:40:05-03:00,2026-05-14T12:40:05+00:00,betano,basketball,NBA,props_nba_20260514_094005.csv,Portland Fire F New York Liberty F,portland fire f new york liberty f,Pauline Astier,pauline astier,Asistencias (hitos),6+,0.0,2.1,player_assists_hito,AST,over,6,5.5,Pauline Astier 6+ AST,1,
0f778220c192417f5400114b6690ea2b0572b57f,20260514_094005,2026-05-14T09:40:05-03:00,2026-05-14T12:40:05+00:00,betano,basketball,NBA,props_nba_20260514_094005.csv,Portland Fire F New York Liberty F,portland fire f new york liberty f,Pauline Astier,pauline astier,Asistencias (hitos),7+,0.0,3.2,player_assists_hito,AST,over,7,6.5,Pauline Astier 7+ AST,1,
eab36dc7ba98330b33118eed2482f3e26d92ec41,20260514_094005,2026-05-14T09:40:05-03:00,2026-05-14T12:40:05+00:00,betano,basketball,NBA,props_nba_20260514_094005.csv,Portland Fire F New York Liberty F,portland fire f new york liberty f,Pauline Astier,pauline astier,Asistencias (hitos),8+,0.0,5.1,player_assists_hito,AST,over,8,7.5,Pauline Astier 8+ AST,1,
00803f7c0cf3d9bbee9f737a401bb6f0ad70ca9f,20260514_094005,2026-05-14T09:40:05-03:00,2026-05-14T12:40:05+00:00,betano,basketball,NBA,props_nba_20260514_094005.csv,Portland Fire F New York Liberty F,portland fire f new york liberty f,Pauline Astier,pauline astier,Asistencias (hitos),9+,0.0,8,player_assists_hito,AST,over,9,8.5,Pauline Astier 9+ AST,1,
0db0ab6ab81404226c6d4df9f6ce60f277348296,20260514_094005,2026-05-14T09:40:05-03:00,2026-05-14T12:40:05+00:00,betano,basketball,NBA,props_nba_20260514_094005.csv,Portland Fire F New York Liberty F,portland fire f new york liberty f,Pauline Astier,pauline astier,Asistencias (hitos),10+,0.0,12,player_assists_hito,AST,over,10,9.5,Pauline Astier 10+ AST,1,
4dfb081c2f3c899261c197b53e3cb736074f0c4d,20260514_094005,2026-05-14T09:40:05-03:00,2026-05-14T12:40:05+00:00,betano,basketball,NBA,props_nba_20260514_094005.csv,Portland Fire F New York Liberty F,portland fire f new york liberty f,Carla Leite,carla leite,Asistencias (hitos),3+,0.0,1.15,player_assists_hito,AST,over,3,2.5,Carla Leite 3+ AST,1,
ff1231aea305d87c2c63a5de71131b24ac6f20bc,20260514_094005,2026-05-14T09:40:05-03:00,2026-05-14T12:40:05+00:00,betano,basketball,NBA,props_nba_20260514_094005.csv,Portland Fire F New York Liberty F,portland fire f new york liberty f,Carla Leite,carla leite,Asistencias (hitos),4+,0.0,1.5,player_assists_hito,AST,over,4,3.5,Carla Leite 4+ AST,1,
aa130413dd44e78b73263a937328bd1d0b8acfe6,20260514_094005,2026-05-14T09:40:05-03:00,2026-05-14T12:40:05+00:00,betano,basketball,NBA,props_nba_20260514_094005.csv,Portland Fire F New York Liberty F,portland fire f new york liberty f,Carla Leite,carla leite,Asistencias (hitos),5+,0.0,2.15,player_assists_hito,AST,over,5,4.5,Carla Leite 5+ AST,1,
e13ad59ad009203ce6bdc357d1e2ee1a89209e8e,20260514_094005,2026-05-14T09:40:05-03:00,2026-05-14T12:40:05+00:00,betano,basketball,NBA,props_nba_20260514_094005.csv,Portland Fire F New York Liberty F,portland fire f new york liberty f,Carla Leite,carla leite,Asistencias (hitos),6+,0.0,3.3,player_assists_hito,AST,over,6,5.5,Carla Leite 6+ AST,1,
d81a6d9ff01ec160d676f9726e4fa8f697ad4a3c,20260514_094005,2026-05-14T09:40:05-03:00,2026-05-14T12:40:05+00:00,betano,basketball,NBA,props_nba_20260514_094005.csv,Portland Fire F New York Liberty F,portland fire f new york liberty f,Carla Leite,carla leite,Asistencias (hitos),7+,0.0,5.1,player_assists_hito,AST,over,7,6.5,Carla Leite 7+ AST,1,
07238d2ee14bd3b4734cff71ab5591e0fb033025,20260514_094005,2026-05-14T09:40:05-03:00,2026-05-14T12:40:05+00:00,betano,basketball,NBA,props_nba_20260514_094005.csv,Portland Fire F New York Liberty F,portland fire f new york liberty f,Carla Leite,carla leite,Asistencias (hitos),8+,0.0,7.4,player_assists_hito,AST,over,8,7.5,Carla Leite 8+ AST,1,
f1f803634471a135909fa42138dd1f2a299aa6d7,20260514_094005,2026-05-14T09:40:05-03:00,2026-05-14T12:40:05+00:00,betano,basketball,NBA,props_nba_20260514_094005.csv,Portland Fire F New York Liberty F,portland fire f new york liberty f,Breanna Stewart,breanna stewart,Asistencias (hitos),3+,0.0,1.25,player_assists_hito,AST,over,3,2.5,Breanna Stewart 3+ AST,1,
934ea92d2adfc24982bd1771b7046b9afe3c476f,20260514_094005,2026-05-14T09:40:05-03:00,2026-05-14T12:40:05+00:00,betano,basketball,NBA,props_nba_20260514_094005.csv,Portland Fire F New York Liberty F,portland fire f new york liberty f,Breanna Stewart,breanna stewart,Asistencias (hitos),4+,0.0,1.7,player_assists_hito,AST,over,4,3.5,Breanna Stewart 4+ AST,1,
874d520837d44ed0d26065425d600b9b9afcaeb3,20260514_094005,2026-05-14T09:40:05-03:00,2026-05-14T12:40:05+00:00,betano,basketball,NBA,props_nba_20260514_094005.csv,Portland Fire F New York Liberty F,portland fire f new york liberty f,Breanna Stewart,breanna stewart,Asistencias (hitos),5+,0.0,2.55,player_assists_hito,AST,over,5,4.5,Breanna Stewart 5+ AST,1,
d18fc6338e93dda82aecbf38174548d166dda98b,20260514_094005,2026-05-14T09:40:05-03:00,2026-05-14T12:40:05+00:00,betano,basketball,NBA,props_nba_20260514_094005.csv,Portland Fire F New York Liberty F,portland fire f new york liberty f,Breanna Stewart,breanna stewart,Asistencias (hitos),6+,0.0,4.15,player_assists_hito,AST,over,6,5.5,Breanna Stewart 6+ AST,1,
97e7faf7b0c4626ad0eeee86ffa441b4db6eb823,20260514_094005,2026-05-14T09:40:05-03:00,2026-05-14T12:40:05+00:00,betano,basketball,NBA,props_nba_20260514_094005.csv,Portland Fire F New York Liberty F,portland fire f new york liberty f,Breanna Stewart,breanna stewart,Asistencias (hitos),7+,0.0,7,player_assists_hito,AST,over,7,6.5,Breanna Stewart 7+ AST,1,
97b38ececda7dfd48fddc2fcaccd8501f1ba1774,20260514_094005,2026-05-14T09:40:05-03:00,2026-05-14T12:40:05+00:00,betano,basketball,NBA,props_nba_20260514_094005.csv,Portland Fire F New York Liberty F,portland fire f new york liberty f,Breanna Stewart,breanna stewart,Asistencias (hitos),8+,0.0,11,player_assists_hito,AST,over,8,7.5,Breanna Stewart 8+ AST,1,
98273caf304ebad00c686d7be3c94a82e406a11d,20260514_094005,2026-05-14T09:40:05-03:00,2026-05-14T12:40:05+00:00,betano,basketball,NBA,props_nba_20260514_094005.csv,Portland Fire F New York Liberty F,portland fire f new york liberty f,Marine Johannès,marine johannes,Asistencias (hitos),2+,0.0,1.19,player_assists_hito,AST,over,2,1.5,Marine Johannès 2+ AST,1,
e642a3d7fc0f1b2739d498b9d1e9188bf4f081e1,20260514_094005,2026-05-14T09:40:05-03:00,2026-05-14T12:40:05+00:00,betano,basketball,NBA,props_nba_20260514_094005.csv,Portland Fire F New York Liberty F,portland fire f new york liberty f,Marine Johannès,marine johannes,Asistencias (hitos),3+,0.0,1.65,player_assists_hito,AST,over,3,2.5,Marine Johannès 3+ AST,1,
bf36a37fddc07c09c9cbc16f6949ba3638ac4966,20260514_094005,2026-05-14T09:40:05-03:00,2026-05-14T12:40:05+00:00,betano,basketball,NBA,props_nba_20260514_094005.csv,Portland Fire F New York Liberty F,portland fire f new york liberty f,Marine Johannès,marine johannes,Asistencias (hitos),4+,0.0,2.65,player_assists_hito,AST,over,4,3.5,Marine Johannès 4+ AST,1,
361b68786e5f54126a4e743818a3996fd572f4b5,20260514_094005,2026-05-14T09:40:05-03:00,2026-05-14T12:40:05+00:00,betano,basketball,NBA,props_nba_20260514_094005.csv,Portland Fire F New York Liberty F,portland fire f new york liberty f,Marine Johannès,marine johannes,Asistencias (hitos),5+,0.0,4.65,player_assists_hito,AST,over,5,4.5,Marine Johannès 5+ AST,1,
9f50d3ad217a76b9478f8d1d4b8ffec7068af8b1,20260514_094005,2026-05-14T09:40:05-03:00,2026-05-14T12:40:05+00:00,betano,basketball,NBA,props_nba_20260514_094005.csv,Portland Fire F New York Liberty F,portland fire f new york liberty f,Betnijah Laney-Hamilton,betnijah laney hamilton,Asistencias (hitos),2+,0.0,1.26,player_assists_hito,AST,over,2,1.5,Betnijah Laney-Hamilton 2+ AST,1,
09c21fa576f478480c71b0a16375aaf39f76218e,20260514_094005,2026-05-14T09:40:05-03:00,2026-05-14T12:40:05+00:00,betano,basketball,NBA,props_nba_20260514_094005.csv,Portland Fire F New York Liberty F,portland fire f new york liberty f,Betnijah Laney-Hamilton,betnijah laney hamilton,Asistencias (hitos),3+,0.0,1.83,player_assists_hito,AST,over,3,2.5,Betnijah Laney-Hamilton 3+ AST,1,
f1ca100c085c6308f22271e1b537ecc44bb52698,20260514_094005,2026-05-14T09:40:05-03:00,2026-05-14T12:40:05+00:00,betano,basketball,NBA,props_nba_20260514_094005.csv,Portland Fire F New York Liberty F,portland fire f new york liberty f,Betnijah Laney-Hamilton,betnijah laney hamilton,Asistencias (hitos),4+,0.0,3.15,player_assists_hito,AST,over,4,3.5,Betnijah Laney-Hamilton 4+ AST,1,
4aaba7dc92192555614e9ba899c7226832a34a77,20260514_094005,2026-05-14T09:40:05-03:00,2026-05-14T12:40:05+00:00,betano,basketball,NBA,props_nba_20260514_094005.csv,Portland Fire F New York Liberty F,portland fire f new york liberty f,Betnijah Laney-Hamilton,betnijah laney hamilton,Asistencias (hitos),5+,0.0,5.7,player_assists_hito,AST,over,5,4.5,Betnijah Laney-Hamilton 5+ AST,1,
a2a0cb8e7623af3b24ca24377e9972c23296cd21,20260514_094005,2026-05-14T09:40:05-03:00,2026-05-14T12:40:05+00:00,betano,basketball,NBA,props_nba_20260514_094005.csv,Portland Fire F New York Liberty F,portland fire f new york liberty f,Emily Engstler,emily engstler,Asistencias (hitos),2+,0.0,1.35,player_assists_hito,AST,over,2,1.5,Emily Engstler 2+ AST,1,
993e3ce93db59920717fac4f0830ab1572078377,20260514_094005,2026-05-14T09:40:05-03:00,2026-05-14T12:40:05+00:00,betano,basketball,NBA,props_nba_20260514_094005.csv,Portland Fire F New York Liberty F,portland fire f new york liberty f,Emily Engstler,emily engstler,Asistencias (hitos),3+,0.0,2.12,player_assists_hito,AST,over,3,2.5,Emily Engstler 3+ AST,1,
11b7a45da5057c8b07f61e2b3d446c05898081c4,20260514_094005,2026-05-14T09:40:05-03:00,2026-05-14T12:40:05+00:00,betano,basketball,NBA,props_nba_20260514_094005.csv,Portland Fire F New York Liberty F,portland fire f new york liberty f,Emily Engstler,emily engstler,Asistencias (hitos),4+,0.0,3.85,player_assists_hito,AST,over,4,3.5,Emily Engstler 4+ AST,1,
87aea383f4383bd189976eddf5576f43b23b92d5,20260514_094005,2026-05-14T09:40:05-03:00,2026-05-14T12:40:05+00:00,betano,basketball,NBA,props_nba_20260514_094005.csv,Portland Fire F New York Liberty F,portland fire f new york liberty f,Emily Engstler,emily engstler,Asistencias (hitos),5+,0.0,7.4,player_assists_hito,AST,over,5,4.5,Emily Engstler 5+ AST,1,
1059b6842b9118230bf0c026aa29dee57225d7b7,20260514_094005,2026-05-14T09:40:05-03:00,2026-05-14T12:40:05+00:00,betano,basketball,NBA,props_nba_20260514_094005.csv,Portland Fire F New York Liberty F,portland fire f new york liberty f,Bridget Carleton,bridget carleton,Asistencias (hitos),2+,0.0,1.36,player_assists_hito,AST,over,2,1.5,Bridget Carleton 2+ AST,1,
597d7450cb6c822eea088d932c8ac8163a907ca7,20260514_094005,2026-05-14T09:40:05-03:00,2026-05-14T12:40:05+00:00,betano,basketball,NBA,props_nba_20260514_094005.csv,Portland Fire F New York Liberty F,portland fire f new york liberty f,Bridget Carleton,bridget carleton,Asistencias (hitos),3+,0.0,2.18,player_assists_hito,AST,over,3,2.5,Bridget Carleton 3+ AST,1,
b47912fb7524438e3bc451314bdc223d426ae113,20260514_094005,2026-05-14T09:40:05-03:00,2026-05-14T12:40:05+00:00,betano,basketball,NBA,props_nba_20260514_094005.csv,Portland Fire F New York Liberty F,portland fire f new york liberty f,Bridget Carleton,bridget carleton,Asistencias (hitos),4+,0.0,3.9,player_assists_hito,AST,over,4,3.5,Bridget Carleton 4+ AST,1,
e1e048fd0ae1c94904912f5703331d5378248619,20260514_094005,2026-05-14T09:40:05-03:00,2026-05-14T12:40:05+00:00,betano,basketball,NBA,props_nba_20260514_094005.csv,Portland Fire F New York Liberty F,portland fire f new york liberty f,Bridget Carleton,bridget carleton,Asistencias (hitos),5+,0.0,7.5,player_assists_hito,AST,over,5,4.5,Bridget Carleton 5+ AST,1,
1376057de80317e594cb64aa915c5a3510c5dca9,20260514_094005,2026-05-14T09:40:05-03:00,2026-05-14T12:40:05+00:00,betano,basketball,NBA,props_nba_20260514_094005.csv,Portland Fire F New York Liberty F,portland fire f new york liberty f,Luisa Geiselsoder,luisa geiselsoder,Asistencias (hitos),1+,0.0,1.12,player_assists_hito,AST,over,1,0.5,Luisa Geiselsoder 1+ AST,1,
2f4ea7218e1e78a2458aaee19a2a59e936be4f20,20260514_094005,2026-05-14T09:40:05-03:00,2026-05-14T12:40:05+00:00,betano,basketball,NBA,props_nba_20260514_094005.csv,Portland Fire F New York Liberty F,portland fire f new york liberty f,Luisa Geiselsoder,luisa geiselsoder,Asistencias (hitos),2+,0.0,1.7,player_assists_hito,AST,over,2,1.5,Luisa Geiselsoder 2+ AST,1,
41e487673d857456c26a8ba8f4047debb99fbf58,20260514_094005,2026-05-14T09:40:05-03:00,2026-05-14T12:40:05+00:00,betano,basketball,NBA,props_nba_20260514_094005.csv,Portland Fire F New York Liberty F,portland fire f new york liberty f,Luisa Geiselsoder,luisa geiselsoder,Asistencias (hitos),3+,0.0,3.15,player_assists_hito,AST,over,3,2.5,Luisa Geiselsoder 3+ AST,1,
d446f1c58b891b764ed0bcf56b012f480b2e01d0,20260514_094005,2026-05-14T09:40:05-03:00,2026-05-14T12:40:05+00:00,betano,basketball,NBA,props_nba_20260514_094005.csv,Portland Fire F New York Liberty F,portland fire f new york liberty f,Luisa Geiselsoder,luisa geiselsoder,Asistencias (hitos),4+,0.0,6.4,player_assists_hito,AST,over,4,3.5,Luisa Geiselsoder 4+ AST,1,
d81b800bc9363595588428c622b43c5ad4383e9f,20260514_094005,2026-05-14T09:40:05-03:00,2026-05-14T12:40:05+00:00,betano,basketball,NBA,props_nba_20260514_094005.csv,Portland Fire F New York Liberty F,portland fire f new york liberty f,Sarah Ashlee Barker,sarah ashlee barker,Asistencias (hitos),1+,0.0,1.18,player_assists_hito,AST,over,1,0.5,Sarah Ashlee Barker 1+ AST,1,
9ecb00265bf15d6ba53acc1a3e395876025b05e9,20260514_094005,2026-05-14T09:40:05-03:00,2026-05-14T12:40:05+00:00,betano,basketball,NBA,props_nba_20260514_094005.csv,Portland Fire F New York Liberty F,portland fire f new york liberty f,Sarah Ashlee Barker,sarah ashlee barker,Asistencias (hitos),2+,0.0,1.93,player_assists_hito,AST,over,2,1.5,Sarah Ashlee Barker 2+ AST,1,
cd44c73b6c32604af40dc2409b39fe3d6d4b772c,20260514_094005,2026-05-14T09:40:05-03:00,2026-05-14T12:40:05+00:00,betano,basketball,NBA,props_nba_20260514_094005.csv,Portland Fire F New York Liberty F,portland fire f new york liberty f,Sarah Ashlee Barker,sarah ashlee barker,Asistencias (hitos),3+,0.0,3.9,player_assists_hito,AST,over,3,2.5,Sarah Ashlee Barker 3+ AST,1,
871743870c432f1ce295a29558b85809297d32f5,20260514_094005,2026-05-14T09:40:05-03:00,2026-05-14T12:40:05+00:00,betano,basketball,NBA,props_nba_20260514_094005.csv,Portland Fire F New York Liberty F,portland fire f new york liberty f,Sarah Ashlee Barker,sarah ashlee barker,Asistencias (hitos),4+,0.0,8.25,player_assists_hito,AST,over,4,3.5,Sarah Ashlee Barker 4+ AST,1,
e57da12239a095a89ea4c89f6e000c88d1265072,20260514_094005,2026-05-14T09:40:05-03:00,2026-05-14T12:40:05+00:00,betano,basketball,NBA,props_nba_20260514_094005.csv,Portland Fire F New York Liberty F,portland fire f new york liberty f,Luisa Geiselsoder,luisa geiselsoder,Rebotes (hitos),4+,0.0,1.16,player_rebounds_hito,REB,over,4,3.5,Luisa Geiselsoder 4+ REB,1,
26b020968f6bcca5b2ecddbfe62d72264ce04e47,20260514_094005,2026-05-14T09:40:05-03:00,2026-05-14T12:40:05+00:00,betano,basketball,NBA,props_nba_20260514_094005.csv,Portland Fire F New York Liberty F,portland fire f new york liberty f,Luisa Geiselsoder,luisa geiselsoder,Rebotes (hitos),5+,0.0,1.47,player_rebounds_hito,REB,over,5,4.5,Luisa Geiselsoder 5+ REB,1,
12e50f170d5291d32fb9988c5c7337e5054fca5d,20260514_094005,2026-05-14T09:40:05-03:00,2026-05-14T12:40:05+00:00,betano,basketball,NBA,props_nba_20260514_094005.csv,Portland Fire F New York Liberty F,portland fire f new york liberty f,Luisa Geiselsoder,luisa geiselsoder,Rebotes (hitos),6+,0.0,2,player_rebounds_hito,REB,over,6,5.5,Luisa Geiselsoder 6+ REB,1,
9d9bfb97d6e224979913b5263c7163e2c8f7da38,20260514_094005,2026-05-14T09:40:05-03:00,2026-05-14T12:40:05+00:00,betano,basketball,NBA,props_nba_20260514_094005.csv,Portland Fire F New York Liberty F,portland fire f new york liberty f,Luisa Geiselsoder,luisa geiselsoder,Rebotes (hitos),7+,0.0,2.82,player_rebounds_hito,REB,over,7,6.5,Luisa Geiselsoder 7+ REB,1,
970c8a10905c3cfdeded8c1784d3ec8f7941dbd3,20260514_094005,2026-05-14T09:40:05-03:00,2026-05-14T12:40:05+00:00,betano,basketball,NBA,props_nba_20260514_094005.csv,Portland Fire F New York Liberty F,portland fire f new york liberty f,Luisa Geiselsoder,luisa geiselsoder,Rebotes (hitos),8+,0.0,3.9,player_rebounds_hito,REB,over,8,7.5,Luisa Geiselsoder 8+ REB,1,
942ea1fe90f2b1c697bd7caa7d375beb084dab58,20260514_094005,2026-05-14T09:40:05-03:00,2026-05-14T12:40:05+00:00,betano,basketball,NBA,props_nba_20260514_094005.csv,Portland Fire F New York Liberty F,portland fire f new york liberty f,Luisa Geiselsoder,luisa geiselsoder,Rebotes (hitos),9+,0.0,5.1,player_rebounds_hito,REB,over,9,8.5,Luisa Geiselsoder 9+ REB,1,
c4f1c71cb0c0a3faf90aa99c83edd6c0c1626d74,20260514_094005,2026-05-14T09:40:05-03:00,2026-05-14T12:40:05+00:00,betano,basketball,NBA,props_nba_20260514_094005.csv,Portland Fire F New York Liberty F,portland fire f new york liberty f,Emily Engstler,emily engstler,Rebotes (hitos),4+,0.0,1.24,player_rebounds_hito,REB,over,4,3.5,Emily Engstler 4+ REB,1,
497e65f7a00c86eba23af5ac66e604fd4f1dbce3,20260514_094005,2026-05-14T09:40:05-03:00,2026-05-14T12:40:05+00:00,betano,basketball,NBA,props_nba_20260514_094005.csv,Portland Fire F New York Liberty F,portland fire f new york liberty f,Emily Engstler,emily engstler,Rebotes (hitos),5+,0.0,1.6,player_rebounds_hito,REB,over,5,4.5,Emily Engstler 5+ REB,1,
a7cf888445435b39f08aadf7222f80f440e08b11,20260514_094005,2026-05-14T09:40:05-03:00,2026-05-14T12:40:05+00:00,betano,basketball,NBA,props_nba_20260514_094005.csv,Portland Fire F New York Liberty F,portland fire f new york liberty f,Emily Engstler,emily engstler,Rebotes (hitos),6+,0.0,2.22,player_rebounds_hito,REB,over,6,5.5,Emily Engstler 6+ REB,1,
a33910411fa11507dcc02e86b384180bd98a204d,20260514_094005,2026-05-14T09:40:05-03:00,2026-05-14T12:40:05+00:00,betano,basketball,NBA,props_nba_20260514_094005.csv,Portland Fire F New York Liberty F,portland fire f new york liberty f,Emily Engstler,emily engstler,Rebotes (hitos),7+,0.0,3.35,player_rebounds_hito,REB,over,7,6.5,Emily Engstler 7+ REB,1,
6c53849b24f51b078f0bb17c00818daddc4b609f,20260514_094005,2026-05-14T09:40:05-03:00,2026-05-14T12:40:05+00:00,betano,basketball,NBA,props_nba_20260514_094005.csv,Portland Fire F New York Liberty F,portland fire f new york liberty f,Emily Engstler,emily engstler,Rebotes (hitos),8+,0.0,5.2,player_rebounds_hito,REB,over,8,7.5,Emily Engstler 8+ REB,1,
3f36a98438113a09e34e66ebd6424f6241618eda,20260514_094005,2026-05-14T09:40:05-03:00,2026-05-14T12:40:05+00:00,betano,basketball,NBA,props_nba_20260514_094005.csv,Portland Fire F New York Liberty F,portland fire f new york liberty f,Emily Engstler,emily engstler,Rebotes (hitos),9+,0.0,8.25,player_rebounds_hito,REB,over,9,8.5,Emily Engstler 9+ REB,1,
fe464217874f189c5778f87433ac319d70b7b18b,20260514_094005,2026-05-14T09:40:05-03:00,2026-05-14T12:40:05+00:00,betano,basketball,NBA,props_nba_20260514_094005.csv,Portland Fire F New York Liberty F,portland fire f new york liberty f,Pauline Astier,pauline astier,Rebotes (hitos),3+,0.0,1.2,player_rebounds_hito,REB,over,3,2.5,Pauline Astier 3+ REB,1,
7a67d2f997ba5d9d1772ca5901f1ca40558156cc,20260514_094005,2026-05-14T09:40:05-03:00,2026-05-14T12:40:05+00:00,betano,basketball,NBA,props_nba_20260514_094005.csv,Portland Fire F New York Liberty F,portland fire f new york liberty f,Pauline Astier,pauline astier,Rebotes (hitos),4+,0.0,1.57,player_rebounds_hito,REB,over,4,3.5,Pauline Astier 4+ REB,1,
5042bc5be89c8e7b25f3d54d4cb9664e8f426440,20260514_094005,2026-05-14T09:40:05-03:00,2026-05-14T12:40:05+00:00,betano,basketball,NBA,props_nba_20260514_094005.csv,Portland Fire F New York Liberty F,portland fire f new york liberty f,Pauline Astier,pauline astier,Rebotes (hitos),5+,0.0,2.3,player_rebounds_hito,REB,over,5,4.5,Pauline Astier 5+ REB,1,
0dec2f1729092a6a67b290c48bf448abf28ebd12,20260514_094005,2026-05-14T09:40:05-03:00,2026-05-14T12:40:05+00:00,betano,basketball,NBA,props_nba_20260514_094005.csv,Portland Fire F New York Liberty F,portland fire f new york liberty f,Pauline Astier,pauline astier,Rebotes (hitos),6+,0.0,3.6,player_rebounds_hito,REB,over,6,5.5,Pauline Astier 6+ REB,1,
468553319015907b210529f19274748566ec0703,20260514_094005,2026-05-14T09:40:05-03:00,2026-05-14T12:40:05+00:00,betano,basketball,NBA,props_nba_20260514_094005.csv,Portland Fire F New York Liberty F,portland fire f new york liberty f,Pauline Astier,pauline astier,Rebotes (hitos),7+,0.0,6,player_rebounds_hito,REB,over,7,6.5,Pauline Astier 7+ REB,1,
dcb637844a7c761625e5cea6068a1416a25b7d34,20260514_094005,2026-05-14T09:40:05-03:00,2026-05-14T12:40:05+00:00,betano,basketball,NBA,props_nba_20260514_094005.csv,Portland Fire F New York Liberty F,portland fire f new york liberty f,Pauline Astier,pauline astier,Rebotes (hitos),8+,0.0,9.5,player_rebounds_hito,REB,over,8,7.5,Pauline Astier 8+ REB,1,
a3e69661e294313d6065fdc6b720675df5e89636,20260514_094005,2026-05-14T09:40:05-03:00,2026-05-14T12:40:05+00:00,betano,basketball,NBA,props_nba_20260514_094005.csv,Portland Fire F New York Liberty F,portland fire f new york liberty f,Betnijah Laney-Hamilton,betnijah laney hamilton,Rebotes (hitos),3+,0.0,1.35,player_rebounds_hito,REB,over,3,2.5,Betnijah Laney-Hamilton 3+ REB,1,
5c510969f928b37460927c91e2ce36b4580ab289,20260514_094005,2026-05-14T09:40:05-03:00,2026-05-14T12:40:05+00:00,betano,basketball,NBA,props_nba_20260514_094005.csv,Portland Fire F New York Liberty F,portland fire f new york liberty f,Betnijah Laney-Hamilton,betnijah laney hamilton,Rebotes (hitos),4+,0.0,1.91,player_rebounds_hito,REB,over,4,3.5,Betnijah Laney-Hamilton 4+ REB,1,
cb2eeaff47cb4a1c7716cf9e6794572845a3b23b,20260514_094005,2026-05-14T09:40:05-03:00,2026-05-14T12:40:05+00:00,betano,basketball,NBA,props_nba_20260514_094005.csv,Portland Fire F New York Liberty F,portland fire f new york liberty f,Betnijah Laney-Hamilton,betnijah laney hamilton,Rebotes (hitos),5+,0.0,3.05,player_rebounds_hito,REB,over,5,4.5,Betnijah Laney-Hamilton 5+ REB,1,
b8134aee3a52d7faf7236208262397d59793f0d6,20260514_094005,2026-05-14T09:40:05-03:00,2026-05-14T12:40:05+00:00,betano,basketball,NBA,props_nba_20260514_094005.csv,Portland Fire F New York Liberty F,portland fire f new york liberty f,Betnijah Laney-Hamilton,betnijah laney hamilton,Rebotes (hitos),6+,0.0,5.3,player_rebounds_hito,REB,over,6,5.5,Betnijah Laney-Hamilton 6+ REB,1,
16e4e8e230dc264ab0ea7c050e5a7393808f27b5,20260514_094005,2026-05-14T09:40:05-03:00,2026-05-14T12:40:05+00:00,betano,basketball,NBA,props_nba_20260514_094005.csv,Portland Fire F New York Liberty F,portland fire f new york liberty f,Betnijah Laney-Hamilton,betnijah laney hamilton,Rebotes (hitos),7+,0.0,9,player_rebounds_hito,REB,over,7,6.5,Betnijah Laney-Hamilton 7+ REB,1,
40f19ea240523ea56a68a8e967debc3ec1469ef9,20260514_094005,2026-05-14T09:40:05-03:00,2026-05-14T12:40:05+00:00,betano,basketball,NBA,props_nba_20260514_094005.csv,Portland Fire F New York Liberty F,portland fire f new york liberty f,Betnijah Laney-Hamilton,betnijah laney hamilton,Rebotes (hitos),8+,0.0,13.5,player_rebounds_hito,REB,over,8,7.5,Betnijah Laney-Hamilton 8+ REB,1,
e342e9a8bacd41355494164c09d5f1c507d99057,20260514_094005,2026-05-14T09:40:05-03:00,2026-05-14T12:40:05+00:00,betano,basketball,NBA,props_nba_20260514_094005.csv,Portland Fire F New York Liberty F,portland fire f new york liberty f,Bridget Carleton,bridget carleton,Rebotes (hitos),3+,0.0,1.35,player_rebounds_hito,REB,over,3,2.5,Bridget Carleton 3+ REB,1,
11537856df7cec97cae4a7ba7c6ce9637838d416,20260514_094005,2026-05-14T09:40:05-03:00,2026-05-14T12:40:05+00:00,betano,basketball,NBA,props_nba_20260514_094005.csv,Portland Fire F New York Liberty F,portland fire f new york liberty f,Bridget Carleton,bridget carleton,Rebotes (hitos),4+,0.0,1.91,player_rebounds_hito,REB,over,4,3.5,Bridget Carleton 4+ REB,1,
8b82db035e3b7308c9cb58fa286c9e3682201332,20260514_094005,2026-05-14T09:40:05-03:00,2026-05-14T12:40:05+00:00,betano,basketball,NBA,props_nba_20260514_094005.csv,Portland Fire F New York Liberty F,portland fire f new york liberty f,Bridget Carleton,bridget carleton,Rebotes (hitos),5+,0.0,3.05,player_rebounds_hito,REB,over,5,4.5,Bridget Carleton 5+ REB,1,
9094cefeb893784f8f2426a1e11a15ef17320f10,20260514_094005,2026-05-14T09:40:05-03:00,2026-05-14T12:40:05+00:00,betano,basketball,NBA,props_nba_20260514_094005.csv,Portland Fire F New York Liberty F,portland fire f new york liberty f,Bridget Carleton,bridget carleton,Rebotes (hitos),6+,0.0,5.2,player_rebounds_hito,REB,over,6,5.5,Bridget Carleton 6+ REB,1,
d70bf4750d44b14c11a396c547bf06ab6374cae9,20260514_094005,2026-05-14T09:40:05-03:00,2026-05-14T12:40:05+00:00,betano,basketball,NBA,props_nba_20260514_094005.csv,Portland Fire F New York Liberty F,portland fire f new york liberty f,Bridget Carleton,bridget carleton,Rebotes (hitos),7+,0.0,8.75,player_rebounds_hito,REB,over,7,6.5,Bridget Carleton 7+ REB,1,
9ae98ccfa0a90628e627962fc211951c6f7a7f6c,20260514_094005,2026-05-14T09:40:05-03:00,2026-05-14T12:40:05+00:00,betano,basketball,NBA,props_nba_20260514_094005.csv,Portland Fire F New York Liberty F,portland fire f new york liberty f,Bridget Carleton,bridget carleton,Rebotes (hitos),8+,0.0,13.5,player_rebounds_hito,REB,over,8,7.5,Bridget Carleton 8+ REB,1,
6d762a15096bc73bf142a3ef5d3041ac4f9940b9,20260514_094005,2026-05-14T09:40:05-03:00,2026-05-14T12:40:05+00:00,betano,basketball,NBA,props_nba_20260514_094005.csv,Portland Fire F New York Liberty F,portland fire f new york liberty f,Marine Johannès,marine johannes,Rebotes (hitos),2+,0.0,1.18,player_rebounds_hito,REB,over,2,1.5,Marine Johannès 2+ REB,1,
8c9e53b0b9b92f7a35a569fbe15c3919cbfc842d,20260514_094005,2026-05-14T09:40:05-03:00,2026-05-14T12:40:05+00:00,betano,basketball,NBA,props_nba_20260514_094005.csv,Portland Fire F New York Liberty F,portland fire f new york liberty f,Marine Johannès,marine johannes,Rebotes (hitos),3+,0.0,1.62,player_rebounds_hito,REB,over,3,2.5,Marine Johannès 3+ REB,1,
7c811be87853b15e1d709ea3e4d00b95c9ec76f2,20260514_094005,2026-05-14T09:40:05-03:00,2026-05-14T12:40:05+00:00,betano,basketball,NBA,props_nba_20260514_094005.csv,Portland Fire F New York Liberty F,portland fire f new york liberty f,Marine Johannès,marine johannes,Rebotes (hitos),4+,0.0,2.57,player_rebounds_hito,REB,over,4,3.5,Marine Johannès 4+ REB,1,
fa2ce03f243e72874f8aa959c67e834807205da3,20260514_094005,2026-05-14T09:40:05-03:00,2026-05-14T12:40:05+00:00,betano,basketball,NBA,props_nba_20260514_094005.csv,Portland Fire F New York Liberty F,portland fire f new york liberty f,Marine Johannès,marine johannes,Rebotes (hitos),5+,0.0,4.5,player_rebounds_hito,REB,over,5,4.5,Marine Johannès 5+ REB,1,
3f4e8433ebf6a093ee672af7e5c42c8cec3f9058,20260514_094005,2026-05-14T09:40:05-03:00,2026-05-14T12:40:05+00:00,betano,basketball,NBA,props_nba_20260514_094005.csv,Portland Fire F New York Liberty F,portland fire f new york liberty f,Sarah Ashlee Barker,sarah ashlee barker,Rebotes (hitos),2+,0.0,1.34,player_rebounds_hito,REB,over,2,1.5,Sarah Ashlee Barker 2+ REB,1,
8250fbf61fb795d6eb7b38e8855c464d7c867af2,20260514_094005,2026-05-14T09:40:05-03:00,2026-05-14T12:40:05+00:00,betano,basketball,NBA,props_nba_20260514_094005.csv,Portland Fire F New York Liberty F,portland fire f new york liberty f,Sarah Ashlee Barker,sarah ashlee barker,Rebotes (hitos),3+,0.0,2.07,player_rebounds_hito,REB,over,3,2.5,Sarah Ashlee Barker 3+ REB,1,
bcc576c3adbd3deeb151f71cfce02b2ae210b242,20260514_094005,2026-05-14T09:40:05-03:00,2026-05-14T12:40:05+00:00,betano,basketball,NBA,props_nba_20260514_094005.csv,Portland Fire F New York Liberty F,portland fire f new york liberty f,Sarah Ashlee Barker,sarah ashlee barker,Rebotes (hitos),4+,0.0,3.7,player_rebounds_hito,REB,over,4,3.5,Sarah Ashlee Barker 4+ REB,1,
0ec4965615cae5b54d18296d71bc2a7ca82dc0dc,20260514_094005,2026-05-14T09:40:05-03:00,2026-05-14T12:40:05+00:00,betano,basketball,NBA,props_nba_20260514_094005.csv,Portland Fire F New York Liberty F,portland fire f new york liberty f,Sarah Ashlee Barker,sarah ashlee barker,Rebotes (hitos),5+,0.0,6.8,player_rebounds_hito,REB,over,5,4.5,Sarah Ashlee Barker 5+ REB,1,
64360eb2a0f4e16c3a31b1396d9879ea32821fc2,20260514_094005,2026-05-14T09:40:05-03:00,2026-05-14T12:40:05+00:00,betano,basketball,NBA,props_nba_20260514_094005.csv,Portland Fire F New York Liberty F,portland fire f new york liberty f,Carla Leite,carla leite,Rebotes (hitos),1+,0.0,1.09,player_rebounds_hito,REB,over,1,0.5,Carla Leite 1+ REB,1,
36c775266d50ed13c87a2c2cb1b817a8e02d4d0f,20260514_094005,2026-05-14T09:40:05-03:00,2026-05-14T12:40:05+00:00,betano,basketball,NBA,props_nba_20260514_094005.csv,Portland Fire F New York Liberty F,portland fire f new york liberty f,Carla Leite,carla leite,Rebotes (hitos),2+,0.0,1.55,player_rebounds_hito,REB,over,2,1.5,Carla Leite 2+ REB,1,
866faffe674d80d43ce519148d0dd3bfbfb6c42f,20260514_094005,2026-05-14T09:40:05-03:00,2026-05-14T12:40:05+00:00,betano,basketball,NBA,props_nba_20260514_094005.csv,Portland Fire F New York Liberty F,portland fire f new york liberty f,Carla Leite,carla leite,Rebotes (hitos),3+,0.0,2.72,player_rebounds_hito,REB,over,3,2.5,Carla Leite 3+ REB,1,
a0817441f2101ec5222d7c89da6b8f22561aa987,20260514_094005,2026-05-14T09:40:05-03:00,2026-05-14T12:40:05+00:00,betano,basketball,NBA,props_nba_20260514_094005.csv,Portland Fire F New York Liberty F,portland fire f new york liberty f,Carla Leite,carla leite,Rebotes (hitos),4+,0.0,5.4,player_rebounds_hito,REB,over,4,3.5,Carla Leite 4+ REB,1,
52759c6cba073a12fe7c01c26baf8107d3c6733c,20260514_094005,2026-05-14T09:40:05-03:00,2026-05-14T12:40:05+00:00,betano,basketball,NBA,props_nba_20260514_094005.csv,Portland Fire F New York Liberty F,portland fire f new york liberty f,Betnijah Laney-Hamilton,betnijah laney hamilton,Triples (hitos),1+,0.0,1.18,player_threes_hito,3PM,over,1,0.5,Betnijah Laney-Hamilton 1+ 3PM,1,
e6347b6765e1631190a275cbbb44a6f1a62ab2b7,20260514_094005,2026-05-14T09:40:05-03:00,2026-05-14T12:40:05+00:00,betano,basketball,NBA,props_nba_20260514_094005.csv,Portland Fire F New York Liberty F,portland fire f new york liberty f,Betnijah Laney-Hamilton,betnijah laney hamilton,Triples (hitos),2+,0.0,1.95,player_threes_hito,3PM,over,2,1.5,Betnijah Laney-Hamilton 2+ 3PM,1,
640e72ad51c769b34c668eb608a640eb8f6257d1,20260514_094005,2026-05-14T09:40:05-03:00,2026-05-14T12:40:05+00:00,betano,basketball,NBA,props_nba_20260514_094005.csv,Portland Fire F New York Liberty F,portland fire f new york liberty f,Betnijah Laney-Hamilton,betnijah laney hamilton,Triples (hitos),3+,0.0,4,player_threes_hito,3PM,over,3,2.5,Betnijah Laney-Hamilton 3+ 3PM,1,
de9b192f627d6a63c50ad02385f440429b933bf1,20260514_094005,2026-05-14T09:40:05-03:00,2026-05-14T12:40:05+00:00,betano,basketball,NBA,props_nba_20260514_094005.csv,Portland Fire F New York Liberty F,portland fire f new york liberty f,Betnijah Laney-Hamilton,betnijah laney hamilton,Triples (hitos),4+,0.0,8.75,player_threes_hito,3PM,over,4,3.5,Betnijah Laney-Hamilton 4+ 3PM,1,
29d60a4d93343ff0368a9b7d18ff159a45259573,20260514_094005,2026-05-14T09:40:05-03:00,2026-05-14T12:40:05+00:00,betano,basketball,NBA,props_nba_20260514_094005.csv,Portland Fire F New York Liberty F,portland fire f new york liberty f,Breanna Stewart,breanna stewart,Triples (hitos),1+,0.0,1.42,player_threes_hito,3PM,over,1,0.5,Breanna Stewart 1+ 3PM,1,
07a6e97bf2afe483c0a7236014f0843ba5304b3e,20260514_094005,2026-05-14T09:40:05-03:00,2026-05-14T12:40:05+00:00,betano,basketball,NBA,props_nba_20260514_094005.csv,Portland Fire F New York Liberty F,portland fire f new york liberty f,Breanna Stewart,breanna stewart,Triples (hitos),2+,0.0,3.05,player_threes_hito,3PM,over,2,1.5,Breanna Stewart 2+ 3PM,1,
e5682234039879300cbf3c81f609f1f42879b81d,20260514_094005,2026-05-14T09:40:05-03:00,2026-05-14T12:40:05+00:00,betano,basketball,NBA,props_nba_20260514_094005.csv,Portland Fire F New York Liberty F,portland fire f new york liberty f,Breanna Stewart,breanna stewart,Triples (hitos),3+,0.0,7.4,player_threes_hito,3PM,over,3,2.5,Breanna Stewart 3+ 3PM,1,
1c88893f88d51a3a248e21ab82a5aea139c1e67c,20260514_094005,2026-05-14T09:40:05-03:00,2026-05-14T12:40:05+00:00,betano,basketball,NBA,props_nba_20260514_094005.csv,Portland Fire F New York Liberty F,portland fire f new york liberty f,Breanna Stewart,breanna stewart,Triples (hitos),4+,0.0,14.5,player_threes_hito,3PM,over,4,3.5,Breanna Stewart 4+ 3PM,1,
e3a926de2a8fd0fac3e602cb93da3acef6020f44,20260514_094005,2026-05-14T09:40:05-03:00,2026-05-14T12:40:05+00:00,betano,basketball,NBA,props_nba_20260514_094005.csv,Portland Fire F New York Liberty F,portland fire f new york liberty f,Carla Leite,carla leite,Triples (hitos),1+,0.0,1.45,player_threes_hito,3PM,over,1,0.5,Carla Leite 1+ 3PM,1,
5abfd0f3da49e54a1abac336c63032219e4ba775,20260514_094005,2026-05-14T09:40:05-03:00,2026-05-14T12:40:05+00:00,betano,basketball,NBA,props_nba_20260514_094005.csv,Portland Fire F New York Liberty F,portland fire f new york liberty f,Carla Leite,carla leite,Triples (hitos),2+,0.0,3.15,player_threes_hito,3PM,over,2,1.5,Carla Leite 2+ 3PM,1,
724daa8605cae61a5fa0fdc7830ae82b7789cce8,20260514_094005,2026-05-14T09:40:05-03:00,2026-05-14T12:40:05+00:00,betano,basketball,NBA,props_nba_20260514_094005.csv,Portland Fire F New York Liberty F,portland fire f new york liberty f,Carla Leite,carla leite,Triples (hitos),3+,0.0,7.7,player_threes_hito,3PM,over,3,2.5,Carla Leite 3+ 3PM,1,
d536aa878900d565be4ac867ad865e39f5c2065c,20260514_094005,2026-05-14T09:40:05-03:00,2026-05-14T12:40:05+00:00,betano,basketball,NBA,props_nba_20260514_094005.csv,Portland Fire F New York Liberty F,portland fire f new york liberty f,Carla Leite,carla leite,Triples (hitos),4+,0.0,14.5,player_threes_hito,3PM,over,4,3.5,Carla Leite 4+ 3PM,1,
bd2cf88b68cbf0c9a2149cbc935ee3c7cbfb13cf,20260514_094005,2026-05-14T09:40:05-03:00,2026-05-14T12:40:05+00:00,betano,basketball,NBA,props_nba_20260514_094005.csv,Portland Fire F New York Liberty F,portland fire f new york liberty f,Emily Engstler,emily engstler,Triples (hitos),1+,0.0,1.5,player_threes_hito,3PM,over,1,0.5,Emily Engstler 1+ 3PM,1,
b1602890149032b18606a3928ad741167f3a276d,20260514_094005,2026-05-14T09:40:05-03:00,2026-05-14T12:40:05+00:00,betano,basketball,NBA,props_nba_20260514_094005.csv,Portland Fire F New York Liberty F,portland fire f new york liberty f,Emily Engstler,emily engstler,Triples (hitos),2+,0.0,3.4,player_threes_hito,3PM,over,2,1.5,Emily Engstler 2+ 3PM,1,
d53cb5b42ad15b0a1a2d49dd3e0d792658c7d314,20260514_094005,2026-05-14T09:40:05-03:00,2026-05-14T12:40:05+00:00,betano,basketball,NBA,props_nba_20260514_094005.csv,Portland Fire F New York Liberty F,portland fire f new york liberty f,Emily Engstler,emily engstler,Triples (hitos),3+,0.0,8.5,player_threes_hito,3PM,over,3,2.5,Emily Engstler 3+ 3PM,1,
fff30b74da12920861e60411a52131c76957faf6,20260514_094005,2026-05-14T09:40:05-03:00,2026-05-14T12:40:05+00:00,betano,basketball,NBA,props_nba_20260514_094005.csv,Portland Fire F New York Liberty F,portland fire f new york liberty f,Emily Engstler,emily engstler,Triples (hitos),4+,0.0,15.5,player_threes_hito,3PM,over,4,3.5,Emily Engstler 4+ 3PM,1,
cfdfeff8f55512428b3b1030b1cc00565d473cf9,20260514_094005,2026-05-14T09:40:05-03:00,2026-05-14T12:40:05+00:00,betano,basketball,NBA,props_nba_20260514_094005.csv,Portland Fire F New York Liberty F,portland fire f new york liberty f,Sarah Ashlee Barker,sarah ashlee barker,Triples (hitos),1+,0.0,1.55,player_threes_hito,3PM,over,1,0.5,Sarah Ashlee Barker 1+ 3PM,1,
43829211644d1ed53adbe1db5c2770e09f5d1847,20260514_094005,2026-05-14T09:40:05-03:00,2026-05-14T12:40:05+00:00,betano,basketball,NBA,props_nba_20260514_094005.csv,Portland Fire F New York Liberty F,portland fire f new york liberty f,Sarah Ashlee Barker,sarah ashlee barker,Triples (hitos),2+,0.0,3.6,player_threes_hito,3PM,over,2,1.5,Sarah Ashlee Barker 2+ 3PM,1,
af5dcb143617c3f687364e96e58d7bd9046fc537,20260514_094005,2026-05-14T09:40:05-03:00,2026-05-14T12:40:05+00:00,betano,basketball,NBA,props_nba_20260514_094005.csv,Portland Fire F New York Liberty F,portland fire f new york liberty f,Sarah Ashlee Barker,sarah ashlee barker,Triples (hitos),3+,0.0,9,player_threes_hito,3PM,over,3,2.5,Sarah Ashlee Barker 3+ 3PM,1,
9ebf304a91f09bf478540ec30b24ada960e780a5,20260514_094005,2026-05-14T09:40:05-03:00,2026-05-14T12:40:05+00:00,betano,basketball,NBA,props_nba_20260514_094005.csv,Portland Fire F New York Liberty F,portland fire f new york liberty f,Sarah Ashlee Barker,sarah ashlee barker,Triples (hitos),4+,0.0,16,player_threes_hito,3PM,over,4,3.5,Sarah Ashlee Barker 4+ 3PM,1,
4c4e4629c12ef41797a1471b5320b3c808686359,20260514_094005,2026-05-14T09:40:05-03:00,2026-05-14T12:40:05+00:00,betano,basketball,NBA,props_nba_20260514_094005.csv,Portland Fire F New York Liberty F,portland fire f new york liberty f,Pauline Astier,pauline astier,PRA (hitos),19+,0.0,1.42,player_pra_hito,PRA,over,19,18.5,Pauline Astier 19+ PRA,1,
9973d91998182151ea01cfea603eb22da8d5731f,20260514_094005,2026-05-14T09:40:05-03:00,2026-05-14T12:40:05+00:00,betano,basketball,NBA,props_nba_20260514_094005.csv,Portland Fire F New York Liberty F,portland fire f new york liberty f,Pauline Astier,pauline astier,PRA (hitos),20+,0.0,1.6,player_pra_hito,PRA,over,20,19.5,Pauline Astier 20+ PRA,1,
6824511d3583360ad1280768d783171cefeabb7c,20260514_094005,2026-05-14T09:40:05-03:00,2026-05-14T12:40:05+00:00,betano,basketball,NBA,props_nba_20260514_094005.csv,Portland Fire F New York Liberty F,portland fire f new york liberty f,Pauline Astier,pauline astier,PRA (hitos),21+,0.0,1.82,player_pra_hito,PRA,over,21,20.5,Pauline Astier 21+ PRA,1,
5fd0c8edd4357a997c19e84b7fc477303142ddb2,20260514_094005,2026-05-14T09:40:05-03:00,2026-05-14T12:40:05+00:00,betano,basketball,NBA,props_nba_20260514_094005.csv,Portland Fire F New York Liberty F,portland fire f new york liberty f,Pauline Astier,pauline astier,PRA (hitos),22+,0.0,2.1,player_pra_hito,PRA,over,22,21.5,Pauline Astier 22+ PRA,1,
5d557677ed768b3de518dc276dc73eadf623490d,20260514_094005,2026-05-14T09:40:05-03:00,2026-05-14T12:40:05+00:00,betano,basketball,NBA,props_nba_20260514_094005.csv,Portland Fire F New York Liberty F,portland fire f new york liberty f,Pauline Astier,pauline astier,PRA (hitos),23+,0.0,2.47,player_pra_hito,PRA,over,23,22.5,Pauline Astier 23+ PRA,1,
f1da650359b5d290cd346dada674eff53ea6c53f,20260514_094005,2026-05-14T09:40:05-03:00,2026-05-14T12:40:05+00:00,betano,basketball,NBA,props_nba_20260514_094005.csv,Portland Fire F New York Liberty F,portland fire f new york liberty f,Pauline Astier,pauline astier,PRA (hitos),24+,0.0,2.92,player_pra_hito,PRA,over,24,23.5,Pauline Astier 24+ PRA,1,
24f3a0b5d1f0c6687b9a5e78b1df3f2e208f932b,20260514_094005,2026-05-14T09:40:05-03:00,2026-05-14T12:40:05+00:00,betano,basketball,NBA,props_nba_20260514_094005.csv,Portland Fire F New York Liberty F,portland fire f new york liberty f,Pauline Astier,pauline astier,PRA (hitos),25+,0.0,3.55,player_pra_hito,PRA,over,25,24.5,Pauline Astier 25+ PRA,1,
9f42ad6d0b050e23df7bdc94466ddb03f6b27719,20260514_094005,2026-05-14T09:40:05-03:00,2026-05-14T12:40:05+00:00,betano,basketball,NBA,props_nba_20260514_094005.csv,Portland Fire F New York Liberty F,portland fire f new york liberty f,Pauline Astier,pauline astier,PRA (hitos),26+,0.0,4.3,player_pra_hito,PRA,over,26,25.5,Pauline Astier 26+ PRA,1,
54bdefd8a55375f77a9c7d1282a08289c4071033,20260514_094005,2026-05-14T09:40:05-03:00,2026-05-14T12:40:05+00:00,betano,basketball,NBA,props_nba_20260514_094005.csv,Portland Fire F New York Liberty F,portland fire f new york liberty f,Pauline Astier,pauline astier,PRA (hitos),27+,0.0,5.2,player_pra_hito,PRA,over,27,26.5,Pauline Astier 27+ PRA,1,
2934a7727856215eea267434faef630aa8f45ae6,20260514_094005,2026-05-14T09:40:05-03:00,2026-05-14T12:40:05+00:00,betano,basketball,NBA,props_nba_20260514_094005.csv,Portland Fire F New York Liberty F,portland fire f new york liberty f,Marine Johannès,marine johannes,PRA (hitos),18+,0.0,1.34,player_pra_hito,PRA,over,18,17.5,Marine Johannès 18+ PRA,1,
41d008400dff63b618a34f50965ab9a5e772c155,20260514_094005,2026-05-14T09:40:05-03:00,2026-05-14T12:40:05+00:00,betano,basketball,NBA,props_nba_20260514_094005.csv,Portland Fire F New York Liberty F,portland fire f new york liberty f,Marine Johannès,marine johannes,PRA (hitos),19+,0.0,1.47,player_pra_hito,PRA,over,19,18.5,Marine Johannès 19+ PRA,1,
a0803e6790d9467f1e1fc1bf94f71b6f7c7f4828,20260514_094005,2026-05-14T09:40:05-03:00,2026-05-14T12:40:05+00:00,betano,basketball,NBA,props_nba_20260514_094005.csv,Portland Fire F New York Liberty F,portland fire f new york liberty f,Marine Johannès,marine johannes,PRA (hitos),20+,0.0,1.65,player_pra_hito,PRA,over,20,19.5,Marine Johannès 20+ PRA,1,
c68ab91046d665fc36e6676cc9da46e3f69eb0b2,20260514_094005,2026-05-14T09:40:05-03:00,2026-05-14T12:40:05+00:00,betano,basketball,NBA,props_nba_20260514_094005.csv,Portland Fire F New York Liberty F,portland fire f new york liberty f,Marine Johannès,marine johannes,PRA (hitos),21+,0.0,1.88,player_pra_hito,PRA,over,21,20.5,Marine Johannès 21+ PRA,1,
69f19a1f90d11f945db78913c0623383d34a1660,20260514_094005,2026-05-14T09:40:05-03:00,2026-05-14T12:40:05+00:00,betano,basketball,NBA,props_nba_20260514_094005.csv,Portland Fire F New York Liberty F,portland fire f new york liberty f,Marine Johannès,marine johannes,PRA (hitos),22+,0.0,2.15,player_pra_hito,PRA,over,22,21.5,Marine Johannès 22+ PRA,1,
26111a723bd71832801851efc994848132c17b87,20260514_094005,2026-05-14T09:40:05-03:00,2026-05-14T12:40:05+00:00,betano,basketball,NBA,props_nba_20260514_094005.csv,Portland Fire F New York Liberty F,portland fire f new york liberty f,Marine Johannès,marine johannes,PRA (hitos),23+,0.0,2.5,player_pra_hito,PRA,over,23,22.5,Marine Johannès 23+ PRA,1,
6f71184e3aed348f0ee99945df55a1ea1f466ee0,20260514_094005,2026-05-14T09:40:05-03:00,2026-05-14T12:40:05+00:00,betano,basketball,NBA,props_nba_20260514_094005.csv,Portland Fire F New York Liberty F,portland fire f new york liberty f,Marine Johannès,marine johannes,PRA (hitos),24+,0.0,2.95,player_pra_hito,PRA,over,24,23.5,Marine Johannès 24+ PRA,1,
89707ab95c5071be38528cd03e4d318d92077dd5,20260514_094005,2026-05-14T09:40:05-03:00,2026-05-14T12:40:05+00:00,betano,basketball,NBA,props_nba_20260514_094005.csv,Portland Fire F New York Liberty F,portland fire f new york liberty f,Marine Johannès,marine johannes,PRA (hitos),25+,0.0,3.5,player_pra_hito,PRA,over,25,24.5,Marine Johannès 25+ PRA,1,
82811dcf9c4268a93cb795241662c3b712b13f3d,20260514_094005,2026-05-14T09:40:05-03:00,2026-05-14T12:40:05+00:00,betano,basketball,NBA,props_nba_20260514_094005.csv,Portland Fire F New York Liberty F,portland fire f new york liberty f,Marine Johannès,marine johannes,PRA (hitos),26+,0.0,4.2,player_pra_hito,PRA,over,26,25.5,Marine Johannès 26+ PRA,1,
b2d943af772588f4fb095bb372e1c6f05281b1c4,20260514_094005,2026-05-14T09:40:05-03:00,2026-05-14T12:40:05+00:00,betano,basketball,NBA,props_nba_20260514_094005.csv,Portland Fire F New York Liberty F,portland fire f new york liberty f,Betnijah Laney-Hamilton,betnijah laney hamilton,PRA (hitos),17+,0.0,1.42,player_pra_hito,PRA,over,17,16.5,Betnijah Laney-Hamilton 17+ PRA,1,
85416c375864e8d94db963eec5da9b7183e5b041,20260514_094005,2026-05-14T09:40:05-03:00,2026-05-14T12:40:05+00:00,betano,basketball,NBA,props_nba_20260514_094005.csv,Portland Fire F New York Liberty F,portland fire f new york liberty f,Betnijah Laney-Hamilton,betnijah laney hamilton,PRA (hitos),19+,0.0,1.78,player_pra_hito,PRA,over,19,18.5,Betnijah Laney-Hamilton 19+ PRA,1,
808cbdece52b39e71431ae11dc0c548e7d51229e,20260514_094005,2026-05-14T09:40:05-03:00,2026-05-14T12:40:05+00:00,betano,basketball,NBA,props_nba_20260514_094005.csv,Portland Fire F New York Liberty F,portland fire f new york liberty f,Betnijah Laney-Hamilton,betnijah laney hamilton,PRA (hitos),21+,0.0,2.35,player_pra_hito,PRA,over,21,20.5,Betnijah Laney-Hamilton 21+ PRA,1,
b16c37c8184636cc572b9033a8956024a23945e8,20260514_094005,2026-05-14T09:40:05-03:00,2026-05-14T12:40:05+00:00,betano,basketball,NBA,props_nba_20260514_094005.csv,Portland Fire F New York Liberty F,portland fire f new york liberty f,Betnijah Laney-Hamilton,betnijah laney hamilton,PRA (hitos),23+,0.0,3.2,player_pra_hito,PRA,over,23,22.5,Betnijah Laney-Hamilton 23+ PRA,1,
4df0c77fb1bfd8a9ca62b5b8ba81edbb581954ef,20260514_094005,2026-05-14T09:40:05-03:00,2026-05-14T12:40:05+00:00,betano,basketball,NBA,props_nba_20260514_094005.csv,Portland Fire F New York Liberty F,portland fire f new york liberty f,Betnijah Laney-Hamilton,betnijah laney hamilton,PRA (hitos),25+,0.0,4.55,player_pra_hito,PRA,over,25,24.5,Betnijah Laney-Hamilton 25+ PRA,1,
346963193f8cb62e5afb3c69773bc33250a662fe,20260514_094005,2026-05-14T09:40:05-03:00,2026-05-14T12:40:05+00:00,betano,basketball,NBA,props_nba_20260514_094005.csv,Portland Fire F New York Liberty F,portland fire f new york liberty f,Betnijah Laney-Hamilton,betnijah laney hamilton,PRA (hitos),27+,0.0,6.6,player_pra_hito,PRA,over,27,26.5,Betnijah Laney-Hamilton 27+ PRA,1,
9b0f9e6b2007e94552748cd56729df84caa41867,20260514_094005,2026-05-14T09:40:05-03:00,2026-05-14T12:40:05+00:00,betano,basketball,NBA,props_nba_20260514_094005.csv,Portland Fire F New York Liberty F,portland fire f new york liberty f,Betnijah Laney-Hamilton,betnijah laney hamilton,PRA (hitos),29+,0.0,9.25,player_pra_hito,PRA,over,29,28.5,Betnijah Laney-Hamilton 29+ PRA,1,
0aaa1bbdb77043a7289f7fe4caabc5b842fc72ad,20260514_094005,2026-05-14T09:40:05-03:00,2026-05-14T12:40:05+00:00,betano,basketball,NBA,props_nba_20260514_094005.csv,Portland Fire F New York Liberty F,portland fire f new york liberty f,Betnijah Laney-Hamilton,betnijah laney hamilton,PRA (hitos),31+,0.0,12.5,player_pra_hito,PRA,over,31,30.5,Betnijah Laney-Hamilton 31+ PRA,1,
00c83bf048a3907bb3d04bbc2977ff41f07bfc90,20260514_094005,2026-05-14T09:40:05-03:00,2026-05-14T12:40:05+00:00,betano,basketball,NBA,props_nba_20260514_094005.csv,Portland Fire F New York Liberty F,portland fire f new york liberty f,Betnijah Laney-Hamilton,betnijah laney hamilton,PRA (hitos),33+,0.0,15.5,player_pra_hito,PRA,over,33,32.5,Betnijah Laney-Hamilton 33+ PRA,1,
343a2f2e3e6ec6bbd6951ec46eb266fc1c148767,20260514_094005,2026-05-14T09:40:05-03:00,2026-05-14T12:40:05+00:00,betano,basketball,NBA,props_nba_20260514_094005.csv,Portland Fire F New York Liberty F,portland fire f new york liberty f,Emily Engstler,emily engstler,PRA (hitos),15+,0.0,1.42,player_pra_hito,PRA,over,15,14.5,Emily Engstler 15+ PRA,1,
10121894391980fcc6aa7da57f58e719e121e903,20260514_094005,2026-05-14T09:40:05-03:00,2026-05-14T12:40:05+00:00,betano,basketball,NBA,props_nba_20260514_094005.csv,Portland Fire F New York Liberty F,portland fire f new york liberty f,Emily Engstler,emily engstler,PRA (hitos),17+,0.0,1.8,player_pra_hito,PRA,over,17,16.5,Emily Engstler 17+ PRA,1,
7c26a1e57508d85f366911b4127ac878ccbbbd78,20260514_094005,2026-05-14T09:40:05-03:00,2026-05-14T12:40:05+00:00,betano,basketball,NBA,props_nba_20260514_094005.csv,Portland Fire F New York Liberty F,portland fire f new york liberty f,Emily Engstler,emily engstler,PRA (hitos),19+,0.0,2.45,player_pra_hito,PRA,over,19,18.5,Emily Engstler 19+ PRA,1,
ee304596872a26782168595df4c930fd3d369f0d,20260514_094005,2026-05-14T09:40:05-03:00,2026-05-14T12:40:05+00:00,betano,basketball,NBA,props_nba_20260514_094005.csv,Portland Fire F New York Liberty F,portland fire f new york liberty f,Emily Engstler,emily engstler,PRA (hitos),21+,0.0,3.5,player_pra_hito,PRA,over,21,20.5,Emily Engstler 21+ PRA,1,
562438a3684f35987557dcc6cea9c33c85601d98,20260514_094005,2026-05-14T09:40:05-03:00,2026-05-14T12:40:05+00:00,betano,basketball,NBA,props_nba_20260514_094005.csv,Portland Fire F New York Liberty F,portland fire f new york liberty f,Emily Engstler,emily engstler,PRA (hitos),23+,0.0,5.2,player_pra_hito,PRA,over,23,22.5,Emily Engstler 23+ PRA,1,
0cac9553e140046c0a74b9532e8a9c02e8797bc6,20260514_094005,2026-05-14T09:40:05-03:00,2026-05-14T12:40:05+00:00,betano,basketball,NBA,props_nba_20260514_094005.csv,Portland Fire F New York Liberty F,portland fire f new york liberty f,Emily Engstler,emily engstler,PRA (hitos),25+,0.0,7.8,player_pra_hito,PRA,over,25,24.5,Emily Engstler 25+ PRA,1,
6a508eedab3b7110ff9b755b29c31c4cccb0c5dd,20260514_094005,2026-05-14T09:40:05-03:00,2026-05-14T12:40:05+00:00,betano,basketball,NBA,props_nba_20260514_094005.csv,Portland Fire F New York Liberty F,portland fire f new york liberty f,Emily Engstler,emily engstler,PRA (hitos),27+,0.0,11,player_pra_hito,PRA,over,27,26.5,Emily Engstler 27+ PRA,1,
4570d94cdde1733dcfb93d81ad53dc238e772231,20260514_094005,2026-05-14T09:40:05-03:00,2026-05-14T12:40:05+00:00,betano,basketball,NBA,props_nba_20260514_094005.csv,Portland Fire F New York Liberty F,portland fire f new york liberty f,Emily Engstler,emily engstler,PRA (hitos),29+,0.0,14.5,player_pra_hito,PRA,over,29,28.5,Emily Engstler 29+ PRA,1,
424e08d3d689dbe9f93c44a3d62f048a277a5384,20260514_094005,2026-05-14T09:40:05-03:00,2026-05-14T12:40:05+00:00,betano,basketball,NBA,props_nba_20260514_094005.csv,Portland Fire F New York Liberty F,portland fire f new york liberty f,Emily Engstler,emily engstler,PRA (hitos),31+,0.0,17,player_pra_hito,PRA,over,31,30.5,Emily Engstler 31+ PRA,1,
105b4ba3183810d10afd4bf1dad5968f410a6311,20260514_094005,2026-05-14T09:40:05-03:00,2026-05-14T12:40:05+00:00,betano,basketball,NBA,props_nba_20260514_094005.csv,Portland Fire F New York Liberty F,portland fire f new york liberty f,Luisa Geiselsoder,luisa geiselsoder,PRA (hitos),15+,0.0,1.45,player_pra_hito,PRA,over,15,14.5,Luisa Geiselsoder 15+ PRA,1,
566912ca4d552736c955fc1c5368ff50cb1542cf,20260514_094005,2026-05-14T09:40:05-03:00,2026-05-14T12:40:05+00:00,betano,basketball,NBA,props_nba_20260514_094005.csv,Portland Fire F New York Liberty F,portland fire f new york liberty f,Luisa Geiselsoder,luisa geiselsoder,PRA (hitos),16+,0.0,1.65,player_pra_hito,PRA,over,16,15.5,Luisa Geiselsoder 16+ PRA,1,
0d664cf89138475a478b7092666b2320cbc74e1f,20260514_094005,2026-05-14T09:40:05-03:00,2026-05-14T12:40:05+00:00,betano,basketball,NBA,props_nba_20260514_094005.csv,Portland Fire F New York Liberty F,portland fire f new york liberty f,Luisa Geiselsoder,luisa geiselsoder,PRA (hitos),17+,0.0,1.91,player_pra_hito,PRA,over,17,16.5,Luisa Geiselsoder 17+ PRA,1,
dd3c5fb9d265d97810b11aaf21500abb2b841527,20260514_094005,2026-05-14T09:40:05-03:00,2026-05-14T12:40:05+00:00,betano,basketball,NBA,props_nba_20260514_094005.csv,Portland Fire F New York Liberty F,portland fire f new york liberty f,Luisa Geiselsoder,luisa geiselsoder,PRA (hitos),18+,0.0,2.22,player_pra_hito,PRA,over,18,17.5,Luisa Geiselsoder 18+ PRA,1,
43b092287f774264e788629ff519efce26f6f533,20260514_094005,2026-05-14T09:40:05-03:00,2026-05-14T12:40:05+00:00,betano,basketball,NBA,props_nba_20260514_094005.csv,Portland Fire F New York Liberty F,portland fire f new york liberty f,Luisa Geiselsoder,luisa geiselsoder,PRA (hitos),19+,0.0,2.7,player_pra_hito,PRA,over,19,18.5,Luisa Geiselsoder 19+ PRA,1,
ee6e610d796f55a8fa2ceed134b1a558fdb40d19,20260514_094005,2026-05-14T09:40:05-03:00,2026-05-14T12:40:05+00:00,betano,basketball,NBA,props_nba_20260514_094005.csv,Portland Fire F New York Liberty F,portland fire f new york liberty f,Luisa Geiselsoder,luisa geiselsoder,PRA (hitos),20+,0.0,3.25,player_pra_hito,PRA,over,20,19.5,Luisa Geiselsoder 20+ PRA,1,
11e155185d941a79024d9be799e3723548d5fde7,20260514_094005,2026-05-14T09:40:05-03:00,2026-05-14T12:40:05+00:00,betano,basketball,NBA,props_nba_20260514_094005.csv,Portland Fire F New York Liberty F,portland fire f new york liberty f,Luisa Geiselsoder,luisa geiselsoder,PRA (hitos),21+,0.0,4,player_pra_hito,PRA,over,21,20.5,Luisa Geiselsoder 21+ PRA,1,
eaf3c44f55b9311502b4f05b51249ad1131aa9c3,20260514_094005,2026-05-14T09:40:05-03:00,2026-05-14T12:40:05+00:00,betano,basketball,NBA,props_nba_20260514_094005.csv,Portland Fire F New York Liberty F,portland fire f new york liberty f,Luisa Geiselsoder,luisa geiselsoder,PRA (hitos),22+,0.0,4.9,player_pra_hito,PRA,over,22,21.5,Luisa Geiselsoder 22+ PRA,1,
be16c6c9c2bd5486fcedbc989ab4ac457cadeffb,20260514_094005,2026-05-14T09:40:05-03:00,2026-05-14T12:40:05+00:00,betano,basketball,NBA,props_nba_20260514_094005.csv,Portland Fire F New York Liberty F,portland fire f new york liberty f,Luisa Geiselsoder,luisa geiselsoder,PRA (hitos),23+,0.0,6.1,player_pra_hito,PRA,over,23,22.5,Luisa Geiselsoder 23+ PRA,1,
5284e101c1f9bd1c9867435798f47eb84788eaba,20260514_094005,2026-05-14T09:40:05-03:00,2026-05-14T12:40:05+00:00,betano,basketball,NBA,props_nba_20260514_094005.csv,Portland Fire F New York Liberty F,portland fire f new york liberty f,Sarah Ashlee Barker,sarah ashlee barker,PRA (hitos),9+,0.0,1.39,player_pra_hito,PRA,over,9,8.5,Sarah Ashlee Barker 9+ PRA,1,
a562e89298ae4ee486e20dfffdb53b9a83b7eb00,20260514_094005,2026-05-14T09:40:05-03:00,2026-05-14T12:40:05+00:00,betano,basketball,NBA,props_nba_20260514_094005.csv,Portland Fire F New York Liberty F,portland fire f new york liberty f,Sarah Ashlee Barker,sarah ashlee barker,PRA (hitos),11+,0.0,1.85,player_pra_hito,PRA,over,11,10.5,Sarah Ashlee Barker 11+ PRA,1,
e6b8cb068a40ba86df52dfac3d6d05ba31996af8,20260514_094005,2026-05-14T09:40:05-03:00,2026-05-14T12:40:05+00:00,betano,basketball,NBA,props_nba_20260514_094005.csv,Portland Fire F New York Liberty F,portland fire f new york liberty f,Sarah Ashlee Barker,sarah ashlee barker,PRA (hitos),13+,0.0,2.7,player_pra_hito,PRA,over,13,12.5,Sarah Ashlee Barker 13+ PRA,1,
2e0ef6f4c3e24932a93056749e9775bf518b7d0b,20260514_094005,2026-05-14T09:40:05-03:00,2026-05-14T12:40:05+00:00,betano,basketball,NBA,props_nba_20260514_094005.csv,Portland Fire F New York Liberty F,portland fire f new york liberty f,Sarah Ashlee Barker,sarah ashlee barker,PRA (hitos),15+,0.0,4.1,player_pra_hito,PRA,over,15,14.5,Sarah Ashlee Barker 15+ PRA,1,
11c39bb7fcd293a0e6b1d80604e2866b76b6d0ac,20260514_094005,2026-05-14T09:40:05-03:00,2026-05-14T12:40:05+00:00,betano,basketball,NBA,props_nba_20260514_094005.csv,Portland Fire F New York Liberty F,portland fire f new york liberty f,Sarah Ashlee Barker,sarah ashlee barker,PRA (hitos),17+,0.0,6.5,player_pra_hito,PRA,over,17,16.5,Sarah Ashlee Barker 17+ PRA,1,
f8cf2c536deb6fe22fd7f129dd93198c240ad7f8,20260514_094005,2026-05-14T09:40:05-03:00,2026-05-14T12:40:05+00:00,betano,basketball,NBA,props_nba_20260514_094005.csv,Portland Fire F New York Liberty F,portland fire f new york liberty f,Sarah Ashlee Barker,sarah ashlee barker,PRA (hitos),19+,0.0,9.75,player_pra_hito,PRA,over,19,18.5,Sarah Ashlee Barker 19+ PRA,1,
bdfcb5bf033dfc8bd13390ef1a09ee17caab2a05,20260514_094005,2026-05-14T09:40:05-03:00,2026-05-14T12:40:05+00:00,betano,basketball,NBA,props_nba_20260514_094005.csv,Portland Fire F New York Liberty F,portland fire f new york liberty f,Sarah Ashlee Barker,sarah ashlee barker,PRA (hitos),21+,0.0,14,player_pra_hito,PRA,over,21,20.5,Sarah Ashlee Barker 21+ PRA,1,
303f018229a5cbcbb8beca243f871f6f0c9fce47,20260514_094005,2026-05-14T09:40:05-03:00,2026-05-14T12:40:05+00:00,betano,basketball,NBA,props_nba_20260514_094005.csv,Portland Fire F New York Liberty F,portland fire f new york liberty f,Sarah Ashlee Barker,sarah ashlee barker,PRA (hitos),23+,0.0,17,player_pra_hito,PRA,over,23,22.5,Sarah Ashlee Barker 23+ PRA,1,
7863bddef4e62d7fd98e1bc9cc8de7276a90f2ce,20260514_094005,2026-05-14T09:40:05-03:00,2026-05-14T12:40:05+00:00,betano,basketball,NBA,props_nba_20260514_094005.csv,Portland Fire F New York Liberty F,portland fire f new york liberty f,Pauline Astier,pauline astier,RA (hitos),9+,0.0,1.55,player_ra_hito,RA,over,9,8.5,Pauline Astier 9+ RA,1,
c11de69ff9e1d68a14af5e812e2dffb985652f54,20260514_094005,2026-05-14T09:40:05-03:00,2026-05-14T12:40:05+00:00,betano,basketball,NBA,props_nba_20260514_094005.csv,Portland Fire F New York Liberty F,portland fire f new york liberty f,Pauline Astier,pauline astier,RA (hitos),10+,0.0,1.98,player_ra_hito,RA,over,10,9.5,Pauline Astier 10+ RA,1,
581d6b84263530473795be7ef422390fd66f0ddc,20260514_094005,2026-05-14T09:40:05-03:00,2026-05-14T12:40:05+00:00,betano,basketball,NBA,props_nba_20260514_094005.csv,Portland Fire F New York Liberty F,portland fire f new york liberty f,Pauline Astier,pauline astier,RA (hitos),11+,0.0,2.65,player_ra_hito,RA,over,11,10.5,Pauline Astier 11+ RA,1,
35497740d10b6b0a4b70600a174f20f709e3ae29,20260514_094005,2026-05-14T09:40:05-03:00,2026-05-14T12:40:05+00:00,betano,basketball,NBA,props_nba_20260514_094005.csv,Portland Fire F New York Liberty F,portland fire f new york liberty f,Pauline Astier,pauline astier,RA (hitos),12+,0.0,3.65,player_ra_hito,RA,over,12,11.5,Pauline Astier 12+ RA,1,
5a012df2ef4a8db3bdac57e83765cb0f77abeb68,20260514_094005,2026-05-14T09:40:05-03:00,2026-05-14T12:40:05+00:00,betano,basketball,NBA,props_nba_20260514_094005.csv,Portland Fire F New York Liberty F,portland fire f new york liberty f,Pauline Astier,pauline astier,RA (hitos),13+,0.0,5.2,player_ra_hito,RA,over,13,12.5,Pauline Astier 13+ RA,1,
47a212b26a264a59bb79ac44243c573ee263b55f,20260514_094005,2026-05-14T09:40:05-03:00,2026-05-14T12:40:05+00:00,betano,basketball,NBA,props_nba_20260514_094005.csv,Portland Fire F New York Liberty F,portland fire f new york liberty f,Pauline Astier,pauline astier,RA (hitos),14+,0.0,7.5,player_ra_hito,RA,over,14,13.5,Pauline Astier 14+ RA,1,
527b4a421219b1fe3cb939b2c61b022a13de201b,20260514_094005,2026-05-14T09:40:05-03:00,2026-05-14T12:40:05+00:00,betano,basketball,NBA,props_nba_20260514_094005.csv,Portland Fire F New York Liberty F,portland fire f new york liberty f,Pauline Astier,pauline astier,RA (hitos),15+,0.0,10.25,player_ra_hito,RA,over,15,14.5,Pauline Astier 15+ RA,1,
fe0247cb8730711dc0f7019163508141e393022c,20260514_094005,2026-05-14T09:40:05-03:00,2026-05-14T12:40:05+00:00,betano,basketball,NBA,props_nba_20260514_094005.csv,Portland Fire F New York Liberty F,portland fire f new york liberty f,Pauline Astier,pauline astier,RA (hitos),16+,0.0,13.5,player_ra_hito,RA,over,16,15.5,Pauline Astier 16+ RA,1,
ec2a86e0fb11d7253704636738879253338bd1c7,20260514_094005,2026-05-14T09:40:05-03:00,2026-05-14T12:40:05+00:00,betano,basketball,NBA,props_nba_20260514_094005.csv,Portland Fire F New York Liberty F,portland fire f new york liberty f,Emily Engstler,emily engstler,RA (hitos),7+,0.0,1.5,player_ra_hito,RA,over,7,6.5,Emily Engstler 7+ RA,1,
75c8b6449640d9904582608012c8612a496057ea,20260514_094005,2026-05-14T09:40:05-03:00,2026-05-14T12:40:05+00:00,betano,basketball,NBA,props_nba_20260514_094005.csv,Portland Fire F New York Liberty F,portland fire f new york liberty f,Emily Engstler,emily engstler,RA (hitos),8+,0.0,1.91,player_ra_hito,RA,over,8,7.5,Emily Engstler 8+ RA,1,
d69dc7c8c5f8c1f25eace6f13547c93accd3ec66,20260514_094005,2026-05-14T09:40:05-03:00,2026-05-14T12:40:05+00:00,betano,basketball,NBA,props_nba_20260514_094005.csv,Portland Fire F New York Liberty F,portland fire f new york liberty f,Emily Engstler,emily engstler,RA (hitos),9+,0.0,2.62,player_ra_hito,RA,over,9,8.5,Emily Engstler 9+ RA,1,
6a7cd631cd8aa57f61c8246874332c9a7455d3f0,20260514_094005,2026-05-14T09:40:05-03:00,2026-05-14T12:40:05+00:00,betano,basketball,NBA,props_nba_20260514_094005.csv,Portland Fire F New York Liberty F,portland fire f new york liberty f,Emily Engstler,emily engstler,RA (hitos),10+,0.0,3.75,player_ra_hito,RA,over,10,9.5,Emily Engstler 10+ RA,1,
924f2f9f1b8fed7f0674cb60ffb6b2a5f4d3d9e6,20260514_094005,2026-05-14T09:40:05-03:00,2026-05-14T12:40:05+00:00,betano,basketball,NBA,props_nba_20260514_094005.csv,Portland Fire F New York Liberty F,portland fire f new york liberty f,Emily Engstler,emily engstler,RA (hitos),11+,0.0,5.5,player_ra_hito,RA,over,11,10.5,Emily Engstler 11+ RA,1,
a847be82fbd0baeb61264c11019162c9f21716db,20260514_094005,2026-05-14T09:40:05-03:00,2026-05-14T12:40:05+00:00,betano,basketball,NBA,props_nba_20260514_094005.csv,Portland Fire F New York Liberty F,portland fire f new york liberty f,Emily Engstler,emily engstler,RA (hitos),12+,0.0,8.25,player_ra_hito,RA,over,12,11.5,Emily Engstler 12+ RA,1,
54160535b22f943be3abf2605cfa42e1260af5c5,20260514_094005,2026-05-14T09:40:05-03:00,2026-05-14T12:40:05+00:00,betano,basketball,NBA,props_nba_20260514_094005.csv,Portland Fire F New York Liberty F,portland fire f new york liberty f,Emily Engstler,emily engstler,RA (hitos),13+,0.0,11.75,player_ra_hito,RA,over,13,12.5,Emily Engstler 13+ RA,1,
612d703d35a0ff86ad1bf234b6e32c4f228e3fc6,20260514_094005,2026-05-14T09:40:05-03:00,2026-05-14T12:40:05+00:00,betano,basketball,NBA,props_nba_20260514_094005.csv,Portland Fire F New York Liberty F,portland fire f new york liberty f,Emily Engstler,emily engstler,RA (hitos),14+,0.0,15,player_ra_hito,RA,over,14,13.5,Emily Engstler 14+ RA,1,
63904db76c063f65962205087938f9009dbbf075,20260514_094005,2026-05-14T09:40:05-03:00,2026-05-14T12:40:05+00:00,betano,basketball,NBA,props_nba_20260514_094005.csv,Portland Fire F New York Liberty F,portland fire f new york liberty f,Luisa Geiselsoder,luisa geiselsoder,RA (hitos),6+,0.0,1.4,player_ra_hito,RA,over,6,5.5,Luisa Geiselsoder 6+ RA,1,
24ddcd637ba0c751f3ea7cefb1686d77a816e55f,20260514_094005,2026-05-14T09:40:05-03:00,2026-05-14T12:40:05+00:00,betano,basketball,NBA,props_nba_20260514_094005.csv,Portland Fire F New York Liberty F,portland fire f new york liberty f,Luisa Geiselsoder,luisa geiselsoder,RA (hitos),7+,0.0,1.8,player_ra_hito,RA,over,7,6.5,Luisa Geiselsoder 7+ RA,1,
39d853d24238112adf8124e18e9ad9d51e153398,20260514_094005,2026-05-14T09:40:05-03:00,2026-05-14T12:40:05+00:00,betano,basketball,NBA,props_nba_20260514_094005.csv,Portland Fire F New York Liberty F,portland fire f new york liberty f,Luisa Geiselsoder,luisa geiselsoder,RA (hitos),8+,0.0,2.47,player_ra_hito,RA,over,8,7.5,Luisa Geiselsoder 8+ RA,1,
5316a0746d729ca4374622bea529f2963be06409,20260514_094005,2026-05-14T09:40:05-03:00,2026-05-14T12:40:05+00:00,betano,basketball,NBA,props_nba_20260514_094005.csv,Portland Fire F New York Liberty F,portland fire f new york liberty f,Luisa Geiselsoder,luisa geiselsoder,RA (hitos),9+,0.0,3.65,player_ra_hito,RA,over,9,8.5,Luisa Geiselsoder 9+ RA,1,
c778fd132f310c7e7c1de8cf0a3f3c9c024f2fb6,20260514_094005,2026-05-14T09:40:05-03:00,2026-05-14T12:40:05+00:00,betano,basketball,NBA,props_nba_20260514_094005.csv,Portland Fire F New York Liberty F,portland fire f new york liberty f,Luisa Geiselsoder,luisa geiselsoder,RA (hitos),10+,0.0,5.5,player_ra_hito,RA,over,10,9.5,Luisa Geiselsoder 10+ RA,1,
d55f9655c36894e14655f460e857caf797add28a,20260514_094005,2026-05-14T09:40:05-03:00,2026-05-14T12:40:05+00:00,betano,basketball,NBA,props_nba_20260514_094005.csv,Portland Fire F New York Liberty F,portland fire f new york liberty f,Luisa Geiselsoder,luisa geiselsoder,RA (hitos),11+,0.0,8.25,player_ra_hito,RA,over,11,10.5,Luisa Geiselsoder 11+ RA,1,
5012d9f68a668dc883bf0e99986f5eba73e7d5a1,20260514_094005,2026-05-14T09:40:05-03:00,2026-05-14T12:40:05+00:00,betano,basketball,NBA,props_nba_20260514_094005.csv,Portland Fire F New York Liberty F,portland fire f new york liberty f,Luisa Geiselsoder,luisa geiselsoder,RA (hitos),12+,0.0,11.5,player_ra_hito,RA,over,12,11.5,Luisa Geiselsoder 12+ RA,1,
a914d2398049f1b62b1af2ae5dc59c810cdd0034,20260514_094005,2026-05-14T09:40:05-03:00,2026-05-14T12:40:05+00:00,betano,basketball,NBA,props_nba_20260514_094005.csv,Portland Fire F New York Liberty F,portland fire f new york liberty f,Luisa Geiselsoder,luisa geiselsoder,RA (hitos),13+,0.0,15,player_ra_hito,RA,over,13,12.5,Luisa Geiselsoder 13+ RA,1,
a8541b445ee3eaf851c9b7dd12899e58b1f719c6,20260514_094005,2026-05-14T09:40:05-03:00,2026-05-14T12:40:05+00:00,betano,basketball,NBA,props_nba_20260514_094005.csv,Portland Fire F New York Liberty F,portland fire f new york liberty f,Betnijah Laney-Hamilton,betnijah laney hamilton,RA (hitos),5+,0.0,1.26,player_ra_hito,RA,over,5,4.5,Betnijah Laney-Hamilton 5+ RA,1,
69fef788a5e230adf3cf989b882489cbc8dbaa28,20260514_094005,2026-05-14T09:40:05-03:00,2026-05-14T12:40:05+00:00,betano,basketball,NBA,props_nba_20260514_094005.csv,Portland Fire F New York Liberty F,portland fire f new york liberty f,Betnijah Laney-Hamilton,betnijah laney hamilton,RA (hitos),6+,0.0,1.57,player_ra_hito,RA,over,6,5.5,Betnijah Laney-Hamilton 6+ RA,1,
0ab35ffac39aed53d31aa7f417c3b380f48ec190,20260514_094005,2026-05-14T09:40:05-03:00,2026-05-14T12:40:05+00:00,betano,basketball,NBA,props_nba_20260514_094005.csv,Portland Fire F New York Liberty F,portland fire f new york liberty f,Betnijah Laney-Hamilton,betnijah laney hamilton,RA (hitos),7+,0.0,2.12,player_ra_hito,RA,over,7,6.5,Betnijah Laney-Hamilton 7+ RA,1,
607da74be34db13371d1c029a0fb981a10a4d3be,20260514_094005,2026-05-14T09:40:05-03:00,2026-05-14T12:40:05+00:00,betano,basketball,NBA,props_nba_20260514_094005.csv,Portland Fire F New York Liberty F,portland fire f new york liberty f,Betnijah Laney-Hamilton,betnijah laney hamilton,RA (hitos),8+,0.0,3.05,player_ra_hito,RA,over,8,7.5,Betnijah Laney-Hamilton 8+ RA,1,
d7d938739beb2e95bc34b0406caf076f7f2325bd,20260514_094005,2026-05-14T09:40:05-03:00,2026-05-14T12:40:05+00:00,betano,basketball,NBA,props_nba_20260514_094005.csv,Portland Fire F New York Liberty F,portland fire f new york liberty f,Betnijah Laney-Hamilton,betnijah laney hamilton,RA (hitos),9+,0.0,4.6,player_ra_hito,RA,over,9,8.5,Betnijah Laney-Hamilton 9+ RA,1,
9e6d353df46e496a1e6d27fa0fc4fd66f74e9bb8,20260514_094005,2026-05-14T09:40:05-03:00,2026-05-14T12:40:05+00:00,betano,basketball,NBA,props_nba_20260514_094005.csv,Portland Fire F New York Liberty F,portland fire f new york liberty f,Betnijah Laney-Hamilton,betnijah laney hamilton,RA (hitos),10+,0.0,7,player_ra_hito,RA,over,10,9.5,Betnijah Laney-Hamilton 10+ RA,1,
e9e805eb85ca6676a3ce434ae8239142c92814cb,20260514_094005,2026-05-14T09:40:05-03:00,2026-05-14T12:40:05+00:00,betano,basketball,NBA,props_nba_20260514_094005.csv,Portland Fire F New York Liberty F,portland fire f new york liberty f,Carla Leite,carla leite,RA (hitos),5+,0.0,1.29,player_ra_hito,RA,over,5,4.5,Carla Leite 5+ RA,1,
80c5cbdcdad2d8b06b5c8fd317e5f0a85f3eb3d5,20260514_094005,2026-05-14T09:40:05-03:00,2026-05-14T12:40:05+00:00,betano,basketball,NBA,props_nba_20260514_094005.csv,Portland Fire F New York Liberty F,portland fire f new york liberty f,Carla Leite,carla leite,RA (hitos),6+,0.0,1.65,player_ra_hito,RA,over,6,5.5,Carla Leite 6+ RA,1,
cda53a5de2217b8a59618b99472f41747aaf71e6,20260514_094005,2026-05-14T09:40:05-03:00,2026-05-14T12:40:05+00:00,betano,basketball,NBA,props_nba_20260514_094005.csv,Portland Fire F New York Liberty F,portland fire f new york liberty f,Carla Leite,carla leite,RA (hitos),7+,0.0,2.22,player_ra_hito,RA,over,7,6.5,Carla Leite 7+ RA,1,
c283b7b6481e41b8c82e9e3718055933d198c780,20260514_094005,2026-05-14T09:40:05-03:00,2026-05-14T12:40:05+00:00,betano,basketball,NBA,props_nba_20260514_094005.csv,Portland Fire F New York Liberty F,portland fire f new york liberty f,Carla Leite,carla leite,RA (hitos),8+,0.0,3.3,player_ra_hito,RA,over,8,7.5,Carla Leite 8+ RA,1,
c79fd7060f100974436109e73263d303833a5ea0,20260514_094005,2026-05-14T09:40:05-03:00,2026-05-14T12:40:05+00:00,betano,basketball,NBA,props_nba_20260514_094005.csv,Portland Fire F New York Liberty F,portland fire f new york liberty f,Carla Leite,carla leite,RA (hitos),9+,0.0,5,player_ra_hito,RA,over,9,8.5,Carla Leite 9+ RA,1,
81f6e2071d3588812b084eea87dfc253ecc7d121,20260514_094005,2026-05-14T09:40:05-03:00,2026-05-14T12:40:05+00:00,betano,basketball,NBA,props_nba_20260514_094005.csv,Portland Fire F New York Liberty F,portland fire f new york liberty f,Carla Leite,carla leite,RA (hitos),10+,0.0,7.9,player_ra_hito,RA,over,10,9.5,Carla Leite 10+ RA,1,
92bede642cd32eb928a26685c13fa0b4d68281ca,20260514_094005,2026-05-14T09:40:05-03:00,2026-05-14T12:40:05+00:00,betano,basketball,NBA,props_nba_20260514_094005.csv,Portland Fire F New York Liberty F,portland fire f new york liberty f,Bridget Carleton,bridget carleton,RA (hitos),5+,0.0,1.33,player_ra_hito,RA,over,5,4.5,Bridget Carleton 5+ RA,1,
11a642beba707d22155ba5e23076fc5fb90babf0,20260514_094005,2026-05-14T09:40:05-03:00,2026-05-14T12:40:05+00:00,betano,basketball,NBA,props_nba_20260514_094005.csv,Portland Fire F New York Liberty F,portland fire f new york liberty f,Bridget Carleton,bridget carleton,RA (hitos),6+,0.0,1.7,player_ra_hito,RA,over,6,5.5,Bridget Carleton 6+ RA,1,
e7cdf14773869869c2c4efca81e4802941f05f04,20260514_094005,2026-05-14T09:40:05-03:00,2026-05-14T12:40:05+00:00,betano,basketball,NBA,props_nba_20260514_094005.csv,Portland Fire F New York Liberty F,portland fire f new york liberty f,Bridget Carleton,bridget carleton,RA (hitos),7+,0.0,2.35,player_ra_hito,RA,over,7,6.5,Bridget Carleton 7+ RA,1,
7e9cada01c3ff751e780e2c0eb5f068ebc2621a6,20260514_094005,2026-05-14T09:40:05-03:00,2026-05-14T12:40:05+00:00,betano,basketball,NBA,props_nba_20260514_094005.csv,Portland Fire F New York Liberty F,portland fire f new york liberty f,Bridget Carleton,bridget carleton,RA (hitos),8+,0.0,3.5,player_ra_hito,RA,over,8,7.5,Bridget Carleton 8+ RA,1,
da8d8c2ef65bce1d0bec09e1b96974b59714476c,20260514_094005,2026-05-14T09:40:05-03:00,2026-05-14T12:40:05+00:00,betano,basketball,NBA,props_nba_20260514_094005.csv,Portland Fire F New York Liberty F,portland fire f new york liberty f,Bridget Carleton,bridget carleton,RA (hitos),9+,0.0,5.5,player_ra_hito,RA,over,9,8.5,Bridget Carleton 9+ RA,1,
27793428156bde1d9b1626d9ea550886b7287091,20260514_094005,2026-05-14T09:40:05-03:00,2026-05-14T12:40:05+00:00,betano,basketball,NBA,props_nba_20260514_094005.csv,Portland Fire F New York Liberty F,portland fire f new york liberty f,Bridget Carleton,bridget carleton,RA (hitos),10+,0.0,8.25,player_ra_hito,RA,over,10,9.5,Bridget Carleton 10+ RA,1,
135201beabd13d9320eb9db7737b2050f65b42c8,20260514_094005,2026-05-14T09:40:05-03:00,2026-05-14T12:40:05+00:00,betano,basketball,NBA,props_nba_20260514_094005.csv,Portland Fire F New York Liberty F,portland fire f new york liberty f,Marine Johannès,marine johannes,RA (hitos),5+,0.0,1.33,player_ra_hito,RA,over,5,4.5,Marine Johannès 5+ RA,1,
86cba997b04e31fcf9f764d3d66ff325a0e9861f,20260514_094005,2026-05-14T09:40:05-03:00,2026-05-14T12:40:05+00:00,betano,basketball,NBA,props_nba_20260514_094005.csv,Portland Fire F New York Liberty F,portland fire f new york liberty f,Marine Johannès,marine johannes,RA (hitos),6+,0.0,1.72,player_ra_hito,RA,over,6,5.5,Marine Johannès 6+ RA,1,
8b85c5f88dd71920ea08c4bd77911b4fba2677f0,20260514_094005,2026-05-14T09:40:05-03:00,2026-05-14T12:40:05+00:00,betano,basketball,NBA,props_nba_20260514_094005.csv,Portland Fire F New York Liberty F,portland fire f new york liberty f,Marine Johannès,marine johannes,RA (hitos),7+,0.0,2.37,player_ra_hito,RA,over,7,6.5,Marine Johannès 7+ RA,1,
4c053827af514ba4c203a5feba98e86a28c72e82,20260514_094005,2026-05-14T09:40:05-03:00,2026-05-14T12:40:05+00:00,betano,basketball,NBA,props_nba_20260514_094005.csv,Portland Fire F New York Liberty F,portland fire f new york liberty f,Marine Johannès,marine johannes,RA (hitos),8+,0.0,3.5,player_ra_hito,RA,over,8,7.5,Marine Johannès 8+ RA,1,
e9bf069ae10ba6ce2cf00564ee00ae557e2f86f0,20260514_094005,2026-05-14T09:40:05-03:00,2026-05-14T12:40:05+00:00,betano,basketball,NBA,props_nba_20260514_094005.csv,Portland Fire F New York Liberty F,portland fire f new york liberty f,Marine Johannès,marine johannes,RA (hitos),9+,0.0,5.5,player_ra_hito,RA,over,9,8.5,Marine Johannès 9+ RA,1,
3af6b2c8f6e290f3d7a0aa87dc36ff9f8b9ea588,20260514_094005,2026-05-14T09:40:05-03:00,2026-05-14T12:40:05+00:00,betano,basketball,NBA,props_nba_20260514_094005.csv,Portland Fire F New York Liberty F,portland fire f new york liberty f,Marine Johannès,marine johannes,RA (hitos),10+,0.0,8.5,player_ra_hito,RA,over,10,9.5,Marine Johannès 10+ RA,1,
e113d72bc8e49fd3599e6c52f831a0d6072048c9,20260514_094005,2026-05-14T09:40:05-03:00,2026-05-14T12:40:05+00:00,betano,basketball,NBA,props_nba_20260514_094005.csv,Portland Fire F New York Liberty F,portland fire f new york liberty f,Sarah Ashlee Barker,sarah ashlee barker,RA (hitos),3+,0.0,1.23,player_ra_hito,RA,over,3,2.5,Sarah Ashlee Barker 3+ RA,1,
6942f8020da31ba4c7effc3a2716d67d70e7a182,20260514_094005,2026-05-14T09:40:05-03:00,2026-05-14T12:40:05+00:00,betano,basketball,NBA,props_nba_20260514_094005.csv,Portland Fire F New York Liberty F,portland fire f new york liberty f,Sarah Ashlee Barker,sarah ashlee barker,RA (hitos),4+,0.0,1.62,player_ra_hito,RA,over,4,3.5,Sarah Ashlee Barker 4+ RA,1,
ba4338a6830708993ee4005c8c9da71a7934c216,20260514_094005,2026-05-14T09:40:05-03:00,2026-05-14T12:40:05+00:00,betano,basketball,NBA,props_nba_20260514_094005.csv,Portland Fire F New York Liberty F,portland fire f new york liberty f,Sarah Ashlee Barker,sarah ashlee barker,RA (hitos),5+,0.0,2.4,player_ra_hito,RA,over,5,4.5,Sarah Ashlee Barker 5+ RA,1,
ba386cc28cf988b39f757a430bd558c87ca50c91,20260514_094005,2026-05-14T09:40:05-03:00,2026-05-14T12:40:05+00:00,betano,basketball,NBA,props_nba_20260514_094005.csv,Portland Fire F New York Liberty F,portland fire f new york liberty f,Sarah Ashlee Barker,sarah ashlee barker,RA (hitos),6+,0.0,3.8,player_ra_hito,RA,over,6,5.5,Sarah Ashlee Barker 6+ RA,1,
c30d4247bb227c7910e0113efa4807bdcb7ae673,20260514_094005,2026-05-14T09:40:05-03:00,2026-05-14T12:40:05+00:00,betano,basketball,NBA,props_nba_20260514_094005.csv,Portland Fire F New York Liberty F,portland fire f new york liberty f,Sarah Ashlee Barker,sarah ashlee barker,RA (hitos),7+,0.0,6.3,player_ra_hito,RA,over,7,6.5,Sarah Ashlee Barker 7+ RA,1,
73b578d46998c3f5b57b4bfffd1313739bf96284,20260514_094005,2026-05-14T09:40:05-03:00,2026-05-14T12:40:05+00:00,betano,basketball,NBA,props_nba_20260514_094005.csv,Portland Fire F New York Liberty F,portland fire f new york liberty f,Sarah Ashlee Barker,sarah ashlee barker,RA (hitos),8+,0.0,10.25,player_ra_hito,RA,over,8,7.5,Sarah Ashlee Barker 8+ RA,1,
