partido,partido_original,fecha,fecha_hora,equipo_local,equipo_visitante,equipo,jugador,mercado,linea,tipo,cuota,fuente,fixture_id
Cleveland Cavaliers - New York Knicks,Winner Of Ec Sf2 Winner Of Ec Sf1,2026-05-23,2026-05-23 21:00,New York Knicks,Cleveland Cavaliers,Cleveland Cavaliers,Jarrett Allen,Puntos,12.5,Sobre,1.82,dom,
Cleveland Cavaliers - New York Knicks,Winner Of Ec Sf2 Winner Of Ec Sf1,2026-05-23,2026-05-23 21:00,New York Knicks,Cleveland Cavaliers,Cleveland Cavaliers,Jarrett Allen,Puntos,12.5,Debajo,1.85,dom,
Cleveland Cavaliers - New York Knicks,Winner Of Ec Sf2 Winner Of Ec Sf1,2026-05-23,2026-05-23 21:00,New York Knicks,Cleveland Cavaliers,Cleveland Cavaliers,Jarrett Allen,Puntos,13.5,Sobre,1.99,dom_alt,
Cleveland Cavaliers - New York Knicks,Winner Of Ec Sf2 Winner Of Ec Sf1,2026-05-23,2026-05-23 21:00,New York Knicks,Cleveland Cavaliers,Cleveland Cavaliers,Jarrett Allen,Puntos,13.5,Debajo,1.61,dom_alt,
Cleveland Cavaliers - New York Knicks,Winner Of Ec Sf2 Winner Of Ec Sf1,2026-05-23,2026-05-23 21:00,New York Knicks,Cleveland Cavaliers,Cleveland Cavaliers,Jarrett Allen,Puntos,10.5,Sobre,1.45,dom_alt,
Cleveland Cavaliers - New York Knicks,Winner Of Ec Sf2 Winner Of Ec Sf1,2026-05-23,2026-05-23 21:00,New York Knicks,Cleveland Cavaliers,Cleveland Cavaliers,Jarrett Allen,Puntos,10.5,Debajo,2.31,dom_alt,
Cleveland Cavaliers - New York Knicks,Winner Of Ec Sf2 Winner Of Ec Sf1,2026-05-23,2026-05-23 21:00,New York Knicks,Cleveland Cavaliers,Cleveland Cavaliers,Jarrett Allen,Puntos,14.5,Sobre,2.24,dom_alt,
Cleveland Cavaliers - New York Knicks,Winner Of Ec Sf2 Winner Of Ec Sf1,2026-05-23,2026-05-23 21:00,New York Knicks,Cleveland Cavaliers,Cleveland Cavaliers,Jarrett Allen,Puntos,14.5,Debajo,1.47,dom_alt,
Cleveland Cavaliers - New York Knicks,Winner Of Ec Sf2 Winner Of Ec Sf1,2026-05-23,2026-05-23 21:00,New York Knicks,Cleveland Cavaliers,Cleveland Cavaliers,Jarrett Allen,Puntos,9.5,Sobre,1.30,dom_alt,
Cleveland Cavaliers - New York Knicks,Winner Of Ec Sf2 Winner Of Ec Sf1,2026-05-23,2026-05-23 21:00,New York Knicks,Cleveland Cavaliers,Cleveland Cavaliers,Jarrett Allen,Puntos,9.5,Debajo,2.82,dom_alt,
Cleveland Cavaliers - New York Knicks,Winner Of Ec Sf2 Winner Of Ec Sf1,2026-05-23,2026-05-23 21:00,New York Knicks,Cleveland Cavaliers,Cleveland Cavaliers,Jarrett Allen,Puntos,15.5,Sobre,2.60,dom_alt,
Cleveland Cavaliers - New York Knicks,Winner Of Ec Sf2 Winner Of Ec Sf1,2026-05-23,2026-05-23 21:00,New York Knicks,Cleveland Cavaliers,Cleveland Cavaliers,Jarrett Allen,Puntos,15.5,Debajo,1.35,dom_alt,
Cleveland Cavaliers - New York Knicks,Winner Of Ec Sf2 Winner Of Ec Sf1,2026-05-23,2026-05-23 21:00,New York Knicks,Cleveland Cavaliers,Cleveland Cavaliers,Jarrett Allen,Rebotes,8.5,Sobre,1.97,dom,
Cleveland Cavaliers - New York Knicks,Winner Of Ec Sf2 Winner Of Ec Sf1,2026-05-23,2026-05-23 21:00,New York Knicks,Cleveland Cavaliers,Cleveland Cavaliers,Jarrett Allen,Rebotes,8.5,Debajo,1.72,dom,
Cleveland Cavaliers - New York Knicks,Winner Of Ec Sf2 Winner Of Ec Sf1,2026-05-23,2026-05-23 21:00,New York Knicks,Cleveland Cavaliers,Cleveland Cavaliers,Jarrett Allen,Rebotes,9.5,Sobre,2.25,dom_alt,
Cleveland Cavaliers - New York Knicks,Winner Of Ec Sf2 Winner Of Ec Sf1,2026-05-23,2026-05-23 21:00,New York Knicks,Cleveland Cavaliers,Cleveland Cavaliers,Jarrett Allen,Rebotes,9.5,Debajo,1.47,dom_alt,
Cleveland Cavaliers - New York Knicks,Winner Of Ec Sf2 Winner Of Ec Sf1,2026-05-23,2026-05-23 21:00,New York Knicks,Cleveland Cavaliers,Cleveland Cavaliers,Jarrett Allen,Rebotes,6.5,Sobre,1.35,dom_alt,
Cleveland Cavaliers - New York Knicks,Winner Of Ec Sf2 Winner Of Ec Sf1,2026-05-23,2026-05-23 21:00,New York Knicks,Cleveland Cavaliers,Cleveland Cavaliers,Jarrett Allen,Rebotes,6.5,Debajo,2.62,dom_alt,
Cleveland Cavaliers - New York Knicks,Winner Of Ec Sf2 Winner Of Ec Sf1,2026-05-23,2026-05-23 21:00,New York Knicks,Cleveland Cavaliers,Cleveland Cavaliers,Jarrett Allen,Tapones,1.5,Sobre,2.27,dom,
Cleveland Cavaliers - New York Knicks,Winner Of Ec Sf2 Winner Of Ec Sf1,2026-05-23,2026-05-23 21:00,New York Knicks,Cleveland Cavaliers,Cleveland Cavaliers,Jarrett Allen,Tapones,1.5,Debajo,1.54,dom,
Cleveland Cavaliers - New York Knicks,Winner Of Ec Sf2 Winner Of Ec Sf1,2026-05-23,2026-05-23 21:00,New York Knicks,Cleveland Cavaliers,Cleveland Cavaliers,Jarrett Allen,Puntos+Rebotes,21.5,Sobre,1.94,dom,
Cleveland Cavaliers - New York Knicks,Winner Of Ec Sf2 Winner Of Ec Sf1,2026-05-23,2026-05-23 21:00,New York Knicks,Cleveland Cavaliers,Cleveland Cavaliers,Jarrett Allen,Puntos+Rebotes,21.5,Debajo,1.74,dom,
Cleveland Cavaliers - New York Knicks,Winner Of Ec Sf2 Winner Of Ec Sf1,2026-05-23,2026-05-23 21:00,New York Knicks,Cleveland Cavaliers,Cleveland Cavaliers,Jarrett Allen,Puntos+Rebotes,22.5,Sobre,2.05,dom_alt,
Cleveland Cavaliers - New York Knicks,Winner Of Ec Sf2 Winner Of Ec Sf1,2026-05-23,2026-05-23 21:00,New York Knicks,Cleveland Cavaliers,Cleveland Cavaliers,Jarrett Allen,Puntos+Rebotes,22.5,Debajo,1.57,dom_alt,
Cleveland Cavaliers - New York Knicks,Winner Of Ec Sf2 Winner Of Ec Sf1,2026-05-23,2026-05-23 21:00,New York Knicks,Cleveland Cavaliers,Cleveland Cavaliers,Jarrett Allen,Puntos+Rebotes,19.5,Sobre,1.55,dom_alt,
Cleveland Cavaliers - New York Knicks,Winner Of Ec Sf2 Winner Of Ec Sf1,2026-05-23,2026-05-23 21:00,New York Knicks,Cleveland Cavaliers,Cleveland Cavaliers,Jarrett Allen,Puntos+Rebotes,19.5,Debajo,2.08,dom_alt,
Cleveland Cavaliers - New York Knicks,Winner Of Ec Sf2 Winner Of Ec Sf1,2026-05-23,2026-05-23 21:00,New York Knicks,Cleveland Cavaliers,Cleveland Cavaliers,Jarrett Allen,Puntos+Asistencias,13.5,Sobre,1.74,dom,
Cleveland Cavaliers - New York Knicks,Winner Of Ec Sf2 Winner Of Ec Sf1,2026-05-23,2026-05-23 21:00,New York Knicks,Cleveland Cavaliers,Cleveland Cavaliers,Jarrett Allen,Puntos+Asistencias,13.5,Debajo,1.94,dom,
Cleveland Cavaliers - New York Knicks,Winner Of Ec Sf2 Winner Of Ec Sf1,2026-05-23,2026-05-23 21:00,New York Knicks,Cleveland Cavaliers,Cleveland Cavaliers,Jarrett Allen,Puntos+Asistencias,14.5,Sobre,1.92,dom_alt,
Cleveland Cavaliers - New York Knicks,Winner Of Ec Sf2 Winner Of Ec Sf1,2026-05-23,2026-05-23 21:00,New York Knicks,Cleveland Cavaliers,Cleveland Cavaliers,Jarrett Allen,Puntos+Asistencias,14.5,Debajo,1.66,dom_alt,
Cleveland Cavaliers - New York Knicks,Winner Of Ec Sf2 Winner Of Ec Sf1,2026-05-23,2026-05-23 21:00,New York Knicks,Cleveland Cavaliers,Cleveland Cavaliers,Jarrett Allen,Puntos+Asistencias,15.5,Sobre,2.12,dom_alt,
Cleveland Cavaliers - New York Knicks,Winner Of Ec Sf2 Winner Of Ec Sf1,2026-05-23,2026-05-23 21:00,New York Knicks,Cleveland Cavaliers,Cleveland Cavaliers,Jarrett Allen,Puntos+Asistencias,15.5,Debajo,1.53,dom_alt,
Cleveland Cavaliers - New York Knicks,Winner Of Ec Sf2 Winner Of Ec Sf1,2026-05-23,2026-05-23 21:00,New York Knicks,Cleveland Cavaliers,Cleveland Cavaliers,Jarrett Allen,PRA,22.5,Sobre,1.87,dom,
Cleveland Cavaliers - New York Knicks,Winner Of Ec Sf2 Winner Of Ec Sf1,2026-05-23,2026-05-23 21:00,New York Knicks,Cleveland Cavaliers,Cleveland Cavaliers,Jarrett Allen,PRA,22.5,Debajo,1.80,dom,
Cleveland Cavaliers - New York Knicks,Winner Of Ec Sf2 Winner Of Ec Sf1,2026-05-23,2026-05-23 21:00,New York Knicks,Cleveland Cavaliers,Cleveland Cavaliers,Jarrett Allen,PRA,23.5,Sobre,1.98,dom_alt,
Cleveland Cavaliers - New York Knicks,Winner Of Ec Sf2 Winner Of Ec Sf1,2026-05-23,2026-05-23 21:00,New York Knicks,Cleveland Cavaliers,Cleveland Cavaliers,Jarrett Allen,PRA,23.5,Debajo,1.61,dom_alt,
Cleveland Cavaliers - New York Knicks,Winner Of Ec Sf2 Winner Of Ec Sf1,2026-05-23,2026-05-23 21:00,New York Knicks,Cleveland Cavaliers,Cleveland Cavaliers,Jarrett Allen,PRA,20.5,Sobre,1.56,dom_alt,
Cleveland Cavaliers - New York Knicks,Winner Of Ec Sf2 Winner Of Ec Sf1,2026-05-23,2026-05-23 21:00,New York Knicks,Cleveland Cavaliers,Cleveland Cavaliers,Jarrett Allen,PRA,20.5,Debajo,2.07,dom_alt,
Cleveland Cavaliers - New York Knicks,Winner Of Ec Sf2 Winner Of Ec Sf1,2026-05-23,2026-05-23 21:00,New York Knicks,Cleveland Cavaliers,Cleveland Cavaliers,Jarrett Allen,PRA,24.5,Sobre,2.12,dom_alt,
Cleveland Cavaliers - New York Knicks,Winner Of Ec Sf2 Winner Of Ec Sf1,2026-05-23,2026-05-23 21:00,New York Knicks,Cleveland Cavaliers,Cleveland Cavaliers,Jarrett Allen,PRA,24.5,Debajo,1.53,dom_alt,
Cleveland Cavaliers - New York Knicks,Winner Of Ec Sf2 Winner Of Ec Sf1,2026-05-23,2026-05-23 21:00,New York Knicks,Cleveland Cavaliers,Cleveland Cavaliers,Jarrett Allen,PRA,19.5,Sobre,1.43,dom_alt,
Cleveland Cavaliers - New York Knicks,Winner Of Ec Sf2 Winner Of Ec Sf1,2026-05-23,2026-05-23 21:00,New York Knicks,Cleveland Cavaliers,Cleveland Cavaliers,Jarrett Allen,PRA,19.5,Debajo,2.34,dom_alt,
Cleveland Cavaliers - New York Knicks,Winner Of Ec Sf2 Winner Of Ec Sf1,2026-05-23,2026-05-23 21:00,New York Knicks,Cleveland Cavaliers,Cleveland Cavaliers,Jarrett Allen,PRA,25.5,Sobre,2.38,dom_alt,
Cleveland Cavaliers - New York Knicks,Winner Of Ec Sf2 Winner Of Ec Sf1,2026-05-23,2026-05-23 21:00,New York Knicks,Cleveland Cavaliers,Cleveland Cavaliers,Jarrett Allen,PRA,25.5,Debajo,1.42,dom_alt,
Cleveland Cavaliers - New York Knicks,Winner Of Ec Sf2 Winner Of Ec Sf1,2026-05-23,2026-05-23 21:00,New York Knicks,Cleveland Cavaliers,Cleveland Cavaliers,Jarrett Allen,PRA,18.5,Sobre,1.34,dom_alt,
Cleveland Cavaliers - New York Knicks,Winner Of Ec Sf2 Winner Of Ec Sf1,2026-05-23,2026-05-23 21:00,New York Knicks,Cleveland Cavaliers,Cleveland Cavaliers,Jarrett Allen,PRA,18.5,Debajo,2.65,dom_alt,
Cleveland Cavaliers - New York Knicks,Winner Of Ec Sf2 Winner Of Ec Sf1,2026-05-23,2026-05-23 21:00,New York Knicks,Cleveland Cavaliers,Cleveland Cavaliers,Jarrett Allen,PRA,26.5,Sobre,2.67,dom_alt,
Cleveland Cavaliers - New York Knicks,Winner Of Ec Sf2 Winner Of Ec Sf1,2026-05-23,2026-05-23 21:00,New York Knicks,Cleveland Cavaliers,Cleveland Cavaliers,Jarrett Allen,PRA,26.5,Debajo,1.33,dom_alt,
Cleveland Cavaliers - New York Knicks,Winner Of Ec Sf2 Winner Of Ec Sf1,2026-05-23,2026-05-23 21:00,New York Knicks,Cleveland Cavaliers,Cleveland Cavaliers,Jarrett Allen,Asistencias+Rebotes,9.5,Sobre,1.84,dom,
Cleveland Cavaliers - New York Knicks,Winner Of Ec Sf2 Winner Of Ec Sf1,2026-05-23,2026-05-23 21:00,New York Knicks,Cleveland Cavaliers,Cleveland Cavaliers,Jarrett Allen,Asistencias+Rebotes,9.5,Debajo,1.83,dom,
Cleveland Cavaliers - New York Knicks,Winner Of Ec Sf2 Winner Of Ec Sf1,2026-05-23,2026-05-23 21:00,New York Knicks,Cleveland Cavaliers,Cleveland Cavaliers,Jarrett Allen,Asistencias+Rebotes,10.5,Sobre,2.06,dom_alt,
Cleveland Cavaliers - New York Knicks,Winner Of Ec Sf2 Winner Of Ec Sf1,2026-05-23,2026-05-23 21:00,New York Knicks,Cleveland Cavaliers,Cleveland Cavaliers,Jarrett Allen,Asistencias+Rebotes,10.5,Debajo,1.57,dom_alt,
Cleveland Cavaliers - New York Knicks,Winner Of Ec Sf2 Winner Of Ec Sf1,2026-05-23,2026-05-23 21:00,New York Knicks,Cleveland Cavaliers,Cleveland Cavaliers,Jarrett Allen,Robos+Tapones,2.5,Sobre,2.17,dom,
Cleveland Cavaliers - New York Knicks,Winner Of Ec Sf2 Winner Of Ec Sf1,2026-05-23,2026-05-23 21:00,New York Knicks,Cleveland Cavaliers,Cleveland Cavaliers,Jarrett Allen,Robos+Tapones,2.5,Debajo,1.59,dom,
Cleveland Cavaliers - New York Knicks,Winner Of Ec Sf2 Winner Of Ec Sf1,2026-05-23,2026-05-23 21:00,New York Knicks,Cleveland Cavaliers,Cleveland Cavaliers,Jarrett Allen,DobleDoble,0.5,Sobre,2.92,dom,
Cleveland Cavaliers - New York Knicks,Winner Of Ec Sf2 Winner Of Ec Sf1,2026-05-23,2026-05-23 21:00,New York Knicks,Cleveland Cavaliers,Cleveland Cavaliers,Jarrett Allen,DobleDoble,0.5,Debajo,1.34,dom,
Cleveland Cavaliers - New York Knicks,Winner Of Ec Sf2 Winner Of Ec Sf1,2026-05-23,2026-05-23 21:00,New York Knicks,Cleveland Cavaliers,Cleveland Cavaliers,Jarrett Allen,Asistencias,1.5,Sobre,2.43,dom,
Cleveland Cavaliers - New York Knicks,Winner Of Ec Sf2 Winner Of Ec Sf1,2026-05-23,2026-05-23 21:00,New York Knicks,Cleveland Cavaliers,Cleveland Cavaliers,Jarrett Allen,Asistencias,1.5,Debajo,1.47,dom,
Cleveland Cavaliers - New York Knicks,Winner Of Ec Sf2 Winner Of Ec Sf1,2026-05-23,2026-05-23 21:00,New York Knicks,Cleveland Cavaliers,Cleveland Cavaliers,Jarrett Allen,PuntosPrimerCuarto,3.5,Sobre,1.80,dom,
Cleveland Cavaliers - New York Knicks,Winner Of Ec Sf2 Winner Of Ec Sf1,2026-05-23,2026-05-23 21:00,New York Knicks,Cleveland Cavaliers,Cleveland Cavaliers,Jarrett Allen,PuntosPrimerCuarto,3.5,Debajo,1.87,dom,
Cleveland Cavaliers - New York Knicks,Winner Of Ec Sf2 Winner Of Ec Sf1,2026-05-23,2026-05-23 21:00,New York Knicks,Cleveland Cavaliers,Cleveland Cavaliers,Jarrett Allen,RebotesPrimerCuarto,2.5,Sobre,2.24,dom,
Cleveland Cavaliers - New York Knicks,Winner Of Ec Sf2 Winner Of Ec Sf1,2026-05-23,2026-05-23 21:00,New York Knicks,Cleveland Cavaliers,Cleveland Cavaliers,Jarrett Allen,RebotesPrimerCuarto,2.5,Debajo,1.55,dom,
Cleveland Cavaliers - New York Knicks,Winner Of Ec Sf2 Winner Of Ec Sf1,2026-05-23,2026-05-23 21:00,New York Knicks,Cleveland Cavaliers,Cleveland Cavaliers,Jarrett Allen,TirosLibres,2.5,Sobre,1.92,dom,
Cleveland Cavaliers - New York Knicks,Winner Of Ec Sf2 Winner Of Ec Sf1,2026-05-23,2026-05-23 21:00,New York Knicks,Cleveland Cavaliers,Cleveland Cavaliers,Jarrett Allen,TirosLibres,2.5,Debajo,1.76,dom,
Cleveland Cavaliers - New York Knicks,Winner Of Ec Sf2 Winner Of Ec Sf1,2026-05-23,2026-05-23 21:00,New York Knicks,Cleveland Cavaliers,Cleveland Cavaliers,Jarrett Allen,TirosLibresInt,4.5,Sobre,2.14,dom,
Cleveland Cavaliers - New York Knicks,Winner Of Ec Sf2 Winner Of Ec Sf1,2026-05-23,2026-05-23 21:00,New York Knicks,Cleveland Cavaliers,Cleveland Cavaliers,Jarrett Allen,TirosLibresInt,4.5,Debajo,1.60,dom,
Cleveland Cavaliers - New York Knicks,Winner Of Ec Sf2 Winner Of Ec Sf1,2026-05-23,2026-05-23 21:00,New York Knicks,Cleveland Cavaliers,Cleveland Cavaliers,Jarrett Allen,GolesCampo,4.5,Sobre,1.62,dom,
Cleveland Cavaliers - New York Knicks,Winner Of Ec Sf2 Winner Of Ec Sf1,2026-05-23,2026-05-23 21:00,New York Knicks,Cleveland Cavaliers,Cleveland Cavaliers,Jarrett Allen,GolesCampo,4.5,Debajo,2.11,dom,
Cleveland Cavaliers - New York Knicks,Winner Of Ec Sf2 Winner Of Ec Sf1,2026-05-23,2026-05-23 21:00,New York Knicks,Cleveland Cavaliers,Cleveland Cavaliers,Jarrett Allen,GolesCampoInt,8.5,Sobre,2.06,dom,
Cleveland Cavaliers - New York Knicks,Winner Of Ec Sf2 Winner Of Ec Sf1,2026-05-23,2026-05-23 21:00,New York Knicks,Cleveland Cavaliers,Cleveland Cavaliers,Jarrett Allen,GolesCampoInt,8.5,Debajo,1.66,dom,
Cleveland Cavaliers - New York Knicks,Winner Of Ec Sf2 Winner Of Ec Sf1,2026-05-23,2026-05-23 21:00,New York Knicks,Cleveland Cavaliers,Cleveland Cavaliers,Jarrett Allen,Faltas,2.5,Sobre,1.82,dom,
Cleveland Cavaliers - New York Knicks,Winner Of Ec Sf2 Winner Of Ec Sf1,2026-05-23,2026-05-23 21:00,New York Knicks,Cleveland Cavaliers,Cleveland Cavaliers,Jarrett Allen,Faltas,2.5,Debajo,1.85,dom,
Cleveland Cavaliers - New York Knicks,Winner Of Ec Sf2 Winner Of Ec Sf1,2026-05-23,2026-05-23 21:00,New York Knicks,Cleveland Cavaliers,Cleveland Cavaliers,James Harden,Puntos,18.5,Sobre,1.85,dom,
Cleveland Cavaliers - New York Knicks,Winner Of Ec Sf2 Winner Of Ec Sf1,2026-05-23,2026-05-23 21:00,New York Knicks,Cleveland Cavaliers,Cleveland Cavaliers,James Harden,Puntos,18.5,Debajo,1.82,dom,
Cleveland Cavaliers - New York Knicks,Winner Of Ec Sf2 Winner Of Ec Sf1,2026-05-23,2026-05-23 21:00,New York Knicks,Cleveland Cavaliers,Cleveland Cavaliers,James Harden,Puntos,19.5,Sobre,1.97,dom_alt,
Cleveland Cavaliers - New York Knicks,Winner Of Ec Sf2 Winner Of Ec Sf1,2026-05-23,2026-05-23 21:00,New York Knicks,Cleveland Cavaliers,Cleveland Cavaliers,James Harden,Puntos,19.5,Debajo,1.62,dom_alt,
Cleveland Cavaliers - New York Knicks,Winner Of Ec Sf2 Winner Of Ec Sf1,2026-05-23,2026-05-23 21:00,New York Knicks,Cleveland Cavaliers,Cleveland Cavaliers,James Harden,Puntos,16.5,Sobre,1.54,dom_alt,
Cleveland Cavaliers - New York Knicks,Winner Of Ec Sf2 Winner Of Ec Sf1,2026-05-23,2026-05-23 21:00,New York Knicks,Cleveland Cavaliers,Cleveland Cavaliers,James Harden,Puntos,16.5,Debajo,2.10,dom_alt,
Cleveland Cavaliers - New York Knicks,Winner Of Ec Sf2 Winner Of Ec Sf1,2026-05-23,2026-05-23 21:00,New York Knicks,Cleveland Cavaliers,Cleveland Cavaliers,James Harden,Puntos,20.5,Sobre,2.10,dom_alt,
Cleveland Cavaliers - New York Knicks,Winner Of Ec Sf2 Winner Of Ec Sf1,2026-05-23,2026-05-23 21:00,New York Knicks,Cleveland Cavaliers,Cleveland Cavaliers,James Harden,Puntos,20.5,Debajo,1.54,dom_alt,
Cleveland Cavaliers - New York Knicks,Winner Of Ec Sf2 Winner Of Ec Sf1,2026-05-23,2026-05-23 21:00,New York Knicks,Cleveland Cavaliers,Cleveland Cavaliers,James Harden,Puntos,15.5,Sobre,1.43,dom_alt,
Cleveland Cavaliers - New York Knicks,Winner Of Ec Sf2 Winner Of Ec Sf1,2026-05-23,2026-05-23 21:00,New York Knicks,Cleveland Cavaliers,Cleveland Cavaliers,James Harden,Puntos,15.5,Debajo,2.35,dom_alt,
Cleveland Cavaliers - New York Knicks,Winner Of Ec Sf2 Winner Of Ec Sf1,2026-05-23,2026-05-23 21:00,New York Knicks,Cleveland Cavaliers,Cleveland Cavaliers,James Harden,Puntos,21.5,Sobre,2.35,dom_alt,
Cleveland Cavaliers - New York Knicks,Winner Of Ec Sf2 Winner Of Ec Sf1,2026-05-23,2026-05-23 21:00,New York Knicks,Cleveland Cavaliers,Cleveland Cavaliers,James Harden,Puntos,21.5,Debajo,1.43,dom_alt,
Cleveland Cavaliers - New York Knicks,Winner Of Ec Sf2 Winner Of Ec Sf1,2026-05-23,2026-05-23 21:00,New York Knicks,Cleveland Cavaliers,Cleveland Cavaliers,James Harden,Puntos,14.5,Sobre,1.33,dom_alt,
Cleveland Cavaliers - New York Knicks,Winner Of Ec Sf2 Winner Of Ec Sf1,2026-05-23,2026-05-23 21:00,New York Knicks,Cleveland Cavaliers,Cleveland Cavaliers,James Harden,Puntos,14.5,Debajo,2.68,dom_alt,
Cleveland Cavaliers - New York Knicks,Winner Of Ec Sf2 Winner Of Ec Sf1,2026-05-23,2026-05-23 21:00,New York Knicks,Cleveland Cavaliers,Cleveland Cavaliers,James Harden,Puntos,22.5,Sobre,2.63,dom_alt,
Cleveland Cavaliers - New York Knicks,Winner Of Ec Sf2 Winner Of Ec Sf1,2026-05-23,2026-05-23 21:00,New York Knicks,Cleveland Cavaliers,Cleveland Cavaliers,James Harden,Puntos,22.5,Debajo,1.34,dom_alt,
Cleveland Cavaliers - New York Knicks,Winner Of Ec Sf2 Winner Of Ec Sf1,2026-05-23,2026-05-23 21:00,New York Knicks,Cleveland Cavaliers,Cleveland Cavaliers,James Harden,Rebotes,4.5,Sobre,1.71,dom,
Cleveland Cavaliers - New York Knicks,Winner Of Ec Sf2 Winner Of Ec Sf1,2026-05-23,2026-05-23 21:00,New York Knicks,Cleveland Cavaliers,Cleveland Cavaliers,James Harden,Rebotes,4.5,Debajo,1.98,dom,
Cleveland Cavaliers - New York Knicks,Winner Of Ec Sf2 Winner Of Ec Sf1,2026-05-23,2026-05-23 21:00,New York Knicks,Cleveland Cavaliers,Cleveland Cavaliers,James Harden,Rebotes,5.5,Sobre,2.16,dom_alt,
Cleveland Cavaliers - New York Knicks,Winner Of Ec Sf2 Winner Of Ec Sf1,2026-05-23,2026-05-23 21:00,New York Knicks,Cleveland Cavaliers,Cleveland Cavaliers,James Harden,Rebotes,5.5,Debajo,1.51,dom_alt,
Cleveland Cavaliers - New York Knicks,Winner Of Ec Sf2 Winner Of Ec Sf1,2026-05-23,2026-05-23 21:00,New York Knicks,Cleveland Cavaliers,Cleveland Cavaliers,James Harden,Triples,2.5,Sobre,1.93,dom,
Cleveland Cavaliers - New York Knicks,Winner Of Ec Sf2 Winner Of Ec Sf1,2026-05-23,2026-05-23 21:00,New York Knicks,Cleveland Cavaliers,Cleveland Cavaliers,James Harden,Triples,2.5,Debajo,1.75,dom,
Cleveland Cavaliers - New York Knicks,Winner Of Ec Sf2 Winner Of Ec Sf1,2026-05-23,2026-05-23 21:00,New York Knicks,Cleveland Cavaliers,Cleveland Cavaliers,James Harden,Tapones,0.5,Sobre,2.30,dom,
Cleveland Cavaliers - New York Knicks,Winner Of Ec Sf2 Winner Of Ec Sf1,2026-05-23,2026-05-23 21:00,New York Knicks,Cleveland Cavaliers,Cleveland Cavaliers,James Harden,Tapones,0.5,Debajo,1.53,dom,
Cleveland Cavaliers - New York Knicks,Winner Of Ec Sf2 Winner Of Ec Sf1,2026-05-23,2026-05-23 21:00,New York Knicks,Cleveland Cavaliers,Cleveland Cavaliers,James Harden,Pérdidas,3.5,Sobre,1.71,dom,
Cleveland Cavaliers - New York Knicks,Winner Of Ec Sf2 Winner Of Ec Sf1,2026-05-23,2026-05-23 21:00,New York Knicks,Cleveland Cavaliers,Cleveland Cavaliers,James Harden,Pérdidas,3.5,Debajo,1.98,dom,
Cleveland Cavaliers - New York Knicks,Winner Of Ec Sf2 Winner Of Ec Sf1,2026-05-23,2026-05-23 21:00,New York Knicks,Cleveland Cavaliers,Cleveland Cavaliers,James Harden,Puntos+Rebotes,23.5,Sobre,1.85,dom,
Cleveland Cavaliers - New York Knicks,Winner Of Ec Sf2 Winner Of Ec Sf1,2026-05-23,2026-05-23 21:00,New York Knicks,Cleveland Cavaliers,Cleveland Cavaliers,James Harden,Puntos+Rebotes,23.5,Debajo,1.82,dom,
Cleveland Cavaliers - New York Knicks,Winner Of Ec Sf2 Winner Of Ec Sf1,2026-05-23,2026-05-23 21:00,New York Knicks,Cleveland Cavaliers,Cleveland Cavaliers,James Harden,Puntos+Rebotes,24.5,Sobre,1.94,dom_alt,
Cleveland Cavaliers - New York Knicks,Winner Of Ec Sf2 Winner Of Ec Sf1,2026-05-23,2026-05-23 21:00,New York Knicks,Cleveland Cavaliers,Cleveland Cavaliers,James Harden,Puntos+Rebotes,24.5,Debajo,1.64,dom_alt,
Cleveland Cavaliers - New York Knicks,Winner Of Ec Sf2 Winner Of Ec Sf1,2026-05-23,2026-05-23 21:00,New York Knicks,Cleveland Cavaliers,Cleveland Cavaliers,James Harden,Puntos+Rebotes,21.5,Sobre,1.54,dom_alt,
Cleveland Cavaliers - New York Knicks,Winner Of Ec Sf2 Winner Of Ec Sf1,2026-05-23,2026-05-23 21:00,New York Knicks,Cleveland Cavaliers,Cleveland Cavaliers,James Harden,Puntos+Rebotes,21.5,Debajo,2.11,dom_alt,
Cleveland Cavaliers - New York Knicks,Winner Of Ec Sf2 Winner Of Ec Sf1,2026-05-23,2026-05-23 21:00,New York Knicks,Cleveland Cavaliers,Cleveland Cavaliers,James Harden,Puntos+Rebotes,25.5,Sobre,2.07,dom_alt,
Cleveland Cavaliers - New York Knicks,Winner Of Ec Sf2 Winner Of Ec Sf1,2026-05-23,2026-05-23 21:00,New York Knicks,Cleveland Cavaliers,Cleveland Cavaliers,James Harden,Puntos+Rebotes,25.5,Debajo,1.56,dom_alt,
Cleveland Cavaliers - New York Knicks,Winner Of Ec Sf2 Winner Of Ec Sf1,2026-05-23,2026-05-23 21:00,New York Knicks,Cleveland Cavaliers,Cleveland Cavaliers,James Harden,Puntos+Asistencias,24.5,Sobre,1.85,dom,
Cleveland Cavaliers - New York Knicks,Winner Of Ec Sf2 Winner Of Ec Sf1,2026-05-23,2026-05-23 21:00,New York Knicks,Cleveland Cavaliers,Cleveland Cavaliers,James Harden,Puntos+Asistencias,24.5,Debajo,1.82,dom,
Cleveland Cavaliers - New York Knicks,Winner Of Ec Sf2 Winner Of Ec Sf1,2026-05-23,2026-05-23 21:00,New York Knicks,Cleveland Cavaliers,Cleveland Cavaliers,James Harden,Puntos+Asistencias,25.5,Sobre,1.95,dom_alt,
Cleveland Cavaliers - New York Knicks,Winner Of Ec Sf2 Winner Of Ec Sf1,2026-05-23,2026-05-23 21:00,New York Knicks,Cleveland Cavaliers,Cleveland Cavaliers,James Harden,Puntos+Asistencias,25.5,Debajo,1.64,dom_alt,
Cleveland Cavaliers - New York Knicks,Winner Of Ec Sf2 Winner Of Ec Sf1,2026-05-23,2026-05-23 21:00,New York Knicks,Cleveland Cavaliers,Cleveland Cavaliers,James Harden,Puntos+Asistencias,22.5,Sobre,1.57,dom_alt,
Cleveland Cavaliers - New York Knicks,Winner Of Ec Sf2 Winner Of Ec Sf1,2026-05-23,2026-05-23 21:00,New York Knicks,Cleveland Cavaliers,Cleveland Cavaliers,James Harden,Puntos+Asistencias,22.5,Debajo,2.05,dom_alt,
Cleveland Cavaliers - New York Knicks,Winner Of Ec Sf2 Winner Of Ec Sf1,2026-05-23,2026-05-23 21:00,New York Knicks,Cleveland Cavaliers,Cleveland Cavaliers,James Harden,Puntos+Asistencias,26.5,Sobre,2.07,dom_alt,
Cleveland Cavaliers - New York Knicks,Winner Of Ec Sf2 Winner Of Ec Sf1,2026-05-23,2026-05-23 21:00,New York Knicks,Cleveland Cavaliers,Cleveland Cavaliers,James Harden,Puntos+Asistencias,26.5,Debajo,1.56,dom_alt,
Cleveland Cavaliers - New York Knicks,Winner Of Ec Sf2 Winner Of Ec Sf1,2026-05-23,2026-05-23 21:00,New York Knicks,Cleveland Cavaliers,Cleveland Cavaliers,James Harden,PRA,29.5,Sobre,1.85,dom,
Cleveland Cavaliers - New York Knicks,Winner Of Ec Sf2 Winner Of Ec Sf1,2026-05-23,2026-05-23 21:00,New York Knicks,Cleveland Cavaliers,Cleveland Cavaliers,James Harden,PRA,29.5,Debajo,1.82,dom,
Cleveland Cavaliers - New York Knicks,Winner Of Ec Sf2 Winner Of Ec Sf1,2026-05-23,2026-05-23 21:00,New York Knicks,Cleveland Cavaliers,Cleveland Cavaliers,James Harden,PRA,30.5,Sobre,1.92,dom_alt,
Cleveland Cavaliers - New York Knicks,Winner Of Ec Sf2 Winner Of Ec Sf1,2026-05-23,2026-05-23 21:00,New York Knicks,Cleveland Cavaliers,Cleveland Cavaliers,James Harden,PRA,30.5,Debajo,1.65,dom_alt,
Cleveland Cavaliers - New York Knicks,Winner Of Ec Sf2 Winner Of Ec Sf1,2026-05-23,2026-05-23 21:00,New York Knicks,Cleveland Cavaliers,Cleveland Cavaliers,James Harden,PRA,27.5,Sobre,1.56,dom_alt,
Cleveland Cavaliers - New York Knicks,Winner Of Ec Sf2 Winner Of Ec Sf1,2026-05-23,2026-05-23 21:00,New York Knicks,Cleveland Cavaliers,Cleveland Cavaliers,James Harden,PRA,27.5,Debajo,2.07,dom_alt,
Cleveland Cavaliers - New York Knicks,Winner Of Ec Sf2 Winner Of Ec Sf1,2026-05-23,2026-05-23 21:00,New York Knicks,Cleveland Cavaliers,Cleveland Cavaliers,James Harden,PRA,31.5,Sobre,2.12,dom_alt,
Cleveland Cavaliers - New York Knicks,Winner Of Ec Sf2 Winner Of Ec Sf1,2026-05-23,2026-05-23 21:00,New York Knicks,Cleveland Cavaliers,Cleveland Cavaliers,James Harden,PRA,31.5,Debajo,1.53,dom_alt,
Cleveland Cavaliers - New York Knicks,Winner Of Ec Sf2 Winner Of Ec Sf1,2026-05-23,2026-05-23 21:00,New York Knicks,Cleveland Cavaliers,Cleveland Cavaliers,James Harden,PRA,26.5,Sobre,1.50,dom_alt,
Cleveland Cavaliers - New York Knicks,Winner Of Ec Sf2 Winner Of Ec Sf1,2026-05-23,2026-05-23 21:00,New York Knicks,Cleveland Cavaliers,Cleveland Cavaliers,James Harden,PRA,26.5,Debajo,2.18,dom_alt,
Cleveland Cavaliers - New York Knicks,Winner Of Ec Sf2 Winner Of Ec Sf1,2026-05-23,2026-05-23 21:00,New York Knicks,Cleveland Cavaliers,Cleveland Cavaliers,James Harden,PRA,32.5,Sobre,2.25,dom_alt,
Cleveland Cavaliers - New York Knicks,Winner Of Ec Sf2 Winner Of Ec Sf1,2026-05-23,2026-05-23 21:00,New York Knicks,Cleveland Cavaliers,Cleveland Cavaliers,James Harden,PRA,32.5,Debajo,1.47,dom_alt,
Cleveland Cavaliers - New York Knicks,Winner Of Ec Sf2 Winner Of Ec Sf1,2026-05-23,2026-05-23 21:00,New York Knicks,Cleveland Cavaliers,Cleveland Cavaliers,James Harden,PRA,25.5,Sobre,1.41,dom_alt,
Cleveland Cavaliers - New York Knicks,Winner Of Ec Sf2 Winner Of Ec Sf1,2026-05-23,2026-05-23 21:00,New York Knicks,Cleveland Cavaliers,Cleveland Cavaliers,James Harden,PRA,25.5,Debajo,2.41,dom_alt,
Cleveland Cavaliers - New York Knicks,Winner Of Ec Sf2 Winner Of Ec Sf1,2026-05-23,2026-05-23 21:00,New York Knicks,Cleveland Cavaliers,Cleveland Cavaliers,James Harden,PRA,33.5,Sobre,2.49,dom_alt,
Cleveland Cavaliers - New York Knicks,Winner Of Ec Sf2 Winner Of Ec Sf1,2026-05-23,2026-05-23 21:00,New York Knicks,Cleveland Cavaliers,Cleveland Cavaliers,James Harden,PRA,33.5,Debajo,1.38,dom_alt,
Cleveland Cavaliers - New York Knicks,Winner Of Ec Sf2 Winner Of Ec Sf1,2026-05-23,2026-05-23 21:00,New York Knicks,Cleveland Cavaliers,Cleveland Cavaliers,James Harden,PRA,24.5,Sobre,1.33,dom_alt,
Cleveland Cavaliers - New York Knicks,Winner Of Ec Sf2 Winner Of Ec Sf1,2026-05-23,2026-05-23 21:00,New York Knicks,Cleveland Cavaliers,Cleveland Cavaliers,James Harden,PRA,24.5,Debajo,2.70,dom_alt,
Cleveland Cavaliers - New York Knicks,Winner Of Ec Sf2 Winner Of Ec Sf1,2026-05-23,2026-05-23 21:00,New York Knicks,Cleveland Cavaliers,Cleveland Cavaliers,James Harden,PRA,34.5,Sobre,2.78,dom_alt,
Cleveland Cavaliers - New York Knicks,Winner Of Ec Sf2 Winner Of Ec Sf1,2026-05-23,2026-05-23 21:00,New York Knicks,Cleveland Cavaliers,Cleveland Cavaliers,James Harden,PRA,34.5,Debajo,1.31,dom_alt,
Cleveland Cavaliers - New York Knicks,Winner Of Ec Sf2 Winner Of Ec Sf1,2026-05-23,2026-05-23 21:00,New York Knicks,Cleveland Cavaliers,Cleveland Cavaliers,James Harden,Asistencias+Rebotes,10.5,Sobre,1.82,dom,
Cleveland Cavaliers - New York Knicks,Winner Of Ec Sf2 Winner Of Ec Sf1,2026-05-23,2026-05-23 21:00,New York Knicks,Cleveland Cavaliers,Cleveland Cavaliers,James Harden,Asistencias+Rebotes,10.5,Debajo,1.85,dom,
Cleveland Cavaliers - New York Knicks,Winner Of Ec Sf2 Winner Of Ec Sf1,2026-05-23,2026-05-23 21:00,New York Knicks,Cleveland Cavaliers,Cleveland Cavaliers,James Harden,Asistencias+Rebotes,11.5,Sobre,2.12,dom_alt,
Cleveland Cavaliers - New York Knicks,Winner Of Ec Sf2 Winner Of Ec Sf1,2026-05-23,2026-05-23 21:00,New York Knicks,Cleveland Cavaliers,Cleveland Cavaliers,James Harden,Asistencias+Rebotes,11.5,Debajo,1.53,dom_alt,
Cleveland Cavaliers - New York Knicks,Winner Of Ec Sf2 Winner Of Ec Sf1,2026-05-23,2026-05-23 21:00,New York Knicks,Cleveland Cavaliers,Cleveland Cavaliers,James Harden,Robos+Tapones,1.5,Sobre,1.73,dom,
Cleveland Cavaliers - New York Knicks,Winner Of Ec Sf2 Winner Of Ec Sf1,2026-05-23,2026-05-23 21:00,New York Knicks,Cleveland Cavaliers,Cleveland Cavaliers,James Harden,Robos+Tapones,1.5,Debajo,1.96,dom,
Cleveland Cavaliers - New York Knicks,Winner Of Ec Sf2 Winner Of Ec Sf1,2026-05-23,2026-05-23 21:00,New York Knicks,Cleveland Cavaliers,Cleveland Cavaliers,James Harden,DobleDoble,0.5,Sobre,6.76,dom,
Cleveland Cavaliers - New York Knicks,Winner Of Ec Sf2 Winner Of Ec Sf1,2026-05-23,2026-05-23 21:00,New York Knicks,Cleveland Cavaliers,Cleveland Cavaliers,James Harden,DobleDoble,0.5,Debajo,1.06,dom,
Cleveland Cavaliers - New York Knicks,Winner Of Ec Sf2 Winner Of Ec Sf1,2026-05-23,2026-05-23 21:00,New York Knicks,Cleveland Cavaliers,Cleveland Cavaliers,James Harden,Asistencias,5.5,Sobre,1.75,dom,
Cleveland Cavaliers - New York Knicks,Winner Of Ec Sf2 Winner Of Ec Sf1,2026-05-23,2026-05-23 21:00,New York Knicks,Cleveland Cavaliers,Cleveland Cavaliers,James Harden,Asistencias,5.5,Debajo,1.92,dom,
Cleveland Cavaliers - New York Knicks,Winner Of Ec Sf2 Winner Of Ec Sf1,2026-05-23,2026-05-23 21:00,New York Knicks,Cleveland Cavaliers,Cleveland Cavaliers,James Harden,Asistencias,6.5,Sobre,2.18,dom_alt,
Cleveland Cavaliers - New York Knicks,Winner Of Ec Sf2 Winner Of Ec Sf1,2026-05-23,2026-05-23 21:00,New York Knicks,Cleveland Cavaliers,Cleveland Cavaliers,James Harden,Asistencias,6.5,Debajo,1.50,dom_alt,
Cleveland Cavaliers - New York Knicks,Winner Of Ec Sf2 Winner Of Ec Sf1,2026-05-23,2026-05-23 21:00,New York Knicks,Cleveland Cavaliers,Cleveland Cavaliers,James Harden,PuntosPrimerCuarto,3.5,Sobre,1.69,dom,
Cleveland Cavaliers - New York Knicks,Winner Of Ec Sf2 Winner Of Ec Sf1,2026-05-23,2026-05-23 21:00,New York Knicks,Cleveland Cavaliers,Cleveland Cavaliers,James Harden,PuntosPrimerCuarto,3.5,Debajo,2.00,dom,
Cleveland Cavaliers - New York Knicks,Winner Of Ec Sf2 Winner Of Ec Sf1,2026-05-23,2026-05-23 21:00,New York Knicks,Cleveland Cavaliers,Cleveland Cavaliers,James Harden,AsistenciasPrimerCuarto,1.5,Sobre,1.90,dom,
Cleveland Cavaliers - New York Knicks,Winner Of Ec Sf2 Winner Of Ec Sf1,2026-05-23,2026-05-23 21:00,New York Knicks,Cleveland Cavaliers,Cleveland Cavaliers,James Harden,AsistenciasPrimerCuarto,1.5,Debajo,1.78,dom,
Cleveland Cavaliers - New York Knicks,Winner Of Ec Sf2 Winner Of Ec Sf1,2026-05-23,2026-05-23 21:00,New York Knicks,Cleveland Cavaliers,Cleveland Cavaliers,James Harden,TirosLibres,4.5,Sobre,1.75,dom,
Cleveland Cavaliers - New York Knicks,Winner Of Ec Sf2 Winner Of Ec Sf1,2026-05-23,2026-05-23 21:00,New York Knicks,Cleveland Cavaliers,Cleveland Cavaliers,James Harden,TirosLibres,4.5,Debajo,1.93,dom,
Cleveland Cavaliers - New York Knicks,Winner Of Ec Sf2 Winner Of Ec Sf1,2026-05-23,2026-05-23 21:00,New York Knicks,Cleveland Cavaliers,Cleveland Cavaliers,James Harden,TirosLibresInt,5.5,Sobre,1.77,dom,
Cleveland Cavaliers - New York Knicks,Winner Of Ec Sf2 Winner Of Ec Sf1,2026-05-23,2026-05-23 21:00,New York Knicks,Cleveland Cavaliers,Cleveland Cavaliers,James Harden,TirosLibresInt,5.5,Debajo,1.91,dom,
Cleveland Cavaliers - New York Knicks,Winner Of Ec Sf2 Winner Of Ec Sf1,2026-05-23,2026-05-23 21:00,New York Knicks,Cleveland Cavaliers,Cleveland Cavaliers,James Harden,GolesCampo,5.5,Sobre,1.90,dom,
Cleveland Cavaliers - New York Knicks,Winner Of Ec Sf2 Winner Of Ec Sf1,2026-05-23,2026-05-23 21:00,New York Knicks,Cleveland Cavaliers,Cleveland Cavaliers,James Harden,GolesCampo,5.5,Debajo,1.77,dom,
Cleveland Cavaliers - New York Knicks,Winner Of Ec Sf2 Winner Of Ec Sf1,2026-05-23,2026-05-23 21:00,New York Knicks,Cleveland Cavaliers,Cleveland Cavaliers,James Harden,GolesCampoInt,12.5,Sobre,1.70,dom,
Cleveland Cavaliers - New York Knicks,Winner Of Ec Sf2 Winner Of Ec Sf1,2026-05-23,2026-05-23 21:00,New York Knicks,Cleveland Cavaliers,Cleveland Cavaliers,James Harden,GolesCampoInt,12.5,Debajo,2.00,dom,
Cleveland Cavaliers - New York Knicks,Winner Of Ec Sf2 Winner Of Ec Sf1,2026-05-23,2026-05-23 21:00,New York Knicks,Cleveland Cavaliers,Cleveland Cavaliers,James Harden,TriplesInt,7.5,Sobre,2.10,dom,
Cleveland Cavaliers - New York Knicks,Winner Of Ec Sf2 Winner Of Ec Sf1,2026-05-23,2026-05-23 21:00,New York Knicks,Cleveland Cavaliers,Cleveland Cavaliers,James Harden,TriplesInt,7.5,Debajo,1.63,dom,
Cleveland Cavaliers - New York Knicks,Winner Of Ec Sf2 Winner Of Ec Sf1,2026-05-23,2026-05-23 21:00,New York Knicks,Cleveland Cavaliers,Cleveland Cavaliers,Sam Merrill,Puntos,8.5,Sobre,1.89,dom,
Cleveland Cavaliers - New York Knicks,Winner Of Ec Sf2 Winner Of Ec Sf1,2026-05-23,2026-05-23 21:00,New York Knicks,Cleveland Cavaliers,Cleveland Cavaliers,Sam Merrill,Puntos,8.5,Debajo,1.79,dom,
Cleveland Cavaliers - New York Knicks,Winner Of Ec Sf2 Winner Of Ec Sf1,2026-05-23,2026-05-23 21:00,New York Knicks,Cleveland Cavaliers,Cleveland Cavaliers,Sam Merrill,Puntos,9.5,Sobre,2.16,dom_alt,
Cleveland Cavaliers - New York Knicks,Winner Of Ec Sf2 Winner Of Ec Sf1,2026-05-23,2026-05-23 21:00,New York Knicks,Cleveland Cavaliers,Cleveland Cavaliers,Sam Merrill,Puntos,9.5,Debajo,1.51,dom_alt,
Cleveland Cavaliers - New York Knicks,Winner Of Ec Sf2 Winner Of Ec Sf1,2026-05-23,2026-05-23 21:00,New York Knicks,Cleveland Cavaliers,Cleveland Cavaliers,Sam Merrill,Puntos,6.5,Sobre,1.56,dom_alt,
Cleveland Cavaliers - New York Knicks,Winner Of Ec Sf2 Winner Of Ec Sf1,2026-05-23,2026-05-23 21:00,New York Knicks,Cleveland Cavaliers,Cleveland Cavaliers,Sam Merrill,Puntos,6.5,Debajo,2.07,dom_alt,
Cleveland Cavaliers - New York Knicks,Winner Of Ec Sf2 Winner Of Ec Sf1,2026-05-23,2026-05-23 21:00,New York Knicks,Cleveland Cavaliers,Cleveland Cavaliers,Sam Merrill,Puntos,10.5,Sobre,2.33,dom_alt,
Cleveland Cavaliers - New York Knicks,Winner Of Ec Sf2 Winner Of Ec Sf1,2026-05-23,2026-05-23 21:00,New York Knicks,Cleveland Cavaliers,Cleveland Cavaliers,Sam Merrill,Puntos,10.5,Debajo,1.44,dom_alt,
Cleveland Cavaliers - New York Knicks,Winner Of Ec Sf2 Winner Of Ec Sf1,2026-05-23,2026-05-23 21:00,New York Knicks,Cleveland Cavaliers,Cleveland Cavaliers,Sam Merrill,Puntos,5.5,Sobre,1.33,dom_alt,
Cleveland Cavaliers - New York Knicks,Winner Of Ec Sf2 Winner Of Ec Sf1,2026-05-23,2026-05-23 21:00,New York Knicks,Cleveland Cavaliers,Cleveland Cavaliers,Sam Merrill,Puntos,5.5,Debajo,2.68,dom_alt,
Cleveland Cavaliers - New York Knicks,Winner Of Ec Sf2 Winner Of Ec Sf1,2026-05-23,2026-05-23 21:00,New York Knicks,Cleveland Cavaliers,Cleveland Cavaliers,Sam Merrill,Puntos,11.5,Sobre,2.75,dom_alt,
Cleveland Cavaliers - New York Knicks,Winner Of Ec Sf2 Winner Of Ec Sf1,2026-05-23,2026-05-23 21:00,New York Knicks,Cleveland Cavaliers,Cleveland Cavaliers,Sam Merrill,Puntos,11.5,Debajo,1.31,dom_alt,
Cleveland Cavaliers - New York Knicks,Winner Of Ec Sf2 Winner Of Ec Sf1,2026-05-23,2026-05-23 21:00,New York Knicks,Cleveland Cavaliers,Cleveland Cavaliers,Sam Merrill,Rebotes,1.5,Sobre,1.79,dom,
Cleveland Cavaliers - New York Knicks,Winner Of Ec Sf2 Winner Of Ec Sf1,2026-05-23,2026-05-23 21:00,New York Knicks,Cleveland Cavaliers,Cleveland Cavaliers,Sam Merrill,Rebotes,1.5,Debajo,1.88,dom,
Cleveland Cavaliers - New York Knicks,Winner Of Ec Sf2 Winner Of Ec Sf1,2026-05-23,2026-05-23 21:00,New York Knicks,Cleveland Cavaliers,Cleveland Cavaliers,Sam Merrill,Triples,2.5,Sobre,2.14,dom,
Cleveland Cavaliers - New York Knicks,Winner Of Ec Sf2 Winner Of Ec Sf1,2026-05-23,2026-05-23 21:00,New York Knicks,Cleveland Cavaliers,Cleveland Cavaliers,Sam Merrill,Triples,2.5,Debajo,1.61,dom,
Cleveland Cavaliers - New York Knicks,Winner Of Ec Sf2 Winner Of Ec Sf1,2026-05-23,2026-05-23 21:00,New York Knicks,Cleveland Cavaliers,Cleveland Cavaliers,Sam Merrill,Robos,0.5,Sobre,2.03,dom,
Cleveland Cavaliers - New York Knicks,Winner Of Ec Sf2 Winner Of Ec Sf1,2026-05-23,2026-05-23 21:00,New York Knicks,Cleveland Cavaliers,Cleveland Cavaliers,Sam Merrill,Robos,0.5,Debajo,1.68,dom,
Cleveland Cavaliers - New York Knicks,Winner Of Ec Sf2 Winner Of Ec Sf1,2026-05-23,2026-05-23 21:00,New York Knicks,Cleveland Cavaliers,Cleveland Cavaliers,Sam Merrill,Pérdidas,0.5,Sobre,1.80,dom,
Cleveland Cavaliers - New York Knicks,Winner Of Ec Sf2 Winner Of Ec Sf1,2026-05-23,2026-05-23 21:00,New York Knicks,Cleveland Cavaliers,Cleveland Cavaliers,Sam Merrill,Pérdidas,0.5,Debajo,1.87,dom,
Cleveland Cavaliers - New York Knicks,Winner Of Ec Sf2 Winner Of Ec Sf1,2026-05-23,2026-05-23 21:00,New York Knicks,Cleveland Cavaliers,Cleveland Cavaliers,Sam Merrill,Puntos+Rebotes,9.5,Sobre,1.76,dom,
Cleveland Cavaliers - New York Knicks,Winner Of Ec Sf2 Winner Of Ec Sf1,2026-05-23,2026-05-23 21:00,New York Knicks,Cleveland Cavaliers,Cleveland Cavaliers,Sam Merrill,Puntos+Rebotes,9.5,Debajo,1.92,dom,
Cleveland Cavaliers - New York Knicks,Winner Of Ec Sf2 Winner Of Ec Sf1,2026-05-23,2026-05-23 21:00,New York Knicks,Cleveland Cavaliers,Cleveland Cavaliers,Sam Merrill,Puntos+Rebotes,10.5,Sobre,1.92,dom_alt,
Cleveland Cavaliers - New York Knicks,Winner Of Ec Sf2 Winner Of Ec Sf1,2026-05-23,2026-05-23 21:00,New York Knicks,Cleveland Cavaliers,Cleveland Cavaliers,Sam Merrill,Puntos+Rebotes,10.5,Debajo,1.65,dom_alt,
Cleveland Cavaliers - New York Knicks,Winner Of Ec Sf2 Winner Of Ec Sf1,2026-05-23,2026-05-23 21:00,New York Knicks,Cleveland Cavaliers,Cleveland Cavaliers,Sam Merrill,Puntos+Rebotes,11.5,Sobre,2.11,dom_alt,
Cleveland Cavaliers - New York Knicks,Winner Of Ec Sf2 Winner Of Ec Sf1,2026-05-23,2026-05-23 21:00,New York Knicks,Cleveland Cavaliers,Cleveland Cavaliers,Sam Merrill,Puntos+Rebotes,11.5,Debajo,1.54,dom_alt,
Cleveland Cavaliers - New York Knicks,Winner Of Ec Sf2 Winner Of Ec Sf1,2026-05-23,2026-05-23 21:00,New York Knicks,Cleveland Cavaliers,Cleveland Cavaliers,Sam Merrill,Puntos+Asistencias,9.5,Sobre,1.78,dom,
Cleveland Cavaliers - New York Knicks,Winner Of Ec Sf2 Winner Of Ec Sf1,2026-05-23,2026-05-23 21:00,New York Knicks,Cleveland Cavaliers,Cleveland Cavaliers,Sam Merrill,Puntos+Asistencias,9.5,Debajo,1.89,dom,
Cleveland Cavaliers - New York Knicks,Winner Of Ec Sf2 Winner Of Ec Sf1,2026-05-23,2026-05-23 21:00,New York Knicks,Cleveland Cavaliers,Cleveland Cavaliers,Sam Merrill,Puntos+Asistencias,10.5,Sobre,1.95,dom_alt,
Cleveland Cavaliers - New York Knicks,Winner Of Ec Sf2 Winner Of Ec Sf1,2026-05-23,2026-05-23 21:00,New York Knicks,Cleveland Cavaliers,Cleveland Cavaliers,Sam Merrill,Puntos+Asistencias,10.5,Debajo,1.64,dom_alt,
Cleveland Cavaliers - New York Knicks,Winner Of Ec Sf2 Winner Of Ec Sf1,2026-05-23,2026-05-23 21:00,New York Knicks,Cleveland Cavaliers,Cleveland Cavaliers,Sam Merrill,Puntos+Asistencias,11.5,Sobre,2.14,dom_alt,
Cleveland Cavaliers - New York Knicks,Winner Of Ec Sf2 Winner Of Ec Sf1,2026-05-23,2026-05-23 21:00,New York Knicks,Cleveland Cavaliers,Cleveland Cavaliers,Sam Merrill,Puntos+Asistencias,11.5,Debajo,1.52,dom_alt,
Cleveland Cavaliers - New York Knicks,Winner Of Ec Sf2 Winner Of Ec Sf1,2026-05-23,2026-05-23 21:00,New York Knicks,Cleveland Cavaliers,Cleveland Cavaliers,Sam Merrill,PRA,11.5,Sobre,1.85,dom,
Cleveland Cavaliers - New York Knicks,Winner Of Ec Sf2 Winner Of Ec Sf1,2026-05-23,2026-05-23 21:00,New York Knicks,Cleveland Cavaliers,Cleveland Cavaliers,Sam Merrill,PRA,11.5,Debajo,1.82,dom,
Cleveland Cavaliers - New York Knicks,Winner Of Ec Sf2 Winner Of Ec Sf1,2026-05-23,2026-05-23 21:00,New York Knicks,Cleveland Cavaliers,Cleveland Cavaliers,Sam Merrill,PRA,12.5,Sobre,2.02,dom_alt,
Cleveland Cavaliers - New York Knicks,Winner Of Ec Sf2 Winner Of Ec Sf1,2026-05-23,2026-05-23 21:00,New York Knicks,Cleveland Cavaliers,Cleveland Cavaliers,Sam Merrill,PRA,12.5,Debajo,1.59,dom_alt,
Cleveland Cavaliers - New York Knicks,Winner Of Ec Sf2 Winner Of Ec Sf1,2026-05-23,2026-05-23 21:00,New York Knicks,Cleveland Cavaliers,Cleveland Cavaliers,Sam Merrill,PRA,9.5,Sobre,1.50,dom_alt,
Cleveland Cavaliers - New York Knicks,Winner Of Ec Sf2 Winner Of Ec Sf1,2026-05-23,2026-05-23 21:00,New York Knicks,Cleveland Cavaliers,Cleveland Cavaliers,Sam Merrill,PRA,9.5,Debajo,2.18,dom_alt,
Cleveland Cavaliers - New York Knicks,Winner Of Ec Sf2 Winner Of Ec Sf1,2026-05-23,2026-05-23 21:00,New York Knicks,Cleveland Cavaliers,Cleveland Cavaliers,Sam Merrill,PRA,13.5,Sobre,2.21,dom_alt,
Cleveland Cavaliers - New York Knicks,Winner Of Ec Sf2 Winner Of Ec Sf1,2026-05-23,2026-05-23 21:00,New York Knicks,Cleveland Cavaliers,Cleveland Cavaliers,Sam Merrill,PRA,13.5,Debajo,1.49,dom_alt,
Cleveland Cavaliers - New York Knicks,Winner Of Ec Sf2 Winner Of Ec Sf1,2026-05-23,2026-05-23 21:00,New York Knicks,Cleveland Cavaliers,Cleveland Cavaliers,Sam Merrill,PRA,8.5,Sobre,1.37,dom_alt,
Cleveland Cavaliers - New York Knicks,Winner Of Ec Sf2 Winner Of Ec Sf1,2026-05-23,2026-05-23 21:00,New York Knicks,Cleveland Cavaliers,Cleveland Cavaliers,Sam Merrill,PRA,8.5,Debajo,2.54,dom_alt,
Cleveland Cavaliers - New York Knicks,Winner Of Ec Sf2 Winner Of Ec Sf1,2026-05-23,2026-05-23 21:00,New York Knicks,Cleveland Cavaliers,Cleveland Cavaliers,Sam Merrill,PRA,14.5,Sobre,2.53,dom_alt,
Cleveland Cavaliers - New York Knicks,Winner Of Ec Sf2 Winner Of Ec Sf1,2026-05-23,2026-05-23 21:00,New York Knicks,Cleveland Cavaliers,Cleveland Cavaliers,Sam Merrill,PRA,14.5,Debajo,1.37,dom_alt,
Cleveland Cavaliers - New York Knicks,Winner Of Ec Sf2 Winner Of Ec Sf1,2026-05-23,2026-05-23 21:00,New York Knicks,Cleveland Cavaliers,Cleveland Cavaliers,Sam Merrill,Asistencias+Rebotes,3.5,Sobre,2.15,dom,
Cleveland Cavaliers - New York Knicks,Winner Of Ec Sf2 Winner Of Ec Sf1,2026-05-23,2026-05-23 21:00,New York Knicks,Cleveland Cavaliers,Cleveland Cavaliers,Sam Merrill,Asistencias+Rebotes,3.5,Debajo,1.60,dom,
Cleveland Cavaliers - New York Knicks,Winner Of Ec Sf2 Winner Of Ec Sf1,2026-05-23,2026-05-23 21:00,New York Knicks,Cleveland Cavaliers,Cleveland Cavaliers,Sam Merrill,Robos+Tapones,0.5,Sobre,1.81,dom,
Cleveland Cavaliers - New York Knicks,Winner Of Ec Sf2 Winner Of Ec Sf1,2026-05-23,2026-05-23 21:00,New York Knicks,Cleveland Cavaliers,Cleveland Cavaliers,Sam Merrill,Robos+Tapones,0.5,Debajo,1.86,dom,
Cleveland Cavaliers - New York Knicks,Winner Of Ec Sf2 Winner Of Ec Sf1,2026-05-23,2026-05-23 21:00,New York Knicks,Cleveland Cavaliers,Cleveland Cavaliers,Sam Merrill,Asistencias,1.5,Sobre,1.95,dom,
Cleveland Cavaliers - New York Knicks,Winner Of Ec Sf2 Winner Of Ec Sf1,2026-05-23,2026-05-23 21:00,New York Knicks,Cleveland Cavaliers,Cleveland Cavaliers,Sam Merrill,Asistencias,1.5,Debajo,1.73,dom,
Cleveland Cavaliers - New York Knicks,Winner Of Ec Sf2 Winner Of Ec Sf1,2026-05-23,2026-05-23 21:00,New York Knicks,Cleveland Cavaliers,Cleveland Cavaliers,Sam Merrill,PuntosPrimerCuarto,2.5,Sobre,1.90,dom,
Cleveland Cavaliers - New York Knicks,Winner Of Ec Sf2 Winner Of Ec Sf1,2026-05-23,2026-05-23 21:00,New York Knicks,Cleveland Cavaliers,Cleveland Cavaliers,Sam Merrill,PuntosPrimerCuarto,2.5,Debajo,1.78,dom,
Cleveland Cavaliers - New York Knicks,Winner Of Ec Sf2 Winner Of Ec Sf1,2026-05-23,2026-05-23 21:00,New York Knicks,Cleveland Cavaliers,Cleveland Cavaliers,Sam Merrill,PuntosPrimerCuarto,0.5,Sobre,1.62,dom_alt,
Cleveland Cavaliers - New York Knicks,Winner Of Ec Sf2 Winner Of Ec Sf1,2026-05-23,2026-05-23 21:00,New York Knicks,Cleveland Cavaliers,Cleveland Cavaliers,Sam Merrill,PuntosPrimerCuarto,0.5,Debajo,1.97,dom_alt,
Cleveland Cavaliers - New York Knicks,Winner Of Ec Sf2 Winner Of Ec Sf1,2026-05-23,2026-05-23 21:00,New York Knicks,Cleveland Cavaliers,Cleveland Cavaliers,Sam Merrill,GolesCampo,2.5,Sobre,1.84,dom,
Cleveland Cavaliers - New York Knicks,Winner Of Ec Sf2 Winner Of Ec Sf1,2026-05-23,2026-05-23 21:00,New York Knicks,Cleveland Cavaliers,Cleveland Cavaliers,Sam Merrill,GolesCampo,2.5,Debajo,1.83,dom,
Cleveland Cavaliers - New York Knicks,Winner Of Ec Sf2 Winner Of Ec Sf1,2026-05-23,2026-05-23 21:00,New York Knicks,Cleveland Cavaliers,Cleveland Cavaliers,Sam Merrill,GolesCampoInt,6.5,Sobre,1.78,dom,
Cleveland Cavaliers - New York Knicks,Winner Of Ec Sf2 Winner Of Ec Sf1,2026-05-23,2026-05-23 21:00,New York Knicks,Cleveland Cavaliers,Cleveland Cavaliers,Sam Merrill,GolesCampoInt,6.5,Debajo,1.90,dom,
Cleveland Cavaliers - New York Knicks,Winner Of Ec Sf2 Winner Of Ec Sf1,2026-05-23,2026-05-23 21:00,New York Knicks,Cleveland Cavaliers,Cleveland Cavaliers,Sam Merrill,TriplesInt,6.5,Sobre,2.09,dom,
Cleveland Cavaliers - New York Knicks,Winner Of Ec Sf2 Winner Of Ec Sf1,2026-05-23,2026-05-23 21:00,New York Knicks,Cleveland Cavaliers,Cleveland Cavaliers,Sam Merrill,TriplesInt,6.5,Debajo,1.64,dom,
Cleveland Cavaliers - New York Knicks,Winner Of Ec Sf2 Winner Of Ec Sf1,2026-05-23,2026-05-23 21:00,New York Knicks,Cleveland Cavaliers,Cleveland Cavaliers,Sam Merrill,Faltas,2.5,Sobre,1.91,dom,
Cleveland Cavaliers - New York Knicks,Winner Of Ec Sf2 Winner Of Ec Sf1,2026-05-23,2026-05-23 21:00,New York Knicks,Cleveland Cavaliers,Cleveland Cavaliers,Sam Merrill,Faltas,2.5,Debajo,1.76,dom,
Cleveland Cavaliers - New York Knicks,Winner Of Ec Sf2 Winner Of Ec Sf1,2026-05-23,2026-05-23 21:00,New York Knicks,Cleveland Cavaliers,Cleveland Cavaliers,Donovan Mitchell,Puntos,27.5,Sobre,1.88,dom,
Cleveland Cavaliers - New York Knicks,Winner Of Ec Sf2 Winner Of Ec Sf1,2026-05-23,2026-05-23 21:00,New York Knicks,Cleveland Cavaliers,Cleveland Cavaliers,Donovan Mitchell,Puntos,27.5,Debajo,1.79,dom,
Cleveland Cavaliers - New York Knicks,Winner Of Ec Sf2 Winner Of Ec Sf1,2026-05-23,2026-05-23 21:00,New York Knicks,Cleveland Cavaliers,Cleveland Cavaliers,Donovan Mitchell,Puntos,28.5,Sobre,1.95,dom_alt,
Cleveland Cavaliers - New York Knicks,Winner Of Ec Sf2 Winner Of Ec Sf1,2026-05-23,2026-05-23 21:00,New York Knicks,Cleveland Cavaliers,Cleveland Cavaliers,Donovan Mitchell,Puntos,28.5,Debajo,1.63,dom_alt,
Cleveland Cavaliers - New York Knicks,Winner Of Ec Sf2 Winner Of Ec Sf1,2026-05-23,2026-05-23 21:00,New York Knicks,Cleveland Cavaliers,Cleveland Cavaliers,Donovan Mitchell,Puntos,25.5,Sobre,1.56,dom_alt,
Cleveland Cavaliers - New York Knicks,Winner Of Ec Sf2 Winner Of Ec Sf1,2026-05-23,2026-05-23 21:00,New York Knicks,Cleveland Cavaliers,Cleveland Cavaliers,Donovan Mitchell,Puntos,25.5,Debajo,2.06,dom_alt,
Cleveland Cavaliers - New York Knicks,Winner Of Ec Sf2 Winner Of Ec Sf1,2026-05-23,2026-05-23 21:00,New York Knicks,Cleveland Cavaliers,Cleveland Cavaliers,Donovan Mitchell,Puntos,29.5,Sobre,2.05,dom_alt,
Cleveland Cavaliers - New York Knicks,Winner Of Ec Sf2 Winner Of Ec Sf1,2026-05-23,2026-05-23 21:00,New York Knicks,Cleveland Cavaliers,Cleveland Cavaliers,Donovan Mitchell,Puntos,29.5,Debajo,1.57,dom_alt,
Cleveland Cavaliers - New York Knicks,Winner Of Ec Sf2 Winner Of Ec Sf1,2026-05-23,2026-05-23 21:00,New York Knicks,Cleveland Cavaliers,Cleveland Cavaliers,Donovan Mitchell,Puntos,24.5,Sobre,1.50,dom_alt,
Cleveland Cavaliers - New York Knicks,Winner Of Ec Sf2 Winner Of Ec Sf1,2026-05-23,2026-05-23 21:00,New York Knicks,Cleveland Cavaliers,Cleveland Cavaliers,Donovan Mitchell,Puntos,24.5,Debajo,2.19,dom_alt,
Cleveland Cavaliers - New York Knicks,Winner Of Ec Sf2 Winner Of Ec Sf1,2026-05-23,2026-05-23 21:00,New York Knicks,Cleveland Cavaliers,Cleveland Cavaliers,Donovan Mitchell,Puntos,30.5,Sobre,2.27,dom_alt,
Cleveland Cavaliers - New York Knicks,Winner Of Ec Sf2 Winner Of Ec Sf1,2026-05-23,2026-05-23 21:00,New York Knicks,Cleveland Cavaliers,Cleveland Cavaliers,Donovan Mitchell,Puntos,30.5,Debajo,1.46,dom_alt,
Cleveland Cavaliers - New York Knicks,Winner Of Ec Sf2 Winner Of Ec Sf1,2026-05-23,2026-05-23 21:00,New York Knicks,Cleveland Cavaliers,Cleveland Cavaliers,Donovan Mitchell,Puntos,23.5,Sobre,1.41,dom_alt,
Cleveland Cavaliers - New York Knicks,Winner Of Ec Sf2 Winner Of Ec Sf1,2026-05-23,2026-05-23 21:00,New York Knicks,Cleveland Cavaliers,Cleveland Cavaliers,Donovan Mitchell,Puntos,23.5,Debajo,2.41,dom_alt,
Cleveland Cavaliers - New York Knicks,Winner Of Ec Sf2 Winner Of Ec Sf1,2026-05-23,2026-05-23 21:00,New York Knicks,Cleveland Cavaliers,Cleveland Cavaliers,Donovan Mitchell,Puntos,31.5,Sobre,2.51,dom_alt,
Cleveland Cavaliers - New York Knicks,Winner Of Ec Sf2 Winner Of Ec Sf1,2026-05-23,2026-05-23 21:00,New York Knicks,Cleveland Cavaliers,Cleveland Cavaliers,Donovan Mitchell,Puntos,31.5,Debajo,1.38,dom_alt,
Cleveland Cavaliers - New York Knicks,Winner Of Ec Sf2 Winner Of Ec Sf1,2026-05-23,2026-05-23 21:00,New York Knicks,Cleveland Cavaliers,Cleveland Cavaliers,Donovan Mitchell,Puntos,22.5,Sobre,1.33,dom_alt,
Cleveland Cavaliers - New York Knicks,Winner Of Ec Sf2 Winner Of Ec Sf1,2026-05-23,2026-05-23 21:00,New York Knicks,Cleveland Cavaliers,Cleveland Cavaliers,Donovan Mitchell,Puntos,22.5,Debajo,2.69,dom_alt,
Cleveland Cavaliers - New York Knicks,Winner Of Ec Sf2 Winner Of Ec Sf1,2026-05-23,2026-05-23 21:00,New York Knicks,Cleveland Cavaliers,Cleveland Cavaliers,Donovan Mitchell,Puntos,32.5,Sobre,2.81,dom_alt,
Cleveland Cavaliers - New York Knicks,Winner Of Ec Sf2 Winner Of Ec Sf1,2026-05-23,2026-05-23 21:00,New York Knicks,Cleveland Cavaliers,Cleveland Cavaliers,Donovan Mitchell,Puntos,32.5,Debajo,1.30,dom_alt,
Cleveland Cavaliers - New York Knicks,Winner Of Ec Sf2 Winner Of Ec Sf1,2026-05-23,2026-05-23 21:00,New York Knicks,Cleveland Cavaliers,Cleveland Cavaliers,Donovan Mitchell,Rebotes,4.5,Sobre,1.92,dom,
Cleveland Cavaliers - New York Knicks,Winner Of Ec Sf2 Winner Of Ec Sf1,2026-05-23,2026-05-23 21:00,New York Knicks,Cleveland Cavaliers,Cleveland Cavaliers,Donovan Mitchell,Rebotes,4.5,Debajo,1.76,dom,
Cleveland Cavaliers - New York Knicks,Winner Of Ec Sf2 Winner Of Ec Sf1,2026-05-23,2026-05-23 21:00,New York Knicks,Cleveland Cavaliers,Cleveland Cavaliers,Donovan Mitchell,Rebotes,5.5,Sobre,2.51,dom_alt,
Cleveland Cavaliers - New York Knicks,Winner Of Ec Sf2 Winner Of Ec Sf1,2026-05-23,2026-05-23 21:00,New York Knicks,Cleveland Cavaliers,Cleveland Cavaliers,Donovan Mitchell,Rebotes,5.5,Debajo,1.38,dom_alt,
Cleveland Cavaliers - New York Knicks,Winner Of Ec Sf2 Winner Of Ec Sf1,2026-05-23,2026-05-23 21:00,New York Knicks,Cleveland Cavaliers,Cleveland Cavaliers,Donovan Mitchell,Triples,2.5,Sobre,1.58,dom,
Cleveland Cavaliers - New York Knicks,Winner Of Ec Sf2 Winner Of Ec Sf1,2026-05-23,2026-05-23 21:00,New York Knicks,Cleveland Cavaliers,Cleveland Cavaliers,Donovan Mitchell,Triples,2.5,Debajo,2.19,dom,
Cleveland Cavaliers - New York Knicks,Winner Of Ec Sf2 Winner Of Ec Sf1,2026-05-23,2026-05-23 21:00,New York Knicks,Cleveland Cavaliers,Cleveland Cavaliers,Donovan Mitchell,Pérdidas,2.5,Sobre,1.82,dom,
Cleveland Cavaliers - New York Knicks,Winner Of Ec Sf2 Winner Of Ec Sf1,2026-05-23,2026-05-23 21:00,New York Knicks,Cleveland Cavaliers,Cleveland Cavaliers,Donovan Mitchell,Pérdidas,2.5,Debajo,1.85,dom,
Cleveland Cavaliers - New York Knicks,Winner Of Ec Sf2 Winner Of Ec Sf1,2026-05-23,2026-05-23 21:00,New York Knicks,Cleveland Cavaliers,Cleveland Cavaliers,Donovan Mitchell,Puntos+Rebotes,31.5,Sobre,1.79,dom,
Cleveland Cavaliers - New York Knicks,Winner Of Ec Sf2 Winner Of Ec Sf1,2026-05-23,2026-05-23 21:00,New York Knicks,Cleveland Cavaliers,Cleveland Cavaliers,Donovan Mitchell,Puntos+Rebotes,31.5,Debajo,1.89,dom,
Cleveland Cavaliers - New York Knicks,Winner Of Ec Sf2 Winner Of Ec Sf1,2026-05-23,2026-05-23 21:00,New York Knicks,Cleveland Cavaliers,Cleveland Cavaliers,Donovan Mitchell,Puntos+Rebotes,32.5,Sobre,1.87,dom_alt,
Cleveland Cavaliers - New York Knicks,Winner Of Ec Sf2 Winner Of Ec Sf1,2026-05-23,2026-05-23 21:00,New York Knicks,Cleveland Cavaliers,Cleveland Cavaliers,Donovan Mitchell,Puntos+Rebotes,32.5,Debajo,1.69,dom_alt,
Cleveland Cavaliers - New York Knicks,Winner Of Ec Sf2 Winner Of Ec Sf1,2026-05-23,2026-05-23 21:00,New York Knicks,Cleveland Cavaliers,Cleveland Cavaliers,Donovan Mitchell,Puntos+Rebotes,29.5,Sobre,1.56,dom_alt,
Cleveland Cavaliers - New York Knicks,Winner Of Ec Sf2 Winner Of Ec Sf1,2026-05-23,2026-05-23 21:00,New York Knicks,Cleveland Cavaliers,Cleveland Cavaliers,Donovan Mitchell,Puntos+Rebotes,29.5,Debajo,2.06,dom_alt,
Cleveland Cavaliers - New York Knicks,Winner Of Ec Sf2 Winner Of Ec Sf1,2026-05-23,2026-05-23 21:00,New York Knicks,Cleveland Cavaliers,Cleveland Cavaliers,Donovan Mitchell,Puntos+Rebotes,33.5,Sobre,2.02,dom_alt,
Cleveland Cavaliers - New York Knicks,Winner Of Ec Sf2 Winner Of Ec Sf1,2026-05-23,2026-05-23 21:00,New York Knicks,Cleveland Cavaliers,Cleveland Cavaliers,Donovan Mitchell,Puntos+Rebotes,33.5,Debajo,1.59,dom_alt,
Cleveland Cavaliers - New York Knicks,Winner Of Ec Sf2 Winner Of Ec Sf1,2026-05-23,2026-05-23 21:00,New York Knicks,Cleveland Cavaliers,Cleveland Cavaliers,Donovan Mitchell,Puntos+Rebotes,34.5,Sobre,2.11,dom_alt,
Cleveland Cavaliers - New York Knicks,Winner Of Ec Sf2 Winner Of Ec Sf1,2026-05-23,2026-05-23 21:00,New York Knicks,Cleveland Cavaliers,Cleveland Cavaliers,Donovan Mitchell,Puntos+Rebotes,34.5,Debajo,1.53,dom_alt,
Cleveland Cavaliers - New York Knicks,Winner Of Ec Sf2 Winner Of Ec Sf1,2026-05-23,2026-05-23 21:00,New York Knicks,Cleveland Cavaliers,Cleveland Cavaliers,Donovan Mitchell,Puntos+Asistencias,31.5,Sobre,1.86,dom,
Cleveland Cavaliers - New York Knicks,Winner Of Ec Sf2 Winner Of Ec Sf1,2026-05-23,2026-05-23 21:00,New York Knicks,Cleveland Cavaliers,Cleveland Cavaliers,Donovan Mitchell,Puntos+Asistencias,31.5,Debajo,1.81,dom,
Cleveland Cavaliers - New York Knicks,Winner Of Ec Sf2 Winner Of Ec Sf1,2026-05-23,2026-05-23 21:00,New York Knicks,Cleveland Cavaliers,Cleveland Cavaliers,Donovan Mitchell,Puntos+Asistencias,32.5,Sobre,1.93,dom_alt,
Cleveland Cavaliers - New York Knicks,Winner Of Ec Sf2 Winner Of Ec Sf1,2026-05-23,2026-05-23 21:00,New York Knicks,Cleveland Cavaliers,Cleveland Cavaliers,Donovan Mitchell,Puntos+Asistencias,32.5,Debajo,1.65,dom_alt,
Cleveland Cavaliers - New York Knicks,Winner Of Ec Sf2 Winner Of Ec Sf1,2026-05-23,2026-05-23 21:00,New York Knicks,Cleveland Cavaliers,Cleveland Cavaliers,Donovan Mitchell,Puntos+Asistencias,29.5,Sobre,1.56,dom_alt,
Cleveland Cavaliers - New York Knicks,Winner Of Ec Sf2 Winner Of Ec Sf1,2026-05-23,2026-05-23 21:00,New York Knicks,Cleveland Cavaliers,Cleveland Cavaliers,Donovan Mitchell,Puntos+Asistencias,29.5,Debajo,2.07,dom_alt,
Cleveland Cavaliers - New York Knicks,Winner Of Ec Sf2 Winner Of Ec Sf1,2026-05-23,2026-05-23 21:00,New York Knicks,Cleveland Cavaliers,Cleveland Cavaliers,Donovan Mitchell,Puntos+Asistencias,33.5,Sobre,2.12,dom_alt,
Cleveland Cavaliers - New York Knicks,Winner Of Ec Sf2 Winner Of Ec Sf1,2026-05-23,2026-05-23 21:00,New York Knicks,Cleveland Cavaliers,Cleveland Cavaliers,Donovan Mitchell,Puntos+Asistencias,33.5,Debajo,1.53,dom_alt,
Cleveland Cavaliers - New York Knicks,Winner Of Ec Sf2 Winner Of Ec Sf1,2026-05-23,2026-05-23 21:00,New York Knicks,Cleveland Cavaliers,Cleveland Cavaliers,Donovan Mitchell,PRA,35.5,Sobre,1.77,dom,
Cleveland Cavaliers - New York Knicks,Winner Of Ec Sf2 Winner Of Ec Sf1,2026-05-23,2026-05-23 21:00,New York Knicks,Cleveland Cavaliers,Cleveland Cavaliers,Donovan Mitchell,PRA,35.5,Debajo,1.90,dom,
Cleveland Cavaliers - New York Knicks,Winner Of Ec Sf2 Winner Of Ec Sf1,2026-05-23,2026-05-23 21:00,New York Knicks,Cleveland Cavaliers,Cleveland Cavaliers,Donovan Mitchell,PRA,36.5,Sobre,1.86,dom_alt,
Cleveland Cavaliers - New York Knicks,Winner Of Ec Sf2 Winner Of Ec Sf1,2026-05-23,2026-05-23 21:00,New York Knicks,Cleveland Cavaliers,Cleveland Cavaliers,Donovan Mitchell,PRA,36.5,Debajo,1.70,dom_alt,
Cleveland Cavaliers - New York Knicks,Winner Of Ec Sf2 Winner Of Ec Sf1,2026-05-23,2026-05-23 21:00,New York Knicks,Cleveland Cavaliers,Cleveland Cavaliers,Donovan Mitchell,PRA,33.5,Sobre,1.56,dom_alt,
Cleveland Cavaliers - New York Knicks,Winner Of Ec Sf2 Winner Of Ec Sf1,2026-05-23,2026-05-23 21:00,New York Knicks,Cleveland Cavaliers,Cleveland Cavaliers,Donovan Mitchell,PRA,33.5,Debajo,2.07,dom_alt,
Cleveland Cavaliers - New York Knicks,Winner Of Ec Sf2 Winner Of Ec Sf1,2026-05-23,2026-05-23 21:00,New York Knicks,Cleveland Cavaliers,Cleveland Cavaliers,Donovan Mitchell,PRA,37.5,Sobre,2.01,dom_alt,
Cleveland Cavaliers - New York Knicks,Winner Of Ec Sf2 Winner Of Ec Sf1,2026-05-23,2026-05-23 21:00,New York Knicks,Cleveland Cavaliers,Cleveland Cavaliers,Donovan Mitchell,PRA,37.5,Debajo,1.59,dom_alt,
Cleveland Cavaliers - New York Knicks,Winner Of Ec Sf2 Winner Of Ec Sf1,2026-05-23,2026-05-23 21:00,New York Knicks,Cleveland Cavaliers,Cleveland Cavaliers,Donovan Mitchell,PRA,32.5,Sobre,1.46,dom_alt,
Cleveland Cavaliers - New York Knicks,Winner Of Ec Sf2 Winner Of Ec Sf1,2026-05-23,2026-05-23 21:00,New York Knicks,Cleveland Cavaliers,Cleveland Cavaliers,Donovan Mitchell,PRA,32.5,Debajo,2.27,dom_alt,
Cleveland Cavaliers - New York Knicks,Winner Of Ec Sf2 Winner Of Ec Sf1,2026-05-23,2026-05-23 21:00,New York Knicks,Cleveland Cavaliers,Cleveland Cavaliers,Donovan Mitchell,PRA,38.5,Sobre,2.10,dom_alt,
Cleveland Cavaliers - New York Knicks,Winner Of Ec Sf2 Winner Of Ec Sf1,2026-05-23,2026-05-23 21:00,New York Knicks,Cleveland Cavaliers,Cleveland Cavaliers,Donovan Mitchell,PRA,38.5,Debajo,1.54,dom_alt,
Cleveland Cavaliers - New York Knicks,Winner Of Ec Sf2 Winner Of Ec Sf1,2026-05-23,2026-05-23 21:00,New York Knicks,Cleveland Cavaliers,Cleveland Cavaliers,Donovan Mitchell,PRA,31.5,Sobre,1.38,dom_alt,
Cleveland Cavaliers - New York Knicks,Winner Of Ec Sf2 Winner Of Ec Sf1,2026-05-23,2026-05-23 21:00,New York Knicks,Cleveland Cavaliers,Cleveland Cavaliers,Donovan Mitchell,PRA,31.5,Debajo,2.49,dom_alt,
Cleveland Cavaliers - New York Knicks,Winner Of Ec Sf2 Winner Of Ec Sf1,2026-05-23,2026-05-23 21:00,New York Knicks,Cleveland Cavaliers,Cleveland Cavaliers,Donovan Mitchell,PRA,39.5,Sobre,2.29,dom_alt,
Cleveland Cavaliers - New York Knicks,Winner Of Ec Sf2 Winner Of Ec Sf1,2026-05-23,2026-05-23 21:00,New York Knicks,Cleveland Cavaliers,Cleveland Cavaliers,Donovan Mitchell,PRA,39.5,Debajo,1.45,dom_alt,
Cleveland Cavaliers - New York Knicks,Winner Of Ec Sf2 Winner Of Ec Sf1,2026-05-23,2026-05-23 21:00,New York Knicks,Cleveland Cavaliers,Cleveland Cavaliers,Donovan Mitchell,PRA,30.5,Sobre,1.31,dom_alt,
Cleveland Cavaliers - New York Knicks,Winner Of Ec Sf2 Winner Of Ec Sf1,2026-05-23,2026-05-23 21:00,New York Knicks,Cleveland Cavaliers,Cleveland Cavaliers,Donovan Mitchell,PRA,30.5,Debajo,2.75,dom_alt,
Cleveland Cavaliers - New York Knicks,Winner Of Ec Sf2 Winner Of Ec Sf1,2026-05-23,2026-05-23 21:00,New York Knicks,Cleveland Cavaliers,Cleveland Cavaliers,Donovan Mitchell,PRA,40.5,Sobre,2.49,dom_alt,
Cleveland Cavaliers - New York Knicks,Winner Of Ec Sf2 Winner Of Ec Sf1,2026-05-23,2026-05-23 21:00,New York Knicks,Cleveland Cavaliers,Cleveland Cavaliers,Donovan Mitchell,PRA,40.5,Debajo,1.38,dom_alt,
Cleveland Cavaliers - New York Knicks,Winner Of Ec Sf2 Winner Of Ec Sf1,2026-05-23,2026-05-23 21:00,New York Knicks,Cleveland Cavaliers,Cleveland Cavaliers,Donovan Mitchell,Asistencias+Rebotes,8.5,Sobre,1.88,dom,
Cleveland Cavaliers - New York Knicks,Winner Of Ec Sf2 Winner Of Ec Sf1,2026-05-23,2026-05-23 21:00,New York Knicks,Cleveland Cavaliers,Cleveland Cavaliers,Donovan Mitchell,Asistencias+Rebotes,8.5,Debajo,1.80,dom,
Cleveland Cavaliers - New York Knicks,Winner Of Ec Sf2 Winner Of Ec Sf1,2026-05-23,2026-05-23 21:00,New York Knicks,Cleveland Cavaliers,Cleveland Cavaliers,Donovan Mitchell,Robos+Tapones,1.5,Sobre,2.16,dom,
Cleveland Cavaliers - New York Knicks,Winner Of Ec Sf2 Winner Of Ec Sf1,2026-05-23,2026-05-23 21:00,New York Knicks,Cleveland Cavaliers,Cleveland Cavaliers,Donovan Mitchell,Robos+Tapones,1.5,Debajo,1.59,dom,
Cleveland Cavaliers - New York Knicks,Winner Of Ec Sf2 Winner Of Ec Sf1,2026-05-23,2026-05-23 21:00,New York Knicks,Cleveland Cavaliers,Cleveland Cavaliers,Donovan Mitchell,Asistencias,3.5,Sobre,1.63,dom,
Cleveland Cavaliers - New York Knicks,Winner Of Ec Sf2 Winner Of Ec Sf1,2026-05-23,2026-05-23 21:00,New York Knicks,Cleveland Cavaliers,Cleveland Cavaliers,Donovan Mitchell,Asistencias,3.5,Debajo,2.09,dom,
Cleveland Cavaliers - New York Knicks,Winner Of Ec Sf2 Winner Of Ec Sf1,2026-05-23,2026-05-23 21:00,New York Knicks,Cleveland Cavaliers,Cleveland Cavaliers,Donovan Mitchell,PuntosPrimerCuarto,6.5,Sobre,1.92,dom,
Cleveland Cavaliers - New York Knicks,Winner Of Ec Sf2 Winner Of Ec Sf1,2026-05-23,2026-05-23 21:00,New York Knicks,Cleveland Cavaliers,Cleveland Cavaliers,Donovan Mitchell,PuntosPrimerCuarto,6.5,Debajo,1.76,dom,
Cleveland Cavaliers - New York Knicks,Winner Of Ec Sf2 Winner Of Ec Sf1,2026-05-23,2026-05-23 21:00,New York Knicks,Cleveland Cavaliers,Cleveland Cavaliers,Donovan Mitchell,PuntosPrimerCuarto,7.5,Sobre,2.16,dom_alt,
Cleveland Cavaliers - New York Knicks,Winner Of Ec Sf2 Winner Of Ec Sf1,2026-05-23,2026-05-23 21:00,New York Knicks,Cleveland Cavaliers,Cleveland Cavaliers,Donovan Mitchell,PuntosPrimerCuarto,7.5,Debajo,1.51,dom_alt,
Cleveland Cavaliers - New York Knicks,Winner Of Ec Sf2 Winner Of Ec Sf1,2026-05-23,2026-05-23 21:00,New York Knicks,Cleveland Cavaliers,Cleveland Cavaliers,Donovan Mitchell,TirosLibres,5.5,Sobre,1.82,dom,
Cleveland Cavaliers - New York Knicks,Winner Of Ec Sf2 Winner Of Ec Sf1,2026-05-23,2026-05-23 21:00,New York Knicks,Cleveland Cavaliers,Cleveland Cavaliers,Donovan Mitchell,TirosLibres,5.5,Debajo,1.85,dom,
Cleveland Cavaliers - New York Knicks,Winner Of Ec Sf2 Winner Of Ec Sf1,2026-05-23,2026-05-23 21:00,New York Knicks,Cleveland Cavaliers,Cleveland Cavaliers,Donovan Mitchell,TirosLibresInt,6.5,Sobre,1.91,dom,
Cleveland Cavaliers - New York Knicks,Winner Of Ec Sf2 Winner Of Ec Sf1,2026-05-23,2026-05-23 21:00,New York Knicks,Cleveland Cavaliers,Cleveland Cavaliers,Donovan Mitchell,TirosLibresInt,6.5,Debajo,1.76,dom,
Cleveland Cavaliers - New York Knicks,Winner Of Ec Sf2 Winner Of Ec Sf1,2026-05-23,2026-05-23 21:00,New York Knicks,Cleveland Cavaliers,Cleveland Cavaliers,Donovan Mitchell,GolesCampo,9.5,Sobre,2.02,dom,
Cleveland Cavaliers - New York Knicks,Winner Of Ec Sf2 Winner Of Ec Sf1,2026-05-23,2026-05-23 21:00,New York Knicks,Cleveland Cavaliers,Cleveland Cavaliers,Donovan Mitchell,GolesCampo,9.5,Debajo,1.68,dom,
Cleveland Cavaliers - New York Knicks,Winner Of Ec Sf2 Winner Of Ec Sf1,2026-05-23,2026-05-23 21:00,New York Knicks,Cleveland Cavaliers,Cleveland Cavaliers,Donovan Mitchell,GolesCampoInt,20.5,Sobre,1.85,dom,
Cleveland Cavaliers - New York Knicks,Winner Of Ec Sf2 Winner Of Ec Sf1,2026-05-23,2026-05-23 21:00,New York Knicks,Cleveland Cavaliers,Cleveland Cavaliers,Donovan Mitchell,GolesCampoInt,20.5,Debajo,1.82,dom,
Cleveland Cavaliers - New York Knicks,Winner Of Ec Sf2 Winner Of Ec Sf1,2026-05-23,2026-05-23 21:00,New York Knicks,Cleveland Cavaliers,Cleveland Cavaliers,Donovan Mitchell,TriplesInt,8.5,Sobre,1.94,dom,
Cleveland Cavaliers - New York Knicks,Winner Of Ec Sf2 Winner Of Ec Sf1,2026-05-23,2026-05-23 21:00,New York Knicks,Cleveland Cavaliers,Cleveland Cavaliers,Donovan Mitchell,TriplesInt,8.5,Debajo,1.74,dom,
Cleveland Cavaliers - New York Knicks,Winner Of Ec Sf2 Winner Of Ec Sf1,2026-05-23,2026-05-23 21:00,New York Knicks,Cleveland Cavaliers,Cleveland Cavaliers,Evan Mobley,Puntos,15.5,Sobre,1.86,dom,
Cleveland Cavaliers - New York Knicks,Winner Of Ec Sf2 Winner Of Ec Sf1,2026-05-23,2026-05-23 21:00,New York Knicks,Cleveland Cavaliers,Cleveland Cavaliers,Evan Mobley,Puntos,15.5,Debajo,1.81,dom,
Cleveland Cavaliers - New York Knicks,Winner Of Ec Sf2 Winner Of Ec Sf1,2026-05-23,2026-05-23 21:00,New York Knicks,Cleveland Cavaliers,Cleveland Cavaliers,Evan Mobley,Puntos,16.5,Sobre,2.02,dom_alt,
Cleveland Cavaliers - New York Knicks,Winner Of Ec Sf2 Winner Of Ec Sf1,2026-05-23,2026-05-23 21:00,New York Knicks,Cleveland Cavaliers,Cleveland Cavaliers,Evan Mobley,Puntos,16.5,Debajo,1.59,dom_alt,
Cleveland Cavaliers - New York Knicks,Winner Of Ec Sf2 Winner Of Ec Sf1,2026-05-23,2026-05-23 21:00,New York Knicks,Cleveland Cavaliers,Cleveland Cavaliers,Evan Mobley,Puntos,13.5,Sobre,1.51,dom_alt,
Cleveland Cavaliers - New York Knicks,Winner Of Ec Sf2 Winner Of Ec Sf1,2026-05-23,2026-05-23 21:00,New York Knicks,Cleveland Cavaliers,Cleveland Cavaliers,Evan Mobley,Puntos,13.5,Debajo,2.15,dom_alt,
Cleveland Cavaliers - New York Knicks,Winner Of Ec Sf2 Winner Of Ec Sf1,2026-05-23,2026-05-23 21:00,New York Knicks,Cleveland Cavaliers,Cleveland Cavaliers,Evan Mobley,Puntos,17.5,Sobre,2.20,dom_alt,
Cleveland Cavaliers - New York Knicks,Winner Of Ec Sf2 Winner Of Ec Sf1,2026-05-23,2026-05-23 21:00,New York Knicks,Cleveland Cavaliers,Cleveland Cavaliers,Evan Mobley,Puntos,17.5,Debajo,1.49,dom_alt,
Cleveland Cavaliers - New York Knicks,Winner Of Ec Sf2 Winner Of Ec Sf1,2026-05-23,2026-05-23 21:00,New York Knicks,Cleveland Cavaliers,Cleveland Cavaliers,Evan Mobley,Puntos,12.5,Sobre,1.38,dom_alt,
Cleveland Cavaliers - New York Knicks,Winner Of Ec Sf2 Winner Of Ec Sf1,2026-05-23,2026-05-23 21:00,New York Knicks,Cleveland Cavaliers,Cleveland Cavaliers,Evan Mobley,Puntos,12.5,Debajo,2.50,dom_alt,
Cleveland Cavaliers - New York Knicks,Winner Of Ec Sf2 Winner Of Ec Sf1,2026-05-23,2026-05-23 21:00,New York Knicks,Cleveland Cavaliers,Cleveland Cavaliers,Evan Mobley,Puntos,18.5,Sobre,2.53,dom_alt,
Cleveland Cavaliers - New York Knicks,Winner Of Ec Sf2 Winner Of Ec Sf1,2026-05-23,2026-05-23 21:00,New York Knicks,Cleveland Cavaliers,Cleveland Cavaliers,Evan Mobley,Puntos,18.5,Debajo,1.37,dom_alt,
Cleveland Cavaliers - New York Knicks,Winner Of Ec Sf2 Winner Of Ec Sf1,2026-05-23,2026-05-23 21:00,New York Knicks,Cleveland Cavaliers,Cleveland Cavaliers,Evan Mobley,Puntos,19.5,Sobre,2.92,dom_alt,
Cleveland Cavaliers - New York Knicks,Winner Of Ec Sf2 Winner Of Ec Sf1,2026-05-23,2026-05-23 21:00,New York Knicks,Cleveland Cavaliers,Cleveland Cavaliers,Evan Mobley,Puntos,19.5,Debajo,1.28,dom_alt,
Cleveland Cavaliers - New York Knicks,Winner Of Ec Sf2 Winner Of Ec Sf1,2026-05-23,2026-05-23 21:00,New York Knicks,Cleveland Cavaliers,Cleveland Cavaliers,Evan Mobley,Rebotes,8.5,Sobre,1.79,dom,
Cleveland Cavaliers - New York Knicks,Winner Of Ec Sf2 Winner Of Ec Sf1,2026-05-23,2026-05-23 21:00,New York Knicks,Cleveland Cavaliers,Cleveland Cavaliers,Evan Mobley,Rebotes,8.5,Debajo,1.89,dom,
Cleveland Cavaliers - New York Knicks,Winner Of Ec Sf2 Winner Of Ec Sf1,2026-05-23,2026-05-23 21:00,New York Knicks,Cleveland Cavaliers,Cleveland Cavaliers,Evan Mobley,Rebotes,9.5,Sobre,2.09,dom_alt,
Cleveland Cavaliers - New York Knicks,Winner Of Ec Sf2 Winner Of Ec Sf1,2026-05-23,2026-05-23 21:00,New York Knicks,Cleveland Cavaliers,Cleveland Cavaliers,Evan Mobley,Rebotes,9.5,Debajo,1.55,dom_alt,
Cleveland Cavaliers - New York Knicks,Winner Of Ec Sf2 Winner Of Ec Sf1,2026-05-23,2026-05-23 21:00,New York Knicks,Cleveland Cavaliers,Cleveland Cavaliers,Evan Mobley,Rebotes,10.5,Sobre,2.70,dom_alt,
Cleveland Cavaliers - New York Knicks,Winner Of Ec Sf2 Winner Of Ec Sf1,2026-05-23,2026-05-23 21:00,New York Knicks,Cleveland Cavaliers,Cleveland Cavaliers,Evan Mobley,Rebotes,10.5,Debajo,1.33,dom_alt,
Cleveland Cavaliers - New York Knicks,Winner Of Ec Sf2 Winner Of Ec Sf1,2026-05-23,2026-05-23 21:00,New York Knicks,Cleveland Cavaliers,Cleveland Cavaliers,Evan Mobley,Triples,1.5,Sobre,2.36,dom,
Cleveland Cavaliers - New York Knicks,Winner Of Ec Sf2 Winner Of Ec Sf1,2026-05-23,2026-05-23 21:00,New York Knicks,Cleveland Cavaliers,Cleveland Cavaliers,Evan Mobley,Triples,1.5,Debajo,1.50,dom,
Cleveland Cavaliers - New York Knicks,Winner Of Ec Sf2 Winner Of Ec Sf1,2026-05-23,2026-05-23 21:00,New York Knicks,Cleveland Cavaliers,Cleveland Cavaliers,Evan Mobley,Robos,0.5,Sobre,1.65,dom,
Cleveland Cavaliers - New York Knicks,Winner Of Ec Sf2 Winner Of Ec Sf1,2026-05-23,2026-05-23 21:00,New York Knicks,Cleveland Cavaliers,Cleveland Cavaliers,Evan Mobley,Robos,0.5,Debajo,2.07,dom,
Cleveland Cavaliers - New York Knicks,Winner Of Ec Sf2 Winner Of Ec Sf1,2026-05-23,2026-05-23 21:00,New York Knicks,Cleveland Cavaliers,Cleveland Cavaliers,Evan Mobley,Tapones,1.5,Sobre,1.63,dom,
Cleveland Cavaliers - New York Knicks,Winner Of Ec Sf2 Winner Of Ec Sf1,2026-05-23,2026-05-23 21:00,New York Knicks,Cleveland Cavaliers,Cleveland Cavaliers,Evan Mobley,Tapones,1.5,Debajo,2.09,dom,
Cleveland Cavaliers - New York Knicks,Winner Of Ec Sf2 Winner Of Ec Sf1,2026-05-23,2026-05-23 21:00,New York Knicks,Cleveland Cavaliers,Cleveland Cavaliers,Evan Mobley,Puntos+Rebotes,24.5,Sobre,1.88,dom,
Cleveland Cavaliers - New York Knicks,Winner Of Ec Sf2 Winner Of Ec Sf1,2026-05-23,2026-05-23 21:00,New York Knicks,Cleveland Cavaliers,Cleveland Cavaliers,Evan Mobley,Puntos+Rebotes,24.5,Debajo,1.79,dom,
Cleveland Cavaliers - New York Knicks,Winner Of Ec Sf2 Winner Of Ec Sf1,2026-05-23,2026-05-23 21:00,New York Knicks,Cleveland Cavaliers,Cleveland Cavaliers,Evan Mobley,Puntos+Rebotes,25.5,Sobre,1.99,dom_alt,
Cleveland Cavaliers - New York Knicks,Winner Of Ec Sf2 Winner Of Ec Sf1,2026-05-23,2026-05-23 21:00,New York Knicks,Cleveland Cavaliers,Cleveland Cavaliers,Evan Mobley,Puntos+Rebotes,25.5,Debajo,1.60,dom_alt,
Cleveland Cavaliers - New York Knicks,Winner Of Ec Sf2 Winner Of Ec Sf1,2026-05-23,2026-05-23 21:00,New York Knicks,Cleveland Cavaliers,Cleveland Cavaliers,Evan Mobley,Puntos+Rebotes,22.5,Sobre,1.54,dom_alt,
Cleveland Cavaliers - New York Knicks,Winner Of Ec Sf2 Winner Of Ec Sf1,2026-05-23,2026-05-23 21:00,New York Knicks,Cleveland Cavaliers,Cleveland Cavaliers,Evan Mobley,Puntos+Rebotes,22.5,Debajo,2.11,dom_alt,
Cleveland Cavaliers - New York Knicks,Winner Of Ec Sf2 Winner Of Ec Sf1,2026-05-23,2026-05-23 21:00,New York Knicks,Cleveland Cavaliers,Cleveland Cavaliers,Evan Mobley,Puntos+Rebotes,26.5,Sobre,2.15,dom_alt,
Cleveland Cavaliers - New York Knicks,Winner Of Ec Sf2 Winner Of Ec Sf1,2026-05-23,2026-05-23 21:00,New York Knicks,Cleveland Cavaliers,Cleveland Cavaliers,Evan Mobley,Puntos+Rebotes,26.5,Debajo,1.52,dom_alt,
Cleveland Cavaliers - New York Knicks,Winner Of Ec Sf2 Winner Of Ec Sf1,2026-05-23,2026-05-23 21:00,New York Knicks,Cleveland Cavaliers,Cleveland Cavaliers,Evan Mobley,Puntos+Asistencias,19.5,Sobre,1.91,dom,
Cleveland Cavaliers - New York Knicks,Winner Of Ec Sf2 Winner Of Ec Sf1,2026-05-23,2026-05-23 21:00,New York Knicks,Cleveland Cavaliers,Cleveland Cavaliers,Evan Mobley,Puntos+Asistencias,19.5,Debajo,1.77,dom,
Cleveland Cavaliers - New York Knicks,Winner Of Ec Sf2 Winner Of Ec Sf1,2026-05-23,2026-05-23 21:00,New York Knicks,Cleveland Cavaliers,Cleveland Cavaliers,Evan Mobley,Puntos+Asistencias,20.5,Sobre,2.05,dom_alt,
Cleveland Cavaliers - New York Knicks,Winner Of Ec Sf2 Winner Of Ec Sf1,2026-05-23,2026-05-23 21:00,New York Knicks,Cleveland Cavaliers,Cleveland Cavaliers,Evan Mobley,Puntos+Asistencias,20.5,Debajo,1.57,dom_alt,
Cleveland Cavaliers - New York Knicks,Winner Of Ec Sf2 Winner Of Ec Sf1,2026-05-23,2026-05-23 21:00,New York Knicks,Cleveland Cavaliers,Cleveland Cavaliers,Evan Mobley,Puntos+Asistencias,17.5,Sobre,1.53,dom_alt,
Cleveland Cavaliers - New York Knicks,Winner Of Ec Sf2 Winner Of Ec Sf1,2026-05-23,2026-05-23 21:00,New York Knicks,Cleveland Cavaliers,Cleveland Cavaliers,Evan Mobley,Puntos+Asistencias,17.5,Debajo,2.13,dom_alt,
Cleveland Cavaliers - New York Knicks,Winner Of Ec Sf2 Winner Of Ec Sf1,2026-05-23,2026-05-23 21:00,New York Knicks,Cleveland Cavaliers,Cleveland Cavaliers,Evan Mobley,PRA,28.5,Sobre,1.92,dom,
Cleveland Cavaliers - New York Knicks,Winner Of Ec Sf2 Winner Of Ec Sf1,2026-05-23,2026-05-23 21:00,New York Knicks,Cleveland Cavaliers,Cleveland Cavaliers,Evan Mobley,PRA,28.5,Debajo,1.76,dom,
Cleveland Cavaliers - New York Knicks,Winner Of Ec Sf2 Winner Of Ec Sf1,2026-05-23,2026-05-23 21:00,New York Knicks,Cleveland Cavaliers,Cleveland Cavaliers,Evan Mobley,PRA,29.5,Sobre,2.04,dom_alt,
Cleveland Cavaliers - New York Knicks,Winner Of Ec Sf2 Winner Of Ec Sf1,2026-05-23,2026-05-23 21:00,New York Knicks,Cleveland Cavaliers,Cleveland Cavaliers,Evan Mobley,PRA,29.5,Debajo,1.58,dom_alt,
Cleveland Cavaliers - New York Knicks,Winner Of Ec Sf2 Winner Of Ec Sf1,2026-05-23,2026-05-23 21:00,New York Knicks,Cleveland Cavaliers,Cleveland Cavaliers,Evan Mobley,PRA,26.5,Sobre,1.58,dom_alt,
Cleveland Cavaliers - New York Knicks,Winner Of Ec Sf2 Winner Of Ec Sf1,2026-05-23,2026-05-23 21:00,New York Knicks,Cleveland Cavaliers,Cleveland Cavaliers,Evan Mobley,PRA,26.5,Debajo,2.03,dom_alt,
Cleveland Cavaliers - New York Knicks,Winner Of Ec Sf2 Winner Of Ec Sf1,2026-05-23,2026-05-23 21:00,New York Knicks,Cleveland Cavaliers,Cleveland Cavaliers,Evan Mobley,PRA,30.5,Sobre,2.18,dom_alt,
Cleveland Cavaliers - New York Knicks,Winner Of Ec Sf2 Winner Of Ec Sf1,2026-05-23,2026-05-23 21:00,New York Knicks,Cleveland Cavaliers,Cleveland Cavaliers,Evan Mobley,PRA,30.5,Debajo,1.50,dom_alt,
Cleveland Cavaliers - New York Knicks,Winner Of Ec Sf2 Winner Of Ec Sf1,2026-05-23,2026-05-23 21:00,New York Knicks,Cleveland Cavaliers,Cleveland Cavaliers,Evan Mobley,PRA,25.5,Sobre,1.51,dom_alt,
Cleveland Cavaliers - New York Knicks,Winner Of Ec Sf2 Winner Of Ec Sf1,2026-05-23,2026-05-23 21:00,New York Knicks,Cleveland Cavaliers,Cleveland Cavaliers,Evan Mobley,PRA,25.5,Debajo,2.16,dom_alt,
Cleveland Cavaliers - New York Knicks,Winner Of Ec Sf2 Winner Of Ec Sf1,2026-05-23,2026-05-23 21:00,New York Knicks,Cleveland Cavaliers,Cleveland Cavaliers,Evan Mobley,PRA,31.5,Sobre,2.44,dom_alt,
Cleveland Cavaliers - New York Knicks,Winner Of Ec Sf2 Winner Of Ec Sf1,2026-05-23,2026-05-23 21:00,New York Knicks,Cleveland Cavaliers,Cleveland Cavaliers,Evan Mobley,PRA,31.5,Debajo,1.40,dom_alt,
Cleveland Cavaliers - New York Knicks,Winner Of Ec Sf2 Winner Of Ec Sf1,2026-05-23,2026-05-23 21:00,New York Knicks,Cleveland Cavaliers,Cleveland Cavaliers,Evan Mobley,PRA,24.5,Sobre,1.41,dom_alt,
Cleveland Cavaliers - New York Knicks,Winner Of Ec Sf2 Winner Of Ec Sf1,2026-05-23,2026-05-23 21:00,New York Knicks,Cleveland Cavaliers,Cleveland Cavaliers,Evan Mobley,PRA,24.5,Debajo,2.41,dom_alt,
Cleveland Cavaliers - New York Knicks,Winner Of Ec Sf2 Winner Of Ec Sf1,2026-05-23,2026-05-23 21:00,New York Knicks,Cleveland Cavaliers,Cleveland Cavaliers,Evan Mobley,PRA,32.5,Sobre,2.70,dom_alt,
Cleveland Cavaliers - New York Knicks,Winner Of Ec Sf2 Winner Of Ec Sf1,2026-05-23,2026-05-23 21:00,New York Knicks,Cleveland Cavaliers,Cleveland Cavaliers,Evan Mobley,PRA,32.5,Debajo,1.33,dom_alt,
Cleveland Cavaliers - New York Knicks,Winner Of Ec Sf2 Winner Of Ec Sf1,2026-05-23,2026-05-23 21:00,New York Knicks,Cleveland Cavaliers,Cleveland Cavaliers,Evan Mobley,PRA,23.5,Sobre,1.32,dom_alt,
Cleveland Cavaliers - New York Knicks,Winner Of Ec Sf2 Winner Of Ec Sf1,2026-05-23,2026-05-23 21:00,New York Knicks,Cleveland Cavaliers,Cleveland Cavaliers,Evan Mobley,PRA,23.5,Debajo,2.71,dom_alt,
Cleveland Cavaliers - New York Knicks,Winner Of Ec Sf2 Winner Of Ec Sf1,2026-05-23,2026-05-23 21:00,New York Knicks,Cleveland Cavaliers,Cleveland Cavaliers,Evan Mobley,Asistencias+Rebotes,12.5,Sobre,1.91,dom,
Cleveland Cavaliers - New York Knicks,Winner Of Ec Sf2 Winner Of Ec Sf1,2026-05-23,2026-05-23 21:00,New York Knicks,Cleveland Cavaliers,Cleveland Cavaliers,Evan Mobley,Asistencias+Rebotes,12.5,Debajo,1.77,dom,
Cleveland Cavaliers - New York Knicks,Winner Of Ec Sf2 Winner Of Ec Sf1,2026-05-23,2026-05-23 21:00,New York Knicks,Cleveland Cavaliers,Cleveland Cavaliers,Evan Mobley,Asistencias+Rebotes,13.5,Sobre,2.13,dom_alt,
Cleveland Cavaliers - New York Knicks,Winner Of Ec Sf2 Winner Of Ec Sf1,2026-05-23,2026-05-23 21:00,New York Knicks,Cleveland Cavaliers,Cleveland Cavaliers,Evan Mobley,Asistencias+Rebotes,13.5,Debajo,1.53,dom_alt,
Cleveland Cavaliers - New York Knicks,Winner Of Ec Sf2 Winner Of Ec Sf1,2026-05-23,2026-05-23 21:00,New York Knicks,Cleveland Cavaliers,Cleveland Cavaliers,Evan Mobley,Robos+Tapones,2.5,Sobre,1.77,dom,
Cleveland Cavaliers - New York Knicks,Winner Of Ec Sf2 Winner Of Ec Sf1,2026-05-23,2026-05-23 21:00,New York Knicks,Cleveland Cavaliers,Cleveland Cavaliers,Evan Mobley,Robos+Tapones,2.5,Debajo,1.91,dom,
Cleveland Cavaliers - New York Knicks,Winner Of Ec Sf2 Winner Of Ec Sf1,2026-05-23,2026-05-23 21:00,New York Knicks,Cleveland Cavaliers,Cleveland Cavaliers,Evan Mobley,DobleDoble,0.5,Sobre,2.49,dom,
Cleveland Cavaliers - New York Knicks,Winner Of Ec Sf2 Winner Of Ec Sf1,2026-05-23,2026-05-23 21:00,New York Knicks,Cleveland Cavaliers,Cleveland Cavaliers,Evan Mobley,DobleDoble,0.5,Debajo,1.45,dom,
Cleveland Cavaliers - New York Knicks,Winner Of Ec Sf2 Winner Of Ec Sf1,2026-05-23,2026-05-23 21:00,New York Knicks,Cleveland Cavaliers,Cleveland Cavaliers,Evan Mobley,Asistencias,3.5,Sobre,1.83,dom,
Cleveland Cavaliers - New York Knicks,Winner Of Ec Sf2 Winner Of Ec Sf1,2026-05-23,2026-05-23 21:00,New York Knicks,Cleveland Cavaliers,Cleveland Cavaliers,Evan Mobley,Asistencias,3.5,Debajo,1.84,dom,
Cleveland Cavaliers - New York Knicks,Winner Of Ec Sf2 Winner Of Ec Sf1,2026-05-23,2026-05-23 21:00,New York Knicks,Cleveland Cavaliers,Cleveland Cavaliers,Evan Mobley,Asistencias,4.5,Sobre,2.46,dom_alt,
Cleveland Cavaliers - New York Knicks,Winner Of Ec Sf2 Winner Of Ec Sf1,2026-05-23,2026-05-23 21:00,New York Knicks,Cleveland Cavaliers,Cleveland Cavaliers,Evan Mobley,Asistencias,4.5,Debajo,1.39,dom_alt,
Cleveland Cavaliers - New York Knicks,Winner Of Ec Sf2 Winner Of Ec Sf1,2026-05-23,2026-05-23 21:00,New York Knicks,Cleveland Cavaliers,Cleveland Cavaliers,Evan Mobley,PuntosPrimerCuarto,3.5,Sobre,1.69,dom,
Cleveland Cavaliers - New York Knicks,Winner Of Ec Sf2 Winner Of Ec Sf1,2026-05-23,2026-05-23 21:00,New York Knicks,Cleveland Cavaliers,Cleveland Cavaliers,Evan Mobley,PuntosPrimerCuarto,3.5,Debajo,2.01,dom,
Cleveland Cavaliers - New York Knicks,Winner Of Ec Sf2 Winner Of Ec Sf1,2026-05-23,2026-05-23 21:00,New York Knicks,Cleveland Cavaliers,Cleveland Cavaliers,Evan Mobley,RebotesPrimerCuarto,2.5,Sobre,2.28,dom,
Cleveland Cavaliers - New York Knicks,Winner Of Ec Sf2 Winner Of Ec Sf1,2026-05-23,2026-05-23 21:00,New York Knicks,Cleveland Cavaliers,Cleveland Cavaliers,Evan Mobley,RebotesPrimerCuarto,2.5,Debajo,1.54,dom,
Cleveland Cavaliers - New York Knicks,Winner Of Ec Sf2 Winner Of Ec Sf1,2026-05-23,2026-05-23 21:00,New York Knicks,Cleveland Cavaliers,Cleveland Cavaliers,Evan Mobley,TirosLibresInt,3.5,Sobre,1.71,dom,
Cleveland Cavaliers - New York Knicks,Winner Of Ec Sf2 Winner Of Ec Sf1,2026-05-23,2026-05-23 21:00,New York Knicks,Cleveland Cavaliers,Cleveland Cavaliers,Evan Mobley,TirosLibresInt,3.5,Debajo,1.98,dom,
Cleveland Cavaliers - New York Knicks,Winner Of Ec Sf2 Winner Of Ec Sf1,2026-05-23,2026-05-23 21:00,New York Knicks,Cleveland Cavaliers,Cleveland Cavaliers,Evan Mobley,GolesCampo,5.5,Sobre,1.64,dom,
Cleveland Cavaliers - New York Knicks,Winner Of Ec Sf2 Winner Of Ec Sf1,2026-05-23,2026-05-23 21:00,New York Knicks,Cleveland Cavaliers,Cleveland Cavaliers,Evan Mobley,GolesCampo,5.5,Debajo,2.08,dom,
Cleveland Cavaliers - New York Knicks,Winner Of Ec Sf2 Winner Of Ec Sf1,2026-05-23,2026-05-23 21:00,New York Knicks,Cleveland Cavaliers,Cleveland Cavaliers,Evan Mobley,GolesCampoInt,11.5,Sobre,1.85,dom,
Cleveland Cavaliers - New York Knicks,Winner Of Ec Sf2 Winner Of Ec Sf1,2026-05-23,2026-05-23 21:00,New York Knicks,Cleveland Cavaliers,Cleveland Cavaliers,Evan Mobley,GolesCampoInt,11.5,Debajo,1.82,dom,
Cleveland Cavaliers - New York Knicks,Winner Of Ec Sf2 Winner Of Ec Sf1,2026-05-23,2026-05-23 21:00,New York Knicks,Cleveland Cavaliers,Cleveland Cavaliers,Evan Mobley,TriplesInt,3.5,Sobre,1.74,dom,
Cleveland Cavaliers - New York Knicks,Winner Of Ec Sf2 Winner Of Ec Sf1,2026-05-23,2026-05-23 21:00,New York Knicks,Cleveland Cavaliers,Cleveland Cavaliers,Evan Mobley,TriplesInt,3.5,Debajo,1.95,dom,
Cleveland Cavaliers - New York Knicks,Winner Of Ec Sf2 Winner Of Ec Sf1,2026-05-23,2026-05-23 21:00,New York Knicks,Cleveland Cavaliers,Cleveland Cavaliers,Evan Mobley,Faltas,3.5,Sobre,2.01,dom,
Cleveland Cavaliers - New York Knicks,Winner Of Ec Sf2 Winner Of Ec Sf1,2026-05-23,2026-05-23 21:00,New York Knicks,Cleveland Cavaliers,Cleveland Cavaliers,Evan Mobley,Faltas,3.5,Debajo,1.69,dom,
Cleveland Cavaliers - New York Knicks,Winner Of Ec Sf2 Winner Of Ec Sf1,2026-05-23,2026-05-23 21:00,New York Knicks,Cleveland Cavaliers,Cleveland Cavaliers,Dennis Schroder,Puntos,5.5,Sobre,1.74,dom,
Cleveland Cavaliers - New York Knicks,Winner Of Ec Sf2 Winner Of Ec Sf1,2026-05-23,2026-05-23 21:00,New York Knicks,Cleveland Cavaliers,Cleveland Cavaliers,Dennis Schroder,Puntos,5.5,Debajo,1.95,dom,
Cleveland Cavaliers - New York Knicks,Winner Of Ec Sf2 Winner Of Ec Sf1,2026-05-23,2026-05-23 21:00,New York Knicks,Cleveland Cavaliers,Cleveland Cavaliers,Dennis Schroder,Puntos,6.5,Sobre,1.96,dom_alt,
Cleveland Cavaliers - New York Knicks,Winner Of Ec Sf2 Winner Of Ec Sf1,2026-05-23,2026-05-23 21:00,New York Knicks,Cleveland Cavaliers,Cleveland Cavaliers,Dennis Schroder,Puntos,6.5,Debajo,1.63,dom_alt,
Cleveland Cavaliers - New York Knicks,Winner Of Ec Sf2 Winner Of Ec Sf1,2026-05-23,2026-05-23 21:00,New York Knicks,Cleveland Cavaliers,Cleveland Cavaliers,Dennis Schroder,Puntos,3.5,Sobre,1.31,dom_alt,
Cleveland Cavaliers - New York Knicks,Winner Of Ec Sf2 Winner Of Ec Sf1,2026-05-23,2026-05-23 21:00,New York Knicks,Cleveland Cavaliers,Cleveland Cavaliers,Dennis Schroder,Puntos,3.5,Debajo,2.75,dom_alt,
Cleveland Cavaliers - New York Knicks,Winner Of Ec Sf2 Winner Of Ec Sf1,2026-05-23,2026-05-23 21:00,New York Knicks,Cleveland Cavaliers,Cleveland Cavaliers,Dennis Schroder,Puntos,7.5,Sobre,2.25,dom_alt,
Cleveland Cavaliers - New York Knicks,Winner Of Ec Sf2 Winner Of Ec Sf1,2026-05-23,2026-05-23 21:00,New York Knicks,Cleveland Cavaliers,Cleveland Cavaliers,Dennis Schroder,Puntos,7.5,Debajo,1.47,dom_alt,
Cleveland Cavaliers - New York Knicks,Winner Of Ec Sf2 Winner Of Ec Sf1,2026-05-23,2026-05-23 21:00,New York Knicks,Cleveland Cavaliers,Cleveland Cavaliers,Dennis Schroder,Puntos,8.5,Sobre,2.66,dom_alt,
Cleveland Cavaliers - New York Knicks,Winner Of Ec Sf2 Winner Of Ec Sf1,2026-05-23,2026-05-23 21:00,New York Knicks,Cleveland Cavaliers,Cleveland Cavaliers,Dennis Schroder,Puntos,8.5,Debajo,1.33,dom_alt,
Cleveland Cavaliers - New York Knicks,Winner Of Ec Sf2 Winner Of Ec Sf1,2026-05-23,2026-05-23 21:00,New York Knicks,Cleveland Cavaliers,Cleveland Cavaliers,Dennis Schroder,Rebotes,1.5,Sobre,1.75,dom,
Cleveland Cavaliers - New York Knicks,Winner Of Ec Sf2 Winner Of Ec Sf1,2026-05-23,2026-05-23 21:00,New York Knicks,Cleveland Cavaliers,Cleveland Cavaliers,Dennis Schroder,Rebotes,1.5,Debajo,1.92,dom,
Cleveland Cavaliers - New York Knicks,Winner Of Ec Sf2 Winner Of Ec Sf1,2026-05-23,2026-05-23 21:00,New York Knicks,Cleveland Cavaliers,Cleveland Cavaliers,Dennis Schroder,Triples,0.5,Sobre,1.97,dom,
Cleveland Cavaliers - New York Knicks,Winner Of Ec Sf2 Winner Of Ec Sf1,2026-05-23,2026-05-23 21:00,New York Knicks,Cleveland Cavaliers,Cleveland Cavaliers,Dennis Schroder,Triples,0.5,Debajo,1.72,dom,
Cleveland Cavaliers - New York Knicks,Winner Of Ec Sf2 Winner Of Ec Sf1,2026-05-23,2026-05-23 21:00,New York Knicks,Cleveland Cavaliers,Cleveland Cavaliers,Dennis Schroder,Puntos+Rebotes,7.5,Sobre,1.80,dom,
Cleveland Cavaliers - New York Knicks,Winner Of Ec Sf2 Winner Of Ec Sf1,2026-05-23,2026-05-23 21:00,New York Knicks,Cleveland Cavaliers,Cleveland Cavaliers,Dennis Schroder,Puntos+Rebotes,7.5,Debajo,1.87,dom,
Cleveland Cavaliers - New York Knicks,Winner Of Ec Sf2 Winner Of Ec Sf1,2026-05-23,2026-05-23 21:00,New York Knicks,Cleveland Cavaliers,Cleveland Cavaliers,Dennis Schroder,Puntos+Rebotes,8.5,Sobre,1.98,dom_alt,
Cleveland Cavaliers - New York Knicks,Winner Of Ec Sf2 Winner Of Ec Sf1,2026-05-23,2026-05-23 21:00,New York Knicks,Cleveland Cavaliers,Cleveland Cavaliers,Dennis Schroder,Puntos+Rebotes,8.5,Debajo,1.61,dom_alt,
Cleveland Cavaliers - New York Knicks,Winner Of Ec Sf2 Winner Of Ec Sf1,2026-05-23,2026-05-23 21:00,New York Knicks,Cleveland Cavaliers,Cleveland Cavaliers,Dennis Schroder,Puntos+Asistencias,8.5,Sobre,1.77,dom,
Cleveland Cavaliers - New York Knicks,Winner Of Ec Sf2 Winner Of Ec Sf1,2026-05-23,2026-05-23 21:00,New York Knicks,Cleveland Cavaliers,Cleveland Cavaliers,Dennis Schroder,Puntos+Asistencias,8.5,Debajo,1.91,dom,
Cleveland Cavaliers - New York Knicks,Winner Of Ec Sf2 Winner Of Ec Sf1,2026-05-23,2026-05-23 21:00,New York Knicks,Cleveland Cavaliers,Cleveland Cavaliers,Dennis Schroder,Puntos+Asistencias,9.5,Sobre,1.93,dom_alt,
Cleveland Cavaliers - New York Knicks,Winner Of Ec Sf2 Winner Of Ec Sf1,2026-05-23,2026-05-23 21:00,New York Knicks,Cleveland Cavaliers,Cleveland Cavaliers,Dennis Schroder,Puntos+Asistencias,9.5,Debajo,1.65,dom_alt,
Cleveland Cavaliers - New York Knicks,Winner Of Ec Sf2 Winner Of Ec Sf1,2026-05-23,2026-05-23 21:00,New York Knicks,Cleveland Cavaliers,Cleveland Cavaliers,Dennis Schroder,Puntos+Asistencias,10.5,Sobre,2.14,dom_alt,
Cleveland Cavaliers - New York Knicks,Winner Of Ec Sf2 Winner Of Ec Sf1,2026-05-23,2026-05-23 21:00,New York Knicks,Cleveland Cavaliers,Cleveland Cavaliers,Dennis Schroder,Puntos+Asistencias,10.5,Debajo,1.52,dom_alt,
Cleveland Cavaliers - New York Knicks,Winner Of Ec Sf2 Winner Of Ec Sf1,2026-05-23,2026-05-23 21:00,New York Knicks,Cleveland Cavaliers,Cleveland Cavaliers,Dennis Schroder,PRA,10.5,Sobre,1.81,dom,
Cleveland Cavaliers - New York Knicks,Winner Of Ec Sf2 Winner Of Ec Sf1,2026-05-23,2026-05-23 21:00,New York Knicks,Cleveland Cavaliers,Cleveland Cavaliers,Dennis Schroder,PRA,10.5,Debajo,1.86,dom,
Cleveland Cavaliers - New York Knicks,Winner Of Ec Sf2 Winner Of Ec Sf1,2026-05-23,2026-05-23 21:00,New York Knicks,Cleveland Cavaliers,Cleveland Cavaliers,Dennis Schroder,PRA,11.5,Sobre,1.96,dom_alt,
Cleveland Cavaliers - New York Knicks,Winner Of Ec Sf2 Winner Of Ec Sf1,2026-05-23,2026-05-23 21:00,New York Knicks,Cleveland Cavaliers,Cleveland Cavaliers,Dennis Schroder,PRA,11.5,Debajo,1.63,dom_alt,
Cleveland Cavaliers - New York Knicks,Winner Of Ec Sf2 Winner Of Ec Sf1,2026-05-23,2026-05-23 21:00,New York Knicks,Cleveland Cavaliers,Cleveland Cavaliers,Dennis Schroder,PRA,8.5,Sobre,1.47,dom_alt,
Cleveland Cavaliers - New York Knicks,Winner Of Ec Sf2 Winner Of Ec Sf1,2026-05-23,2026-05-23 21:00,New York Knicks,Cleveland Cavaliers,Cleveland Cavaliers,Dennis Schroder,PRA,8.5,Debajo,2.25,dom_alt,
Cleveland Cavaliers - New York Knicks,Winner Of Ec Sf2 Winner Of Ec Sf1,2026-05-23,2026-05-23 21:00,New York Knicks,Cleveland Cavaliers,Cleveland Cavaliers,Dennis Schroder,PRA,12.5,Sobre,2.15,dom_alt,
Cleveland Cavaliers - New York Knicks,Winner Of Ec Sf2 Winner Of Ec Sf1,2026-05-23,2026-05-23 21:00,New York Knicks,Cleveland Cavaliers,Cleveland Cavaliers,Dennis Schroder,PRA,12.5,Debajo,1.52,dom_alt,
Cleveland Cavaliers - New York Knicks,Winner Of Ec Sf2 Winner Of Ec Sf1,2026-05-23,2026-05-23 21:00,New York Knicks,Cleveland Cavaliers,Cleveland Cavaliers,Dennis Schroder,PRA,7.5,Sobre,1.33,dom_alt,
Cleveland Cavaliers - New York Knicks,Winner Of Ec Sf2 Winner Of Ec Sf1,2026-05-23,2026-05-23 21:00,New York Knicks,Cleveland Cavaliers,Cleveland Cavaliers,Dennis Schroder,PRA,7.5,Debajo,2.67,dom_alt,
Cleveland Cavaliers - New York Knicks,Winner Of Ec Sf2 Winner Of Ec Sf1,2026-05-23,2026-05-23 21:00,New York Knicks,Cleveland Cavaliers,Cleveland Cavaliers,Dennis Schroder,PRA,13.5,Sobre,2.48,dom_alt,
Cleveland Cavaliers - New York Knicks,Winner Of Ec Sf2 Winner Of Ec Sf1,2026-05-23,2026-05-23 21:00,New York Knicks,Cleveland Cavaliers,Cleveland Cavaliers,Dennis Schroder,PRA,13.5,Debajo,1.38,dom_alt,
Cleveland Cavaliers - New York Knicks,Winner Of Ec Sf2 Winner Of Ec Sf1,2026-05-23,2026-05-23 21:00,New York Knicks,Cleveland Cavaliers,Cleveland Cavaliers,Dennis Schroder,Asistencias+Rebotes,4.5,Sobre,1.84,dom,
Cleveland Cavaliers - New York Knicks,Winner Of Ec Sf2 Winner Of Ec Sf1,2026-05-23,2026-05-23 21:00,New York Knicks,Cleveland Cavaliers,Cleveland Cavaliers,Dennis Schroder,Asistencias+Rebotes,4.5,Debajo,1.83,dom,
Cleveland Cavaliers - New York Knicks,Winner Of Ec Sf2 Winner Of Ec Sf1,2026-05-23,2026-05-23 21:00,New York Knicks,Cleveland Cavaliers,Cleveland Cavaliers,Dennis Schroder,Robos+Tapones,0.5,Sobre,2.13,dom,
Cleveland Cavaliers - New York Knicks,Winner Of Ec Sf2 Winner Of Ec Sf1,2026-05-23,2026-05-23 21:00,New York Knicks,Cleveland Cavaliers,Cleveland Cavaliers,Dennis Schroder,Robos+Tapones,0.5,Debajo,1.61,dom,
Cleveland Cavaliers - New York Knicks,Winner Of Ec Sf2 Winner Of Ec Sf1,2026-05-23,2026-05-23 21:00,New York Knicks,Cleveland Cavaliers,Cleveland Cavaliers,Dennis Schroder,Asistencias,2.5,Sobre,1.69,dom,
Cleveland Cavaliers - New York Knicks,Winner Of Ec Sf2 Winner Of Ec Sf1,2026-05-23,2026-05-23 21:00,New York Knicks,Cleveland Cavaliers,Cleveland Cavaliers,Dennis Schroder,Asistencias,2.5,Debajo,2.00,dom,
Cleveland Cavaliers - New York Knicks,Winner Of Ec Sf2 Winner Of Ec Sf1,2026-05-23,2026-05-23 21:00,New York Knicks,Cleveland Cavaliers,Cleveland Cavaliers,Dennis Schroder,PuntosPrimerCuarto,0.5,Sobre,1.90,dom,
Cleveland Cavaliers - New York Knicks,Winner Of Ec Sf2 Winner Of Ec Sf1,2026-05-23,2026-05-23 21:00,New York Knicks,Cleveland Cavaliers,Cleveland Cavaliers,Dennis Schroder,PuntosPrimerCuarto,0.5,Debajo,1.78,dom,
Cleveland Cavaliers - New York Knicks,Winner Of Ec Sf2 Winner Of Ec Sf1,2026-05-23,2026-05-23 21:00,New York Knicks,Cleveland Cavaliers,Cleveland Cavaliers,Dennis Schroder,AsistenciasPrimerCuarto,0.5,Sobre,1.94,dom,
Cleveland Cavaliers - New York Knicks,Winner Of Ec Sf2 Winner Of Ec Sf1,2026-05-23,2026-05-23 21:00,New York Knicks,Cleveland Cavaliers,Cleveland Cavaliers,Dennis Schroder,AsistenciasPrimerCuarto,0.5,Debajo,1.74,dom,
Cleveland Cavaliers - New York Knicks,Winner Of Ec Sf2 Winner Of Ec Sf1,2026-05-23,2026-05-23 21:00,New York Knicks,Cleveland Cavaliers,Cleveland Cavaliers,Dennis Schroder,TirosLibres,0.5,Sobre,1.65,dom,
Cleveland Cavaliers - New York Knicks,Winner Of Ec Sf2 Winner Of Ec Sf1,2026-05-23,2026-05-23 21:00,New York Knicks,Cleveland Cavaliers,Cleveland Cavaliers,Dennis Schroder,TirosLibres,0.5,Debajo,2.06,dom,
Cleveland Cavaliers - New York Knicks,Winner Of Ec Sf2 Winner Of Ec Sf1,2026-05-23,2026-05-23 21:00,New York Knicks,Cleveland Cavaliers,Cleveland Cavaliers,Dennis Schroder,TirosLibresInt,1.5,Sobre,1.79,dom,
Cleveland Cavaliers - New York Knicks,Winner Of Ec Sf2 Winner Of Ec Sf1,2026-05-23,2026-05-23 21:00,New York Knicks,Cleveland Cavaliers,Cleveland Cavaliers,Dennis Schroder,TirosLibresInt,1.5,Debajo,1.89,dom,
Cleveland Cavaliers - New York Knicks,Winner Of Ec Sf2 Winner Of Ec Sf1,2026-05-23,2026-05-23 21:00,New York Knicks,Cleveland Cavaliers,Cleveland Cavaliers,Dennis Schroder,GolesCampoInt,4.5,Sobre,1.73,dom,
Cleveland Cavaliers - New York Knicks,Winner Of Ec Sf2 Winner Of Ec Sf1,2026-05-23,2026-05-23 21:00,New York Knicks,Cleveland Cavaliers,Cleveland Cavaliers,Dennis Schroder,GolesCampoInt,4.5,Debajo,1.96,dom,
Cleveland Cavaliers - New York Knicks,Winner Of Ec Sf2 Winner Of Ec Sf1,2026-05-23,2026-05-23 21:00,New York Knicks,Cleveland Cavaliers,Cleveland Cavaliers,Dennis Schroder,TriplesInt,1.5,Sobre,1.74,dom,
Cleveland Cavaliers - New York Knicks,Winner Of Ec Sf2 Winner Of Ec Sf1,2026-05-23,2026-05-23 21:00,New York Knicks,Cleveland Cavaliers,Cleveland Cavaliers,Dennis Schroder,TriplesInt,1.5,Debajo,1.94,dom,
Cleveland Cavaliers - New York Knicks,Winner Of Ec Sf2 Winner Of Ec Sf1,2026-05-23,2026-05-23 21:00,New York Knicks,Cleveland Cavaliers,Cleveland Cavaliers,Dennis Schroder,Faltas,1.5,Sobre,2.01,dom,
Cleveland Cavaliers - New York Knicks,Winner Of Ec Sf2 Winner Of Ec Sf1,2026-05-23,2026-05-23 21:00,New York Knicks,Cleveland Cavaliers,Cleveland Cavaliers,Dennis Schroder,Faltas,1.5,Debajo,1.69,dom,
Cleveland Cavaliers - New York Knicks,Winner Of Ec Sf2 Winner Of Ec Sf1,2026-05-23,2026-05-23 21:00,New York Knicks,Cleveland Cavaliers,Cleveland Cavaliers,Max Strus,Puntos,8.5,Sobre,1.89,dom,
Cleveland Cavaliers - New York Knicks,Winner Of Ec Sf2 Winner Of Ec Sf1,2026-05-23,2026-05-23 21:00,New York Knicks,Cleveland Cavaliers,Cleveland Cavaliers,Max Strus,Puntos,8.5,Debajo,1.78,dom,
Cleveland Cavaliers - New York Knicks,Winner Of Ec Sf2 Winner Of Ec Sf1,2026-05-23,2026-05-23 21:00,New York Knicks,Cleveland Cavaliers,Cleveland Cavaliers,Max Strus,Puntos,9.5,Sobre,2.05,dom_alt,
Cleveland Cavaliers - New York Knicks,Winner Of Ec Sf2 Winner Of Ec Sf1,2026-05-23,2026-05-23 21:00,New York Knicks,Cleveland Cavaliers,Cleveland Cavaliers,Max Strus,Puntos,9.5,Debajo,1.57,dom_alt,
Cleveland Cavaliers - New York Knicks,Winner Of Ec Sf2 Winner Of Ec Sf1,2026-05-23,2026-05-23 21:00,New York Knicks,Cleveland Cavaliers,Cleveland Cavaliers,Max Strus,Puntos,6.5,Sobre,1.53,dom_alt,
Cleveland Cavaliers - New York Knicks,Winner Of Ec Sf2 Winner Of Ec Sf1,2026-05-23,2026-05-23 21:00,New York Knicks,Cleveland Cavaliers,Cleveland Cavaliers,Max Strus,Puntos,6.5,Debajo,2.12,dom_alt,
Cleveland Cavaliers - New York Knicks,Winner Of Ec Sf2 Winner Of Ec Sf1,2026-05-23,2026-05-23 21:00,New York Knicks,Cleveland Cavaliers,Cleveland Cavaliers,Max Strus,Puntos,10.5,Sobre,2.31,dom_alt,
Cleveland Cavaliers - New York Knicks,Winner Of Ec Sf2 Winner Of Ec Sf1,2026-05-23,2026-05-23 21:00,New York Knicks,Cleveland Cavaliers,Cleveland Cavaliers,Max Strus,Puntos,10.5,Debajo,1.44,dom_alt,
Cleveland Cavaliers - New York Knicks,Winner Of Ec Sf2 Winner Of Ec Sf1,2026-05-23,2026-05-23 21:00,New York Knicks,Cleveland Cavaliers,Cleveland Cavaliers,Max Strus,Puntos,5.5,Sobre,1.34,dom_alt,
Cleveland Cavaliers - New York Knicks,Winner Of Ec Sf2 Winner Of Ec Sf1,2026-05-23,2026-05-23 21:00,New York Knicks,Cleveland Cavaliers,Cleveland Cavaliers,Max Strus,Puntos,5.5,Debajo,2.65,dom_alt,
Cleveland Cavaliers - New York Knicks,Winner Of Ec Sf2 Winner Of Ec Sf1,2026-05-23,2026-05-23 21:00,New York Knicks,Cleveland Cavaliers,Cleveland Cavaliers,Max Strus,Puntos,11.5,Sobre,2.78,dom_alt,
Cleveland Cavaliers - New York Knicks,Winner Of Ec Sf2 Winner Of Ec Sf1,2026-05-23,2026-05-23 21:00,New York Knicks,Cleveland Cavaliers,Cleveland Cavaliers,Max Strus,Puntos,11.5,Debajo,1.31,dom_alt,
Cleveland Cavaliers - New York Knicks,Winner Of Ec Sf2 Winner Of Ec Sf1,2026-05-23,2026-05-23 21:00,New York Knicks,Cleveland Cavaliers,Cleveland Cavaliers,Max Strus,Rebotes,4.5,Sobre,2.19,dom,
Cleveland Cavaliers - New York Knicks,Winner Of Ec Sf2 Winner Of Ec Sf1,2026-05-23,2026-05-23 21:00,New York Knicks,Cleveland Cavaliers,Cleveland Cavaliers,Max Strus,Rebotes,4.5,Debajo,1.58,dom,
Cleveland Cavaliers - New York Knicks,Winner Of Ec Sf2 Winner Of Ec Sf1,2026-05-23,2026-05-23 21:00,New York Knicks,Cleveland Cavaliers,Cleveland Cavaliers,Max Strus,Rebotes,5.5,Sobre,2.80,dom_alt,
Cleveland Cavaliers - New York Knicks,Winner Of Ec Sf2 Winner Of Ec Sf1,2026-05-23,2026-05-23 21:00,New York Knicks,Cleveland Cavaliers,Cleveland Cavaliers,Max Strus,Rebotes,5.5,Debajo,1.30,dom_alt,
Cleveland Cavaliers - New York Knicks,Winner Of Ec Sf2 Winner Of Ec Sf1,2026-05-23,2026-05-23 21:00,New York Knicks,Cleveland Cavaliers,Cleveland Cavaliers,Max Strus,Triples,1.5,Sobre,1.56,dom,
Cleveland Cavaliers - New York Knicks,Winner Of Ec Sf2 Winner Of Ec Sf1,2026-05-23,2026-05-23 21:00,New York Knicks,Cleveland Cavaliers,Cleveland Cavaliers,Max Strus,Triples,1.5,Debajo,2.23,dom,
Cleveland Cavaliers - New York Knicks,Winner Of Ec Sf2 Winner Of Ec Sf1,2026-05-23,2026-05-23 21:00,New York Knicks,Cleveland Cavaliers,Cleveland Cavaliers,Max Strus,Robos,0.5,Sobre,1.76,dom,
Cleveland Cavaliers - New York Knicks,Winner Of Ec Sf2 Winner Of Ec Sf1,2026-05-23,2026-05-23 21:00,New York Knicks,Cleveland Cavaliers,Cleveland Cavaliers,Max Strus,Robos,0.5,Debajo,1.92,dom,
Cleveland Cavaliers - New York Knicks,Winner Of Ec Sf2 Winner Of Ec Sf1,2026-05-23,2026-05-23 21:00,New York Knicks,Cleveland Cavaliers,Cleveland Cavaliers,Max Strus,Puntos+Rebotes,12.5,Sobre,1.84,dom,
Cleveland Cavaliers - New York Knicks,Winner Of Ec Sf2 Winner Of Ec Sf1,2026-05-23,2026-05-23 21:00,New York Knicks,Cleveland Cavaliers,Cleveland Cavaliers,Max Strus,Puntos+Rebotes,12.5,Debajo,1.83,dom,
Cleveland Cavaliers - New York Knicks,Winner Of Ec Sf2 Winner Of Ec Sf1,2026-05-23,2026-05-23 21:00,New York Knicks,Cleveland Cavaliers,Cleveland Cavaliers,Max Strus,Puntos+Rebotes,13.5,Sobre,1.98,dom_alt,
Cleveland Cavaliers - New York Knicks,Winner Of Ec Sf2 Winner Of Ec Sf1,2026-05-23,2026-05-23 21:00,New York Knicks,Cleveland Cavaliers,Cleveland Cavaliers,Max Strus,Puntos+Rebotes,13.5,Debajo,1.61,dom_alt,
Cleveland Cavaliers - New York Knicks,Winner Of Ec Sf2 Winner Of Ec Sf1,2026-05-23,2026-05-23 21:00,New York Knicks,Cleveland Cavaliers,Cleveland Cavaliers,Max Strus,Puntos+Rebotes,10.5,Sobre,1.51,dom_alt,
Cleveland Cavaliers - New York Knicks,Winner Of Ec Sf2 Winner Of Ec Sf1,2026-05-23,2026-05-23 21:00,New York Knicks,Cleveland Cavaliers,Cleveland Cavaliers,Max Strus,Puntos+Rebotes,10.5,Debajo,2.16,dom_alt,
Cleveland Cavaliers - New York Knicks,Winner Of Ec Sf2 Winner Of Ec Sf1,2026-05-23,2026-05-23 21:00,New York Knicks,Cleveland Cavaliers,Cleveland Cavaliers,Max Strus,Puntos+Rebotes,14.5,Sobre,2.16,dom_alt,
Cleveland Cavaliers - New York Knicks,Winner Of Ec Sf2 Winner Of Ec Sf1,2026-05-23,2026-05-23 21:00,New York Knicks,Cleveland Cavaliers,Cleveland Cavaliers,Max Strus,Puntos+Rebotes,14.5,Debajo,1.51,dom_alt,
Cleveland Cavaliers - New York Knicks,Winner Of Ec Sf2 Winner Of Ec Sf1,2026-05-23,2026-05-23 21:00,New York Knicks,Cleveland Cavaliers,Cleveland Cavaliers,Max Strus,Puntos+Asistencias,10.5,Sobre,1.92,dom,
Cleveland Cavaliers - New York Knicks,Winner Of Ec Sf2 Winner Of Ec Sf1,2026-05-23,2026-05-23 21:00,New York Knicks,Cleveland Cavaliers,Cleveland Cavaliers,Max Strus,Puntos+Asistencias,10.5,Debajo,1.76,dom,
Cleveland Cavaliers - New York Knicks,Winner Of Ec Sf2 Winner Of Ec Sf1,2026-05-23,2026-05-23 21:00,New York Knicks,Cleveland Cavaliers,Cleveland Cavaliers,Max Strus,Puntos+Asistencias,11.5,Sobre,2.10,dom_alt,
Cleveland Cavaliers - New York Knicks,Winner Of Ec Sf2 Winner Of Ec Sf1,2026-05-23,2026-05-23 21:00,New York Knicks,Cleveland Cavaliers,Cleveland Cavaliers,Max Strus,Puntos+Asistencias,11.5,Debajo,1.54,dom_alt,
Cleveland Cavaliers - New York Knicks,Winner Of Ec Sf2 Winner Of Ec Sf1,2026-05-23,2026-05-23 21:00,New York Knicks,Cleveland Cavaliers,Cleveland Cavaliers,Max Strus,Puntos+Asistencias,8.5,Sobre,1.51,dom_alt,
Cleveland Cavaliers - New York Knicks,Winner Of Ec Sf2 Winner Of Ec Sf1,2026-05-23,2026-05-23 21:00,New York Knicks,Cleveland Cavaliers,Cleveland Cavaliers,Max Strus,Puntos+Asistencias,8.5,Debajo,2.17,dom_alt,
Cleveland Cavaliers - New York Knicks,Winner Of Ec Sf2 Winner Of Ec Sf1,2026-05-23,2026-05-23 21:00,New York Knicks,Cleveland Cavaliers,Cleveland Cavaliers,Max Strus,PRA,14.5,Sobre,1.84,dom,
Cleveland Cavaliers - New York Knicks,Winner Of Ec Sf2 Winner Of Ec Sf1,2026-05-23,2026-05-23 21:00,New York Knicks,Cleveland Cavaliers,Cleveland Cavaliers,Max Strus,PRA,14.5,Debajo,1.83,dom,
Cleveland Cavaliers - New York Knicks,Winner Of Ec Sf2 Winner Of Ec Sf1,2026-05-23,2026-05-23 21:00,New York Knicks,Cleveland Cavaliers,Cleveland Cavaliers,Max Strus,PRA,15.5,Sobre,1.96,dom_alt,
Cleveland Cavaliers - New York Knicks,Winner Of Ec Sf2 Winner Of Ec Sf1,2026-05-23,2026-05-23 21:00,New York Knicks,Cleveland Cavaliers,Cleveland Cavaliers,Max Strus,PRA,15.5,Debajo,1.62,dom_alt,
Cleveland Cavaliers - New York Knicks,Winner Of Ec Sf2 Winner Of Ec Sf1,2026-05-23,2026-05-23 21:00,New York Knicks,Cleveland Cavaliers,Cleveland Cavaliers,Max Strus,PRA,12.5,Sobre,1.52,dom_alt,
Cleveland Cavaliers - New York Knicks,Winner Of Ec Sf2 Winner Of Ec Sf1,2026-05-23,2026-05-23 21:00,New York Knicks,Cleveland Cavaliers,Cleveland Cavaliers,Max Strus,PRA,12.5,Debajo,2.14,dom_alt,
Cleveland Cavaliers - New York Knicks,Winner Of Ec Sf2 Winner Of Ec Sf1,2026-05-23,2026-05-23 21:00,New York Knicks,Cleveland Cavaliers,Cleveland Cavaliers,Max Strus,PRA,16.5,Sobre,2.13,dom_alt,
Cleveland Cavaliers - New York Knicks,Winner Of Ec Sf2 Winner Of Ec Sf1,2026-05-23,2026-05-23 21:00,New York Knicks,Cleveland Cavaliers,Cleveland Cavaliers,Max Strus,PRA,16.5,Debajo,1.53,dom_alt,
Cleveland Cavaliers - New York Knicks,Winner Of Ec Sf2 Winner Of Ec Sf1,2026-05-23,2026-05-23 21:00,New York Knicks,Cleveland Cavaliers,Cleveland Cavaliers,Max Strus,PRA,11.5,Sobre,1.39,dom_alt,
Cleveland Cavaliers - New York Knicks,Winner Of Ec Sf2 Winner Of Ec Sf1,2026-05-23,2026-05-23 21:00,New York Knicks,Cleveland Cavaliers,Cleveland Cavaliers,Max Strus,PRA,11.5,Debajo,2.45,dom_alt,
Cleveland Cavaliers - New York Knicks,Winner Of Ec Sf2 Winner Of Ec Sf1,2026-05-23,2026-05-23 21:00,New York Knicks,Cleveland Cavaliers,Cleveland Cavaliers,Max Strus,PRA,17.5,Sobre,2.39,dom_alt,
Cleveland Cavaliers - New York Knicks,Winner Of Ec Sf2 Winner Of Ec Sf1,2026-05-23,2026-05-23 21:00,New York Knicks,Cleveland Cavaliers,Cleveland Cavaliers,Max Strus,PRA,17.5,Debajo,1.42,dom_alt,
Cleveland Cavaliers - New York Knicks,Winner Of Ec Sf2 Winner Of Ec Sf1,2026-05-23,2026-05-23 21:00,New York Knicks,Cleveland Cavaliers,Cleveland Cavaliers,Max Strus,PRA,18.5,Sobre,2.71,dom_alt,
Cleveland Cavaliers - New York Knicks,Winner Of Ec Sf2 Winner Of Ec Sf1,2026-05-23,2026-05-23 21:00,New York Knicks,Cleveland Cavaliers,Cleveland Cavaliers,Max Strus,PRA,18.5,Debajo,1.32,dom_alt,
Cleveland Cavaliers - New York Knicks,Winner Of Ec Sf2 Winner Of Ec Sf1,2026-05-23,2026-05-23 21:00,New York Knicks,Cleveland Cavaliers,Cleveland Cavaliers,Max Strus,Asistencias+Rebotes,5.5,Sobre,1.65,dom,
Cleveland Cavaliers - New York Knicks,Winner Of Ec Sf2 Winner Of Ec Sf1,2026-05-23,2026-05-23 21:00,New York Knicks,Cleveland Cavaliers,Cleveland Cavaliers,Max Strus,Asistencias+Rebotes,5.5,Debajo,2.07,dom,
Cleveland Cavaliers - New York Knicks,Winner Of Ec Sf2 Winner Of Ec Sf1,2026-05-23,2026-05-23 21:00,New York Knicks,Cleveland Cavaliers,Cleveland Cavaliers,Max Strus,Robos+Tapones,0.5,Sobre,1.52,dom,
Cleveland Cavaliers - New York Knicks,Winner Of Ec Sf2 Winner Of Ec Sf1,2026-05-23,2026-05-23 21:00,New York Knicks,Cleveland Cavaliers,Cleveland Cavaliers,Max Strus,Robos+Tapones,0.5,Debajo,2.31,dom,
Cleveland Cavaliers - New York Knicks,Winner Of Ec Sf2 Winner Of Ec Sf1,2026-05-23,2026-05-23 21:00,New York Knicks,Cleveland Cavaliers,Cleveland Cavaliers,Max Strus,Asistencias,1.5,Sobre,1.61,dom,
Cleveland Cavaliers - New York Knicks,Winner Of Ec Sf2 Winner Of Ec Sf1,2026-05-23,2026-05-23 21:00,New York Knicks,Cleveland Cavaliers,Cleveland Cavaliers,Max Strus,Asistencias,1.5,Debajo,2.13,dom,
Cleveland Cavaliers - New York Knicks,Winner Of Ec Sf2 Winner Of Ec Sf1,2026-05-23,2026-05-23 21:00,New York Knicks,Cleveland Cavaliers,Cleveland Cavaliers,Max Strus,PuntosPrimerCuarto,2.5,Sobre,1.98,dom,
Cleveland Cavaliers - New York Knicks,Winner Of Ec Sf2 Winner Of Ec Sf1,2026-05-23,2026-05-23 21:00,New York Knicks,Cleveland Cavaliers,Cleveland Cavaliers,Max Strus,PuntosPrimerCuarto,2.5,Debajo,1.71,dom,
Cleveland Cavaliers - New York Knicks,Winner Of Ec Sf2 Winner Of Ec Sf1,2026-05-23,2026-05-23 21:00,New York Knicks,Cleveland Cavaliers,Cleveland Cavaliers,Max Strus,PuntosPrimerCuarto,0.5,Sobre,1.55,dom_alt,
Cleveland Cavaliers - New York Knicks,Winner Of Ec Sf2 Winner Of Ec Sf1,2026-05-23,2026-05-23 21:00,New York Knicks,Cleveland Cavaliers,Cleveland Cavaliers,Max Strus,PuntosPrimerCuarto,0.5,Debajo,2.08,dom_alt,
Cleveland Cavaliers - New York Knicks,Winner Of Ec Sf2 Winner Of Ec Sf1,2026-05-23,2026-05-23 21:00,New York Knicks,Cleveland Cavaliers,Cleveland Cavaliers,Max Strus,AsistenciasPrimerCuarto,0.5,Sobre,2.15,dom,
Cleveland Cavaliers - New York Knicks,Winner Of Ec Sf2 Winner Of Ec Sf1,2026-05-23,2026-05-23 21:00,New York Knicks,Cleveland Cavaliers,Cleveland Cavaliers,Max Strus,AsistenciasPrimerCuarto,0.5,Debajo,1.60,dom,
Cleveland Cavaliers - New York Knicks,Winner Of Ec Sf2 Winner Of Ec Sf1,2026-05-23,2026-05-23 21:00,New York Knicks,Cleveland Cavaliers,Cleveland Cavaliers,Max Strus,GolesCampo,2.5,Sobre,1.68,dom,
Cleveland Cavaliers - New York Knicks,Winner Of Ec Sf2 Winner Of Ec Sf1,2026-05-23,2026-05-23 21:00,New York Knicks,Cleveland Cavaliers,Cleveland Cavaliers,Max Strus,GolesCampo,2.5,Debajo,2.03,dom,
Cleveland Cavaliers - New York Knicks,Winner Of Ec Sf2 Winner Of Ec Sf1,2026-05-23,2026-05-23 21:00,New York Knicks,Cleveland Cavaliers,Cleveland Cavaliers,Max Strus,GolesCampoInt,6.5,Sobre,1.73,dom,
Cleveland Cavaliers - New York Knicks,Winner Of Ec Sf2 Winner Of Ec Sf1,2026-05-23,2026-05-23 21:00,New York Knicks,Cleveland Cavaliers,Cleveland Cavaliers,Max Strus,GolesCampoInt,6.5,Debajo,1.96,dom,
Cleveland Cavaliers - New York Knicks,Winner Of Ec Sf2 Winner Of Ec Sf1,2026-05-23,2026-05-23 21:00,New York Knicks,Cleveland Cavaliers,Cleveland Cavaliers,Max Strus,TriplesInt,5.5,Sobre,1.98,dom,
Cleveland Cavaliers - New York Knicks,Winner Of Ec Sf2 Winner Of Ec Sf1,2026-05-23,2026-05-23 21:00,New York Knicks,Cleveland Cavaliers,Cleveland Cavaliers,Max Strus,TriplesInt,5.5,Debajo,1.71,dom,
Cleveland Cavaliers - New York Knicks,Winner Of Ec Sf2 Winner Of Ec Sf1,2026-05-23,2026-05-23 21:00,New York Knicks,Cleveland Cavaliers,Cleveland Cavaliers,Max Strus,Faltas,3.5,Sobre,1.79,dom,
Cleveland Cavaliers - New York Knicks,Winner Of Ec Sf2 Winner Of Ec Sf1,2026-05-23,2026-05-23 21:00,New York Knicks,Cleveland Cavaliers,Cleveland Cavaliers,Max Strus,Faltas,3.5,Debajo,1.88,dom,
Cleveland Cavaliers - New York Knicks,Winner Of Ec Sf2 Winner Of Ec Sf1,2026-05-23,2026-05-23 21:00,New York Knicks,Cleveland Cavaliers,Cleveland Cavaliers,Dean Wade,Puntos,4.5,Sobre,1.91,dom,
Cleveland Cavaliers - New York Knicks,Winner Of Ec Sf2 Winner Of Ec Sf1,2026-05-23,2026-05-23 21:00,New York Knicks,Cleveland Cavaliers,Cleveland Cavaliers,Dean Wade,Puntos,4.5,Debajo,1.77,dom,
Cleveland Cavaliers - New York Knicks,Winner Of Ec Sf2 Winner Of Ec Sf1,2026-05-23,2026-05-23 21:00,New York Knicks,Cleveland Cavaliers,Cleveland Cavaliers,Dean Wade,Puntos,5.5,Sobre,2.18,dom_alt,
Cleveland Cavaliers - New York Knicks,Winner Of Ec Sf2 Winner Of Ec Sf1,2026-05-23,2026-05-23 21:00,New York Knicks,Cleveland Cavaliers,Cleveland Cavaliers,Dean Wade,Puntos,5.5,Debajo,1.50,dom_alt,
Cleveland Cavaliers - New York Knicks,Winner Of Ec Sf2 Winner Of Ec Sf1,2026-05-23,2026-05-23 21:00,New York Knicks,Cleveland Cavaliers,Cleveland Cavaliers,Dean Wade,Puntos,2.5,Sobre,1.34,dom_alt,
Cleveland Cavaliers - New York Knicks,Winner Of Ec Sf2 Winner Of Ec Sf1,2026-05-23,2026-05-23 21:00,New York Knicks,Cleveland Cavaliers,Cleveland Cavaliers,Dean Wade,Puntos,2.5,Debajo,2.65,dom_alt,
Cleveland Cavaliers - New York Knicks,Winner Of Ec Sf2 Winner Of Ec Sf1,2026-05-23,2026-05-23 21:00,New York Knicks,Cleveland Cavaliers,Cleveland Cavaliers,Dean Wade,Puntos,6.5,Sobre,2.82,dom_alt,
Cleveland Cavaliers - New York Knicks,Winner Of Ec Sf2 Winner Of Ec Sf1,2026-05-23,2026-05-23 21:00,New York Knicks,Cleveland Cavaliers,Cleveland Cavaliers,Dean Wade,Puntos,6.5,Debajo,1.30,dom_alt,
Cleveland Cavaliers - New York Knicks,Winner Of Ec Sf2 Winner Of Ec Sf1,2026-05-23,2026-05-23 21:00,New York Knicks,Cleveland Cavaliers,Cleveland Cavaliers,Dean Wade,Rebotes,3.5,Sobre,1.65,dom,
Cleveland Cavaliers - New York Knicks,Winner Of Ec Sf2 Winner Of Ec Sf1,2026-05-23,2026-05-23 21:00,New York Knicks,Cleveland Cavaliers,Cleveland Cavaliers,Dean Wade,Rebotes,3.5,Debajo,2.07,dom,
Cleveland Cavaliers - New York Knicks,Winner Of Ec Sf2 Winner Of Ec Sf1,2026-05-23,2026-05-23 21:00,New York Knicks,Cleveland Cavaliers,Cleveland Cavaliers,Dean Wade,Triples,0.5,Sobre,1.47,dom,
Cleveland Cavaliers - New York Knicks,Winner Of Ec Sf2 Winner Of Ec Sf1,2026-05-23,2026-05-23 21:00,New York Knicks,Cleveland Cavaliers,Cleveland Cavaliers,Dean Wade,Triples,0.5,Debajo,2.44,dom,
Cleveland Cavaliers - New York Knicks,Winner Of Ec Sf2 Winner Of Ec Sf1,2026-05-23,2026-05-23 21:00,New York Knicks,Cleveland Cavaliers,Cleveland Cavaliers,Dean Wade,Robos,0.5,Sobre,1.86,dom,
Cleveland Cavaliers - New York Knicks,Winner Of Ec Sf2 Winner Of Ec Sf1,2026-05-23,2026-05-23 21:00,New York Knicks,Cleveland Cavaliers,Cleveland Cavaliers,Dean Wade,Robos,0.5,Debajo,1.81,dom,
Cleveland Cavaliers - New York Knicks,Winner Of Ec Sf2 Winner Of Ec Sf1,2026-05-23,2026-05-23 21:00,New York Knicks,Cleveland Cavaliers,Cleveland Cavaliers,Dean Wade,Puntos+Rebotes,8.5,Sobre,1.90,dom,
Cleveland Cavaliers - New York Knicks,Winner Of Ec Sf2 Winner Of Ec Sf1,2026-05-23,2026-05-23 21:00,New York Knicks,Cleveland Cavaliers,Cleveland Cavaliers,Dean Wade,Puntos+Rebotes,8.5,Debajo,1.77,dom,
Cleveland Cavaliers - New York Knicks,Winner Of Ec Sf2 Winner Of Ec Sf1,2026-05-23,2026-05-23 21:00,New York Knicks,Cleveland Cavaliers,Cleveland Cavaliers,Dean Wade,Puntos+Rebotes,9.5,Sobre,2.05,dom_alt,
Cleveland Cavaliers - New York Knicks,Winner Of Ec Sf2 Winner Of Ec Sf1,2026-05-23,2026-05-23 21:00,New York Knicks,Cleveland Cavaliers,Cleveland Cavaliers,Dean Wade,Puntos+Rebotes,9.5,Debajo,1.57,dom_alt,
Cleveland Cavaliers - New York Knicks,Winner Of Ec Sf2 Winner Of Ec Sf1,2026-05-23,2026-05-23 21:00,New York Knicks,Cleveland Cavaliers,Cleveland Cavaliers,Dean Wade,Puntos+Asistencias,5.5,Sobre,1.88,dom,
Cleveland Cavaliers - New York Knicks,Winner Of Ec Sf2 Winner Of Ec Sf1,2026-05-23,2026-05-23 21:00,New York Knicks,Cleveland Cavaliers,Cleveland Cavaliers,Dean Wade,Puntos+Asistencias,5.5,Debajo,1.79,dom,
Cleveland Cavaliers - New York Knicks,Winner Of Ec Sf2 Winner Of Ec Sf1,2026-05-23,2026-05-23 21:00,New York Knicks,Cleveland Cavaliers,Cleveland Cavaliers,Dean Wade,Puntos+Asistencias,6.5,Sobre,2.10,dom_alt,
Cleveland Cavaliers - New York Knicks,Winner Of Ec Sf2 Winner Of Ec Sf1,2026-05-23,2026-05-23 21:00,New York Knicks,Cleveland Cavaliers,Cleveland Cavaliers,Dean Wade,Puntos+Asistencias,6.5,Debajo,1.54,dom_alt,
Cleveland Cavaliers - New York Knicks,Winner Of Ec Sf2 Winner Of Ec Sf1,2026-05-23,2026-05-23 21:00,New York Knicks,Cleveland Cavaliers,Cleveland Cavaliers,Dean Wade,PRA,9.5,Sobre,1.84,dom,
Cleveland Cavaliers - New York Knicks,Winner Of Ec Sf2 Winner Of Ec Sf1,2026-05-23,2026-05-23 21:00,New York Knicks,Cleveland Cavaliers,Cleveland Cavaliers,Dean Wade,PRA,9.5,Debajo,1.83,dom,
Cleveland Cavaliers - New York Knicks,Winner Of Ec Sf2 Winner Of Ec Sf1,2026-05-23,2026-05-23 21:00,New York Knicks,Cleveland Cavaliers,Cleveland Cavaliers,Dean Wade,PRA,10.5,Sobre,2.07,dom_alt,
Cleveland Cavaliers - New York Knicks,Winner Of Ec Sf2 Winner Of Ec Sf1,2026-05-23,2026-05-23 21:00,New York Knicks,Cleveland Cavaliers,Cleveland Cavaliers,Dean Wade,PRA,10.5,Debajo,1.56,dom_alt,
Cleveland Cavaliers - New York Knicks,Winner Of Ec Sf2 Winner Of Ec Sf1,2026-05-23,2026-05-23 21:00,New York Knicks,Cleveland Cavaliers,Cleveland Cavaliers,Dean Wade,PRA,7.5,Sobre,1.44,dom_alt,
Cleveland Cavaliers - New York Knicks,Winner Of Ec Sf2 Winner Of Ec Sf1,2026-05-23,2026-05-23 21:00,New York Knicks,Cleveland Cavaliers,Cleveland Cavaliers,Dean Wade,PRA,7.5,Debajo,2.33,dom_alt,
Cleveland Cavaliers - New York Knicks,Winner Of Ec Sf2 Winner Of Ec Sf1,2026-05-23,2026-05-23 21:00,New York Knicks,Cleveland Cavaliers,Cleveland Cavaliers,Dean Wade,PRA,11.5,Sobre,2.32,dom_alt,
Cleveland Cavaliers - New York Knicks,Winner Of Ec Sf2 Winner Of Ec Sf1,2026-05-23,2026-05-23 21:00,New York Knicks,Cleveland Cavaliers,Cleveland Cavaliers,Dean Wade,PRA,11.5,Debajo,1.44,dom_alt,
Cleveland Cavaliers - New York Knicks,Winner Of Ec Sf2 Winner Of Ec Sf1,2026-05-23,2026-05-23 21:00,New York Knicks,Cleveland Cavaliers,Cleveland Cavaliers,Dean Wade,PRA,12.5,Sobre,2.74,dom_alt,
Cleveland Cavaliers - New York Knicks,Winner Of Ec Sf2 Winner Of Ec Sf1,2026-05-23,2026-05-23 21:00,New York Knicks,Cleveland Cavaliers,Cleveland Cavaliers,Dean Wade,PRA,12.5,Debajo,1.31,dom_alt,
Cleveland Cavaliers - New York Knicks,Winner Of Ec Sf2 Winner Of Ec Sf1,2026-05-23,2026-05-23 21:00,New York Knicks,Cleveland Cavaliers,Cleveland Cavaliers,Dean Wade,Asistencias+Rebotes,4.5,Sobre,1.61,dom,
Cleveland Cavaliers - New York Knicks,Winner Of Ec Sf2 Winner Of Ec Sf1,2026-05-23,2026-05-23 21:00,New York Knicks,Cleveland Cavaliers,Cleveland Cavaliers,Dean Wade,Asistencias+Rebotes,4.5,Debajo,2.13,dom,
Cleveland Cavaliers - New York Knicks,Winner Of Ec Sf2 Winner Of Ec Sf1,2026-05-23,2026-05-23 21:00,New York Knicks,Cleveland Cavaliers,Cleveland Cavaliers,Dean Wade,Robos+Tapones,0.5,Sobre,1.60,dom,
Cleveland Cavaliers - New York Knicks,Winner Of Ec Sf2 Winner Of Ec Sf1,2026-05-23,2026-05-23 21:00,New York Knicks,Cleveland Cavaliers,Cleveland Cavaliers,Dean Wade,Robos+Tapones,0.5,Debajo,2.15,dom,
Cleveland Cavaliers - New York Knicks,Winner Of Ec Sf2 Winner Of Ec Sf1,2026-05-23,2026-05-23 21:00,New York Knicks,Cleveland Cavaliers,Cleveland Cavaliers,Dean Wade,Asistencias,0.5,Sobre,1.39,dom,
Cleveland Cavaliers - New York Knicks,Winner Of Ec Sf2 Winner Of Ec Sf1,2026-05-23,2026-05-23 21:00,New York Knicks,Cleveland Cavaliers,Cleveland Cavaliers,Dean Wade,Asistencias,0.5,Debajo,2.72,dom,
Cleveland Cavaliers - New York Knicks,Winner Of Ec Sf2 Winner Of Ec Sf1,2026-05-23,2026-05-23 21:00,New York Knicks,Cleveland Cavaliers,Cleveland Cavaliers,Dean Wade,PuntosPrimerCuarto,0.5,Sobre,2.27,dom,
Cleveland Cavaliers - New York Knicks,Winner Of Ec Sf2 Winner Of Ec Sf1,2026-05-23,2026-05-23 21:00,New York Knicks,Cleveland Cavaliers,Cleveland Cavaliers,Dean Wade,PuntosPrimerCuarto,0.5,Debajo,1.54,dom,
Cleveland Cavaliers - New York Knicks,Winner Of Ec Sf2 Winner Of Ec Sf1,2026-05-23,2026-05-23 21:00,New York Knicks,Cleveland Cavaliers,Cleveland Cavaliers,Dean Wade,GolesCampo,1.5,Sobre,1.90,dom,
Cleveland Cavaliers - New York Knicks,Winner Of Ec Sf2 Winner Of Ec Sf1,2026-05-23,2026-05-23 21:00,New York Knicks,Cleveland Cavaliers,Cleveland Cavaliers,Dean Wade,GolesCampo,1.5,Debajo,1.78,dom,
Cleveland Cavaliers - New York Knicks,Winner Of Ec Sf2 Winner Of Ec Sf1,2026-05-23,2026-05-23 21:00,New York Knicks,Cleveland Cavaliers,Cleveland Cavaliers,Dean Wade,GolesCampoInt,3.5,Sobre,1.79,dom,
Cleveland Cavaliers - New York Knicks,Winner Of Ec Sf2 Winner Of Ec Sf1,2026-05-23,2026-05-23 21:00,New York Knicks,Cleveland Cavaliers,Cleveland Cavaliers,Dean Wade,GolesCampoInt,3.5,Debajo,1.88,dom,
Cleveland Cavaliers - New York Knicks,Winner Of Ec Sf2 Winner Of Ec Sf1,2026-05-23,2026-05-23 21:00,New York Knicks,Cleveland Cavaliers,Cleveland Cavaliers,Dean Wade,TriplesInt,2.5,Sobre,1.80,dom,
Cleveland Cavaliers - New York Knicks,Winner Of Ec Sf2 Winner Of Ec Sf1,2026-05-23,2026-05-23 21:00,New York Knicks,Cleveland Cavaliers,Cleveland Cavaliers,Dean Wade,TriplesInt,2.5,Debajo,1.87,dom,
Cleveland Cavaliers - New York Knicks,Winner Of Ec Sf2 Winner Of Ec Sf1,2026-05-23,2026-05-23 21:00,New York Knicks,Cleveland Cavaliers,Cleveland Cavaliers,Dean Wade,Faltas,1.5,Sobre,1.65,dom,
Cleveland Cavaliers - New York Knicks,Winner Of Ec Sf2 Winner Of Ec Sf1,2026-05-23,2026-05-23 21:00,New York Knicks,Cleveland Cavaliers,Cleveland Cavaliers,Dean Wade,Faltas,1.5,Debajo,2.07,dom,
Cleveland Cavaliers - New York Knicks,Winner Of Ec Sf2 Winner Of Ec Sf1,2026-05-23,2026-05-23 21:00,New York Knicks,Cleveland Cavaliers,New York Knicks,Jose Alvarado,Puntos,2.5,Sobre,2.02,dom,
Cleveland Cavaliers - New York Knicks,Winner Of Ec Sf2 Winner Of Ec Sf1,2026-05-23,2026-05-23 21:00,New York Knicks,Cleveland Cavaliers,New York Knicks,Jose Alvarado,Puntos,2.5,Debajo,1.68,dom,
Cleveland Cavaliers - New York Knicks,Winner Of Ec Sf2 Winner Of Ec Sf1,2026-05-23,2026-05-23 21:00,New York Knicks,Cleveland Cavaliers,New York Knicks,Jose Alvarado,Puntos,3.5,Sobre,2.71,dom_alt,
Cleveland Cavaliers - New York Knicks,Winner Of Ec Sf2 Winner Of Ec Sf1,2026-05-23,2026-05-23 21:00,New York Knicks,Cleveland Cavaliers,New York Knicks,Jose Alvarado,Puntos,3.5,Debajo,1.32,dom_alt,
Cleveland Cavaliers - New York Knicks,Winner Of Ec Sf2 Winner Of Ec Sf1,2026-05-23,2026-05-23 21:00,New York Knicks,Cleveland Cavaliers,New York Knicks,Jose Alvarado,Puntos,0.5,Sobre,1.57,dom_alt,
Cleveland Cavaliers - New York Knicks,Winner Of Ec Sf2 Winner Of Ec Sf1,2026-05-23,2026-05-23 21:00,New York Knicks,Cleveland Cavaliers,New York Knicks,Jose Alvarado,Puntos,0.5,Debajo,2.05,dom_alt,
Cleveland Cavaliers - New York Knicks,Winner Of Ec Sf2 Winner Of Ec Sf1,2026-05-23,2026-05-23 21:00,New York Knicks,Cleveland Cavaliers,New York Knicks,Jose Alvarado,Rebotes,0.5,Sobre,1.85,dom,
Cleveland Cavaliers - New York Knicks,Winner Of Ec Sf2 Winner Of Ec Sf1,2026-05-23,2026-05-23 21:00,New York Knicks,Cleveland Cavaliers,New York Knicks,Jose Alvarado,Rebotes,0.5,Debajo,1.82,dom,
Cleveland Cavaliers - New York Knicks,Winner Of Ec Sf2 Winner Of Ec Sf1,2026-05-23,2026-05-23 21:00,New York Knicks,Cleveland Cavaliers,New York Knicks,Jose Alvarado,Triples,0.5,Sobre,2.33,dom,
Cleveland Cavaliers - New York Knicks,Winner Of Ec Sf2 Winner Of Ec Sf1,2026-05-23,2026-05-23 21:00,New York Knicks,Cleveland Cavaliers,New York Knicks,Jose Alvarado,Triples,0.5,Debajo,1.51,dom,
Cleveland Cavaliers - New York Knicks,Winner Of Ec Sf2 Winner Of Ec Sf1,2026-05-23,2026-05-23 21:00,New York Knicks,Cleveland Cavaliers,New York Knicks,Jose Alvarado,Puntos+Rebotes,2.5,Sobre,1.73,dom,
Cleveland Cavaliers - New York Knicks,Winner Of Ec Sf2 Winner Of Ec Sf1,2026-05-23,2026-05-23 21:00,New York Knicks,Cleveland Cavaliers,New York Knicks,Jose Alvarado,Puntos+Rebotes,2.5,Debajo,1.95,dom,
Cleveland Cavaliers - New York Knicks,Winner Of Ec Sf2 Winner Of Ec Sf1,2026-05-23,2026-05-23 21:00,New York Knicks,Cleveland Cavaliers,New York Knicks,Jose Alvarado,Puntos+Asistencias,3.5,Sobre,2.05,dom,
Cleveland Cavaliers - New York Knicks,Winner Of Ec Sf2 Winner Of Ec Sf1,2026-05-23,2026-05-23 21:00,New York Knicks,Cleveland Cavaliers,New York Knicks,Jose Alvarado,Puntos+Asistencias,3.5,Debajo,1.66,dom,
Cleveland Cavaliers - New York Knicks,Winner Of Ec Sf2 Winner Of Ec Sf1,2026-05-23,2026-05-23 21:00,New York Knicks,Cleveland Cavaliers,New York Knicks,Jose Alvarado,PRA,3.5,Sobre,1.76,dom,
Cleveland Cavaliers - New York Knicks,Winner Of Ec Sf2 Winner Of Ec Sf1,2026-05-23,2026-05-23 21:00,New York Knicks,Cleveland Cavaliers,New York Knicks,Jose Alvarado,PRA,3.5,Debajo,1.92,dom,
Cleveland Cavaliers - New York Knicks,Winner Of Ec Sf2 Winner Of Ec Sf1,2026-05-23,2026-05-23 21:00,New York Knicks,Cleveland Cavaliers,New York Knicks,Jose Alvarado,PRA,4.5,Sobre,2.04,dom_alt,
Cleveland Cavaliers - New York Knicks,Winner Of Ec Sf2 Winner Of Ec Sf1,2026-05-23,2026-05-23 21:00,New York Knicks,Cleveland Cavaliers,New York Knicks,Jose Alvarado,PRA,4.5,Debajo,1.58,dom_alt,
Cleveland Cavaliers - New York Knicks,Winner Of Ec Sf2 Winner Of Ec Sf1,2026-05-23,2026-05-23 21:00,New York Knicks,Cleveland Cavaliers,New York Knicks,Jose Alvarado,PRA,5.5,Sobre,2.38,dom_alt,
Cleveland Cavaliers - New York Knicks,Winner Of Ec Sf2 Winner Of Ec Sf1,2026-05-23,2026-05-23 21:00,New York Knicks,Cleveland Cavaliers,New York Knicks,Jose Alvarado,PRA,5.5,Debajo,1.42,dom_alt,
Cleveland Cavaliers - New York Knicks,Winner Of Ec Sf2 Winner Of Ec Sf1,2026-05-23,2026-05-23 21:00,New York Knicks,Cleveland Cavaliers,New York Knicks,Jose Alvarado,Asistencias+Rebotes,1.5,Sobre,1.83,dom,
Cleveland Cavaliers - New York Knicks,Winner Of Ec Sf2 Winner Of Ec Sf1,2026-05-23,2026-05-23 21:00,New York Knicks,Cleveland Cavaliers,New York Knicks,Jose Alvarado,Asistencias+Rebotes,1.5,Debajo,1.84,dom,
Cleveland Cavaliers - New York Knicks,Winner Of Ec Sf2 Winner Of Ec Sf1,2026-05-23,2026-05-23 21:00,New York Knicks,Cleveland Cavaliers,New York Knicks,Jose Alvarado,Asistencias,0.5,Sobre,1.51,dom,
Cleveland Cavaliers - New York Knicks,Winner Of Ec Sf2 Winner Of Ec Sf1,2026-05-23,2026-05-23 21:00,New York Knicks,Cleveland Cavaliers,New York Knicks,Jose Alvarado,Asistencias,0.5,Debajo,2.34,dom,
Cleveland Cavaliers - New York Knicks,Winner Of Ec Sf2 Winner Of Ec Sf1,2026-05-23,2026-05-23 21:00,New York Knicks,Cleveland Cavaliers,New York Knicks,Jose Alvarado,Faltas,0.5,Sobre,1.86,dom,
Cleveland Cavaliers - New York Knicks,Winner Of Ec Sf2 Winner Of Ec Sf1,2026-05-23,2026-05-23 21:00,New York Knicks,Cleveland Cavaliers,New York Knicks,Jose Alvarado,Faltas,0.5,Debajo,1.81,dom,
Cleveland Cavaliers - New York Knicks,Winner Of Ec Sf2 Winner Of Ec Sf1,2026-05-23,2026-05-23 21:00,New York Knicks,Cleveland Cavaliers,New York Knicks,OG Anunoby,Puntos,14.5,Sobre,1.76,dom,
Cleveland Cavaliers - New York Knicks,Winner Of Ec Sf2 Winner Of Ec Sf1,2026-05-23,2026-05-23 21:00,New York Knicks,Cleveland Cavaliers,New York Knicks,OG Anunoby,Puntos,14.5,Debajo,1.92,dom,
Cleveland Cavaliers - New York Knicks,Winner Of Ec Sf2 Winner Of Ec Sf1,2026-05-23,2026-05-23 21:00,New York Knicks,Cleveland Cavaliers,New York Knicks,OG Anunoby,Puntos,15.5,Sobre,1.91,dom_alt,
Cleveland Cavaliers - New York Knicks,Winner Of Ec Sf2 Winner Of Ec Sf1,2026-05-23,2026-05-23 21:00,New York Knicks,Cleveland Cavaliers,New York Knicks,OG Anunoby,Puntos,15.5,Debajo,1.66,dom_alt,
Cleveland Cavaliers - New York Knicks,Winner Of Ec Sf2 Winner Of Ec Sf1,2026-05-23,2026-05-23 21:00,New York Knicks,Cleveland Cavaliers,New York Knicks,OG Anunoby,Puntos,12.5,Sobre,1.45,dom_alt,
Cleveland Cavaliers - New York Knicks,Winner Of Ec Sf2 Winner Of Ec Sf1,2026-05-23,2026-05-23 21:00,New York Knicks,Cleveland Cavaliers,New York Knicks,OG Anunoby,Puntos,12.5,Debajo,2.30,dom_alt,
Cleveland Cavaliers - New York Knicks,Winner Of Ec Sf2 Winner Of Ec Sf1,2026-05-23,2026-05-23 21:00,New York Knicks,Cleveland Cavaliers,New York Knicks,OG Anunoby,Puntos,16.5,Sobre,2.04,dom_alt,
Cleveland Cavaliers - New York Knicks,Winner Of Ec Sf2 Winner Of Ec Sf1,2026-05-23,2026-05-23 21:00,New York Knicks,Cleveland Cavaliers,New York Knicks,OG Anunoby,Puntos,16.5,Debajo,1.57,dom_alt,
Cleveland Cavaliers - New York Knicks,Winner Of Ec Sf2 Winner Of Ec Sf1,2026-05-23,2026-05-23 21:00,New York Knicks,Cleveland Cavaliers,New York Knicks,OG Anunoby,Puntos,11.5,Sobre,1.34,dom_alt,
Cleveland Cavaliers - New York Knicks,Winner Of Ec Sf2 Winner Of Ec Sf1,2026-05-23,2026-05-23 21:00,New York Knicks,Cleveland Cavaliers,New York Knicks,OG Anunoby,Puntos,11.5,Debajo,2.66,dom_alt,
Cleveland Cavaliers - New York Knicks,Winner Of Ec Sf2 Winner Of Ec Sf1,2026-05-23,2026-05-23 21:00,New York Knicks,Cleveland Cavaliers,New York Knicks,OG Anunoby,Puntos,17.5,Sobre,2.30,dom_alt,
Cleveland Cavaliers - New York Knicks,Winner Of Ec Sf2 Winner Of Ec Sf1,2026-05-23,2026-05-23 21:00,New York Knicks,Cleveland Cavaliers,New York Knicks,OG Anunoby,Puntos,17.5,Debajo,1.45,dom_alt,
Cleveland Cavaliers - New York Knicks,Winner Of Ec Sf2 Winner Of Ec Sf1,2026-05-23,2026-05-23 21:00,New York Knicks,Cleveland Cavaliers,New York Knicks,OG Anunoby,Puntos,18.5,Sobre,2.63,dom_alt,
Cleveland Cavaliers - New York Knicks,Winner Of Ec Sf2 Winner Of Ec Sf1,2026-05-23,2026-05-23 21:00,New York Knicks,Cleveland Cavaliers,New York Knicks,OG Anunoby,Puntos,18.5,Debajo,1.34,dom_alt,
Cleveland Cavaliers - New York Knicks,Winner Of Ec Sf2 Winner Of Ec Sf1,2026-05-23,2026-05-23 21:00,New York Knicks,Cleveland Cavaliers,New York Knicks,OG Anunoby,Rebotes,4.5,Sobre,1.61,dom,
Cleveland Cavaliers - New York Knicks,Winner Of Ec Sf2 Winner Of Ec Sf1,2026-05-23,2026-05-23 21:00,New York Knicks,Cleveland Cavaliers,New York Knicks,OG Anunoby,Rebotes,4.5,Debajo,2.14,dom,
Cleveland Cavaliers - New York Knicks,Winner Of Ec Sf2 Winner Of Ec Sf1,2026-05-23,2026-05-23 21:00,New York Knicks,Cleveland Cavaliers,New York Knicks,OG Anunoby,Triples,2.5,Sobre,2.35,dom,
Cleveland Cavaliers - New York Knicks,Winner Of Ec Sf2 Winner Of Ec Sf1,2026-05-23,2026-05-23 21:00,New York Knicks,Cleveland Cavaliers,New York Knicks,OG Anunoby,Triples,2.5,Debajo,1.50,dom,
Cleveland Cavaliers - New York Knicks,Winner Of Ec Sf2 Winner Of Ec Sf1,2026-05-23,2026-05-23 21:00,New York Knicks,Cleveland Cavaliers,New York Knicks,OG Anunoby,Robos,1.5,Sobre,2.30,dom,
Cleveland Cavaliers - New York Knicks,Winner Of Ec Sf2 Winner Of Ec Sf1,2026-05-23,2026-05-23 21:00,New York Knicks,Cleveland Cavaliers,New York Knicks,OG Anunoby,Robos,1.5,Debajo,1.53,dom,
Cleveland Cavaliers - New York Knicks,Winner Of Ec Sf2 Winner Of Ec Sf1,2026-05-23,2026-05-23 21:00,New York Knicks,Cleveland Cavaliers,New York Knicks,OG Anunoby,Tapones,0.5,Sobre,1.59,dom,
Cleveland Cavaliers - New York Knicks,Winner Of Ec Sf2 Winner Of Ec Sf1,2026-05-23,2026-05-23 21:00,New York Knicks,Cleveland Cavaliers,New York Knicks,OG Anunoby,Tapones,0.5,Debajo,2.16,dom,
Cleveland Cavaliers - New York Knicks,Winner Of Ec Sf2 Winner Of Ec Sf1,2026-05-23,2026-05-23 21:00,New York Knicks,Cleveland Cavaliers,New York Knicks,OG Anunoby,Puntos+Rebotes,20.5,Sobre,1.93,dom,
Cleveland Cavaliers - New York Knicks,Winner Of Ec Sf2 Winner Of Ec Sf1,2026-05-23,2026-05-23 21:00,New York Knicks,Cleveland Cavaliers,New York Knicks,OG Anunoby,Puntos+Rebotes,20.5,Debajo,1.75,dom,
Cleveland Cavaliers - New York Knicks,Winner Of Ec Sf2 Winner Of Ec Sf1,2026-05-23,2026-05-23 21:00,New York Knicks,Cleveland Cavaliers,New York Knicks,OG Anunoby,Puntos+Rebotes,21.5,Sobre,2.05,dom_alt,
Cleveland Cavaliers - New York Knicks,Winner Of Ec Sf2 Winner Of Ec Sf1,2026-05-23,2026-05-23 21:00,New York Knicks,Cleveland Cavaliers,New York Knicks,OG Anunoby,Puntos+Rebotes,21.5,Debajo,1.57,dom_alt,
Cleveland Cavaliers - New York Knicks,Winner Of Ec Sf2 Winner Of Ec Sf1,2026-05-23,2026-05-23 21:00,New York Knicks,Cleveland Cavaliers,New York Knicks,OG Anunoby,Puntos+Rebotes,18.5,Sobre,1.56,dom_alt,
Cleveland Cavaliers - New York Knicks,Winner Of Ec Sf2 Winner Of Ec Sf1,2026-05-23,2026-05-23 21:00,New York Knicks,Cleveland Cavaliers,New York Knicks,OG Anunoby,Puntos+Rebotes,18.5,Debajo,2.06,dom_alt,
Cleveland Cavaliers - New York Knicks,Winner Of Ec Sf2 Winner Of Ec Sf1,2026-05-23,2026-05-23 21:00,New York Knicks,Cleveland Cavaliers,New York Knicks,OG Anunoby,Puntos+Asistencias,16.5,Sobre,1.85,dom,
Cleveland Cavaliers - New York Knicks,Winner Of Ec Sf2 Winner Of Ec Sf1,2026-05-23,2026-05-23 21:00,New York Knicks,Cleveland Cavaliers,New York Knicks,OG Anunoby,Puntos+Asistencias,16.5,Debajo,1.82,dom,
Cleveland Cavaliers - New York Knicks,Winner Of Ec Sf2 Winner Of Ec Sf1,2026-05-23,2026-05-23 21:00,New York Knicks,Cleveland Cavaliers,New York Knicks,OG Anunoby,Puntos+Asistencias,17.5,Sobre,1.98,dom_alt,
Cleveland Cavaliers - New York Knicks,Winner Of Ec Sf2 Winner Of Ec Sf1,2026-05-23,2026-05-23 21:00,New York Knicks,Cleveland Cavaliers,New York Knicks,OG Anunoby,Puntos+Asistencias,17.5,Debajo,1.62,dom_alt,
Cleveland Cavaliers - New York Knicks,Winner Of Ec Sf2 Winner Of Ec Sf1,2026-05-23,2026-05-23 21:00,New York Knicks,Cleveland Cavaliers,New York Knicks,OG Anunoby,Puntos+Asistencias,14.5,Sobre,1.52,dom_alt,
Cleveland Cavaliers - New York Knicks,Winner Of Ec Sf2 Winner Of Ec Sf1,2026-05-23,2026-05-23 21:00,New York Knicks,Cleveland Cavaliers,New York Knicks,OG Anunoby,Puntos+Asistencias,14.5,Debajo,2.13,dom_alt,
Cleveland Cavaliers - New York Knicks,Winner Of Ec Sf2 Winner Of Ec Sf1,2026-05-23,2026-05-23 21:00,New York Knicks,Cleveland Cavaliers,New York Knicks,OG Anunoby,Puntos+Asistencias,18.5,Sobre,2.15,dom_alt,
Cleveland Cavaliers - New York Knicks,Winner Of Ec Sf2 Winner Of Ec Sf1,2026-05-23,2026-05-23 21:00,New York Knicks,Cleveland Cavaliers,New York Knicks,OG Anunoby,Puntos+Asistencias,18.5,Debajo,1.52,dom_alt,
Cleveland Cavaliers - New York Knicks,Winner Of Ec Sf2 Winner Of Ec Sf1,2026-05-23,2026-05-23 21:00,New York Knicks,Cleveland Cavaliers,New York Knicks,OG Anunoby,PRA,21.5,Sobre,1.82,dom,
Cleveland Cavaliers - New York Knicks,Winner Of Ec Sf2 Winner Of Ec Sf1,2026-05-23,2026-05-23 21:00,New York Knicks,Cleveland Cavaliers,New York Knicks,OG Anunoby,PRA,21.5,Debajo,1.85,dom,
Cleveland Cavaliers - New York Knicks,Winner Of Ec Sf2 Winner Of Ec Sf1,2026-05-23,2026-05-23 21:00,New York Knicks,Cleveland Cavaliers,New York Knicks,OG Anunoby,PRA,22.5,Sobre,1.92,dom_alt,
Cleveland Cavaliers - New York Knicks,Winner Of Ec Sf2 Winner Of Ec Sf1,2026-05-23,2026-05-23 21:00,New York Knicks,Cleveland Cavaliers,New York Knicks,OG Anunoby,PRA,22.5,Debajo,1.66,dom_alt,
Cleveland Cavaliers - New York Knicks,Winner Of Ec Sf2 Winner Of Ec Sf1,2026-05-23,2026-05-23 21:00,New York Knicks,Cleveland Cavaliers,New York Knicks,OG Anunoby,PRA,19.5,Sobre,1.55,dom_alt,
Cleveland Cavaliers - New York Knicks,Winner Of Ec Sf2 Winner Of Ec Sf1,2026-05-23,2026-05-23 21:00,New York Knicks,Cleveland Cavaliers,New York Knicks,OG Anunoby,PRA,19.5,Debajo,2.08,dom_alt,
Cleveland Cavaliers - New York Knicks,Winner Of Ec Sf2 Winner Of Ec Sf1,2026-05-23,2026-05-23 21:00,New York Knicks,Cleveland Cavaliers,New York Knicks,OG Anunoby,PRA,23.5,Sobre,2.05,dom_alt,
Cleveland Cavaliers - New York Knicks,Winner Of Ec Sf2 Winner Of Ec Sf1,2026-05-23,2026-05-23 21:00,New York Knicks,Cleveland Cavaliers,New York Knicks,OG Anunoby,PRA,23.5,Debajo,1.57,dom_alt,
Cleveland Cavaliers - New York Knicks,Winner Of Ec Sf2 Winner Of Ec Sf1,2026-05-23,2026-05-23 21:00,New York Knicks,Cleveland Cavaliers,New York Knicks,OG Anunoby,PRA,18.5,Sobre,1.42,dom_alt,
Cleveland Cavaliers - New York Knicks,Winner Of Ec Sf2 Winner Of Ec Sf1,2026-05-23,2026-05-23 21:00,New York Knicks,Cleveland Cavaliers,New York Knicks,OG Anunoby,PRA,18.5,Debajo,2.37,dom_alt,
Cleveland Cavaliers - New York Knicks,Winner Of Ec Sf2 Winner Of Ec Sf1,2026-05-23,2026-05-23 21:00,New York Knicks,Cleveland Cavaliers,New York Knicks,OG Anunoby,PRA,24.5,Sobre,2.27,dom_alt,
Cleveland Cavaliers - New York Knicks,Winner Of Ec Sf2 Winner Of Ec Sf1,2026-05-23,2026-05-23 21:00,New York Knicks,Cleveland Cavaliers,New York Knicks,OG Anunoby,PRA,24.5,Debajo,1.46,dom_alt,
Cleveland Cavaliers - New York Knicks,Winner Of Ec Sf2 Winner Of Ec Sf1,2026-05-23,2026-05-23 21:00,New York Knicks,Cleveland Cavaliers,New York Knicks,OG Anunoby,PRA,17.5,Sobre,1.32,dom_alt,
Cleveland Cavaliers - New York Knicks,Winner Of Ec Sf2 Winner Of Ec Sf1,2026-05-23,2026-05-23 21:00,New York Knicks,Cleveland Cavaliers,New York Knicks,OG Anunoby,PRA,17.5,Debajo,2.70,dom_alt,
Cleveland Cavaliers - New York Knicks,Winner Of Ec Sf2 Winner Of Ec Sf1,2026-05-23,2026-05-23 21:00,New York Knicks,Cleveland Cavaliers,New York Knicks,OG Anunoby,PRA,25.5,Sobre,2.55,dom_alt,
Cleveland Cavaliers - New York Knicks,Winner Of Ec Sf2 Winner Of Ec Sf1,2026-05-23,2026-05-23 21:00,New York Knicks,Cleveland Cavaliers,New York Knicks,OG Anunoby,PRA,25.5,Debajo,1.36,dom_alt,
Cleveland Cavaliers - New York Knicks,Winner Of Ec Sf2 Winner Of Ec Sf1,2026-05-23,2026-05-23 21:00,New York Knicks,Cleveland Cavaliers,New York Knicks,OG Anunoby,Asistencias+Rebotes,6.5,Sobre,1.84,dom,
Cleveland Cavaliers - New York Knicks,Winner Of Ec Sf2 Winner Of Ec Sf1,2026-05-23,2026-05-23 21:00,New York Knicks,Cleveland Cavaliers,New York Knicks,OG Anunoby,Asistencias+Rebotes,6.5,Debajo,1.83,dom,
Cleveland Cavaliers - New York Knicks,Winner Of Ec Sf2 Winner Of Ec Sf1,2026-05-23,2026-05-23 21:00,New York Knicks,Cleveland Cavaliers,New York Knicks,OG Anunoby,Robos+Tapones,2.5,Sobre,2.31,dom,
Cleveland Cavaliers - New York Knicks,Winner Of Ec Sf2 Winner Of Ec Sf1,2026-05-23,2026-05-23 21:00,New York Knicks,Cleveland Cavaliers,New York Knicks,OG Anunoby,Robos+Tapones,2.5,Debajo,1.52,dom,
Cleveland Cavaliers - New York Knicks,Winner Of Ec Sf2 Winner Of Ec Sf1,2026-05-23,2026-05-23 21:00,New York Knicks,Cleveland Cavaliers,New York Knicks,OG Anunoby,Asistencias,1.5,Sobre,1.97,dom,
Cleveland Cavaliers - New York Knicks,Winner Of Ec Sf2 Winner Of Ec Sf1,2026-05-23,2026-05-23 21:00,New York Knicks,Cleveland Cavaliers,New York Knicks,OG Anunoby,Asistencias,1.5,Debajo,1.71,dom,
Cleveland Cavaliers - New York Knicks,Winner Of Ec Sf2 Winner Of Ec Sf1,2026-05-23,2026-05-23 21:00,New York Knicks,Cleveland Cavaliers,New York Knicks,OG Anunoby,PuntosPrimerCuarto,3.5,Sobre,1.88,dom,
Cleveland Cavaliers - New York Knicks,Winner Of Ec Sf2 Winner Of Ec Sf1,2026-05-23,2026-05-23 21:00,New York Knicks,Cleveland Cavaliers,New York Knicks,OG Anunoby,PuntosPrimerCuarto,3.5,Debajo,1.79,dom,
Cleveland Cavaliers - New York Knicks,Winner Of Ec Sf2 Winner Of Ec Sf1,2026-05-23,2026-05-23 21:00,New York Knicks,Cleveland Cavaliers,New York Knicks,OG Anunoby,PuntosPrimerCuarto,4.5,Sobre,2.05,dom_alt,
Cleveland Cavaliers - New York Knicks,Winner Of Ec Sf2 Winner Of Ec Sf1,2026-05-23,2026-05-23 21:00,New York Knicks,Cleveland Cavaliers,New York Knicks,OG Anunoby,PuntosPrimerCuarto,4.5,Debajo,1.57,dom_alt,
Cleveland Cavaliers - New York Knicks,Winner Of Ec Sf2 Winner Of Ec Sf1,2026-05-23,2026-05-23 21:00,New York Knicks,Cleveland Cavaliers,New York Knicks,OG Anunoby,TirosLibres,2.5,Sobre,1.84,dom,
Cleveland Cavaliers - New York Knicks,Winner Of Ec Sf2 Winner Of Ec Sf1,2026-05-23,2026-05-23 21:00,New York Knicks,Cleveland Cavaliers,New York Knicks,OG Anunoby,TirosLibres,2.5,Debajo,1.83,dom,
Cleveland Cavaliers - New York Knicks,Winner Of Ec Sf2 Winner Of Ec Sf1,2026-05-23,2026-05-23 21:00,New York Knicks,Cleveland Cavaliers,New York Knicks,OG Anunoby,TirosLibresInt,3.5,Sobre,1.93,dom,
Cleveland Cavaliers - New York Knicks,Winner Of Ec Sf2 Winner Of Ec Sf1,2026-05-23,2026-05-23 21:00,New York Knicks,Cleveland Cavaliers,New York Knicks,OG Anunoby,TirosLibresInt,3.5,Debajo,1.75,dom,
Cleveland Cavaliers - New York Knicks,Winner Of Ec Sf2 Winner Of Ec Sf1,2026-05-23,2026-05-23 21:00,New York Knicks,Cleveland Cavaliers,New York Knicks,OG Anunoby,GolesCampoInt,10.5,Sobre,1.70,dom,
Cleveland Cavaliers - New York Knicks,Winner Of Ec Sf2 Winner Of Ec Sf1,2026-05-23,2026-05-23 21:00,New York Knicks,Cleveland Cavaliers,New York Knicks,OG Anunoby,GolesCampoInt,10.5,Debajo,2.00,dom,
Cleveland Cavaliers - New York Knicks,Winner Of Ec Sf2 Winner Of Ec Sf1,2026-05-23,2026-05-23 21:00,New York Knicks,Cleveland Cavaliers,New York Knicks,OG Anunoby,TriplesInt,5.5,Sobre,1.68,dom,
Cleveland Cavaliers - New York Knicks,Winner Of Ec Sf2 Winner Of Ec Sf1,2026-05-23,2026-05-23 21:00,New York Knicks,Cleveland Cavaliers,New York Knicks,OG Anunoby,TriplesInt,5.5,Debajo,2.02,dom,
Cleveland Cavaliers - New York Knicks,Winner Of Ec Sf2 Winner Of Ec Sf1,2026-05-23,2026-05-23 21:00,New York Knicks,Cleveland Cavaliers,New York Knicks,Mikal Bridges,Puntos,13.5,Sobre,1.89,dom,
Cleveland Cavaliers - New York Knicks,Winner Of Ec Sf2 Winner Of Ec Sf1,2026-05-23,2026-05-23 21:00,New York Knicks,Cleveland Cavaliers,New York Knicks,Mikal Bridges,Puntos,13.5,Debajo,1.79,dom,
Cleveland Cavaliers - New York Knicks,Winner Of Ec Sf2 Winner Of Ec Sf1,2026-05-23,2026-05-23 21:00,New York Knicks,Cleveland Cavaliers,New York Knicks,Mikal Bridges,Puntos,14.5,Sobre,2.04,dom_alt,
Cleveland Cavaliers - New York Knicks,Winner Of Ec Sf2 Winner Of Ec Sf1,2026-05-23,2026-05-23 21:00,New York Knicks,Cleveland Cavaliers,New York Knicks,Mikal Bridges,Puntos,14.5,Debajo,1.58,dom_alt,
Cleveland Cavaliers - New York Knicks,Winner Of Ec Sf2 Winner Of Ec Sf1,2026-05-23,2026-05-23 21:00,New York Knicks,Cleveland Cavaliers,New York Knicks,Mikal Bridges,Puntos,11.5,Sobre,1.51,dom_alt,
Cleveland Cavaliers - New York Knicks,Winner Of Ec Sf2 Winner Of Ec Sf1,2026-05-23,2026-05-23 21:00,New York Knicks,Cleveland Cavaliers,New York Knicks,Mikal Bridges,Puntos,11.5,Debajo,2.15,dom_alt,
Cleveland Cavaliers - New York Knicks,Winner Of Ec Sf2 Winner Of Ec Sf1,2026-05-23,2026-05-23 21:00,New York Knicks,Cleveland Cavaliers,New York Knicks,Mikal Bridges,Puntos,15.5,Sobre,2.23,dom_alt,
Cleveland Cavaliers - New York Knicks,Winner Of Ec Sf2 Winner Of Ec Sf1,2026-05-23,2026-05-23 21:00,New York Knicks,Cleveland Cavaliers,New York Knicks,Mikal Bridges,Puntos,15.5,Debajo,1.48,dom_alt,
Cleveland Cavaliers - New York Knicks,Winner Of Ec Sf2 Winner Of Ec Sf1,2026-05-23,2026-05-23 21:00,New York Knicks,Cleveland Cavaliers,New York Knicks,Mikal Bridges,Puntos,10.5,Sobre,1.38,dom_alt,
Cleveland Cavaliers - New York Knicks,Winner Of Ec Sf2 Winner Of Ec Sf1,2026-05-23,2026-05-23 21:00,New York Knicks,Cleveland Cavaliers,New York Knicks,Mikal Bridges,Puntos,10.5,Debajo,2.51,dom_alt,
Cleveland Cavaliers - New York Knicks,Winner Of Ec Sf2 Winner Of Ec Sf1,2026-05-23,2026-05-23 21:00,New York Knicks,Cleveland Cavaliers,New York Knicks,Mikal Bridges,Puntos,16.5,Sobre,2.54,dom_alt,
Cleveland Cavaliers - New York Knicks,Winner Of Ec Sf2 Winner Of Ec Sf1,2026-05-23,2026-05-23 21:00,New York Knicks,Cleveland Cavaliers,New York Knicks,Mikal Bridges,Puntos,16.5,Debajo,1.37,dom_alt,
Cleveland Cavaliers - New York Knicks,Winner Of Ec Sf2 Winner Of Ec Sf1,2026-05-23,2026-05-23 21:00,New York Knicks,Cleveland Cavaliers,New York Knicks,Mikal Bridges,Puntos,17.5,Sobre,2.93,dom_alt,
Cleveland Cavaliers - New York Knicks,Winner Of Ec Sf2 Winner Of Ec Sf1,2026-05-23,2026-05-23 21:00,New York Knicks,Cleveland Cavaliers,New York Knicks,Mikal Bridges,Puntos,17.5,Debajo,1.28,dom_alt,
Cleveland Cavaliers - New York Knicks,Winner Of Ec Sf2 Winner Of Ec Sf1,2026-05-23,2026-05-23 21:00,New York Knicks,Cleveland Cavaliers,New York Knicks,Mikal Bridges,Rebotes,3.5,Sobre,1.98,dom,
Cleveland Cavaliers - New York Knicks,Winner Of Ec Sf2 Winner Of Ec Sf1,2026-05-23,2026-05-23 21:00,New York Knicks,Cleveland Cavaliers,New York Knicks,Mikal Bridges,Rebotes,3.5,Debajo,1.71,dom,
Cleveland Cavaliers - New York Knicks,Winner Of Ec Sf2 Winner Of Ec Sf1,2026-05-23,2026-05-23 21:00,New York Knicks,Cleveland Cavaliers,New York Knicks,Mikal Bridges,Rebotes,4.5,Sobre,2.75,dom_alt,
Cleveland Cavaliers - New York Knicks,Winner Of Ec Sf2 Winner Of Ec Sf1,2026-05-23,2026-05-23 21:00,New York Knicks,Cleveland Cavaliers,New York Knicks,Mikal Bridges,Rebotes,4.5,Debajo,1.31,dom_alt,
Cleveland Cavaliers - New York Knicks,Winner Of Ec Sf2 Winner Of Ec Sf1,2026-05-23,2026-05-23 21:00,New York Knicks,Cleveland Cavaliers,New York Knicks,Mikal Bridges,Triples,1.5,Sobre,2.11,dom,
Cleveland Cavaliers - New York Knicks,Winner Of Ec Sf2 Winner Of Ec Sf1,2026-05-23,2026-05-23 21:00,New York Knicks,Cleveland Cavaliers,New York Knicks,Mikal Bridges,Triples,1.5,Debajo,1.62,dom,
Cleveland Cavaliers - New York Knicks,Winner Of Ec Sf2 Winner Of Ec Sf1,2026-05-23,2026-05-23 21:00,New York Knicks,Cleveland Cavaliers,New York Knicks,Mikal Bridges,Robos,1.5,Sobre,2.36,dom,
Cleveland Cavaliers - New York Knicks,Winner Of Ec Sf2 Winner Of Ec Sf1,2026-05-23,2026-05-23 21:00,New York Knicks,Cleveland Cavaliers,New York Knicks,Mikal Bridges,Robos,1.5,Debajo,1.50,dom,
Cleveland Cavaliers - New York Knicks,Winner Of Ec Sf2 Winner Of Ec Sf1,2026-05-23,2026-05-23 21:00,New York Knicks,Cleveland Cavaliers,New York Knicks,Mikal Bridges,Tapones,0.5,Sobre,2.27,dom,
Cleveland Cavaliers - New York Knicks,Winner Of Ec Sf2 Winner Of Ec Sf1,2026-05-23,2026-05-23 21:00,New York Knicks,Cleveland Cavaliers,New York Knicks,Mikal Bridges,Tapones,0.5,Debajo,1.54,dom,
Cleveland Cavaliers - New York Knicks,Winner Of Ec Sf2 Winner Of Ec Sf1,2026-05-23,2026-05-23 21:00,New York Knicks,Cleveland Cavaliers,New York Knicks,Mikal Bridges,Puntos+Rebotes,16.5,Sobre,1.77,dom,
Cleveland Cavaliers - New York Knicks,Winner Of Ec Sf2 Winner Of Ec Sf1,2026-05-23,2026-05-23 21:00,New York Knicks,Cleveland Cavaliers,New York Knicks,Mikal Bridges,Puntos+Rebotes,16.5,Debajo,1.90,dom,
Cleveland Cavaliers - New York Knicks,Winner Of Ec Sf2 Winner Of Ec Sf1,2026-05-23,2026-05-23 21:00,New York Knicks,Cleveland Cavaliers,New York Knicks,Mikal Bridges,Puntos+Rebotes,17.5,Sobre,1.92,dom_alt,
Cleveland Cavaliers - New York Knicks,Winner Of Ec Sf2 Winner Of Ec Sf1,2026-05-23,2026-05-23 21:00,New York Knicks,Cleveland Cavaliers,New York Knicks,Mikal Bridges,Puntos+Rebotes,17.5,Debajo,1.66,dom_alt,
Cleveland Cavaliers - New York Knicks,Winner Of Ec Sf2 Winner Of Ec Sf1,2026-05-23,2026-05-23 21:00,New York Knicks,Cleveland Cavaliers,New York Knicks,Mikal Bridges,Puntos+Rebotes,18.5,Sobre,2.06,dom_alt,
Cleveland Cavaliers - New York Knicks,Winner Of Ec Sf2 Winner Of Ec Sf1,2026-05-23,2026-05-23 21:00,New York Knicks,Cleveland Cavaliers,New York Knicks,Mikal Bridges,Puntos+Rebotes,18.5,Debajo,1.56,dom_alt,
Cleveland Cavaliers - New York Knicks,Winner Of Ec Sf2 Winner Of Ec Sf1,2026-05-23,2026-05-23 21:00,New York Knicks,Cleveland Cavaliers,New York Knicks,Mikal Bridges,Puntos+Asistencias,15.5,Sobre,1.75,dom,
Cleveland Cavaliers - New York Knicks,Winner Of Ec Sf2 Winner Of Ec Sf1,2026-05-23,2026-05-23 21:00,New York Knicks,Cleveland Cavaliers,New York Knicks,Mikal Bridges,Puntos+Asistencias,15.5,Debajo,1.93,dom,
Cleveland Cavaliers - New York Knicks,Winner Of Ec Sf2 Winner Of Ec Sf1,2026-05-23,2026-05-23 21:00,New York Knicks,Cleveland Cavaliers,New York Knicks,Mikal Bridges,Puntos+Asistencias,16.5,Sobre,1.90,dom_alt,
Cleveland Cavaliers - New York Knicks,Winner Of Ec Sf2 Winner Of Ec Sf1,2026-05-23,2026-05-23 21:00,New York Knicks,Cleveland Cavaliers,New York Knicks,Mikal Bridges,Puntos+Asistencias,16.5,Debajo,1.67,dom_alt,
Cleveland Cavaliers - New York Knicks,Winner Of Ec Sf2 Winner Of Ec Sf1,2026-05-23,2026-05-23 21:00,New York Knicks,Cleveland Cavaliers,New York Knicks,Mikal Bridges,Puntos+Asistencias,17.5,Sobre,2.06,dom_alt,
Cleveland Cavaliers - New York Knicks,Winner Of Ec Sf2 Winner Of Ec Sf1,2026-05-23,2026-05-23 21:00,New York Knicks,Cleveland Cavaliers,New York Knicks,Mikal Bridges,Puntos+Asistencias,17.5,Debajo,1.56,dom_alt,
Cleveland Cavaliers - New York Knicks,Winner Of Ec Sf2 Winner Of Ec Sf1,2026-05-23,2026-05-23 21:00,New York Knicks,Cleveland Cavaliers,New York Knicks,Mikal Bridges,PRA,19.5,Sobre,1.86,dom,
Cleveland Cavaliers - New York Knicks,Winner Of Ec Sf2 Winner Of Ec Sf1,2026-05-23,2026-05-23 21:00,New York Knicks,Cleveland Cavaliers,New York Knicks,Mikal Bridges,PRA,19.5,Debajo,1.81,dom,
Cleveland Cavaliers - New York Knicks,Winner Of Ec Sf2 Winner Of Ec Sf1,2026-05-23,2026-05-23 21:00,New York Knicks,Cleveland Cavaliers,New York Knicks,Mikal Bridges,PRA,20.5,Sobre,1.99,dom_alt,
Cleveland Cavaliers - New York Knicks,Winner Of Ec Sf2 Winner Of Ec Sf1,2026-05-23,2026-05-23 21:00,New York Knicks,Cleveland Cavaliers,New York Knicks,Mikal Bridges,PRA,20.5,Debajo,1.61,dom_alt,
Cleveland Cavaliers - New York Knicks,Winner Of Ec Sf2 Winner Of Ec Sf1,2026-05-23,2026-05-23 21:00,New York Knicks,Cleveland Cavaliers,New York Knicks,Mikal Bridges,PRA,17.5,Sobre,1.53,dom_alt,
Cleveland Cavaliers - New York Knicks,Winner Of Ec Sf2 Winner Of Ec Sf1,2026-05-23,2026-05-23 21:00,New York Knicks,Cleveland Cavaliers,New York Knicks,Mikal Bridges,PRA,17.5,Debajo,2.12,dom_alt,
Cleveland Cavaliers - New York Knicks,Winner Of Ec Sf2 Winner Of Ec Sf1,2026-05-23,2026-05-23 21:00,New York Knicks,Cleveland Cavaliers,New York Knicks,Mikal Bridges,PRA,21.5,Sobre,2.14,dom_alt,
Cleveland Cavaliers - New York Knicks,Winner Of Ec Sf2 Winner Of Ec Sf1,2026-05-23,2026-05-23 21:00,New York Knicks,Cleveland Cavaliers,New York Knicks,Mikal Bridges,PRA,21.5,Debajo,1.52,dom_alt,
Cleveland Cavaliers - New York Knicks,Winner Of Ec Sf2 Winner Of Ec Sf1,2026-05-23,2026-05-23 21:00,New York Knicks,Cleveland Cavaliers,New York Knicks,Mikal Bridges,PRA,16.5,Sobre,1.41,dom_alt,
Cleveland Cavaliers - New York Knicks,Winner Of Ec Sf2 Winner Of Ec Sf1,2026-05-23,2026-05-23 21:00,New York Knicks,Cleveland Cavaliers,New York Knicks,Mikal Bridges,PRA,16.5,Debajo,2.40,dom_alt,
Cleveland Cavaliers - New York Knicks,Winner Of Ec Sf2 Winner Of Ec Sf1,2026-05-23,2026-05-23 21:00,New York Knicks,Cleveland Cavaliers,New York Knicks,Mikal Bridges,PRA,22.5,Sobre,2.42,dom_alt,
Cleveland Cavaliers - New York Knicks,Winner Of Ec Sf2 Winner Of Ec Sf1,2026-05-23,2026-05-23 21:00,New York Knicks,Cleveland Cavaliers,New York Knicks,Mikal Bridges,PRA,22.5,Debajo,1.40,dom_alt,
Cleveland Cavaliers - New York Knicks,Winner Of Ec Sf2 Winner Of Ec Sf1,2026-05-23,2026-05-23 21:00,New York Knicks,Cleveland Cavaliers,New York Knicks,Mikal Bridges,PRA,15.5,Sobre,1.31,dom_alt,
Cleveland Cavaliers - New York Knicks,Winner Of Ec Sf2 Winner Of Ec Sf1,2026-05-23,2026-05-23 21:00,New York Knicks,Cleveland Cavaliers,New York Knicks,Mikal Bridges,PRA,15.5,Debajo,2.78,dom_alt,
Cleveland Cavaliers - New York Knicks,Winner Of Ec Sf2 Winner Of Ec Sf1,2026-05-23,2026-05-23 21:00,New York Knicks,Cleveland Cavaliers,New York Knicks,Mikal Bridges,PRA,23.5,Sobre,2.76,dom_alt,
Cleveland Cavaliers - New York Knicks,Winner Of Ec Sf2 Winner Of Ec Sf1,2026-05-23,2026-05-23 21:00,New York Knicks,Cleveland Cavaliers,New York Knicks,Mikal Bridges,PRA,23.5,Debajo,1.31,dom_alt,
Cleveland Cavaliers - New York Knicks,Winner Of Ec Sf2 Winner Of Ec Sf1,2026-05-23,2026-05-23 21:00,New York Knicks,Cleveland Cavaliers,New York Knicks,Mikal Bridges,Asistencias+Rebotes,5.5,Sobre,1.67,dom,
Cleveland Cavaliers - New York Knicks,Winner Of Ec Sf2 Winner Of Ec Sf1,2026-05-23,2026-05-23 21:00,New York Knicks,Cleveland Cavaliers,New York Knicks,Mikal Bridges,Asistencias+Rebotes,5.5,Debajo,2.03,dom,
Cleveland Cavaliers - New York Knicks,Winner Of Ec Sf2 Winner Of Ec Sf1,2026-05-23,2026-05-23 21:00,New York Knicks,Cleveland Cavaliers,New York Knicks,Mikal Bridges,Robos+Tapones,1.5,Sobre,1.72,dom,
Cleveland Cavaliers - New York Knicks,Winner Of Ec Sf2 Winner Of Ec Sf1,2026-05-23,2026-05-23 21:00,New York Knicks,Cleveland Cavaliers,New York Knicks,Mikal Bridges,Robos+Tapones,1.5,Debajo,1.96,dom,
Cleveland Cavaliers - New York Knicks,Winner Of Ec Sf2 Winner Of Ec Sf1,2026-05-23,2026-05-23 21:00,New York Knicks,Cleveland Cavaliers,New York Knicks,Mikal Bridges,Asistencias,2.5,Sobre,1.94,dom,
Cleveland Cavaliers - New York Knicks,Winner Of Ec Sf2 Winner Of Ec Sf1,2026-05-23,2026-05-23 21:00,New York Knicks,Cleveland Cavaliers,New York Knicks,Mikal Bridges,Asistencias,2.5,Debajo,1.74,dom,
Cleveland Cavaliers - New York Knicks,Winner Of Ec Sf2 Winner Of Ec Sf1,2026-05-23,2026-05-23 21:00,New York Knicks,Cleveland Cavaliers,New York Knicks,Mikal Bridges,PuntosPrimerCuarto,3.5,Sobre,1.89,dom,
Cleveland Cavaliers - New York Knicks,Winner Of Ec Sf2 Winner Of Ec Sf1,2026-05-23,2026-05-23 21:00,New York Knicks,Cleveland Cavaliers,New York Knicks,Mikal Bridges,PuntosPrimerCuarto,3.5,Debajo,1.78,dom,
Cleveland Cavaliers - New York Knicks,Winner Of Ec Sf2 Winner Of Ec Sf1,2026-05-23,2026-05-23 21:00,New York Knicks,Cleveland Cavaliers,New York Knicks,Mikal Bridges,AsistenciasPrimerCuarto,0.5,Sobre,1.88,dom,
Cleveland Cavaliers - New York Knicks,Winner Of Ec Sf2 Winner Of Ec Sf1,2026-05-23,2026-05-23 21:00,New York Knicks,Cleveland Cavaliers,New York Knicks,Mikal Bridges,AsistenciasPrimerCuarto,0.5,Debajo,1.79,dom,
Cleveland Cavaliers - New York Knicks,Winner Of Ec Sf2 Winner Of Ec Sf1,2026-05-23,2026-05-23 21:00,New York Knicks,Cleveland Cavaliers,New York Knicks,Mikal Bridges,RebotesPrimerCuarto,0.5,Sobre,1.57,dom,
Cleveland Cavaliers - New York Knicks,Winner Of Ec Sf2 Winner Of Ec Sf1,2026-05-23,2026-05-23 21:00,New York Knicks,Cleveland Cavaliers,New York Knicks,Mikal Bridges,RebotesPrimerCuarto,0.5,Debajo,2.21,dom,
Cleveland Cavaliers - New York Knicks,Winner Of Ec Sf2 Winner Of Ec Sf1,2026-05-23,2026-05-23 21:00,New York Knicks,Cleveland Cavaliers,New York Knicks,Mikal Bridges,TirosLibres,1.5,Sobre,1.87,dom,
Cleveland Cavaliers - New York Knicks,Winner Of Ec Sf2 Winner Of Ec Sf1,2026-05-23,2026-05-23 21:00,New York Knicks,Cleveland Cavaliers,New York Knicks,Mikal Bridges,TirosLibres,1.5,Debajo,1.81,dom,
Cleveland Cavaliers - New York Knicks,Winner Of Ec Sf2 Winner Of Ec Sf1,2026-05-23,2026-05-23 21:00,New York Knicks,Cleveland Cavaliers,New York Knicks,Mikal Bridges,TirosLibresInt,1.5,Sobre,1.61,dom,
Cleveland Cavaliers - New York Knicks,Winner Of Ec Sf2 Winner Of Ec Sf1,2026-05-23,2026-05-23 21:00,New York Knicks,Cleveland Cavaliers,New York Knicks,Mikal Bridges,TirosLibresInt,1.5,Debajo,2.14,dom,
Cleveland Cavaliers - New York Knicks,Winner Of Ec Sf2 Winner Of Ec Sf1,2026-05-23,2026-05-23 21:00,New York Knicks,Cleveland Cavaliers,New York Knicks,Mikal Bridges,GolesCampo,5.5,Sobre,2.06,dom,
Cleveland Cavaliers - New York Knicks,Winner Of Ec Sf2 Winner Of Ec Sf1,2026-05-23,2026-05-23 21:00,New York Knicks,Cleveland Cavaliers,New York Knicks,Mikal Bridges,GolesCampo,5.5,Debajo,1.65,dom,
Cleveland Cavaliers - New York Knicks,Winner Of Ec Sf2 Winner Of Ec Sf1,2026-05-23,2026-05-23 21:00,New York Knicks,Cleveland Cavaliers,New York Knicks,Mikal Bridges,GolesCampoInt,11.5,Sobre,2.03,dom,
Cleveland Cavaliers - New York Knicks,Winner Of Ec Sf2 Winner Of Ec Sf1,2026-05-23,2026-05-23 21:00,New York Knicks,Cleveland Cavaliers,New York Knicks,Mikal Bridges,GolesCampoInt,11.5,Debajo,1.67,dom,
Cleveland Cavaliers - New York Knicks,Winner Of Ec Sf2 Winner Of Ec Sf1,2026-05-23,2026-05-23 21:00,New York Knicks,Cleveland Cavaliers,New York Knicks,Mikal Bridges,TriplesInt,3.5,Sobre,1.64,dom,
Cleveland Cavaliers - New York Knicks,Winner Of Ec Sf2 Winner Of Ec Sf1,2026-05-23,2026-05-23 21:00,New York Knicks,Cleveland Cavaliers,New York Knicks,Mikal Bridges,TriplesInt,3.5,Debajo,2.09,dom,
Cleveland Cavaliers - New York Knicks,Winner Of Ec Sf2 Winner Of Ec Sf1,2026-05-23,2026-05-23 21:00,New York Knicks,Cleveland Cavaliers,New York Knicks,Mikal Bridges,Faltas,2.5,Sobre,1.87,dom,
Cleveland Cavaliers - New York Knicks,Winner Of Ec Sf2 Winner Of Ec Sf1,2026-05-23,2026-05-23 21:00,New York Knicks,Cleveland Cavaliers,New York Knicks,Mikal Bridges,Faltas,2.5,Debajo,1.81,dom,
Cleveland Cavaliers - New York Knicks,Winner Of Ec Sf2 Winner Of Ec Sf1,2026-05-23,2026-05-23 21:00,New York Knicks,Cleveland Cavaliers,New York Knicks,Jalen Brunson,Puntos,27.5,Sobre,1.92,dom,
Cleveland Cavaliers - New York Knicks,Winner Of Ec Sf2 Winner Of Ec Sf1,2026-05-23,2026-05-23 21:00,New York Knicks,Cleveland Cavaliers,New York Knicks,Jalen Brunson,Puntos,27.5,Debajo,1.76,dom,
Cleveland Cavaliers - New York Knicks,Winner Of Ec Sf2 Winner Of Ec Sf1,2026-05-23,2026-05-23 21:00,New York Knicks,Cleveland Cavaliers,New York Knicks,Jalen Brunson,Puntos,28.5,Sobre,2.00,dom_alt,
Cleveland Cavaliers - New York Knicks,Winner Of Ec Sf2 Winner Of Ec Sf1,2026-05-23,2026-05-23 21:00,New York Knicks,Cleveland Cavaliers,New York Knicks,Jalen Brunson,Puntos,28.5,Debajo,1.60,dom_alt,
Cleveland Cavaliers - New York Knicks,Winner Of Ec Sf2 Winner Of Ec Sf1,2026-05-23,2026-05-23 21:00,New York Knicks,Cleveland Cavaliers,New York Knicks,Jalen Brunson,Puntos,25.5,Sobre,1.58,dom_alt,
Cleveland Cavaliers - New York Knicks,Winner Of Ec Sf2 Winner Of Ec Sf1,2026-05-23,2026-05-23 21:00,New York Knicks,Cleveland Cavaliers,New York Knicks,Jalen Brunson,Puntos,25.5,Debajo,2.03,dom_alt,
Cleveland Cavaliers - New York Knicks,Winner Of Ec Sf2 Winner Of Ec Sf1,2026-05-23,2026-05-23 21:00,New York Knicks,Cleveland Cavaliers,New York Knicks,Jalen Brunson,Puntos,29.5,Sobre,2.11,dom_alt,
Cleveland Cavaliers - New York Knicks,Winner Of Ec Sf2 Winner Of Ec Sf1,2026-05-23,2026-05-23 21:00,New York Knicks,Cleveland Cavaliers,New York Knicks,Jalen Brunson,Puntos,29.5,Debajo,1.54,dom_alt,
Cleveland Cavaliers - New York Knicks,Winner Of Ec Sf2 Winner Of Ec Sf1,2026-05-23,2026-05-23 21:00,New York Knicks,Cleveland Cavaliers,New York Knicks,Jalen Brunson,Puntos,24.5,Sobre,1.51,dom_alt,
Cleveland Cavaliers - New York Knicks,Winner Of Ec Sf2 Winner Of Ec Sf1,2026-05-23,2026-05-23 21:00,New York Knicks,Cleveland Cavaliers,New York Knicks,Jalen Brunson,Puntos,24.5,Debajo,2.17,dom_alt,
Cleveland Cavaliers - New York Knicks,Winner Of Ec Sf2 Winner Of Ec Sf1,2026-05-23,2026-05-23 21:00,New York Knicks,Cleveland Cavaliers,New York Knicks,Jalen Brunson,Puntos,30.5,Sobre,2.33,dom_alt,
Cleveland Cavaliers - New York Knicks,Winner Of Ec Sf2 Winner Of Ec Sf1,2026-05-23,2026-05-23 21:00,New York Knicks,Cleveland Cavaliers,New York Knicks,Jalen Brunson,Puntos,30.5,Debajo,1.44,dom_alt,
Cleveland Cavaliers - New York Knicks,Winner Of Ec Sf2 Winner Of Ec Sf1,2026-05-23,2026-05-23 21:00,New York Knicks,Cleveland Cavaliers,New York Knicks,Jalen Brunson,Puntos,23.5,Sobre,1.41,dom_alt,
Cleveland Cavaliers - New York Knicks,Winner Of Ec Sf2 Winner Of Ec Sf1,2026-05-23,2026-05-23 21:00,New York Knicks,Cleveland Cavaliers,New York Knicks,Jalen Brunson,Puntos,23.5,Debajo,2.42,dom_alt,
Cleveland Cavaliers - New York Knicks,Winner Of Ec Sf2 Winner Of Ec Sf1,2026-05-23,2026-05-23 21:00,New York Knicks,Cleveland Cavaliers,New York Knicks,Jalen Brunson,Puntos,31.5,Sobre,2.57,dom_alt,
Cleveland Cavaliers - New York Knicks,Winner Of Ec Sf2 Winner Of Ec Sf1,2026-05-23,2026-05-23 21:00,New York Knicks,Cleveland Cavaliers,New York Knicks,Jalen Brunson,Puntos,31.5,Debajo,1.36,dom_alt,
Cleveland Cavaliers - New York Knicks,Winner Of Ec Sf2 Winner Of Ec Sf1,2026-05-23,2026-05-23 21:00,New York Knicks,Cleveland Cavaliers,New York Knicks,Jalen Brunson,Puntos,22.5,Sobre,1.33,dom_alt,
Cleveland Cavaliers - New York Knicks,Winner Of Ec Sf2 Winner Of Ec Sf1,2026-05-23,2026-05-23 21:00,New York Knicks,Cleveland Cavaliers,New York Knicks,Jalen Brunson,Puntos,22.5,Debajo,2.69,dom_alt,
Cleveland Cavaliers - New York Knicks,Winner Of Ec Sf2 Winner Of Ec Sf1,2026-05-23,2026-05-23 21:00,New York Knicks,Cleveland Cavaliers,New York Knicks,Jalen Brunson,Puntos,32.5,Sobre,2.86,dom_alt,
Cleveland Cavaliers - New York Knicks,Winner Of Ec Sf2 Winner Of Ec Sf1,2026-05-23,2026-05-23 21:00,New York Knicks,Cleveland Cavaliers,New York Knicks,Jalen Brunson,Puntos,32.5,Debajo,1.29,dom_alt,
Cleveland Cavaliers - New York Knicks,Winner Of Ec Sf2 Winner Of Ec Sf1,2026-05-23,2026-05-23 21:00,New York Knicks,Cleveland Cavaliers,New York Knicks,Jalen Brunson,Rebotes,2.5,Sobre,1.64,dom,
Cleveland Cavaliers - New York Knicks,Winner Of Ec Sf2 Winner Of Ec Sf1,2026-05-23,2026-05-23 21:00,New York Knicks,Cleveland Cavaliers,New York Knicks,Jalen Brunson,Rebotes,2.5,Debajo,2.09,dom,
Cleveland Cavaliers - New York Knicks,Winner Of Ec Sf2 Winner Of Ec Sf1,2026-05-23,2026-05-23 21:00,New York Knicks,Cleveland Cavaliers,New York Knicks,Jalen Brunson,Triples,2.5,Sobre,1.91,dom,
Cleveland Cavaliers - New York Knicks,Winner Of Ec Sf2 Winner Of Ec Sf1,2026-05-23,2026-05-23 21:00,New York Knicks,Cleveland Cavaliers,New York Knicks,Jalen Brunson,Triples,2.5,Debajo,1.77,dom,
Cleveland Cavaliers - New York Knicks,Winner Of Ec Sf2 Winner Of Ec Sf1,2026-05-23,2026-05-23 21:00,New York Knicks,Cleveland Cavaliers,New York Knicks,Jalen Brunson,Puntos+Rebotes,30.5,Sobre,1.90,dom,
Cleveland Cavaliers - New York Knicks,Winner Of Ec Sf2 Winner Of Ec Sf1,2026-05-23,2026-05-23 21:00,New York Knicks,Cleveland Cavaliers,New York Knicks,Jalen Brunson,Puntos+Rebotes,30.5,Debajo,1.78,dom,
Cleveland Cavaliers - New York Knicks,Winner Of Ec Sf2 Winner Of Ec Sf1,2026-05-23,2026-05-23 21:00,New York Knicks,Cleveland Cavaliers,New York Knicks,Jalen Brunson,Puntos+Rebotes,31.5,Sobre,1.97,dom_alt,
Cleveland Cavaliers - New York Knicks,Winner Of Ec Sf2 Winner Of Ec Sf1,2026-05-23,2026-05-23 21:00,New York Knicks,Cleveland Cavaliers,New York Knicks,Jalen Brunson,Puntos+Rebotes,31.5,Debajo,1.62,dom_alt,
Cleveland Cavaliers - New York Knicks,Winner Of Ec Sf2 Winner Of Ec Sf1,2026-05-23,2026-05-23 21:00,New York Knicks,Cleveland Cavaliers,New York Knicks,Jalen Brunson,Puntos+Rebotes,28.5,Sobre,1.59,dom_alt,
Cleveland Cavaliers - New York Knicks,Winner Of Ec Sf2 Winner Of Ec Sf1,2026-05-23,2026-05-23 21:00,New York Knicks,Cleveland Cavaliers,New York Knicks,Jalen Brunson,Puntos+Rebotes,28.5,Debajo,2.01,dom_alt,
Cleveland Cavaliers - New York Knicks,Winner Of Ec Sf2 Winner Of Ec Sf1,2026-05-23,2026-05-23 21:00,New York Knicks,Cleveland Cavaliers,New York Knicks,Jalen Brunson,Puntos+Rebotes,32.5,Sobre,2.07,dom_alt,
Cleveland Cavaliers - New York Knicks,Winner Of Ec Sf2 Winner Of Ec Sf1,2026-05-23,2026-05-23 21:00,New York Knicks,Cleveland Cavaliers,New York Knicks,Jalen Brunson,Puntos+Rebotes,32.5,Debajo,1.56,dom_alt,
Cleveland Cavaliers - New York Knicks,Winner Of Ec Sf2 Winner Of Ec Sf1,2026-05-23,2026-05-23 21:00,New York Knicks,Cleveland Cavaliers,New York Knicks,Jalen Brunson,Puntos+Rebotes,27.5,Sobre,1.52,dom_alt,
Cleveland Cavaliers - New York Knicks,Winner Of Ec Sf2 Winner Of Ec Sf1,2026-05-23,2026-05-23 21:00,New York Knicks,Cleveland Cavaliers,New York Knicks,Jalen Brunson,Puntos+Rebotes,27.5,Debajo,2.13,dom_alt,
Cleveland Cavaliers - New York Knicks,Winner Of Ec Sf2 Winner Of Ec Sf1,2026-05-23,2026-05-23 21:00,New York Knicks,Cleveland Cavaliers,New York Knicks,Jalen Brunson,Puntos+Asistencias,34.5,Sobre,1.88,dom,
Cleveland Cavaliers - New York Knicks,Winner Of Ec Sf2 Winner Of Ec Sf1,2026-05-23,2026-05-23 21:00,New York Knicks,Cleveland Cavaliers,New York Knicks,Jalen Brunson,Puntos+Asistencias,34.5,Debajo,1.79,dom,
Cleveland Cavaliers - New York Knicks,Winner Of Ec Sf2 Winner Of Ec Sf1,2026-05-23,2026-05-23 21:00,New York Knicks,Cleveland Cavaliers,New York Knicks,Jalen Brunson,Puntos+Asistencias,35.5,Sobre,1.97,dom_alt,
Cleveland Cavaliers - New York Knicks,Winner Of Ec Sf2 Winner Of Ec Sf1,2026-05-23,2026-05-23 21:00,New York Knicks,Cleveland Cavaliers,New York Knicks,Jalen Brunson,Puntos+Asistencias,35.5,Debajo,1.62,dom_alt,
Cleveland Cavaliers - New York Knicks,Winner Of Ec Sf2 Winner Of Ec Sf1,2026-05-23,2026-05-23 21:00,New York Knicks,Cleveland Cavaliers,New York Knicks,Jalen Brunson,Puntos+Asistencias,32.5,Sobre,1.57,dom_alt,
Cleveland Cavaliers - New York Knicks,Winner Of Ec Sf2 Winner Of Ec Sf1,2026-05-23,2026-05-23 21:00,New York Knicks,Cleveland Cavaliers,New York Knicks,Jalen Brunson,Puntos+Asistencias,32.5,Debajo,2.04,dom_alt,
Cleveland Cavaliers - New York Knicks,Winner Of Ec Sf2 Winner Of Ec Sf1,2026-05-23,2026-05-23 21:00,New York Knicks,Cleveland Cavaliers,New York Knicks,Jalen Brunson,Puntos+Asistencias,36.5,Sobre,2.07,dom_alt,
Cleveland Cavaliers - New York Knicks,Winner Of Ec Sf2 Winner Of Ec Sf1,2026-05-23,2026-05-23 21:00,New York Knicks,Cleveland Cavaliers,New York Knicks,Jalen Brunson,Puntos+Asistencias,36.5,Debajo,1.56,dom_alt,
Cleveland Cavaliers - New York Knicks,Winner Of Ec Sf2 Winner Of Ec Sf1,2026-05-23,2026-05-23 21:00,New York Knicks,Cleveland Cavaliers,New York Knicks,Jalen Brunson,Puntos+Asistencias,31.5,Sobre,1.51,dom_alt,
Cleveland Cavaliers - New York Knicks,Winner Of Ec Sf2 Winner Of Ec Sf1,2026-05-23,2026-05-23 21:00,New York Knicks,Cleveland Cavaliers,New York Knicks,Jalen Brunson,Puntos+Asistencias,31.5,Debajo,2.16,dom_alt,
Cleveland Cavaliers - New York Knicks,Winner Of Ec Sf2 Winner Of Ec Sf1,2026-05-23,2026-05-23 21:00,New York Knicks,Cleveland Cavaliers,New York Knicks,Jalen Brunson,PRA,37.5,Sobre,1.87,dom,
Cleveland Cavaliers - New York Knicks,Winner Of Ec Sf2 Winner Of Ec Sf1,2026-05-23,2026-05-23 21:00,New York Knicks,Cleveland Cavaliers,New York Knicks,Jalen Brunson,PRA,37.5,Debajo,1.80,dom,
Cleveland Cavaliers - New York Knicks,Winner Of Ec Sf2 Winner Of Ec Sf1,2026-05-23,2026-05-23 21:00,New York Knicks,Cleveland Cavaliers,New York Knicks,Jalen Brunson,PRA,38.5,Sobre,1.95,dom_alt,
Cleveland Cavaliers - New York Knicks,Winner Of Ec Sf2 Winner Of Ec Sf1,2026-05-23,2026-05-23 21:00,New York Knicks,Cleveland Cavaliers,New York Knicks,Jalen Brunson,PRA,38.5,Debajo,1.64,dom_alt,
Cleveland Cavaliers - New York Knicks,Winner Of Ec Sf2 Winner Of Ec Sf1,2026-05-23,2026-05-23 21:00,New York Knicks,Cleveland Cavaliers,New York Knicks,Jalen Brunson,PRA,35.5,Sobre,1.57,dom_alt,
Cleveland Cavaliers - New York Knicks,Winner Of Ec Sf2 Winner Of Ec Sf1,2026-05-23,2026-05-23 21:00,New York Knicks,Cleveland Cavaliers,New York Knicks,Jalen Brunson,PRA,35.5,Debajo,2.06,dom_alt,
Cleveland Cavaliers - New York Knicks,Winner Of Ec Sf2 Winner Of Ec Sf1,2026-05-23,2026-05-23 21:00,New York Knicks,Cleveland Cavaliers,New York Knicks,Jalen Brunson,PRA,39.5,Sobre,2.04,dom_alt,
Cleveland Cavaliers - New York Knicks,Winner Of Ec Sf2 Winner Of Ec Sf1,2026-05-23,2026-05-23 21:00,New York Knicks,Cleveland Cavaliers,New York Knicks,Jalen Brunson,PRA,39.5,Debajo,1.57,dom_alt,
Cleveland Cavaliers - New York Knicks,Winner Of Ec Sf2 Winner Of Ec Sf1,2026-05-23,2026-05-23 21:00,New York Knicks,Cleveland Cavaliers,New York Knicks,Jalen Brunson,PRA,34.5,Sobre,1.52,dom_alt,
Cleveland Cavaliers - New York Knicks,Winner Of Ec Sf2 Winner Of Ec Sf1,2026-05-23,2026-05-23 21:00,New York Knicks,Cleveland Cavaliers,New York Knicks,Jalen Brunson,PRA,34.5,Debajo,2.15,dom_alt,
Cleveland Cavaliers - New York Knicks,Winner Of Ec Sf2 Winner Of Ec Sf1,2026-05-23,2026-05-23 21:00,New York Knicks,Cleveland Cavaliers,New York Knicks,Jalen Brunson,PRA,40.5,Sobre,2.26,dom_alt,
Cleveland Cavaliers - New York Knicks,Winner Of Ec Sf2 Winner Of Ec Sf1,2026-05-23,2026-05-23 21:00,New York Knicks,Cleveland Cavaliers,New York Knicks,Jalen Brunson,PRA,40.5,Debajo,1.47,dom_alt,
Cleveland Cavaliers - New York Knicks,Winner Of Ec Sf2 Winner Of Ec Sf1,2026-05-23,2026-05-23 21:00,New York Knicks,Cleveland Cavaliers,New York Knicks,Jalen Brunson,PRA,33.5,Sobre,1.42,dom_alt,
Cleveland Cavaliers - New York Knicks,Winner Of Ec Sf2 Winner Of Ec Sf1,2026-05-23,2026-05-23 21:00,New York Knicks,Cleveland Cavaliers,New York Knicks,Jalen Brunson,PRA,33.5,Debajo,2.36,dom_alt,
Cleveland Cavaliers - New York Knicks,Winner Of Ec Sf2 Winner Of Ec Sf1,2026-05-23,2026-05-23 21:00,New York Knicks,Cleveland Cavaliers,New York Knicks,Jalen Brunson,PRA,41.5,Sobre,2.50,dom_alt,
Cleveland Cavaliers - New York Knicks,Winner Of Ec Sf2 Winner Of Ec Sf1,2026-05-23,2026-05-23 21:00,New York Knicks,Cleveland Cavaliers,New York Knicks,Jalen Brunson,PRA,41.5,Debajo,1.38,dom_alt,
Cleveland Cavaliers - New York Knicks,Winner Of Ec Sf2 Winner Of Ec Sf1,2026-05-23,2026-05-23 21:00,New York Knicks,Cleveland Cavaliers,New York Knicks,Jalen Brunson,PRA,32.5,Sobre,1.34,dom_alt,
Cleveland Cavaliers - New York Knicks,Winner Of Ec Sf2 Winner Of Ec Sf1,2026-05-23,2026-05-23 21:00,New York Knicks,Cleveland Cavaliers,New York Knicks,Jalen Brunson,PRA,32.5,Debajo,2.65,dom_alt,
Cleveland Cavaliers - New York Knicks,Winner Of Ec Sf2 Winner Of Ec Sf1,2026-05-23,2026-05-23 21:00,New York Knicks,Cleveland Cavaliers,New York Knicks,Jalen Brunson,PRA,42.5,Sobre,2.79,dom_alt,
Cleveland Cavaliers - New York Knicks,Winner Of Ec Sf2 Winner Of Ec Sf1,2026-05-23,2026-05-23 21:00,New York Knicks,Cleveland Cavaliers,New York Knicks,Jalen Brunson,PRA,42.5,Debajo,1.30,dom_alt,
Cleveland Cavaliers - New York Knicks,Winner Of Ec Sf2 Winner Of Ec Sf1,2026-05-23,2026-05-23 21:00,New York Knicks,Cleveland Cavaliers,New York Knicks,Jalen Brunson,Asistencias+Rebotes,9.5,Sobre,1.67,dom,
Cleveland Cavaliers - New York Knicks,Winner Of Ec Sf2 Winner Of Ec Sf1,2026-05-23,2026-05-23 21:00,New York Knicks,Cleveland Cavaliers,New York Knicks,Jalen Brunson,Asistencias+Rebotes,9.5,Debajo,2.03,dom,
Cleveland Cavaliers - New York Knicks,Winner Of Ec Sf2 Winner Of Ec Sf1,2026-05-23,2026-05-23 21:00,New York Knicks,Cleveland Cavaliers,New York Knicks,Jalen Brunson,Robos+Tapones,1.5,Sobre,2.28,dom,
Cleveland Cavaliers - New York Knicks,Winner Of Ec Sf2 Winner Of Ec Sf1,2026-05-23,2026-05-23 21:00,New York Knicks,Cleveland Cavaliers,New York Knicks,Jalen Brunson,Robos+Tapones,1.5,Debajo,1.53,dom,
Cleveland Cavaliers - New York Knicks,Winner Of Ec Sf2 Winner Of Ec Sf1,2026-05-23,2026-05-23 21:00,New York Knicks,Cleveland Cavaliers,New York Knicks,Jalen Brunson,DobleDoble,0.5,Sobre,4.77,dom,
Cleveland Cavaliers - New York Knicks,Winner Of Ec Sf2 Winner Of Ec Sf1,2026-05-23,2026-05-23 21:00,New York Knicks,Cleveland Cavaliers,New York Knicks,Jalen Brunson,DobleDoble,0.5,Debajo,1.14,dom,
Cleveland Cavaliers - New York Knicks,Winner Of Ec Sf2 Winner Of Ec Sf1,2026-05-23,2026-05-23 21:00,New York Knicks,Cleveland Cavaliers,New York Knicks,Jalen Brunson,Asistencias,6.5,Sobre,1.66,dom,
Cleveland Cavaliers - New York Knicks,Winner Of Ec Sf2 Winner Of Ec Sf1,2026-05-23,2026-05-23 21:00,New York Knicks,Cleveland Cavaliers,New York Knicks,Jalen Brunson,Asistencias,6.5,Debajo,2.04,dom,
Cleveland Cavaliers - New York Knicks,Winner Of Ec Sf2 Winner Of Ec Sf1,2026-05-23,2026-05-23 21:00,New York Knicks,Cleveland Cavaliers,New York Knicks,Jalen Brunson,Asistencias,7.5,Sobre,2.08,dom_alt,
Cleveland Cavaliers - New York Knicks,Winner Of Ec Sf2 Winner Of Ec Sf1,2026-05-23,2026-05-23 21:00,New York Knicks,Cleveland Cavaliers,New York Knicks,Jalen Brunson,Asistencias,7.5,Debajo,1.55,dom_alt,
Cleveland Cavaliers - New York Knicks,Winner Of Ec Sf2 Winner Of Ec Sf1,2026-05-23,2026-05-23 21:00,New York Knicks,Cleveland Cavaliers,New York Knicks,Jalen Brunson,Asistencias,8.5,Sobre,2.75,dom_alt,
Cleveland Cavaliers - New York Knicks,Winner Of Ec Sf2 Winner Of Ec Sf1,2026-05-23,2026-05-23 21:00,New York Knicks,Cleveland Cavaliers,New York Knicks,Jalen Brunson,Asistencias,8.5,Debajo,1.31,dom_alt,
Cleveland Cavaliers - New York Knicks,Winner Of Ec Sf2 Winner Of Ec Sf1,2026-05-23,2026-05-23 21:00,New York Knicks,Cleveland Cavaliers,New York Knicks,Jalen Brunson,PuntosPrimerCuarto,7.5,Sobre,1.85,dom,
Cleveland Cavaliers - New York Knicks,Winner Of Ec Sf2 Winner Of Ec Sf1,2026-05-23,2026-05-23 21:00,New York Knicks,Cleveland Cavaliers,New York Knicks,Jalen Brunson,PuntosPrimerCuarto,7.5,Debajo,1.82,dom,
Cleveland Cavaliers - New York Knicks,Winner Of Ec Sf2 Winner Of Ec Sf1,2026-05-23,2026-05-23 21:00,New York Knicks,Cleveland Cavaliers,New York Knicks,Jalen Brunson,PuntosPrimerCuarto,8.5,Sobre,2.12,dom_alt,
Cleveland Cavaliers - New York Knicks,Winner Of Ec Sf2 Winner Of Ec Sf1,2026-05-23,2026-05-23 21:00,New York Knicks,Cleveland Cavaliers,New York Knicks,Jalen Brunson,PuntosPrimerCuarto,8.5,Debajo,1.53,dom_alt,
Cleveland Cavaliers - New York Knicks,Winner Of Ec Sf2 Winner Of Ec Sf1,2026-05-23,2026-05-23 21:00,New York Knicks,Cleveland Cavaliers,New York Knicks,Jalen Brunson,RebotesPrimerCuarto,0.5,Sobre,1.57,dom,
Cleveland Cavaliers - New York Knicks,Winner Of Ec Sf2 Winner Of Ec Sf1,2026-05-23,2026-05-23 21:00,New York Knicks,Cleveland Cavaliers,New York Knicks,Jalen Brunson,RebotesPrimerCuarto,0.5,Debajo,2.20,dom,
Cleveland Cavaliers - New York Knicks,Winner Of Ec Sf2 Winner Of Ec Sf1,2026-05-23,2026-05-23 21:00,New York Knicks,Cleveland Cavaliers,New York Knicks,Jalen Brunson,TirosLibres,5.5,Sobre,1.90,dom,
Cleveland Cavaliers - New York Knicks,Winner Of Ec Sf2 Winner Of Ec Sf1,2026-05-23,2026-05-23 21:00,New York Knicks,Cleveland Cavaliers,New York Knicks,Jalen Brunson,TirosLibres,5.5,Debajo,1.78,dom,
Cleveland Cavaliers - New York Knicks,Winner Of Ec Sf2 Winner Of Ec Sf1,2026-05-23,2026-05-23 21:00,New York Knicks,Cleveland Cavaliers,New York Knicks,Jalen Brunson,TirosLibresInt,6.5,Sobre,1.86,dom,
Cleveland Cavaliers - New York Knicks,Winner Of Ec Sf2 Winner Of Ec Sf1,2026-05-23,2026-05-23 21:00,New York Knicks,Cleveland Cavaliers,New York Knicks,Jalen Brunson,TirosLibresInt,6.5,Debajo,1.81,dom,
Cleveland Cavaliers - New York Knicks,Winner Of Ec Sf2 Winner Of Ec Sf1,2026-05-23,2026-05-23 21:00,New York Knicks,Cleveland Cavaliers,New York Knicks,Jalen Brunson,GolesCampo,9.5,Sobre,1.87,dom,
Cleveland Cavaliers - New York Knicks,Winner Of Ec Sf2 Winner Of Ec Sf1,2026-05-23,2026-05-23 21:00,New York Knicks,Cleveland Cavaliers,New York Knicks,Jalen Brunson,GolesCampo,9.5,Debajo,1.80,dom,
Cleveland Cavaliers - New York Knicks,Winner Of Ec Sf2 Winner Of Ec Sf1,2026-05-23,2026-05-23 21:00,New York Knicks,Cleveland Cavaliers,New York Knicks,Jalen Brunson,GolesCampoInt,21.5,Sobre,1.90,dom,
Cleveland Cavaliers - New York Knicks,Winner Of Ec Sf2 Winner Of Ec Sf1,2026-05-23,2026-05-23 21:00,New York Knicks,Cleveland Cavaliers,New York Knicks,Jalen Brunson,GolesCampoInt,21.5,Debajo,1.78,dom,
Cleveland Cavaliers - New York Knicks,Winner Of Ec Sf2 Winner Of Ec Sf1,2026-05-23,2026-05-23 21:00,New York Knicks,Cleveland Cavaliers,New York Knicks,Jalen Brunson,TriplesInt,6.5,Sobre,1.67,dom,
Cleveland Cavaliers - New York Knicks,Winner Of Ec Sf2 Winner Of Ec Sf1,2026-05-23,2026-05-23 21:00,New York Knicks,Cleveland Cavaliers,New York Knicks,Jalen Brunson,TriplesInt,6.5,Debajo,2.04,dom,
Cleveland Cavaliers - New York Knicks,Winner Of Ec Sf2 Winner Of Ec Sf1,2026-05-23,2026-05-23 21:00,New York Knicks,Cleveland Cavaliers,New York Knicks,Jalen Brunson,Faltas,2.5,Sobre,1.82,dom,
Cleveland Cavaliers - New York Knicks,Winner Of Ec Sf2 Winner Of Ec Sf1,2026-05-23,2026-05-23 21:00,New York Knicks,Cleveland Cavaliers,New York Knicks,Jalen Brunson,Faltas,2.5,Debajo,1.85,dom,
Cleveland Cavaliers - New York Knicks,Winner Of Ec Sf2 Winner Of Ec Sf1,2026-05-23,2026-05-23 21:00,New York Knicks,Cleveland Cavaliers,New York Knicks,Jordan Clarkson,Puntos,3.5,Sobre,1.92,dom,
Cleveland Cavaliers - New York Knicks,Winner Of Ec Sf2 Winner Of Ec Sf1,2026-05-23,2026-05-23 21:00,New York Knicks,Cleveland Cavaliers,New York Knicks,Jordan Clarkson,Puntos,3.5,Debajo,1.75,dom,
Cleveland Cavaliers - New York Knicks,Winner Of Ec Sf2 Winner Of Ec Sf1,2026-05-23,2026-05-23 21:00,New York Knicks,Cleveland Cavaliers,New York Knicks,Jordan Clarkson,Puntos,4.5,Sobre,2.20,dom_alt,
Cleveland Cavaliers - New York Knicks,Winner Of Ec Sf2 Winner Of Ec Sf1,2026-05-23,2026-05-23 21:00,New York Knicks,Cleveland Cavaliers,New York Knicks,Jordan Clarkson,Puntos,4.5,Debajo,1.49,dom_alt,
Cleveland Cavaliers - New York Knicks,Winner Of Ec Sf2 Winner Of Ec Sf1,2026-05-23,2026-05-23 21:00,New York Knicks,Cleveland Cavaliers,New York Knicks,Jordan Clarkson,Puntos,1.5,Sobre,1.31,dom_alt,
Cleveland Cavaliers - New York Knicks,Winner Of Ec Sf2 Winner Of Ec Sf1,2026-05-23,2026-05-23 21:00,New York Knicks,Cleveland Cavaliers,New York Knicks,Jordan Clarkson,Puntos,1.5,Debajo,2.75,dom_alt,
Cleveland Cavaliers - New York Knicks,Winner Of Ec Sf2 Winner Of Ec Sf1,2026-05-23,2026-05-23 21:00,New York Knicks,Cleveland Cavaliers,New York Knicks,Jordan Clarkson,Puntos,5.5,Sobre,2.63,dom_alt,
Cleveland Cavaliers - New York Knicks,Winner Of Ec Sf2 Winner Of Ec Sf1,2026-05-23,2026-05-23 21:00,New York Knicks,Cleveland Cavaliers,New York Knicks,Jordan Clarkson,Puntos,5.5,Debajo,1.34,dom_alt,
Cleveland Cavaliers - New York Knicks,Winner Of Ec Sf2 Winner Of Ec Sf1,2026-05-23,2026-05-23 21:00,New York Knicks,Cleveland Cavaliers,New York Knicks,Jordan Clarkson,Puntos,0.5,Sobre,1.29,dom_alt,
Cleveland Cavaliers - New York Knicks,Winner Of Ec Sf2 Winner Of Ec Sf1,2026-05-23,2026-05-23 21:00,New York Knicks,Cleveland Cavaliers,New York Knicks,Jordan Clarkson,Puntos,0.5,Debajo,2.88,dom_alt,
Cleveland Cavaliers - New York Knicks,Winner Of Ec Sf2 Winner Of Ec Sf1,2026-05-23,2026-05-23 21:00,New York Knicks,Cleveland Cavaliers,New York Knicks,Jordan Clarkson,Rebotes,0.5,Sobre,1.50,dom,
Cleveland Cavaliers - New York Knicks,Winner Of Ec Sf2 Winner Of Ec Sf1,2026-05-23,2026-05-23 21:00,New York Knicks,Cleveland Cavaliers,New York Knicks,Jordan Clarkson,Rebotes,0.5,Debajo,2.36,dom,
Cleveland Cavaliers - New York Knicks,Winner Of Ec Sf2 Winner Of Ec Sf1,2026-05-23,2026-05-23 21:00,New York Knicks,Cleveland Cavaliers,New York Knicks,Jordan Clarkson,Puntos+Rebotes,4.5,Sobre,1.90,dom,
Cleveland Cavaliers - New York Knicks,Winner Of Ec Sf2 Winner Of Ec Sf1,2026-05-23,2026-05-23 21:00,New York Knicks,Cleveland Cavaliers,New York Knicks,Jordan Clarkson,Puntos+Rebotes,4.5,Debajo,1.77,dom,
Cleveland Cavaliers - New York Knicks,Winner Of Ec Sf2 Winner Of Ec Sf1,2026-05-23,2026-05-23 21:00,New York Knicks,Cleveland Cavaliers,New York Knicks,Jordan Clarkson,Puntos+Rebotes,5.5,Sobre,2.11,dom_alt,
Cleveland Cavaliers - New York Knicks,Winner Of Ec Sf2 Winner Of Ec Sf1,2026-05-23,2026-05-23 21:00,New York Knicks,Cleveland Cavaliers,New York Knicks,Jordan Clarkson,Puntos+Rebotes,5.5,Debajo,1.53,dom_alt,
Cleveland Cavaliers - New York Knicks,Winner Of Ec Sf2 Winner Of Ec Sf1,2026-05-23,2026-05-23 21:00,New York Knicks,Cleveland Cavaliers,New York Knicks,Jordan Clarkson,Puntos+Asistencias,3.5,Sobre,1.74,dom,
Cleveland Cavaliers - New York Knicks,Winner Of Ec Sf2 Winner Of Ec Sf1,2026-05-23,2026-05-23 21:00,New York Knicks,Cleveland Cavaliers,New York Knicks,Jordan Clarkson,Puntos+Asistencias,3.5,Debajo,1.94,dom,
Cleveland Cavaliers - New York Knicks,Winner Of Ec Sf2 Winner Of Ec Sf1,2026-05-23,2026-05-23 21:00,New York Knicks,Cleveland Cavaliers,New York Knicks,Jordan Clarkson,Puntos+Asistencias,4.5,Sobre,1.97,dom_alt,
Cleveland Cavaliers - New York Knicks,Winner Of Ec Sf2 Winner Of Ec Sf1,2026-05-23,2026-05-23 21:00,New York Knicks,Cleveland Cavaliers,New York Knicks,Jordan Clarkson,Puntos+Asistencias,4.5,Debajo,1.62,dom_alt,
Cleveland Cavaliers - New York Knicks,Winner Of Ec Sf2 Winner Of Ec Sf1,2026-05-23,2026-05-23 21:00,New York Knicks,Cleveland Cavaliers,New York Knicks,Jordan Clarkson,PRA,4.5,Sobre,1.72,dom,
Cleveland Cavaliers - New York Knicks,Winner Of Ec Sf2 Winner Of Ec Sf1,2026-05-23,2026-05-23 21:00,New York Knicks,Cleveland Cavaliers,New York Knicks,Jordan Clarkson,PRA,4.5,Debajo,1.96,dom,
Cleveland Cavaliers - New York Knicks,Winner Of Ec Sf2 Winner Of Ec Sf1,2026-05-23,2026-05-23 21:00,New York Knicks,Cleveland Cavaliers,New York Knicks,Jordan Clarkson,PRA,5.5,Sobre,1.91,dom_alt,
Cleveland Cavaliers - New York Knicks,Winner Of Ec Sf2 Winner Of Ec Sf1,2026-05-23,2026-05-23 21:00,New York Knicks,Cleveland Cavaliers,New York Knicks,Jordan Clarkson,PRA,5.5,Debajo,1.66,dom_alt,
Cleveland Cavaliers - New York Knicks,Winner Of Ec Sf2 Winner Of Ec Sf1,2026-05-23,2026-05-23 21:00,New York Knicks,Cleveland Cavaliers,New York Knicks,Jordan Clarkson,PRA,2.5,Sobre,1.35,dom_alt,
Cleveland Cavaliers - New York Knicks,Winner Of Ec Sf2 Winner Of Ec Sf1,2026-05-23,2026-05-23 21:00,New York Knicks,Cleveland Cavaliers,New York Knicks,Jordan Clarkson,PRA,2.5,Debajo,2.60,dom_alt,
Cleveland Cavaliers - New York Knicks,Winner Of Ec Sf2 Winner Of Ec Sf1,2026-05-23,2026-05-23 21:00,New York Knicks,Cleveland Cavaliers,New York Knicks,Jordan Clarkson,PRA,6.5,Sobre,2.08,dom_alt,
Cleveland Cavaliers - New York Knicks,Winner Of Ec Sf2 Winner Of Ec Sf1,2026-05-23,2026-05-23 21:00,New York Knicks,Cleveland Cavaliers,New York Knicks,Jordan Clarkson,PRA,6.5,Debajo,1.55,dom_alt,
Cleveland Cavaliers - New York Knicks,Winner Of Ec Sf2 Winner Of Ec Sf1,2026-05-23,2026-05-23 21:00,New York Knicks,Cleveland Cavaliers,New York Knicks,Jordan Clarkson,PRA,7.5,Sobre,2.42,dom_alt,
Cleveland Cavaliers - New York Knicks,Winner Of Ec Sf2 Winner Of Ec Sf1,2026-05-23,2026-05-23 21:00,New York Knicks,Cleveland Cavaliers,New York Knicks,Jordan Clarkson,PRA,7.5,Debajo,1.41,dom_alt,
Cleveland Cavaliers - New York Knicks,Winner Of Ec Sf2 Winner Of Ec Sf1,2026-05-23,2026-05-23 21:00,New York Knicks,Cleveland Cavaliers,New York Knicks,Jordan Clarkson,PRA,8.5,Sobre,2.81,dom_alt,
Cleveland Cavaliers - New York Knicks,Winner Of Ec Sf2 Winner Of Ec Sf1,2026-05-23,2026-05-23 21:00,New York Knicks,Cleveland Cavaliers,New York Knicks,Jordan Clarkson,PRA,8.5,Debajo,1.30,dom_alt,
Cleveland Cavaliers - New York Knicks,Winner Of Ec Sf2 Winner Of Ec Sf1,2026-05-23,2026-05-23 21:00,New York Knicks,Cleveland Cavaliers,New York Knicks,Jordan Clarkson,Asistencias+Rebotes,1.5,Sobre,1.81,dom,
Cleveland Cavaliers - New York Knicks,Winner Of Ec Sf2 Winner Of Ec Sf1,2026-05-23,2026-05-23 21:00,New York Knicks,Cleveland Cavaliers,New York Knicks,Jordan Clarkson,Asistencias+Rebotes,1.5,Debajo,1.86,dom,
Cleveland Cavaliers - New York Knicks,Winner Of Ec Sf2 Winner Of Ec Sf1,2026-05-23,2026-05-23 21:00,New York Knicks,Cleveland Cavaliers,New York Knicks,Jordan Clarkson,Asistencias,0.5,Sobre,1.97,dom,
Cleveland Cavaliers - New York Knicks,Winner Of Ec Sf2 Winner Of Ec Sf1,2026-05-23,2026-05-23 21:00,New York Knicks,Cleveland Cavaliers,New York Knicks,Jordan Clarkson,Asistencias,0.5,Debajo,1.72,dom,
Cleveland Cavaliers - New York Knicks,Winner Of Ec Sf2 Winner Of Ec Sf1,2026-05-23,2026-05-23 21:00,New York Knicks,Cleveland Cavaliers,New York Knicks,Jordan Clarkson,GolesCampoInt,2.5,Sobre,1.69,dom,
Cleveland Cavaliers - New York Knicks,Winner Of Ec Sf2 Winner Of Ec Sf1,2026-05-23,2026-05-23 21:00,New York Knicks,Cleveland Cavaliers,New York Knicks,Jordan Clarkson,GolesCampoInt,2.5,Debajo,2.01,dom,
Cleveland Cavaliers - New York Knicks,Winner Of Ec Sf2 Winner Of Ec Sf1,2026-05-23,2026-05-23 21:00,New York Knicks,Cleveland Cavaliers,New York Knicks,Jordan Clarkson,TriplesInt,0.5,Sobre,1.68,dom,
Cleveland Cavaliers - New York Knicks,Winner Of Ec Sf2 Winner Of Ec Sf1,2026-05-23,2026-05-23 21:00,New York Knicks,Cleveland Cavaliers,New York Knicks,Jordan Clarkson,TriplesInt,0.5,Debajo,2.02,dom,
Cleveland Cavaliers - New York Knicks,Winner Of Ec Sf2 Winner Of Ec Sf1,2026-05-23,2026-05-23 21:00,New York Knicks,Cleveland Cavaliers,New York Knicks,Josh Hart,Puntos,12.5,Sobre,1.84,dom,
Cleveland Cavaliers - New York Knicks,Winner Of Ec Sf2 Winner Of Ec Sf1,2026-05-23,2026-05-23 21:00,New York Knicks,Cleveland Cavaliers,New York Knicks,Josh Hart,Puntos,12.5,Debajo,1.83,dom,
Cleveland Cavaliers - New York Knicks,Winner Of Ec Sf2 Winner Of Ec Sf1,2026-05-23,2026-05-23 21:00,New York Knicks,Cleveland Cavaliers,New York Knicks,Josh Hart,Puntos,13.5,Sobre,1.98,dom_alt,
Cleveland Cavaliers - New York Knicks,Winner Of Ec Sf2 Winner Of Ec Sf1,2026-05-23,2026-05-23 21:00,New York Knicks,Cleveland Cavaliers,New York Knicks,Josh Hart,Puntos,13.5,Debajo,1.61,dom_alt,
Cleveland Cavaliers - New York Knicks,Winner Of Ec Sf2 Winner Of Ec Sf1,2026-05-23,2026-05-23 21:00,New York Knicks,Cleveland Cavaliers,New York Knicks,Josh Hart,Puntos,10.5,Sobre,1.48,dom_alt,
Cleveland Cavaliers - New York Knicks,Winner Of Ec Sf2 Winner Of Ec Sf1,2026-05-23,2026-05-23 21:00,New York Knicks,Cleveland Cavaliers,New York Knicks,Josh Hart,Puntos,10.5,Debajo,2.22,dom_alt,
Cleveland Cavaliers - New York Knicks,Winner Of Ec Sf2 Winner Of Ec Sf1,2026-05-23,2026-05-23 21:00,New York Knicks,Cleveland Cavaliers,New York Knicks,Josh Hart,Puntos,14.5,Sobre,2.18,dom_alt,
Cleveland Cavaliers - New York Knicks,Winner Of Ec Sf2 Winner Of Ec Sf1,2026-05-23,2026-05-23 21:00,New York Knicks,Cleveland Cavaliers,New York Knicks,Josh Hart,Puntos,14.5,Debajo,1.50,dom_alt,
Cleveland Cavaliers - New York Knicks,Winner Of Ec Sf2 Winner Of Ec Sf1,2026-05-23,2026-05-23 21:00,New York Knicks,Cleveland Cavaliers,New York Knicks,Josh Hart,Puntos,9.5,Sobre,1.35,dom_alt,
Cleveland Cavaliers - New York Knicks,Winner Of Ec Sf2 Winner Of Ec Sf1,2026-05-23,2026-05-23 21:00,New York Knicks,Cleveland Cavaliers,New York Knicks,Josh Hart,Puntos,9.5,Debajo,2.60,dom_alt,
Cleveland Cavaliers - New York Knicks,Winner Of Ec Sf2 Winner Of Ec Sf1,2026-05-23,2026-05-23 21:00,New York Knicks,Cleveland Cavaliers,New York Knicks,Josh Hart,Puntos,15.5,Sobre,2.49,dom_alt,
Cleveland Cavaliers - New York Knicks,Winner Of Ec Sf2 Winner Of Ec Sf1,2026-05-23,2026-05-23 21:00,New York Knicks,Cleveland Cavaliers,New York Knicks,Josh Hart,Puntos,15.5,Debajo,1.38,dom_alt,
Cleveland Cavaliers - New York Knicks,Winner Of Ec Sf2 Winner Of Ec Sf1,2026-05-23,2026-05-23 21:00,New York Knicks,Cleveland Cavaliers,New York Knicks,Josh Hart,Puntos,16.5,Sobre,2.85,dom_alt,
Cleveland Cavaliers - New York Knicks,Winner Of Ec Sf2 Winner Of Ec Sf1,2026-05-23,2026-05-23 21:00,New York Knicks,Cleveland Cavaliers,New York Knicks,Josh Hart,Puntos,16.5,Debajo,1.29,dom_alt,
Cleveland Cavaliers - New York Knicks,Winner Of Ec Sf2 Winner Of Ec Sf1,2026-05-23,2026-05-23 21:00,New York Knicks,Cleveland Cavaliers,New York Knicks,Josh Hart,Rebotes,7.5,Sobre,2.03,dom,
Cleveland Cavaliers - New York Knicks,Winner Of Ec Sf2 Winner Of Ec Sf1,2026-05-23,2026-05-23 21:00,New York Knicks,Cleveland Cavaliers,New York Knicks,Josh Hart,Rebotes,7.5,Debajo,1.67,dom,
Cleveland Cavaliers - New York Knicks,Winner Of Ec Sf2 Winner Of Ec Sf1,2026-05-23,2026-05-23 21:00,New York Knicks,Cleveland Cavaliers,New York Knicks,Josh Hart,Rebotes,8.5,Sobre,2.42,dom_alt,
Cleveland Cavaliers - New York Knicks,Winner Of Ec Sf2 Winner Of Ec Sf1,2026-05-23,2026-05-23 21:00,New York Knicks,Cleveland Cavaliers,New York Knicks,Josh Hart,Rebotes,8.5,Debajo,1.40,dom_alt,
Cleveland Cavaliers - New York Knicks,Winner Of Ec Sf2 Winner Of Ec Sf1,2026-05-23,2026-05-23 21:00,New York Knicks,Cleveland Cavaliers,New York Knicks,Josh Hart,Rebotes,5.5,Sobre,1.33,dom_alt,
Cleveland Cavaliers - New York Knicks,Winner Of Ec Sf2 Winner Of Ec Sf1,2026-05-23,2026-05-23 21:00,New York Knicks,Cleveland Cavaliers,New York Knicks,Josh Hart,Rebotes,5.5,Debajo,2.69,dom_alt,
Cleveland Cavaliers - New York Knicks,Winner Of Ec Sf2 Winner Of Ec Sf1,2026-05-23,2026-05-23 21:00,New York Knicks,Cleveland Cavaliers,New York Knicks,Josh Hart,Triples,1.5,Sobre,1.64,dom,
Cleveland Cavaliers - New York Knicks,Winner Of Ec Sf2 Winner Of Ec Sf1,2026-05-23,2026-05-23 21:00,New York Knicks,Cleveland Cavaliers,New York Knicks,Josh Hart,Triples,1.5,Debajo,2.08,dom,
Cleveland Cavaliers - New York Knicks,Winner Of Ec Sf2 Winner Of Ec Sf1,2026-05-23,2026-05-23 21:00,New York Knicks,Cleveland Cavaliers,New York Knicks,Josh Hart,Robos,1.5,Sobre,2.05,dom,
Cleveland Cavaliers - New York Knicks,Winner Of Ec Sf2 Winner Of Ec Sf1,2026-05-23,2026-05-23 21:00,New York Knicks,Cleveland Cavaliers,New York Knicks,Josh Hart,Robos,1.5,Debajo,1.66,dom,
Cleveland Cavaliers - New York Knicks,Winner Of Ec Sf2 Winner Of Ec Sf1,2026-05-23,2026-05-23 21:00,New York Knicks,Cleveland Cavaliers,New York Knicks,Josh Hart,Puntos+Rebotes,19.5,Sobre,1.76,dom,
Cleveland Cavaliers - New York Knicks,Winner Of Ec Sf2 Winner Of Ec Sf1,2026-05-23,2026-05-23 21:00,New York Knicks,Cleveland Cavaliers,New York Knicks,Josh Hart,Puntos+Rebotes,19.5,Debajo,1.92,dom,
Cleveland Cavaliers - New York Knicks,Winner Of Ec Sf2 Winner Of Ec Sf1,2026-05-23,2026-05-23 21:00,New York Knicks,Cleveland Cavaliers,New York Knicks,Josh Hart,Puntos+Rebotes,20.5,Sobre,1.89,dom_alt,
Cleveland Cavaliers - New York Knicks,Winner Of Ec Sf2 Winner Of Ec Sf1,2026-05-23,2026-05-23 21:00,New York Knicks,Cleveland Cavaliers,New York Knicks,Josh Hart,Puntos+Rebotes,20.5,Debajo,1.68,dom_alt,
Cleveland Cavaliers - New York Knicks,Winner Of Ec Sf2 Winner Of Ec Sf1,2026-05-23,2026-05-23 21:00,New York Knicks,Cleveland Cavaliers,New York Knicks,Josh Hart,Puntos+Rebotes,17.5,Sobre,1.50,dom_alt,
Cleveland Cavaliers - New York Knicks,Winner Of Ec Sf2 Winner Of Ec Sf1,2026-05-23,2026-05-23 21:00,New York Knicks,Cleveland Cavaliers,New York Knicks,Josh Hart,Puntos+Rebotes,17.5,Debajo,2.17,dom_alt,
Cleveland Cavaliers - New York Knicks,Winner Of Ec Sf2 Winner Of Ec Sf1,2026-05-23,2026-05-23 21:00,New York Knicks,Cleveland Cavaliers,New York Knicks,Josh Hart,Puntos+Rebotes,21.5,Sobre,2.08,dom_alt,
Cleveland Cavaliers - New York Knicks,Winner Of Ec Sf2 Winner Of Ec Sf1,2026-05-23,2026-05-23 21:00,New York Knicks,Cleveland Cavaliers,New York Knicks,Josh Hart,Puntos+Rebotes,21.5,Debajo,1.55,dom_alt,
Cleveland Cavaliers - New York Knicks,Winner Of Ec Sf2 Winner Of Ec Sf1,2026-05-23,2026-05-23 21:00,New York Knicks,Cleveland Cavaliers,New York Knicks,Josh Hart,Puntos+Asistencias,17.5,Sobre,1.95,dom,
Cleveland Cavaliers - New York Knicks,Winner Of Ec Sf2 Winner Of Ec Sf1,2026-05-23,2026-05-23 21:00,New York Knicks,Cleveland Cavaliers,New York Knicks,Josh Hart,Puntos+Asistencias,17.5,Debajo,1.74,dom,
Cleveland Cavaliers - New York Knicks,Winner Of Ec Sf2 Winner Of Ec Sf1,2026-05-23,2026-05-23 21:00,New York Knicks,Cleveland Cavaliers,New York Knicks,Josh Hart,Puntos+Asistencias,18.5,Sobre,2.09,dom_alt,
Cleveland Cavaliers - New York Knicks,Winner Of Ec Sf2 Winner Of Ec Sf1,2026-05-23,2026-05-23 21:00,New York Knicks,Cleveland Cavaliers,New York Knicks,Josh Hart,Puntos+Asistencias,18.5,Debajo,1.55,dom_alt,
Cleveland Cavaliers - New York Knicks,Winner Of Ec Sf2 Winner Of Ec Sf1,2026-05-23,2026-05-23 21:00,New York Knicks,Cleveland Cavaliers,New York Knicks,Josh Hart,Puntos+Asistencias,15.5,Sobre,1.54,dom_alt,
Cleveland Cavaliers - New York Knicks,Winner Of Ec Sf2 Winner Of Ec Sf1,2026-05-23,2026-05-23 21:00,New York Knicks,Cleveland Cavaliers,New York Knicks,Josh Hart,Puntos+Asistencias,15.5,Debajo,2.10,dom_alt,
Cleveland Cavaliers - New York Knicks,Winner Of Ec Sf2 Winner Of Ec Sf1,2026-05-23,2026-05-23 21:00,New York Knicks,Cleveland Cavaliers,New York Knicks,Josh Hart,PRA,24.5,Sobre,1.87,dom,
Cleveland Cavaliers - New York Knicks,Winner Of Ec Sf2 Winner Of Ec Sf1,2026-05-23,2026-05-23 21:00,New York Knicks,Cleveland Cavaliers,New York Knicks,Josh Hart,PRA,24.5,Debajo,1.80,dom,
Cleveland Cavaliers - New York Knicks,Winner Of Ec Sf2 Winner Of Ec Sf1,2026-05-23,2026-05-23 21:00,New York Knicks,Cleveland Cavaliers,New York Knicks,Josh Hart,PRA,25.5,Sobre,1.96,dom_alt,
Cleveland Cavaliers - New York Knicks,Winner Of Ec Sf2 Winner Of Ec Sf1,2026-05-23,2026-05-23 21:00,New York Knicks,Cleveland Cavaliers,New York Knicks,Josh Hart,PRA,25.5,Debajo,1.63,dom_alt,
Cleveland Cavaliers - New York Knicks,Winner Of Ec Sf2 Winner Of Ec Sf1,2026-05-23,2026-05-23 21:00,New York Knicks,Cleveland Cavaliers,New York Knicks,Josh Hart,PRA,22.5,Sobre,1.53,dom_alt,
Cleveland Cavaliers - New York Knicks,Winner Of Ec Sf2 Winner Of Ec Sf1,2026-05-23,2026-05-23 21:00,New York Knicks,Cleveland Cavaliers,New York Knicks,Josh Hart,PRA,22.5,Debajo,2.12,dom_alt,
Cleveland Cavaliers - New York Knicks,Winner Of Ec Sf2 Winner Of Ec Sf1,2026-05-23,2026-05-23 21:00,New York Knicks,Cleveland Cavaliers,New York Knicks,Josh Hart,PRA,26.5,Sobre,2.07,dom_alt,
Cleveland Cavaliers - New York Knicks,Winner Of Ec Sf2 Winner Of Ec Sf1,2026-05-23,2026-05-23 21:00,New York Knicks,Cleveland Cavaliers,New York Knicks,Josh Hart,PRA,26.5,Debajo,1.56,dom_alt,
Cleveland Cavaliers - New York Knicks,Winner Of Ec Sf2 Winner Of Ec Sf1,2026-05-23,2026-05-23 21:00,New York Knicks,Cleveland Cavaliers,New York Knicks,Josh Hart,PRA,21.5,Sobre,1.47,dom_alt,
Cleveland Cavaliers - New York Knicks,Winner Of Ec Sf2 Winner Of Ec Sf1,2026-05-23,2026-05-23 21:00,New York Knicks,Cleveland Cavaliers,New York Knicks,Josh Hart,PRA,21.5,Debajo,2.26,dom_alt,
Cleveland Cavaliers - New York Knicks,Winner Of Ec Sf2 Winner Of Ec Sf1,2026-05-23,2026-05-23 21:00,New York Knicks,Cleveland Cavaliers,New York Knicks,Josh Hart,PRA,27.5,Sobre,2.28,dom_alt,
Cleveland Cavaliers - New York Knicks,Winner Of Ec Sf2 Winner Of Ec Sf1,2026-05-23,2026-05-23 21:00,New York Knicks,Cleveland Cavaliers,New York Knicks,Josh Hart,PRA,27.5,Debajo,1.46,dom_alt,
Cleveland Cavaliers - New York Knicks,Winner Of Ec Sf2 Winner Of Ec Sf1,2026-05-23,2026-05-23 21:00,New York Knicks,Cleveland Cavaliers,New York Knicks,Josh Hart,PRA,20.5,Sobre,1.37,dom_alt,
Cleveland Cavaliers - New York Knicks,Winner Of Ec Sf2 Winner Of Ec Sf1,2026-05-23,2026-05-23 21:00,New York Knicks,Cleveland Cavaliers,New York Knicks,Josh Hart,PRA,20.5,Debajo,2.54,dom_alt,
Cleveland Cavaliers - New York Knicks,Winner Of Ec Sf2 Winner Of Ec Sf1,2026-05-23,2026-05-23 21:00,New York Knicks,Cleveland Cavaliers,New York Knicks,Josh Hart,PRA,28.5,Sobre,2.54,dom_alt,
Cleveland Cavaliers - New York Knicks,Winner Of Ec Sf2 Winner Of Ec Sf1,2026-05-23,2026-05-23 21:00,New York Knicks,Cleveland Cavaliers,New York Knicks,Josh Hart,PRA,28.5,Debajo,1.37,dom_alt,
Cleveland Cavaliers - New York Knicks,Winner Of Ec Sf2 Winner Of Ec Sf1,2026-05-23,2026-05-23 21:00,New York Knicks,Cleveland Cavaliers,New York Knicks,Josh Hart,Asistencias+Rebotes,11.5,Sobre,1.82,dom,
Cleveland Cavaliers - New York Knicks,Winner Of Ec Sf2 Winner Of Ec Sf1,2026-05-23,2026-05-23 21:00,New York Knicks,Cleveland Cavaliers,New York Knicks,Josh Hart,Asistencias+Rebotes,11.5,Debajo,1.85,dom,
Cleveland Cavaliers - New York Knicks,Winner Of Ec Sf2 Winner Of Ec Sf1,2026-05-23,2026-05-23 21:00,New York Knicks,Cleveland Cavaliers,New York Knicks,Josh Hart,Asistencias+Rebotes,12.5,Sobre,2.12,dom_alt,
Cleveland Cavaliers - New York Knicks,Winner Of Ec Sf2 Winner Of Ec Sf1,2026-05-23,2026-05-23 21:00,New York Knicks,Cleveland Cavaliers,New York Knicks,Josh Hart,Asistencias+Rebotes,12.5,Debajo,1.53,dom_alt,
Cleveland Cavaliers - New York Knicks,Winner Of Ec Sf2 Winner Of Ec Sf1,2026-05-23,2026-05-23 21:00,New York Knicks,Cleveland Cavaliers,New York Knicks,Josh Hart,Robos+Tapones,1.5,Sobre,1.75,dom,
Cleveland Cavaliers - New York Knicks,Winner Of Ec Sf2 Winner Of Ec Sf1,2026-05-23,2026-05-23 21:00,New York Knicks,Cleveland Cavaliers,New York Knicks,Josh Hart,Robos+Tapones,1.5,Debajo,1.92,dom,
Cleveland Cavaliers - New York Knicks,Winner Of Ec Sf2 Winner Of Ec Sf1,2026-05-23,2026-05-23 21:00,New York Knicks,Cleveland Cavaliers,New York Knicks,Josh Hart,DobleDoble,0.5,Sobre,4.34,dom,
Cleveland Cavaliers - New York Knicks,Winner Of Ec Sf2 Winner Of Ec Sf1,2026-05-23,2026-05-23 21:00,New York Knicks,Cleveland Cavaliers,New York Knicks,Josh Hart,DobleDoble,0.5,Debajo,1.16,dom,
Cleveland Cavaliers - New York Knicks,Winner Of Ec Sf2 Winner Of Ec Sf1,2026-05-23,2026-05-23 21:00,New York Knicks,Cleveland Cavaliers,New York Knicks,Josh Hart,Asistencias,4.5,Sobre,2.05,dom,
Cleveland Cavaliers - New York Knicks,Winner Of Ec Sf2 Winner Of Ec Sf1,2026-05-23,2026-05-23 21:00,New York Knicks,Cleveland Cavaliers,New York Knicks,Josh Hart,Asistencias,4.5,Debajo,1.66,dom,
Cleveland Cavaliers - New York Knicks,Winner Of Ec Sf2 Winner Of Ec Sf1,2026-05-23,2026-05-23 21:00,New York Knicks,Cleveland Cavaliers,New York Knicks,Josh Hart,Asistencias,5.5,Sobre,2.69,dom_alt,
Cleveland Cavaliers - New York Knicks,Winner Of Ec Sf2 Winner Of Ec Sf1,2026-05-23,2026-05-23 21:00,New York Knicks,Cleveland Cavaliers,New York Knicks,Josh Hart,Asistencias,5.5,Debajo,1.33,dom_alt,
Cleveland Cavaliers - New York Knicks,Winner Of Ec Sf2 Winner Of Ec Sf1,2026-05-23,2026-05-23 21:00,New York Knicks,Cleveland Cavaliers,New York Knicks,Josh Hart,PuntosPrimerCuarto,2.5,Sobre,1.68,dom,
Cleveland Cavaliers - New York Knicks,Winner Of Ec Sf2 Winner Of Ec Sf1,2026-05-23,2026-05-23 21:00,New York Knicks,Cleveland Cavaliers,New York Knicks,Josh Hart,PuntosPrimerCuarto,2.5,Debajo,2.02,dom,
Cleveland Cavaliers - New York Knicks,Winner Of Ec Sf2 Winner Of Ec Sf1,2026-05-23,2026-05-23 21:00,New York Knicks,Cleveland Cavaliers,New York Knicks,Josh Hart,RebotesPrimerCuarto,1.5,Sobre,1.68,dom,
Cleveland Cavaliers - New York Knicks,Winner Of Ec Sf2 Winner Of Ec Sf1,2026-05-23,2026-05-23 21:00,New York Knicks,Cleveland Cavaliers,New York Knicks,Josh Hart,RebotesPrimerCuarto,1.5,Debajo,2.01,dom,
Cleveland Cavaliers - New York Knicks,Winner Of Ec Sf2 Winner Of Ec Sf1,2026-05-23,2026-05-23 21:00,New York Knicks,Cleveland Cavaliers,New York Knicks,Josh Hart,TirosLibres,1.5,Sobre,1.91,dom,
Cleveland Cavaliers - New York Knicks,Winner Of Ec Sf2 Winner Of Ec Sf1,2026-05-23,2026-05-23 21:00,New York Knicks,Cleveland Cavaliers,New York Knicks,Josh Hart,TirosLibres,1.5,Debajo,1.77,dom,
Cleveland Cavaliers - New York Knicks,Winner Of Ec Sf2 Winner Of Ec Sf1,2026-05-23,2026-05-23 21:00,New York Knicks,Cleveland Cavaliers,New York Knicks,Josh Hart,GolesCampo,4.5,Sobre,1.83,dom,
Cleveland Cavaliers - New York Knicks,Winner Of Ec Sf2 Winner Of Ec Sf1,2026-05-23,2026-05-23 21:00,New York Knicks,Cleveland Cavaliers,New York Knicks,Josh Hart,GolesCampo,4.5,Debajo,1.84,dom,
Cleveland Cavaliers - New York Knicks,Winner Of Ec Sf2 Winner Of Ec Sf1,2026-05-23,2026-05-23 21:00,New York Knicks,Cleveland Cavaliers,New York Knicks,Josh Hart,GolesCampoInt,10.5,Sobre,1.86,dom,
Cleveland Cavaliers - New York Knicks,Winner Of Ec Sf2 Winner Of Ec Sf1,2026-05-23,2026-05-23 21:00,New York Knicks,Cleveland Cavaliers,New York Knicks,Josh Hart,GolesCampoInt,10.5,Debajo,1.81,dom,
Cleveland Cavaliers - New York Knicks,Winner Of Ec Sf2 Winner Of Ec Sf1,2026-05-23,2026-05-23 21:00,New York Knicks,Cleveland Cavaliers,New York Knicks,Josh Hart,TriplesInt,5.5,Sobre,1.91,dom,
Cleveland Cavaliers - New York Knicks,Winner Of Ec Sf2 Winner Of Ec Sf1,2026-05-23,2026-05-23 21:00,New York Knicks,Cleveland Cavaliers,New York Knicks,Josh Hart,TriplesInt,5.5,Debajo,1.77,dom,
Cleveland Cavaliers - New York Knicks,Winner Of Ec Sf2 Winner Of Ec Sf1,2026-05-23,2026-05-23 21:00,New York Knicks,Cleveland Cavaliers,New York Knicks,Josh Hart,Faltas,3.5,Sobre,1.92,dom,
Cleveland Cavaliers - New York Knicks,Winner Of Ec Sf2 Winner Of Ec Sf1,2026-05-23,2026-05-23 21:00,New York Knicks,Cleveland Cavaliers,New York Knicks,Josh Hart,Faltas,3.5,Debajo,1.76,dom,
Cleveland Cavaliers - New York Knicks,Winner Of Ec Sf2 Winner Of Ec Sf1,2026-05-23,2026-05-23 21:00,New York Knicks,Cleveland Cavaliers,New York Knicks,Miles McBride,Puntos,5.5,Sobre,1.94,dom,
Cleveland Cavaliers - New York Knicks,Winner Of Ec Sf2 Winner Of Ec Sf1,2026-05-23,2026-05-23 21:00,New York Knicks,Cleveland Cavaliers,New York Knicks,Miles McBride,Puntos,5.5,Debajo,1.74,dom,
Cleveland Cavaliers - New York Knicks,Winner Of Ec Sf2 Winner Of Ec Sf1,2026-05-23,2026-05-23 21:00,New York Knicks,Cleveland Cavaliers,New York Knicks,Miles McBride,Puntos,6.5,Sobre,2.26,dom_alt,
Cleveland Cavaliers - New York Knicks,Winner Of Ec Sf2 Winner Of Ec Sf1,2026-05-23,2026-05-23 21:00,New York Knicks,Cleveland Cavaliers,New York Knicks,Miles McBride,Puntos,6.5,Debajo,1.47,dom_alt,
Cleveland Cavaliers - New York Knicks,Winner Of Ec Sf2 Winner Of Ec Sf1,2026-05-23,2026-05-23 21:00,New York Knicks,Cleveland Cavaliers,New York Knicks,Miles McBride,Puntos,3.5,Sobre,1.53,dom_alt,
Cleveland Cavaliers - New York Knicks,Winner Of Ec Sf2 Winner Of Ec Sf1,2026-05-23,2026-05-23 21:00,New York Knicks,Cleveland Cavaliers,New York Knicks,Miles McBride,Puntos,3.5,Debajo,2.12,dom_alt,
Cleveland Cavaliers - New York Knicks,Winner Of Ec Sf2 Winner Of Ec Sf1,2026-05-23,2026-05-23 21:00,New York Knicks,Cleveland Cavaliers,New York Knicks,Miles McBride,Puntos,7.5,Sobre,2.50,dom_alt,
Cleveland Cavaliers - New York Knicks,Winner Of Ec Sf2 Winner Of Ec Sf1,2026-05-23,2026-05-23 21:00,New York Knicks,Cleveland Cavaliers,New York Knicks,Miles McBride,Puntos,7.5,Debajo,1.38,dom_alt,
Cleveland Cavaliers - New York Knicks,Winner Of Ec Sf2 Winner Of Ec Sf1,2026-05-23,2026-05-23 21:00,New York Knicks,Cleveland Cavaliers,New York Knicks,Miles McBride,Rebotes,1.5,Sobre,2.50,dom,
Cleveland Cavaliers - New York Knicks,Winner Of Ec Sf2 Winner Of Ec Sf1,2026-05-23,2026-05-23 21:00,New York Knicks,Cleveland Cavaliers,New York Knicks,Miles McBride,Rebotes,1.5,Debajo,1.45,dom,
Cleveland Cavaliers - New York Knicks,Winner Of Ec Sf2 Winner Of Ec Sf1,2026-05-23,2026-05-23 21:00,New York Knicks,Cleveland Cavaliers,New York Knicks,Miles McBride,Triples,1.5,Sobre,2.24,dom,
Cleveland Cavaliers - New York Knicks,Winner Of Ec Sf2 Winner Of Ec Sf1,2026-05-23,2026-05-23 21:00,New York Knicks,Cleveland Cavaliers,New York Knicks,Miles McBride,Triples,1.5,Debajo,1.55,dom,
Cleveland Cavaliers - New York Knicks,Winner Of Ec Sf2 Winner Of Ec Sf1,2026-05-23,2026-05-23 21:00,New York Knicks,Cleveland Cavaliers,New York Knicks,Miles McBride,Robos,0.5,Sobre,2.21,dom,
Cleveland Cavaliers - New York Knicks,Winner Of Ec Sf2 Winner Of Ec Sf1,2026-05-23,2026-05-23 21:00,New York Knicks,Cleveland Cavaliers,New York Knicks,Miles McBride,Robos,0.5,Debajo,1.57,dom,
Cleveland Cavaliers - New York Knicks,Winner Of Ec Sf2 Winner Of Ec Sf1,2026-05-23,2026-05-23 21:00,New York Knicks,Cleveland Cavaliers,New York Knicks,Miles McBride,Puntos+Rebotes,6.5,Sobre,1.91,dom,
Cleveland Cavaliers - New York Knicks,Winner Of Ec Sf2 Winner Of Ec Sf1,2026-05-23,2026-05-23 21:00,New York Knicks,Cleveland Cavaliers,New York Knicks,Miles McBride,Puntos+Rebotes,6.5,Debajo,1.76,dom,
Cleveland Cavaliers - New York Knicks,Winner Of Ec Sf2 Winner Of Ec Sf1,2026-05-23,2026-05-23 21:00,New York Knicks,Cleveland Cavaliers,New York Knicks,Miles McBride,Puntos+Rebotes,7.5,Sobre,2.12,dom_alt,
Cleveland Cavaliers - New York Knicks,Winner Of Ec Sf2 Winner Of Ec Sf1,2026-05-23,2026-05-23 21:00,New York Knicks,Cleveland Cavaliers,New York Knicks,Miles McBride,Puntos+Rebotes,7.5,Debajo,1.53,dom_alt,
Cleveland Cavaliers - New York Knicks,Winner Of Ec Sf2 Winner Of Ec Sf1,2026-05-23,2026-05-23 21:00,New York Knicks,Cleveland Cavaliers,New York Knicks,Miles McBride,Puntos+Asistencias,6.5,Sobre,1.94,dom,
Cleveland Cavaliers - New York Knicks,Winner Of Ec Sf2 Winner Of Ec Sf1,2026-05-23,2026-05-23 21:00,New York Knicks,Cleveland Cavaliers,New York Knicks,Miles McBride,Puntos+Asistencias,6.5,Debajo,1.74,dom,
Cleveland Cavaliers - New York Knicks,Winner Of Ec Sf2 Winner Of Ec Sf1,2026-05-23,2026-05-23 21:00,New York Knicks,Cleveland Cavaliers,New York Knicks,Miles McBride,Puntos+Asistencias,7.5,Sobre,2.07,dom_alt,
Cleveland Cavaliers - New York Knicks,Winner Of Ec Sf2 Winner Of Ec Sf1,2026-05-23,2026-05-23 21:00,New York Knicks,Cleveland Cavaliers,New York Knicks,Miles McBride,Puntos+Asistencias,7.5,Debajo,1.56,dom_alt,
Cleveland Cavaliers - New York Knicks,Winner Of Ec Sf2 Winner Of Ec Sf1,2026-05-23,2026-05-23 21:00,New York Knicks,Cleveland Cavaliers,New York Knicks,Miles McBride,PRA,7.5,Sobre,1.85,dom,
Cleveland Cavaliers - New York Knicks,Winner Of Ec Sf2 Winner Of Ec Sf1,2026-05-23,2026-05-23 21:00,New York Knicks,Cleveland Cavaliers,New York Knicks,Miles McBride,PRA,7.5,Debajo,1.82,dom,
Cleveland Cavaliers - New York Knicks,Winner Of Ec Sf2 Winner Of Ec Sf1,2026-05-23,2026-05-23 21:00,New York Knicks,Cleveland Cavaliers,New York Knicks,Miles McBride,PRA,8.5,Sobre,2.04,dom_alt,
Cleveland Cavaliers - New York Knicks,Winner Of Ec Sf2 Winner Of Ec Sf1,2026-05-23,2026-05-23 21:00,New York Knicks,Cleveland Cavaliers,New York Knicks,Miles McBride,PRA,8.5,Debajo,1.58,dom_alt,
Cleveland Cavaliers - New York Knicks,Winner Of Ec Sf2 Winner Of Ec Sf1,2026-05-23,2026-05-23 21:00,New York Knicks,Cleveland Cavaliers,New York Knicks,Miles McBride,PRA,5.5,Sobre,1.46,dom_alt,
Cleveland Cavaliers - New York Knicks,Winner Of Ec Sf2 Winner Of Ec Sf1,2026-05-23,2026-05-23 21:00,New York Knicks,Cleveland Cavaliers,New York Knicks,Miles McBride,PRA,5.5,Debajo,2.28,dom_alt,
Cleveland Cavaliers - New York Knicks,Winner Of Ec Sf2 Winner Of Ec Sf1,2026-05-23,2026-05-23 21:00,New York Knicks,Cleveland Cavaliers,New York Knicks,Miles McBride,PRA,9.5,Sobre,2.25,dom_alt,
Cleveland Cavaliers - New York Knicks,Winner Of Ec Sf2 Winner Of Ec Sf1,2026-05-23,2026-05-23 21:00,New York Knicks,Cleveland Cavaliers,New York Knicks,Miles McBride,PRA,9.5,Debajo,1.47,dom_alt,
Cleveland Cavaliers - New York Knicks,Winner Of Ec Sf2 Winner Of Ec Sf1,2026-05-23,2026-05-23 21:00,New York Knicks,Cleveland Cavaliers,New York Knicks,Miles McBride,PRA,4.5,Sobre,1.32,dom_alt,
Cleveland Cavaliers - New York Knicks,Winner Of Ec Sf2 Winner Of Ec Sf1,2026-05-23,2026-05-23 21:00,New York Knicks,Cleveland Cavaliers,New York Knicks,Miles McBride,PRA,4.5,Debajo,2.73,dom_alt,
Cleveland Cavaliers - New York Knicks,Winner Of Ec Sf2 Winner Of Ec Sf1,2026-05-23,2026-05-23 21:00,New York Knicks,Cleveland Cavaliers,New York Knicks,Miles McBride,PRA,10.5,Sobre,2.62,dom_alt,
Cleveland Cavaliers - New York Knicks,Winner Of Ec Sf2 Winner Of Ec Sf1,2026-05-23,2026-05-23 21:00,New York Knicks,Cleveland Cavaliers,New York Knicks,Miles McBride,PRA,10.5,Debajo,1.35,dom_alt,
Cleveland Cavaliers - New York Knicks,Winner Of Ec Sf2 Winner Of Ec Sf1,2026-05-23,2026-05-23 21:00,New York Knicks,Cleveland Cavaliers,New York Knicks,Miles McBride,Asistencias+Rebotes,2.5,Sobre,2.13,dom,
Cleveland Cavaliers - New York Knicks,Winner Of Ec Sf2 Winner Of Ec Sf1,2026-05-23,2026-05-23 21:00,New York Knicks,Cleveland Cavaliers,New York Knicks,Miles McBride,Asistencias+Rebotes,2.5,Debajo,1.61,dom,
Cleveland Cavaliers - New York Knicks,Winner Of Ec Sf2 Winner Of Ec Sf1,2026-05-23,2026-05-23 21:00,New York Knicks,Cleveland Cavaliers,New York Knicks,Miles McBride,Robos+Tapones,0.5,Sobre,1.94,dom,
Cleveland Cavaliers - New York Knicks,Winner Of Ec Sf2 Winner Of Ec Sf1,2026-05-23,2026-05-23 21:00,New York Knicks,Cleveland Cavaliers,New York Knicks,Miles McBride,Robos+Tapones,0.5,Debajo,1.74,dom,
Cleveland Cavaliers - New York Knicks,Winner Of Ec Sf2 Winner Of Ec Sf1,2026-05-23,2026-05-23 21:00,New York Knicks,Cleveland Cavaliers,New York Knicks,Miles McBride,Asistencias,0.5,Sobre,1.43,dom,
Cleveland Cavaliers - New York Knicks,Winner Of Ec Sf2 Winner Of Ec Sf1,2026-05-23,2026-05-23 21:00,New York Knicks,Cleveland Cavaliers,New York Knicks,Miles McBride,Asistencias,0.5,Debajo,2.57,dom,
Cleveland Cavaliers - New York Knicks,Winner Of Ec Sf2 Winner Of Ec Sf1,2026-05-23,2026-05-23 21:00,New York Knicks,Cleveland Cavaliers,New York Knicks,Miles McBride,PuntosPrimerCuarto,0.5,Sobre,2.20,dom,
Cleveland Cavaliers - New York Knicks,Winner Of Ec Sf2 Winner Of Ec Sf1,2026-05-23,2026-05-23 21:00,New York Knicks,Cleveland Cavaliers,New York Knicks,Miles McBride,PuntosPrimerCuarto,0.5,Debajo,1.57,dom,
Cleveland Cavaliers - New York Knicks,Winner Of Ec Sf2 Winner Of Ec Sf1,2026-05-23,2026-05-23 21:00,New York Knicks,Cleveland Cavaliers,New York Knicks,Miles McBride,GolesCampo,1.5,Sobre,1.70,dom,
Cleveland Cavaliers - New York Knicks,Winner Of Ec Sf2 Winner Of Ec Sf1,2026-05-23,2026-05-23 21:00,New York Knicks,Cleveland Cavaliers,New York Knicks,Miles McBride,GolesCampo,1.5,Debajo,1.99,dom,
Cleveland Cavaliers - New York Knicks,Winner Of Ec Sf2 Winner Of Ec Sf1,2026-05-23,2026-05-23 21:00,New York Knicks,Cleveland Cavaliers,New York Knicks,Miles McBride,GolesCampoInt,4.5,Sobre,1.76,dom,
Cleveland Cavaliers - New York Knicks,Winner Of Ec Sf2 Winner Of Ec Sf1,2026-05-23,2026-05-23 21:00,New York Knicks,Cleveland Cavaliers,New York Knicks,Miles McBride,GolesCampoInt,4.5,Debajo,1.92,dom,
Cleveland Cavaliers - New York Knicks,Winner Of Ec Sf2 Winner Of Ec Sf1,2026-05-23,2026-05-23 21:00,New York Knicks,Cleveland Cavaliers,New York Knicks,Miles McBride,TriplesInt,3.5,Sobre,1.78,dom,
Cleveland Cavaliers - New York Knicks,Winner Of Ec Sf2 Winner Of Ec Sf1,2026-05-23,2026-05-23 21:00,New York Knicks,Cleveland Cavaliers,New York Knicks,Miles McBride,TriplesInt,3.5,Debajo,1.89,dom,
Cleveland Cavaliers - New York Knicks,Winner Of Ec Sf2 Winner Of Ec Sf1,2026-05-23,2026-05-23 21:00,New York Knicks,Cleveland Cavaliers,New York Knicks,Mitchell Robinson,Puntos,4.5,Sobre,1.96,dom,
Cleveland Cavaliers - New York Knicks,Winner Of Ec Sf2 Winner Of Ec Sf1,2026-05-23,2026-05-23 21:00,New York Knicks,Cleveland Cavaliers,New York Knicks,Mitchell Robinson,Puntos,4.5,Debajo,1.72,dom,
Cleveland Cavaliers - New York Knicks,Winner Of Ec Sf2 Winner Of Ec Sf1,2026-05-23,2026-05-23 21:00,New York Knicks,Cleveland Cavaliers,New York Knicks,Mitchell Robinson,Puntos,5.5,Sobre,2.23,dom_alt,
Cleveland Cavaliers - New York Knicks,Winner Of Ec Sf2 Winner Of Ec Sf1,2026-05-23,2026-05-23 21:00,New York Knicks,Cleveland Cavaliers,New York Knicks,Mitchell Robinson,Puntos,5.5,Debajo,1.48,dom_alt,
Cleveland Cavaliers - New York Knicks,Winner Of Ec Sf2 Winner Of Ec Sf1,2026-05-23,2026-05-23 21:00,New York Knicks,Cleveland Cavaliers,New York Knicks,Mitchell Robinson,Puntos,2.5,Sobre,1.35,dom_alt,
Cleveland Cavaliers - New York Knicks,Winner Of Ec Sf2 Winner Of Ec Sf1,2026-05-23,2026-05-23 21:00,New York Knicks,Cleveland Cavaliers,New York Knicks,Mitchell Robinson,Puntos,2.5,Debajo,2.62,dom_alt,
Cleveland Cavaliers - New York Knicks,Winner Of Ec Sf2 Winner Of Ec Sf1,2026-05-23,2026-05-23 21:00,New York Knicks,Cleveland Cavaliers,New York Knicks,Mitchell Robinson,Puntos,6.5,Sobre,2.81,dom_alt,
Cleveland Cavaliers - New York Knicks,Winner Of Ec Sf2 Winner Of Ec Sf1,2026-05-23,2026-05-23 21:00,New York Knicks,Cleveland Cavaliers,New York Knicks,Mitchell Robinson,Puntos,6.5,Debajo,1.30,dom_alt,
Cleveland Cavaliers - New York Knicks,Winner Of Ec Sf2 Winner Of Ec Sf1,2026-05-23,2026-05-23 21:00,New York Knicks,Cleveland Cavaliers,New York Knicks,Mitchell Robinson,Rebotes,5.5,Sobre,1.74,dom,
Cleveland Cavaliers - New York Knicks,Winner Of Ec Sf2 Winner Of Ec Sf1,2026-05-23,2026-05-23 21:00,New York Knicks,Cleveland Cavaliers,New York Knicks,Mitchell Robinson,Rebotes,5.5,Debajo,1.94,dom,
Cleveland Cavaliers - New York Knicks,Winner Of Ec Sf2 Winner Of Ec Sf1,2026-05-23,2026-05-23 21:00,New York Knicks,Cleveland Cavaliers,New York Knicks,Mitchell Robinson,Rebotes,6.5,Sobre,2.12,dom_alt,
Cleveland Cavaliers - New York Knicks,Winner Of Ec Sf2 Winner Of Ec Sf1,2026-05-23,2026-05-23 21:00,New York Knicks,Cleveland Cavaliers,New York Knicks,Mitchell Robinson,Rebotes,6.5,Debajo,1.53,dom_alt,
Cleveland Cavaliers - New York Knicks,Winner Of Ec Sf2 Winner Of Ec Sf1,2026-05-23,2026-05-23 21:00,New York Knicks,Cleveland Cavaliers,New York Knicks,Mitchell Robinson,Rebotes,7.5,Sobre,2.61,dom_alt,
Cleveland Cavaliers - New York Knicks,Winner Of Ec Sf2 Winner Of Ec Sf1,2026-05-23,2026-05-23 21:00,New York Knicks,Cleveland Cavaliers,New York Knicks,Mitchell Robinson,Rebotes,7.5,Debajo,1.35,dom_alt,
Cleveland Cavaliers - New York Knicks,Winner Of Ec Sf2 Winner Of Ec Sf1,2026-05-23,2026-05-23 21:00,New York Knicks,Cleveland Cavaliers,New York Knicks,Mitchell Robinson,Robos,0.5,Sobre,1.79,dom,
Cleveland Cavaliers - New York Knicks,Winner Of Ec Sf2 Winner Of Ec Sf1,2026-05-23,2026-05-23 21:00,New York Knicks,Cleveland Cavaliers,New York Knicks,Mitchell Robinson,Robos,0.5,Debajo,1.88,dom,
Cleveland Cavaliers - New York Knicks,Winner Of Ec Sf2 Winner Of Ec Sf1,2026-05-23,2026-05-23 21:00,New York Knicks,Cleveland Cavaliers,New York Knicks,Mitchell Robinson,Tapones,0.5,Sobre,1.73,dom,
Cleveland Cavaliers - New York Knicks,Winner Of Ec Sf2 Winner Of Ec Sf1,2026-05-23,2026-05-23 21:00,New York Knicks,Cleveland Cavaliers,New York Knicks,Mitchell Robinson,Tapones,0.5,Debajo,1.95,dom,
Cleveland Cavaliers - New York Knicks,Winner Of Ec Sf2 Winner Of Ec Sf1,2026-05-23,2026-05-23 21:00,New York Knicks,Cleveland Cavaliers,New York Knicks,Mitchell Robinson,Pérdidas,0.5,Sobre,2.10,dom,
Cleveland Cavaliers - New York Knicks,Winner Of Ec Sf2 Winner Of Ec Sf1,2026-05-23,2026-05-23 21:00,New York Knicks,Cleveland Cavaliers,New York Knicks,Mitchell Robinson,Pérdidas,0.5,Debajo,1.63,dom,
Cleveland Cavaliers - New York Knicks,Winner Of Ec Sf2 Winner Of Ec Sf1,2026-05-23,2026-05-23 21:00,New York Knicks,Cleveland Cavaliers,New York Knicks,Mitchell Robinson,Puntos+Rebotes,10.5,Sobre,1.94,dom,
Cleveland Cavaliers - New York Knicks,Winner Of Ec Sf2 Winner Of Ec Sf1,2026-05-23,2026-05-23 21:00,New York Knicks,Cleveland Cavaliers,New York Knicks,Mitchell Robinson,Puntos+Rebotes,10.5,Debajo,1.74,dom,
Cleveland Cavaliers - New York Knicks,Winner Of Ec Sf2 Winner Of Ec Sf1,2026-05-23,2026-05-23 21:00,New York Knicks,Cleveland Cavaliers,New York Knicks,Mitchell Robinson,Puntos+Rebotes,11.5,Sobre,2.12,dom_alt,
Cleveland Cavaliers - New York Knicks,Winner Of Ec Sf2 Winner Of Ec Sf1,2026-05-23,2026-05-23 21:00,New York Knicks,Cleveland Cavaliers,New York Knicks,Mitchell Robinson,Puntos+Rebotes,11.5,Debajo,1.53,dom_alt,
Cleveland Cavaliers - New York Knicks,Winner Of Ec Sf2 Winner Of Ec Sf1,2026-05-23,2026-05-23 21:00,New York Knicks,Cleveland Cavaliers,New York Knicks,Mitchell Robinson,Puntos+Rebotes,8.5,Sobre,1.52,dom_alt,
Cleveland Cavaliers - New York Knicks,Winner Of Ec Sf2 Winner Of Ec Sf1,2026-05-23,2026-05-23 21:00,New York Knicks,Cleveland Cavaliers,New York Knicks,Mitchell Robinson,Puntos+Rebotes,8.5,Debajo,2.14,dom_alt,
Cleveland Cavaliers - New York Knicks,Winner Of Ec Sf2 Winner Of Ec Sf1,2026-05-23,2026-05-23 21:00,New York Knicks,Cleveland Cavaliers,New York Knicks,Mitchell Robinson,Puntos+Asistencias,4.5,Sobre,1.77,dom,
Cleveland Cavaliers - New York Knicks,Winner Of Ec Sf2 Winner Of Ec Sf1,2026-05-23,2026-05-23 21:00,New York Knicks,Cleveland Cavaliers,New York Knicks,Mitchell Robinson,Puntos+Asistencias,4.5,Debajo,1.91,dom,
Cleveland Cavaliers - New York Knicks,Winner Of Ec Sf2 Winner Of Ec Sf1,2026-05-23,2026-05-23 21:00,New York Knicks,Cleveland Cavaliers,New York Knicks,Mitchell Robinson,PRA,10.5,Sobre,1.82,dom,
Cleveland Cavaliers - New York Knicks,Winner Of Ec Sf2 Winner Of Ec Sf1,2026-05-23,2026-05-23 21:00,New York Knicks,Cleveland Cavaliers,New York Knicks,Mitchell Robinson,PRA,10.5,Debajo,1.85,dom,
Cleveland Cavaliers - New York Knicks,Winner Of Ec Sf2 Winner Of Ec Sf1,2026-05-23,2026-05-23 21:00,New York Knicks,Cleveland Cavaliers,New York Knicks,Mitchell Robinson,PRA,11.5,Sobre,1.98,dom_alt,
Cleveland Cavaliers - New York Knicks,Winner Of Ec Sf2 Winner Of Ec Sf1,2026-05-23,2026-05-23 21:00,New York Knicks,Cleveland Cavaliers,New York Knicks,Mitchell Robinson,PRA,11.5,Debajo,1.61,dom_alt,
Cleveland Cavaliers - New York Knicks,Winner Of Ec Sf2 Winner Of Ec Sf1,2026-05-23,2026-05-23 21:00,New York Knicks,Cleveland Cavaliers,New York Knicks,Mitchell Robinson,PRA,8.5,Sobre,1.46,dom_alt,
Cleveland Cavaliers - New York Knicks,Winner Of Ec Sf2 Winner Of Ec Sf1,2026-05-23,2026-05-23 21:00,New York Knicks,Cleveland Cavaliers,New York Knicks,Mitchell Robinson,PRA,8.5,Debajo,2.28,dom_alt,
Cleveland Cavaliers - New York Knicks,Winner Of Ec Sf2 Winner Of Ec Sf1,2026-05-23,2026-05-23 21:00,New York Knicks,Cleveland Cavaliers,New York Knicks,Mitchell Robinson,PRA,12.5,Sobre,2.16,dom_alt,
Cleveland Cavaliers - New York Knicks,Winner Of Ec Sf2 Winner Of Ec Sf1,2026-05-23,2026-05-23 21:00,New York Knicks,Cleveland Cavaliers,New York Knicks,Mitchell Robinson,PRA,12.5,Debajo,1.51,dom_alt,
Cleveland Cavaliers - New York Knicks,Winner Of Ec Sf2 Winner Of Ec Sf1,2026-05-23,2026-05-23 21:00,New York Knicks,Cleveland Cavaliers,New York Knicks,Mitchell Robinson,PRA,7.5,Sobre,1.33,dom_alt,
Cleveland Cavaliers - New York Knicks,Winner Of Ec Sf2 Winner Of Ec Sf1,2026-05-23,2026-05-23 21:00,New York Knicks,Cleveland Cavaliers,New York Knicks,Mitchell Robinson,PRA,7.5,Debajo,2.70,dom_alt,
Cleveland Cavaliers - New York Knicks,Winner Of Ec Sf2 Winner Of Ec Sf1,2026-05-23,2026-05-23 21:00,New York Knicks,Cleveland Cavaliers,New York Knicks,Mitchell Robinson,PRA,13.5,Sobre,2.46,dom_alt,
Cleveland Cavaliers - New York Knicks,Winner Of Ec Sf2 Winner Of Ec Sf1,2026-05-23,2026-05-23 21:00,New York Knicks,Cleveland Cavaliers,New York Knicks,Mitchell Robinson,PRA,13.5,Debajo,1.39,dom_alt,
Cleveland Cavaliers - New York Knicks,Winner Of Ec Sf2 Winner Of Ec Sf1,2026-05-23,2026-05-23 21:00,New York Knicks,Cleveland Cavaliers,New York Knicks,Mitchell Robinson,Asistencias+Rebotes,6.5,Sobre,1.99,dom,
Cleveland Cavaliers - New York Knicks,Winner Of Ec Sf2 Winner Of Ec Sf1,2026-05-23,2026-05-23 21:00,New York Knicks,Cleveland Cavaliers,New York Knicks,Mitchell Robinson,Asistencias+Rebotes,6.5,Debajo,1.70,dom,
Cleveland Cavaliers - New York Knicks,Winner Of Ec Sf2 Winner Of Ec Sf1,2026-05-23,2026-05-23 21:00,New York Knicks,Cleveland Cavaliers,New York Knicks,Mitchell Robinson,Robos+Tapones,1.5,Sobre,2.04,dom,
Cleveland Cavaliers - New York Knicks,Winner Of Ec Sf2 Winner Of Ec Sf1,2026-05-23,2026-05-23 21:00,New York Knicks,Cleveland Cavaliers,New York Knicks,Mitchell Robinson,Robos+Tapones,1.5,Debajo,1.67,dom,
Cleveland Cavaliers - New York Knicks,Winner Of Ec Sf2 Winner Of Ec Sf1,2026-05-23,2026-05-23 21:00,New York Knicks,Cleveland Cavaliers,New York Knicks,Mitchell Robinson,PuntosPrimerCuarto,0.5,Sobre,1.66,dom,
Cleveland Cavaliers - New York Knicks,Winner Of Ec Sf2 Winner Of Ec Sf1,2026-05-23,2026-05-23 21:00,New York Knicks,Cleveland Cavaliers,New York Knicks,Mitchell Robinson,PuntosPrimerCuarto,0.5,Debajo,2.05,dom,
Cleveland Cavaliers - New York Knicks,Winner Of Ec Sf2 Winner Of Ec Sf1,2026-05-23,2026-05-23 21:00,New York Knicks,Cleveland Cavaliers,New York Knicks,Mitchell Robinson,RebotesPrimerCuarto,1.5,Sobre,1.69,dom,
Cleveland Cavaliers - New York Knicks,Winner Of Ec Sf2 Winner Of Ec Sf1,2026-05-23,2026-05-23 21:00,New York Knicks,Cleveland Cavaliers,New York Knicks,Mitchell Robinson,RebotesPrimerCuarto,1.5,Debajo,2.01,dom,
Cleveland Cavaliers - New York Knicks,Winner Of Ec Sf2 Winner Of Ec Sf1,2026-05-23,2026-05-23 21:00,New York Knicks,Cleveland Cavaliers,New York Knicks,Mitchell Robinson,TirosLibres,1.5,Sobre,1.77,dom,
Cleveland Cavaliers - New York Knicks,Winner Of Ec Sf2 Winner Of Ec Sf1,2026-05-23,2026-05-23 21:00,New York Knicks,Cleveland Cavaliers,New York Knicks,Mitchell Robinson,TirosLibres,1.5,Debajo,1.90,dom,
Cleveland Cavaliers - New York Knicks,Winner Of Ec Sf2 Winner Of Ec Sf1,2026-05-23,2026-05-23 21:00,New York Knicks,Cleveland Cavaliers,New York Knicks,Mitchell Robinson,TirosLibresInt,4.5,Sobre,1.92,dom,
Cleveland Cavaliers - New York Knicks,Winner Of Ec Sf2 Winner Of Ec Sf1,2026-05-23,2026-05-23 21:00,New York Knicks,Cleveland Cavaliers,New York Knicks,Mitchell Robinson,TirosLibresInt,4.5,Debajo,1.76,dom,
Cleveland Cavaliers - New York Knicks,Winner Of Ec Sf2 Winner Of Ec Sf1,2026-05-23,2026-05-23 21:00,New York Knicks,Cleveland Cavaliers,New York Knicks,Mitchell Robinson,Faltas,1.5,Sobre,1.60,dom,
Cleveland Cavaliers - New York Knicks,Winner Of Ec Sf2 Winner Of Ec Sf1,2026-05-23,2026-05-23 21:00,New York Knicks,Cleveland Cavaliers,New York Knicks,Mitchell Robinson,Faltas,1.5,Debajo,2.14,dom,
Cleveland Cavaliers - New York Knicks,Winner Of Ec Sf2 Winner Of Ec Sf1,2026-05-23,2026-05-23 21:00,New York Knicks,Cleveland Cavaliers,New York Knicks,Landry Shamet,Puntos,3.5,Sobre,1.87,dom,
Cleveland Cavaliers - New York Knicks,Winner Of Ec Sf2 Winner Of Ec Sf1,2026-05-23,2026-05-23 21:00,New York Knicks,Cleveland Cavaliers,New York Knicks,Landry Shamet,Puntos,3.5,Debajo,1.80,dom,
Cleveland Cavaliers - New York Knicks,Winner Of Ec Sf2 Winner Of Ec Sf1,2026-05-23,2026-05-23 21:00,New York Knicks,Cleveland Cavaliers,New York Knicks,Landry Shamet,Puntos,4.5,Sobre,1.94,dom_alt,
Cleveland Cavaliers - New York Knicks,Winner Of Ec Sf2 Winner Of Ec Sf1,2026-05-23,2026-05-23 21:00,New York Knicks,Cleveland Cavaliers,New York Knicks,Landry Shamet,Puntos,4.5,Debajo,1.64,dom_alt,
Cleveland Cavaliers - New York Knicks,Winner Of Ec Sf2 Winner Of Ec Sf1,2026-05-23,2026-05-23 21:00,New York Knicks,Cleveland Cavaliers,New York Knicks,Landry Shamet,Puntos,5.5,Sobre,2.29,dom_alt,
Cleveland Cavaliers - New York Knicks,Winner Of Ec Sf2 Winner Of Ec Sf1,2026-05-23,2026-05-23 21:00,New York Knicks,Cleveland Cavaliers,New York Knicks,Landry Shamet,Puntos,5.5,Debajo,1.45,dom_alt,
Cleveland Cavaliers - New York Knicks,Winner Of Ec Sf2 Winner Of Ec Sf1,2026-05-23,2026-05-23 21:00,New York Knicks,Cleveland Cavaliers,New York Knicks,Landry Shamet,Puntos,6.5,Sobre,2.86,dom_alt,
Cleveland Cavaliers - New York Knicks,Winner Of Ec Sf2 Winner Of Ec Sf1,2026-05-23,2026-05-23 21:00,New York Knicks,Cleveland Cavaliers,New York Knicks,Landry Shamet,Puntos,6.5,Debajo,1.29,dom_alt,
Cleveland Cavaliers - New York Knicks,Winner Of Ec Sf2 Winner Of Ec Sf1,2026-05-23,2026-05-23 21:00,New York Knicks,Cleveland Cavaliers,New York Knicks,Landry Shamet,Rebotes,1.5,Sobre,2.50,dom,
Cleveland Cavaliers - New York Knicks,Winner Of Ec Sf2 Winner Of Ec Sf1,2026-05-23,2026-05-23 21:00,New York Knicks,Cleveland Cavaliers,New York Knicks,Landry Shamet,Rebotes,1.5,Debajo,1.45,dom,
Cleveland Cavaliers - New York Knicks,Winner Of Ec Sf2 Winner Of Ec Sf1,2026-05-23,2026-05-23 21:00,New York Knicks,Cleveland Cavaliers,New York Knicks,Landry Shamet,Triples,0.5,Sobre,1.57,dom,
Cleveland Cavaliers - New York Knicks,Winner Of Ec Sf2 Winner Of Ec Sf1,2026-05-23,2026-05-23 21:00,New York Knicks,Cleveland Cavaliers,New York Knicks,Landry Shamet,Triples,0.5,Debajo,2.20,dom,
Cleveland Cavaliers - New York Knicks,Winner Of Ec Sf2 Winner Of Ec Sf1,2026-05-23,2026-05-23 21:00,New York Knicks,Cleveland Cavaliers,New York Knicks,Landry Shamet,Robos,0.5,Sobre,2.32,dom,
Cleveland Cavaliers - New York Knicks,Winner Of Ec Sf2 Winner Of Ec Sf1,2026-05-23,2026-05-23 21:00,New York Knicks,Cleveland Cavaliers,New York Knicks,Landry Shamet,Robos,0.5,Debajo,1.52,dom,
Cleveland Cavaliers - New York Knicks,Winner Of Ec Sf2 Winner Of Ec Sf1,2026-05-23,2026-05-23 21:00,New York Knicks,Cleveland Cavaliers,New York Knicks,Landry Shamet,Puntos+Rebotes,5.5,Sobre,1.97,dom,
Cleveland Cavaliers - New York Knicks,Winner Of Ec Sf2 Winner Of Ec Sf1,2026-05-23,2026-05-23 21:00,New York Knicks,Cleveland Cavaliers,New York Knicks,Landry Shamet,Puntos+Rebotes,5.5,Debajo,1.72,dom,
Cleveland Cavaliers - New York Knicks,Winner Of Ec Sf2 Winner Of Ec Sf1,2026-05-23,2026-05-23 21:00,New York Knicks,Cleveland Cavaliers,New York Knicks,Landry Shamet,Puntos+Rebotes,6.5,Sobre,2.12,dom_alt,
Cleveland Cavaliers - New York Knicks,Winner Of Ec Sf2 Winner Of Ec Sf1,2026-05-23,2026-05-23 21:00,New York Knicks,Cleveland Cavaliers,New York Knicks,Landry Shamet,Puntos+Rebotes,6.5,Debajo,1.53,dom_alt,
Cleveland Cavaliers - New York Knicks,Winner Of Ec Sf2 Winner Of Ec Sf1,2026-05-23,2026-05-23 21:00,New York Knicks,Cleveland Cavaliers,New York Knicks,Landry Shamet,Puntos+Rebotes,3.5,Sobre,1.50,dom_alt,
Cleveland Cavaliers - New York Knicks,Winner Of Ec Sf2 Winner Of Ec Sf1,2026-05-23,2026-05-23 21:00,New York Knicks,Cleveland Cavaliers,New York Knicks,Landry Shamet,Puntos+Rebotes,3.5,Debajo,2.18,dom_alt,
Cleveland Cavaliers - New York Knicks,Winner Of Ec Sf2 Winner Of Ec Sf1,2026-05-23,2026-05-23 21:00,New York Knicks,Cleveland Cavaliers,New York Knicks,Landry Shamet,Puntos+Asistencias,4.5,Sobre,1.85,dom,
Cleveland Cavaliers - New York Knicks,Winner Of Ec Sf2 Winner Of Ec Sf1,2026-05-23,2026-05-23 21:00,New York Knicks,Cleveland Cavaliers,New York Knicks,Landry Shamet,Puntos+Asistencias,4.5,Debajo,1.82,dom,
Cleveland Cavaliers - New York Knicks,Winner Of Ec Sf2 Winner Of Ec Sf1,2026-05-23,2026-05-23 21:00,New York Knicks,Cleveland Cavaliers,New York Knicks,Landry Shamet,Puntos+Asistencias,5.5,Sobre,2.08,dom_alt,
Cleveland Cavaliers - New York Knicks,Winner Of Ec Sf2 Winner Of Ec Sf1,2026-05-23,2026-05-23 21:00,New York Knicks,Cleveland Cavaliers,New York Knicks,Landry Shamet,Puntos+Asistencias,5.5,Debajo,1.55,dom_alt,
Cleveland Cavaliers - New York Knicks,Winner Of Ec Sf2 Winner Of Ec Sf1,2026-05-23,2026-05-23 21:00,New York Knicks,Cleveland Cavaliers,New York Knicks,Landry Shamet,PRA,5.5,Sobre,1.78,dom,
Cleveland Cavaliers - New York Knicks,Winner Of Ec Sf2 Winner Of Ec Sf1,2026-05-23,2026-05-23 21:00,New York Knicks,Cleveland Cavaliers,New York Knicks,Landry Shamet,PRA,5.5,Debajo,1.89,dom,
Cleveland Cavaliers - New York Knicks,Winner Of Ec Sf2 Winner Of Ec Sf1,2026-05-23,2026-05-23 21:00,New York Knicks,Cleveland Cavaliers,New York Knicks,Landry Shamet,PRA,6.5,Sobre,1.97,dom_alt,
Cleveland Cavaliers - New York Knicks,Winner Of Ec Sf2 Winner Of Ec Sf1,2026-05-23,2026-05-23 21:00,New York Knicks,Cleveland Cavaliers,New York Knicks,Landry Shamet,PRA,6.5,Debajo,1.62,dom_alt,
Cleveland Cavaliers - New York Knicks,Winner Of Ec Sf2 Winner Of Ec Sf1,2026-05-23,2026-05-23 21:00,New York Knicks,Cleveland Cavaliers,New York Knicks,Landry Shamet,PRA,3.5,Sobre,1.38,dom_alt,
Cleveland Cavaliers - New York Knicks,Winner Of Ec Sf2 Winner Of Ec Sf1,2026-05-23,2026-05-23 21:00,New York Knicks,Cleveland Cavaliers,New York Knicks,Landry Shamet,PRA,3.5,Debajo,2.48,dom_alt,
Cleveland Cavaliers - New York Knicks,Winner Of Ec Sf2 Winner Of Ec Sf1,2026-05-23,2026-05-23 21:00,New York Knicks,Cleveland Cavaliers,New York Knicks,Landry Shamet,PRA,7.5,Sobre,2.18,dom_alt,
Cleveland Cavaliers - New York Knicks,Winner Of Ec Sf2 Winner Of Ec Sf1,2026-05-23,2026-05-23 21:00,New York Knicks,Cleveland Cavaliers,New York Knicks,Landry Shamet,PRA,7.5,Debajo,1.50,dom_alt,
Cleveland Cavaliers - New York Knicks,Winner Of Ec Sf2 Winner Of Ec Sf1,2026-05-23,2026-05-23 21:00,New York Knicks,Cleveland Cavaliers,New York Knicks,Landry Shamet,PRA,8.5,Sobre,2.56,dom_alt,
Cleveland Cavaliers - New York Knicks,Winner Of Ec Sf2 Winner Of Ec Sf1,2026-05-23,2026-05-23 21:00,New York Knicks,Cleveland Cavaliers,New York Knicks,Landry Shamet,PRA,8.5,Debajo,1.36,dom_alt,
Cleveland Cavaliers - New York Knicks,Winner Of Ec Sf2 Winner Of Ec Sf1,2026-05-23,2026-05-23 21:00,New York Knicks,Cleveland Cavaliers,New York Knicks,Landry Shamet,Asistencias+Rebotes,1.5,Sobre,1.70,dom,
Cleveland Cavaliers - New York Knicks,Winner Of Ec Sf2 Winner Of Ec Sf1,2026-05-23,2026-05-23 21:00,New York Knicks,Cleveland Cavaliers,New York Knicks,Landry Shamet,Asistencias+Rebotes,1.5,Debajo,1.99,dom,
Cleveland Cavaliers - New York Knicks,Winner Of Ec Sf2 Winner Of Ec Sf1,2026-05-23,2026-05-23 21:00,New York Knicks,Cleveland Cavaliers,New York Knicks,Landry Shamet,Robos+Tapones,0.5,Sobre,2.09,dom,
Cleveland Cavaliers - New York Knicks,Winner Of Ec Sf2 Winner Of Ec Sf1,2026-05-23,2026-05-23 21:00,New York Knicks,Cleveland Cavaliers,New York Knicks,Landry Shamet,Robos+Tapones,0.5,Debajo,1.64,dom,
Cleveland Cavaliers - New York Knicks,Winner Of Ec Sf2 Winner Of Ec Sf1,2026-05-23,2026-05-23 21:00,New York Knicks,Cleveland Cavaliers,New York Knicks,Landry Shamet,Asistencias,0.5,Sobre,1.95,dom,
Cleveland Cavaliers - New York Knicks,Winner Of Ec Sf2 Winner Of Ec Sf1,2026-05-23,2026-05-23 21:00,New York Knicks,Cleveland Cavaliers,New York Knicks,Landry Shamet,Asistencias,0.5,Debajo,1.73,dom,
Cleveland Cavaliers - New York Knicks,Winner Of Ec Sf2 Winner Of Ec Sf1,2026-05-23,2026-05-23 21:00,New York Knicks,Cleveland Cavaliers,New York Knicks,Landry Shamet,GolesCampoInt,3.5,Sobre,1.82,dom,
Cleveland Cavaliers - New York Knicks,Winner Of Ec Sf2 Winner Of Ec Sf1,2026-05-23,2026-05-23 21:00,New York Knicks,Cleveland Cavaliers,New York Knicks,Landry Shamet,GolesCampoInt,3.5,Debajo,1.85,dom,
Cleveland Cavaliers - New York Knicks,Winner Of Ec Sf2 Winner Of Ec Sf1,2026-05-23,2026-05-23 21:00,New York Knicks,Cleveland Cavaliers,New York Knicks,Landry Shamet,TriplesInt,2.5,Sobre,1.86,dom,
Cleveland Cavaliers - New York Knicks,Winner Of Ec Sf2 Winner Of Ec Sf1,2026-05-23,2026-05-23 21:00,New York Knicks,Cleveland Cavaliers,New York Knicks,Landry Shamet,TriplesInt,2.5,Debajo,1.81,dom,
Cleveland Cavaliers - New York Knicks,Winner Of Ec Sf2 Winner Of Ec Sf1,2026-05-23,2026-05-23 21:00,New York Knicks,Cleveland Cavaliers,New York Knicks,Karl-Anthony Towns,Puntos,16.5,Sobre,1.81,dom,
Cleveland Cavaliers - New York Knicks,Winner Of Ec Sf2 Winner Of Ec Sf1,2026-05-23,2026-05-23 21:00,New York Knicks,Cleveland Cavaliers,New York Knicks,Karl-Anthony Towns,Puntos,16.5,Debajo,1.86,dom,
Cleveland Cavaliers - New York Knicks,Winner Of Ec Sf2 Winner Of Ec Sf1,2026-05-23,2026-05-23 21:00,New York Knicks,Cleveland Cavaliers,New York Knicks,Karl-Anthony Towns,Puntos,17.5,Sobre,1.94,dom_alt,
Cleveland Cavaliers - New York Knicks,Winner Of Ec Sf2 Winner Of Ec Sf1,2026-05-23,2026-05-23 21:00,New York Knicks,Cleveland Cavaliers,New York Knicks,Karl-Anthony Towns,Puntos,17.5,Debajo,1.64,dom_alt,
Cleveland Cavaliers - New York Knicks,Winner Of Ec Sf2 Winner Of Ec Sf1,2026-05-23,2026-05-23 21:00,New York Knicks,Cleveland Cavaliers,New York Knicks,Karl-Anthony Towns,Puntos,14.5,Sobre,1.51,dom_alt,
Cleveland Cavaliers - New York Knicks,Winner Of Ec Sf2 Winner Of Ec Sf1,2026-05-23,2026-05-23 21:00,New York Knicks,Cleveland Cavaliers,New York Knicks,Karl-Anthony Towns,Puntos,14.5,Debajo,2.15,dom_alt,
Cleveland Cavaliers - New York Knicks,Winner Of Ec Sf2 Winner Of Ec Sf1,2026-05-23,2026-05-23 21:00,New York Knicks,Cleveland Cavaliers,New York Knicks,Karl-Anthony Towns,Puntos,18.5,Sobre,2.11,dom_alt,
Cleveland Cavaliers - New York Knicks,Winner Of Ec Sf2 Winner Of Ec Sf1,2026-05-23,2026-05-23 21:00,New York Knicks,Cleveland Cavaliers,New York Knicks,Karl-Anthony Towns,Puntos,18.5,Debajo,1.54,dom_alt,
Cleveland Cavaliers - New York Knicks,Winner Of Ec Sf2 Winner Of Ec Sf1,2026-05-23,2026-05-23 21:00,New York Knicks,Cleveland Cavaliers,New York Knicks,Karl-Anthony Towns,Puntos,13.5,Sobre,1.39,dom_alt,
Cleveland Cavaliers - New York Knicks,Winner Of Ec Sf2 Winner Of Ec Sf1,2026-05-23,2026-05-23 21:00,New York Knicks,Cleveland Cavaliers,New York Knicks,Karl-Anthony Towns,Puntos,13.5,Debajo,2.48,dom_alt,
Cleveland Cavaliers - New York Knicks,Winner Of Ec Sf2 Winner Of Ec Sf1,2026-05-23,2026-05-23 21:00,New York Knicks,Cleveland Cavaliers,New York Knicks,Karl-Anthony Towns,Puntos,19.5,Sobre,2.36,dom_alt,
Cleveland Cavaliers - New York Knicks,Winner Of Ec Sf2 Winner Of Ec Sf1,2026-05-23,2026-05-23 21:00,New York Knicks,Cleveland Cavaliers,New York Knicks,Karl-Anthony Towns,Puntos,19.5,Debajo,1.43,dom_alt,
Cleveland Cavaliers - New York Knicks,Winner Of Ec Sf2 Winner Of Ec Sf1,2026-05-23,2026-05-23 21:00,New York Knicks,Cleveland Cavaliers,New York Knicks,Karl-Anthony Towns,Puntos,12.5,Sobre,1.30,dom_alt,
Cleveland Cavaliers - New York Knicks,Winner Of Ec Sf2 Winner Of Ec Sf1,2026-05-23,2026-05-23 21:00,New York Knicks,Cleveland Cavaliers,New York Knicks,Karl-Anthony Towns,Puntos,12.5,Debajo,2.82,dom_alt,
Cleveland Cavaliers - New York Knicks,Winner Of Ec Sf2 Winner Of Ec Sf1,2026-05-23,2026-05-23 21:00,New York Knicks,Cleveland Cavaliers,New York Knicks,Karl-Anthony Towns,Puntos,20.5,Sobre,2.67,dom_alt,
Cleveland Cavaliers - New York Knicks,Winner Of Ec Sf2 Winner Of Ec Sf1,2026-05-23,2026-05-23 21:00,New York Knicks,Cleveland Cavaliers,New York Knicks,Karl-Anthony Towns,Puntos,20.5,Debajo,1.33,dom_alt,
Cleveland Cavaliers - New York Knicks,Winner Of Ec Sf2 Winner Of Ec Sf1,2026-05-23,2026-05-23 21:00,New York Knicks,Cleveland Cavaliers,New York Knicks,Karl-Anthony Towns,Rebotes,11.5,Sobre,1.86,dom,
Cleveland Cavaliers - New York Knicks,Winner Of Ec Sf2 Winner Of Ec Sf1,2026-05-23,2026-05-23 21:00,New York Knicks,Cleveland Cavaliers,New York Knicks,Karl-Anthony Towns,Rebotes,11.5,Debajo,1.81,dom,
Cleveland Cavaliers - New York Knicks,Winner Of Ec Sf2 Winner Of Ec Sf1,2026-05-23,2026-05-23 21:00,New York Knicks,Cleveland Cavaliers,New York Knicks,Karl-Anthony Towns,Rebotes,12.5,Sobre,2.05,dom_alt,
Cleveland Cavaliers - New York Knicks,Winner Of Ec Sf2 Winner Of Ec Sf1,2026-05-23,2026-05-23 21:00,New York Knicks,Cleveland Cavaliers,New York Knicks,Karl-Anthony Towns,Rebotes,12.5,Debajo,1.57,dom_alt,
Cleveland Cavaliers - New York Knicks,Winner Of Ec Sf2 Winner Of Ec Sf1,2026-05-23,2026-05-23 21:00,New York Knicks,Cleveland Cavaliers,New York Knicks,Karl-Anthony Towns,Rebotes,9.5,Sobre,1.38,dom_alt,
Cleveland Cavaliers - New York Knicks,Winner Of Ec Sf2 Winner Of Ec Sf1,2026-05-23,2026-05-23 21:00,New York Knicks,Cleveland Cavaliers,New York Knicks,Karl-Anthony Towns,Rebotes,9.5,Debajo,2.50,dom_alt,
Cleveland Cavaliers - New York Knicks,Winner Of Ec Sf2 Winner Of Ec Sf1,2026-05-23,2026-05-23 21:00,New York Knicks,Cleveland Cavaliers,New York Knicks,Karl-Anthony Towns,Rebotes,13.5,Sobre,2.53,dom_alt,
Cleveland Cavaliers - New York Knicks,Winner Of Ec Sf2 Winner Of Ec Sf1,2026-05-23,2026-05-23 21:00,New York Knicks,Cleveland Cavaliers,New York Knicks,Karl-Anthony Towns,Rebotes,13.5,Debajo,1.37,dom_alt,
Cleveland Cavaliers - New York Knicks,Winner Of Ec Sf2 Winner Of Ec Sf1,2026-05-23,2026-05-23 21:00,New York Knicks,Cleveland Cavaliers,New York Knicks,Karl-Anthony Towns,Triples,1.5,Sobre,2.12,dom,
Cleveland Cavaliers - New York Knicks,Winner Of Ec Sf2 Winner Of Ec Sf1,2026-05-23,2026-05-23 21:00,New York Knicks,Cleveland Cavaliers,New York Knicks,Karl-Anthony Towns,Triples,1.5,Debajo,1.62,dom,
Cleveland Cavaliers - New York Knicks,Winner Of Ec Sf2 Winner Of Ec Sf1,2026-05-23,2026-05-23 21:00,New York Knicks,Cleveland Cavaliers,New York Knicks,Karl-Anthony Towns,Tapones,0.5,Sobre,1.56,dom,
Cleveland Cavaliers - New York Knicks,Winner Of Ec Sf2 Winner Of Ec Sf1,2026-05-23,2026-05-23 21:00,New York Knicks,Cleveland Cavaliers,New York Knicks,Karl-Anthony Towns,Tapones,0.5,Debajo,2.22,dom,
Cleveland Cavaliers - New York Knicks,Winner Of Ec Sf2 Winner Of Ec Sf1,2026-05-23,2026-05-23 21:00,New York Knicks,Cleveland Cavaliers,New York Knicks,Karl-Anthony Towns,Pérdidas,2.5,Sobre,1.95,dom,
Cleveland Cavaliers - New York Knicks,Winner Of Ec Sf2 Winner Of Ec Sf1,2026-05-23,2026-05-23 21:00,New York Knicks,Cleveland Cavaliers,New York Knicks,Karl-Anthony Towns,Pérdidas,2.5,Debajo,1.74,dom,
Cleveland Cavaliers - New York Knicks,Winner Of Ec Sf2 Winner Of Ec Sf1,2026-05-23,2026-05-23 21:00,New York Knicks,Cleveland Cavaliers,New York Knicks,Karl-Anthony Towns,Puntos+Rebotes,28.5,Sobre,1.87,dom,
Cleveland Cavaliers - New York Knicks,Winner Of Ec Sf2 Winner Of Ec Sf1,2026-05-23,2026-05-23 21:00,New York Knicks,Cleveland Cavaliers,New York Knicks,Karl-Anthony Towns,Puntos+Rebotes,28.5,Debajo,1.81,dom,
Cleveland Cavaliers - New York Knicks,Winner Of Ec Sf2 Winner Of Ec Sf1,2026-05-23,2026-05-23 21:00,New York Knicks,Cleveland Cavaliers,New York Knicks,Karl-Anthony Towns,Puntos+Rebotes,29.5,Sobre,1.94,dom_alt,
Cleveland Cavaliers - New York Knicks,Winner Of Ec Sf2 Winner Of Ec Sf1,2026-05-23,2026-05-23 21:00,New York Knicks,Cleveland Cavaliers,New York Knicks,Karl-Anthony Towns,Puntos+Rebotes,29.5,Debajo,1.64,dom_alt,
Cleveland Cavaliers - New York Knicks,Winner Of Ec Sf2 Winner Of Ec Sf1,2026-05-23,2026-05-23 21:00,New York Knicks,Cleveland Cavaliers,New York Knicks,Karl-Anthony Towns,Puntos+Rebotes,26.5,Sobre,1.57,dom_alt,
Cleveland Cavaliers - New York Knicks,Winner Of Ec Sf2 Winner Of Ec Sf1,2026-05-23,2026-05-23 21:00,New York Knicks,Cleveland Cavaliers,New York Knicks,Karl-Anthony Towns,Puntos+Rebotes,26.5,Debajo,2.04,dom_alt,
Cleveland Cavaliers - New York Knicks,Winner Of Ec Sf2 Winner Of Ec Sf1,2026-05-23,2026-05-23 21:00,New York Knicks,Cleveland Cavaliers,New York Knicks,Karl-Anthony Towns,Puntos+Rebotes,30.5,Sobre,2.12,dom_alt,
Cleveland Cavaliers - New York Knicks,Winner Of Ec Sf2 Winner Of Ec Sf1,2026-05-23,2026-05-23 21:00,New York Knicks,Cleveland Cavaliers,New York Knicks,Karl-Anthony Towns,Puntos+Rebotes,30.5,Debajo,1.53,dom_alt,
Cleveland Cavaliers - New York Knicks,Winner Of Ec Sf2 Winner Of Ec Sf1,2026-05-23,2026-05-23 21:00,New York Knicks,Cleveland Cavaliers,New York Knicks,Karl-Anthony Towns,Puntos+Rebotes,25.5,Sobre,1.51,dom_alt,
Cleveland Cavaliers - New York Knicks,Winner Of Ec Sf2 Winner Of Ec Sf1,2026-05-23,2026-05-23 21:00,New York Knicks,Cleveland Cavaliers,New York Knicks,Karl-Anthony Towns,Puntos+Rebotes,25.5,Debajo,2.16,dom_alt,
Cleveland Cavaliers - New York Knicks,Winner Of Ec Sf2 Winner Of Ec Sf1,2026-05-23,2026-05-23 21:00,New York Knicks,Cleveland Cavaliers,New York Knicks,Karl-Anthony Towns,Puntos+Asistencias,20.5,Sobre,1.79,dom,
Cleveland Cavaliers - New York Knicks,Winner Of Ec Sf2 Winner Of Ec Sf1,2026-05-23,2026-05-23 21:00,New York Knicks,Cleveland Cavaliers,New York Knicks,Karl-Anthony Towns,Puntos+Asistencias,20.5,Debajo,1.88,dom,
Cleveland Cavaliers - New York Knicks,Winner Of Ec Sf2 Winner Of Ec Sf1,2026-05-23,2026-05-23 21:00,New York Knicks,Cleveland Cavaliers,New York Knicks,Karl-Anthony Towns,Puntos+Asistencias,21.5,Sobre,1.92,dom_alt,
Cleveland Cavaliers - New York Knicks,Winner Of Ec Sf2 Winner Of Ec Sf1,2026-05-23,2026-05-23 21:00,New York Knicks,Cleveland Cavaliers,New York Knicks,Karl-Anthony Towns,Puntos+Asistencias,21.5,Debajo,1.66,dom_alt,
Cleveland Cavaliers - New York Knicks,Winner Of Ec Sf2 Winner Of Ec Sf1,2026-05-23,2026-05-23 21:00,New York Knicks,Cleveland Cavaliers,New York Knicks,Karl-Anthony Towns,Puntos+Asistencias,18.5,Sobre,1.50,dom_alt,
Cleveland Cavaliers - New York Knicks,Winner Of Ec Sf2 Winner Of Ec Sf1,2026-05-23,2026-05-23 21:00,New York Knicks,Cleveland Cavaliers,New York Knicks,Karl-Anthony Towns,Puntos+Asistencias,18.5,Debajo,2.17,dom_alt,
Cleveland Cavaliers - New York Knicks,Winner Of Ec Sf2 Winner Of Ec Sf1,2026-05-23,2026-05-23 21:00,New York Knicks,Cleveland Cavaliers,New York Knicks,Karl-Anthony Towns,Puntos+Asistencias,22.5,Sobre,2.12,dom_alt,
Cleveland Cavaliers - New York Knicks,Winner Of Ec Sf2 Winner Of Ec Sf1,2026-05-23,2026-05-23 21:00,New York Knicks,Cleveland Cavaliers,New York Knicks,Karl-Anthony Towns,Puntos+Asistencias,22.5,Debajo,1.53,dom_alt,
Cleveland Cavaliers - New York Knicks,Winner Of Ec Sf2 Winner Of Ec Sf1,2026-05-23,2026-05-23 21:00,New York Knicks,Cleveland Cavaliers,New York Knicks,Karl-Anthony Towns,PRA,32.5,Sobre,1.83,dom,
Cleveland Cavaliers - New York Knicks,Winner Of Ec Sf2 Winner Of Ec Sf1,2026-05-23,2026-05-23 21:00,New York Knicks,Cleveland Cavaliers,New York Knicks,Karl-Anthony Towns,PRA,32.5,Debajo,1.84,dom,
Cleveland Cavaliers - New York Knicks,Winner Of Ec Sf2 Winner Of Ec Sf1,2026-05-23,2026-05-23 21:00,New York Knicks,Cleveland Cavaliers,New York Knicks,Karl-Anthony Towns,PRA,33.5,Sobre,1.92,dom_alt,
Cleveland Cavaliers - New York Knicks,Winner Of Ec Sf2 Winner Of Ec Sf1,2026-05-23,2026-05-23 21:00,New York Knicks,Cleveland Cavaliers,New York Knicks,Karl-Anthony Towns,PRA,33.5,Debajo,1.66,dom_alt,
Cleveland Cavaliers - New York Knicks,Winner Of Ec Sf2 Winner Of Ec Sf1,2026-05-23,2026-05-23 21:00,New York Knicks,Cleveland Cavaliers,New York Knicks,Karl-Anthony Towns,PRA,30.5,Sobre,1.56,dom_alt,
Cleveland Cavaliers - New York Knicks,Winner Of Ec Sf2 Winner Of Ec Sf1,2026-05-23,2026-05-23 21:00,New York Knicks,Cleveland Cavaliers,New York Knicks,Karl-Anthony Towns,PRA,30.5,Debajo,2.06,dom_alt,
Cleveland Cavaliers - New York Knicks,Winner Of Ec Sf2 Winner Of Ec Sf1,2026-05-23,2026-05-23 21:00,New York Knicks,Cleveland Cavaliers,New York Knicks,Karl-Anthony Towns,PRA,34.5,Sobre,2.06,dom_alt,
Cleveland Cavaliers - New York Knicks,Winner Of Ec Sf2 Winner Of Ec Sf1,2026-05-23,2026-05-23 21:00,New York Knicks,Cleveland Cavaliers,New York Knicks,Karl-Anthony Towns,PRA,34.5,Debajo,1.56,dom_alt,
Cleveland Cavaliers - New York Knicks,Winner Of Ec Sf2 Winner Of Ec Sf1,2026-05-23,2026-05-23 21:00,New York Knicks,Cleveland Cavaliers,New York Knicks,Karl-Anthony Towns,PRA,29.5,Sobre,1.51,dom_alt,
Cleveland Cavaliers - New York Knicks,Winner Of Ec Sf2 Winner Of Ec Sf1,2026-05-23,2026-05-23 21:00,New York Knicks,Cleveland Cavaliers,New York Knicks,Karl-Anthony Towns,PRA,29.5,Debajo,2.16,dom_alt,
Cleveland Cavaliers - New York Knicks,Winner Of Ec Sf2 Winner Of Ec Sf1,2026-05-23,2026-05-23 21:00,New York Knicks,Cleveland Cavaliers,New York Knicks,Karl-Anthony Towns,PRA,35.5,Sobre,2.13,dom_alt,
Cleveland Cavaliers - New York Knicks,Winner Of Ec Sf2 Winner Of Ec Sf1,2026-05-23,2026-05-23 21:00,New York Knicks,Cleveland Cavaliers,New York Knicks,Karl-Anthony Towns,PRA,35.5,Debajo,1.52,dom_alt,
Cleveland Cavaliers - New York Knicks,Winner Of Ec Sf2 Winner Of Ec Sf1,2026-05-23,2026-05-23 21:00,New York Knicks,Cleveland Cavaliers,New York Knicks,Karl-Anthony Towns,PRA,28.5,Sobre,1.42,dom_alt,
Cleveland Cavaliers - New York Knicks,Winner Of Ec Sf2 Winner Of Ec Sf1,2026-05-23,2026-05-23 21:00,New York Knicks,Cleveland Cavaliers,New York Knicks,Karl-Anthony Towns,PRA,28.5,Debajo,2.37,dom_alt,
Cleveland Cavaliers - New York Knicks,Winner Of Ec Sf2 Winner Of Ec Sf1,2026-05-23,2026-05-23 21:00,New York Knicks,Cleveland Cavaliers,New York Knicks,Karl-Anthony Towns,PRA,36.5,Sobre,2.33,dom_alt,
Cleveland Cavaliers - New York Knicks,Winner Of Ec Sf2 Winner Of Ec Sf1,2026-05-23,2026-05-23 21:00,New York Knicks,Cleveland Cavaliers,New York Knicks,Karl-Anthony Towns,PRA,36.5,Debajo,1.44,dom_alt,
Cleveland Cavaliers - New York Knicks,Winner Of Ec Sf2 Winner Of Ec Sf1,2026-05-23,2026-05-23 21:00,New York Knicks,Cleveland Cavaliers,New York Knicks,Karl-Anthony Towns,PRA,27.5,Sobre,1.35,dom_alt,
Cleveland Cavaliers - New York Knicks,Winner Of Ec Sf2 Winner Of Ec Sf1,2026-05-23,2026-05-23 21:00,New York Knicks,Cleveland Cavaliers,New York Knicks,Karl-Anthony Towns,PRA,27.5,Debajo,2.59,dom_alt,
Cleveland Cavaliers - New York Knicks,Winner Of Ec Sf2 Winner Of Ec Sf1,2026-05-23,2026-05-23 21:00,New York Knicks,Cleveland Cavaliers,New York Knicks,Karl-Anthony Towns,PRA,37.5,Sobre,2.54,dom_alt,
Cleveland Cavaliers - New York Knicks,Winner Of Ec Sf2 Winner Of Ec Sf1,2026-05-23,2026-05-23 21:00,New York Knicks,Cleveland Cavaliers,New York Knicks,Karl-Anthony Towns,PRA,37.5,Debajo,1.37,dom_alt,
Cleveland Cavaliers - New York Knicks,Winner Of Ec Sf2 Winner Of Ec Sf1,2026-05-23,2026-05-23 21:00,New York Knicks,Cleveland Cavaliers,New York Knicks,Karl-Anthony Towns,Asistencias+Rebotes,15.5,Sobre,1.81,dom,
Cleveland Cavaliers - New York Knicks,Winner Of Ec Sf2 Winner Of Ec Sf1,2026-05-23,2026-05-23 21:00,New York Knicks,Cleveland Cavaliers,New York Knicks,Karl-Anthony Towns,Asistencias+Rebotes,15.5,Debajo,1.86,dom,
Cleveland Cavaliers - New York Knicks,Winner Of Ec Sf2 Winner Of Ec Sf1,2026-05-23,2026-05-23 21:00,New York Knicks,Cleveland Cavaliers,New York Knicks,Karl-Anthony Towns,Asistencias+Rebotes,16.5,Sobre,2.02,dom_alt,
Cleveland Cavaliers - New York Knicks,Winner Of Ec Sf2 Winner Of Ec Sf1,2026-05-23,2026-05-23 21:00,New York Knicks,Cleveland Cavaliers,New York Knicks,Karl-Anthony Towns,Asistencias+Rebotes,16.5,Debajo,1.59,dom_alt,
Cleveland Cavaliers - New York Knicks,Winner Of Ec Sf2 Winner Of Ec Sf1,2026-05-23,2026-05-23 21:00,New York Knicks,Cleveland Cavaliers,New York Knicks,Karl-Anthony Towns,Robos+Tapones,1.5,Sobre,1.61,dom,
Cleveland Cavaliers - New York Knicks,Winner Of Ec Sf2 Winner Of Ec Sf1,2026-05-23,2026-05-23 21:00,New York Knicks,Cleveland Cavaliers,New York Knicks,Karl-Anthony Towns,Robos+Tapones,1.5,Debajo,2.13,dom,
Cleveland Cavaliers - New York Knicks,Winner Of Ec Sf2 Winner Of Ec Sf1,2026-05-23,2026-05-23 21:00,New York Knicks,Cleveland Cavaliers,New York Knicks,Karl-Anthony Towns,DobleDoble,0.5,Sobre,1.46,dom,
Cleveland Cavaliers - New York Knicks,Winner Of Ec Sf2 Winner Of Ec Sf1,2026-05-23,2026-05-23 21:00,New York Knicks,Cleveland Cavaliers,New York Knicks,Karl-Anthony Towns,DobleDoble,0.5,Debajo,2.47,dom,
Cleveland Cavaliers - New York Knicks,Winner Of Ec Sf2 Winner Of Ec Sf1,2026-05-23,2026-05-23 21:00,New York Knicks,Cleveland Cavaliers,New York Knicks,Karl-Anthony Towns,Asistencias,3.5,Sobre,1.59,dom,
Cleveland Cavaliers - New York Knicks,Winner Of Ec Sf2 Winner Of Ec Sf1,2026-05-23,2026-05-23 21:00,New York Knicks,Cleveland Cavaliers,New York Knicks,Karl-Anthony Towns,Asistencias,3.5,Debajo,2.17,dom,
Cleveland Cavaliers - New York Knicks,Winner Of Ec Sf2 Winner Of Ec Sf1,2026-05-23,2026-05-23 21:00,New York Knicks,Cleveland Cavaliers,New York Knicks,Karl-Anthony Towns,PuntosPrimerCuarto,3.5,Sobre,1.85,dom,
Cleveland Cavaliers - New York Knicks,Winner Of Ec Sf2 Winner Of Ec Sf1,2026-05-23,2026-05-23 21:00,New York Knicks,Cleveland Cavaliers,New York Knicks,Karl-Anthony Towns,PuntosPrimerCuarto,3.5,Debajo,1.82,dom,
Cleveland Cavaliers - New York Knicks,Winner Of Ec Sf2 Winner Of Ec Sf1,2026-05-23,2026-05-23 21:00,New York Knicks,Cleveland Cavaliers,New York Knicks,Karl-Anthony Towns,RebotesPrimerCuarto,2.5,Sobre,1.71,dom,
Cleveland Cavaliers - New York Knicks,Winner Of Ec Sf2 Winner Of Ec Sf1,2026-05-23,2026-05-23 21:00,New York Knicks,Cleveland Cavaliers,New York Knicks,Karl-Anthony Towns,RebotesPrimerCuarto,2.5,Debajo,1.98,dom,
Cleveland Cavaliers - New York Knicks,Winner Of Ec Sf2 Winner Of Ec Sf1,2026-05-23,2026-05-23 21:00,New York Knicks,Cleveland Cavaliers,New York Knicks,Karl-Anthony Towns,TirosLibres,3.5,Sobre,1.76,dom,
Cleveland Cavaliers - New York Knicks,Winner Of Ec Sf2 Winner Of Ec Sf1,2026-05-23,2026-05-23 21:00,New York Knicks,Cleveland Cavaliers,New York Knicks,Karl-Anthony Towns,TirosLibres,3.5,Debajo,1.92,dom,
Cleveland Cavaliers - New York Knicks,Winner Of Ec Sf2 Winner Of Ec Sf1,2026-05-23,2026-05-23 21:00,New York Knicks,Cleveland Cavaliers,New York Knicks,Karl-Anthony Towns,TirosLibresInt,4.5,Sobre,2.00,dom,
Cleveland Cavaliers - New York Knicks,Winner Of Ec Sf2 Winner Of Ec Sf1,2026-05-23,2026-05-23 21:00,New York Knicks,Cleveland Cavaliers,New York Knicks,Karl-Anthony Towns,TirosLibresInt,4.5,Debajo,1.69,dom,
Cleveland Cavaliers - New York Knicks,Winner Of Ec Sf2 Winner Of Ec Sf1,2026-05-23,2026-05-23 21:00,New York Knicks,Cleveland Cavaliers,New York Knicks,Karl-Anthony Towns,GolesCampo,5.5,Sobre,1.80,dom,
Cleveland Cavaliers - New York Knicks,Winner Of Ec Sf2 Winner Of Ec Sf1,2026-05-23,2026-05-23 21:00,New York Knicks,Cleveland Cavaliers,New York Knicks,Karl-Anthony Towns,GolesCampo,5.5,Debajo,1.88,dom,
Cleveland Cavaliers - New York Knicks,Winner Of Ec Sf2 Winner Of Ec Sf1,2026-05-23,2026-05-23 21:00,New York Knicks,Cleveland Cavaliers,New York Knicks,Karl-Anthony Towns,GolesCampoInt,11.5,Sobre,1.75,dom,
Cleveland Cavaliers - New York Knicks,Winner Of Ec Sf2 Winner Of Ec Sf1,2026-05-23,2026-05-23 21:00,New York Knicks,Cleveland Cavaliers,New York Knicks,Karl-Anthony Towns,GolesCampoInt,11.5,Debajo,1.93,dom,
Cleveland Cavaliers - New York Knicks,Winner Of Ec Sf2 Winner Of Ec Sf1,2026-05-23,2026-05-23 21:00,New York Knicks,Cleveland Cavaliers,New York Knicks,Karl-Anthony Towns,TriplesInt,3.5,Sobre,1.61,dom,
Cleveland Cavaliers - New York Knicks,Winner Of Ec Sf2 Winner Of Ec Sf1,2026-05-23,2026-05-23 21:00,New York Knicks,Cleveland Cavaliers,New York Knicks,Karl-Anthony Towns,TriplesInt,3.5,Debajo,2.14,dom,
San Antonio Spurs - Oklahoma City Thunder,Winner Of Wc Sf2 Winner Of Wc Sf1,2026-05-24,2026-05-24 21:00,Oklahoma City Thunder,San Antonio Spurs,San Antonio Spurs,Stephon Castle,Puntos,17.5,Sobre,1.95,dom,
San Antonio Spurs - Oklahoma City Thunder,Winner Of Wc Sf2 Winner Of Wc Sf1,2026-05-24,2026-05-24 21:00,Oklahoma City Thunder,San Antonio Spurs,San Antonio Spurs,Stephon Castle,Puntos,17.5,Debajo,1.73,dom,
San Antonio Spurs - Oklahoma City Thunder,Winner Of Wc Sf2 Winner Of Wc Sf1,2026-05-24,2026-05-24 21:00,Oklahoma City Thunder,San Antonio Spurs,San Antonio Spurs,Stephon Castle,Puntos,18.5,Sobre,2.09,dom_alt,
San Antonio Spurs - Oklahoma City Thunder,Winner Of Wc Sf2 Winner Of Wc Sf1,2026-05-24,2026-05-24 21:00,Oklahoma City Thunder,San Antonio Spurs,San Antonio Spurs,Stephon Castle,Puntos,18.5,Debajo,1.55,dom_alt,
San Antonio Spurs - Oklahoma City Thunder,Winner Of Wc Sf2 Winner Of Wc Sf1,2026-05-24,2026-05-24 21:00,Oklahoma City Thunder,San Antonio Spurs,San Antonio Spurs,Stephon Castle,Puntos,15.5,Sobre,1.54,dom_alt,
San Antonio Spurs - Oklahoma City Thunder,Winner Of Wc Sf2 Winner Of Wc Sf1,2026-05-24,2026-05-24 21:00,Oklahoma City Thunder,San Antonio Spurs,San Antonio Spurs,Stephon Castle,Puntos,15.5,Debajo,2.11,dom_alt,
San Antonio Spurs - Oklahoma City Thunder,Winner Of Wc Sf2 Winner Of Wc Sf1,2026-05-24,2026-05-24 21:00,Oklahoma City Thunder,San Antonio Spurs,San Antonio Spurs,Stephon Castle,Puntos,19.5,Sobre,2.26,dom_alt,
San Antonio Spurs - Oklahoma City Thunder,Winner Of Wc Sf2 Winner Of Wc Sf1,2026-05-24,2026-05-24 21:00,Oklahoma City Thunder,San Antonio Spurs,San Antonio Spurs,Stephon Castle,Puntos,19.5,Debajo,1.47,dom_alt,
San Antonio Spurs - Oklahoma City Thunder,Winner Of Wc Sf2 Winner Of Wc Sf1,2026-05-24,2026-05-24 21:00,Oklahoma City Thunder,San Antonio Spurs,San Antonio Spurs,Stephon Castle,Puntos,14.5,Sobre,1.45,dom_alt,
San Antonio Spurs - Oklahoma City Thunder,Winner Of Wc Sf2 Winner Of Wc Sf1,2026-05-24,2026-05-24 21:00,Oklahoma City Thunder,San Antonio Spurs,San Antonio Spurs,Stephon Castle,Puntos,14.5,Debajo,2.29,dom_alt,
San Antonio Spurs - Oklahoma City Thunder,Winner Of Wc Sf2 Winner Of Wc Sf1,2026-05-24,2026-05-24 21:00,Oklahoma City Thunder,San Antonio Spurs,San Antonio Spurs,Stephon Castle,Puntos,20.5,Sobre,2.56,dom_alt,
San Antonio Spurs - Oklahoma City Thunder,Winner Of Wc Sf2 Winner Of Wc Sf1,2026-05-24,2026-05-24 21:00,Oklahoma City Thunder,San Antonio Spurs,San Antonio Spurs,Stephon Castle,Puntos,20.5,Debajo,1.36,dom_alt,
San Antonio Spurs - Oklahoma City Thunder,Winner Of Wc Sf2 Winner Of Wc Sf1,2026-05-24,2026-05-24 21:00,Oklahoma City Thunder,San Antonio Spurs,San Antonio Spurs,Stephon Castle,Puntos,13.5,Sobre,1.35,dom_alt,
San Antonio Spurs - Oklahoma City Thunder,Winner Of Wc Sf2 Winner Of Wc Sf1,2026-05-24,2026-05-24 21:00,Oklahoma City Thunder,San Antonio Spurs,San Antonio Spurs,Stephon Castle,Puntos,13.5,Debajo,2.62,dom_alt,
San Antonio Spurs - Oklahoma City Thunder,Winner Of Wc Sf2 Winner Of Wc Sf1,2026-05-24,2026-05-24 21:00,Oklahoma City Thunder,San Antonio Spurs,San Antonio Spurs,Stephon Castle,Puntos,21.5,Sobre,2.92,dom_alt,
San Antonio Spurs - Oklahoma City Thunder,Winner Of Wc Sf2 Winner Of Wc Sf1,2026-05-24,2026-05-24 21:00,Oklahoma City Thunder,San Antonio Spurs,San Antonio Spurs,Stephon Castle,Puntos,21.5,Debajo,1.28,dom_alt,
San Antonio Spurs - Oklahoma City Thunder,Winner Of Wc Sf2 Winner Of Wc Sf1,2026-05-24,2026-05-24 21:00,Oklahoma City Thunder,San Antonio Spurs,San Antonio Spurs,Stephon Castle,Rebotes,5.5,Sobre,1.75,dom,
San Antonio Spurs - Oklahoma City Thunder,Winner Of Wc Sf2 Winner Of Wc Sf1,2026-05-24,2026-05-24 21:00,Oklahoma City Thunder,San Antonio Spurs,San Antonio Spurs,Stephon Castle,Rebotes,5.5,Debajo,1.93,dom,
San Antonio Spurs - Oklahoma City Thunder,Winner Of Wc Sf2 Winner Of Wc Sf1,2026-05-24,2026-05-24 21:00,Oklahoma City Thunder,San Antonio Spurs,San Antonio Spurs,Stephon Castle,Rebotes,6.5,Sobre,2.15,dom_alt,
San Antonio Spurs - Oklahoma City Thunder,Winner Of Wc Sf2 Winner Of Wc Sf1,2026-05-24,2026-05-24 21:00,Oklahoma City Thunder,San Antonio Spurs,San Antonio Spurs,Stephon Castle,Rebotes,6.5,Debajo,1.52,dom_alt,
San Antonio Spurs - Oklahoma City Thunder,Winner Of Wc Sf2 Winner Of Wc Sf1,2026-05-24,2026-05-24 21:00,Oklahoma City Thunder,San Antonio Spurs,San Antonio Spurs,Stephon Castle,Triples,1.5,Sobre,1.93,dom,
San Antonio Spurs - Oklahoma City Thunder,Winner Of Wc Sf2 Winner Of Wc Sf1,2026-05-24,2026-05-24 21:00,Oklahoma City Thunder,San Antonio Spurs,San Antonio Spurs,Stephon Castle,Triples,1.5,Debajo,1.75,dom,
San Antonio Spurs - Oklahoma City Thunder,Winner Of Wc Sf2 Winner Of Wc Sf1,2026-05-24,2026-05-24 21:00,Oklahoma City Thunder,San Antonio Spurs,San Antonio Spurs,Stephon Castle,Pérdidas,3.5,Sobre,1.94,dom,
San Antonio Spurs - Oklahoma City Thunder,Winner Of Wc Sf2 Winner Of Wc Sf1,2026-05-24,2026-05-24 21:00,Oklahoma City Thunder,San Antonio Spurs,San Antonio Spurs,Stephon Castle,Pérdidas,3.5,Debajo,1.74,dom,
San Antonio Spurs - Oklahoma City Thunder,Winner Of Wc Sf2 Winner Of Wc Sf1,2026-05-24,2026-05-24 21:00,Oklahoma City Thunder,San Antonio Spurs,San Antonio Spurs,Stephon Castle,Puntos+Rebotes,23.5,Sobre,1.92,dom,
San Antonio Spurs - Oklahoma City Thunder,Winner Of Wc Sf2 Winner Of Wc Sf1,2026-05-24,2026-05-24 21:00,Oklahoma City Thunder,San Antonio Spurs,San Antonio Spurs,Stephon Castle,Puntos+Rebotes,23.5,Debajo,1.76,dom,
San Antonio Spurs - Oklahoma City Thunder,Winner Of Wc Sf2 Winner Of Wc Sf1,2026-05-24,2026-05-24 21:00,Oklahoma City Thunder,San Antonio Spurs,San Antonio Spurs,Stephon Castle,Puntos+Rebotes,24.5,Sobre,2.04,dom_alt,
San Antonio Spurs - Oklahoma City Thunder,Winner Of Wc Sf2 Winner Of Wc Sf1,2026-05-24,2026-05-24 21:00,Oklahoma City Thunder,San Antonio Spurs,San Antonio Spurs,Stephon Castle,Puntos+Rebotes,24.5,Debajo,1.58,dom_alt,
San Antonio Spurs - Oklahoma City Thunder,Winner Of Wc Sf2 Winner Of Wc Sf1,2026-05-24,2026-05-24 21:00,Oklahoma City Thunder,San Antonio Spurs,San Antonio Spurs,Stephon Castle,Puntos+Rebotes,21.5,Sobre,1.59,dom_alt,
San Antonio Spurs - Oklahoma City Thunder,Winner Of Wc Sf2 Winner Of Wc Sf1,2026-05-24,2026-05-24 21:00,Oklahoma City Thunder,San Antonio Spurs,San Antonio Spurs,Stephon Castle,Puntos+Rebotes,21.5,Debajo,2.02,dom_alt,
San Antonio Spurs - Oklahoma City Thunder,Winner Of Wc Sf2 Winner Of Wc Sf1,2026-05-24,2026-05-24 21:00,Oklahoma City Thunder,San Antonio Spurs,San Antonio Spurs,Stephon Castle,Puntos+Rebotes,20.5,Sobre,1.51,dom_alt,
San Antonio Spurs - Oklahoma City Thunder,Winner Of Wc Sf2 Winner Of Wc Sf1,2026-05-24,2026-05-24 21:00,Oklahoma City Thunder,San Antonio Spurs,San Antonio Spurs,Stephon Castle,Puntos+Rebotes,20.5,Debajo,2.17,dom_alt,
San Antonio Spurs - Oklahoma City Thunder,Winner Of Wc Sf2 Winner Of Wc Sf1,2026-05-24,2026-05-24 21:00,Oklahoma City Thunder,San Antonio Spurs,San Antonio Spurs,Stephon Castle,Puntos+Asistencias,24.5,Sobre,1.89,dom,
San Antonio Spurs - Oklahoma City Thunder,Winner Of Wc Sf2 Winner Of Wc Sf1,2026-05-24,2026-05-24 21:00,Oklahoma City Thunder,San Antonio Spurs,San Antonio Spurs,Stephon Castle,Puntos+Asistencias,24.5,Debajo,1.78,dom,
San Antonio Spurs - Oklahoma City Thunder,Winner Of Wc Sf2 Winner Of Wc Sf1,2026-05-24,2026-05-24 21:00,Oklahoma City Thunder,San Antonio Spurs,San Antonio Spurs,Stephon Castle,Puntos+Asistencias,25.5,Sobre,2.01,dom_alt,
San Antonio Spurs - Oklahoma City Thunder,Winner Of Wc Sf2 Winner Of Wc Sf1,2026-05-24,2026-05-24 21:00,Oklahoma City Thunder,San Antonio Spurs,San Antonio Spurs,Stephon Castle,Puntos+Asistencias,25.5,Debajo,1.60,dom_alt,
San Antonio Spurs - Oklahoma City Thunder,Winner Of Wc Sf2 Winner Of Wc Sf1,2026-05-24,2026-05-24 21:00,Oklahoma City Thunder,San Antonio Spurs,San Antonio Spurs,Stephon Castle,Puntos+Asistencias,22.5,Sobre,1.54,dom_alt,
San Antonio Spurs - Oklahoma City Thunder,Winner Of Wc Sf2 Winner Of Wc Sf1,2026-05-24,2026-05-24 21:00,Oklahoma City Thunder,San Antonio Spurs,San Antonio Spurs,Stephon Castle,Puntos+Asistencias,22.5,Debajo,2.10,dom_alt,
San Antonio Spurs - Oklahoma City Thunder,Winner Of Wc Sf2 Winner Of Wc Sf1,2026-05-24,2026-05-24 21:00,Oklahoma City Thunder,San Antonio Spurs,San Antonio Spurs,Stephon Castle,Puntos+Asistencias,26.5,Sobre,2.13,dom_alt,
San Antonio Spurs - Oklahoma City Thunder,Winner Of Wc Sf2 Winner Of Wc Sf1,2026-05-24,2026-05-24 21:00,Oklahoma City Thunder,San Antonio Spurs,San Antonio Spurs,Stephon Castle,Puntos+Asistencias,26.5,Debajo,1.53,dom_alt,
San Antonio Spurs - Oklahoma City Thunder,Winner Of Wc Sf2 Winner Of Wc Sf1,2026-05-24,2026-05-24 21:00,Oklahoma City Thunder,San Antonio Spurs,San Antonio Spurs,Stephon Castle,PRA,30.5,Sobre,1.89,dom,
San Antonio Spurs - Oklahoma City Thunder,Winner Of Wc Sf2 Winner Of Wc Sf1,2026-05-24,2026-05-24 21:00,Oklahoma City Thunder,San Antonio Spurs,San Antonio Spurs,Stephon Castle,PRA,30.5,Debajo,1.78,dom,
San Antonio Spurs - Oklahoma City Thunder,Winner Of Wc Sf2 Winner Of Wc Sf1,2026-05-24,2026-05-24 21:00,Oklahoma City Thunder,San Antonio Spurs,San Antonio Spurs,Stephon Castle,PRA,31.5,Sobre,1.97,dom_alt,
San Antonio Spurs - Oklahoma City Thunder,Winner Of Wc Sf2 Winner Of Wc Sf1,2026-05-24,2026-05-24 21:00,Oklahoma City Thunder,San Antonio Spurs,San Antonio Spurs,Stephon Castle,PRA,31.5,Debajo,1.62,dom_alt,
San Antonio Spurs - Oklahoma City Thunder,Winner Of Wc Sf2 Winner Of Wc Sf1,2026-05-24,2026-05-24 21:00,Oklahoma City Thunder,San Antonio Spurs,San Antonio Spurs,Stephon Castle,PRA,28.5,Sobre,1.58,dom_alt,
San Antonio Spurs - Oklahoma City Thunder,Winner Of Wc Sf2 Winner Of Wc Sf1,2026-05-24,2026-05-24 21:00,Oklahoma City Thunder,San Antonio Spurs,San Antonio Spurs,Stephon Castle,PRA,28.5,Debajo,2.03,dom_alt,
San Antonio Spurs - Oklahoma City Thunder,Winner Of Wc Sf2 Winner Of Wc Sf1,2026-05-24,2026-05-24 21:00,Oklahoma City Thunder,San Antonio Spurs,San Antonio Spurs,Stephon Castle,PRA,32.5,Sobre,2.08,dom_alt,
San Antonio Spurs - Oklahoma City Thunder,Winner Of Wc Sf2 Winner Of Wc Sf1,2026-05-24,2026-05-24 21:00,Oklahoma City Thunder,San Antonio Spurs,San Antonio Spurs,Stephon Castle,PRA,32.5,Debajo,1.55,dom_alt,
San Antonio Spurs - Oklahoma City Thunder,Winner Of Wc Sf2 Winner Of Wc Sf1,2026-05-24,2026-05-24 21:00,Oklahoma City Thunder,San Antonio Spurs,San Antonio Spurs,Stephon Castle,PRA,27.5,Sobre,1.51,dom_alt,
San Antonio Spurs - Oklahoma City Thunder,Winner Of Wc Sf2 Winner Of Wc Sf1,2026-05-24,2026-05-24 21:00,Oklahoma City Thunder,San Antonio Spurs,San Antonio Spurs,Stephon Castle,PRA,27.5,Debajo,2.17,dom_alt,
San Antonio Spurs - Oklahoma City Thunder,Winner Of Wc Sf2 Winner Of Wc Sf1,2026-05-24,2026-05-24 21:00,Oklahoma City Thunder,San Antonio Spurs,San Antonio Spurs,Stephon Castle,PRA,33.5,Sobre,2.32,dom_alt,
San Antonio Spurs - Oklahoma City Thunder,Winner Of Wc Sf2 Winner Of Wc Sf1,2026-05-24,2026-05-24 21:00,Oklahoma City Thunder,San Antonio Spurs,San Antonio Spurs,Stephon Castle,PRA,33.5,Debajo,1.44,dom_alt,
San Antonio Spurs - Oklahoma City Thunder,Winner Of Wc Sf2 Winner Of Wc Sf1,2026-05-24,2026-05-24 21:00,Oklahoma City Thunder,San Antonio Spurs,San Antonio Spurs,Stephon Castle,PRA,26.5,Sobre,1.41,dom_alt,
San Antonio Spurs - Oklahoma City Thunder,Winner Of Wc Sf2 Winner Of Wc Sf1,2026-05-24,2026-05-24 21:00,Oklahoma City Thunder,San Antonio Spurs,San Antonio Spurs,Stephon Castle,PRA,26.5,Debajo,2.40,dom_alt,
San Antonio Spurs - Oklahoma City Thunder,Winner Of Wc Sf2 Winner Of Wc Sf1,2026-05-24,2026-05-24 21:00,Oklahoma City Thunder,San Antonio Spurs,San Antonio Spurs,Stephon Castle,PRA,34.5,Sobre,2.60,dom_alt,
San Antonio Spurs - Oklahoma City Thunder,Winner Of Wc Sf2 Winner Of Wc Sf1,2026-05-24,2026-05-24 21:00,Oklahoma City Thunder,San Antonio Spurs,San Antonio Spurs,Stephon Castle,PRA,34.5,Debajo,1.35,dom_alt,
San Antonio Spurs - Oklahoma City Thunder,Winner Of Wc Sf2 Winner Of Wc Sf1,2026-05-24,2026-05-24 21:00,Oklahoma City Thunder,San Antonio Spurs,San Antonio Spurs,Stephon Castle,PRA,25.5,Sobre,1.33,dom_alt,
San Antonio Spurs - Oklahoma City Thunder,Winner Of Wc Sf2 Winner Of Wc Sf1,2026-05-24,2026-05-24 21:00,Oklahoma City Thunder,San Antonio Spurs,San Antonio Spurs,Stephon Castle,PRA,25.5,Debajo,2.67,dom_alt,
San Antonio Spurs - Oklahoma City Thunder,Winner Of Wc Sf2 Winner Of Wc Sf1,2026-05-24,2026-05-24 21:00,Oklahoma City Thunder,San Antonio Spurs,San Antonio Spurs,Stephon Castle,Asistencias+Rebotes,12.5,Sobre,1.77,dom,
San Antonio Spurs - Oklahoma City Thunder,Winner Of Wc Sf2 Winner Of Wc Sf1,2026-05-24,2026-05-24 21:00,Oklahoma City Thunder,San Antonio Spurs,San Antonio Spurs,Stephon Castle,Asistencias+Rebotes,12.5,Debajo,1.91,dom,
San Antonio Spurs - Oklahoma City Thunder,Winner Of Wc Sf2 Winner Of Wc Sf1,2026-05-24,2026-05-24 21:00,Oklahoma City Thunder,San Antonio Spurs,San Antonio Spurs,Stephon Castle,Asistencias+Rebotes,13.5,Sobre,2.05,dom_alt,
San Antonio Spurs - Oklahoma City Thunder,Winner Of Wc Sf2 Winner Of Wc Sf1,2026-05-24,2026-05-24 21:00,Oklahoma City Thunder,San Antonio Spurs,San Antonio Spurs,Stephon Castle,Asistencias+Rebotes,13.5,Debajo,1.57,dom_alt,
San Antonio Spurs - Oklahoma City Thunder,Winner Of Wc Sf2 Winner Of Wc Sf1,2026-05-24,2026-05-24 21:00,Oklahoma City Thunder,San Antonio Spurs,San Antonio Spurs,Stephon Castle,Robos+Tapones,1.5,Sobre,2.20,dom,
San Antonio Spurs - Oklahoma City Thunder,Winner Of Wc Sf2 Winner Of Wc Sf1,2026-05-24,2026-05-24 21:00,Oklahoma City Thunder,San Antonio Spurs,San Antonio Spurs,Stephon Castle,Robos+Tapones,1.5,Debajo,1.57,dom,
San Antonio Spurs - Oklahoma City Thunder,Winner Of Wc Sf2 Winner Of Wc Sf1,2026-05-24,2026-05-24 21:00,Oklahoma City Thunder,San Antonio Spurs,San Antonio Spurs,Stephon Castle,DobleDoble,0.5,Sobre,3.62,dom,
San Antonio Spurs - Oklahoma City Thunder,Winner Of Wc Sf2 Winner Of Wc Sf1,2026-05-24,2026-05-24 21:00,Oklahoma City Thunder,San Antonio Spurs,San Antonio Spurs,Stephon Castle,DobleDoble,0.5,Debajo,1.23,dom,
San Antonio Spurs - Oklahoma City Thunder,Winner Of Wc Sf2 Winner Of Wc Sf1,2026-05-24,2026-05-24 21:00,Oklahoma City Thunder,San Antonio Spurs,San Antonio Spurs,Stephon Castle,Asistencias,6.5,Sobre,1.68,dom,
San Antonio Spurs - Oklahoma City Thunder,Winner Of Wc Sf2 Winner Of Wc Sf1,2026-05-24,2026-05-24 21:00,Oklahoma City Thunder,San Antonio Spurs,San Antonio Spurs,Stephon Castle,Asistencias,6.5,Debajo,2.02,dom,
San Antonio Spurs - Oklahoma City Thunder,Winner Of Wc Sf2 Winner Of Wc Sf1,2026-05-24,2026-05-24 21:00,Oklahoma City Thunder,San Antonio Spurs,San Antonio Spurs,Stephon Castle,Asistencias,7.5,Sobre,2.06,dom_alt,
San Antonio Spurs - Oklahoma City Thunder,Winner Of Wc Sf2 Winner Of Wc Sf1,2026-05-24,2026-05-24 21:00,Oklahoma City Thunder,San Antonio Spurs,San Antonio Spurs,Stephon Castle,Asistencias,7.5,Debajo,1.56,dom_alt,
San Antonio Spurs - Oklahoma City Thunder,Winner Of Wc Sf2 Winner Of Wc Sf1,2026-05-24,2026-05-24 21:00,Oklahoma City Thunder,San Antonio Spurs,San Antonio Spurs,Stephon Castle,Asistencias,8.5,Sobre,2.68,dom_alt,
San Antonio Spurs - Oklahoma City Thunder,Winner Of Wc Sf2 Winner Of Wc Sf1,2026-05-24,2026-05-24 21:00,Oklahoma City Thunder,San Antonio Spurs,San Antonio Spurs,Stephon Castle,Asistencias,8.5,Debajo,1.33,dom_alt,
San Antonio Spurs - Oklahoma City Thunder,Winner Of Wc Sf2 Winner Of Wc Sf1,2026-05-24,2026-05-24 21:00,Oklahoma City Thunder,San Antonio Spurs,San Antonio Spurs,Stephon Castle,PuntosPrimerCuarto,3.5,Sobre,1.70,dom,
San Antonio Spurs - Oklahoma City Thunder,Winner Of Wc Sf2 Winner Of Wc Sf1,2026-05-24,2026-05-24 21:00,Oklahoma City Thunder,San Antonio Spurs,San Antonio Spurs,Stephon Castle,PuntosPrimerCuarto,3.5,Debajo,1.99,dom,
San Antonio Spurs - Oklahoma City Thunder,Winner Of Wc Sf2 Winner Of Wc Sf1,2026-05-24,2026-05-24 21:00,Oklahoma City Thunder,San Antonio Spurs,San Antonio Spurs,Stephon Castle,AsistenciasPrimerCuarto,1.5,Sobre,1.76,dom,
San Antonio Spurs - Oklahoma City Thunder,Winner Of Wc Sf2 Winner Of Wc Sf1,2026-05-24,2026-05-24 21:00,Oklahoma City Thunder,San Antonio Spurs,San Antonio Spurs,Stephon Castle,AsistenciasPrimerCuarto,1.5,Debajo,1.91,dom,
San Antonio Spurs - Oklahoma City Thunder,Winner Of Wc Sf2 Winner Of Wc Sf1,2026-05-24,2026-05-24 21:00,Oklahoma City Thunder,San Antonio Spurs,San Antonio Spurs,Stephon Castle,RebotesPrimerCuarto,1.5,Sobre,2.18,dom,
San Antonio Spurs - Oklahoma City Thunder,Winner Of Wc Sf2 Winner Of Wc Sf1,2026-05-24,2026-05-24 21:00,Oklahoma City Thunder,San Antonio Spurs,San Antonio Spurs,Stephon Castle,RebotesPrimerCuarto,1.5,Debajo,1.58,dom,
San Antonio Spurs - Oklahoma City Thunder,Winner Of Wc Sf2 Winner Of Wc Sf1,2026-05-24,2026-05-24 21:00,Oklahoma City Thunder,San Antonio Spurs,San Antonio Spurs,Stephon Castle,TirosLibres,4.5,Sobre,1.99,dom,
San Antonio Spurs - Oklahoma City Thunder,Winner Of Wc Sf2 Winner Of Wc Sf1,2026-05-24,2026-05-24 21:00,Oklahoma City Thunder,San Antonio Spurs,San Antonio Spurs,Stephon Castle,TirosLibres,4.5,Debajo,1.70,dom,
San Antonio Spurs - Oklahoma City Thunder,Winner Of Wc Sf2 Winner Of Wc Sf1,2026-05-24,2026-05-24 21:00,Oklahoma City Thunder,San Antonio Spurs,San Antonio Spurs,Stephon Castle,TirosLibresInt,5.5,Sobre,1.80,dom,
San Antonio Spurs - Oklahoma City Thunder,Winner Of Wc Sf2 Winner Of Wc Sf1,2026-05-24,2026-05-24 21:00,Oklahoma City Thunder,San Antonio Spurs,San Antonio Spurs,Stephon Castle,TirosLibresInt,5.5,Debajo,1.87,dom,
San Antonio Spurs - Oklahoma City Thunder,Winner Of Wc Sf2 Winner Of Wc Sf1,2026-05-24,2026-05-24 21:00,Oklahoma City Thunder,San Antonio Spurs,San Antonio Spurs,Stephon Castle,GolesCampo,5.5,Sobre,1.86,dom,
San Antonio Spurs - Oklahoma City Thunder,Winner Of Wc Sf2 Winner Of Wc Sf1,2026-05-24,2026-05-24 21:00,Oklahoma City Thunder,San Antonio Spurs,San Antonio Spurs,Stephon Castle,GolesCampo,5.5,Debajo,1.81,dom,
San Antonio Spurs - Oklahoma City Thunder,Winner Of Wc Sf2 Winner Of Wc Sf1,2026-05-24,2026-05-24 21:00,Oklahoma City Thunder,San Antonio Spurs,San Antonio Spurs,Stephon Castle,GolesCampoInt,12.5,Sobre,1.77,dom,
San Antonio Spurs - Oklahoma City Thunder,Winner Of Wc Sf2 Winner Of Wc Sf1,2026-05-24,2026-05-24 21:00,Oklahoma City Thunder,San Antonio Spurs,San Antonio Spurs,Stephon Castle,GolesCampoInt,12.5,Debajo,1.90,dom,
San Antonio Spurs - Oklahoma City Thunder,Winner Of Wc Sf2 Winner Of Wc Sf1,2026-05-24,2026-05-24 21:00,Oklahoma City Thunder,San Antonio Spurs,San Antonio Spurs,Stephon Castle,TriplesInt,4.5,Sobre,1.71,dom,
San Antonio Spurs - Oklahoma City Thunder,Winner Of Wc Sf2 Winner Of Wc Sf1,2026-05-24,2026-05-24 21:00,Oklahoma City Thunder,San Antonio Spurs,San Antonio Spurs,Stephon Castle,TriplesInt,4.5,Debajo,1.99,dom,
San Antonio Spurs - Oklahoma City Thunder,Winner Of Wc Sf2 Winner Of Wc Sf1,2026-05-24,2026-05-24 21:00,Oklahoma City Thunder,San Antonio Spurs,San Antonio Spurs,Stephon Castle,Faltas,3.5,Sobre,1.87,dom,
San Antonio Spurs - Oklahoma City Thunder,Winner Of Wc Sf2 Winner Of Wc Sf1,2026-05-24,2026-05-24 21:00,Oklahoma City Thunder,San Antonio Spurs,San Antonio Spurs,Stephon Castle,Faltas,3.5,Debajo,1.80,dom,
San Antonio Spurs - Oklahoma City Thunder,Winner Of Wc Sf2 Winner Of Wc Sf1,2026-05-24,2026-05-24 21:00,Oklahoma City Thunder,San Antonio Spurs,San Antonio Spurs,Julian Champagnie,Puntos,9.5,Sobre,1.76,dom,
San Antonio Spurs - Oklahoma City Thunder,Winner Of Wc Sf2 Winner Of Wc Sf1,2026-05-24,2026-05-24 21:00,Oklahoma City Thunder,San Antonio Spurs,San Antonio Spurs,Julian Champagnie,Puntos,9.5,Debajo,1.91,dom,
San Antonio Spurs - Oklahoma City Thunder,Winner Of Wc Sf2 Winner Of Wc Sf1,2026-05-24,2026-05-24 21:00,Oklahoma City Thunder,San Antonio Spurs,San Antonio Spurs,Julian Champagnie,Puntos,10.5,Sobre,1.92,dom_alt,
San Antonio Spurs - Oklahoma City Thunder,Winner Of Wc Sf2 Winner Of Wc Sf1,2026-05-24,2026-05-24 21:00,Oklahoma City Thunder,San Antonio Spurs,San Antonio Spurs,Julian Champagnie,Puntos,10.5,Debajo,1.66,dom_alt,
San Antonio Spurs - Oklahoma City Thunder,Winner Of Wc Sf2 Winner Of Wc Sf1,2026-05-24,2026-05-24 21:00,Oklahoma City Thunder,San Antonio Spurs,San Antonio Spurs,Julian Champagnie,Puntos,7.5,Sobre,1.39,dom_alt,
San Antonio Spurs - Oklahoma City Thunder,Winner Of Wc Sf2 Winner Of Wc Sf1,2026-05-24,2026-05-24 21:00,Oklahoma City Thunder,San Antonio Spurs,San Antonio Spurs,Julian Champagnie,Puntos,7.5,Debajo,2.47,dom_alt,
San Antonio Spurs - Oklahoma City Thunder,Winner Of Wc Sf2 Winner Of Wc Sf1,2026-05-24,2026-05-24 21:00,Oklahoma City Thunder,San Antonio Spurs,San Antonio Spurs,Julian Champagnie,Puntos,11.5,Sobre,2.14,dom_alt,
San Antonio Spurs - Oklahoma City Thunder,Winner Of Wc Sf2 Winner Of Wc Sf1,2026-05-24,2026-05-24 21:00,Oklahoma City Thunder,San Antonio Spurs,San Antonio Spurs,Julian Champagnie,Puntos,11.5,Debajo,1.52,dom_alt,
San Antonio Spurs - Oklahoma City Thunder,Winner Of Wc Sf2 Winner Of Wc Sf1,2026-05-24,2026-05-24 21:00,Oklahoma City Thunder,San Antonio Spurs,San Antonio Spurs,Julian Champagnie,Puntos,6.5,Sobre,1.30,dom_alt,
San Antonio Spurs - Oklahoma City Thunder,Winner Of Wc Sf2 Winner Of Wc Sf1,2026-05-24,2026-05-24 21:00,Oklahoma City Thunder,San Antonio Spurs,San Antonio Spurs,Julian Champagnie,Puntos,6.5,Debajo,2.80,dom_alt,
San Antonio Spurs - Oklahoma City Thunder,Winner Of Wc Sf2 Winner Of Wc Sf1,2026-05-24,2026-05-24 21:00,Oklahoma City Thunder,San Antonio Spurs,San Antonio Spurs,Julian Champagnie,Puntos,12.5,Sobre,2.47,dom_alt,
San Antonio Spurs - Oklahoma City Thunder,Winner Of Wc Sf2 Winner Of Wc Sf1,2026-05-24,2026-05-24 21:00,Oklahoma City Thunder,San Antonio Spurs,San Antonio Spurs,Julian Champagnie,Puntos,12.5,Debajo,1.39,dom_alt,
San Antonio Spurs - Oklahoma City Thunder,Winner Of Wc Sf2 Winner Of Wc Sf1,2026-05-24,2026-05-24 21:00,Oklahoma City Thunder,San Antonio Spurs,San Antonio Spurs,Julian Champagnie,Puntos,13.5,Sobre,2.88,dom_alt,
San Antonio Spurs - Oklahoma City Thunder,Winner Of Wc Sf2 Winner Of Wc Sf1,2026-05-24,2026-05-24 21:00,Oklahoma City Thunder,San Antonio Spurs,San Antonio Spurs,Julian Champagnie,Puntos,13.5,Debajo,1.29,dom_alt,
San Antonio Spurs - Oklahoma City Thunder,Winner Of Wc Sf2 Winner Of Wc Sf1,2026-05-24,2026-05-24 21:00,Oklahoma City Thunder,San Antonio Spurs,San Antonio Spurs,Julian Champagnie,Rebotes,5.5,Sobre,1.82,dom,
San Antonio Spurs - Oklahoma City Thunder,Winner Of Wc Sf2 Winner Of Wc Sf1,2026-05-24,2026-05-24 21:00,Oklahoma City Thunder,San Antonio Spurs,San Antonio Spurs,Julian Champagnie,Rebotes,5.5,Debajo,1.85,dom,
San Antonio Spurs - Oklahoma City Thunder,Winner Of Wc Sf2 Winner Of Wc Sf1,2026-05-24,2026-05-24 21:00,Oklahoma City Thunder,San Antonio Spurs,San Antonio Spurs,Julian Champagnie,Rebotes,6.5,Sobre,2.29,dom_alt,
San Antonio Spurs - Oklahoma City Thunder,Winner Of Wc Sf2 Winner Of Wc Sf1,2026-05-24,2026-05-24 21:00,Oklahoma City Thunder,San Antonio Spurs,San Antonio Spurs,Julian Champagnie,Rebotes,6.5,Debajo,1.45,dom_alt,
San Antonio Spurs - Oklahoma City Thunder,Winner Of Wc Sf2 Winner Of Wc Sf1,2026-05-24,2026-05-24 21:00,Oklahoma City Thunder,San Antonio Spurs,San Antonio Spurs,Julian Champagnie,Triples,2.5,Sobre,2.13,dom,
San Antonio Spurs - Oklahoma City Thunder,Winner Of Wc Sf2 Winner Of Wc Sf1,2026-05-24,2026-05-24 21:00,Oklahoma City Thunder,San Antonio Spurs,San Antonio Spurs,Julian Champagnie,Triples,2.5,Debajo,1.61,dom,
San Antonio Spurs - Oklahoma City Thunder,Winner Of Wc Sf2 Winner Of Wc Sf1,2026-05-24,2026-05-24 21:00,Oklahoma City Thunder,San Antonio Spurs,San Antonio Spurs,Julian Champagnie,Puntos+Rebotes,15.5,Sobre,1.81,dom,
San Antonio Spurs - Oklahoma City Thunder,Winner Of Wc Sf2 Winner Of Wc Sf1,2026-05-24,2026-05-24 21:00,Oklahoma City Thunder,San Antonio Spurs,San Antonio Spurs,Julian Champagnie,Puntos+Rebotes,15.5,Debajo,1.86,dom,
San Antonio Spurs - Oklahoma City Thunder,Winner Of Wc Sf2 Winner Of Wc Sf1,2026-05-24,2026-05-24 21:00,Oklahoma City Thunder,San Antonio Spurs,San Antonio Spurs,Julian Champagnie,Puntos+Rebotes,16.5,Sobre,1.95,dom_alt,
San Antonio Spurs - Oklahoma City Thunder,Winner Of Wc Sf2 Winner Of Wc Sf1,2026-05-24,2026-05-24 21:00,Oklahoma City Thunder,San Antonio Spurs,San Antonio Spurs,Julian Champagnie,Puntos+Rebotes,16.5,Debajo,1.64,dom_alt,
San Antonio Spurs - Oklahoma City Thunder,Winner Of Wc Sf2 Winner Of Wc Sf1,2026-05-24,2026-05-24 21:00,Oklahoma City Thunder,San Antonio Spurs,San Antonio Spurs,Julian Champagnie,Puntos+Rebotes,17.5,Sobre,2.13,dom_alt,
San Antonio Spurs - Oklahoma City Thunder,Winner Of Wc Sf2 Winner Of Wc Sf1,2026-05-24,2026-05-24 21:00,Oklahoma City Thunder,San Antonio Spurs,San Antonio Spurs,Julian Champagnie,Puntos+Rebotes,17.5,Debajo,1.52,dom_alt,
San Antonio Spurs - Oklahoma City Thunder,Winner Of Wc Sf2 Winner Of Wc Sf1,2026-05-24,2026-05-24 21:00,Oklahoma City Thunder,San Antonio Spurs,San Antonio Spurs,Julian Champagnie,Puntos+Asistencias,11.5,Sobre,1.82,dom,
San Antonio Spurs - Oklahoma City Thunder,Winner Of Wc Sf2 Winner Of Wc Sf1,2026-05-24,2026-05-24 21:00,Oklahoma City Thunder,San Antonio Spurs,San Antonio Spurs,Julian Champagnie,Puntos+Asistencias,11.5,Debajo,1.85,dom,
San Antonio Spurs - Oklahoma City Thunder,Winner Of Wc Sf2 Winner Of Wc Sf1,2026-05-24,2026-05-24 21:00,Oklahoma City Thunder,San Antonio Spurs,San Antonio Spurs,Julian Champagnie,Puntos+Asistencias,12.5,Sobre,2.00,dom_alt,
San Antonio Spurs - Oklahoma City Thunder,Winner Of Wc Sf2 Winner Of Wc Sf1,2026-05-24,2026-05-24 21:00,Oklahoma City Thunder,San Antonio Spurs,San Antonio Spurs,Julian Champagnie,Puntos+Asistencias,12.5,Debajo,1.60,dom_alt,
San Antonio Spurs - Oklahoma City Thunder,Winner Of Wc Sf2 Winner Of Wc Sf1,2026-05-24,2026-05-24 21:00,Oklahoma City Thunder,San Antonio Spurs,San Antonio Spurs,Julian Champagnie,PRA,17.5,Sobre,1.88,dom,
San Antonio Spurs - Oklahoma City Thunder,Winner Of Wc Sf2 Winner Of Wc Sf1,2026-05-24,2026-05-24 21:00,Oklahoma City Thunder,San Antonio Spurs,San Antonio Spurs,Julian Champagnie,PRA,17.5,Debajo,1.79,dom,
San Antonio Spurs - Oklahoma City Thunder,Winner Of Wc Sf2 Winner Of Wc Sf1,2026-05-24,2026-05-24 21:00,Oklahoma City Thunder,San Antonio Spurs,San Antonio Spurs,Julian Champagnie,PRA,18.5,Sobre,2.01,dom_alt,
San Antonio Spurs - Oklahoma City Thunder,Winner Of Wc Sf2 Winner Of Wc Sf1,2026-05-24,2026-05-24 21:00,Oklahoma City Thunder,San Antonio Spurs,San Antonio Spurs,Julian Champagnie,PRA,18.5,Debajo,1.59,dom_alt,
San Antonio Spurs - Oklahoma City Thunder,Winner Of Wc Sf2 Winner Of Wc Sf1,2026-05-24,2026-05-24 21:00,Oklahoma City Thunder,San Antonio Spurs,San Antonio Spurs,Julian Champagnie,PRA,15.5,Sobre,1.54,dom_alt,
San Antonio Spurs - Oklahoma City Thunder,Winner Of Wc Sf2 Winner Of Wc Sf1,2026-05-24,2026-05-24 21:00,Oklahoma City Thunder,San Antonio Spurs,San Antonio Spurs,Julian Champagnie,PRA,15.5,Debajo,2.10,dom_alt,
San Antonio Spurs - Oklahoma City Thunder,Winner Of Wc Sf2 Winner Of Wc Sf1,2026-05-24,2026-05-24 21:00,Oklahoma City Thunder,San Antonio Spurs,San Antonio Spurs,Julian Champagnie,PRA,19.5,Sobre,2.18,dom_alt,
San Antonio Spurs - Oklahoma City Thunder,Winner Of Wc Sf2 Winner Of Wc Sf1,2026-05-24,2026-05-24 21:00,Oklahoma City Thunder,San Antonio Spurs,San Antonio Spurs,Julian Champagnie,PRA,19.5,Debajo,1.50,dom_alt,
San Antonio Spurs - Oklahoma City Thunder,Winner Of Wc Sf2 Winner Of Wc Sf1,2026-05-24,2026-05-24 21:00,Oklahoma City Thunder,San Antonio Spurs,San Antonio Spurs,Julian Champagnie,PRA,14.5,Sobre,1.42,dom_alt,
San Antonio Spurs - Oklahoma City Thunder,Winner Of Wc Sf2 Winner Of Wc Sf1,2026-05-24,2026-05-24 21:00,Oklahoma City Thunder,San Antonio Spurs,San Antonio Spurs,Julian Champagnie,PRA,14.5,Debajo,2.38,dom_alt,
San Antonio Spurs - Oklahoma City Thunder,Winner Of Wc Sf2 Winner Of Wc Sf1,2026-05-24,2026-05-24 21:00,Oklahoma City Thunder,San Antonio Spurs,San Antonio Spurs,Julian Champagnie,PRA,20.5,Sobre,2.49,dom_alt,
San Antonio Spurs - Oklahoma City Thunder,Winner Of Wc Sf2 Winner Of Wc Sf1,2026-05-24,2026-05-24 21:00,Oklahoma City Thunder,San Antonio Spurs,San Antonio Spurs,Julian Champagnie,PRA,20.5,Debajo,1.38,dom_alt,
San Antonio Spurs - Oklahoma City Thunder,Winner Of Wc Sf2 Winner Of Wc Sf1,2026-05-24,2026-05-24 21:00,Oklahoma City Thunder,San Antonio Spurs,San Antonio Spurs,Julian Champagnie,PRA,13.5,Sobre,1.31,dom_alt,
San Antonio Spurs - Oklahoma City Thunder,Winner Of Wc Sf2 Winner Of Wc Sf1,2026-05-24,2026-05-24 21:00,Oklahoma City Thunder,San Antonio Spurs,San Antonio Spurs,Julian Champagnie,PRA,13.5,Debajo,2.78,dom_alt,
San Antonio Spurs - Oklahoma City Thunder,Winner Of Wc Sf2 Winner Of Wc Sf1,2026-05-24,2026-05-24 21:00,Oklahoma City Thunder,San Antonio Spurs,San Antonio Spurs,Julian Champagnie,Asistencias+Rebotes,7.5,Sobre,1.98,dom,
San Antonio Spurs - Oklahoma City Thunder,Winner Of Wc Sf2 Winner Of Wc Sf1,2026-05-24,2026-05-24 21:00,Oklahoma City Thunder,San Antonio Spurs,San Antonio Spurs,Julian Champagnie,Asistencias+Rebotes,7.5,Debajo,1.71,dom,
San Antonio Spurs - Oklahoma City Thunder,Winner Of Wc Sf2 Winner Of Wc Sf1,2026-05-24,2026-05-24 21:00,Oklahoma City Thunder,San Antonio Spurs,San Antonio Spurs,Julian Champagnie,Robos+Tapones,1.5,Sobre,2.11,dom,
San Antonio Spurs - Oklahoma City Thunder,Winner Of Wc Sf2 Winner Of Wc Sf1,2026-05-24,2026-05-24 21:00,Oklahoma City Thunder,San Antonio Spurs,San Antonio Spurs,Julian Champagnie,Robos+Tapones,1.5,Debajo,1.62,dom,
San Antonio Spurs - Oklahoma City Thunder,Winner Of Wc Sf2 Winner Of Wc Sf1,2026-05-24,2026-05-24 21:00,Oklahoma City Thunder,San Antonio Spurs,San Antonio Spurs,Julian Champagnie,Asistencias,1.5,Sobre,1.80,dom,
San Antonio Spurs - Oklahoma City Thunder,Winner Of Wc Sf2 Winner Of Wc Sf1,2026-05-24,2026-05-24 21:00,Oklahoma City Thunder,San Antonio Spurs,San Antonio Spurs,Julian Champagnie,Asistencias,1.5,Debajo,1.87,dom,
San Antonio Spurs - Oklahoma City Thunder,Winner Of Wc Sf2 Winner Of Wc Sf1,2026-05-24,2026-05-24 21:00,Oklahoma City Thunder,San Antonio Spurs,San Antonio Spurs,Julian Champagnie,PuntosPrimerCuarto,2.5,Sobre,1.86,dom,
San Antonio Spurs - Oklahoma City Thunder,Winner Of Wc Sf2 Winner Of Wc Sf1,2026-05-24,2026-05-24 21:00,Oklahoma City Thunder,San Antonio Spurs,San Antonio Spurs,Julian Champagnie,PuntosPrimerCuarto,2.5,Debajo,1.81,dom,
San Antonio Spurs - Oklahoma City Thunder,Winner Of Wc Sf2 Winner Of Wc Sf1,2026-05-24,2026-05-24 21:00,Oklahoma City Thunder,San Antonio Spurs,San Antonio Spurs,Julian Champagnie,PuntosPrimerCuarto,0.5,Sobre,1.53,dom_alt,
San Antonio Spurs - Oklahoma City Thunder,Winner Of Wc Sf2 Winner Of Wc Sf1,2026-05-24,2026-05-24 21:00,Oklahoma City Thunder,San Antonio Spurs,San Antonio Spurs,Julian Champagnie,PuntosPrimerCuarto,0.5,Debajo,2.13,dom_alt,
San Antonio Spurs - Oklahoma City Thunder,Winner Of Wc Sf2 Winner Of Wc Sf1,2026-05-24,2026-05-24 21:00,Oklahoma City Thunder,San Antonio Spurs,San Antonio Spurs,Julian Champagnie,RebotesPrimerCuarto,1.5,Sobre,2.13,dom,
San Antonio Spurs - Oklahoma City Thunder,Winner Of Wc Sf2 Winner Of Wc Sf1,2026-05-24,2026-05-24 21:00,Oklahoma City Thunder,San Antonio Spurs,San Antonio Spurs,Julian Champagnie,RebotesPrimerCuarto,1.5,Debajo,1.61,dom,
San Antonio Spurs - Oklahoma City Thunder,Winner Of Wc Sf2 Winner Of Wc Sf1,2026-05-24,2026-05-24 21:00,Oklahoma City Thunder,San Antonio Spurs,San Antonio Spurs,Julian Champagnie,TirosLibres,0.5,Sobre,1.99,dom,
San Antonio Spurs - Oklahoma City Thunder,Winner Of Wc Sf2 Winner Of Wc Sf1,2026-05-24,2026-05-24 21:00,Oklahoma City Thunder,San Antonio Spurs,San Antonio Spurs,Julian Champagnie,TirosLibres,0.5,Debajo,1.71,dom,
San Antonio Spurs - Oklahoma City Thunder,Winner Of Wc Sf2 Winner Of Wc Sf1,2026-05-24,2026-05-24 21:00,Oklahoma City Thunder,San Antonio Spurs,San Antonio Spurs,Julian Champagnie,TirosLibresInt,0.5,Sobre,1.94,dom,
San Antonio Spurs - Oklahoma City Thunder,Winner Of Wc Sf2 Winner Of Wc Sf1,2026-05-24,2026-05-24 21:00,Oklahoma City Thunder,San Antonio Spurs,San Antonio Spurs,Julian Champagnie,TirosLibresInt,0.5,Debajo,1.74,dom,
San Antonio Spurs - Oklahoma City Thunder,Winner Of Wc Sf2 Winner Of Wc Sf1,2026-05-24,2026-05-24 21:00,Oklahoma City Thunder,San Antonio Spurs,San Antonio Spurs,Julian Champagnie,GolesCampo,3.5,Sobre,2.05,dom,
San Antonio Spurs - Oklahoma City Thunder,Winner Of Wc Sf2 Winner Of Wc Sf1,2026-05-24,2026-05-24 21:00,Oklahoma City Thunder,San Antonio Spurs,San Antonio Spurs,Julian Champagnie,GolesCampo,3.5,Debajo,1.66,dom,
San Antonio Spurs - Oklahoma City Thunder,Winner Of Wc Sf2 Winner Of Wc Sf1,2026-05-24,2026-05-24 21:00,Oklahoma City Thunder,San Antonio Spurs,San Antonio Spurs,Julian Champagnie,GolesCampoInt,8.5,Sobre,1.86,dom,
San Antonio Spurs - Oklahoma City Thunder,Winner Of Wc Sf2 Winner Of Wc Sf1,2026-05-24,2026-05-24 21:00,Oklahoma City Thunder,San Antonio Spurs,San Antonio Spurs,Julian Champagnie,GolesCampoInt,8.5,Debajo,1.81,dom,
San Antonio Spurs - Oklahoma City Thunder,Winner Of Wc Sf2 Winner Of Wc Sf1,2026-05-24,2026-05-24 21:00,Oklahoma City Thunder,San Antonio Spurs,San Antonio Spurs,Julian Champagnie,TriplesInt,6.5,Sobre,1.84,dom,
San Antonio Spurs - Oklahoma City Thunder,Winner Of Wc Sf2 Winner Of Wc Sf1,2026-05-24,2026-05-24 21:00,Oklahoma City Thunder,San Antonio Spurs,San Antonio Spurs,Julian Champagnie,TriplesInt,6.5,Debajo,1.83,dom,
San Antonio Spurs - Oklahoma City Thunder,Winner Of Wc Sf2 Winner Of Wc Sf1,2026-05-24,2026-05-24 21:00,Oklahoma City Thunder,San Antonio Spurs,San Antonio Spurs,Julian Champagnie,Faltas,2.5,Sobre,1.85,dom,
San Antonio Spurs - Oklahoma City Thunder,Winner Of Wc Sf2 Winner Of Wc Sf1,2026-05-24,2026-05-24 21:00,Oklahoma City Thunder,San Antonio Spurs,San Antonio Spurs,Julian Champagnie,Faltas,2.5,Debajo,1.82,dom,
San Antonio Spurs - Oklahoma City Thunder,Winner Of Wc Sf2 Winner Of Wc Sf1,2026-05-24,2026-05-24 21:00,Oklahoma City Thunder,San Antonio Spurs,San Antonio Spurs,De'Aaron Fox,Puntos,14.5,Sobre,1.79,dom,
San Antonio Spurs - Oklahoma City Thunder,Winner Of Wc Sf2 Winner Of Wc Sf1,2026-05-24,2026-05-24 21:00,Oklahoma City Thunder,San Antonio Spurs,San Antonio Spurs,De'Aaron Fox,Puntos,14.5,Debajo,1.88,dom,
San Antonio Spurs - Oklahoma City Thunder,Winner Of Wc Sf2 Winner Of Wc Sf1,2026-05-24,2026-05-24 21:00,Oklahoma City Thunder,San Antonio Spurs,San Antonio Spurs,De'Aaron Fox,Puntos,15.5,Sobre,1.93,dom_alt,
San Antonio Spurs - Oklahoma City Thunder,Winner Of Wc Sf2 Winner Of Wc Sf1,2026-05-24,2026-05-24 21:00,Oklahoma City Thunder,San Antonio Spurs,San Antonio Spurs,De'Aaron Fox,Puntos,15.5,Debajo,1.64,dom_alt,
San Antonio Spurs - Oklahoma City Thunder,Winner Of Wc Sf2 Winner Of Wc Sf1,2026-05-24,2026-05-24 21:00,Oklahoma City Thunder,San Antonio Spurs,San Antonio Spurs,De'Aaron Fox,Puntos,12.5,Sobre,1.47,dom_alt,
San Antonio Spurs - Oklahoma City Thunder,Winner Of Wc Sf2 Winner Of Wc Sf1,2026-05-24,2026-05-24 21:00,Oklahoma City Thunder,San Antonio Spurs,San Antonio Spurs,De'Aaron Fox,Puntos,12.5,Debajo,2.26,dom_alt,
San Antonio Spurs - Oklahoma City Thunder,Winner Of Wc Sf2 Winner Of Wc Sf1,2026-05-24,2026-05-24 21:00,Oklahoma City Thunder,San Antonio Spurs,San Antonio Spurs,De'Aaron Fox,Puntos,16.5,Sobre,2.11,dom_alt,
San Antonio Spurs - Oklahoma City Thunder,Winner Of Wc Sf2 Winner Of Wc Sf1,2026-05-24,2026-05-24 21:00,Oklahoma City Thunder,San Antonio Spurs,San Antonio Spurs,De'Aaron Fox,Puntos,16.5,Debajo,1.54,dom_alt,
San Antonio Spurs - Oklahoma City Thunder,Winner Of Wc Sf2 Winner Of Wc Sf1,2026-05-24,2026-05-24 21:00,Oklahoma City Thunder,San Antonio Spurs,San Antonio Spurs,De'Aaron Fox,Puntos,11.5,Sobre,1.35,dom_alt,
San Antonio Spurs - Oklahoma City Thunder,Winner Of Wc Sf2 Winner Of Wc Sf1,2026-05-24,2026-05-24 21:00,Oklahoma City Thunder,San Antonio Spurs,San Antonio Spurs,De'Aaron Fox,Puntos,11.5,Debajo,2.61,dom_alt,
San Antonio Spurs - Oklahoma City Thunder,Winner Of Wc Sf2 Winner Of Wc Sf1,2026-05-24,2026-05-24 21:00,Oklahoma City Thunder,San Antonio Spurs,San Antonio Spurs,De'Aaron Fox,Puntos,17.5,Sobre,2.42,dom_alt,
San Antonio Spurs - Oklahoma City Thunder,Winner Of Wc Sf2 Winner Of Wc Sf1,2026-05-24,2026-05-24 21:00,Oklahoma City Thunder,San Antonio Spurs,San Antonio Spurs,De'Aaron Fox,Puntos,17.5,Debajo,1.41,dom_alt,
San Antonio Spurs - Oklahoma City Thunder,Winner Of Wc Sf2 Winner Of Wc Sf1,2026-05-24,2026-05-24 21:00,Oklahoma City Thunder,San Antonio Spurs,San Antonio Spurs,De'Aaron Fox,Puntos,18.5,Sobre,2.79,dom_alt,
San Antonio Spurs - Oklahoma City Thunder,Winner Of Wc Sf2 Winner Of Wc Sf1,2026-05-24,2026-05-24 21:00,Oklahoma City Thunder,San Antonio Spurs,San Antonio Spurs,De'Aaron Fox,Puntos,18.5,Debajo,1.30,dom_alt,
San Antonio Spurs - Oklahoma City Thunder,Winner Of Wc Sf2 Winner Of Wc Sf1,2026-05-24,2026-05-24 21:00,Oklahoma City Thunder,San Antonio Spurs,San Antonio Spurs,De'Aaron Fox,Rebotes,3.5,Sobre,1.79,dom,
San Antonio Spurs - Oklahoma City Thunder,Winner Of Wc Sf2 Winner Of Wc Sf1,2026-05-24,2026-05-24 21:00,Oklahoma City Thunder,San Antonio Spurs,San Antonio Spurs,De'Aaron Fox,Rebotes,3.5,Debajo,1.88,dom,
San Antonio Spurs - Oklahoma City Thunder,Winner Of Wc Sf2 Winner Of Wc Sf1,2026-05-24,2026-05-24 21:00,Oklahoma City Thunder,San Antonio Spurs,San Antonio Spurs,De'Aaron Fox,Rebotes,4.5,Sobre,2.46,dom_alt,
San Antonio Spurs - Oklahoma City Thunder,Winner Of Wc Sf2 Winner Of Wc Sf1,2026-05-24,2026-05-24 21:00,Oklahoma City Thunder,San Antonio Spurs,San Antonio Spurs,De'Aaron Fox,Rebotes,4.5,Debajo,1.39,dom_alt,
San Antonio Spurs - Oklahoma City Thunder,Winner Of Wc Sf2 Winner Of Wc Sf1,2026-05-24,2026-05-24 21:00,Oklahoma City Thunder,San Antonio Spurs,San Antonio Spurs,De'Aaron Fox,Triples,1.5,Sobre,1.91,dom,
San Antonio Spurs - Oklahoma City Thunder,Winner Of Wc Sf2 Winner Of Wc Sf1,2026-05-24,2026-05-24 21:00,Oklahoma City Thunder,San Antonio Spurs,San Antonio Spurs,De'Aaron Fox,Triples,1.5,Debajo,1.77,dom,
San Antonio Spurs - Oklahoma City Thunder,Winner Of Wc Sf2 Winner Of Wc Sf1,2026-05-24,2026-05-24 21:00,Oklahoma City Thunder,San Antonio Spurs,San Antonio Spurs,De'Aaron Fox,Pérdidas,2.5,Sobre,2.09,dom,
San Antonio Spurs - Oklahoma City Thunder,Winner Of Wc Sf2 Winner Of Wc Sf1,2026-05-24,2026-05-24 21:00,Oklahoma City Thunder,San Antonio Spurs,San Antonio Spurs,De'Aaron Fox,Pérdidas,2.5,Debajo,1.63,dom,
San Antonio Spurs - Oklahoma City Thunder,Winner Of Wc Sf2 Winner Of Wc Sf1,2026-05-24,2026-05-24 21:00,Oklahoma City Thunder,San Antonio Spurs,San Antonio Spurs,De'Aaron Fox,Puntos+Rebotes,18.5,Sobre,1.86,dom,
San Antonio Spurs - Oklahoma City Thunder,Winner Of Wc Sf2 Winner Of Wc Sf1,2026-05-24,2026-05-24 21:00,Oklahoma City Thunder,San Antonio Spurs,San Antonio Spurs,De'Aaron Fox,Puntos+Rebotes,18.5,Debajo,1.81,dom,
San Antonio Spurs - Oklahoma City Thunder,Winner Of Wc Sf2 Winner Of Wc Sf1,2026-05-24,2026-05-24 21:00,Oklahoma City Thunder,San Antonio Spurs,San Antonio Spurs,De'Aaron Fox,Puntos+Rebotes,19.5,Sobre,2.00,dom_alt,
San Antonio Spurs - Oklahoma City Thunder,Winner Of Wc Sf2 Winner Of Wc Sf1,2026-05-24,2026-05-24 21:00,Oklahoma City Thunder,San Antonio Spurs,San Antonio Spurs,De'Aaron Fox,Puntos+Rebotes,19.5,Debajo,1.60,dom_alt,
San Antonio Spurs - Oklahoma City Thunder,Winner Of Wc Sf2 Winner Of Wc Sf1,2026-05-24,2026-05-24 21:00,Oklahoma City Thunder,San Antonio Spurs,San Antonio Spurs,De'Aaron Fox,Puntos+Rebotes,16.5,Sobre,1.54,dom_alt,
San Antonio Spurs - Oklahoma City Thunder,Winner Of Wc Sf2 Winner Of Wc Sf1,2026-05-24,2026-05-24 21:00,Oklahoma City Thunder,San Antonio Spurs,San Antonio Spurs,De'Aaron Fox,Puntos+Rebotes,16.5,Debajo,2.10,dom_alt,
San Antonio Spurs - Oklahoma City Thunder,Winner Of Wc Sf2 Winner Of Wc Sf1,2026-05-24,2026-05-24 21:00,Oklahoma City Thunder,San Antonio Spurs,San Antonio Spurs,De'Aaron Fox,Puntos+Rebotes,20.5,Sobre,2.13,dom_alt,
San Antonio Spurs - Oklahoma City Thunder,Winner Of Wc Sf2 Winner Of Wc Sf1,2026-05-24,2026-05-24 21:00,Oklahoma City Thunder,San Antonio Spurs,San Antonio Spurs,De'Aaron Fox,Puntos+Rebotes,20.5,Debajo,1.52,dom_alt,
San Antonio Spurs - Oklahoma City Thunder,Winner Of Wc Sf2 Winner Of Wc Sf1,2026-05-24,2026-05-24 21:00,Oklahoma City Thunder,San Antonio Spurs,San Antonio Spurs,De'Aaron Fox,Puntos+Asistencias,19.5,Sobre,1.74,dom,
San Antonio Spurs - Oklahoma City Thunder,Winner Of Wc Sf2 Winner Of Wc Sf1,2026-05-24,2026-05-24 21:00,Oklahoma City Thunder,San Antonio Spurs,San Antonio Spurs,De'Aaron Fox,Puntos+Asistencias,19.5,Debajo,1.94,dom,
San Antonio Spurs - Oklahoma City Thunder,Winner Of Wc Sf2 Winner Of Wc Sf1,2026-05-24,2026-05-24 21:00,Oklahoma City Thunder,San Antonio Spurs,San Antonio Spurs,De'Aaron Fox,Puntos+Asistencias,20.5,Sobre,1.88,dom_alt,
San Antonio Spurs - Oklahoma City Thunder,Winner Of Wc Sf2 Winner Of Wc Sf1,2026-05-24,2026-05-24 21:00,Oklahoma City Thunder,San Antonio Spurs,San Antonio Spurs,De'Aaron Fox,Puntos+Asistencias,20.5,Debajo,1.69,dom_alt,
San Antonio Spurs - Oklahoma City Thunder,Winner Of Wc Sf2 Winner Of Wc Sf1,2026-05-24,2026-05-24 21:00,Oklahoma City Thunder,San Antonio Spurs,San Antonio Spurs,De'Aaron Fox,Puntos+Asistencias,21.5,Sobre,2.10,dom_alt,
San Antonio Spurs - Oklahoma City Thunder,Winner Of Wc Sf2 Winner Of Wc Sf1,2026-05-24,2026-05-24 21:00,Oklahoma City Thunder,San Antonio Spurs,San Antonio Spurs,De'Aaron Fox,Puntos+Asistencias,21.5,Debajo,1.54,dom_alt,
San Antonio Spurs - Oklahoma City Thunder,Winner Of Wc Sf2 Winner Of Wc Sf1,2026-05-24,2026-05-24 21:00,Oklahoma City Thunder,San Antonio Spurs,San Antonio Spurs,De'Aaron Fox,PRA,23.5,Sobre,1.82,dom,
San Antonio Spurs - Oklahoma City Thunder,Winner Of Wc Sf2 Winner Of Wc Sf1,2026-05-24,2026-05-24 21:00,Oklahoma City Thunder,San Antonio Spurs,San Antonio Spurs,De'Aaron Fox,PRA,23.5,Debajo,1.85,dom,
San Antonio Spurs - Oklahoma City Thunder,Winner Of Wc Sf2 Winner Of Wc Sf1,2026-05-24,2026-05-24 21:00,Oklahoma City Thunder,San Antonio Spurs,San Antonio Spurs,De'Aaron Fox,PRA,24.5,Sobre,1.91,dom_alt,
San Antonio Spurs - Oklahoma City Thunder,Winner Of Wc Sf2 Winner Of Wc Sf1,2026-05-24,2026-05-24 21:00,Oklahoma City Thunder,San Antonio Spurs,San Antonio Spurs,De'Aaron Fox,PRA,24.5,Debajo,1.66,dom_alt,
San Antonio Spurs - Oklahoma City Thunder,Winner Of Wc Sf2 Winner Of Wc Sf1,2026-05-24,2026-05-24 21:00,Oklahoma City Thunder,San Antonio Spurs,San Antonio Spurs,De'Aaron Fox,PRA,21.5,Sobre,1.53,dom_alt,
San Antonio Spurs - Oklahoma City Thunder,Winner Of Wc Sf2 Winner Of Wc Sf1,2026-05-24,2026-05-24 21:00,Oklahoma City Thunder,San Antonio Spurs,San Antonio Spurs,De'Aaron Fox,PRA,21.5,Debajo,2.12,dom_alt,
San Antonio Spurs - Oklahoma City Thunder,Winner Of Wc Sf2 Winner Of Wc Sf1,2026-05-24,2026-05-24 21:00,Oklahoma City Thunder,San Antonio Spurs,San Antonio Spurs,De'Aaron Fox,PRA,25.5,Sobre,2.04,dom_alt,
San Antonio Spurs - Oklahoma City Thunder,Winner Of Wc Sf2 Winner Of Wc Sf1,2026-05-24,2026-05-24 21:00,Oklahoma City Thunder,San Antonio Spurs,San Antonio Spurs,De'Aaron Fox,PRA,25.5,Debajo,1.57,dom_alt,
San Antonio Spurs - Oklahoma City Thunder,Winner Of Wc Sf2 Winner Of Wc Sf1,2026-05-24,2026-05-24 21:00,Oklahoma City Thunder,San Antonio Spurs,San Antonio Spurs,De'Aaron Fox,PRA,20.5,Sobre,1.41,dom_alt,
San Antonio Spurs - Oklahoma City Thunder,Winner Of Wc Sf2 Winner Of Wc Sf1,2026-05-24,2026-05-24 21:00,Oklahoma City Thunder,San Antonio Spurs,San Antonio Spurs,De'Aaron Fox,PRA,20.5,Debajo,2.40,dom_alt,
San Antonio Spurs - Oklahoma City Thunder,Winner Of Wc Sf2 Winner Of Wc Sf1,2026-05-24,2026-05-24 21:00,Oklahoma City Thunder,San Antonio Spurs,San Antonio Spurs,De'Aaron Fox,PRA,26.5,Sobre,2.26,dom_alt,
San Antonio Spurs - Oklahoma City Thunder,Winner Of Wc Sf2 Winner Of Wc Sf1,2026-05-24,2026-05-24 21:00,Oklahoma City Thunder,San Antonio Spurs,San Antonio Spurs,De'Aaron Fox,PRA,26.5,Debajo,1.47,dom_alt,
San Antonio Spurs - Oklahoma City Thunder,Winner Of Wc Sf2 Winner Of Wc Sf1,2026-05-24,2026-05-24 21:00,Oklahoma City Thunder,San Antonio Spurs,San Antonio Spurs,De'Aaron Fox,PRA,19.5,Sobre,1.32,dom_alt,
San Antonio Spurs - Oklahoma City Thunder,Winner Of Wc Sf2 Winner Of Wc Sf1,2026-05-24,2026-05-24 21:00,Oklahoma City Thunder,San Antonio Spurs,San Antonio Spurs,De'Aaron Fox,PRA,19.5,Debajo,2.74,dom_alt,
San Antonio Spurs - Oklahoma City Thunder,Winner Of Wc Sf2 Winner Of Wc Sf1,2026-05-24,2026-05-24 21:00,Oklahoma City Thunder,San Antonio Spurs,San Antonio Spurs,De'Aaron Fox,PRA,27.5,Sobre,2.55,dom_alt,
San Antonio Spurs - Oklahoma City Thunder,Winner Of Wc Sf2 Winner Of Wc Sf1,2026-05-24,2026-05-24 21:00,Oklahoma City Thunder,San Antonio Spurs,San Antonio Spurs,De'Aaron Fox,PRA,27.5,Debajo,1.37,dom_alt,
San Antonio Spurs - Oklahoma City Thunder,Winner Of Wc Sf2 Winner Of Wc Sf1,2026-05-24,2026-05-24 21:00,Oklahoma City Thunder,San Antonio Spurs,San Antonio Spurs,De'Aaron Fox,Asistencias+Rebotes,8.5,Sobre,1.75,dom,
San Antonio Spurs - Oklahoma City Thunder,Winner Of Wc Sf2 Winner Of Wc Sf1,2026-05-24,2026-05-24 21:00,Oklahoma City Thunder,San Antonio Spurs,San Antonio Spurs,De'Aaron Fox,Asistencias+Rebotes,8.5,Debajo,1.93,dom,
San Antonio Spurs - Oklahoma City Thunder,Winner Of Wc Sf2 Winner Of Wc Sf1,2026-05-24,2026-05-24 21:00,Oklahoma City Thunder,San Antonio Spurs,San Antonio Spurs,De'Aaron Fox,Asistencias,5.5,Sobre,2.16,dom,
San Antonio Spurs - Oklahoma City Thunder,Winner Of Wc Sf2 Winner Of Wc Sf1,2026-05-24,2026-05-24 21:00,Oklahoma City Thunder,San Antonio Spurs,San Antonio Spurs,De'Aaron Fox,Asistencias,5.5,Debajo,1.59,dom,
San Antonio Spurs - Oklahoma City Thunder,Winner Of Wc Sf2 Winner Of Wc Sf1,2026-05-24,2026-05-24 21:00,Oklahoma City Thunder,San Antonio Spurs,San Antonio Spurs,De'Aaron Fox,Asistencias,6.5,Sobre,2.73,dom_alt,
San Antonio Spurs - Oklahoma City Thunder,Winner Of Wc Sf2 Winner Of Wc Sf1,2026-05-24,2026-05-24 21:00,Oklahoma City Thunder,San Antonio Spurs,San Antonio Spurs,De'Aaron Fox,Asistencias,6.5,Debajo,1.32,dom_alt,
San Antonio Spurs - Oklahoma City Thunder,Winner Of Wc Sf2 Winner Of Wc Sf1,2026-05-24,2026-05-24 21:00,Oklahoma City Thunder,San Antonio Spurs,San Antonio Spurs,De'Aaron Fox,PuntosPrimerCuarto,3.5,Sobre,1.89,dom,
San Antonio Spurs - Oklahoma City Thunder,Winner Of Wc Sf2 Winner Of Wc Sf1,2026-05-24,2026-05-24 21:00,Oklahoma City Thunder,San Antonio Spurs,San Antonio Spurs,De'Aaron Fox,PuntosPrimerCuarto,3.5,Debajo,1.79,dom,
San Antonio Spurs - Oklahoma City Thunder,Winner Of Wc Sf2 Winner Of Wc Sf1,2026-05-24,2026-05-24 21:00,Oklahoma City Thunder,San Antonio Spurs,San Antonio Spurs,De'Aaron Fox,AsistenciasPrimerCuarto,1.5,Sobre,2.19,dom,
San Antonio Spurs - Oklahoma City Thunder,Winner Of Wc Sf2 Winner Of Wc Sf1,2026-05-24,2026-05-24 21:00,Oklahoma City Thunder,San Antonio Spurs,San Antonio Spurs,De'Aaron Fox,AsistenciasPrimerCuarto,1.5,Debajo,1.58,dom,
San Antonio Spurs - Oklahoma City Thunder,Winner Of Wc Sf2 Winner Of Wc Sf1,2026-05-24,2026-05-24 21:00,Oklahoma City Thunder,San Antonio Spurs,San Antonio Spurs,De'Aaron Fox,RebotesPrimerCuarto,0.5,Sobre,1.52,dom,
San Antonio Spurs - Oklahoma City Thunder,Winner Of Wc Sf2 Winner Of Wc Sf1,2026-05-24,2026-05-24 21:00,Oklahoma City Thunder,San Antonio Spurs,San Antonio Spurs,De'Aaron Fox,RebotesPrimerCuarto,0.5,Debajo,2.32,dom,
San Antonio Spurs - Oklahoma City Thunder,Winner Of Wc Sf2 Winner Of Wc Sf1,2026-05-24,2026-05-24 21:00,Oklahoma City Thunder,San Antonio Spurs,San Antonio Spurs,De'Aaron Fox,TirosLibres,2.5,Sobre,2.12,dom,
San Antonio Spurs - Oklahoma City Thunder,Winner Of Wc Sf2 Winner Of Wc Sf1,2026-05-24,2026-05-24 21:00,Oklahoma City Thunder,San Antonio Spurs,San Antonio Spurs,De'Aaron Fox,TirosLibres,2.5,Debajo,1.62,dom,
San Antonio Spurs - Oklahoma City Thunder,Winner Of Wc Sf2 Winner Of Wc Sf1,2026-05-24,2026-05-24 21:00,Oklahoma City Thunder,San Antonio Spurs,San Antonio Spurs,De'Aaron Fox,TirosLibresInt,3.5,Sobre,1.92,dom,
San Antonio Spurs - Oklahoma City Thunder,Winner Of Wc Sf2 Winner Of Wc Sf1,2026-05-24,2026-05-24 21:00,Oklahoma City Thunder,San Antonio Spurs,San Antonio Spurs,De'Aaron Fox,TirosLibresInt,3.5,Debajo,1.75,dom,
San Antonio Spurs - Oklahoma City Thunder,Winner Of Wc Sf2 Winner Of Wc Sf1,2026-05-24,2026-05-24 21:00,Oklahoma City Thunder,San Antonio Spurs,San Antonio Spurs,De'Aaron Fox,GolesCampo,5.5,Sobre,1.94,dom,
San Antonio Spurs - Oklahoma City Thunder,Winner Of Wc Sf2 Winner Of Wc Sf1,2026-05-24,2026-05-24 21:00,Oklahoma City Thunder,San Antonio Spurs,San Antonio Spurs,De'Aaron Fox,GolesCampo,5.5,Debajo,1.74,dom,
San Antonio Spurs - Oklahoma City Thunder,Winner Of Wc Sf2 Winner Of Wc Sf1,2026-05-24,2026-05-24 21:00,Oklahoma City Thunder,San Antonio Spurs,San Antonio Spurs,De'Aaron Fox,GolesCampoInt,13.5,Sobre,1.86,dom,
San Antonio Spurs - Oklahoma City Thunder,Winner Of Wc Sf2 Winner Of Wc Sf1,2026-05-24,2026-05-24 21:00,Oklahoma City Thunder,San Antonio Spurs,San Antonio Spurs,De'Aaron Fox,GolesCampoInt,13.5,Debajo,1.81,dom,
San Antonio Spurs - Oklahoma City Thunder,Winner Of Wc Sf2 Winner Of Wc Sf1,2026-05-24,2026-05-24 21:00,Oklahoma City Thunder,San Antonio Spurs,San Antonio Spurs,De'Aaron Fox,TriplesInt,4.5,Sobre,1.79,dom,
San Antonio Spurs - Oklahoma City Thunder,Winner Of Wc Sf2 Winner Of Wc Sf1,2026-05-24,2026-05-24 21:00,Oklahoma City Thunder,San Antonio Spurs,San Antonio Spurs,De'Aaron Fox,TriplesInt,4.5,Debajo,1.89,dom,
San Antonio Spurs - Oklahoma City Thunder,Winner Of Wc Sf2 Winner Of Wc Sf1,2026-05-24,2026-05-24 21:00,Oklahoma City Thunder,San Antonio Spurs,San Antonio Spurs,De'Aaron Fox,Faltas,2.5,Sobre,1.85,dom,
San Antonio Spurs - Oklahoma City Thunder,Winner Of Wc Sf2 Winner Of Wc Sf1,2026-05-24,2026-05-24 21:00,Oklahoma City Thunder,San Antonio Spurs,San Antonio Spurs,De'Aaron Fox,Faltas,2.5,Debajo,1.82,dom,
San Antonio Spurs - Oklahoma City Thunder,Winner Of Wc Sf2 Winner Of Wc Sf1,2026-05-24,2026-05-24 21:00,Oklahoma City Thunder,San Antonio Spurs,San Antonio Spurs,Dylan Harper,Puntos,10.5,Sobre,1.80,dom,
San Antonio Spurs - Oklahoma City Thunder,Winner Of Wc Sf2 Winner Of Wc Sf1,2026-05-24,2026-05-24 21:00,Oklahoma City Thunder,San Antonio Spurs,San Antonio Spurs,Dylan Harper,Puntos,10.5,Debajo,1.87,dom,
San Antonio Spurs - Oklahoma City Thunder,Winner Of Wc Sf2 Winner Of Wc Sf1,2026-05-24,2026-05-24 21:00,Oklahoma City Thunder,San Antonio Spurs,San Antonio Spurs,Dylan Harper,Puntos,11.5,Sobre,1.98,dom_alt,
San Antonio Spurs - Oklahoma City Thunder,Winner Of Wc Sf2 Winner Of Wc Sf1,2026-05-24,2026-05-24 21:00,Oklahoma City Thunder,San Antonio Spurs,San Antonio Spurs,Dylan Harper,Puntos,11.5,Debajo,1.61,dom_alt,
San Antonio Spurs - Oklahoma City Thunder,Winner Of Wc Sf2 Winner Of Wc Sf1,2026-05-24,2026-05-24 21:00,Oklahoma City Thunder,San Antonio Spurs,San Antonio Spurs,Dylan Harper,Puntos,8.5,Sobre,1.45,dom_alt,
San Antonio Spurs - Oklahoma City Thunder,Winner Of Wc Sf2 Winner Of Wc Sf1,2026-05-24,2026-05-24 21:00,Oklahoma City Thunder,San Antonio Spurs,San Antonio Spurs,Dylan Harper,Puntos,8.5,Debajo,2.29,dom_alt,
San Antonio Spurs - Oklahoma City Thunder,Winner Of Wc Sf2 Winner Of Wc Sf1,2026-05-24,2026-05-24 21:00,Oklahoma City Thunder,San Antonio Spurs,San Antonio Spurs,Dylan Harper,Puntos,12.5,Sobre,2.16,dom_alt,
San Antonio Spurs - Oklahoma City Thunder,Winner Of Wc Sf2 Winner Of Wc Sf1,2026-05-24,2026-05-24 21:00,Oklahoma City Thunder,San Antonio Spurs,San Antonio Spurs,Dylan Harper,Puntos,12.5,Debajo,1.51,dom_alt,
San Antonio Spurs - Oklahoma City Thunder,Winner Of Wc Sf2 Winner Of Wc Sf1,2026-05-24,2026-05-24 21:00,Oklahoma City Thunder,San Antonio Spurs,San Antonio Spurs,Dylan Harper,Puntos,7.5,Sobre,1.31,dom_alt,
San Antonio Spurs - Oklahoma City Thunder,Winner Of Wc Sf2 Winner Of Wc Sf1,2026-05-24,2026-05-24 21:00,Oklahoma City Thunder,San Antonio Spurs,San Antonio Spurs,Dylan Harper,Puntos,7.5,Debajo,2.77,dom_alt,
San Antonio Spurs - Oklahoma City Thunder,Winner Of Wc Sf2 Winner Of Wc Sf1,2026-05-24,2026-05-24 21:00,Oklahoma City Thunder,San Antonio Spurs,San Antonio Spurs,Dylan Harper,Puntos,13.5,Sobre,2.49,dom_alt,
San Antonio Spurs - Oklahoma City Thunder,Winner Of Wc Sf2 Winner Of Wc Sf1,2026-05-24,2026-05-24 21:00,Oklahoma City Thunder,San Antonio Spurs,San Antonio Spurs,Dylan Harper,Puntos,13.5,Debajo,1.38,dom_alt,
San Antonio Spurs - Oklahoma City Thunder,Winner Of Wc Sf2 Winner Of Wc Sf1,2026-05-24,2026-05-24 21:00,Oklahoma City Thunder,San Antonio Spurs,San Antonio Spurs,Dylan Harper,Puntos,14.5,Sobre,2.91,dom_alt,
San Antonio Spurs - Oklahoma City Thunder,Winner Of Wc Sf2 Winner Of Wc Sf1,2026-05-24,2026-05-24 21:00,Oklahoma City Thunder,San Antonio Spurs,San Antonio Spurs,Dylan Harper,Puntos,14.5,Debajo,1.28,dom_alt,
San Antonio Spurs - Oklahoma City Thunder,Winner Of Wc Sf2 Winner Of Wc Sf1,2026-05-24,2026-05-24 21:00,Oklahoma City Thunder,San Antonio Spurs,San Antonio Spurs,Dylan Harper,Rebotes,3.5,Sobre,1.63,dom,
San Antonio Spurs - Oklahoma City Thunder,Winner Of Wc Sf2 Winner Of Wc Sf1,2026-05-24,2026-05-24 21:00,Oklahoma City Thunder,San Antonio Spurs,San Antonio Spurs,Dylan Harper,Rebotes,3.5,Debajo,2.09,dom,
San Antonio Spurs - Oklahoma City Thunder,Winner Of Wc Sf2 Winner Of Wc Sf1,2026-05-24,2026-05-24 21:00,Oklahoma City Thunder,San Antonio Spurs,San Antonio Spurs,Dylan Harper,Triples,0.5,Sobre,1.49,dom,
San Antonio Spurs - Oklahoma City Thunder,Winner Of Wc Sf2 Winner Of Wc Sf1,2026-05-24,2026-05-24 21:00,Oklahoma City Thunder,San Antonio Spurs,San Antonio Spurs,Dylan Harper,Triples,0.5,Debajo,2.40,dom,
San Antonio Spurs - Oklahoma City Thunder,Winner Of Wc Sf2 Winner Of Wc Sf1,2026-05-24,2026-05-24 21:00,Oklahoma City Thunder,San Antonio Spurs,San Antonio Spurs,Dylan Harper,Robos,0.5,Sobre,1.56,dom,
San Antonio Spurs - Oklahoma City Thunder,Winner Of Wc Sf2 Winner Of Wc Sf1,2026-05-24,2026-05-24 21:00,Oklahoma City Thunder,San Antonio Spurs,San Antonio Spurs,Dylan Harper,Robos,0.5,Debajo,2.23,dom,
San Antonio Spurs - Oklahoma City Thunder,Winner Of Wc Sf2 Winner Of Wc Sf1,2026-05-24,2026-05-24 21:00,Oklahoma City Thunder,San Antonio Spurs,San Antonio Spurs,Dylan Harper,Pérdidas,1.5,Sobre,2.02,dom,
San Antonio Spurs - Oklahoma City Thunder,Winner Of Wc Sf2 Winner Of Wc Sf1,2026-05-24,2026-05-24 21:00,Oklahoma City Thunder,San Antonio Spurs,San Antonio Spurs,Dylan Harper,Pérdidas,1.5,Debajo,1.68,dom,
San Antonio Spurs - Oklahoma City Thunder,Winner Of Wc Sf2 Winner Of Wc Sf1,2026-05-24,2026-05-24 21:00,Oklahoma City Thunder,San Antonio Spurs,San Antonio Spurs,Dylan Harper,Puntos+Rebotes,14.5,Sobre,1.79,dom,
San Antonio Spurs - Oklahoma City Thunder,Winner Of Wc Sf2 Winner Of Wc Sf1,2026-05-24,2026-05-24 21:00,Oklahoma City Thunder,San Antonio Spurs,San Antonio Spurs,Dylan Harper,Puntos+Rebotes,14.5,Debajo,1.89,dom,
San Antonio Spurs - Oklahoma City Thunder,Winner Of Wc Sf2 Winner Of Wc Sf1,2026-05-24,2026-05-24 21:00,Oklahoma City Thunder,San Antonio Spurs,San Antonio Spurs,Dylan Harper,Puntos+Rebotes,15.5,Sobre,1.91,dom_alt,
San Antonio Spurs - Oklahoma City Thunder,Winner Of Wc Sf2 Winner Of Wc Sf1,2026-05-24,2026-05-24 21:00,Oklahoma City Thunder,San Antonio Spurs,San Antonio Spurs,Dylan Harper,Puntos+Rebotes,15.5,Debajo,1.66,dom_alt,
San Antonio Spurs - Oklahoma City Thunder,Winner Of Wc Sf2 Winner Of Wc Sf1,2026-05-24,2026-05-24 21:00,Oklahoma City Thunder,San Antonio Spurs,San Antonio Spurs,Dylan Harper,Puntos+Rebotes,16.5,Sobre,2.07,dom_alt,
San Antonio Spurs - Oklahoma City Thunder,Winner Of Wc Sf2 Winner Of Wc Sf1,2026-05-24,2026-05-24 21:00,Oklahoma City Thunder,San Antonio Spurs,San Antonio Spurs,Dylan Harper,Puntos+Rebotes,16.5,Debajo,1.56,dom_alt,
San Antonio Spurs - Oklahoma City Thunder,Winner Of Wc Sf2 Winner Of Wc Sf1,2026-05-24,2026-05-24 21:00,Oklahoma City Thunder,San Antonio Spurs,San Antonio Spurs,Dylan Harper,Puntos+Asistencias,13.5,Sobre,1.80,dom,
San Antonio Spurs - Oklahoma City Thunder,Winner Of Wc Sf2 Winner Of Wc Sf1,2026-05-24,2026-05-24 21:00,Oklahoma City Thunder,San Antonio Spurs,San Antonio Spurs,Dylan Harper,Puntos+Asistencias,13.5,Debajo,1.87,dom,
San Antonio Spurs - Oklahoma City Thunder,Winner Of Wc Sf2 Winner Of Wc Sf1,2026-05-24,2026-05-24 21:00,Oklahoma City Thunder,San Antonio Spurs,San Antonio Spurs,Dylan Harper,Puntos+Asistencias,14.5,Sobre,1.95,dom_alt,
San Antonio Spurs - Oklahoma City Thunder,Winner Of Wc Sf2 Winner Of Wc Sf1,2026-05-24,2026-05-24 21:00,Oklahoma City Thunder,San Antonio Spurs,San Antonio Spurs,Dylan Harper,Puntos+Asistencias,14.5,Debajo,1.63,dom_alt,
San Antonio Spurs - Oklahoma City Thunder,Winner Of Wc Sf2 Winner Of Wc Sf1,2026-05-24,2026-05-24 21:00,Oklahoma City Thunder,San Antonio Spurs,San Antonio Spurs,Dylan Harper,Puntos+Asistencias,15.5,Sobre,2.14,dom_alt,
San Antonio Spurs - Oklahoma City Thunder,Winner Of Wc Sf2 Winner Of Wc Sf1,2026-05-24,2026-05-24 21:00,Oklahoma City Thunder,San Antonio Spurs,San Antonio Spurs,Dylan Harper,Puntos+Asistencias,15.5,Debajo,1.52,dom_alt,
San Antonio Spurs - Oklahoma City Thunder,Winner Of Wc Sf2 Winner Of Wc Sf1,2026-05-24,2026-05-24 21:00,Oklahoma City Thunder,San Antonio Spurs,San Antonio Spurs,Dylan Harper,PRA,17.5,Sobre,1.80,dom,
San Antonio Spurs - Oklahoma City Thunder,Winner Of Wc Sf2 Winner Of Wc Sf1,2026-05-24,2026-05-24 21:00,Oklahoma City Thunder,San Antonio Spurs,San Antonio Spurs,Dylan Harper,PRA,17.5,Debajo,1.87,dom,
San Antonio Spurs - Oklahoma City Thunder,Winner Of Wc Sf2 Winner Of Wc Sf1,2026-05-24,2026-05-24 21:00,Oklahoma City Thunder,San Antonio Spurs,San Antonio Spurs,Dylan Harper,PRA,18.5,Sobre,1.92,dom_alt,
San Antonio Spurs - Oklahoma City Thunder,Winner Of Wc Sf2 Winner Of Wc Sf1,2026-05-24,2026-05-24 21:00,Oklahoma City Thunder,San Antonio Spurs,San Antonio Spurs,Dylan Harper,PRA,18.5,Debajo,1.66,dom_alt,
San Antonio Spurs - Oklahoma City Thunder,Winner Of Wc Sf2 Winner Of Wc Sf1,2026-05-24,2026-05-24 21:00,Oklahoma City Thunder,San Antonio Spurs,San Antonio Spurs,Dylan Harper,PRA,15.5,Sobre,1.52,dom_alt,
San Antonio Spurs - Oklahoma City Thunder,Winner Of Wc Sf2 Winner Of Wc Sf1,2026-05-24,2026-05-24 21:00,Oklahoma City Thunder,San Antonio Spurs,San Antonio Spurs,Dylan Harper,PRA,15.5,Debajo,2.15,dom_alt,
San Antonio Spurs - Oklahoma City Thunder,Winner Of Wc Sf2 Winner Of Wc Sf1,2026-05-24,2026-05-24 21:00,Oklahoma City Thunder,San Antonio Spurs,San Antonio Spurs,Dylan Harper,PRA,19.5,Sobre,2.05,dom_alt,
San Antonio Spurs - Oklahoma City Thunder,Winner Of Wc Sf2 Winner Of Wc Sf1,2026-05-24,2026-05-24 21:00,Oklahoma City Thunder,San Antonio Spurs,San Antonio Spurs,Dylan Harper,PRA,19.5,Debajo,1.57,dom_alt,
San Antonio Spurs - Oklahoma City Thunder,Winner Of Wc Sf2 Winner Of Wc Sf1,2026-05-24,2026-05-24 21:00,Oklahoma City Thunder,San Antonio Spurs,San Antonio Spurs,Dylan Harper,PRA,14.5,Sobre,1.39,dom_alt,
San Antonio Spurs - Oklahoma City Thunder,Winner Of Wc Sf2 Winner Of Wc Sf1,2026-05-24,2026-05-24 21:00,Oklahoma City Thunder,San Antonio Spurs,San Antonio Spurs,Dylan Harper,PRA,14.5,Debajo,2.47,dom_alt,
San Antonio Spurs - Oklahoma City Thunder,Winner Of Wc Sf2 Winner Of Wc Sf1,2026-05-24,2026-05-24 21:00,Oklahoma City Thunder,San Antonio Spurs,San Antonio Spurs,Dylan Harper,PRA,20.5,Sobre,2.29,dom_alt,
San Antonio Spurs - Oklahoma City Thunder,Winner Of Wc Sf2 Winner Of Wc Sf1,2026-05-24,2026-05-24 21:00,Oklahoma City Thunder,San Antonio Spurs,San Antonio Spurs,Dylan Harper,PRA,20.5,Debajo,1.45,dom_alt,
San Antonio Spurs - Oklahoma City Thunder,Winner Of Wc Sf2 Winner Of Wc Sf1,2026-05-24,2026-05-24 21:00,Oklahoma City Thunder,San Antonio Spurs,San Antonio Spurs,Dylan Harper,PRA,21.5,Sobre,2.59,dom_alt,
San Antonio Spurs - Oklahoma City Thunder,Winner Of Wc Sf2 Winner Of Wc Sf1,2026-05-24,2026-05-24 21:00,Oklahoma City Thunder,San Antonio Spurs,San Antonio Spurs,Dylan Harper,PRA,21.5,Debajo,1.35,dom_alt,
San Antonio Spurs - Oklahoma City Thunder,Winner Of Wc Sf2 Winner Of Wc Sf1,2026-05-24,2026-05-24 21:00,Oklahoma City Thunder,San Antonio Spurs,San Antonio Spurs,Dylan Harper,Asistencias+Rebotes,6.5,Sobre,1.72,dom,
San Antonio Spurs - Oklahoma City Thunder,Winner Of Wc Sf2 Winner Of Wc Sf1,2026-05-24,2026-05-24 21:00,Oklahoma City Thunder,San Antonio Spurs,San Antonio Spurs,Dylan Harper,Asistencias+Rebotes,6.5,Debajo,1.96,dom,
San Antonio Spurs - Oklahoma City Thunder,Winner Of Wc Sf2 Winner Of Wc Sf1,2026-05-24,2026-05-24 21:00,Oklahoma City Thunder,San Antonio Spurs,San Antonio Spurs,Dylan Harper,Asistencias,2.5,Sobre,1.67,dom,
San Antonio Spurs - Oklahoma City Thunder,Winner Of Wc Sf2 Winner Of Wc Sf1,2026-05-24,2026-05-24 21:00,Oklahoma City Thunder,San Antonio Spurs,San Antonio Spurs,Dylan Harper,Asistencias,2.5,Debajo,2.03,dom,
San Antonio Spurs - Oklahoma City Thunder,Winner Of Wc Sf2 Winner Of Wc Sf1,2026-05-24,2026-05-24 21:00,Oklahoma City Thunder,San Antonio Spurs,San Antonio Spurs,Dylan Harper,PuntosPrimerCuarto,2.5,Sobre,1.81,dom,
San Antonio Spurs - Oklahoma City Thunder,Winner Of Wc Sf2 Winner Of Wc Sf1,2026-05-24,2026-05-24 21:00,Oklahoma City Thunder,San Antonio Spurs,San Antonio Spurs,Dylan Harper,PuntosPrimerCuarto,2.5,Debajo,1.86,dom,
San Antonio Spurs - Oklahoma City Thunder,Winner Of Wc Sf2 Winner Of Wc Sf1,2026-05-24,2026-05-24 21:00,Oklahoma City Thunder,San Antonio Spurs,San Antonio Spurs,Dylan Harper,AsistenciasPrimerCuarto,0.5,Sobre,1.62,dom,
San Antonio Spurs - Oklahoma City Thunder,Winner Of Wc Sf2 Winner Of Wc Sf1,2026-05-24,2026-05-24 21:00,Oklahoma City Thunder,San Antonio Spurs,San Antonio Spurs,Dylan Harper,AsistenciasPrimerCuarto,0.5,Debajo,2.12,dom,
San Antonio Spurs - Oklahoma City Thunder,Winner Of Wc Sf2 Winner Of Wc Sf1,2026-05-24,2026-05-24 21:00,Oklahoma City Thunder,San Antonio Spurs,San Antonio Spurs,Dylan Harper,TirosLibres,1.5,Sobre,1.96,dom,
San Antonio Spurs - Oklahoma City Thunder,Winner Of Wc Sf2 Winner Of Wc Sf1,2026-05-24,2026-05-24 21:00,Oklahoma City Thunder,San Antonio Spurs,San Antonio Spurs,Dylan Harper,TirosLibres,1.5,Debajo,1.72,dom,
San Antonio Spurs - Oklahoma City Thunder,Winner Of Wc Sf2 Winner Of Wc Sf1,2026-05-24,2026-05-24 21:00,Oklahoma City Thunder,San Antonio Spurs,San Antonio Spurs,Dylan Harper,GolesCampoInt,8.5,Sobre,1.71,dom,
San Antonio Spurs - Oklahoma City Thunder,Winner Of Wc Sf2 Winner Of Wc Sf1,2026-05-24,2026-05-24 21:00,Oklahoma City Thunder,San Antonio Spurs,San Antonio Spurs,Dylan Harper,GolesCampoInt,8.5,Debajo,1.99,dom,
San Antonio Spurs - Oklahoma City Thunder,Winner Of Wc Sf2 Winner Of Wc Sf1,2026-05-24,2026-05-24 21:00,Oklahoma City Thunder,San Antonio Spurs,San Antonio Spurs,Dylan Harper,TriplesInt,2.5,Sobre,1.65,dom,
San Antonio Spurs - Oklahoma City Thunder,Winner Of Wc Sf2 Winner Of Wc Sf1,2026-05-24,2026-05-24 21:00,Oklahoma City Thunder,San Antonio Spurs,San Antonio Spurs,Dylan Harper,TriplesInt,2.5,Debajo,2.07,dom,
San Antonio Spurs - Oklahoma City Thunder,Winner Of Wc Sf2 Winner Of Wc Sf1,2026-05-24,2026-05-24 21:00,Oklahoma City Thunder,San Antonio Spurs,San Antonio Spurs,Keldon Johnson,Puntos,8.5,Sobre,1.76,dom,
San Antonio Spurs - Oklahoma City Thunder,Winner Of Wc Sf2 Winner Of Wc Sf1,2026-05-24,2026-05-24 21:00,Oklahoma City Thunder,San Antonio Spurs,San Antonio Spurs,Keldon Johnson,Puntos,8.5,Debajo,1.92,dom,
San Antonio Spurs - Oklahoma City Thunder,Winner Of Wc Sf2 Winner Of Wc Sf1,2026-05-24,2026-05-24 21:00,Oklahoma City Thunder,San Antonio Spurs,San Antonio Spurs,Keldon Johnson,Puntos,9.5,Sobre,1.94,dom_alt,
San Antonio Spurs - Oklahoma City Thunder,Winner Of Wc Sf2 Winner Of Wc Sf1,2026-05-24,2026-05-24 21:00,Oklahoma City Thunder,San Antonio Spurs,San Antonio Spurs,Keldon Johnson,Puntos,9.5,Debajo,1.64,dom_alt,
San Antonio Spurs - Oklahoma City Thunder,Winner Of Wc Sf2 Winner Of Wc Sf1,2026-05-24,2026-05-24 21:00,Oklahoma City Thunder,San Antonio Spurs,San Antonio Spurs,Keldon Johnson,Puntos,6.5,Sobre,1.40,dom_alt,
San Antonio Spurs - Oklahoma City Thunder,Winner Of Wc Sf2 Winner Of Wc Sf1,2026-05-24,2026-05-24 21:00,Oklahoma City Thunder,San Antonio Spurs,San Antonio Spurs,Keldon Johnson,Puntos,6.5,Debajo,2.43,dom_alt,
San Antonio Spurs - Oklahoma City Thunder,Winner Of Wc Sf2 Winner Of Wc Sf1,2026-05-24,2026-05-24 21:00,Oklahoma City Thunder,San Antonio Spurs,San Antonio Spurs,Keldon Johnson,Puntos,10.5,Sobre,2.14,dom_alt,
San Antonio Spurs - Oklahoma City Thunder,Winner Of Wc Sf2 Winner Of Wc Sf1,2026-05-24,2026-05-24 21:00,Oklahoma City Thunder,San Antonio Spurs,San Antonio Spurs,Keldon Johnson,Puntos,10.5,Debajo,1.52,dom_alt,
San Antonio Spurs - Oklahoma City Thunder,Winner Of Wc Sf2 Winner Of Wc Sf1,2026-05-24,2026-05-24 21:00,Oklahoma City Thunder,San Antonio Spurs,San Antonio Spurs,Keldon Johnson,Puntos,11.5,Sobre,2.48,dom_alt,
San Antonio Spurs - Oklahoma City Thunder,Winner Of Wc Sf2 Winner Of Wc Sf1,2026-05-24,2026-05-24 21:00,Oklahoma City Thunder,San Antonio Spurs,San Antonio Spurs,Keldon Johnson,Puntos,11.5,Debajo,1.39,dom_alt,
San Antonio Spurs - Oklahoma City Thunder,Winner Of Wc Sf2 Winner Of Wc Sf1,2026-05-24,2026-05-24 21:00,Oklahoma City Thunder,San Antonio Spurs,San Antonio Spurs,Keldon Johnson,Puntos,12.5,Sobre,2.88,dom_alt,
San Antonio Spurs - Oklahoma City Thunder,Winner Of Wc Sf2 Winner Of Wc Sf1,2026-05-24,2026-05-24 21:00,Oklahoma City Thunder,San Antonio Spurs,San Antonio Spurs,Keldon Johnson,Puntos,12.5,Debajo,1.29,dom_alt,
San Antonio Spurs - Oklahoma City Thunder,Winner Of Wc Sf2 Winner Of Wc Sf1,2026-05-24,2026-05-24 21:00,Oklahoma City Thunder,San Antonio Spurs,San Antonio Spurs,Keldon Johnson,Rebotes,3.5,Sobre,1.88,dom,
San Antonio Spurs - Oklahoma City Thunder,Winner Of Wc Sf2 Winner Of Wc Sf1,2026-05-24,2026-05-24 21:00,Oklahoma City Thunder,San Antonio Spurs,San Antonio Spurs,Keldon Johnson,Rebotes,3.5,Debajo,1.79,dom,
San Antonio Spurs - Oklahoma City Thunder,Winner Of Wc Sf2 Winner Of Wc Sf1,2026-05-24,2026-05-24 21:00,Oklahoma City Thunder,San Antonio Spurs,San Antonio Spurs,Keldon Johnson,Rebotes,4.5,Sobre,2.46,dom_alt,
San Antonio Spurs - Oklahoma City Thunder,Winner Of Wc Sf2 Winner Of Wc Sf1,2026-05-24,2026-05-24 21:00,Oklahoma City Thunder,San Antonio Spurs,San Antonio Spurs,Keldon Johnson,Rebotes,4.5,Debajo,1.39,dom_alt,
San Antonio Spurs - Oklahoma City Thunder,Winner Of Wc Sf2 Winner Of Wc Sf1,2026-05-24,2026-05-24 21:00,Oklahoma City Thunder,San Antonio Spurs,San Antonio Spurs,Keldon Johnson,Triples,0.5,Sobre,1.43,dom,
San Antonio Spurs - Oklahoma City Thunder,Winner Of Wc Sf2 Winner Of Wc Sf1,2026-05-24,2026-05-24 21:00,Oklahoma City Thunder,San Antonio Spurs,San Antonio Spurs,Keldon Johnson,Triples,0.5,Debajo,2.56,dom,
San Antonio Spurs - Oklahoma City Thunder,Winner Of Wc Sf2 Winner Of Wc Sf1,2026-05-24,2026-05-24 21:00,Oklahoma City Thunder,San Antonio Spurs,San Antonio Spurs,Keldon Johnson,Robos,0.5,Sobre,2.15,dom,
San Antonio Spurs - Oklahoma City Thunder,Winner Of Wc Sf2 Winner Of Wc Sf1,2026-05-24,2026-05-24 21:00,Oklahoma City Thunder,San Antonio Spurs,San Antonio Spurs,Keldon Johnson,Robos,0.5,Debajo,1.60,dom,
San Antonio Spurs - Oklahoma City Thunder,Winner Of Wc Sf2 Winner Of Wc Sf1,2026-05-24,2026-05-24 21:00,Oklahoma City Thunder,San Antonio Spurs,San Antonio Spurs,Keldon Johnson,Puntos+Rebotes,12.5,Sobre,1.85,dom,
San Antonio Spurs - Oklahoma City Thunder,Winner Of Wc Sf2 Winner Of Wc Sf1,2026-05-24,2026-05-24 21:00,Oklahoma City Thunder,San Antonio Spurs,San Antonio Spurs,Keldon Johnson,Puntos+Rebotes,12.5,Debajo,1.82,dom,
San Antonio Spurs - Oklahoma City Thunder,Winner Of Wc Sf2 Winner Of Wc Sf1,2026-05-24,2026-05-24 21:00,Oklahoma City Thunder,San Antonio Spurs,San Antonio Spurs,Keldon Johnson,Puntos+Rebotes,13.5,Sobre,1.99,dom_alt,
San Antonio Spurs - Oklahoma City Thunder,Winner Of Wc Sf2 Winner Of Wc Sf1,2026-05-24,2026-05-24 21:00,Oklahoma City Thunder,San Antonio Spurs,San Antonio Spurs,Keldon Johnson,Puntos+Rebotes,13.5,Debajo,1.61,dom_alt,
San Antonio Spurs - Oklahoma City Thunder,Winner Of Wc Sf2 Winner Of Wc Sf1,2026-05-24,2026-05-24 21:00,Oklahoma City Thunder,San Antonio Spurs,San Antonio Spurs,Keldon Johnson,Puntos+Rebotes,10.5,Sobre,1.52,dom_alt,
San Antonio Spurs - Oklahoma City Thunder,Winner Of Wc Sf2 Winner Of Wc Sf1,2026-05-24,2026-05-24 21:00,Oklahoma City Thunder,San Antonio Spurs,San Antonio Spurs,Keldon Johnson,Puntos+Rebotes,10.5,Debajo,2.14,dom_alt,
San Antonio Spurs - Oklahoma City Thunder,Winner Of Wc Sf2 Winner Of Wc Sf1,2026-05-24,2026-05-24 21:00,Oklahoma City Thunder,San Antonio Spurs,San Antonio Spurs,Keldon Johnson,Puntos+Rebotes,14.5,Sobre,2.14,dom_alt,
San Antonio Spurs - Oklahoma City Thunder,Winner Of Wc Sf2 Winner Of Wc Sf1,2026-05-24,2026-05-24 21:00,Oklahoma City Thunder,San Antonio Spurs,San Antonio Spurs,Keldon Johnson,Puntos+Rebotes,14.5,Debajo,1.52,dom_alt,
San Antonio Spurs - Oklahoma City Thunder,Winner Of Wc Sf2 Winner Of Wc Sf1,2026-05-24,2026-05-24 21:00,Oklahoma City Thunder,San Antonio Spurs,San Antonio Spurs,Keldon Johnson,Puntos+Asistencias,9.5,Sobre,1.74,dom,
San Antonio Spurs - Oklahoma City Thunder,Winner Of Wc Sf2 Winner Of Wc Sf1,2026-05-24,2026-05-24 21:00,Oklahoma City Thunder,San Antonio Spurs,San Antonio Spurs,Keldon Johnson,Puntos+Asistencias,9.5,Debajo,1.94,dom,
San Antonio Spurs - Oklahoma City Thunder,Winner Of Wc Sf2 Winner Of Wc Sf1,2026-05-24,2026-05-24 21:00,Oklahoma City Thunder,San Antonio Spurs,San Antonio Spurs,Keldon Johnson,Puntos+Asistencias,10.5,Sobre,1.91,dom_alt,
San Antonio Spurs - Oklahoma City Thunder,Winner Of Wc Sf2 Winner Of Wc Sf1,2026-05-24,2026-05-24 21:00,Oklahoma City Thunder,San Antonio Spurs,San Antonio Spurs,Keldon Johnson,Puntos+Asistencias,10.5,Debajo,1.67,dom_alt,
San Antonio Spurs - Oklahoma City Thunder,Winner Of Wc Sf2 Winner Of Wc Sf1,2026-05-24,2026-05-24 21:00,Oklahoma City Thunder,San Antonio Spurs,San Antonio Spurs,Keldon Johnson,Puntos+Asistencias,11.5,Sobre,2.11,dom_alt,
San Antonio Spurs - Oklahoma City Thunder,Winner Of Wc Sf2 Winner Of Wc Sf1,2026-05-24,2026-05-24 21:00,Oklahoma City Thunder,San Antonio Spurs,San Antonio Spurs,Keldon Johnson,Puntos+Asistencias,11.5,Debajo,1.54,dom_alt,
San Antonio Spurs - Oklahoma City Thunder,Winner Of Wc Sf2 Winner Of Wc Sf1,2026-05-24,2026-05-24 21:00,Oklahoma City Thunder,San Antonio Spurs,San Antonio Spurs,Keldon Johnson,PRA,13.5,Sobre,1.84,dom,
San Antonio Spurs - Oklahoma City Thunder,Winner Of Wc Sf2 Winner Of Wc Sf1,2026-05-24,2026-05-24 21:00,Oklahoma City Thunder,San Antonio Spurs,San Antonio Spurs,Keldon Johnson,PRA,13.5,Debajo,1.83,dom,
San Antonio Spurs - Oklahoma City Thunder,Winner Of Wc Sf2 Winner Of Wc Sf1,2026-05-24,2026-05-24 21:00,Oklahoma City Thunder,San Antonio Spurs,San Antonio Spurs,Keldon Johnson,PRA,14.5,Sobre,1.96,dom_alt,
San Antonio Spurs - Oklahoma City Thunder,Winner Of Wc Sf2 Winner Of Wc Sf1,2026-05-24,2026-05-24 21:00,Oklahoma City Thunder,San Antonio Spurs,San Antonio Spurs,Keldon Johnson,PRA,14.5,Debajo,1.63,dom_alt,
San Antonio Spurs - Oklahoma City Thunder,Winner Of Wc Sf2 Winner Of Wc Sf1,2026-05-24,2026-05-24 21:00,Oklahoma City Thunder,San Antonio Spurs,San Antonio Spurs,Keldon Johnson,PRA,11.5,Sobre,1.52,dom_alt,
San Antonio Spurs - Oklahoma City Thunder,Winner Of Wc Sf2 Winner Of Wc Sf1,2026-05-24,2026-05-24 21:00,Oklahoma City Thunder,San Antonio Spurs,San Antonio Spurs,Keldon Johnson,PRA,11.5,Debajo,2.13,dom_alt,
San Antonio Spurs - Oklahoma City Thunder,Winner Of Wc Sf2 Winner Of Wc Sf1,2026-05-24,2026-05-24 21:00,Oklahoma City Thunder,San Antonio Spurs,San Antonio Spurs,Keldon Johnson,PRA,15.5,Sobre,2.11,dom_alt,
San Antonio Spurs - Oklahoma City Thunder,Winner Of Wc Sf2 Winner Of Wc Sf1,2026-05-24,2026-05-24 21:00,Oklahoma City Thunder,San Antonio Spurs,San Antonio Spurs,Keldon Johnson,PRA,15.5,Debajo,1.54,dom_alt,
San Antonio Spurs - Oklahoma City Thunder,Winner Of Wc Sf2 Winner Of Wc Sf1,2026-05-24,2026-05-24 21:00,Oklahoma City Thunder,San Antonio Spurs,San Antonio Spurs,Keldon Johnson,PRA,10.5,Sobre,1.40,dom_alt,
San Antonio Spurs - Oklahoma City Thunder,Winner Of Wc Sf2 Winner Of Wc Sf1,2026-05-24,2026-05-24 21:00,Oklahoma City Thunder,San Antonio Spurs,San Antonio Spurs,Keldon Johnson,PRA,10.5,Debajo,2.45,dom_alt,
San Antonio Spurs - Oklahoma City Thunder,Winner Of Wc Sf2 Winner Of Wc Sf1,2026-05-24,2026-05-24 21:00,Oklahoma City Thunder,San Antonio Spurs,San Antonio Spurs,Keldon Johnson,PRA,16.5,Sobre,2.36,dom_alt,
San Antonio Spurs - Oklahoma City Thunder,Winner Of Wc Sf2 Winner Of Wc Sf1,2026-05-24,2026-05-24 21:00,Oklahoma City Thunder,San Antonio Spurs,San Antonio Spurs,Keldon Johnson,PRA,16.5,Debajo,1.43,dom_alt,
San Antonio Spurs - Oklahoma City Thunder,Winner Of Wc Sf2 Winner Of Wc Sf1,2026-05-24,2026-05-24 21:00,Oklahoma City Thunder,San Antonio Spurs,San Antonio Spurs,Keldon Johnson,PRA,17.5,Sobre,2.66,dom_alt,
San Antonio Spurs - Oklahoma City Thunder,Winner Of Wc Sf2 Winner Of Wc Sf1,2026-05-24,2026-05-24 21:00,Oklahoma City Thunder,San Antonio Spurs,San Antonio Spurs,Keldon Johnson,PRA,17.5,Debajo,1.34,dom_alt,
San Antonio Spurs - Oklahoma City Thunder,Winner Of Wc Sf2 Winner Of Wc Sf1,2026-05-24,2026-05-24 21:00,Oklahoma City Thunder,San Antonio Spurs,San Antonio Spurs,Keldon Johnson,Asistencias+Rebotes,4.5,Sobre,1.87,dom,
San Antonio Spurs - Oklahoma City Thunder,Winner Of Wc Sf2 Winner Of Wc Sf1,2026-05-24,2026-05-24 21:00,Oklahoma City Thunder,San Antonio Spurs,San Antonio Spurs,Keldon Johnson,Asistencias+Rebotes,4.5,Debajo,1.80,dom,
San Antonio Spurs - Oklahoma City Thunder,Winner Of Wc Sf2 Winner Of Wc Sf1,2026-05-24,2026-05-24 21:00,Oklahoma City Thunder,San Antonio Spurs,San Antonio Spurs,Keldon Johnson,Robos+Tapones,0.5,Sobre,1.88,dom,
San Antonio Spurs - Oklahoma City Thunder,Winner Of Wc Sf2 Winner Of Wc Sf1,2026-05-24,2026-05-24 21:00,Oklahoma City Thunder,San Antonio Spurs,San Antonio Spurs,Keldon Johnson,Robos+Tapones,0.5,Debajo,1.79,dom,
San Antonio Spurs - Oklahoma City Thunder,Winner Of Wc Sf2 Winner Of Wc Sf1,2026-05-24,2026-05-24 21:00,Oklahoma City Thunder,San Antonio Spurs,San Antonio Spurs,Keldon Johnson,Asistencias,0.5,Sobre,1.49,dom,
San Antonio Spurs - Oklahoma City Thunder,Winner Of Wc Sf2 Winner Of Wc Sf1,2026-05-24,2026-05-24 21:00,Oklahoma City Thunder,San Antonio Spurs,San Antonio Spurs,Keldon Johnson,Asistencias,0.5,Debajo,2.39,dom,
San Antonio Spurs - Oklahoma City Thunder,Winner Of Wc Sf2 Winner Of Wc Sf1,2026-05-24,2026-05-24 21:00,Oklahoma City Thunder,San Antonio Spurs,San Antonio Spurs,Keldon Johnson,PuntosPrimerCuarto,2.5,Sobre,1.94,dom,
San Antonio Spurs - Oklahoma City Thunder,Winner Of Wc Sf2 Winner Of Wc Sf1,2026-05-24,2026-05-24 21:00,Oklahoma City Thunder,San Antonio Spurs,San Antonio Spurs,Keldon Johnson,PuntosPrimerCuarto,2.5,Debajo,1.74,dom,
San Antonio Spurs - Oklahoma City Thunder,Winner Of Wc Sf2 Winner Of Wc Sf1,2026-05-24,2026-05-24 21:00,Oklahoma City Thunder,San Antonio Spurs,San Antonio Spurs,Keldon Johnson,TirosLibres,1.5,Sobre,2.05,dom,
San Antonio Spurs - Oklahoma City Thunder,Winner Of Wc Sf2 Winner Of Wc Sf1,2026-05-24,2026-05-24 21:00,Oklahoma City Thunder,San Antonio Spurs,San Antonio Spurs,Keldon Johnson,TirosLibres,1.5,Debajo,1.66,dom,
San Antonio Spurs - Oklahoma City Thunder,Winner Of Wc Sf2 Winner Of Wc Sf1,2026-05-24,2026-05-24 21:00,Oklahoma City Thunder,San Antonio Spurs,San Antonio Spurs,Keldon Johnson,TirosLibresInt,1.5,Sobre,1.63,dom,
San Antonio Spurs - Oklahoma City Thunder,Winner Of Wc Sf2 Winner Of Wc Sf1,2026-05-24,2026-05-24 21:00,Oklahoma City Thunder,San Antonio Spurs,San Antonio Spurs,Keldon Johnson,TirosLibresInt,1.5,Debajo,2.10,dom,
San Antonio Spurs - Oklahoma City Thunder,Winner Of Wc Sf2 Winner Of Wc Sf1,2026-05-24,2026-05-24 21:00,Oklahoma City Thunder,San Antonio Spurs,San Antonio Spurs,Keldon Johnson,GolesCampo,3.5,Sobre,2.09,dom,
San Antonio Spurs - Oklahoma City Thunder,Winner Of Wc Sf2 Winner Of Wc Sf1,2026-05-24,2026-05-24 21:00,Oklahoma City Thunder,San Antonio Spurs,San Antonio Spurs,Keldon Johnson,GolesCampo,3.5,Debajo,1.63,dom,
San Antonio Spurs - Oklahoma City Thunder,Winner Of Wc Sf2 Winner Of Wc Sf1,2026-05-24,2026-05-24 21:00,Oklahoma City Thunder,San Antonio Spurs,San Antonio Spurs,Keldon Johnson,GolesCampoInt,7.5,Sobre,1.90,dom,
San Antonio Spurs - Oklahoma City Thunder,Winner Of Wc Sf2 Winner Of Wc Sf1,2026-05-24,2026-05-24 21:00,Oklahoma City Thunder,San Antonio Spurs,San Antonio Spurs,Keldon Johnson,GolesCampoInt,7.5,Debajo,1.78,dom,
San Antonio Spurs - Oklahoma City Thunder,Winner Of Wc Sf2 Winner Of Wc Sf1,2026-05-24,2026-05-24 21:00,Oklahoma City Thunder,San Antonio Spurs,San Antonio Spurs,Keldon Johnson,Faltas,1.5,Sobre,1.63,dom,
San Antonio Spurs - Oklahoma City Thunder,Winner Of Wc Sf2 Winner Of Wc Sf1,2026-05-24,2026-05-24 21:00,Oklahoma City Thunder,San Antonio Spurs,San Antonio Spurs,Keldon Johnson,Faltas,1.5,Debajo,2.10,dom,
San Antonio Spurs - Oklahoma City Thunder,Winner Of Wc Sf2 Winner Of Wc Sf1,2026-05-24,2026-05-24 21:00,Oklahoma City Thunder,San Antonio Spurs,San Antonio Spurs,Luke Kornet,Puntos,2.5,Sobre,1.81,dom,
San Antonio Spurs - Oklahoma City Thunder,Winner Of Wc Sf2 Winner Of Wc Sf1,2026-05-24,2026-05-24 21:00,Oklahoma City Thunder,San Antonio Spurs,San Antonio Spurs,Luke Kornet,Puntos,2.5,Debajo,1.86,dom,
San Antonio Spurs - Oklahoma City Thunder,Winner Of Wc Sf2 Winner Of Wc Sf1,2026-05-24,2026-05-24 21:00,Oklahoma City Thunder,San Antonio Spurs,San Antonio Spurs,Luke Kornet,Puntos,4.5,Sobre,2.70,dom_alt,
San Antonio Spurs - Oklahoma City Thunder,Winner Of Wc Sf2 Winner Of Wc Sf1,2026-05-24,2026-05-24 21:00,Oklahoma City Thunder,San Antonio Spurs,San Antonio Spurs,Luke Kornet,Puntos,4.5,Debajo,1.33,dom_alt,
San Antonio Spurs - Oklahoma City Thunder,Winner Of Wc Sf2 Winner Of Wc Sf1,2026-05-24,2026-05-24 21:00,Oklahoma City Thunder,San Antonio Spurs,San Antonio Spurs,Luke Kornet,Rebotes,3.5,Sobre,2.02,dom,
San Antonio Spurs - Oklahoma City Thunder,Winner Of Wc Sf2 Winner Of Wc Sf1,2026-05-24,2026-05-24 21:00,Oklahoma City Thunder,San Antonio Spurs,San Antonio Spurs,Luke Kornet,Rebotes,3.5,Debajo,1.68,dom,
San Antonio Spurs - Oklahoma City Thunder,Winner Of Wc Sf2 Winner Of Wc Sf1,2026-05-24,2026-05-24 21:00,Oklahoma City Thunder,San Antonio Spurs,San Antonio Spurs,Luke Kornet,Rebotes,4.5,Sobre,2.53,dom_alt,
San Antonio Spurs - Oklahoma City Thunder,Winner Of Wc Sf2 Winner Of Wc Sf1,2026-05-24,2026-05-24 21:00,Oklahoma City Thunder,San Antonio Spurs,San Antonio Spurs,Luke Kornet,Rebotes,4.5,Debajo,1.37,dom_alt,
San Antonio Spurs - Oklahoma City Thunder,Winner Of Wc Sf2 Winner Of Wc Sf1,2026-05-24,2026-05-24 21:00,Oklahoma City Thunder,San Antonio Spurs,San Antonio Spurs,Luke Kornet,Puntos+Rebotes,6.5,Sobre,1.91,dom,
San Antonio Spurs - Oklahoma City Thunder,Winner Of Wc Sf2 Winner Of Wc Sf1,2026-05-24,2026-05-24 21:00,Oklahoma City Thunder,San Antonio Spurs,San Antonio Spurs,Luke Kornet,Puntos+Rebotes,6.5,Debajo,1.77,dom,
San Antonio Spurs - Oklahoma City Thunder,Winner Of Wc Sf2 Winner Of Wc Sf1,2026-05-24,2026-05-24 21:00,Oklahoma City Thunder,San Antonio Spurs,San Antonio Spurs,Luke Kornet,Puntos+Rebotes,7.5,Sobre,2.04,dom_alt,
San Antonio Spurs - Oklahoma City Thunder,Winner Of Wc Sf2 Winner Of Wc Sf1,2026-05-24,2026-05-24 21:00,Oklahoma City Thunder,San Antonio Spurs,San Antonio Spurs,Luke Kornet,Puntos+Rebotes,7.5,Debajo,1.57,dom_alt,
San Antonio Spurs - Oklahoma City Thunder,Winner Of Wc Sf2 Winner Of Wc Sf1,2026-05-24,2026-05-24 21:00,Oklahoma City Thunder,San Antonio Spurs,San Antonio Spurs,Luke Kornet,Puntos+Asistencias,3.5,Sobre,1.74,dom,
San Antonio Spurs - Oklahoma City Thunder,Winner Of Wc Sf2 Winner Of Wc Sf1,2026-05-24,2026-05-24 21:00,Oklahoma City Thunder,San Antonio Spurs,San Antonio Spurs,Luke Kornet,Puntos+Asistencias,3.5,Debajo,1.94,dom,
San Antonio Spurs - Oklahoma City Thunder,Winner Of Wc Sf2 Winner Of Wc Sf1,2026-05-24,2026-05-24 21:00,Oklahoma City Thunder,San Antonio Spurs,San Antonio Spurs,Luke Kornet,PRA,7.5,Sobre,1.97,dom,
San Antonio Spurs - Oklahoma City Thunder,Winner Of Wc Sf2 Winner Of Wc Sf1,2026-05-24,2026-05-24 21:00,Oklahoma City Thunder,San Antonio Spurs,San Antonio Spurs,Luke Kornet,PRA,7.5,Debajo,1.72,dom,
San Antonio Spurs - Oklahoma City Thunder,Winner Of Wc Sf2 Winner Of Wc Sf1,2026-05-24,2026-05-24 21:00,Oklahoma City Thunder,San Antonio Spurs,San Antonio Spurs,Luke Kornet,PRA,8.5,Sobre,2.06,dom_alt,
San Antonio Spurs - Oklahoma City Thunder,Winner Of Wc Sf2 Winner Of Wc Sf1,2026-05-24,2026-05-24 21:00,Oklahoma City Thunder,San Antonio Spurs,San Antonio Spurs,Luke Kornet,PRA,8.5,Debajo,1.56,dom_alt,
San Antonio Spurs - Oklahoma City Thunder,Winner Of Wc Sf2 Winner Of Wc Sf1,2026-05-24,2026-05-24 21:00,Oklahoma City Thunder,San Antonio Spurs,San Antonio Spurs,Luke Kornet,PRA,5.5,Sobre,1.49,dom_alt,
San Antonio Spurs - Oklahoma City Thunder,Winner Of Wc Sf2 Winner Of Wc Sf1,2026-05-24,2026-05-24 21:00,Oklahoma City Thunder,San Antonio Spurs,San Antonio Spurs,Luke Kornet,PRA,5.5,Debajo,2.19,dom_alt,
San Antonio Spurs - Oklahoma City Thunder,Winner Of Wc Sf2 Winner Of Wc Sf1,2026-05-24,2026-05-24 21:00,Oklahoma City Thunder,San Antonio Spurs,San Antonio Spurs,Luke Kornet,PRA,9.5,Sobre,2.44,dom_alt,
San Antonio Spurs - Oklahoma City Thunder,Winner Of Wc Sf2 Winner Of Wc Sf1,2026-05-24,2026-05-24 21:00,Oklahoma City Thunder,San Antonio Spurs,San Antonio Spurs,Luke Kornet,PRA,9.5,Debajo,1.40,dom_alt,
San Antonio Spurs - Oklahoma City Thunder,Winner Of Wc Sf2 Winner Of Wc Sf1,2026-05-24,2026-05-24 21:00,Oklahoma City Thunder,San Antonio Spurs,San Antonio Spurs,Luke Kornet,PRA,4.5,Sobre,1.32,dom_alt,
San Antonio Spurs - Oklahoma City Thunder,Winner Of Wc Sf2 Winner Of Wc Sf1,2026-05-24,2026-05-24 21:00,Oklahoma City Thunder,San Antonio Spurs,San Antonio Spurs,Luke Kornet,PRA,4.5,Debajo,2.72,dom_alt,
San Antonio Spurs - Oklahoma City Thunder,Winner Of Wc Sf2 Winner Of Wc Sf1,2026-05-24,2026-05-24 21:00,Oklahoma City Thunder,San Antonio Spurs,San Antonio Spurs,Luke Kornet,Asistencias+Rebotes,3.5,Sobre,1.63,dom,
San Antonio Spurs - Oklahoma City Thunder,Winner Of Wc Sf2 Winner Of Wc Sf1,2026-05-24,2026-05-24 21:00,Oklahoma City Thunder,San Antonio Spurs,San Antonio Spurs,Luke Kornet,Asistencias+Rebotes,3.5,Debajo,2.09,dom,
San Antonio Spurs - Oklahoma City Thunder,Winner Of Wc Sf2 Winner Of Wc Sf1,2026-05-24,2026-05-24 21:00,Oklahoma City Thunder,San Antonio Spurs,San Antonio Spurs,Luke Kornet,Robos+Tapones,0.5,Sobre,1.78,dom,
San Antonio Spurs - Oklahoma City Thunder,Winner Of Wc Sf2 Winner Of Wc Sf1,2026-05-24,2026-05-24 21:00,Oklahoma City Thunder,San Antonio Spurs,San Antonio Spurs,Luke Kornet,Robos+Tapones,0.5,Debajo,1.89,dom,
San Antonio Spurs - Oklahoma City Thunder,Winner Of Wc Sf2 Winner Of Wc Sf1,2026-05-24,2026-05-24 21:00,Oklahoma City Thunder,San Antonio Spurs,San Antonio Spurs,Luke Kornet,Asistencias,0.5,Sobre,1.75,dom,
San Antonio Spurs - Oklahoma City Thunder,Winner Of Wc Sf2 Winner Of Wc Sf1,2026-05-24,2026-05-24 21:00,Oklahoma City Thunder,San Antonio Spurs,San Antonio Spurs,Luke Kornet,Asistencias,0.5,Debajo,1.93,dom,
San Antonio Spurs - Oklahoma City Thunder,Winner Of Wc Sf2 Winner Of Wc Sf1,2026-05-24,2026-05-24 21:00,Oklahoma City Thunder,San Antonio Spurs,San Antonio Spurs,Luke Kornet,PuntosPrimerCuarto,0.5,Sobre,1.99,dom,
San Antonio Spurs - Oklahoma City Thunder,Winner Of Wc Sf2 Winner Of Wc Sf1,2026-05-24,2026-05-24 21:00,Oklahoma City Thunder,San Antonio Spurs,San Antonio Spurs,Luke Kornet,PuntosPrimerCuarto,0.5,Debajo,1.70,dom,
San Antonio Spurs - Oklahoma City Thunder,Winner Of Wc Sf2 Winner Of Wc Sf1,2026-05-24,2026-05-24 21:00,Oklahoma City Thunder,San Antonio Spurs,San Antonio Spurs,Devin Vassell,Puntos,14.5,Sobre,1.80,dom,
San Antonio Spurs - Oklahoma City Thunder,Winner Of Wc Sf2 Winner Of Wc Sf1,2026-05-24,2026-05-24 21:00,Oklahoma City Thunder,San Antonio Spurs,San Antonio Spurs,Devin Vassell,Puntos,14.5,Debajo,1.87,dom,
San Antonio Spurs - Oklahoma City Thunder,Winner Of Wc Sf2 Winner Of Wc Sf1,2026-05-24,2026-05-24 21:00,Oklahoma City Thunder,San Antonio Spurs,San Antonio Spurs,Devin Vassell,Puntos,15.5,Sobre,1.95,dom_alt,
San Antonio Spurs - Oklahoma City Thunder,Winner Of Wc Sf2 Winner Of Wc Sf1,2026-05-24,2026-05-24 21:00,Oklahoma City Thunder,San Antonio Spurs,San Antonio Spurs,Devin Vassell,Puntos,15.5,Debajo,1.64,dom_alt,
San Antonio Spurs - Oklahoma City Thunder,Winner Of Wc Sf2 Winner Of Wc Sf1,2026-05-24,2026-05-24 21:00,Oklahoma City Thunder,San Antonio Spurs,San Antonio Spurs,Devin Vassell,Puntos,12.5,Sobre,1.49,dom_alt,
San Antonio Spurs - Oklahoma City Thunder,Winner Of Wc Sf2 Winner Of Wc Sf1,2026-05-24,2026-05-24 21:00,Oklahoma City Thunder,San Antonio Spurs,San Antonio Spurs,Devin Vassell,Puntos,12.5,Debajo,2.20,dom_alt,
San Antonio Spurs - Oklahoma City Thunder,Winner Of Wc Sf2 Winner Of Wc Sf1,2026-05-24,2026-05-24 21:00,Oklahoma City Thunder,San Antonio Spurs,San Antonio Spurs,Devin Vassell,Puntos,16.5,Sobre,2.10,dom_alt,
San Antonio Spurs - Oklahoma City Thunder,Winner Of Wc Sf2 Winner Of Wc Sf1,2026-05-24,2026-05-24 21:00,Oklahoma City Thunder,San Antonio Spurs,San Antonio Spurs,Devin Vassell,Puntos,16.5,Debajo,1.54,dom_alt,
San Antonio Spurs - Oklahoma City Thunder,Winner Of Wc Sf2 Winner Of Wc Sf1,2026-05-24,2026-05-24 21:00,Oklahoma City Thunder,San Antonio Spurs,San Antonio Spurs,Devin Vassell,Puntos,11.5,Sobre,1.38,dom_alt,
San Antonio Spurs - Oklahoma City Thunder,Winner Of Wc Sf2 Winner Of Wc Sf1,2026-05-24,2026-05-24 21:00,Oklahoma City Thunder,San Antonio Spurs,San Antonio Spurs,Devin Vassell,Puntos,11.5,Debajo,2.51,dom_alt,
San Antonio Spurs - Oklahoma City Thunder,Winner Of Wc Sf2 Winner Of Wc Sf1,2026-05-24,2026-05-24 21:00,Oklahoma City Thunder,San Antonio Spurs,San Antonio Spurs,Devin Vassell,Puntos,17.5,Sobre,2.38,dom_alt,
San Antonio Spurs - Oklahoma City Thunder,Winner Of Wc Sf2 Winner Of Wc Sf1,2026-05-24,2026-05-24 21:00,Oklahoma City Thunder,San Antonio Spurs,San Antonio Spurs,Devin Vassell,Puntos,17.5,Debajo,1.42,dom_alt,
San Antonio Spurs - Oklahoma City Thunder,Winner Of Wc Sf2 Winner Of Wc Sf1,2026-05-24,2026-05-24 21:00,Oklahoma City Thunder,San Antonio Spurs,San Antonio Spurs,Devin Vassell,Puntos,18.5,Sobre,2.75,dom_alt,
San Antonio Spurs - Oklahoma City Thunder,Winner Of Wc Sf2 Winner Of Wc Sf1,2026-05-24,2026-05-24 21:00,Oklahoma City Thunder,San Antonio Spurs,San Antonio Spurs,Devin Vassell,Puntos,18.5,Debajo,1.31,dom_alt,
San Antonio Spurs - Oklahoma City Thunder,Winner Of Wc Sf2 Winner Of Wc Sf1,2026-05-24,2026-05-24 21:00,Oklahoma City Thunder,San Antonio Spurs,San Antonio Spurs,Devin Vassell,Rebotes,4.5,Sobre,1.95,dom,
San Antonio Spurs - Oklahoma City Thunder,Winner Of Wc Sf2 Winner Of Wc Sf1,2026-05-24,2026-05-24 21:00,Oklahoma City Thunder,San Antonio Spurs,San Antonio Spurs,Devin Vassell,Rebotes,4.5,Debajo,1.73,dom,
San Antonio Spurs - Oklahoma City Thunder,Winner Of Wc Sf2 Winner Of Wc Sf1,2026-05-24,2026-05-24 21:00,Oklahoma City Thunder,San Antonio Spurs,San Antonio Spurs,Devin Vassell,Rebotes,5.5,Sobre,2.52,dom_alt,
San Antonio Spurs - Oklahoma City Thunder,Winner Of Wc Sf2 Winner Of Wc Sf1,2026-05-24,2026-05-24 21:00,Oklahoma City Thunder,San Antonio Spurs,San Antonio Spurs,Devin Vassell,Rebotes,5.5,Debajo,1.37,dom_alt,
San Antonio Spurs - Oklahoma City Thunder,Winner Of Wc Sf2 Winner Of Wc Sf1,2026-05-24,2026-05-24 21:00,Oklahoma City Thunder,San Antonio Spurs,San Antonio Spurs,Devin Vassell,Triples,2.5,Sobre,1.73,dom,
San Antonio Spurs - Oklahoma City Thunder,Winner Of Wc Sf2 Winner Of Wc Sf1,2026-05-24,2026-05-24 21:00,Oklahoma City Thunder,San Antonio Spurs,San Antonio Spurs,Devin Vassell,Triples,2.5,Debajo,1.96,dom,
San Antonio Spurs - Oklahoma City Thunder,Winner Of Wc Sf2 Winner Of Wc Sf1,2026-05-24,2026-05-24 21:00,Oklahoma City Thunder,San Antonio Spurs,San Antonio Spurs,Devin Vassell,Tapones,0.5,Sobre,2.23,dom,
San Antonio Spurs - Oklahoma City Thunder,Winner Of Wc Sf2 Winner Of Wc Sf1,2026-05-24,2026-05-24 21:00,Oklahoma City Thunder,San Antonio Spurs,San Antonio Spurs,Devin Vassell,Tapones,0.5,Debajo,1.56,dom,
San Antonio Spurs - Oklahoma City Thunder,Winner Of Wc Sf2 Winner Of Wc Sf1,2026-05-24,2026-05-24 21:00,Oklahoma City Thunder,San Antonio Spurs,San Antonio Spurs,Devin Vassell,Puntos+Rebotes,19.5,Sobre,1.91,dom,
San Antonio Spurs - Oklahoma City Thunder,Winner Of Wc Sf2 Winner Of Wc Sf1,2026-05-24,2026-05-24 21:00,Oklahoma City Thunder,San Antonio Spurs,San Antonio Spurs,Devin Vassell,Puntos+Rebotes,19.5,Debajo,1.77,dom,
San Antonio Spurs - Oklahoma City Thunder,Winner Of Wc Sf2 Winner Of Wc Sf1,2026-05-24,2026-05-24 21:00,Oklahoma City Thunder,San Antonio Spurs,San Antonio Spurs,Devin Vassell,Puntos+Rebotes,20.5,Sobre,2.02,dom_alt,
San Antonio Spurs - Oklahoma City Thunder,Winner Of Wc Sf2 Winner Of Wc Sf1,2026-05-24,2026-05-24 21:00,Oklahoma City Thunder,San Antonio Spurs,San Antonio Spurs,Devin Vassell,Puntos+Rebotes,20.5,Debajo,1.59,dom_alt,
San Antonio Spurs - Oklahoma City Thunder,Winner Of Wc Sf2 Winner Of Wc Sf1,2026-05-24,2026-05-24 21:00,Oklahoma City Thunder,San Antonio Spurs,San Antonio Spurs,Devin Vassell,Puntos+Rebotes,17.5,Sobre,1.55,dom_alt,
San Antonio Spurs - Oklahoma City Thunder,Winner Of Wc Sf2 Winner Of Wc Sf1,2026-05-24,2026-05-24 21:00,Oklahoma City Thunder,San Antonio Spurs,San Antonio Spurs,Devin Vassell,Puntos+Rebotes,17.5,Debajo,2.08,dom_alt,
San Antonio Spurs - Oklahoma City Thunder,Winner Of Wc Sf2 Winner Of Wc Sf1,2026-05-24,2026-05-24 21:00,Oklahoma City Thunder,San Antonio Spurs,San Antonio Spurs,Devin Vassell,Puntos+Rebotes,21.5,Sobre,2.18,dom_alt,
San Antonio Spurs - Oklahoma City Thunder,Winner Of Wc Sf2 Winner Of Wc Sf1,2026-05-24,2026-05-24 21:00,Oklahoma City Thunder,San Antonio Spurs,San Antonio Spurs,Devin Vassell,Puntos+Rebotes,21.5,Debajo,1.50,dom_alt,
San Antonio Spurs - Oklahoma City Thunder,Winner Of Wc Sf2 Winner Of Wc Sf1,2026-05-24,2026-05-24 21:00,Oklahoma City Thunder,San Antonio Spurs,San Antonio Spurs,Devin Vassell,Puntos+Asistencias,17.5,Sobre,1.91,dom,
San Antonio Spurs - Oklahoma City Thunder,Winner Of Wc Sf2 Winner Of Wc Sf1,2026-05-24,2026-05-24 21:00,Oklahoma City Thunder,San Antonio Spurs,San Antonio Spurs,Devin Vassell,Puntos+Asistencias,17.5,Debajo,1.77,dom,
San Antonio Spurs - Oklahoma City Thunder,Winner Of Wc Sf2 Winner Of Wc Sf1,2026-05-24,2026-05-24 21:00,Oklahoma City Thunder,San Antonio Spurs,San Antonio Spurs,Devin Vassell,Puntos+Asistencias,18.5,Sobre,2.03,dom_alt,
San Antonio Spurs - Oklahoma City Thunder,Winner Of Wc Sf2 Winner Of Wc Sf1,2026-05-24,2026-05-24 21:00,Oklahoma City Thunder,San Antonio Spurs,San Antonio Spurs,Devin Vassell,Puntos+Asistencias,18.5,Debajo,1.58,dom_alt,
San Antonio Spurs - Oklahoma City Thunder,Winner Of Wc Sf2 Winner Of Wc Sf1,2026-05-24,2026-05-24 21:00,Oklahoma City Thunder,San Antonio Spurs,San Antonio Spurs,Devin Vassell,Puntos+Asistencias,15.5,Sobre,1.56,dom_alt,
San Antonio Spurs - Oklahoma City Thunder,Winner Of Wc Sf2 Winner Of Wc Sf1,2026-05-24,2026-05-24 21:00,Oklahoma City Thunder,San Antonio Spurs,San Antonio Spurs,Devin Vassell,Puntos+Asistencias,15.5,Debajo,2.07,dom_alt,
San Antonio Spurs - Oklahoma City Thunder,Winner Of Wc Sf2 Winner Of Wc Sf1,2026-05-24,2026-05-24 21:00,Oklahoma City Thunder,San Antonio Spurs,San Antonio Spurs,Devin Vassell,PRA,21.5,Sobre,1.79,dom,
San Antonio Spurs - Oklahoma City Thunder,Winner Of Wc Sf2 Winner Of Wc Sf1,2026-05-24,2026-05-24 21:00,Oklahoma City Thunder,San Antonio Spurs,San Antonio Spurs,Devin Vassell,PRA,21.5,Debajo,1.88,dom,
San Antonio Spurs - Oklahoma City Thunder,Winner Of Wc Sf2 Winner Of Wc Sf1,2026-05-24,2026-05-24 21:00,Oklahoma City Thunder,San Antonio Spurs,San Antonio Spurs,Devin Vassell,PRA,22.5,Sobre,1.91,dom_alt,
San Antonio Spurs - Oklahoma City Thunder,Winner Of Wc Sf2 Winner Of Wc Sf1,2026-05-24,2026-05-24 21:00,Oklahoma City Thunder,San Antonio Spurs,San Antonio Spurs,Devin Vassell,PRA,22.5,Debajo,1.66,dom_alt,
San Antonio Spurs - Oklahoma City Thunder,Winner Of Wc Sf2 Winner Of Wc Sf1,2026-05-24,2026-05-24 21:00,Oklahoma City Thunder,San Antonio Spurs,San Antonio Spurs,Devin Vassell,PRA,19.5,Sobre,1.53,dom_alt,
San Antonio Spurs - Oklahoma City Thunder,Winner Of Wc Sf2 Winner Of Wc Sf1,2026-05-24,2026-05-24 21:00,Oklahoma City Thunder,San Antonio Spurs,San Antonio Spurs,Devin Vassell,PRA,19.5,Debajo,2.12,dom_alt,
San Antonio Spurs - Oklahoma City Thunder,Winner Of Wc Sf2 Winner Of Wc Sf1,2026-05-24,2026-05-24 21:00,Oklahoma City Thunder,San Antonio Spurs,San Antonio Spurs,Devin Vassell,PRA,23.5,Sobre,2.12,dom_alt,
San Antonio Spurs - Oklahoma City Thunder,Winner Of Wc Sf2 Winner Of Wc Sf1,2026-05-24,2026-05-24 21:00,Oklahoma City Thunder,San Antonio Spurs,San Antonio Spurs,Devin Vassell,PRA,23.5,Debajo,1.53,dom_alt,
San Antonio Spurs - Oklahoma City Thunder,Winner Of Wc Sf2 Winner Of Wc Sf1,2026-05-24,2026-05-24 21:00,Oklahoma City Thunder,San Antonio Spurs,San Antonio Spurs,Devin Vassell,PRA,18.5,Sobre,1.41,dom_alt,
San Antonio Spurs - Oklahoma City Thunder,Winner Of Wc Sf2 Winner Of Wc Sf1,2026-05-24,2026-05-24 21:00,Oklahoma City Thunder,San Antonio Spurs,San Antonio Spurs,Devin Vassell,PRA,18.5,Debajo,2.41,dom_alt,
San Antonio Spurs - Oklahoma City Thunder,Winner Of Wc Sf2 Winner Of Wc Sf1,2026-05-24,2026-05-24 21:00,Oklahoma City Thunder,San Antonio Spurs,San Antonio Spurs,Devin Vassell,PRA,24.5,Sobre,2.27,dom_alt,
San Antonio Spurs - Oklahoma City Thunder,Winner Of Wc Sf2 Winner Of Wc Sf1,2026-05-24,2026-05-24 21:00,Oklahoma City Thunder,San Antonio Spurs,San Antonio Spurs,Devin Vassell,PRA,24.5,Debajo,1.46,dom_alt,
San Antonio Spurs - Oklahoma City Thunder,Winner Of Wc Sf2 Winner Of Wc Sf1,2026-05-24,2026-05-24 21:00,Oklahoma City Thunder,San Antonio Spurs,San Antonio Spurs,Devin Vassell,PRA,17.5,Sobre,1.31,dom_alt,
San Antonio Spurs - Oklahoma City Thunder,Winner Of Wc Sf2 Winner Of Wc Sf1,2026-05-24,2026-05-24 21:00,Oklahoma City Thunder,San Antonio Spurs,San Antonio Spurs,Devin Vassell,PRA,17.5,Debajo,2.78,dom_alt,
San Antonio Spurs - Oklahoma City Thunder,Winner Of Wc Sf2 Winner Of Wc Sf1,2026-05-24,2026-05-24 21:00,Oklahoma City Thunder,San Antonio Spurs,San Antonio Spurs,Devin Vassell,PRA,25.5,Sobre,2.56,dom_alt,
San Antonio Spurs - Oklahoma City Thunder,Winner Of Wc Sf2 Winner Of Wc Sf1,2026-05-24,2026-05-24 21:00,Oklahoma City Thunder,San Antonio Spurs,San Antonio Spurs,Devin Vassell,PRA,25.5,Debajo,1.36,dom_alt,
San Antonio Spurs - Oklahoma City Thunder,Winner Of Wc Sf2 Winner Of Wc Sf1,2026-05-24,2026-05-24 21:00,Oklahoma City Thunder,San Antonio Spurs,San Antonio Spurs,Devin Vassell,Asistencias+Rebotes,6.5,Sobre,1.66,dom,
San Antonio Spurs - Oklahoma City Thunder,Winner Of Wc Sf2 Winner Of Wc Sf1,2026-05-24,2026-05-24 21:00,Oklahoma City Thunder,San Antonio Spurs,San Antonio Spurs,Devin Vassell,Asistencias+Rebotes,6.5,Debajo,2.04,dom,
San Antonio Spurs - Oklahoma City Thunder,Winner Of Wc Sf2 Winner Of Wc Sf1,2026-05-24,2026-05-24 21:00,Oklahoma City Thunder,San Antonio Spurs,San Antonio Spurs,Devin Vassell,Robos+Tapones,1.5,Sobre,1.97,dom,
San Antonio Spurs - Oklahoma City Thunder,Winner Of Wc Sf2 Winner Of Wc Sf1,2026-05-24,2026-05-24 21:00,Oklahoma City Thunder,San Antonio Spurs,San Antonio Spurs,Devin Vassell,Robos+Tapones,1.5,Debajo,1.72,dom,
San Antonio Spurs - Oklahoma City Thunder,Winner Of Wc Sf2 Winner Of Wc Sf1,2026-05-24,2026-05-24 21:00,Oklahoma City Thunder,San Antonio Spurs,San Antonio Spurs,Devin Vassell,Asistencias,2.5,Sobre,1.95,dom,
San Antonio Spurs - Oklahoma City Thunder,Winner Of Wc Sf2 Winner Of Wc Sf1,2026-05-24,2026-05-24 21:00,Oklahoma City Thunder,San Antonio Spurs,San Antonio Spurs,Devin Vassell,Asistencias,2.5,Debajo,1.73,dom,
San Antonio Spurs - Oklahoma City Thunder,Winner Of Wc Sf2 Winner Of Wc Sf1,2026-05-24,2026-05-24 21:00,Oklahoma City Thunder,San Antonio Spurs,San Antonio Spurs,Devin Vassell,PuntosPrimerCuarto,3.5,Sobre,1.98,dom,
San Antonio Spurs - Oklahoma City Thunder,Winner Of Wc Sf2 Winner Of Wc Sf1,2026-05-24,2026-05-24 21:00,Oklahoma City Thunder,San Antonio Spurs,San Antonio Spurs,Devin Vassell,PuntosPrimerCuarto,3.5,Debajo,1.71,dom,
San Antonio Spurs - Oklahoma City Thunder,Winner Of Wc Sf2 Winner Of Wc Sf1,2026-05-24,2026-05-24 21:00,Oklahoma City Thunder,San Antonio Spurs,San Antonio Spurs,Devin Vassell,AsistenciasPrimerCuarto,0.5,Sobre,1.87,dom,
San Antonio Spurs - Oklahoma City Thunder,Winner Of Wc Sf2 Winner Of Wc Sf1,2026-05-24,2026-05-24 21:00,Oklahoma City Thunder,San Antonio Spurs,San Antonio Spurs,Devin Vassell,AsistenciasPrimerCuarto,0.5,Debajo,1.80,dom,
San Antonio Spurs - Oklahoma City Thunder,Winner Of Wc Sf2 Winner Of Wc Sf1,2026-05-24,2026-05-24 21:00,Oklahoma City Thunder,San Antonio Spurs,San Antonio Spurs,Devin Vassell,TirosLibres,1.5,Sobre,1.75,dom,
San Antonio Spurs - Oklahoma City Thunder,Winner Of Wc Sf2 Winner Of Wc Sf1,2026-05-24,2026-05-24 21:00,Oklahoma City Thunder,San Antonio Spurs,San Antonio Spurs,Devin Vassell,TirosLibres,1.5,Debajo,1.92,dom,
San Antonio Spurs - Oklahoma City Thunder,Winner Of Wc Sf2 Winner Of Wc Sf1,2026-05-24,2026-05-24 21:00,Oklahoma City Thunder,San Antonio Spurs,San Antonio Spurs,Devin Vassell,GolesCampoInt,12.5,Sobre,1.76,dom,
San Antonio Spurs - Oklahoma City Thunder,Winner Of Wc Sf2 Winner Of Wc Sf1,2026-05-24,2026-05-24 21:00,Oklahoma City Thunder,San Antonio Spurs,San Antonio Spurs,Devin Vassell,GolesCampoInt,12.5,Debajo,1.91,dom,
San Antonio Spurs - Oklahoma City Thunder,Winner Of Wc Sf2 Winner Of Wc Sf1,2026-05-24,2026-05-24 21:00,Oklahoma City Thunder,San Antonio Spurs,San Antonio Spurs,Devin Vassell,TriplesInt,7.5,Sobre,1.82,dom,
San Antonio Spurs - Oklahoma City Thunder,Winner Of Wc Sf2 Winner Of Wc Sf1,2026-05-24,2026-05-24 21:00,Oklahoma City Thunder,San Antonio Spurs,San Antonio Spurs,Devin Vassell,TriplesInt,7.5,Debajo,1.85,dom,
San Antonio Spurs - Oklahoma City Thunder,Winner Of Wc Sf2 Winner Of Wc Sf1,2026-05-24,2026-05-24 21:00,Oklahoma City Thunder,San Antonio Spurs,San Antonio Spurs,Devin Vassell,Faltas,2.5,Sobre,1.79,dom,
San Antonio Spurs - Oklahoma City Thunder,Winner Of Wc Sf2 Winner Of Wc Sf1,2026-05-24,2026-05-24 21:00,Oklahoma City Thunder,San Antonio Spurs,San Antonio Spurs,Devin Vassell,Faltas,2.5,Debajo,1.88,dom,
San Antonio Spurs - Oklahoma City Thunder,Winner Of Wc Sf2 Winner Of Wc Sf1,2026-05-24,2026-05-24 21:00,Oklahoma City Thunder,San Antonio Spurs,San Antonio Spurs,Victor Wembanyama,Puntos,25.5,Sobre,1.88,dom,
San Antonio Spurs - Oklahoma City Thunder,Winner Of Wc Sf2 Winner Of Wc Sf1,2026-05-24,2026-05-24 21:00,Oklahoma City Thunder,San Antonio Spurs,San Antonio Spurs,Victor Wembanyama,Puntos,25.5,Debajo,1.79,dom,
San Antonio Spurs - Oklahoma City Thunder,Winner Of Wc Sf2 Winner Of Wc Sf1,2026-05-24,2026-05-24 21:00,Oklahoma City Thunder,San Antonio Spurs,San Antonio Spurs,Victor Wembanyama,Puntos,26.5,Sobre,1.97,dom_alt,
San Antonio Spurs - Oklahoma City Thunder,Winner Of Wc Sf2 Winner Of Wc Sf1,2026-05-24,2026-05-24 21:00,Oklahoma City Thunder,San Antonio Spurs,San Antonio Spurs,Victor Wembanyama,Puntos,26.5,Debajo,1.62,dom_alt,
San Antonio Spurs - Oklahoma City Thunder,Winner Of Wc Sf2 Winner Of Wc Sf1,2026-05-24,2026-05-24 21:00,Oklahoma City Thunder,San Antonio Spurs,San Antonio Spurs,Victor Wembanyama,Puntos,23.5,Sobre,1.55,dom_alt,
San Antonio Spurs - Oklahoma City Thunder,Winner Of Wc Sf2 Winner Of Wc Sf1,2026-05-24,2026-05-24 21:00,Oklahoma City Thunder,San Antonio Spurs,San Antonio Spurs,Victor Wembanyama,Puntos,23.5,Debajo,2.08,dom_alt,
San Antonio Spurs - Oklahoma City Thunder,Winner Of Wc Sf2 Winner Of Wc Sf1,2026-05-24,2026-05-24 21:00,Oklahoma City Thunder,San Antonio Spurs,San Antonio Spurs,Victor Wembanyama,Puntos,27.5,Sobre,2.08,dom_alt,
San Antonio Spurs - Oklahoma City Thunder,Winner Of Wc Sf2 Winner Of Wc Sf1,2026-05-24,2026-05-24 21:00,Oklahoma City Thunder,San Antonio Spurs,San Antonio Spurs,Victor Wembanyama,Puntos,27.5,Debajo,1.55,dom_alt,
San Antonio Spurs - Oklahoma City Thunder,Winner Of Wc Sf2 Winner Of Wc Sf1,2026-05-24,2026-05-24 21:00,Oklahoma City Thunder,San Antonio Spurs,San Antonio Spurs,Victor Wembanyama,Puntos,22.5,Sobre,1.48,dom_alt,
San Antonio Spurs - Oklahoma City Thunder,Winner Of Wc Sf2 Winner Of Wc Sf1,2026-05-24,2026-05-24 21:00,Oklahoma City Thunder,San Antonio Spurs,San Antonio Spurs,Victor Wembanyama,Puntos,22.5,Debajo,2.22,dom_alt,
San Antonio Spurs - Oklahoma City Thunder,Winner Of Wc Sf2 Winner Of Wc Sf1,2026-05-24,2026-05-24 21:00,Oklahoma City Thunder,San Antonio Spurs,San Antonio Spurs,Victor Wembanyama,Puntos,28.5,Sobre,2.29,dom_alt,
San Antonio Spurs - Oklahoma City Thunder,Winner Of Wc Sf2 Winner Of Wc Sf1,2026-05-24,2026-05-24 21:00,Oklahoma City Thunder,San Antonio Spurs,San Antonio Spurs,Victor Wembanyama,Puntos,28.5,Debajo,1.45,dom_alt,
San Antonio Spurs - Oklahoma City Thunder,Winner Of Wc Sf2 Winner Of Wc Sf1,2026-05-24,2026-05-24 21:00,Oklahoma City Thunder,San Antonio Spurs,San Antonio Spurs,Victor Wembanyama,Puntos,21.5,Sobre,1.39,dom_alt,
San Antonio Spurs - Oklahoma City Thunder,Winner Of Wc Sf2 Winner Of Wc Sf1,2026-05-24,2026-05-24 21:00,Oklahoma City Thunder,San Antonio Spurs,San Antonio Spurs,Victor Wembanyama,Puntos,21.5,Debajo,2.47,dom_alt,
San Antonio Spurs - Oklahoma City Thunder,Winner Of Wc Sf2 Winner Of Wc Sf1,2026-05-24,2026-05-24 21:00,Oklahoma City Thunder,San Antonio Spurs,San Antonio Spurs,Victor Wembanyama,Puntos,29.5,Sobre,2.55,dom_alt,
San Antonio Spurs - Oklahoma City Thunder,Winner Of Wc Sf2 Winner Of Wc Sf1,2026-05-24,2026-05-24 21:00,Oklahoma City Thunder,San Antonio Spurs,San Antonio Spurs,Victor Wembanyama,Puntos,29.5,Debajo,1.36,dom_alt,
San Antonio Spurs - Oklahoma City Thunder,Winner Of Wc Sf2 Winner Of Wc Sf1,2026-05-24,2026-05-24 21:00,Oklahoma City Thunder,San Antonio Spurs,San Antonio Spurs,Victor Wembanyama,Puntos,20.5,Sobre,1.31,dom_alt,
San Antonio Spurs - Oklahoma City Thunder,Winner Of Wc Sf2 Winner Of Wc Sf1,2026-05-24,2026-05-24 21:00,Oklahoma City Thunder,San Antonio Spurs,San Antonio Spurs,Victor Wembanyama,Puntos,20.5,Debajo,2.77,dom_alt,
San Antonio Spurs - Oklahoma City Thunder,Winner Of Wc Sf2 Winner Of Wc Sf1,2026-05-24,2026-05-24 21:00,Oklahoma City Thunder,San Antonio Spurs,San Antonio Spurs,Victor Wembanyama,Puntos,30.5,Sobre,2.86,dom_alt,
San Antonio Spurs - Oklahoma City Thunder,Winner Of Wc Sf2 Winner Of Wc Sf1,2026-05-24,2026-05-24 21:00,Oklahoma City Thunder,San Antonio Spurs,San Antonio Spurs,Victor Wembanyama,Puntos,30.5,Debajo,1.29,dom_alt,
San Antonio Spurs - Oklahoma City Thunder,Winner Of Wc Sf2 Winner Of Wc Sf1,2026-05-24,2026-05-24 21:00,Oklahoma City Thunder,San Antonio Spurs,San Antonio Spurs,Victor Wembanyama,Rebotes,14.5,Sobre,2.02,dom,
San Antonio Spurs - Oklahoma City Thunder,Winner Of Wc Sf2 Winner Of Wc Sf1,2026-05-24,2026-05-24 21:00,Oklahoma City Thunder,San Antonio Spurs,San Antonio Spurs,Victor Wembanyama,Rebotes,14.5,Debajo,1.68,dom,
San Antonio Spurs - Oklahoma City Thunder,Winner Of Wc Sf2 Winner Of Wc Sf1,2026-05-24,2026-05-24 21:00,Oklahoma City Thunder,San Antonio Spurs,San Antonio Spurs,Victor Wembanyama,Rebotes,15.5,Sobre,2.24,dom_alt,
San Antonio Spurs - Oklahoma City Thunder,Winner Of Wc Sf2 Winner Of Wc Sf1,2026-05-24,2026-05-24 21:00,Oklahoma City Thunder,San Antonio Spurs,San Antonio Spurs,Victor Wembanyama,Rebotes,15.5,Debajo,1.47,dom_alt,
San Antonio Spurs - Oklahoma City Thunder,Winner Of Wc Sf2 Winner Of Wc Sf1,2026-05-24,2026-05-24 21:00,Oklahoma City Thunder,San Antonio Spurs,San Antonio Spurs,Victor Wembanyama,Rebotes,12.5,Sobre,1.47,dom_alt,
San Antonio Spurs - Oklahoma City Thunder,Winner Of Wc Sf2 Winner Of Wc Sf1,2026-05-24,2026-05-24 21:00,Oklahoma City Thunder,San Antonio Spurs,San Antonio Spurs,Victor Wembanyama,Rebotes,12.5,Debajo,2.26,dom_alt,
San Antonio Spurs - Oklahoma City Thunder,Winner Of Wc Sf2 Winner Of Wc Sf1,2026-05-24,2026-05-24 21:00,Oklahoma City Thunder,San Antonio Spurs,San Antonio Spurs,Victor Wembanyama,Rebotes,16.5,Sobre,2.75,dom_alt,
San Antonio Spurs - Oklahoma City Thunder,Winner Of Wc Sf2 Winner Of Wc Sf1,2026-05-24,2026-05-24 21:00,Oklahoma City Thunder,San Antonio Spurs,San Antonio Spurs,Victor Wembanyama,Rebotes,16.5,Debajo,1.31,dom_alt,
San Antonio Spurs - Oklahoma City Thunder,Winner Of Wc Sf2 Winner Of Wc Sf1,2026-05-24,2026-05-24 21:00,Oklahoma City Thunder,San Antonio Spurs,San Antonio Spurs,Victor Wembanyama,Triples,1.5,Sobre,1.75,dom,
San Antonio Spurs - Oklahoma City Thunder,Winner Of Wc Sf2 Winner Of Wc Sf1,2026-05-24,2026-05-24 21:00,Oklahoma City Thunder,San Antonio Spurs,San Antonio Spurs,Victor Wembanyama,Triples,1.5,Debajo,1.92,dom,
San Antonio Spurs - Oklahoma City Thunder,Winner Of Wc Sf2 Winner Of Wc Sf1,2026-05-24,2026-05-24 21:00,Oklahoma City Thunder,San Antonio Spurs,San Antonio Spurs,Victor Wembanyama,Tapones,3.5,Sobre,1.88,dom,
San Antonio Spurs - Oklahoma City Thunder,Winner Of Wc Sf2 Winner Of Wc Sf1,2026-05-24,2026-05-24 21:00,Oklahoma City Thunder,San Antonio Spurs,San Antonio Spurs,Victor Wembanyama,Tapones,3.5,Debajo,1.79,dom,
San Antonio Spurs - Oklahoma City Thunder,Winner Of Wc Sf2 Winner Of Wc Sf1,2026-05-24,2026-05-24 21:00,Oklahoma City Thunder,San Antonio Spurs,San Antonio Spurs,Victor Wembanyama,Puntos+Rebotes,39.5,Sobre,1.83,dom,
San Antonio Spurs - Oklahoma City Thunder,Winner Of Wc Sf2 Winner Of Wc Sf1,2026-05-24,2026-05-24 21:00,Oklahoma City Thunder,San Antonio Spurs,San Antonio Spurs,Victor Wembanyama,Puntos+Rebotes,39.5,Debajo,1.84,dom,
San Antonio Spurs - Oklahoma City Thunder,Winner Of Wc Sf2 Winner Of Wc Sf1,2026-05-24,2026-05-24 21:00,Oklahoma City Thunder,San Antonio Spurs,San Antonio Spurs,Victor Wembanyama,Puntos+Rebotes,40.5,Sobre,1.90,dom_alt,
San Antonio Spurs - Oklahoma City Thunder,Winner Of Wc Sf2 Winner Of Wc Sf1,2026-05-24,2026-05-24 21:00,Oklahoma City Thunder,San Antonio Spurs,San Antonio Spurs,Victor Wembanyama,Puntos+Rebotes,40.5,Debajo,1.67,dom_alt,
San Antonio Spurs - Oklahoma City Thunder,Winner Of Wc Sf2 Winner Of Wc Sf1,2026-05-24,2026-05-24 21:00,Oklahoma City Thunder,San Antonio Spurs,San Antonio Spurs,Victor Wembanyama,Puntos+Rebotes,37.5,Sobre,1.57,dom_alt,
San Antonio Spurs - Oklahoma City Thunder,Winner Of Wc Sf2 Winner Of Wc Sf1,2026-05-24,2026-05-24 21:00,Oklahoma City Thunder,San Antonio Spurs,San Antonio Spurs,Victor Wembanyama,Puntos+Rebotes,37.5,Debajo,2.05,dom_alt,
San Antonio Spurs - Oklahoma City Thunder,Winner Of Wc Sf2 Winner Of Wc Sf1,2026-05-24,2026-05-24 21:00,Oklahoma City Thunder,San Antonio Spurs,San Antonio Spurs,Victor Wembanyama,Puntos+Rebotes,41.5,Sobre,2.03,dom_alt,
San Antonio Spurs - Oklahoma City Thunder,Winner Of Wc Sf2 Winner Of Wc Sf1,2026-05-24,2026-05-24 21:00,Oklahoma City Thunder,San Antonio Spurs,San Antonio Spurs,Victor Wembanyama,Puntos+Rebotes,41.5,Debajo,1.58,dom_alt,
San Antonio Spurs - Oklahoma City Thunder,Winner Of Wc Sf2 Winner Of Wc Sf1,2026-05-24,2026-05-24 21:00,Oklahoma City Thunder,San Antonio Spurs,San Antonio Spurs,Victor Wembanyama,Puntos+Rebotes,36.5,Sobre,1.52,dom_alt,
San Antonio Spurs - Oklahoma City Thunder,Winner Of Wc Sf2 Winner Of Wc Sf1,2026-05-24,2026-05-24 21:00,Oklahoma City Thunder,San Antonio Spurs,San Antonio Spurs,Victor Wembanyama,Puntos+Rebotes,36.5,Debajo,2.14,dom_alt,
San Antonio Spurs - Oklahoma City Thunder,Winner Of Wc Sf2 Winner Of Wc Sf1,2026-05-24,2026-05-24 21:00,Oklahoma City Thunder,San Antonio Spurs,San Antonio Spurs,Victor Wembanyama,Puntos+Rebotes,42.5,Sobre,2.12,dom_alt,
San Antonio Spurs - Oklahoma City Thunder,Winner Of Wc Sf2 Winner Of Wc Sf1,2026-05-24,2026-05-24 21:00,Oklahoma City Thunder,San Antonio Spurs,San Antonio Spurs,Victor Wembanyama,Puntos+Rebotes,42.5,Debajo,1.53,dom_alt,
San Antonio Spurs - Oklahoma City Thunder,Winner Of Wc Sf2 Winner Of Wc Sf1,2026-05-24,2026-05-24 21:00,Oklahoma City Thunder,San Antonio Spurs,San Antonio Spurs,Victor Wembanyama,Puntos+Asistencias,28.5,Sobre,1.81,dom,
San Antonio Spurs - Oklahoma City Thunder,Winner Of Wc Sf2 Winner Of Wc Sf1,2026-05-24,2026-05-24 21:00,Oklahoma City Thunder,San Antonio Spurs,San Antonio Spurs,Victor Wembanyama,Puntos+Asistencias,28.5,Debajo,1.86,dom,
San Antonio Spurs - Oklahoma City Thunder,Winner Of Wc Sf2 Winner Of Wc Sf1,2026-05-24,2026-05-24 21:00,Oklahoma City Thunder,San Antonio Spurs,San Antonio Spurs,Victor Wembanyama,Puntos+Asistencias,29.5,Sobre,1.91,dom_alt,
San Antonio Spurs - Oklahoma City Thunder,Winner Of Wc Sf2 Winner Of Wc Sf1,2026-05-24,2026-05-24 21:00,Oklahoma City Thunder,San Antonio Spurs,San Antonio Spurs,Victor Wembanyama,Puntos+Asistencias,29.5,Debajo,1.66,dom_alt,
San Antonio Spurs - Oklahoma City Thunder,Winner Of Wc Sf2 Winner Of Wc Sf1,2026-05-24,2026-05-24 21:00,Oklahoma City Thunder,San Antonio Spurs,San Antonio Spurs,Victor Wembanyama,Puntos+Asistencias,26.5,Sobre,1.56,dom_alt,
San Antonio Spurs - Oklahoma City Thunder,Winner Of Wc Sf2 Winner Of Wc Sf1,2026-05-24,2026-05-24 21:00,Oklahoma City Thunder,San Antonio Spurs,San Antonio Spurs,Victor Wembanyama,Puntos+Asistencias,26.5,Debajo,2.07,dom_alt,
San Antonio Spurs - Oklahoma City Thunder,Winner Of Wc Sf2 Winner Of Wc Sf1,2026-05-24,2026-05-24 21:00,Oklahoma City Thunder,San Antonio Spurs,San Antonio Spurs,Victor Wembanyama,Puntos+Asistencias,30.5,Sobre,2.07,dom_alt,
San Antonio Spurs - Oklahoma City Thunder,Winner Of Wc Sf2 Winner Of Wc Sf1,2026-05-24,2026-05-24 21:00,Oklahoma City Thunder,San Antonio Spurs,San Antonio Spurs,Victor Wembanyama,Puntos+Asistencias,30.5,Debajo,1.56,dom_alt,
San Antonio Spurs - Oklahoma City Thunder,Winner Of Wc Sf2 Winner Of Wc Sf1,2026-05-24,2026-05-24 21:00,Oklahoma City Thunder,San Antonio Spurs,San Antonio Spurs,Victor Wembanyama,PRA,43.5,Sobre,1.90,dom,
San Antonio Spurs - Oklahoma City Thunder,Winner Of Wc Sf2 Winner Of Wc Sf1,2026-05-24,2026-05-24 21:00,Oklahoma City Thunder,San Antonio Spurs,San Antonio Spurs,Victor Wembanyama,PRA,43.5,Debajo,1.77,dom,
San Antonio Spurs - Oklahoma City Thunder,Winner Of Wc Sf2 Winner Of Wc Sf1,2026-05-24,2026-05-24 21:00,Oklahoma City Thunder,San Antonio Spurs,San Antonio Spurs,Victor Wembanyama,PRA,44.5,Sobre,1.96,dom_alt,
San Antonio Spurs - Oklahoma City Thunder,Winner Of Wc Sf2 Winner Of Wc Sf1,2026-05-24,2026-05-24 21:00,Oklahoma City Thunder,San Antonio Spurs,San Antonio Spurs,Victor Wembanyama,PRA,44.5,Debajo,1.62,dom_alt,
San Antonio Spurs - Oklahoma City Thunder,Winner Of Wc Sf2 Winner Of Wc Sf1,2026-05-24,2026-05-24 21:00,Oklahoma City Thunder,San Antonio Spurs,San Antonio Spurs,Victor Wembanyama,PRA,41.5,Sobre,1.62,dom_alt,
San Antonio Spurs - Oklahoma City Thunder,Winner Of Wc Sf2 Winner Of Wc Sf1,2026-05-24,2026-05-24 21:00,Oklahoma City Thunder,San Antonio Spurs,San Antonio Spurs,Victor Wembanyama,PRA,41.5,Debajo,1.97,dom_alt,
San Antonio Spurs - Oklahoma City Thunder,Winner Of Wc Sf2 Winner Of Wc Sf1,2026-05-24,2026-05-24 21:00,Oklahoma City Thunder,San Antonio Spurs,San Antonio Spurs,Victor Wembanyama,PRA,45.5,Sobre,2.04,dom_alt,
San Antonio Spurs - Oklahoma City Thunder,Winner Of Wc Sf2 Winner Of Wc Sf1,2026-05-24,2026-05-24 21:00,Oklahoma City Thunder,San Antonio Spurs,San Antonio Spurs,Victor Wembanyama,PRA,45.5,Debajo,1.57,dom_alt,
San Antonio Spurs - Oklahoma City Thunder,Winner Of Wc Sf2 Winner Of Wc Sf1,2026-05-24,2026-05-24 21:00,Oklahoma City Thunder,San Antonio Spurs,San Antonio Spurs,Victor Wembanyama,PRA,40.5,Sobre,1.57,dom_alt,
San Antonio Spurs - Oklahoma City Thunder,Winner Of Wc Sf2 Winner Of Wc Sf1,2026-05-24,2026-05-24 21:00,Oklahoma City Thunder,San Antonio Spurs,San Antonio Spurs,Victor Wembanyama,PRA,40.5,Debajo,2.05,dom_alt,
San Antonio Spurs - Oklahoma City Thunder,Winner Of Wc Sf2 Winner Of Wc Sf1,2026-05-24,2026-05-24 21:00,Oklahoma City Thunder,San Antonio Spurs,San Antonio Spurs,Victor Wembanyama,PRA,46.5,Sobre,2.22,dom_alt,
San Antonio Spurs - Oklahoma City Thunder,Winner Of Wc Sf2 Winner Of Wc Sf1,2026-05-24,2026-05-24 21:00,Oklahoma City Thunder,San Antonio Spurs,San Antonio Spurs,Victor Wembanyama,PRA,46.5,Debajo,1.48,dom_alt,
San Antonio Spurs - Oklahoma City Thunder,Winner Of Wc Sf2 Winner Of Wc Sf1,2026-05-24,2026-05-24 21:00,Oklahoma City Thunder,San Antonio Spurs,San Antonio Spurs,Victor Wembanyama,PRA,39.5,Sobre,1.48,dom_alt,
San Antonio Spurs - Oklahoma City Thunder,Winner Of Wc Sf2 Winner Of Wc Sf1,2026-05-24,2026-05-24 21:00,Oklahoma City Thunder,San Antonio Spurs,San Antonio Spurs,Victor Wembanyama,PRA,39.5,Debajo,2.22,dom_alt,
San Antonio Spurs - Oklahoma City Thunder,Winner Of Wc Sf2 Winner Of Wc Sf1,2026-05-24,2026-05-24 21:00,Oklahoma City Thunder,San Antonio Spurs,San Antonio Spurs,Victor Wembanyama,PRA,47.5,Sobre,2.43,dom_alt,
San Antonio Spurs - Oklahoma City Thunder,Winner Of Wc Sf2 Winner Of Wc Sf1,2026-05-24,2026-05-24 21:00,Oklahoma City Thunder,San Antonio Spurs,San Antonio Spurs,Victor Wembanyama,PRA,47.5,Debajo,1.40,dom_alt,
San Antonio Spurs - Oklahoma City Thunder,Winner Of Wc Sf2 Winner Of Wc Sf1,2026-05-24,2026-05-24 21:00,Oklahoma City Thunder,San Antonio Spurs,San Antonio Spurs,Victor Wembanyama,PRA,38.5,Sobre,1.41,dom_alt,
San Antonio Spurs - Oklahoma City Thunder,Winner Of Wc Sf2 Winner Of Wc Sf1,2026-05-24,2026-05-24 21:00,Oklahoma City Thunder,San Antonio Spurs,San Antonio Spurs,Victor Wembanyama,PRA,38.5,Debajo,2.40,dom_alt,
San Antonio Spurs - Oklahoma City Thunder,Winner Of Wc Sf2 Winner Of Wc Sf1,2026-05-24,2026-05-24 21:00,Oklahoma City Thunder,San Antonio Spurs,San Antonio Spurs,Victor Wembanyama,PRA,48.5,Sobre,2.65,dom_alt,
San Antonio Spurs - Oklahoma City Thunder,Winner Of Wc Sf2 Winner Of Wc Sf1,2026-05-24,2026-05-24 21:00,Oklahoma City Thunder,San Antonio Spurs,San Antonio Spurs,Victor Wembanyama,PRA,48.5,Debajo,1.34,dom_alt,
San Antonio Spurs - Oklahoma City Thunder,Winner Of Wc Sf2 Winner Of Wc Sf1,2026-05-24,2026-05-24 21:00,Oklahoma City Thunder,San Antonio Spurs,San Antonio Spurs,Victor Wembanyama,Asistencias+Rebotes,17.5,Sobre,1.87,dom,
San Antonio Spurs - Oklahoma City Thunder,Winner Of Wc Sf2 Winner Of Wc Sf1,2026-05-24,2026-05-24 21:00,Oklahoma City Thunder,San Antonio Spurs,San Antonio Spurs,Victor Wembanyama,Asistencias+Rebotes,17.5,Debajo,1.80,dom,
San Antonio Spurs - Oklahoma City Thunder,Winner Of Wc Sf2 Winner Of Wc Sf1,2026-05-24,2026-05-24 21:00,Oklahoma City Thunder,San Antonio Spurs,San Antonio Spurs,Victor Wembanyama,Asistencias+Rebotes,18.5,Sobre,2.04,dom_alt,
San Antonio Spurs - Oklahoma City Thunder,Winner Of Wc Sf2 Winner Of Wc Sf1,2026-05-24,2026-05-24 21:00,Oklahoma City Thunder,San Antonio Spurs,San Antonio Spurs,Victor Wembanyama,Asistencias+Rebotes,18.5,Debajo,1.57,dom_alt,
San Antonio Spurs - Oklahoma City Thunder,Winner Of Wc Sf2 Winner Of Wc Sf1,2026-05-24,2026-05-24 21:00,Oklahoma City Thunder,San Antonio Spurs,San Antonio Spurs,Victor Wembanyama,Robos+Tapones,4.5,Sobre,1.81,dom,
San Antonio Spurs - Oklahoma City Thunder,Winner Of Wc Sf2 Winner Of Wc Sf1,2026-05-24,2026-05-24 21:00,Oklahoma City Thunder,San Antonio Spurs,San Antonio Spurs,Victor Wembanyama,Robos+Tapones,4.5,Debajo,1.86,dom,
San Antonio Spurs - Oklahoma City Thunder,Winner Of Wc Sf2 Winner Of Wc Sf1,2026-05-24,2026-05-24 21:00,Oklahoma City Thunder,San Antonio Spurs,San Antonio Spurs,Victor Wembanyama,DobleDoble,0.5,Sobre,1.09,dom,
San Antonio Spurs - Oklahoma City Thunder,Winner Of Wc Sf2 Winner Of Wc Sf1,2026-05-24,2026-05-24 21:00,Oklahoma City Thunder,San Antonio Spurs,San Antonio Spurs,Victor Wembanyama,DobleDoble,0.5,Debajo,5.70,dom,
San Antonio Spurs - Oklahoma City Thunder,Winner Of Wc Sf2 Winner Of Wc Sf1,2026-05-24,2026-05-24 21:00,Oklahoma City Thunder,San Antonio Spurs,San Antonio Spurs,Victor Wembanyama,Asistencias,3.5,Sobre,2.15,dom,
San Antonio Spurs - Oklahoma City Thunder,Winner Of Wc Sf2 Winner Of Wc Sf1,2026-05-24,2026-05-24 21:00,Oklahoma City Thunder,San Antonio Spurs,San Antonio Spurs,Victor Wembanyama,Asistencias,3.5,Debajo,1.60,dom,
San Antonio Spurs - Oklahoma City Thunder,Winner Of Wc Sf2 Winner Of Wc Sf1,2026-05-24,2026-05-24 21:00,Oklahoma City Thunder,San Antonio Spurs,San Antonio Spurs,Victor Wembanyama,PuntosPrimerCuarto,5.5,Sobre,1.80,dom,
San Antonio Spurs - Oklahoma City Thunder,Winner Of Wc Sf2 Winner Of Wc Sf1,2026-05-24,2026-05-24 21:00,Oklahoma City Thunder,San Antonio Spurs,San Antonio Spurs,Victor Wembanyama,PuntosPrimerCuarto,5.5,Debajo,1.87,dom,
San Antonio Spurs - Oklahoma City Thunder,Winner Of Wc Sf2 Winner Of Wc Sf1,2026-05-24,2026-05-24 21:00,Oklahoma City Thunder,San Antonio Spurs,San Antonio Spurs,Victor Wembanyama,PuntosPrimerCuarto,6.5,Sobre,2.06,dom_alt,
San Antonio Spurs - Oklahoma City Thunder,Winner Of Wc Sf2 Winner Of Wc Sf1,2026-05-24,2026-05-24 21:00,Oklahoma City Thunder,San Antonio Spurs,San Antonio Spurs,Victor Wembanyama,PuntosPrimerCuarto,6.5,Debajo,1.56,dom_alt,
San Antonio Spurs - Oklahoma City Thunder,Winner Of Wc Sf2 Winner Of Wc Sf1,2026-05-24,2026-05-24 21:00,Oklahoma City Thunder,San Antonio Spurs,San Antonio Spurs,Victor Wembanyama,AsistenciasPrimerCuarto,0.5,Sobre,1.64,dom,
San Antonio Spurs - Oklahoma City Thunder,Winner Of Wc Sf2 Winner Of Wc Sf1,2026-05-24,2026-05-24 21:00,Oklahoma City Thunder,San Antonio Spurs,San Antonio Spurs,Victor Wembanyama,AsistenciasPrimerCuarto,0.5,Debajo,2.09,dom,
San Antonio Spurs - Oklahoma City Thunder,Winner Of Wc Sf2 Winner Of Wc Sf1,2026-05-24,2026-05-24 21:00,Oklahoma City Thunder,San Antonio Spurs,San Antonio Spurs,Victor Wembanyama,RebotesPrimerCuarto,3.5,Sobre,2.12,dom,
San Antonio Spurs - Oklahoma City Thunder,Winner Of Wc Sf2 Winner Of Wc Sf1,2026-05-24,2026-05-24 21:00,Oklahoma City Thunder,San Antonio Spurs,San Antonio Spurs,Victor Wembanyama,RebotesPrimerCuarto,3.5,Debajo,1.61,dom,
San Antonio Spurs - Oklahoma City Thunder,Winner Of Wc Sf2 Winner Of Wc Sf1,2026-05-24,2026-05-24 21:00,Oklahoma City Thunder,San Antonio Spurs,San Antonio Spurs,Victor Wembanyama,TirosLibres,6.5,Sobre,1.87,dom,
San Antonio Spurs - Oklahoma City Thunder,Winner Of Wc Sf2 Winner Of Wc Sf1,2026-05-24,2026-05-24 21:00,Oklahoma City Thunder,San Antonio Spurs,San Antonio Spurs,Victor Wembanyama,TirosLibres,6.5,Debajo,1.80,dom,
San Antonio Spurs - Oklahoma City Thunder,Winner Of Wc Sf2 Winner Of Wc Sf1,2026-05-24,2026-05-24 21:00,Oklahoma City Thunder,San Antonio Spurs,San Antonio Spurs,Victor Wembanyama,TirosLibresInt,7.5,Sobre,1.80,dom,
San Antonio Spurs - Oklahoma City Thunder,Winner Of Wc Sf2 Winner Of Wc Sf1,2026-05-24,2026-05-24 21:00,Oklahoma City Thunder,San Antonio Spurs,San Antonio Spurs,Victor Wembanyama,TirosLibresInt,7.5,Debajo,1.87,dom,
San Antonio Spurs - Oklahoma City Thunder,Winner Of Wc Sf2 Winner Of Wc Sf1,2026-05-24,2026-05-24 21:00,Oklahoma City Thunder,San Antonio Spurs,San Antonio Spurs,Victor Wembanyama,GolesCampo,8.5,Sobre,1.92,dom,
San Antonio Spurs - Oklahoma City Thunder,Winner Of Wc Sf2 Winner Of Wc Sf1,2026-05-24,2026-05-24 21:00,Oklahoma City Thunder,San Antonio Spurs,San Antonio Spurs,Victor Wembanyama,GolesCampo,8.5,Debajo,1.76,dom,
San Antonio Spurs - Oklahoma City Thunder,Winner Of Wc Sf2 Winner Of Wc Sf1,2026-05-24,2026-05-24 21:00,Oklahoma City Thunder,San Antonio Spurs,San Antonio Spurs,Victor Wembanyama,GolesCampoInt,16.5,Sobre,1.73,dom,
San Antonio Spurs - Oklahoma City Thunder,Winner Of Wc Sf2 Winner Of Wc Sf1,2026-05-24,2026-05-24 21:00,Oklahoma City Thunder,San Antonio Spurs,San Antonio Spurs,Victor Wembanyama,GolesCampoInt,16.5,Debajo,1.95,dom,
San Antonio Spurs - Oklahoma City Thunder,Winner Of Wc Sf2 Winner Of Wc Sf1,2026-05-24,2026-05-24 21:00,Oklahoma City Thunder,San Antonio Spurs,San Antonio Spurs,Victor Wembanyama,TriplesInt,5.5,Sobre,2.11,dom,
San Antonio Spurs - Oklahoma City Thunder,Winner Of Wc Sf2 Winner Of Wc Sf1,2026-05-24,2026-05-24 21:00,Oklahoma City Thunder,San Antonio Spurs,San Antonio Spurs,Victor Wembanyama,TriplesInt,5.5,Debajo,1.62,dom,
San Antonio Spurs - Oklahoma City Thunder,Winner Of Wc Sf2 Winner Of Wc Sf1,2026-05-24,2026-05-24 21:00,Oklahoma City Thunder,San Antonio Spurs,San Antonio Spurs,Victor Wembanyama,Faltas,3.5,Sobre,2.08,dom,
San Antonio Spurs - Oklahoma City Thunder,Winner Of Wc Sf2 Winner Of Wc Sf1,2026-05-24,2026-05-24 21:00,Oklahoma City Thunder,San Antonio Spurs,San Antonio Spurs,Victor Wembanyama,Faltas,3.5,Debajo,1.64,dom,
San Antonio Spurs - Oklahoma City Thunder,Winner Of Wc Sf2 Winner Of Wc Sf1,2026-05-24,2026-05-24 21:00,Oklahoma City Thunder,San Antonio Spurs,Oklahoma City Thunder,Alex Caruso,Puntos,9.5,Sobre,1.82,dom,
San Antonio Spurs - Oklahoma City Thunder,Winner Of Wc Sf2 Winner Of Wc Sf1,2026-05-24,2026-05-24 21:00,Oklahoma City Thunder,San Antonio Spurs,Oklahoma City Thunder,Alex Caruso,Puntos,9.5,Debajo,1.85,dom,
San Antonio Spurs - Oklahoma City Thunder,Winner Of Wc Sf2 Winner Of Wc Sf1,2026-05-24,2026-05-24 21:00,Oklahoma City Thunder,San Antonio Spurs,Oklahoma City Thunder,Alex Caruso,Puntos,10.5,Sobre,1.98,dom_alt,
San Antonio Spurs - Oklahoma City Thunder,Winner Of Wc Sf2 Winner Of Wc Sf1,2026-05-24,2026-05-24 21:00,Oklahoma City Thunder,San Antonio Spurs,Oklahoma City Thunder,Alex Caruso,Puntos,10.5,Debajo,1.62,dom_alt,
San Antonio Spurs - Oklahoma City Thunder,Winner Of Wc Sf2 Winner Of Wc Sf1,2026-05-24,2026-05-24 21:00,Oklahoma City Thunder,San Antonio Spurs,Oklahoma City Thunder,Alex Caruso,Puntos,7.5,Sobre,1.46,dom_alt,
San Antonio Spurs - Oklahoma City Thunder,Winner Of Wc Sf2 Winner Of Wc Sf1,2026-05-24,2026-05-24 21:00,Oklahoma City Thunder,San Antonio Spurs,Oklahoma City Thunder,Alex Caruso,Puntos,7.5,Debajo,2.28,dom_alt,
San Antonio Spurs - Oklahoma City Thunder,Winner Of Wc Sf2 Winner Of Wc Sf1,2026-05-24,2026-05-24 21:00,Oklahoma City Thunder,San Antonio Spurs,Oklahoma City Thunder,Alex Caruso,Puntos,11.5,Sobre,2.21,dom_alt,
San Antonio Spurs - Oklahoma City Thunder,Winner Of Wc Sf2 Winner Of Wc Sf1,2026-05-24,2026-05-24 21:00,Oklahoma City Thunder,San Antonio Spurs,Oklahoma City Thunder,Alex Caruso,Puntos,11.5,Debajo,1.49,dom_alt,
San Antonio Spurs - Oklahoma City Thunder,Winner Of Wc Sf2 Winner Of Wc Sf1,2026-05-24,2026-05-24 21:00,Oklahoma City Thunder,San Antonio Spurs,Oklahoma City Thunder,Alex Caruso,Puntos,6.5,Sobre,1.32,dom_alt,
San Antonio Spurs - Oklahoma City Thunder,Winner Of Wc Sf2 Winner Of Wc Sf1,2026-05-24,2026-05-24 21:00,Oklahoma City Thunder,San Antonio Spurs,Oklahoma City Thunder,Alex Caruso,Puntos,6.5,Debajo,2.71,dom_alt,
San Antonio Spurs - Oklahoma City Thunder,Winner Of Wc Sf2 Winner Of Wc Sf1,2026-05-24,2026-05-24 21:00,Oklahoma City Thunder,San Antonio Spurs,Oklahoma City Thunder,Alex Caruso,Puntos,12.5,Sobre,2.54,dom_alt,
San Antonio Spurs - Oklahoma City Thunder,Winner Of Wc Sf2 Winner Of Wc Sf1,2026-05-24,2026-05-24 21:00,Oklahoma City Thunder,San Antonio Spurs,Oklahoma City Thunder,Alex Caruso,Puntos,12.5,Debajo,1.37,dom_alt,
San Antonio Spurs - Oklahoma City Thunder,Winner Of Wc Sf2 Winner Of Wc Sf1,2026-05-24,2026-05-24 21:00,Oklahoma City Thunder,San Antonio Spurs,Oklahoma City Thunder,Alex Caruso,Rebotes,3.5,Sobre,2.01,dom,
San Antonio Spurs - Oklahoma City Thunder,Winner Of Wc Sf2 Winner Of Wc Sf1,2026-05-24,2026-05-24 21:00,Oklahoma City Thunder,San Antonio Spurs,Oklahoma City Thunder,Alex Caruso,Rebotes,3.5,Debajo,1.69,dom,
San Antonio Spurs - Oklahoma City Thunder,Winner Of Wc Sf2 Winner Of Wc Sf1,2026-05-24,2026-05-24 21:00,Oklahoma City Thunder,San Antonio Spurs,Oklahoma City Thunder,Alex Caruso,Rebotes,4.5,Sobre,2.71,dom_alt,
San Antonio Spurs - Oklahoma City Thunder,Winner Of Wc Sf2 Winner Of Wc Sf1,2026-05-24,2026-05-24 21:00,Oklahoma City Thunder,San Antonio Spurs,Oklahoma City Thunder,Alex Caruso,Rebotes,4.5,Debajo,1.32,dom_alt,
San Antonio Spurs - Oklahoma City Thunder,Winner Of Wc Sf2 Winner Of Wc Sf1,2026-05-24,2026-05-24 21:00,Oklahoma City Thunder,San Antonio Spurs,Oklahoma City Thunder,Alex Caruso,Triples,1.5,Sobre,1.69,dom,
San Antonio Spurs - Oklahoma City Thunder,Winner Of Wc Sf2 Winner Of Wc Sf1,2026-05-24,2026-05-24 21:00,Oklahoma City Thunder,San Antonio Spurs,Oklahoma City Thunder,Alex Caruso,Triples,1.5,Debajo,2.01,dom,
San Antonio Spurs - Oklahoma City Thunder,Winner Of Wc Sf2 Winner Of Wc Sf1,2026-05-24,2026-05-24 21:00,Oklahoma City Thunder,San Antonio Spurs,Oklahoma City Thunder,Alex Caruso,Robos,1.5,Sobre,2.29,dom,
San Antonio Spurs - Oklahoma City Thunder,Winner Of Wc Sf2 Winner Of Wc Sf1,2026-05-24,2026-05-24 21:00,Oklahoma City Thunder,San Antonio Spurs,Oklahoma City Thunder,Alex Caruso,Robos,1.5,Debajo,1.53,dom,
San Antonio Spurs - Oklahoma City Thunder,Winner Of Wc Sf2 Winner Of Wc Sf1,2026-05-24,2026-05-24 21:00,Oklahoma City Thunder,San Antonio Spurs,Oklahoma City Thunder,Alex Caruso,Puntos+Rebotes,13.5,Sobre,1.93,dom,
San Antonio Spurs - Oklahoma City Thunder,Winner Of Wc Sf2 Winner Of Wc Sf1,2026-05-24,2026-05-24 21:00,Oklahoma City Thunder,San Antonio Spurs,Oklahoma City Thunder,Alex Caruso,Puntos+Rebotes,13.5,Debajo,1.75,dom,
San Antonio Spurs - Oklahoma City Thunder,Winner Of Wc Sf2 Winner Of Wc Sf1,2026-05-24,2026-05-24 21:00,Oklahoma City Thunder,San Antonio Spurs,Oklahoma City Thunder,Alex Caruso,Puntos+Rebotes,14.5,Sobre,2.08,dom_alt,
San Antonio Spurs - Oklahoma City Thunder,Winner Of Wc Sf2 Winner Of Wc Sf1,2026-05-24,2026-05-24 21:00,Oklahoma City Thunder,San Antonio Spurs,Oklahoma City Thunder,Alex Caruso,Puntos+Rebotes,14.5,Debajo,1.55,dom_alt,
San Antonio Spurs - Oklahoma City Thunder,Winner Of Wc Sf2 Winner Of Wc Sf1,2026-05-24,2026-05-24 21:00,Oklahoma City Thunder,San Antonio Spurs,Oklahoma City Thunder,Alex Caruso,Puntos+Rebotes,11.5,Sobre,1.53,dom_alt,
San Antonio Spurs - Oklahoma City Thunder,Winner Of Wc Sf2 Winner Of Wc Sf1,2026-05-24,2026-05-24 21:00,Oklahoma City Thunder,San Antonio Spurs,Oklahoma City Thunder,Alex Caruso,Puntos+Rebotes,11.5,Debajo,2.11,dom_alt,
San Antonio Spurs - Oklahoma City Thunder,Winner Of Wc Sf2 Winner Of Wc Sf1,2026-05-24,2026-05-24 21:00,Oklahoma City Thunder,San Antonio Spurs,Oklahoma City Thunder,Alex Caruso,Puntos+Asistencias,11.5,Sobre,1.80,dom,
San Antonio Spurs - Oklahoma City Thunder,Winner Of Wc Sf2 Winner Of Wc Sf1,2026-05-24,2026-05-24 21:00,Oklahoma City Thunder,San Antonio Spurs,Oklahoma City Thunder,Alex Caruso,Puntos+Asistencias,11.5,Debajo,1.87,dom,
San Antonio Spurs - Oklahoma City Thunder,Winner Of Wc Sf2 Winner Of Wc Sf1,2026-05-24,2026-05-24 21:00,Oklahoma City Thunder,San Antonio Spurs,Oklahoma City Thunder,Alex Caruso,Puntos+Asistencias,12.5,Sobre,1.95,dom_alt,
San Antonio Spurs - Oklahoma City Thunder,Winner Of Wc Sf2 Winner Of Wc Sf1,2026-05-24,2026-05-24 21:00,Oklahoma City Thunder,San Antonio Spurs,Oklahoma City Thunder,Alex Caruso,Puntos+Asistencias,12.5,Debajo,1.64,dom_alt,
San Antonio Spurs - Oklahoma City Thunder,Winner Of Wc Sf2 Winner Of Wc Sf1,2026-05-24,2026-05-24 21:00,Oklahoma City Thunder,San Antonio Spurs,Oklahoma City Thunder,Alex Caruso,Puntos+Asistencias,13.5,Sobre,2.13,dom_alt,
San Antonio Spurs - Oklahoma City Thunder,Winner Of Wc Sf2 Winner Of Wc Sf1,2026-05-24,2026-05-24 21:00,Oklahoma City Thunder,San Antonio Spurs,Oklahoma City Thunder,Alex Caruso,Puntos+Asistencias,13.5,Debajo,1.53,dom_alt,
San Antonio Spurs - Oklahoma City Thunder,Winner Of Wc Sf2 Winner Of Wc Sf1,2026-05-24,2026-05-24 21:00,Oklahoma City Thunder,San Antonio Spurs,Oklahoma City Thunder,Alex Caruso,PRA,15.5,Sobre,1.90,dom,
San Antonio Spurs - Oklahoma City Thunder,Winner Of Wc Sf2 Winner Of Wc Sf1,2026-05-24,2026-05-24 21:00,Oklahoma City Thunder,San Antonio Spurs,Oklahoma City Thunder,Alex Caruso,PRA,15.5,Debajo,1.78,dom,
San Antonio Spurs - Oklahoma City Thunder,Winner Of Wc Sf2 Winner Of Wc Sf1,2026-05-24,2026-05-24 21:00,Oklahoma City Thunder,San Antonio Spurs,Oklahoma City Thunder,Alex Caruso,PRA,16.5,Sobre,2.03,dom_alt,
San Antonio Spurs - Oklahoma City Thunder,Winner Of Wc Sf2 Winner Of Wc Sf1,2026-05-24,2026-05-24 21:00,Oklahoma City Thunder,San Antonio Spurs,Oklahoma City Thunder,Alex Caruso,PRA,16.5,Debajo,1.58,dom_alt,
San Antonio Spurs - Oklahoma City Thunder,Winner Of Wc Sf2 Winner Of Wc Sf1,2026-05-24,2026-05-24 21:00,Oklahoma City Thunder,San Antonio Spurs,Oklahoma City Thunder,Alex Caruso,PRA,13.5,Sobre,1.53,dom_alt,
San Antonio Spurs - Oklahoma City Thunder,Winner Of Wc Sf2 Winner Of Wc Sf1,2026-05-24,2026-05-24 21:00,Oklahoma City Thunder,San Antonio Spurs,Oklahoma City Thunder,Alex Caruso,PRA,13.5,Debajo,2.12,dom_alt,
San Antonio Spurs - Oklahoma City Thunder,Winner Of Wc Sf2 Winner Of Wc Sf1,2026-05-24,2026-05-24 21:00,Oklahoma City Thunder,San Antonio Spurs,Oklahoma City Thunder,Alex Caruso,PRA,17.5,Sobre,2.18,dom_alt,
San Antonio Spurs - Oklahoma City Thunder,Winner Of Wc Sf2 Winner Of Wc Sf1,2026-05-24,2026-05-24 21:00,Oklahoma City Thunder,San Antonio Spurs,Oklahoma City Thunder,Alex Caruso,PRA,17.5,Debajo,1.50,dom_alt,
San Antonio Spurs - Oklahoma City Thunder,Winner Of Wc Sf2 Winner Of Wc Sf1,2026-05-24,2026-05-24 21:00,Oklahoma City Thunder,San Antonio Spurs,Oklahoma City Thunder,Alex Caruso,PRA,12.5,Sobre,1.44,dom_alt,
San Antonio Spurs - Oklahoma City Thunder,Winner Of Wc Sf2 Winner Of Wc Sf1,2026-05-24,2026-05-24 21:00,Oklahoma City Thunder,San Antonio Spurs,Oklahoma City Thunder,Alex Caruso,PRA,12.5,Debajo,2.32,dom_alt,
San Antonio Spurs - Oklahoma City Thunder,Winner Of Wc Sf2 Winner Of Wc Sf1,2026-05-24,2026-05-24 21:00,Oklahoma City Thunder,San Antonio Spurs,Oklahoma City Thunder,Alex Caruso,PRA,18.5,Sobre,2.47,dom_alt,
San Antonio Spurs - Oklahoma City Thunder,Winner Of Wc Sf2 Winner Of Wc Sf1,2026-05-24,2026-05-24 21:00,Oklahoma City Thunder,San Antonio Spurs,Oklahoma City Thunder,Alex Caruso,PRA,18.5,Debajo,1.39,dom_alt,
San Antonio Spurs - Oklahoma City Thunder,Winner Of Wc Sf2 Winner Of Wc Sf1,2026-05-24,2026-05-24 21:00,Oklahoma City Thunder,San Antonio Spurs,Oklahoma City Thunder,Alex Caruso,PRA,11.5,Sobre,1.33,dom_alt,
San Antonio Spurs - Oklahoma City Thunder,Winner Of Wc Sf2 Winner Of Wc Sf1,2026-05-24,2026-05-24 21:00,Oklahoma City Thunder,San Antonio Spurs,Oklahoma City Thunder,Alex Caruso,PRA,11.5,Debajo,2.67,dom_alt,
San Antonio Spurs - Oklahoma City Thunder,Winner Of Wc Sf2 Winner Of Wc Sf1,2026-05-24,2026-05-24 21:00,Oklahoma City Thunder,San Antonio Spurs,Oklahoma City Thunder,Alex Caruso,Asistencias+Rebotes,5.5,Sobre,1.93,dom,
San Antonio Spurs - Oklahoma City Thunder,Winner Of Wc Sf2 Winner Of Wc Sf1,2026-05-24,2026-05-24 21:00,Oklahoma City Thunder,San Antonio Spurs,Oklahoma City Thunder,Alex Caruso,Asistencias+Rebotes,5.5,Debajo,1.75,dom,
San Antonio Spurs - Oklahoma City Thunder,Winner Of Wc Sf2 Winner Of Wc Sf1,2026-05-24,2026-05-24 21:00,Oklahoma City Thunder,San Antonio Spurs,Oklahoma City Thunder,Alex Caruso,Robos+Tapones,1.5,Sobre,1.77,dom,
San Antonio Spurs - Oklahoma City Thunder,Winner Of Wc Sf2 Winner Of Wc Sf1,2026-05-24,2026-05-24 21:00,Oklahoma City Thunder,San Antonio Spurs,Oklahoma City Thunder,Alex Caruso,Robos+Tapones,1.5,Debajo,1.91,dom,
San Antonio Spurs - Oklahoma City Thunder,Winner Of Wc Sf2 Winner Of Wc Sf1,2026-05-24,2026-05-24 21:00,Oklahoma City Thunder,San Antonio Spurs,Oklahoma City Thunder,Alex Caruso,Asistencias,1.5,Sobre,1.56,dom,
San Antonio Spurs - Oklahoma City Thunder,Winner Of Wc Sf2 Winner Of Wc Sf1,2026-05-24,2026-05-24 21:00,Oklahoma City Thunder,San Antonio Spurs,Oklahoma City Thunder,Alex Caruso,Asistencias,1.5,Debajo,2.22,dom,
San Antonio Spurs - Oklahoma City Thunder,Winner Of Wc Sf2 Winner Of Wc Sf1,2026-05-24,2026-05-24 21:00,Oklahoma City Thunder,San Antonio Spurs,Oklahoma City Thunder,Alex Caruso,PuntosPrimerCuarto,2.5,Sobre,2.16,dom,
San Antonio Spurs - Oklahoma City Thunder,Winner Of Wc Sf2 Winner Of Wc Sf1,2026-05-24,2026-05-24 21:00,Oklahoma City Thunder,San Antonio Spurs,Oklahoma City Thunder,Alex Caruso,PuntosPrimerCuarto,2.5,Debajo,1.59,dom,
San Antonio Spurs - Oklahoma City Thunder,Winner Of Wc Sf2 Winner Of Wc Sf1,2026-05-24,2026-05-24 21:00,Oklahoma City Thunder,San Antonio Spurs,Oklahoma City Thunder,Alex Caruso,PuntosPrimerCuarto,0.5,Sobre,1.57,dom_alt,
San Antonio Spurs - Oklahoma City Thunder,Winner Of Wc Sf2 Winner Of Wc Sf1,2026-05-24,2026-05-24 21:00,Oklahoma City Thunder,San Antonio Spurs,Oklahoma City Thunder,Alex Caruso,PuntosPrimerCuarto,0.5,Debajo,2.05,dom_alt,
San Antonio Spurs - Oklahoma City Thunder,Winner Of Wc Sf2 Winner Of Wc Sf1,2026-05-24,2026-05-24 21:00,Oklahoma City Thunder,San Antonio Spurs,Oklahoma City Thunder,Alex Caruso,RebotesPrimerCuarto,0.5,Sobre,1.76,dom,
San Antonio Spurs - Oklahoma City Thunder,Winner Of Wc Sf2 Winner Of Wc Sf1,2026-05-24,2026-05-24 21:00,Oklahoma City Thunder,San Antonio Spurs,Oklahoma City Thunder,Alex Caruso,RebotesPrimerCuarto,0.5,Debajo,1.92,dom,
San Antonio Spurs - Oklahoma City Thunder,Winner Of Wc Sf2 Winner Of Wc Sf1,2026-05-24,2026-05-24 21:00,Oklahoma City Thunder,San Antonio Spurs,Oklahoma City Thunder,Alex Caruso,TirosLibres,0.5,Sobre,1.66,dom,
San Antonio Spurs - Oklahoma City Thunder,Winner Of Wc Sf2 Winner Of Wc Sf1,2026-05-24,2026-05-24 21:00,Oklahoma City Thunder,San Antonio Spurs,Oklahoma City Thunder,Alex Caruso,TirosLibres,0.5,Debajo,2.06,dom,
San Antonio Spurs - Oklahoma City Thunder,Winner Of Wc Sf2 Winner Of Wc Sf1,2026-05-24,2026-05-24 21:00,Oklahoma City Thunder,San Antonio Spurs,Oklahoma City Thunder,Alex Caruso,TirosLibresInt,1.5,Sobre,1.78,dom,
San Antonio Spurs - Oklahoma City Thunder,Winner Of Wc Sf2 Winner Of Wc Sf1,2026-05-24,2026-05-24 21:00,Oklahoma City Thunder,San Antonio Spurs,Oklahoma City Thunder,Alex Caruso,TirosLibresInt,1.5,Debajo,1.89,dom,
San Antonio Spurs - Oklahoma City Thunder,Winner Of Wc Sf2 Winner Of Wc Sf1,2026-05-24,2026-05-24 21:00,Oklahoma City Thunder,San Antonio Spurs,Oklahoma City Thunder,Alex Caruso,GolesCampo,3.5,Sobre,2.04,dom,
San Antonio Spurs - Oklahoma City Thunder,Winner Of Wc Sf2 Winner Of Wc Sf1,2026-05-24,2026-05-24 21:00,Oklahoma City Thunder,San Antonio Spurs,Oklahoma City Thunder,Alex Caruso,GolesCampo,3.5,Debajo,1.67,dom,
San Antonio Spurs - Oklahoma City Thunder,Winner Of Wc Sf2 Winner Of Wc Sf1,2026-05-24,2026-05-24 21:00,Oklahoma City Thunder,San Antonio Spurs,Oklahoma City Thunder,Alex Caruso,GolesCampoInt,7.5,Sobre,1.74,dom,
San Antonio Spurs - Oklahoma City Thunder,Winner Of Wc Sf2 Winner Of Wc Sf1,2026-05-24,2026-05-24 21:00,Oklahoma City Thunder,San Antonio Spurs,Oklahoma City Thunder,Alex Caruso,GolesCampoInt,7.5,Debajo,1.94,dom,
San Antonio Spurs - Oklahoma City Thunder,Winner Of Wc Sf2 Winner Of Wc Sf1,2026-05-24,2026-05-24 21:00,Oklahoma City Thunder,San Antonio Spurs,Oklahoma City Thunder,Alex Caruso,TriplesInt,4.5,Sobre,1.62,dom,
San Antonio Spurs - Oklahoma City Thunder,Winner Of Wc Sf2 Winner Of Wc Sf1,2026-05-24,2026-05-24 21:00,Oklahoma City Thunder,San Antonio Spurs,Oklahoma City Thunder,Alex Caruso,TriplesInt,4.5,Debajo,2.12,dom,
San Antonio Spurs - Oklahoma City Thunder,Winner Of Wc Sf2 Winner Of Wc Sf1,2026-05-24,2026-05-24 21:00,Oklahoma City Thunder,San Antonio Spurs,Oklahoma City Thunder,Alex Caruso,Faltas,2.5,Sobre,1.87,dom,
San Antonio Spurs - Oklahoma City Thunder,Winner Of Wc Sf2 Winner Of Wc Sf1,2026-05-24,2026-05-24 21:00,Oklahoma City Thunder,San Antonio Spurs,Oklahoma City Thunder,Alex Caruso,Faltas,2.5,Debajo,1.80,dom,
San Antonio Spurs - Oklahoma City Thunder,Winner Of Wc Sf2 Winner Of Wc Sf1,2026-05-24,2026-05-24 21:00,Oklahoma City Thunder,San Antonio Spurs,Oklahoma City Thunder,Luguentz Dort,Puntos,5.5,Sobre,1.75,dom,
San Antonio Spurs - Oklahoma City Thunder,Winner Of Wc Sf2 Winner Of Wc Sf1,2026-05-24,2026-05-24 21:00,Oklahoma City Thunder,San Antonio Spurs,Oklahoma City Thunder,Luguentz Dort,Puntos,5.5,Debajo,1.93,dom,
San Antonio Spurs - Oklahoma City Thunder,Winner Of Wc Sf2 Winner Of Wc Sf1,2026-05-24,2026-05-24 21:00,Oklahoma City Thunder,San Antonio Spurs,Oklahoma City Thunder,Luguentz Dort,Puntos,6.5,Sobre,2.03,dom_alt,
San Antonio Spurs - Oklahoma City Thunder,Winner Of Wc Sf2 Winner Of Wc Sf1,2026-05-24,2026-05-24 21:00,Oklahoma City Thunder,San Antonio Spurs,Oklahoma City Thunder,Luguentz Dort,Puntos,6.5,Debajo,1.58,dom_alt,
San Antonio Spurs - Oklahoma City Thunder,Winner Of Wc Sf2 Winner Of Wc Sf1,2026-05-24,2026-05-24 21:00,Oklahoma City Thunder,San Antonio Spurs,Oklahoma City Thunder,Luguentz Dort,Puntos,3.5,Sobre,1.40,dom_alt,
San Antonio Spurs - Oklahoma City Thunder,Winner Of Wc Sf2 Winner Of Wc Sf1,2026-05-24,2026-05-24 21:00,Oklahoma City Thunder,San Antonio Spurs,Oklahoma City Thunder,Luguentz Dort,Puntos,3.5,Debajo,2.45,dom_alt,
San Antonio Spurs - Oklahoma City Thunder,Winner Of Wc Sf2 Winner Of Wc Sf1,2026-05-24,2026-05-24 21:00,Oklahoma City Thunder,San Antonio Spurs,Oklahoma City Thunder,Luguentz Dort,Puntos,7.5,Sobre,2.20,dom_alt,
San Antonio Spurs - Oklahoma City Thunder,Winner Of Wc Sf2 Winner Of Wc Sf1,2026-05-24,2026-05-24 21:00,Oklahoma City Thunder,San Antonio Spurs,Oklahoma City Thunder,Luguentz Dort,Puntos,7.5,Debajo,1.49,dom_alt,
San Antonio Spurs - Oklahoma City Thunder,Winner Of Wc Sf2 Winner Of Wc Sf1,2026-05-24,2026-05-24 21:00,Oklahoma City Thunder,San Antonio Spurs,Oklahoma City Thunder,Luguentz Dort,Puntos,8.5,Sobre,2.71,dom_alt,
San Antonio Spurs - Oklahoma City Thunder,Winner Of Wc Sf2 Winner Of Wc Sf1,2026-05-24,2026-05-24 21:00,Oklahoma City Thunder,San Antonio Spurs,Oklahoma City Thunder,Luguentz Dort,Puntos,8.5,Debajo,1.32,dom_alt,
San Antonio Spurs - Oklahoma City Thunder,Winner Of Wc Sf2 Winner Of Wc Sf1,2026-05-24,2026-05-24 21:00,Oklahoma City Thunder,San Antonio Spurs,Oklahoma City Thunder,Luguentz Dort,Rebotes,2.5,Sobre,1.71,dom,
San Antonio Spurs - Oklahoma City Thunder,Winner Of Wc Sf2 Winner Of Wc Sf1,2026-05-24,2026-05-24 21:00,Oklahoma City Thunder,San Antonio Spurs,Oklahoma City Thunder,Luguentz Dort,Rebotes,2.5,Debajo,1.98,dom,
San Antonio Spurs - Oklahoma City Thunder,Winner Of Wc Sf2 Winner Of Wc Sf1,2026-05-24,2026-05-24 21:00,Oklahoma City Thunder,San Antonio Spurs,Oklahoma City Thunder,Luguentz Dort,Triples,1.5,Sobre,2.23,dom,
San Antonio Spurs - Oklahoma City Thunder,Winner Of Wc Sf2 Winner Of Wc Sf1,2026-05-24,2026-05-24 21:00,Oklahoma City Thunder,San Antonio Spurs,Oklahoma City Thunder,Luguentz Dort,Triples,1.5,Debajo,1.56,dom,
San Antonio Spurs - Oklahoma City Thunder,Winner Of Wc Sf2 Winner Of Wc Sf1,2026-05-24,2026-05-24 21:00,Oklahoma City Thunder,San Antonio Spurs,Oklahoma City Thunder,Luguentz Dort,Robos,0.5,Sobre,1.97,dom,
San Antonio Spurs - Oklahoma City Thunder,Winner Of Wc Sf2 Winner Of Wc Sf1,2026-05-24,2026-05-24 21:00,Oklahoma City Thunder,San Antonio Spurs,Oklahoma City Thunder,Luguentz Dort,Robos,0.5,Debajo,1.72,dom,
San Antonio Spurs - Oklahoma City Thunder,Winner Of Wc Sf2 Winner Of Wc Sf1,2026-05-24,2026-05-24 21:00,Oklahoma City Thunder,San Antonio Spurs,Oklahoma City Thunder,Luguentz Dort,Puntos+Rebotes,8.5,Sobre,1.79,dom,
San Antonio Spurs - Oklahoma City Thunder,Winner Of Wc Sf2 Winner Of Wc Sf1,2026-05-24,2026-05-24 21:00,Oklahoma City Thunder,San Antonio Spurs,Oklahoma City Thunder,Luguentz Dort,Puntos+Rebotes,8.5,Debajo,1.88,dom,
San Antonio Spurs - Oklahoma City Thunder,Winner Of Wc Sf2 Winner Of Wc Sf1,2026-05-24,2026-05-24 21:00,Oklahoma City Thunder,San Antonio Spurs,Oklahoma City Thunder,Luguentz Dort,Puntos+Rebotes,9.5,Sobre,1.98,dom_alt,
San Antonio Spurs - Oklahoma City Thunder,Winner Of Wc Sf2 Winner Of Wc Sf1,2026-05-24,2026-05-24 21:00,Oklahoma City Thunder,San Antonio Spurs,Oklahoma City Thunder,Luguentz Dort,Puntos+Rebotes,9.5,Debajo,1.61,dom_alt,
San Antonio Spurs - Oklahoma City Thunder,Winner Of Wc Sf2 Winner Of Wc Sf1,2026-05-24,2026-05-24 21:00,Oklahoma City Thunder,San Antonio Spurs,Oklahoma City Thunder,Luguentz Dort,Puntos+Asistencias,6.5,Sobre,1.72,dom,
San Antonio Spurs - Oklahoma City Thunder,Winner Of Wc Sf2 Winner Of Wc Sf1,2026-05-24,2026-05-24 21:00,Oklahoma City Thunder,San Antonio Spurs,Oklahoma City Thunder,Luguentz Dort,Puntos+Asistencias,6.5,Debajo,1.97,dom,
San Antonio Spurs - Oklahoma City Thunder,Winner Of Wc Sf2 Winner Of Wc Sf1,2026-05-24,2026-05-24 21:00,Oklahoma City Thunder,San Antonio Spurs,Oklahoma City Thunder,Luguentz Dort,Puntos+Asistencias,8.5,Sobre,2.13,dom_alt,
San Antonio Spurs - Oklahoma City Thunder,Winner Of Wc Sf2 Winner Of Wc Sf1,2026-05-24,2026-05-24 21:00,Oklahoma City Thunder,San Antonio Spurs,Oklahoma City Thunder,Luguentz Dort,Puntos+Asistencias,8.5,Debajo,1.53,dom_alt,
San Antonio Spurs - Oklahoma City Thunder,Winner Of Wc Sf2 Winner Of Wc Sf1,2026-05-24,2026-05-24 21:00,Oklahoma City Thunder,San Antonio Spurs,Oklahoma City Thunder,Luguentz Dort,PRA,9.5,Sobre,1.74,dom,
San Antonio Spurs - Oklahoma City Thunder,Winner Of Wc Sf2 Winner Of Wc Sf1,2026-05-24,2026-05-24 21:00,Oklahoma City Thunder,San Antonio Spurs,Oklahoma City Thunder,Luguentz Dort,PRA,9.5,Debajo,1.94,dom,
San Antonio Spurs - Oklahoma City Thunder,Winner Of Wc Sf2 Winner Of Wc Sf1,2026-05-24,2026-05-24 21:00,Oklahoma City Thunder,San Antonio Spurs,Oklahoma City Thunder,Luguentz Dort,PRA,10.5,Sobre,1.92,dom_alt,
San Antonio Spurs - Oklahoma City Thunder,Winner Of Wc Sf2 Winner Of Wc Sf1,2026-05-24,2026-05-24 21:00,Oklahoma City Thunder,San Antonio Spurs,Oklahoma City Thunder,Luguentz Dort,PRA,10.5,Debajo,1.65,dom_alt,
San Antonio Spurs - Oklahoma City Thunder,Winner Of Wc Sf2 Winner Of Wc Sf1,2026-05-24,2026-05-24 21:00,Oklahoma City Thunder,San Antonio Spurs,Oklahoma City Thunder,Luguentz Dort,PRA,7.5,Sobre,1.41,dom_alt,
San Antonio Spurs - Oklahoma City Thunder,Winner Of Wc Sf2 Winner Of Wc Sf1,2026-05-24,2026-05-24 21:00,Oklahoma City Thunder,San Antonio Spurs,Oklahoma City Thunder,Luguentz Dort,PRA,7.5,Debajo,2.41,dom_alt,
San Antonio Spurs - Oklahoma City Thunder,Winner Of Wc Sf2 Winner Of Wc Sf1,2026-05-24,2026-05-24 21:00,Oklahoma City Thunder,San Antonio Spurs,Oklahoma City Thunder,Luguentz Dort,PRA,11.5,Sobre,2.10,dom_alt,
San Antonio Spurs - Oklahoma City Thunder,Winner Of Wc Sf2 Winner Of Wc Sf1,2026-05-24,2026-05-24 21:00,Oklahoma City Thunder,San Antonio Spurs,Oklahoma City Thunder,Luguentz Dort,PRA,11.5,Debajo,1.54,dom_alt,
San Antonio Spurs - Oklahoma City Thunder,Winner Of Wc Sf2 Winner Of Wc Sf1,2026-05-24,2026-05-24 21:00,Oklahoma City Thunder,San Antonio Spurs,Oklahoma City Thunder,Luguentz Dort,PRA,12.5,Sobre,2.41,dom_alt,
San Antonio Spurs - Oklahoma City Thunder,Winner Of Wc Sf2 Winner Of Wc Sf1,2026-05-24,2026-05-24 21:00,Oklahoma City Thunder,San Antonio Spurs,Oklahoma City Thunder,Luguentz Dort,PRA,12.5,Debajo,1.41,dom_alt,
San Antonio Spurs - Oklahoma City Thunder,Winner Of Wc Sf2 Winner Of Wc Sf1,2026-05-24,2026-05-24 21:00,Oklahoma City Thunder,San Antonio Spurs,Oklahoma City Thunder,Luguentz Dort,Asistencias+Rebotes,3.5,Sobre,1.66,dom,
San Antonio Spurs - Oklahoma City Thunder,Winner Of Wc Sf2 Winner Of Wc Sf1,2026-05-24,2026-05-24 21:00,Oklahoma City Thunder,San Antonio Spurs,Oklahoma City Thunder,Luguentz Dort,Asistencias+Rebotes,3.5,Debajo,2.05,dom,
San Antonio Spurs - Oklahoma City Thunder,Winner Of Wc Sf2 Winner Of Wc Sf1,2026-05-24,2026-05-24 21:00,Oklahoma City Thunder,San Antonio Spurs,Oklahoma City Thunder,Luguentz Dort,Robos+Tapones,0.5,Sobre,1.60,dom,
San Antonio Spurs - Oklahoma City Thunder,Winner Of Wc Sf2 Winner Of Wc Sf1,2026-05-24,2026-05-24 21:00,Oklahoma City Thunder,San Antonio Spurs,Oklahoma City Thunder,Luguentz Dort,Robos+Tapones,0.5,Debajo,2.15,dom,
San Antonio Spurs - Oklahoma City Thunder,Winner Of Wc Sf2 Winner Of Wc Sf1,2026-05-24,2026-05-24 21:00,Oklahoma City Thunder,San Antonio Spurs,Oklahoma City Thunder,Luguentz Dort,Asistencias,1.5,Sobre,2.64,dom,
San Antonio Spurs - Oklahoma City Thunder,Winner Of Wc Sf2 Winner Of Wc Sf1,2026-05-24,2026-05-24 21:00,Oklahoma City Thunder,San Antonio Spurs,Oklahoma City Thunder,Luguentz Dort,Asistencias,1.5,Debajo,1.41,dom,
San Antonio Spurs - Oklahoma City Thunder,Winner Of Wc Sf2 Winner Of Wc Sf1,2026-05-24,2026-05-24 21:00,Oklahoma City Thunder,San Antonio Spurs,Oklahoma City Thunder,Luguentz Dort,PuntosPrimerCuarto,1.5,Sobre,1.77,dom,
San Antonio Spurs - Oklahoma City Thunder,Winner Of Wc Sf2 Winner Of Wc Sf1,2026-05-24,2026-05-24 21:00,Oklahoma City Thunder,San Antonio Spurs,Oklahoma City Thunder,Luguentz Dort,PuntosPrimerCuarto,1.5,Debajo,1.91,dom,
San Antonio Spurs - Oklahoma City Thunder,Winner Of Wc Sf2 Winner Of Wc Sf1,2026-05-24,2026-05-24 21:00,Oklahoma City Thunder,San Antonio Spurs,Oklahoma City Thunder,Luguentz Dort,PuntosPrimerCuarto,2.5,Sobre,2.05,dom_alt,
San Antonio Spurs - Oklahoma City Thunder,Winner Of Wc Sf2 Winner Of Wc Sf1,2026-05-24,2026-05-24 21:00,Oklahoma City Thunder,San Antonio Spurs,Oklahoma City Thunder,Luguentz Dort,PuntosPrimerCuarto,2.5,Debajo,1.57,dom_alt,
San Antonio Spurs - Oklahoma City Thunder,Winner Of Wc Sf2 Winner Of Wc Sf1,2026-05-24,2026-05-24 21:00,Oklahoma City Thunder,San Antonio Spurs,Oklahoma City Thunder,Luguentz Dort,RebotesPrimerCuarto,0.5,Sobre,1.60,dom,
San Antonio Spurs - Oklahoma City Thunder,Winner Of Wc Sf2 Winner Of Wc Sf1,2026-05-24,2026-05-24 21:00,Oklahoma City Thunder,San Antonio Spurs,Oklahoma City Thunder,Luguentz Dort,RebotesPrimerCuarto,0.5,Debajo,2.16,dom,
San Antonio Spurs - Oklahoma City Thunder,Winner Of Wc Sf2 Winner Of Wc Sf1,2026-05-24,2026-05-24 21:00,Oklahoma City Thunder,San Antonio Spurs,Oklahoma City Thunder,Luguentz Dort,GolesCampoInt,5.5,Sobre,1.89,dom,
San Antonio Spurs - Oklahoma City Thunder,Winner Of Wc Sf2 Winner Of Wc Sf1,2026-05-24,2026-05-24 21:00,Oklahoma City Thunder,San Antonio Spurs,Oklahoma City Thunder,Luguentz Dort,GolesCampoInt,5.5,Debajo,1.79,dom,
San Antonio Spurs - Oklahoma City Thunder,Winner Of Wc Sf2 Winner Of Wc Sf1,2026-05-24,2026-05-24 21:00,Oklahoma City Thunder,San Antonio Spurs,Oklahoma City Thunder,Luguentz Dort,TriplesInt,3.5,Sobre,1.77,dom,
San Antonio Spurs - Oklahoma City Thunder,Winner Of Wc Sf2 Winner Of Wc Sf1,2026-05-24,2026-05-24 21:00,Oklahoma City Thunder,San Antonio Spurs,Oklahoma City Thunder,Luguentz Dort,TriplesInt,3.5,Debajo,1.90,dom,
San Antonio Spurs - Oklahoma City Thunder,Winner Of Wc Sf2 Winner Of Wc Sf1,2026-05-24,2026-05-24 21:00,Oklahoma City Thunder,San Antonio Spurs,Oklahoma City Thunder,Luguentz Dort,Faltas,2.5,Sobre,2.11,dom,
San Antonio Spurs - Oklahoma City Thunder,Winner Of Wc Sf2 Winner Of Wc Sf1,2026-05-24,2026-05-24 21:00,Oklahoma City Thunder,San Antonio Spurs,Oklahoma City Thunder,Luguentz Dort,Faltas,2.5,Debajo,1.62,dom,
San Antonio Spurs - Oklahoma City Thunder,Winner Of Wc Sf2 Winner Of Wc Sf1,2026-05-24,2026-05-24 21:00,Oklahoma City Thunder,San Antonio Spurs,Oklahoma City Thunder,Shai Gilgeous-Alexander,Puntos,29.5,Sobre,1.79,dom,
San Antonio Spurs - Oklahoma City Thunder,Winner Of Wc Sf2 Winner Of Wc Sf1,2026-05-24,2026-05-24 21:00,Oklahoma City Thunder,San Antonio Spurs,Oklahoma City Thunder,Shai Gilgeous-Alexander,Puntos,29.5,Debajo,1.88,dom,
San Antonio Spurs - Oklahoma City Thunder,Winner Of Wc Sf2 Winner Of Wc Sf1,2026-05-24,2026-05-24 21:00,Oklahoma City Thunder,San Antonio Spurs,Oklahoma City Thunder,Shai Gilgeous-Alexander,Puntos,30.5,Sobre,1.88,dom_alt,
San Antonio Spurs - Oklahoma City Thunder,Winner Of Wc Sf2 Winner Of Wc Sf1,2026-05-24,2026-05-24 21:00,Oklahoma City Thunder,San Antonio Spurs,Oklahoma City Thunder,Shai Gilgeous-Alexander,Puntos,30.5,Debajo,1.69,dom_alt,
San Antonio Spurs - Oklahoma City Thunder,Winner Of Wc Sf2 Winner Of Wc Sf1,2026-05-24,2026-05-24 21:00,Oklahoma City Thunder,San Antonio Spurs,Oklahoma City Thunder,Shai Gilgeous-Alexander,Puntos,27.5,Sobre,1.57,dom_alt,
San Antonio Spurs - Oklahoma City Thunder,Winner Of Wc Sf2 Winner Of Wc Sf1,2026-05-24,2026-05-24 21:00,Oklahoma City Thunder,San Antonio Spurs,Oklahoma City Thunder,Shai Gilgeous-Alexander,Puntos,27.5,Debajo,2.05,dom_alt,
San Antonio Spurs - Oklahoma City Thunder,Winner Of Wc Sf2 Winner Of Wc Sf1,2026-05-24,2026-05-24 21:00,Oklahoma City Thunder,San Antonio Spurs,Oklahoma City Thunder,Shai Gilgeous-Alexander,Puntos,31.5,Sobre,2.05,dom_alt,
San Antonio Spurs - Oklahoma City Thunder,Winner Of Wc Sf2 Winner Of Wc Sf1,2026-05-24,2026-05-24 21:00,Oklahoma City Thunder,San Antonio Spurs,Oklahoma City Thunder,Shai Gilgeous-Alexander,Puntos,31.5,Debajo,1.57,dom_alt,
San Antonio Spurs - Oklahoma City Thunder,Winner Of Wc Sf2 Winner Of Wc Sf1,2026-05-24,2026-05-24 21:00,Oklahoma City Thunder,San Antonio Spurs,Oklahoma City Thunder,Shai Gilgeous-Alexander,Puntos,26.5,Sobre,1.46,dom_alt,
San Antonio Spurs - Oklahoma City Thunder,Winner Of Wc Sf2 Winner Of Wc Sf1,2026-05-24,2026-05-24 21:00,Oklahoma City Thunder,San Antonio Spurs,Oklahoma City Thunder,Shai Gilgeous-Alexander,Puntos,26.5,Debajo,2.27,dom_alt,
San Antonio Spurs - Oklahoma City Thunder,Winner Of Wc Sf2 Winner Of Wc Sf1,2026-05-24,2026-05-24 21:00,Oklahoma City Thunder,San Antonio Spurs,Oklahoma City Thunder,Shai Gilgeous-Alexander,Puntos,32.5,Sobre,2.18,dom_alt,
San Antonio Spurs - Oklahoma City Thunder,Winner Of Wc Sf2 Winner Of Wc Sf1,2026-05-24,2026-05-24 21:00,Oklahoma City Thunder,San Antonio Spurs,Oklahoma City Thunder,Shai Gilgeous-Alexander,Puntos,32.5,Debajo,1.50,dom_alt,
San Antonio Spurs - Oklahoma City Thunder,Winner Of Wc Sf2 Winner Of Wc Sf1,2026-05-24,2026-05-24 21:00,Oklahoma City Thunder,San Antonio Spurs,Oklahoma City Thunder,Shai Gilgeous-Alexander,Puntos,25.5,Sobre,1.37,dom_alt,
San Antonio Spurs - Oklahoma City Thunder,Winner Of Wc Sf2 Winner Of Wc Sf1,2026-05-24,2026-05-24 21:00,Oklahoma City Thunder,San Antonio Spurs,Oklahoma City Thunder,Shai Gilgeous-Alexander,Puntos,25.5,Debajo,2.53,dom_alt,
San Antonio Spurs - Oklahoma City Thunder,Winner Of Wc Sf2 Winner Of Wc Sf1,2026-05-24,2026-05-24 21:00,Oklahoma City Thunder,San Antonio Spurs,Oklahoma City Thunder,Shai Gilgeous-Alexander,Puntos,33.5,Sobre,2.41,dom_alt,
San Antonio Spurs - Oklahoma City Thunder,Winner Of Wc Sf2 Winner Of Wc Sf1,2026-05-24,2026-05-24 21:00,Oklahoma City Thunder,San Antonio Spurs,Oklahoma City Thunder,Shai Gilgeous-Alexander,Puntos,33.5,Debajo,1.41,dom_alt,
San Antonio Spurs - Oklahoma City Thunder,Winner Of Wc Sf2 Winner Of Wc Sf1,2026-05-24,2026-05-24 21:00,Oklahoma City Thunder,San Antonio Spurs,Oklahoma City Thunder,Shai Gilgeous-Alexander,Puntos,24.5,Sobre,1.29,dom_alt,
San Antonio Spurs - Oklahoma City Thunder,Winner Of Wc Sf2 Winner Of Wc Sf1,2026-05-24,2026-05-24 21:00,Oklahoma City Thunder,San Antonio Spurs,Oklahoma City Thunder,Shai Gilgeous-Alexander,Puntos,24.5,Debajo,2.85,dom_alt,
San Antonio Spurs - Oklahoma City Thunder,Winner Of Wc Sf2 Winner Of Wc Sf1,2026-05-24,2026-05-24 21:00,Oklahoma City Thunder,San Antonio Spurs,Oklahoma City Thunder,Shai Gilgeous-Alexander,Puntos,34.5,Sobre,2.68,dom_alt,
San Antonio Spurs - Oklahoma City Thunder,Winner Of Wc Sf2 Winner Of Wc Sf1,2026-05-24,2026-05-24 21:00,Oklahoma City Thunder,San Antonio Spurs,Oklahoma City Thunder,Shai Gilgeous-Alexander,Puntos,34.5,Debajo,1.33,dom_alt,
San Antonio Spurs - Oklahoma City Thunder,Winner Of Wc Sf2 Winner Of Wc Sf1,2026-05-24,2026-05-24 21:00,Oklahoma City Thunder,San Antonio Spurs,Oklahoma City Thunder,Shai Gilgeous-Alexander,Rebotes,3.5,Sobre,1.62,dom,
San Antonio Spurs - Oklahoma City Thunder,Winner Of Wc Sf2 Winner Of Wc Sf1,2026-05-24,2026-05-24 21:00,Oklahoma City Thunder,San Antonio Spurs,Oklahoma City Thunder,Shai Gilgeous-Alexander,Rebotes,3.5,Debajo,2.12,dom,
San Antonio Spurs - Oklahoma City Thunder,Winner Of Wc Sf2 Winner Of Wc Sf1,2026-05-24,2026-05-24 21:00,Oklahoma City Thunder,San Antonio Spurs,Oklahoma City Thunder,Shai Gilgeous-Alexander,Triples,1.5,Sobre,1.98,dom,
San Antonio Spurs - Oklahoma City Thunder,Winner Of Wc Sf2 Winner Of Wc Sf1,2026-05-24,2026-05-24 21:00,Oklahoma City Thunder,San Antonio Spurs,Oklahoma City Thunder,Shai Gilgeous-Alexander,Triples,1.5,Debajo,1.71,dom,
San Antonio Spurs - Oklahoma City Thunder,Winner Of Wc Sf2 Winner Of Wc Sf1,2026-05-24,2026-05-24 21:00,Oklahoma City Thunder,San Antonio Spurs,Oklahoma City Thunder,Shai Gilgeous-Alexander,Robos,1.5,Sobre,2.18,dom,
San Antonio Spurs - Oklahoma City Thunder,Winner Of Wc Sf2 Winner Of Wc Sf1,2026-05-24,2026-05-24 21:00,Oklahoma City Thunder,San Antonio Spurs,Oklahoma City Thunder,Shai Gilgeous-Alexander,Robos,1.5,Debajo,1.58,dom,
San Antonio Spurs - Oklahoma City Thunder,Winner Of Wc Sf2 Winner Of Wc Sf1,2026-05-24,2026-05-24 21:00,Oklahoma City Thunder,San Antonio Spurs,Oklahoma City Thunder,Shai Gilgeous-Alexander,Tapones,0.5,Sobre,1.56,dom,
San Antonio Spurs - Oklahoma City Thunder,Winner Of Wc Sf2 Winner Of Wc Sf1,2026-05-24,2026-05-24 21:00,Oklahoma City Thunder,San Antonio Spurs,Oklahoma City Thunder,Shai Gilgeous-Alexander,Tapones,0.5,Debajo,2.24,dom,
San Antonio Spurs - Oklahoma City Thunder,Winner Of Wc Sf2 Winner Of Wc Sf1,2026-05-24,2026-05-24 21:00,Oklahoma City Thunder,San Antonio Spurs,Oklahoma City Thunder,Shai Gilgeous-Alexander,Pérdidas,2.5,Sobre,1.67,dom,
San Antonio Spurs - Oklahoma City Thunder,Winner Of Wc Sf2 Winner Of Wc Sf1,2026-05-24,2026-05-24 21:00,Oklahoma City Thunder,San Antonio Spurs,Oklahoma City Thunder,Shai Gilgeous-Alexander,Pérdidas,2.5,Debajo,2.03,dom,
San Antonio Spurs - Oklahoma City Thunder,Winner Of Wc Sf2 Winner Of Wc Sf1,2026-05-24,2026-05-24 21:00,Oklahoma City Thunder,San Antonio Spurs,Oklahoma City Thunder,Shai Gilgeous-Alexander,Puntos+Rebotes,33.5,Sobre,1.77,dom,
San Antonio Spurs - Oklahoma City Thunder,Winner Of Wc Sf2 Winner Of Wc Sf1,2026-05-24,2026-05-24 21:00,Oklahoma City Thunder,San Antonio Spurs,Oklahoma City Thunder,Shai Gilgeous-Alexander,Puntos+Rebotes,33.5,Debajo,1.90,dom,
San Antonio Spurs - Oklahoma City Thunder,Winner Of Wc Sf2 Winner Of Wc Sf1,2026-05-24,2026-05-24 21:00,Oklahoma City Thunder,San Antonio Spurs,Oklahoma City Thunder,Shai Gilgeous-Alexander,Puntos+Rebotes,34.5,Sobre,1.87,dom_alt,
San Antonio Spurs - Oklahoma City Thunder,Winner Of Wc Sf2 Winner Of Wc Sf1,2026-05-24,2026-05-24 21:00,Oklahoma City Thunder,San Antonio Spurs,Oklahoma City Thunder,Shai Gilgeous-Alexander,Puntos+Rebotes,34.5,Debajo,1.70,dom_alt,
San Antonio Spurs - Oklahoma City Thunder,Winner Of Wc Sf2 Winner Of Wc Sf1,2026-05-24,2026-05-24 21:00,Oklahoma City Thunder,San Antonio Spurs,Oklahoma City Thunder,Shai Gilgeous-Alexander,Puntos+Rebotes,31.5,Sobre,1.57,dom_alt,
San Antonio Spurs - Oklahoma City Thunder,Winner Of Wc Sf2 Winner Of Wc Sf1,2026-05-24,2026-05-24 21:00,Oklahoma City Thunder,San Antonio Spurs,Oklahoma City Thunder,Shai Gilgeous-Alexander,Puntos+Rebotes,31.5,Debajo,2.05,dom_alt,
San Antonio Spurs - Oklahoma City Thunder,Winner Of Wc Sf2 Winner Of Wc Sf1,2026-05-24,2026-05-24 21:00,Oklahoma City Thunder,San Antonio Spurs,Oklahoma City Thunder,Shai Gilgeous-Alexander,Puntos+Rebotes,35.5,Sobre,2.03,dom_alt,
San Antonio Spurs - Oklahoma City Thunder,Winner Of Wc Sf2 Winner Of Wc Sf1,2026-05-24,2026-05-24 21:00,Oklahoma City Thunder,San Antonio Spurs,Oklahoma City Thunder,Shai Gilgeous-Alexander,Puntos+Rebotes,35.5,Debajo,1.58,dom_alt,
San Antonio Spurs - Oklahoma City Thunder,Winner Of Wc Sf2 Winner Of Wc Sf1,2026-05-24,2026-05-24 21:00,Oklahoma City Thunder,San Antonio Spurs,Oklahoma City Thunder,Shai Gilgeous-Alexander,Puntos+Rebotes,36.5,Sobre,2.14,dom_alt,
San Antonio Spurs - Oklahoma City Thunder,Winner Of Wc Sf2 Winner Of Wc Sf1,2026-05-24,2026-05-24 21:00,Oklahoma City Thunder,San Antonio Spurs,Oklahoma City Thunder,Shai Gilgeous-Alexander,Puntos+Rebotes,36.5,Debajo,1.52,dom_alt,
San Antonio Spurs - Oklahoma City Thunder,Winner Of Wc Sf2 Winner Of Wc Sf1,2026-05-24,2026-05-24 21:00,Oklahoma City Thunder,San Antonio Spurs,Oklahoma City Thunder,Shai Gilgeous-Alexander,Puntos+Asistencias,37.5,Sobre,1.85,dom,
San Antonio Spurs - Oklahoma City Thunder,Winner Of Wc Sf2 Winner Of Wc Sf1,2026-05-24,2026-05-24 21:00,Oklahoma City Thunder,San Antonio Spurs,Oklahoma City Thunder,Shai Gilgeous-Alexander,Puntos+Asistencias,37.5,Debajo,1.82,dom,
San Antonio Spurs - Oklahoma City Thunder,Winner Of Wc Sf2 Winner Of Wc Sf1,2026-05-24,2026-05-24 21:00,Oklahoma City Thunder,San Antonio Spurs,Oklahoma City Thunder,Shai Gilgeous-Alexander,Puntos+Asistencias,38.5,Sobre,1.93,dom_alt,
San Antonio Spurs - Oklahoma City Thunder,Winner Of Wc Sf2 Winner Of Wc Sf1,2026-05-24,2026-05-24 21:00,Oklahoma City Thunder,San Antonio Spurs,Oklahoma City Thunder,Shai Gilgeous-Alexander,Puntos+Asistencias,38.5,Debajo,1.65,dom_alt,
San Antonio Spurs - Oklahoma City Thunder,Winner Of Wc Sf2 Winner Of Wc Sf1,2026-05-24,2026-05-24 21:00,Oklahoma City Thunder,San Antonio Spurs,Oklahoma City Thunder,Shai Gilgeous-Alexander,Puntos+Asistencias,35.5,Sobre,1.56,dom_alt,
San Antonio Spurs - Oklahoma City Thunder,Winner Of Wc Sf2 Winner Of Wc Sf1,2026-05-24,2026-05-24 21:00,Oklahoma City Thunder,San Antonio Spurs,Oklahoma City Thunder,Shai Gilgeous-Alexander,Puntos+Asistencias,35.5,Debajo,2.07,dom_alt,
San Antonio Spurs - Oklahoma City Thunder,Winner Of Wc Sf2 Winner Of Wc Sf1,2026-05-24,2026-05-24 21:00,Oklahoma City Thunder,San Antonio Spurs,Oklahoma City Thunder,Shai Gilgeous-Alexander,Puntos+Asistencias,39.5,Sobre,2.11,dom_alt,
San Antonio Spurs - Oklahoma City Thunder,Winner Of Wc Sf2 Winner Of Wc Sf1,2026-05-24,2026-05-24 21:00,Oklahoma City Thunder,San Antonio Spurs,Oklahoma City Thunder,Shai Gilgeous-Alexander,Puntos+Asistencias,39.5,Debajo,1.53,dom_alt,
San Antonio Spurs - Oklahoma City Thunder,Winner Of Wc Sf2 Winner Of Wc Sf1,2026-05-24,2026-05-24 21:00,Oklahoma City Thunder,San Antonio Spurs,Oklahoma City Thunder,Shai Gilgeous-Alexander,PRA,41.5,Sobre,1.84,dom,
San Antonio Spurs - Oklahoma City Thunder,Winner Of Wc Sf2 Winner Of Wc Sf1,2026-05-24,2026-05-24 21:00,Oklahoma City Thunder,San Antonio Spurs,Oklahoma City Thunder,Shai Gilgeous-Alexander,PRA,41.5,Debajo,1.83,dom,
San Antonio Spurs - Oklahoma City Thunder,Winner Of Wc Sf2 Winner Of Wc Sf1,2026-05-24,2026-05-24 21:00,Oklahoma City Thunder,San Antonio Spurs,Oklahoma City Thunder,Shai Gilgeous-Alexander,PRA,42.5,Sobre,1.92,dom_alt,
San Antonio Spurs - Oklahoma City Thunder,Winner Of Wc Sf2 Winner Of Wc Sf1,2026-05-24,2026-05-24 21:00,Oklahoma City Thunder,San Antonio Spurs,Oklahoma City Thunder,Shai Gilgeous-Alexander,PRA,42.5,Debajo,1.65,dom_alt,
San Antonio Spurs - Oklahoma City Thunder,Winner Of Wc Sf2 Winner Of Wc Sf1,2026-05-24,2026-05-24 21:00,Oklahoma City Thunder,San Antonio Spurs,Oklahoma City Thunder,Shai Gilgeous-Alexander,PRA,39.5,Sobre,1.56,dom_alt,
San Antonio Spurs - Oklahoma City Thunder,Winner Of Wc Sf2 Winner Of Wc Sf1,2026-05-24,2026-05-24 21:00,Oklahoma City Thunder,San Antonio Spurs,Oklahoma City Thunder,Shai Gilgeous-Alexander,PRA,39.5,Debajo,2.06,dom_alt,
San Antonio Spurs - Oklahoma City Thunder,Winner Of Wc Sf2 Winner Of Wc Sf1,2026-05-24,2026-05-24 21:00,Oklahoma City Thunder,San Antonio Spurs,Oklahoma City Thunder,Shai Gilgeous-Alexander,PRA,43.5,Sobre,2.07,dom_alt,
San Antonio Spurs - Oklahoma City Thunder,Winner Of Wc Sf2 Winner Of Wc Sf1,2026-05-24,2026-05-24 21:00,Oklahoma City Thunder,San Antonio Spurs,Oklahoma City Thunder,Shai Gilgeous-Alexander,PRA,43.5,Debajo,1.56,dom_alt,
San Antonio Spurs - Oklahoma City Thunder,Winner Of Wc Sf2 Winner Of Wc Sf1,2026-05-24,2026-05-24 21:00,Oklahoma City Thunder,San Antonio Spurs,Oklahoma City Thunder,Shai Gilgeous-Alexander,PRA,38.5,Sobre,1.51,dom_alt,
San Antonio Spurs - Oklahoma City Thunder,Winner Of Wc Sf2 Winner Of Wc Sf1,2026-05-24,2026-05-24 21:00,Oklahoma City Thunder,San Antonio Spurs,Oklahoma City Thunder,Shai Gilgeous-Alexander,PRA,38.5,Debajo,2.16,dom_alt,
San Antonio Spurs - Oklahoma City Thunder,Winner Of Wc Sf2 Winner Of Wc Sf1,2026-05-24,2026-05-24 21:00,Oklahoma City Thunder,San Antonio Spurs,Oklahoma City Thunder,Shai Gilgeous-Alexander,PRA,44.5,Sobre,2.18,dom_alt,
San Antonio Spurs - Oklahoma City Thunder,Winner Of Wc Sf2 Winner Of Wc Sf1,2026-05-24,2026-05-24 21:00,Oklahoma City Thunder,San Antonio Spurs,Oklahoma City Thunder,Shai Gilgeous-Alexander,PRA,44.5,Debajo,1.50,dom_alt,
San Antonio Spurs - Oklahoma City Thunder,Winner Of Wc Sf2 Winner Of Wc Sf1,2026-05-24,2026-05-24 21:00,Oklahoma City Thunder,San Antonio Spurs,Oklahoma City Thunder,Shai Gilgeous-Alexander,PRA,37.5,Sobre,1.43,dom_alt,
San Antonio Spurs - Oklahoma City Thunder,Winner Of Wc Sf2 Winner Of Wc Sf1,2026-05-24,2026-05-24 21:00,Oklahoma City Thunder,San Antonio Spurs,Oklahoma City Thunder,Shai Gilgeous-Alexander,PRA,37.5,Debajo,2.36,dom_alt,
San Antonio Spurs - Oklahoma City Thunder,Winner Of Wc Sf2 Winner Of Wc Sf1,2026-05-24,2026-05-24 21:00,Oklahoma City Thunder,San Antonio Spurs,Oklahoma City Thunder,Shai Gilgeous-Alexander,PRA,45.5,Sobre,2.36,dom_alt,
San Antonio Spurs - Oklahoma City Thunder,Winner Of Wc Sf2 Winner Of Wc Sf1,2026-05-24,2026-05-24 21:00,Oklahoma City Thunder,San Antonio Spurs,Oklahoma City Thunder,Shai Gilgeous-Alexander,PRA,45.5,Debajo,1.43,dom_alt,
San Antonio Spurs - Oklahoma City Thunder,Winner Of Wc Sf2 Winner Of Wc Sf1,2026-05-24,2026-05-24 21:00,Oklahoma City Thunder,San Antonio Spurs,Oklahoma City Thunder,Shai Gilgeous-Alexander,PRA,36.5,Sobre,1.35,dom_alt,
San Antonio Spurs - Oklahoma City Thunder,Winner Of Wc Sf2 Winner Of Wc Sf1,2026-05-24,2026-05-24 21:00,Oklahoma City Thunder,San Antonio Spurs,Oklahoma City Thunder,Shai Gilgeous-Alexander,PRA,36.5,Debajo,2.59,dom_alt,
San Antonio Spurs - Oklahoma City Thunder,Winner Of Wc Sf2 Winner Of Wc Sf1,2026-05-24,2026-05-24 21:00,Oklahoma City Thunder,San Antonio Spurs,Oklahoma City Thunder,Shai Gilgeous-Alexander,PRA,46.5,Sobre,2.59,dom_alt,
San Antonio Spurs - Oklahoma City Thunder,Winner Of Wc Sf2 Winner Of Wc Sf1,2026-05-24,2026-05-24 21:00,Oklahoma City Thunder,San Antonio Spurs,Oklahoma City Thunder,Shai Gilgeous-Alexander,PRA,46.5,Debajo,1.35,dom_alt,
San Antonio Spurs - Oklahoma City Thunder,Winner Of Wc Sf2 Winner Of Wc Sf1,2026-05-24,2026-05-24 21:00,Oklahoma City Thunder,San Antonio Spurs,Oklahoma City Thunder,Shai Gilgeous-Alexander,Asistencias+Rebotes,11.5,Sobre,1.84,dom,
San Antonio Spurs - Oklahoma City Thunder,Winner Of Wc Sf2 Winner Of Wc Sf1,2026-05-24,2026-05-24 21:00,Oklahoma City Thunder,San Antonio Spurs,Oklahoma City Thunder,Shai Gilgeous-Alexander,Asistencias+Rebotes,11.5,Debajo,1.83,dom,
San Antonio Spurs - Oklahoma City Thunder,Winner Of Wc Sf2 Winner Of Wc Sf1,2026-05-24,2026-05-24 21:00,Oklahoma City Thunder,San Antonio Spurs,Oklahoma City Thunder,Shai Gilgeous-Alexander,Asistencias+Rebotes,12.5,Sobre,2.09,dom_alt,
San Antonio Spurs - Oklahoma City Thunder,Winner Of Wc Sf2 Winner Of Wc Sf1,2026-05-24,2026-05-24 21:00,Oklahoma City Thunder,San Antonio Spurs,Oklahoma City Thunder,Shai Gilgeous-Alexander,Asistencias+Rebotes,12.5,Debajo,1.55,dom_alt,
San Antonio Spurs - Oklahoma City Thunder,Winner Of Wc Sf2 Winner Of Wc Sf1,2026-05-24,2026-05-24 21:00,Oklahoma City Thunder,San Antonio Spurs,Oklahoma City Thunder,Shai Gilgeous-Alexander,Robos+Tapones,2.5,Sobre,2.16,dom,
San Antonio Spurs - Oklahoma City Thunder,Winner Of Wc Sf2 Winner Of Wc Sf1,2026-05-24,2026-05-24 21:00,Oklahoma City Thunder,San Antonio Spurs,Oklahoma City Thunder,Shai Gilgeous-Alexander,Robos+Tapones,2.5,Debajo,1.59,dom,
San Antonio Spurs - Oklahoma City Thunder,Winner Of Wc Sf2 Winner Of Wc Sf1,2026-05-24,2026-05-24 21:00,Oklahoma City Thunder,San Antonio Spurs,Oklahoma City Thunder,Shai Gilgeous-Alexander,DobleDoble,0.5,Sobre,3.41,dom,
San Antonio Spurs - Oklahoma City Thunder,Winner Of Wc Sf2 Winner Of Wc Sf1,2026-05-24,2026-05-24 21:00,Oklahoma City Thunder,San Antonio Spurs,Oklahoma City Thunder,Shai Gilgeous-Alexander,DobleDoble,0.5,Debajo,1.26,dom,
San Antonio Spurs - Oklahoma City Thunder,Winner Of Wc Sf2 Winner Of Wc Sf1,2026-05-24,2026-05-24 21:00,Oklahoma City Thunder,San Antonio Spurs,Oklahoma City Thunder,Shai Gilgeous-Alexander,Asistencias,7.5,Sobre,1.89,dom,
San Antonio Spurs - Oklahoma City Thunder,Winner Of Wc Sf2 Winner Of Wc Sf1,2026-05-24,2026-05-24 21:00,Oklahoma City Thunder,San Antonio Spurs,Oklahoma City Thunder,Shai Gilgeous-Alexander,Asistencias,7.5,Debajo,1.79,dom,
San Antonio Spurs - Oklahoma City Thunder,Winner Of Wc Sf2 Winner Of Wc Sf1,2026-05-24,2026-05-24 21:00,Oklahoma City Thunder,San Antonio Spurs,Oklahoma City Thunder,Shai Gilgeous-Alexander,Asistencias,8.5,Sobre,2.25,dom_alt,
San Antonio Spurs - Oklahoma City Thunder,Winner Of Wc Sf2 Winner Of Wc Sf1,2026-05-24,2026-05-24 21:00,Oklahoma City Thunder,San Antonio Spurs,Oklahoma City Thunder,Shai Gilgeous-Alexander,Asistencias,8.5,Debajo,1.47,dom_alt,
San Antonio Spurs - Oklahoma City Thunder,Winner Of Wc Sf2 Winner Of Wc Sf1,2026-05-24,2026-05-24 21:00,Oklahoma City Thunder,San Antonio Spurs,Oklahoma City Thunder,Shai Gilgeous-Alexander,PuntosPrimerCuarto,5.5,Sobre,1.65,dom,
San Antonio Spurs - Oklahoma City Thunder,Winner Of Wc Sf2 Winner Of Wc Sf1,2026-05-24,2026-05-24 21:00,Oklahoma City Thunder,San Antonio Spurs,Oklahoma City Thunder,Shai Gilgeous-Alexander,PuntosPrimerCuarto,5.5,Debajo,2.06,dom,
San Antonio Spurs - Oklahoma City Thunder,Winner Of Wc Sf2 Winner Of Wc Sf1,2026-05-24,2026-05-24 21:00,Oklahoma City Thunder,San Antonio Spurs,Oklahoma City Thunder,Shai Gilgeous-Alexander,AsistenciasPrimerCuarto,1.5,Sobre,1.69,dom,
San Antonio Spurs - Oklahoma City Thunder,Winner Of Wc Sf2 Winner Of Wc Sf1,2026-05-24,2026-05-24 21:00,Oklahoma City Thunder,San Antonio Spurs,Oklahoma City Thunder,Shai Gilgeous-Alexander,AsistenciasPrimerCuarto,1.5,Debajo,2.00,dom,
San Antonio Spurs - Oklahoma City Thunder,Winner Of Wc Sf2 Winner Of Wc Sf1,2026-05-24,2026-05-24 21:00,Oklahoma City Thunder,San Antonio Spurs,Oklahoma City Thunder,Shai Gilgeous-Alexander,RebotesPrimerCuarto,0.5,Sobre,1.51,dom,
San Antonio Spurs - Oklahoma City Thunder,Winner Of Wc Sf2 Winner Of Wc Sf1,2026-05-24,2026-05-24 21:00,Oklahoma City Thunder,San Antonio Spurs,Oklahoma City Thunder,Shai Gilgeous-Alexander,RebotesPrimerCuarto,0.5,Debajo,2.33,dom,
San Antonio Spurs - Oklahoma City Thunder,Winner Of Wc Sf2 Winner Of Wc Sf1,2026-05-24,2026-05-24 21:00,Oklahoma City Thunder,San Antonio Spurs,Oklahoma City Thunder,Shai Gilgeous-Alexander,TirosLibres,7.5,Sobre,1.92,dom,
San Antonio Spurs - Oklahoma City Thunder,Winner Of Wc Sf2 Winner Of Wc Sf1,2026-05-24,2026-05-24 21:00,Oklahoma City Thunder,San Antonio Spurs,Oklahoma City Thunder,Shai Gilgeous-Alexander,TirosLibres,7.5,Debajo,1.76,dom,
San Antonio Spurs - Oklahoma City Thunder,Winner Of Wc Sf2 Winner Of Wc Sf1,2026-05-24,2026-05-24 21:00,Oklahoma City Thunder,San Antonio Spurs,Oklahoma City Thunder,Shai Gilgeous-Alexander,TirosLibresInt,8.5,Sobre,1.80,dom,
San Antonio Spurs - Oklahoma City Thunder,Winner Of Wc Sf2 Winner Of Wc Sf1,2026-05-24,2026-05-24 21:00,Oklahoma City Thunder,San Antonio Spurs,Oklahoma City Thunder,Shai Gilgeous-Alexander,TirosLibresInt,8.5,Debajo,1.87,dom,
San Antonio Spurs - Oklahoma City Thunder,Winner Of Wc Sf2 Winner Of Wc Sf1,2026-05-24,2026-05-24 21:00,Oklahoma City Thunder,San Antonio Spurs,Oklahoma City Thunder,Shai Gilgeous-Alexander,GolesCampo,10.5,Sobre,1.95,dom,
San Antonio Spurs - Oklahoma City Thunder,Winner Of Wc Sf2 Winner Of Wc Sf1,2026-05-24,2026-05-24 21:00,Oklahoma City Thunder,San Antonio Spurs,Oklahoma City Thunder,Shai Gilgeous-Alexander,GolesCampo,10.5,Debajo,1.73,dom,
San Antonio Spurs - Oklahoma City Thunder,Winner Of Wc Sf2 Winner Of Wc Sf1,2026-05-24,2026-05-24 21:00,Oklahoma City Thunder,San Antonio Spurs,Oklahoma City Thunder,Shai Gilgeous-Alexander,GolesCampoInt,22.5,Sobre,1.76,dom,
San Antonio Spurs - Oklahoma City Thunder,Winner Of Wc Sf2 Winner Of Wc Sf1,2026-05-24,2026-05-24 21:00,Oklahoma City Thunder,San Antonio Spurs,Oklahoma City Thunder,Shai Gilgeous-Alexander,GolesCampoInt,22.5,Debajo,1.92,dom,
San Antonio Spurs - Oklahoma City Thunder,Winner Of Wc Sf2 Winner Of Wc Sf1,2026-05-24,2026-05-24 21:00,Oklahoma City Thunder,San Antonio Spurs,Oklahoma City Thunder,Shai Gilgeous-Alexander,TriplesInt,4.5,Sobre,2.00,dom,
San Antonio Spurs - Oklahoma City Thunder,Winner Of Wc Sf2 Winner Of Wc Sf1,2026-05-24,2026-05-24 21:00,Oklahoma City Thunder,San Antonio Spurs,Oklahoma City Thunder,Shai Gilgeous-Alexander,TriplesInt,4.5,Debajo,1.70,dom,
San Antonio Spurs - Oklahoma City Thunder,Winner Of Wc Sf2 Winner Of Wc Sf1,2026-05-24,2026-05-24 21:00,Oklahoma City Thunder,San Antonio Spurs,Oklahoma City Thunder,Shai Gilgeous-Alexander,Faltas,2.5,Sobre,2.10,dom,
San Antonio Spurs - Oklahoma City Thunder,Winner Of Wc Sf2 Winner Of Wc Sf1,2026-05-24,2026-05-24 21:00,Oklahoma City Thunder,San Antonio Spurs,Oklahoma City Thunder,Shai Gilgeous-Alexander,Faltas,2.5,Debajo,1.63,dom,
San Antonio Spurs - Oklahoma City Thunder,Winner Of Wc Sf2 Winner Of Wc Sf1,2026-05-24,2026-05-24 21:00,Oklahoma City Thunder,San Antonio Spurs,Oklahoma City Thunder,Isaiah Hartenstein,Puntos,6.5,Sobre,2.06,dom,
San Antonio Spurs - Oklahoma City Thunder,Winner Of Wc Sf2 Winner Of Wc Sf1,2026-05-24,2026-05-24 21:00,Oklahoma City Thunder,San Antonio Spurs,Oklahoma City Thunder,Isaiah Hartenstein,Puntos,6.5,Debajo,1.66,dom,
San Antonio Spurs - Oklahoma City Thunder,Winner Of Wc Sf2 Winner Of Wc Sf1,2026-05-24,2026-05-24 21:00,Oklahoma City Thunder,San Antonio Spurs,Oklahoma City Thunder,Isaiah Hartenstein,Puntos,7.5,Sobre,2.12,dom_alt,
San Antonio Spurs - Oklahoma City Thunder,Winner Of Wc Sf2 Winner Of Wc Sf1,2026-05-24,2026-05-24 21:00,Oklahoma City Thunder,San Antonio Spurs,Oklahoma City Thunder,Isaiah Hartenstein,Puntos,7.5,Debajo,1.53,dom_alt,
San Antonio Spurs - Oklahoma City Thunder,Winner Of Wc Sf2 Winner Of Wc Sf1,2026-05-24,2026-05-24 21:00,Oklahoma City Thunder,San Antonio Spurs,Oklahoma City Thunder,Isaiah Hartenstein,Puntos,4.5,Sobre,1.49,dom_alt,
San Antonio Spurs - Oklahoma City Thunder,Winner Of Wc Sf2 Winner Of Wc Sf1,2026-05-24,2026-05-24 21:00,Oklahoma City Thunder,San Antonio Spurs,Oklahoma City Thunder,Isaiah Hartenstein,Puntos,4.5,Debajo,2.20,dom_alt,
San Antonio Spurs - Oklahoma City Thunder,Winner Of Wc Sf2 Winner Of Wc Sf1,2026-05-24,2026-05-24 21:00,Oklahoma City Thunder,San Antonio Spurs,Oklahoma City Thunder,Isaiah Hartenstein,Puntos,8.5,Sobre,2.75,dom_alt,
San Antonio Spurs - Oklahoma City Thunder,Winner Of Wc Sf2 Winner Of Wc Sf1,2026-05-24,2026-05-24 21:00,Oklahoma City Thunder,San Antonio Spurs,Oklahoma City Thunder,Isaiah Hartenstein,Puntos,8.5,Debajo,1.31,dom_alt,
San Antonio Spurs - Oklahoma City Thunder,Winner Of Wc Sf2 Winner Of Wc Sf1,2026-05-24,2026-05-24 21:00,Oklahoma City Thunder,San Antonio Spurs,Oklahoma City Thunder,Isaiah Hartenstein,Rebotes,7.5,Sobre,1.97,dom,
San Antonio Spurs - Oklahoma City Thunder,Winner Of Wc Sf2 Winner Of Wc Sf1,2026-05-24,2026-05-24 21:00,Oklahoma City Thunder,San Antonio Spurs,Oklahoma City Thunder,Isaiah Hartenstein,Rebotes,7.5,Debajo,1.72,dom,
San Antonio Spurs - Oklahoma City Thunder,Winner Of Wc Sf2 Winner Of Wc Sf1,2026-05-24,2026-05-24 21:00,Oklahoma City Thunder,San Antonio Spurs,Oklahoma City Thunder,Isaiah Hartenstein,Rebotes,8.5,Sobre,2.25,dom_alt,
San Antonio Spurs - Oklahoma City Thunder,Winner Of Wc Sf2 Winner Of Wc Sf1,2026-05-24,2026-05-24 21:00,Oklahoma City Thunder,San Antonio Spurs,Oklahoma City Thunder,Isaiah Hartenstein,Rebotes,8.5,Debajo,1.47,dom_alt,
San Antonio Spurs - Oklahoma City Thunder,Winner Of Wc Sf2 Winner Of Wc Sf1,2026-05-24,2026-05-24 21:00,Oklahoma City Thunder,San Antonio Spurs,Oklahoma City Thunder,Isaiah Hartenstein,Rebotes,5.5,Sobre,1.38,dom_alt,
San Antonio Spurs - Oklahoma City Thunder,Winner Of Wc Sf2 Winner Of Wc Sf1,2026-05-24,2026-05-24 21:00,Oklahoma City Thunder,San Antonio Spurs,Oklahoma City Thunder,Isaiah Hartenstein,Rebotes,5.5,Debajo,2.50,dom_alt,
San Antonio Spurs - Oklahoma City Thunder,Winner Of Wc Sf2 Winner Of Wc Sf1,2026-05-24,2026-05-24 21:00,Oklahoma City Thunder,San Antonio Spurs,Oklahoma City Thunder,Isaiah Hartenstein,Robos,0.5,Sobre,1.67,dom,
San Antonio Spurs - Oklahoma City Thunder,Winner Of Wc Sf2 Winner Of Wc Sf1,2026-05-24,2026-05-24 21:00,Oklahoma City Thunder,San Antonio Spurs,Oklahoma City Thunder,Isaiah Hartenstein,Robos,0.5,Debajo,2.04,dom,
San Antonio Spurs - Oklahoma City Thunder,Winner Of Wc Sf2 Winner Of Wc Sf1,2026-05-24,2026-05-24 21:00,Oklahoma City Thunder,San Antonio Spurs,Oklahoma City Thunder,Isaiah Hartenstein,Tapones,0.5,Sobre,1.94,dom,
San Antonio Spurs - Oklahoma City Thunder,Winner Of Wc Sf2 Winner Of Wc Sf1,2026-05-24,2026-05-24 21:00,Oklahoma City Thunder,San Antonio Spurs,Oklahoma City Thunder,Isaiah Hartenstein,Tapones,0.5,Debajo,1.74,dom,
San Antonio Spurs - Oklahoma City Thunder,Winner Of Wc Sf2 Winner Of Wc Sf1,2026-05-24,2026-05-24 21:00,Oklahoma City Thunder,San Antonio Spurs,Oklahoma City Thunder,Isaiah Hartenstein,Pérdidas,1.5,Sobre,2.11,dom,
San Antonio Spurs - Oklahoma City Thunder,Winner Of Wc Sf2 Winner Of Wc Sf1,2026-05-24,2026-05-24 21:00,Oklahoma City Thunder,San Antonio Spurs,Oklahoma City Thunder,Isaiah Hartenstein,Pérdidas,1.5,Debajo,1.62,dom,
San Antonio Spurs - Oklahoma City Thunder,Winner Of Wc Sf2 Winner Of Wc Sf1,2026-05-24,2026-05-24 21:00,Oklahoma City Thunder,San Antonio Spurs,Oklahoma City Thunder,Isaiah Hartenstein,Puntos+Rebotes,13.5,Sobre,1.84,dom,
San Antonio Spurs - Oklahoma City Thunder,Winner Of Wc Sf2 Winner Of Wc Sf1,2026-05-24,2026-05-24 21:00,Oklahoma City Thunder,San Antonio Spurs,Oklahoma City Thunder,Isaiah Hartenstein,Puntos+Rebotes,13.5,Debajo,1.83,dom,
San Antonio Spurs - Oklahoma City Thunder,Winner Of Wc Sf2 Winner Of Wc Sf1,2026-05-24,2026-05-24 21:00,Oklahoma City Thunder,San Antonio Spurs,Oklahoma City Thunder,Isaiah Hartenstein,Puntos+Rebotes,14.5,Sobre,1.97,dom_alt,
San Antonio Spurs - Oklahoma City Thunder,Winner Of Wc Sf2 Winner Of Wc Sf1,2026-05-24,2026-05-24 21:00,Oklahoma City Thunder,San Antonio Spurs,Oklahoma City Thunder,Isaiah Hartenstein,Puntos+Rebotes,14.5,Debajo,1.62,dom_alt,
San Antonio Spurs - Oklahoma City Thunder,Winner Of Wc Sf2 Winner Of Wc Sf1,2026-05-24,2026-05-24 21:00,Oklahoma City Thunder,San Antonio Spurs,Oklahoma City Thunder,Isaiah Hartenstein,Puntos+Rebotes,11.5,Sobre,1.51,dom_alt,
San Antonio Spurs - Oklahoma City Thunder,Winner Of Wc Sf2 Winner Of Wc Sf1,2026-05-24,2026-05-24 21:00,Oklahoma City Thunder,San Antonio Spurs,Oklahoma City Thunder,Isaiah Hartenstein,Puntos+Rebotes,11.5,Debajo,2.17,dom_alt,
San Antonio Spurs - Oklahoma City Thunder,Winner Of Wc Sf2 Winner Of Wc Sf1,2026-05-24,2026-05-24 21:00,Oklahoma City Thunder,San Antonio Spurs,Oklahoma City Thunder,Isaiah Hartenstein,Puntos+Rebotes,15.5,Sobre,2.16,dom_alt,
San Antonio Spurs - Oklahoma City Thunder,Winner Of Wc Sf2 Winner Of Wc Sf1,2026-05-24,2026-05-24 21:00,Oklahoma City Thunder,San Antonio Spurs,Oklahoma City Thunder,Isaiah Hartenstein,Puntos+Rebotes,15.5,Debajo,1.51,dom_alt,
San Antonio Spurs - Oklahoma City Thunder,Winner Of Wc Sf2 Winner Of Wc Sf1,2026-05-24,2026-05-24 21:00,Oklahoma City Thunder,San Antonio Spurs,Oklahoma City Thunder,Isaiah Hartenstein,Puntos+Asistencias,8.5,Sobre,1.85,dom,
San Antonio Spurs - Oklahoma City Thunder,Winner Of Wc Sf2 Winner Of Wc Sf1,2026-05-24,2026-05-24 21:00,Oklahoma City Thunder,San Antonio Spurs,Oklahoma City Thunder,Isaiah Hartenstein,Puntos+Asistencias,8.5,Debajo,1.82,dom,
San Antonio Spurs - Oklahoma City Thunder,Winner Of Wc Sf2 Winner Of Wc Sf1,2026-05-24,2026-05-24 21:00,Oklahoma City Thunder,San Antonio Spurs,Oklahoma City Thunder,Isaiah Hartenstein,Puntos+Asistencias,9.5,Sobre,2.07,dom_alt,
San Antonio Spurs - Oklahoma City Thunder,Winner Of Wc Sf2 Winner Of Wc Sf1,2026-05-24,2026-05-24 21:00,Oklahoma City Thunder,San Antonio Spurs,Oklahoma City Thunder,Isaiah Hartenstein,Puntos+Asistencias,9.5,Debajo,1.56,dom_alt,
San Antonio Spurs - Oklahoma City Thunder,Winner Of Wc Sf2 Winner Of Wc Sf1,2026-05-24,2026-05-24 21:00,Oklahoma City Thunder,San Antonio Spurs,Oklahoma City Thunder,Isaiah Hartenstein,PRA,15.5,Sobre,1.76,dom,
San Antonio Spurs - Oklahoma City Thunder,Winner Of Wc Sf2 Winner Of Wc Sf1,2026-05-24,2026-05-24 21:00,Oklahoma City Thunder,San Antonio Spurs,Oklahoma City Thunder,Isaiah Hartenstein,PRA,15.5,Debajo,1.92,dom,
San Antonio Spurs - Oklahoma City Thunder,Winner Of Wc Sf2 Winner Of Wc Sf1,2026-05-24,2026-05-24 21:00,Oklahoma City Thunder,San Antonio Spurs,Oklahoma City Thunder,Isaiah Hartenstein,PRA,16.5,Sobre,1.90,dom_alt,
San Antonio Spurs - Oklahoma City Thunder,Winner Of Wc Sf2 Winner Of Wc Sf1,2026-05-24,2026-05-24 21:00,Oklahoma City Thunder,San Antonio Spurs,Oklahoma City Thunder,Isaiah Hartenstein,PRA,16.5,Debajo,1.67,dom_alt,
San Antonio Spurs - Oklahoma City Thunder,Winner Of Wc Sf2 Winner Of Wc Sf1,2026-05-24,2026-05-24 21:00,Oklahoma City Thunder,San Antonio Spurs,Oklahoma City Thunder,Isaiah Hartenstein,PRA,13.5,Sobre,1.49,dom_alt,
San Antonio Spurs - Oklahoma City Thunder,Winner Of Wc Sf2 Winner Of Wc Sf1,2026-05-24,2026-05-24 21:00,Oklahoma City Thunder,San Antonio Spurs,Oklahoma City Thunder,Isaiah Hartenstein,PRA,13.5,Debajo,2.21,dom_alt,
San Antonio Spurs - Oklahoma City Thunder,Winner Of Wc Sf2 Winner Of Wc Sf1,2026-05-24,2026-05-24 21:00,Oklahoma City Thunder,San Antonio Spurs,Oklahoma City Thunder,Isaiah Hartenstein,PRA,17.5,Sobre,2.09,dom_alt,
San Antonio Spurs - Oklahoma City Thunder,Winner Of Wc Sf2 Winner Of Wc Sf1,2026-05-24,2026-05-24 21:00,Oklahoma City Thunder,San Antonio Spurs,Oklahoma City Thunder,Isaiah Hartenstein,PRA,17.5,Debajo,1.54,dom_alt,
San Antonio Spurs - Oklahoma City Thunder,Winner Of Wc Sf2 Winner Of Wc Sf1,2026-05-24,2026-05-24 21:00,Oklahoma City Thunder,San Antonio Spurs,Oklahoma City Thunder,Isaiah Hartenstein,PRA,12.5,Sobre,1.37,dom_alt,
San Antonio Spurs - Oklahoma City Thunder,Winner Of Wc Sf2 Winner Of Wc Sf1,2026-05-24,2026-05-24 21:00,Oklahoma City Thunder,San Antonio Spurs,Oklahoma City Thunder,Isaiah Hartenstein,PRA,12.5,Debajo,2.54,dom_alt,
San Antonio Spurs - Oklahoma City Thunder,Winner Of Wc Sf2 Winner Of Wc Sf1,2026-05-24,2026-05-24 21:00,Oklahoma City Thunder,San Antonio Spurs,Oklahoma City Thunder,Isaiah Hartenstein,PRA,18.5,Sobre,2.24,dom_alt,
San Antonio Spurs - Oklahoma City Thunder,Winner Of Wc Sf2 Winner Of Wc Sf1,2026-05-24,2026-05-24 21:00,Oklahoma City Thunder,San Antonio Spurs,Oklahoma City Thunder,Isaiah Hartenstein,PRA,18.5,Debajo,1.47,dom_alt,
San Antonio Spurs - Oklahoma City Thunder,Winner Of Wc Sf2 Winner Of Wc Sf1,2026-05-24,2026-05-24 21:00,Oklahoma City Thunder,San Antonio Spurs,Oklahoma City Thunder,Isaiah Hartenstein,PRA,19.5,Sobre,2.54,dom_alt,
San Antonio Spurs - Oklahoma City Thunder,Winner Of Wc Sf2 Winner Of Wc Sf1,2026-05-24,2026-05-24 21:00,Oklahoma City Thunder,San Antonio Spurs,Oklahoma City Thunder,Isaiah Hartenstein,PRA,19.5,Debajo,1.37,dom_alt,
San Antonio Spurs - Oklahoma City Thunder,Winner Of Wc Sf2 Winner Of Wc Sf1,2026-05-24,2026-05-24 21:00,Oklahoma City Thunder,San Antonio Spurs,Oklahoma City Thunder,Isaiah Hartenstein,Asistencias+Rebotes,9.5,Sobre,1.82,dom,
San Antonio Spurs - Oklahoma City Thunder,Winner Of Wc Sf2 Winner Of Wc Sf1,2026-05-24,2026-05-24 21:00,Oklahoma City Thunder,San Antonio Spurs,Oklahoma City Thunder,Isaiah Hartenstein,Asistencias+Rebotes,9.5,Debajo,1.85,dom,
San Antonio Spurs - Oklahoma City Thunder,Winner Of Wc Sf2 Winner Of Wc Sf1,2026-05-24,2026-05-24 21:00,Oklahoma City Thunder,San Antonio Spurs,Oklahoma City Thunder,Isaiah Hartenstein,Asistencias+Rebotes,10.5,Sobre,2.07,dom_alt,
San Antonio Spurs - Oklahoma City Thunder,Winner Of Wc Sf2 Winner Of Wc Sf1,2026-05-24,2026-05-24 21:00,Oklahoma City Thunder,San Antonio Spurs,Oklahoma City Thunder,Isaiah Hartenstein,Asistencias+Rebotes,10.5,Debajo,1.56,dom_alt,
San Antonio Spurs - Oklahoma City Thunder,Winner Of Wc Sf2 Winner Of Wc Sf1,2026-05-24,2026-05-24 21:00,Oklahoma City Thunder,San Antonio Spurs,Oklahoma City Thunder,Isaiah Hartenstein,Robos+Tapones,1.5,Sobre,2.08,dom,
San Antonio Spurs - Oklahoma City Thunder,Winner Of Wc Sf2 Winner Of Wc Sf1,2026-05-24,2026-05-24 21:00,Oklahoma City Thunder,San Antonio Spurs,Oklahoma City Thunder,Isaiah Hartenstein,Robos+Tapones,1.5,Debajo,1.64,dom,
San Antonio Spurs - Oklahoma City Thunder,Winner Of Wc Sf2 Winner Of Wc Sf1,2026-05-24,2026-05-24 21:00,Oklahoma City Thunder,San Antonio Spurs,Oklahoma City Thunder,Isaiah Hartenstein,DobleDoble,0.5,Sobre,6.95,dom,
San Antonio Spurs - Oklahoma City Thunder,Winner Of Wc Sf2 Winner Of Wc Sf1,2026-05-24,2026-05-24 21:00,Oklahoma City Thunder,San Antonio Spurs,Oklahoma City Thunder,Isaiah Hartenstein,DobleDoble,0.5,Debajo,1.06,dom,
San Antonio Spurs - Oklahoma City Thunder,Winner Of Wc Sf2 Winner Of Wc Sf1,2026-05-24,2026-05-24 21:00,Oklahoma City Thunder,San Antonio Spurs,Oklahoma City Thunder,Isaiah Hartenstein,Asistencias,2.5,Sobre,2.15,dom,
San Antonio Spurs - Oklahoma City Thunder,Winner Of Wc Sf2 Winner Of Wc Sf1,2026-05-24,2026-05-24 21:00,Oklahoma City Thunder,San Antonio Spurs,Oklahoma City Thunder,Isaiah Hartenstein,Asistencias,2.5,Debajo,1.60,dom,
San Antonio Spurs - Oklahoma City Thunder,Winner Of Wc Sf2 Winner Of Wc Sf1,2026-05-24,2026-05-24 21:00,Oklahoma City Thunder,San Antonio Spurs,Oklahoma City Thunder,Isaiah Hartenstein,PuntosPrimerCuarto,1.5,Sobre,1.68,dom,
San Antonio Spurs - Oklahoma City Thunder,Winner Of Wc Sf2 Winner Of Wc Sf1,2026-05-24,2026-05-24 21:00,Oklahoma City Thunder,San Antonio Spurs,Oklahoma City Thunder,Isaiah Hartenstein,PuntosPrimerCuarto,1.5,Debajo,2.02,dom,
San Antonio Spurs - Oklahoma City Thunder,Winner Of Wc Sf2 Winner Of Wc Sf1,2026-05-24,2026-05-24 21:00,Oklahoma City Thunder,San Antonio Spurs,Oklahoma City Thunder,Isaiah Hartenstein,AsistenciasPrimerCuarto,0.5,Sobre,2.09,dom,
San Antonio Spurs - Oklahoma City Thunder,Winner Of Wc Sf2 Winner Of Wc Sf1,2026-05-24,2026-05-24 21:00,Oklahoma City Thunder,San Antonio Spurs,Oklahoma City Thunder,Isaiah Hartenstein,AsistenciasPrimerCuarto,0.5,Debajo,1.63,dom,
San Antonio Spurs - Oklahoma City Thunder,Winner Of Wc Sf2 Winner Of Wc Sf1,2026-05-24,2026-05-24 21:00,Oklahoma City Thunder,San Antonio Spurs,Oklahoma City Thunder,Isaiah Hartenstein,RebotesPrimerCuarto,1.5,Sobre,1.68,dom,
San Antonio Spurs - Oklahoma City Thunder,Winner Of Wc Sf2 Winner Of Wc Sf1,2026-05-24,2026-05-24 21:00,Oklahoma City Thunder,San Antonio Spurs,Oklahoma City Thunder,Isaiah Hartenstein,RebotesPrimerCuarto,1.5,Debajo,2.02,dom,
San Antonio Spurs - Oklahoma City Thunder,Winner Of Wc Sf2 Winner Of Wc Sf1,2026-05-24,2026-05-24 21:00,Oklahoma City Thunder,San Antonio Spurs,Oklahoma City Thunder,Isaiah Hartenstein,TirosLibres,0.5,Sobre,1.79,dom,
San Antonio Spurs - Oklahoma City Thunder,Winner Of Wc Sf2 Winner Of Wc Sf1,2026-05-24,2026-05-24 21:00,Oklahoma City Thunder,San Antonio Spurs,Oklahoma City Thunder,Isaiah Hartenstein,TirosLibres,0.5,Debajo,1.88,dom,
San Antonio Spurs - Oklahoma City Thunder,Winner Of Wc Sf2 Winner Of Wc Sf1,2026-05-24,2026-05-24 21:00,Oklahoma City Thunder,San Antonio Spurs,Oklahoma City Thunder,Isaiah Hartenstein,TirosLibresInt,1.5,Sobre,1.85,dom,
San Antonio Spurs - Oklahoma City Thunder,Winner Of Wc Sf2 Winner Of Wc Sf1,2026-05-24,2026-05-24 21:00,Oklahoma City Thunder,San Antonio Spurs,Oklahoma City Thunder,Isaiah Hartenstein,TirosLibresInt,1.5,Debajo,1.82,dom,
San Antonio Spurs - Oklahoma City Thunder,Winner Of Wc Sf2 Winner Of Wc Sf1,2026-05-24,2026-05-24 21:00,Oklahoma City Thunder,San Antonio Spurs,Oklahoma City Thunder,Isaiah Hartenstein,GolesCampo,2.5,Sobre,1.83,dom,
San Antonio Spurs - Oklahoma City Thunder,Winner Of Wc Sf2 Winner Of Wc Sf1,2026-05-24,2026-05-24 21:00,Oklahoma City Thunder,San Antonio Spurs,Oklahoma City Thunder,Isaiah Hartenstein,GolesCampo,2.5,Debajo,1.84,dom,
San Antonio Spurs - Oklahoma City Thunder,Winner Of Wc Sf2 Winner Of Wc Sf1,2026-05-24,2026-05-24 21:00,Oklahoma City Thunder,San Antonio Spurs,Oklahoma City Thunder,Isaiah Hartenstein,GolesCampoInt,4.5,Sobre,1.62,dom,
San Antonio Spurs - Oklahoma City Thunder,Winner Of Wc Sf2 Winner Of Wc Sf1,2026-05-24,2026-05-24 21:00,Oklahoma City Thunder,San Antonio Spurs,Oklahoma City Thunder,Isaiah Hartenstein,GolesCampoInt,4.5,Debajo,2.12,dom,
San Antonio Spurs - Oklahoma City Thunder,Winner Of Wc Sf2 Winner Of Wc Sf1,2026-05-24,2026-05-24 21:00,Oklahoma City Thunder,San Antonio Spurs,Oklahoma City Thunder,Chet Holmgren,Puntos,13.5,Sobre,1.76,dom,
San Antonio Spurs - Oklahoma City Thunder,Winner Of Wc Sf2 Winner Of Wc Sf1,2026-05-24,2026-05-24 21:00,Oklahoma City Thunder,San Antonio Spurs,Oklahoma City Thunder,Chet Holmgren,Puntos,13.5,Debajo,1.92,dom,
San Antonio Spurs - Oklahoma City Thunder,Winner Of Wc Sf2 Winner Of Wc Sf1,2026-05-24,2026-05-24 21:00,Oklahoma City Thunder,San Antonio Spurs,Oklahoma City Thunder,Chet Holmgren,Puntos,14.5,Sobre,1.91,dom_alt,
San Antonio Spurs - Oklahoma City Thunder,Winner Of Wc Sf2 Winner Of Wc Sf1,2026-05-24,2026-05-24 21:00,Oklahoma City Thunder,San Antonio Spurs,Oklahoma City Thunder,Chet Holmgren,Puntos,14.5,Debajo,1.66,dom_alt,
San Antonio Spurs - Oklahoma City Thunder,Winner Of Wc Sf2 Winner Of Wc Sf1,2026-05-24,2026-05-24 21:00,Oklahoma City Thunder,San Antonio Spurs,Oklahoma City Thunder,Chet Holmgren,Puntos,11.5,Sobre,1.45,dom_alt,
San Antonio Spurs - Oklahoma City Thunder,Winner Of Wc Sf2 Winner Of Wc Sf1,2026-05-24,2026-05-24 21:00,Oklahoma City Thunder,San Antonio Spurs,Oklahoma City Thunder,Chet Holmgren,Puntos,11.5,Debajo,2.29,dom_alt,
San Antonio Spurs - Oklahoma City Thunder,Winner Of Wc Sf2 Winner Of Wc Sf1,2026-05-24,2026-05-24 21:00,Oklahoma City Thunder,San Antonio Spurs,Oklahoma City Thunder,Chet Holmgren,Puntos,15.5,Sobre,2.08,dom_alt,
San Antonio Spurs - Oklahoma City Thunder,Winner Of Wc Sf2 Winner Of Wc Sf1,2026-05-24,2026-05-24 21:00,Oklahoma City Thunder,San Antonio Spurs,Oklahoma City Thunder,Chet Holmgren,Puntos,15.5,Debajo,1.55,dom_alt,
San Antonio Spurs - Oklahoma City Thunder,Winner Of Wc Sf2 Winner Of Wc Sf1,2026-05-24,2026-05-24 21:00,Oklahoma City Thunder,San Antonio Spurs,Oklahoma City Thunder,Chet Holmgren,Puntos,10.5,Sobre,1.32,dom_alt,
San Antonio Spurs - Oklahoma City Thunder,Winner Of Wc Sf2 Winner Of Wc Sf1,2026-05-24,2026-05-24 21:00,Oklahoma City Thunder,San Antonio Spurs,Oklahoma City Thunder,Chet Holmgren,Puntos,10.5,Debajo,2.71,dom_alt,
San Antonio Spurs - Oklahoma City Thunder,Winner Of Wc Sf2 Winner Of Wc Sf1,2026-05-24,2026-05-24 21:00,Oklahoma City Thunder,San Antonio Spurs,Oklahoma City Thunder,Chet Holmgren,Puntos,16.5,Sobre,2.36,dom_alt,
San Antonio Spurs - Oklahoma City Thunder,Winner Of Wc Sf2 Winner Of Wc Sf1,2026-05-24,2026-05-24 21:00,Oklahoma City Thunder,San Antonio Spurs,Oklahoma City Thunder,Chet Holmgren,Puntos,16.5,Debajo,1.42,dom_alt,
San Antonio Spurs - Oklahoma City Thunder,Winner Of Wc Sf2 Winner Of Wc Sf1,2026-05-24,2026-05-24 21:00,Oklahoma City Thunder,San Antonio Spurs,Oklahoma City Thunder,Chet Holmgren,Puntos,17.5,Sobre,2.71,dom_alt,
San Antonio Spurs - Oklahoma City Thunder,Winner Of Wc Sf2 Winner Of Wc Sf1,2026-05-24,2026-05-24 21:00,Oklahoma City Thunder,San Antonio Spurs,Oklahoma City Thunder,Chet Holmgren,Puntos,17.5,Debajo,1.32,dom_alt,
San Antonio Spurs - Oklahoma City Thunder,Winner Of Wc Sf2 Winner Of Wc Sf1,2026-05-24,2026-05-24 21:00,Oklahoma City Thunder,San Antonio Spurs,Oklahoma City Thunder,Chet Holmgren,Rebotes,7.5,Sobre,1.80,dom,
San Antonio Spurs - Oklahoma City Thunder,Winner Of Wc Sf2 Winner Of Wc Sf1,2026-05-24,2026-05-24 21:00,Oklahoma City Thunder,San Antonio Spurs,Oklahoma City Thunder,Chet Holmgren,Rebotes,7.5,Debajo,1.87,dom,
San Antonio Spurs - Oklahoma City Thunder,Winner Of Wc Sf2 Winner Of Wc Sf1,2026-05-24,2026-05-24 21:00,Oklahoma City Thunder,San Antonio Spurs,Oklahoma City Thunder,Chet Holmgren,Rebotes,8.5,Sobre,2.08,dom_alt,
San Antonio Spurs - Oklahoma City Thunder,Winner Of Wc Sf2 Winner Of Wc Sf1,2026-05-24,2026-05-24 21:00,Oklahoma City Thunder,San Antonio Spurs,Oklahoma City Thunder,Chet Holmgren,Rebotes,8.5,Debajo,1.55,dom_alt,
San Antonio Spurs - Oklahoma City Thunder,Winner Of Wc Sf2 Winner Of Wc Sf1,2026-05-24,2026-05-24 21:00,Oklahoma City Thunder,San Antonio Spurs,Oklahoma City Thunder,Chet Holmgren,Rebotes,9.5,Sobre,2.67,dom_alt,
San Antonio Spurs - Oklahoma City Thunder,Winner Of Wc Sf2 Winner Of Wc Sf1,2026-05-24,2026-05-24 21:00,Oklahoma City Thunder,San Antonio Spurs,Oklahoma City Thunder,Chet Holmgren,Rebotes,9.5,Debajo,1.33,dom_alt,
San Antonio Spurs - Oklahoma City Thunder,Winner Of Wc Sf2 Winner Of Wc Sf1,2026-05-24,2026-05-24 21:00,Oklahoma City Thunder,San Antonio Spurs,Oklahoma City Thunder,Chet Holmgren,Triples,1.5,Sobre,2.39,dom,
San Antonio Spurs - Oklahoma City Thunder,Winner Of Wc Sf2 Winner Of Wc Sf1,2026-05-24,2026-05-24 21:00,Oklahoma City Thunder,San Antonio Spurs,Oklahoma City Thunder,Chet Holmgren,Triples,1.5,Debajo,1.49,dom,
San Antonio Spurs - Oklahoma City Thunder,Winner Of Wc Sf2 Winner Of Wc Sf1,2026-05-24,2026-05-24 21:00,Oklahoma City Thunder,San Antonio Spurs,Oklahoma City Thunder,Chet Holmgren,Robos,0.5,Sobre,1.58,dom,
San Antonio Spurs - Oklahoma City Thunder,Winner Of Wc Sf2 Winner Of Wc Sf1,2026-05-24,2026-05-24 21:00,Oklahoma City Thunder,San Antonio Spurs,Oklahoma City Thunder,Chet Holmgren,Robos,0.5,Debajo,2.18,dom,
San Antonio Spurs - Oklahoma City Thunder,Winner Of Wc Sf2 Winner Of Wc Sf1,2026-05-24,2026-05-24 21:00,Oklahoma City Thunder,San Antonio Spurs,Oklahoma City Thunder,Chet Holmgren,Tapones,1.5,Sobre,1.83,dom,
San Antonio Spurs - Oklahoma City Thunder,Winner Of Wc Sf2 Winner Of Wc Sf1,2026-05-24,2026-05-24 21:00,Oklahoma City Thunder,San Antonio Spurs,Oklahoma City Thunder,Chet Holmgren,Tapones,1.5,Debajo,1.84,dom,
San Antonio Spurs - Oklahoma City Thunder,Winner Of Wc Sf2 Winner Of Wc Sf1,2026-05-24,2026-05-24 21:00,Oklahoma City Thunder,San Antonio Spurs,Oklahoma City Thunder,Chet Holmgren,Puntos+Rebotes,21.5,Sobre,1.78,dom,
San Antonio Spurs - Oklahoma City Thunder,Winner Of Wc Sf2 Winner Of Wc Sf1,2026-05-24,2026-05-24 21:00,Oklahoma City Thunder,San Antonio Spurs,Oklahoma City Thunder,Chet Holmgren,Puntos+Rebotes,21.5,Debajo,1.89,dom,
San Antonio Spurs - Oklahoma City Thunder,Winner Of Wc Sf2 Winner Of Wc Sf1,2026-05-24,2026-05-24 21:00,Oklahoma City Thunder,San Antonio Spurs,Oklahoma City Thunder,Chet Holmgren,Puntos+Rebotes,22.5,Sobre,1.91,dom_alt,
San Antonio Spurs - Oklahoma City Thunder,Winner Of Wc Sf2 Winner Of Wc Sf1,2026-05-24,2026-05-24 21:00,Oklahoma City Thunder,San Antonio Spurs,Oklahoma City Thunder,Chet Holmgren,Puntos+Rebotes,22.5,Debajo,1.66,dom_alt,
San Antonio Spurs - Oklahoma City Thunder,Winner Of Wc Sf2 Winner Of Wc Sf1,2026-05-24,2026-05-24 21:00,Oklahoma City Thunder,San Antonio Spurs,Oklahoma City Thunder,Chet Holmgren,Puntos+Rebotes,19.5,Sobre,1.52,dom_alt,
San Antonio Spurs - Oklahoma City Thunder,Winner Of Wc Sf2 Winner Of Wc Sf1,2026-05-24,2026-05-24 21:00,Oklahoma City Thunder,San Antonio Spurs,Oklahoma City Thunder,Chet Holmgren,Puntos+Rebotes,19.5,Debajo,2.13,dom_alt,
San Antonio Spurs - Oklahoma City Thunder,Winner Of Wc Sf2 Winner Of Wc Sf1,2026-05-24,2026-05-24 21:00,Oklahoma City Thunder,San Antonio Spurs,Oklahoma City Thunder,Chet Holmgren,Puntos+Rebotes,23.5,Sobre,2.05,dom_alt,
San Antonio Spurs - Oklahoma City Thunder,Winner Of Wc Sf2 Winner Of Wc Sf1,2026-05-24,2026-05-24 21:00,Oklahoma City Thunder,San Antonio Spurs,Oklahoma City Thunder,Chet Holmgren,Puntos+Rebotes,23.5,Debajo,1.57,dom_alt,
San Antonio Spurs - Oklahoma City Thunder,Winner Of Wc Sf2 Winner Of Wc Sf1,2026-05-24,2026-05-24 21:00,Oklahoma City Thunder,San Antonio Spurs,Oklahoma City Thunder,Chet Holmgren,Puntos+Asistencias,15.5,Sobre,1.93,dom,
San Antonio Spurs - Oklahoma City Thunder,Winner Of Wc Sf2 Winner Of Wc Sf1,2026-05-24,2026-05-24 21:00,Oklahoma City Thunder,San Antonio Spurs,Oklahoma City Thunder,Chet Holmgren,Puntos+Asistencias,15.5,Debajo,1.75,dom,
San Antonio Spurs - Oklahoma City Thunder,Winner Of Wc Sf2 Winner Of Wc Sf1,2026-05-24,2026-05-24 21:00,Oklahoma City Thunder,San Antonio Spurs,Oklahoma City Thunder,Chet Holmgren,Puntos+Asistencias,16.5,Sobre,2.07,dom_alt,
San Antonio Spurs - Oklahoma City Thunder,Winner Of Wc Sf2 Winner Of Wc Sf1,2026-05-24,2026-05-24 21:00,Oklahoma City Thunder,San Antonio Spurs,Oklahoma City Thunder,Chet Holmgren,Puntos+Asistencias,16.5,Debajo,1.56,dom_alt,
San Antonio Spurs - Oklahoma City Thunder,Winner Of Wc Sf2 Winner Of Wc Sf1,2026-05-24,2026-05-24 21:00,Oklahoma City Thunder,San Antonio Spurs,Oklahoma City Thunder,Chet Holmgren,Puntos+Asistencias,13.5,Sobre,1.56,dom_alt,
San Antonio Spurs - Oklahoma City Thunder,Winner Of Wc Sf2 Winner Of Wc Sf1,2026-05-24,2026-05-24 21:00,Oklahoma City Thunder,San Antonio Spurs,Oklahoma City Thunder,Chet Holmgren,Puntos+Asistencias,13.5,Debajo,2.07,dom_alt,
San Antonio Spurs - Oklahoma City Thunder,Winner Of Wc Sf2 Winner Of Wc Sf1,2026-05-24,2026-05-24 21:00,Oklahoma City Thunder,San Antonio Spurs,Oklahoma City Thunder,Chet Holmgren,PRA,23.5,Sobre,1.93,dom,
San Antonio Spurs - Oklahoma City Thunder,Winner Of Wc Sf2 Winner Of Wc Sf1,2026-05-24,2026-05-24 21:00,Oklahoma City Thunder,San Antonio Spurs,Oklahoma City Thunder,Chet Holmgren,PRA,23.5,Debajo,1.75,dom,
San Antonio Spurs - Oklahoma City Thunder,Winner Of Wc Sf2 Winner Of Wc Sf1,2026-05-24,2026-05-24 21:00,Oklahoma City Thunder,San Antonio Spurs,Oklahoma City Thunder,Chet Holmgren,PRA,24.5,Sobre,2.05,dom_alt,
San Antonio Spurs - Oklahoma City Thunder,Winner Of Wc Sf2 Winner Of Wc Sf1,2026-05-24,2026-05-24 21:00,Oklahoma City Thunder,San Antonio Spurs,Oklahoma City Thunder,Chet Holmgren,PRA,24.5,Debajo,1.57,dom_alt,
San Antonio Spurs - Oklahoma City Thunder,Winner Of Wc Sf2 Winner Of Wc Sf1,2026-05-24,2026-05-24 21:00,Oklahoma City Thunder,San Antonio Spurs,Oklahoma City Thunder,Chet Holmgren,PRA,21.5,Sobre,1.58,dom_alt,
San Antonio Spurs - Oklahoma City Thunder,Winner Of Wc Sf2 Winner Of Wc Sf1,2026-05-24,2026-05-24 21:00,Oklahoma City Thunder,San Antonio Spurs,Oklahoma City Thunder,Chet Holmgren,PRA,21.5,Debajo,2.04,dom_alt,
San Antonio Spurs - Oklahoma City Thunder,Winner Of Wc Sf2 Winner Of Wc Sf1,2026-05-24,2026-05-24 21:00,Oklahoma City Thunder,San Antonio Spurs,Oklahoma City Thunder,Chet Holmgren,PRA,25.5,Sobre,2.18,dom_alt,
San Antonio Spurs - Oklahoma City Thunder,Winner Of Wc Sf2 Winner Of Wc Sf1,2026-05-24,2026-05-24 21:00,Oklahoma City Thunder,San Antonio Spurs,Oklahoma City Thunder,Chet Holmgren,PRA,25.5,Debajo,1.50,dom_alt,
San Antonio Spurs - Oklahoma City Thunder,Winner Of Wc Sf2 Winner Of Wc Sf1,2026-05-24,2026-05-24 21:00,Oklahoma City Thunder,San Antonio Spurs,Oklahoma City Thunder,Chet Holmgren,PRA,20.5,Sobre,1.50,dom_alt,
San Antonio Spurs - Oklahoma City Thunder,Winner Of Wc Sf2 Winner Of Wc Sf1,2026-05-24,2026-05-24 21:00,Oklahoma City Thunder,San Antonio Spurs,Oklahoma City Thunder,Chet Holmgren,PRA,20.5,Debajo,2.18,dom_alt,
San Antonio Spurs - Oklahoma City Thunder,Winner Of Wc Sf2 Winner Of Wc Sf1,2026-05-24,2026-05-24 21:00,Oklahoma City Thunder,San Antonio Spurs,Oklahoma City Thunder,Chet Holmgren,PRA,26.5,Sobre,2.42,dom_alt,
San Antonio Spurs - Oklahoma City Thunder,Winner Of Wc Sf2 Winner Of Wc Sf1,2026-05-24,2026-05-24 21:00,Oklahoma City Thunder,San Antonio Spurs,Oklahoma City Thunder,Chet Holmgren,PRA,26.5,Debajo,1.41,dom_alt,
San Antonio Spurs - Oklahoma City Thunder,Winner Of Wc Sf2 Winner Of Wc Sf1,2026-05-24,2026-05-24 21:00,Oklahoma City Thunder,San Antonio Spurs,Oklahoma City Thunder,Chet Holmgren,PRA,19.5,Sobre,1.40,dom_alt,
San Antonio Spurs - Oklahoma City Thunder,Winner Of Wc Sf2 Winner Of Wc Sf1,2026-05-24,2026-05-24 21:00,Oklahoma City Thunder,San Antonio Spurs,Oklahoma City Thunder,Chet Holmgren,PRA,19.5,Debajo,2.45,dom_alt,
San Antonio Spurs - Oklahoma City Thunder,Winner Of Wc Sf2 Winner Of Wc Sf1,2026-05-24,2026-05-24 21:00,Oklahoma City Thunder,San Antonio Spurs,Oklahoma City Thunder,Chet Holmgren,PRA,27.5,Sobre,2.70,dom_alt,
San Antonio Spurs - Oklahoma City Thunder,Winner Of Wc Sf2 Winner Of Wc Sf1,2026-05-24,2026-05-24 21:00,Oklahoma City Thunder,San Antonio Spurs,Oklahoma City Thunder,Chet Holmgren,PRA,27.5,Debajo,1.33,dom_alt,
San Antonio Spurs - Oklahoma City Thunder,Winner Of Wc Sf2 Winner Of Wc Sf1,2026-05-24,2026-05-24 21:00,Oklahoma City Thunder,San Antonio Spurs,Oklahoma City Thunder,Chet Holmgren,PRA,18.5,Sobre,1.31,dom_alt,
San Antonio Spurs - Oklahoma City Thunder,Winner Of Wc Sf2 Winner Of Wc Sf1,2026-05-24,2026-05-24 21:00,Oklahoma City Thunder,San Antonio Spurs,Oklahoma City Thunder,Chet Holmgren,PRA,18.5,Debajo,2.75,dom_alt,
San Antonio Spurs - Oklahoma City Thunder,Winner Of Wc Sf2 Winner Of Wc Sf1,2026-05-24,2026-05-24 21:00,Oklahoma City Thunder,San Antonio Spurs,Oklahoma City Thunder,Chet Holmgren,Asistencias+Rebotes,8.5,Sobre,1.70,dom,
San Antonio Spurs - Oklahoma City Thunder,Winner Of Wc Sf2 Winner Of Wc Sf1,2026-05-24,2026-05-24 21:00,Oklahoma City Thunder,San Antonio Spurs,Oklahoma City Thunder,Chet Holmgren,Asistencias+Rebotes,8.5,Debajo,2.00,dom,
San Antonio Spurs - Oklahoma City Thunder,Winner Of Wc Sf2 Winner Of Wc Sf1,2026-05-24,2026-05-24 21:00,Oklahoma City Thunder,San Antonio Spurs,Oklahoma City Thunder,Chet Holmgren,Robos+Tapones,2.5,Sobre,1.94,dom,
San Antonio Spurs - Oklahoma City Thunder,Winner Of Wc Sf2 Winner Of Wc Sf1,2026-05-24,2026-05-24 21:00,Oklahoma City Thunder,San Antonio Spurs,Oklahoma City Thunder,Chet Holmgren,Robos+Tapones,2.5,Debajo,1.74,dom,
San Antonio Spurs - Oklahoma City Thunder,Winner Of Wc Sf2 Winner Of Wc Sf1,2026-05-24,2026-05-24 21:00,Oklahoma City Thunder,San Antonio Spurs,Oklahoma City Thunder,Chet Holmgren,DobleDoble,0.5,Sobre,3.41,dom,
San Antonio Spurs - Oklahoma City Thunder,Winner Of Wc Sf2 Winner Of Wc Sf1,2026-05-24,2026-05-24 21:00,Oklahoma City Thunder,San Antonio Spurs,Oklahoma City Thunder,Chet Holmgren,DobleDoble,0.5,Debajo,1.26,dom,
San Antonio Spurs - Oklahoma City Thunder,Winner Of Wc Sf2 Winner Of Wc Sf1,2026-05-24,2026-05-24 21:00,Oklahoma City Thunder,San Antonio Spurs,Oklahoma City Thunder,Chet Holmgren,Asistencias,1.5,Sobre,2.48,dom,
San Antonio Spurs - Oklahoma City Thunder,Winner Of Wc Sf2 Winner Of Wc Sf1,2026-05-24,2026-05-24 21:00,Oklahoma City Thunder,San Antonio Spurs,Oklahoma City Thunder,Chet Holmgren,Asistencias,1.5,Debajo,1.46,dom,
San Antonio Spurs - Oklahoma City Thunder,Winner Of Wc Sf2 Winner Of Wc Sf1,2026-05-24,2026-05-24 21:00,Oklahoma City Thunder,San Antonio Spurs,Oklahoma City Thunder,Chet Holmgren,PuntosPrimerCuarto,3.5,Sobre,2.01,dom,
San Antonio Spurs - Oklahoma City Thunder,Winner Of Wc Sf2 Winner Of Wc Sf1,2026-05-24,2026-05-24 21:00,Oklahoma City Thunder,San Antonio Spurs,Oklahoma City Thunder,Chet Holmgren,PuntosPrimerCuarto,3.5,Debajo,1.69,dom,
San Antonio Spurs - Oklahoma City Thunder,Winner Of Wc Sf2 Winner Of Wc Sf1,2026-05-24,2026-05-24 21:00,Oklahoma City Thunder,San Antonio Spurs,Oklahoma City Thunder,Chet Holmgren,RebotesPrimerCuarto,1.5,Sobre,1.70,dom,
San Antonio Spurs - Oklahoma City Thunder,Winner Of Wc Sf2 Winner Of Wc Sf1,2026-05-24,2026-05-24 21:00,Oklahoma City Thunder,San Antonio Spurs,Oklahoma City Thunder,Chet Holmgren,RebotesPrimerCuarto,1.5,Debajo,2.00,dom,
San Antonio Spurs - Oklahoma City Thunder,Winner Of Wc Sf2 Winner Of Wc Sf1,2026-05-24,2026-05-24 21:00,Oklahoma City Thunder,San Antonio Spurs,Oklahoma City Thunder,Chet Holmgren,TirosLibres,2.5,Sobre,1.93,dom,
San Antonio Spurs - Oklahoma City Thunder,Winner Of Wc Sf2 Winner Of Wc Sf1,2026-05-24,2026-05-24 21:00,Oklahoma City Thunder,San Antonio Spurs,Oklahoma City Thunder,Chet Holmgren,TirosLibres,2.5,Debajo,1.75,dom,
San Antonio Spurs - Oklahoma City Thunder,Winner Of Wc Sf2 Winner Of Wc Sf1,2026-05-24,2026-05-24 21:00,Oklahoma City Thunder,San Antonio Spurs,Oklahoma City Thunder,Chet Holmgren,TirosLibresInt,3.5,Sobre,1.98,dom,
San Antonio Spurs - Oklahoma City Thunder,Winner Of Wc Sf2 Winner Of Wc Sf1,2026-05-24,2026-05-24 21:00,Oklahoma City Thunder,San Antonio Spurs,Oklahoma City Thunder,Chet Holmgren,TirosLibresInt,3.5,Debajo,1.71,dom,
San Antonio Spurs - Oklahoma City Thunder,Winner Of Wc Sf2 Winner Of Wc Sf1,2026-05-24,2026-05-24 21:00,Oklahoma City Thunder,San Antonio Spurs,Oklahoma City Thunder,Chet Holmgren,GolesCampo,4.5,Sobre,1.63,dom,
San Antonio Spurs - Oklahoma City Thunder,Winner Of Wc Sf2 Winner Of Wc Sf1,2026-05-24,2026-05-24 21:00,Oklahoma City Thunder,San Antonio Spurs,Oklahoma City Thunder,Chet Holmgren,GolesCampo,4.5,Debajo,2.09,dom,
San Antonio Spurs - Oklahoma City Thunder,Winner Of Wc Sf2 Winner Of Wc Sf1,2026-05-24,2026-05-24 21:00,Oklahoma City Thunder,San Antonio Spurs,Oklahoma City Thunder,Chet Holmgren,GolesCampoInt,10.5,Sobre,1.77,dom,
San Antonio Spurs - Oklahoma City Thunder,Winner Of Wc Sf2 Winner Of Wc Sf1,2026-05-24,2026-05-24 21:00,Oklahoma City Thunder,San Antonio Spurs,Oklahoma City Thunder,Chet Holmgren,GolesCampoInt,10.5,Debajo,1.91,dom,
San Antonio Spurs - Oklahoma City Thunder,Winner Of Wc Sf2 Winner Of Wc Sf1,2026-05-24,2026-05-24 21:00,Oklahoma City Thunder,San Antonio Spurs,Oklahoma City Thunder,Chet Holmgren,TriplesInt,3.5,Sobre,1.79,dom,
San Antonio Spurs - Oklahoma City Thunder,Winner Of Wc Sf2 Winner Of Wc Sf1,2026-05-24,2026-05-24 21:00,Oklahoma City Thunder,San Antonio Spurs,Oklahoma City Thunder,Chet Holmgren,TriplesInt,3.5,Debajo,1.89,dom,
San Antonio Spurs - Oklahoma City Thunder,Winner Of Wc Sf2 Winner Of Wc Sf1,2026-05-24,2026-05-24 21:00,Oklahoma City Thunder,San Antonio Spurs,Oklahoma City Thunder,Chet Holmgren,Faltas,2.5,Sobre,1.66,dom,
San Antonio Spurs - Oklahoma City Thunder,Winner Of Wc Sf2 Winner Of Wc Sf1,2026-05-24,2026-05-24 21:00,Oklahoma City Thunder,San Antonio Spurs,Oklahoma City Thunder,Chet Holmgren,Faltas,2.5,Debajo,2.05,dom,
San Antonio Spurs - Oklahoma City Thunder,Winner Of Wc Sf2 Winner Of Wc Sf1,2026-05-24,2026-05-24 21:00,Oklahoma City Thunder,San Antonio Spurs,Oklahoma City Thunder,Jared McCain,Puntos,11.5,Sobre,1.86,dom,
San Antonio Spurs - Oklahoma City Thunder,Winner Of Wc Sf2 Winner Of Wc Sf1,2026-05-24,2026-05-24 21:00,Oklahoma City Thunder,San Antonio Spurs,Oklahoma City Thunder,Jared McCain,Puntos,11.5,Debajo,1.81,dom,
San Antonio Spurs - Oklahoma City Thunder,Winner Of Wc Sf2 Winner Of Wc Sf1,2026-05-24,2026-05-24 21:00,Oklahoma City Thunder,San Antonio Spurs,Oklahoma City Thunder,Jared McCain,Puntos,12.5,Sobre,2.01,dom_alt,
San Antonio Spurs - Oklahoma City Thunder,Winner Of Wc Sf2 Winner Of Wc Sf1,2026-05-24,2026-05-24 21:00,Oklahoma City Thunder,San Antonio Spurs,Oklahoma City Thunder,Jared McCain,Puntos,12.5,Debajo,1.59,dom_alt,
San Antonio Spurs - Oklahoma City Thunder,Winner Of Wc Sf2 Winner Of Wc Sf1,2026-05-24,2026-05-24 21:00,Oklahoma City Thunder,San Antonio Spurs,Oklahoma City Thunder,Jared McCain,Puntos,9.5,Sobre,1.52,dom_alt,
San Antonio Spurs - Oklahoma City Thunder,Winner Of Wc Sf2 Winner Of Wc Sf1,2026-05-24,2026-05-24 21:00,Oklahoma City Thunder,San Antonio Spurs,Oklahoma City Thunder,Jared McCain,Puntos,9.5,Debajo,2.13,dom_alt,
San Antonio Spurs - Oklahoma City Thunder,Winner Of Wc Sf2 Winner Of Wc Sf1,2026-05-24,2026-05-24 21:00,Oklahoma City Thunder,San Antonio Spurs,Oklahoma City Thunder,Jared McCain,Puntos,13.5,Sobre,2.19,dom_alt,
San Antonio Spurs - Oklahoma City Thunder,Winner Of Wc Sf2 Winner Of Wc Sf1,2026-05-24,2026-05-24 21:00,Oklahoma City Thunder,San Antonio Spurs,Oklahoma City Thunder,Jared McCain,Puntos,13.5,Debajo,1.50,dom_alt,
San Antonio Spurs - Oklahoma City Thunder,Winner Of Wc Sf2 Winner Of Wc Sf1,2026-05-24,2026-05-24 21:00,Oklahoma City Thunder,San Antonio Spurs,Oklahoma City Thunder,Jared McCain,Puntos,8.5,Sobre,1.39,dom_alt,
San Antonio Spurs - Oklahoma City Thunder,Winner Of Wc Sf2 Winner Of Wc Sf1,2026-05-24,2026-05-24 21:00,Oklahoma City Thunder,San Antonio Spurs,Oklahoma City Thunder,Jared McCain,Puntos,8.5,Debajo,2.46,dom_alt,
San Antonio Spurs - Oklahoma City Thunder,Winner Of Wc Sf2 Winner Of Wc Sf1,2026-05-24,2026-05-24 21:00,Oklahoma City Thunder,San Antonio Spurs,Oklahoma City Thunder,Jared McCain,Puntos,14.5,Sobre,2.48,dom_alt,
San Antonio Spurs - Oklahoma City Thunder,Winner Of Wc Sf2 Winner Of Wc Sf1,2026-05-24,2026-05-24 21:00,Oklahoma City Thunder,San Antonio Spurs,Oklahoma City Thunder,Jared McCain,Puntos,14.5,Debajo,1.39,dom_alt,
San Antonio Spurs - Oklahoma City Thunder,Winner Of Wc Sf2 Winner Of Wc Sf1,2026-05-24,2026-05-24 21:00,Oklahoma City Thunder,San Antonio Spurs,Oklahoma City Thunder,Jared McCain,Puntos,7.5,Sobre,1.27,dom_alt,
San Antonio Spurs - Oklahoma City Thunder,Winner Of Wc Sf2 Winner Of Wc Sf1,2026-05-24,2026-05-24 21:00,Oklahoma City Thunder,San Antonio Spurs,Oklahoma City Thunder,Jared McCain,Puntos,7.5,Debajo,2.94,dom_alt,
San Antonio Spurs - Oklahoma City Thunder,Winner Of Wc Sf2 Winner Of Wc Sf1,2026-05-24,2026-05-24 21:00,Oklahoma City Thunder,San Antonio Spurs,Oklahoma City Thunder,Jared McCain,Puntos,15.5,Sobre,2.87,dom_alt,
San Antonio Spurs - Oklahoma City Thunder,Winner Of Wc Sf2 Winner Of Wc Sf1,2026-05-24,2026-05-24 21:00,Oklahoma City Thunder,San Antonio Spurs,Oklahoma City Thunder,Jared McCain,Puntos,15.5,Debajo,1.29,dom_alt,
San Antonio Spurs - Oklahoma City Thunder,Winner Of Wc Sf2 Winner Of Wc Sf1,2026-05-24,2026-05-24 21:00,Oklahoma City Thunder,San Antonio Spurs,Oklahoma City Thunder,Jared McCain,Rebotes,2.5,Sobre,1.79,dom,
San Antonio Spurs - Oklahoma City Thunder,Winner Of Wc Sf2 Winner Of Wc Sf1,2026-05-24,2026-05-24 21:00,Oklahoma City Thunder,San Antonio Spurs,Oklahoma City Thunder,Jared McCain,Rebotes,2.5,Debajo,1.89,dom,
San Antonio Spurs - Oklahoma City Thunder,Winner Of Wc Sf2 Winner Of Wc Sf1,2026-05-24,2026-05-24 21:00,Oklahoma City Thunder,San Antonio Spurs,Oklahoma City Thunder,Jared McCain,Triples,2.5,Sobre,2.38,dom,
San Antonio Spurs - Oklahoma City Thunder,Winner Of Wc Sf2 Winner Of Wc Sf1,2026-05-24,2026-05-24 21:00,Oklahoma City Thunder,San Antonio Spurs,Oklahoma City Thunder,Jared McCain,Triples,2.5,Debajo,1.49,dom,
San Antonio Spurs - Oklahoma City Thunder,Winner Of Wc Sf2 Winner Of Wc Sf1,2026-05-24,2026-05-24 21:00,Oklahoma City Thunder,San Antonio Spurs,Oklahoma City Thunder,Jared McCain,Robos,0.5,Sobre,2.28,dom,
San Antonio Spurs - Oklahoma City Thunder,Winner Of Wc Sf2 Winner Of Wc Sf1,2026-05-24,2026-05-24 21:00,Oklahoma City Thunder,San Antonio Spurs,Oklahoma City Thunder,Jared McCain,Robos,0.5,Debajo,1.54,dom,
San Antonio Spurs - Oklahoma City Thunder,Winner Of Wc Sf2 Winner Of Wc Sf1,2026-05-24,2026-05-24 21:00,Oklahoma City Thunder,San Antonio Spurs,Oklahoma City Thunder,Jared McCain,Puntos+Rebotes,14.5,Sobre,1.90,dom,
San Antonio Spurs - Oklahoma City Thunder,Winner Of Wc Sf2 Winner Of Wc Sf1,2026-05-24,2026-05-24 21:00,Oklahoma City Thunder,San Antonio Spurs,Oklahoma City Thunder,Jared McCain,Puntos+Rebotes,14.5,Debajo,1.78,dom,
San Antonio Spurs - Oklahoma City Thunder,Winner Of Wc Sf2 Winner Of Wc Sf1,2026-05-24,2026-05-24 21:00,Oklahoma City Thunder,San Antonio Spurs,Oklahoma City Thunder,Jared McCain,Puntos+Rebotes,15.5,Sobre,2.02,dom_alt,
San Antonio Spurs - Oklahoma City Thunder,Winner Of Wc Sf2 Winner Of Wc Sf1,2026-05-24,2026-05-24 21:00,Oklahoma City Thunder,San Antonio Spurs,Oklahoma City Thunder,Jared McCain,Puntos+Rebotes,15.5,Debajo,1.59,dom_alt,
San Antonio Spurs - Oklahoma City Thunder,Winner Of Wc Sf2 Winner Of Wc Sf1,2026-05-24,2026-05-24 21:00,Oklahoma City Thunder,San Antonio Spurs,Oklahoma City Thunder,Jared McCain,Puntos+Rebotes,12.5,Sobre,1.57,dom_alt,
San Antonio Spurs - Oklahoma City Thunder,Winner Of Wc Sf2 Winner Of Wc Sf1,2026-05-24,2026-05-24 21:00,Oklahoma City Thunder,San Antonio Spurs,Oklahoma City Thunder,Jared McCain,Puntos+Rebotes,12.5,Debajo,2.05,dom_alt,
San Antonio Spurs - Oklahoma City Thunder,Winner Of Wc Sf2 Winner Of Wc Sf1,2026-05-24,2026-05-24 21:00,Oklahoma City Thunder,San Antonio Spurs,Oklahoma City Thunder,Jared McCain,Puntos+Rebotes,16.5,Sobre,2.17,dom_alt,
San Antonio Spurs - Oklahoma City Thunder,Winner Of Wc Sf2 Winner Of Wc Sf1,2026-05-24,2026-05-24 21:00,Oklahoma City Thunder,San Antonio Spurs,Oklahoma City Thunder,Jared McCain,Puntos+Rebotes,16.5,Debajo,1.51,dom_alt,
San Antonio Spurs - Oklahoma City Thunder,Winner Of Wc Sf2 Winner Of Wc Sf1,2026-05-24,2026-05-24 21:00,Oklahoma City Thunder,San Antonio Spurs,Oklahoma City Thunder,Jared McCain,Puntos+Asistencias,12.5,Sobre,1.82,dom,
San Antonio Spurs - Oklahoma City Thunder,Winner Of Wc Sf2 Winner Of Wc Sf1,2026-05-24,2026-05-24 21:00,Oklahoma City Thunder,San Antonio Spurs,Oklahoma City Thunder,Jared McCain,Puntos+Asistencias,12.5,Debajo,1.85,dom,
San Antonio Spurs - Oklahoma City Thunder,Winner Of Wc Sf2 Winner Of Wc Sf1,2026-05-24,2026-05-24 21:00,Oklahoma City Thunder,San Antonio Spurs,Oklahoma City Thunder,Jared McCain,Puntos+Asistencias,13.5,Sobre,1.93,dom_alt,
San Antonio Spurs - Oklahoma City Thunder,Winner Of Wc Sf2 Winner Of Wc Sf1,2026-05-24,2026-05-24 21:00,Oklahoma City Thunder,San Antonio Spurs,Oklahoma City Thunder,Jared McCain,Puntos+Asistencias,13.5,Debajo,1.65,dom_alt,
San Antonio Spurs - Oklahoma City Thunder,Winner Of Wc Sf2 Winner Of Wc Sf1,2026-05-24,2026-05-24 21:00,Oklahoma City Thunder,San Antonio Spurs,Oklahoma City Thunder,Jared McCain,Puntos+Asistencias,10.5,Sobre,1.51,dom_alt,
San Antonio Spurs - Oklahoma City Thunder,Winner Of Wc Sf2 Winner Of Wc Sf1,2026-05-24,2026-05-24 21:00,Oklahoma City Thunder,San Antonio Spurs,Oklahoma City Thunder,Jared McCain,Puntos+Asistencias,10.5,Debajo,2.16,dom_alt,
San Antonio Spurs - Oklahoma City Thunder,Winner Of Wc Sf2 Winner Of Wc Sf1,2026-05-24,2026-05-24 21:00,Oklahoma City Thunder,San Antonio Spurs,Oklahoma City Thunder,Jared McCain,Puntos+Asistencias,14.5,Sobre,2.09,dom_alt,
San Antonio Spurs - Oklahoma City Thunder,Winner Of Wc Sf2 Winner Of Wc Sf1,2026-05-24,2026-05-24 21:00,Oklahoma City Thunder,San Antonio Spurs,Oklahoma City Thunder,Jared McCain,Puntos+Asistencias,14.5,Debajo,1.55,dom_alt,
San Antonio Spurs - Oklahoma City Thunder,Winner Of Wc Sf2 Winner Of Wc Sf1,2026-05-24,2026-05-24 21:00,Oklahoma City Thunder,San Antonio Spurs,Oklahoma City Thunder,Jared McCain,PRA,15.5,Sobre,1.84,dom,
San Antonio Spurs - Oklahoma City Thunder,Winner Of Wc Sf2 Winner Of Wc Sf1,2026-05-24,2026-05-24 21:00,Oklahoma City Thunder,San Antonio Spurs,Oklahoma City Thunder,Jared McCain,PRA,15.5,Debajo,1.83,dom,
San Antonio Spurs - Oklahoma City Thunder,Winner Of Wc Sf2 Winner Of Wc Sf1,2026-05-24,2026-05-24 21:00,Oklahoma City Thunder,San Antonio Spurs,Oklahoma City Thunder,Jared McCain,PRA,16.5,Sobre,1.95,dom_alt,
San Antonio Spurs - Oklahoma City Thunder,Winner Of Wc Sf2 Winner Of Wc Sf1,2026-05-24,2026-05-24 21:00,Oklahoma City Thunder,San Antonio Spurs,Oklahoma City Thunder,Jared McCain,PRA,16.5,Debajo,1.63,dom_alt,
San Antonio Spurs - Oklahoma City Thunder,Winner Of Wc Sf2 Winner Of Wc Sf1,2026-05-24,2026-05-24 21:00,Oklahoma City Thunder,San Antonio Spurs,Oklahoma City Thunder,Jared McCain,PRA,13.5,Sobre,1.55,dom_alt,
San Antonio Spurs - Oklahoma City Thunder,Winner Of Wc Sf2 Winner Of Wc Sf1,2026-05-24,2026-05-24 21:00,Oklahoma City Thunder,San Antonio Spurs,Oklahoma City Thunder,Jared McCain,PRA,13.5,Debajo,2.08,dom_alt,
San Antonio Spurs - Oklahoma City Thunder,Winner Of Wc Sf2 Winner Of Wc Sf1,2026-05-24,2026-05-24 21:00,Oklahoma City Thunder,San Antonio Spurs,Oklahoma City Thunder,Jared McCain,PRA,17.5,Sobre,2.09,dom_alt,
San Antonio Spurs - Oklahoma City Thunder,Winner Of Wc Sf2 Winner Of Wc Sf1,2026-05-24,2026-05-24 21:00,Oklahoma City Thunder,San Antonio Spurs,Oklahoma City Thunder,Jared McCain,PRA,17.5,Debajo,1.55,dom_alt,
San Antonio Spurs - Oklahoma City Thunder,Winner Of Wc Sf2 Winner Of Wc Sf1,2026-05-24,2026-05-24 21:00,Oklahoma City Thunder,San Antonio Spurs,Oklahoma City Thunder,Jared McCain,PRA,12.5,Sobre,1.43,dom_alt,
San Antonio Spurs - Oklahoma City Thunder,Winner Of Wc Sf2 Winner Of Wc Sf1,2026-05-24,2026-05-24 21:00,Oklahoma City Thunder,San Antonio Spurs,Oklahoma City Thunder,Jared McCain,PRA,12.5,Debajo,2.34,dom_alt,
San Antonio Spurs - Oklahoma City Thunder,Winner Of Wc Sf2 Winner Of Wc Sf1,2026-05-24,2026-05-24 21:00,Oklahoma City Thunder,San Antonio Spurs,Oklahoma City Thunder,Jared McCain,PRA,18.5,Sobre,2.31,dom_alt,
San Antonio Spurs - Oklahoma City Thunder,Winner Of Wc Sf2 Winner Of Wc Sf1,2026-05-24,2026-05-24 21:00,Oklahoma City Thunder,San Antonio Spurs,Oklahoma City Thunder,Jared McCain,PRA,18.5,Debajo,1.44,dom_alt,
San Antonio Spurs - Oklahoma City Thunder,Winner Of Wc Sf2 Winner Of Wc Sf1,2026-05-24,2026-05-24 21:00,Oklahoma City Thunder,San Antonio Spurs,Oklahoma City Thunder,Jared McCain,PRA,11.5,Sobre,1.33,dom_alt,
San Antonio Spurs - Oklahoma City Thunder,Winner Of Wc Sf2 Winner Of Wc Sf1,2026-05-24,2026-05-24 21:00,Oklahoma City Thunder,San Antonio Spurs,Oklahoma City Thunder,Jared McCain,PRA,11.5,Debajo,2.68,dom_alt,
San Antonio Spurs - Oklahoma City Thunder,Winner Of Wc Sf2 Winner Of Wc Sf1,2026-05-24,2026-05-24 21:00,Oklahoma City Thunder,San Antonio Spurs,Oklahoma City Thunder,Jared McCain,PRA,19.5,Sobre,2.62,dom_alt,
San Antonio Spurs - Oklahoma City Thunder,Winner Of Wc Sf2 Winner Of Wc Sf1,2026-05-24,2026-05-24 21:00,Oklahoma City Thunder,San Antonio Spurs,Oklahoma City Thunder,Jared McCain,PRA,19.5,Debajo,1.34,dom_alt,
San Antonio Spurs - Oklahoma City Thunder,Winner Of Wc Sf2 Winner Of Wc Sf1,2026-05-24,2026-05-24 21:00,Oklahoma City Thunder,San Antonio Spurs,Oklahoma City Thunder,Jared McCain,Asistencias+Rebotes,3.5,Sobre,1.66,dom,
San Antonio Spurs - Oklahoma City Thunder,Winner Of Wc Sf2 Winner Of Wc Sf1,2026-05-24,2026-05-24 21:00,Oklahoma City Thunder,San Antonio Spurs,Oklahoma City Thunder,Jared McCain,Asistencias+Rebotes,3.5,Debajo,2.05,dom,
San Antonio Spurs - Oklahoma City Thunder,Winner Of Wc Sf2 Winner Of Wc Sf1,2026-05-24,2026-05-24 21:00,Oklahoma City Thunder,San Antonio Spurs,Oklahoma City Thunder,Jared McCain,Robos+Tapones,0.5,Sobre,2.00,dom,
San Antonio Spurs - Oklahoma City Thunder,Winner Of Wc Sf2 Winner Of Wc Sf1,2026-05-24,2026-05-24 21:00,Oklahoma City Thunder,San Antonio Spurs,Oklahoma City Thunder,Jared McCain,Robos+Tapones,0.5,Debajo,1.69,dom,
San Antonio Spurs - Oklahoma City Thunder,Winner Of Wc Sf2 Winner Of Wc Sf1,2026-05-24,2026-05-24 21:00,Oklahoma City Thunder,San Antonio Spurs,Oklahoma City Thunder,Jared McCain,Asistencias,1.5,Sobre,2.51,dom,
San Antonio Spurs - Oklahoma City Thunder,Winner Of Wc Sf2 Winner Of Wc Sf1,2026-05-24,2026-05-24 21:00,Oklahoma City Thunder,San Antonio Spurs,Oklahoma City Thunder,Jared McCain,Asistencias,1.5,Debajo,1.45,dom,
San Antonio Spurs - Oklahoma City Thunder,Winner Of Wc Sf2 Winner Of Wc Sf1,2026-05-24,2026-05-24 21:00,Oklahoma City Thunder,San Antonio Spurs,Oklahoma City Thunder,Jared McCain,PuntosPrimerCuarto,2.5,Sobre,1.69,dom,
San Antonio Spurs - Oklahoma City Thunder,Winner Of Wc Sf2 Winner Of Wc Sf1,2026-05-24,2026-05-24 21:00,Oklahoma City Thunder,San Antonio Spurs,Oklahoma City Thunder,Jared McCain,PuntosPrimerCuarto,2.5,Debajo,2.01,dom,
San Antonio Spurs - Oklahoma City Thunder,Winner Of Wc Sf2 Winner Of Wc Sf1,2026-05-24,2026-05-24 21:00,Oklahoma City Thunder,San Antonio Spurs,Oklahoma City Thunder,Jared McCain,RebotesPrimerCuarto,0.5,Sobre,1.77,dom,
San Antonio Spurs - Oklahoma City Thunder,Winner Of Wc Sf2 Winner Of Wc Sf1,2026-05-24,2026-05-24 21:00,Oklahoma City Thunder,San Antonio Spurs,Oklahoma City Thunder,Jared McCain,RebotesPrimerCuarto,0.5,Debajo,1.91,dom,
San Antonio Spurs - Oklahoma City Thunder,Winner Of Wc Sf2 Winner Of Wc Sf1,2026-05-24,2026-05-24 21:00,Oklahoma City Thunder,San Antonio Spurs,Oklahoma City Thunder,Jared McCain,TirosLibres,0.5,Sobre,1.66,dom,
San Antonio Spurs - Oklahoma City Thunder,Winner Of Wc Sf2 Winner Of Wc Sf1,2026-05-24,2026-05-24 21:00,Oklahoma City Thunder,San Antonio Spurs,Oklahoma City Thunder,Jared McCain,TirosLibres,0.5,Debajo,2.05,dom,
San Antonio Spurs - Oklahoma City Thunder,Winner Of Wc Sf2 Winner Of Wc Sf1,2026-05-24,2026-05-24 21:00,Oklahoma City Thunder,San Antonio Spurs,Oklahoma City Thunder,Jared McCain,TirosLibresInt,1.5,Sobre,1.80,dom,
San Antonio Spurs - Oklahoma City Thunder,Winner Of Wc Sf2 Winner Of Wc Sf1,2026-05-24,2026-05-24 21:00,Oklahoma City Thunder,San Antonio Spurs,Oklahoma City Thunder,Jared McCain,TirosLibresInt,1.5,Debajo,1.87,dom,
San Antonio Spurs - Oklahoma City Thunder,Winner Of Wc Sf2 Winner Of Wc Sf1,2026-05-24,2026-05-24 21:00,Oklahoma City Thunder,San Antonio Spurs,Oklahoma City Thunder,Jared McCain,GolesCampo,3.5,Sobre,1.61,dom,
San Antonio Spurs - Oklahoma City Thunder,Winner Of Wc Sf2 Winner Of Wc Sf1,2026-05-24,2026-05-24 21:00,Oklahoma City Thunder,San Antonio Spurs,Oklahoma City Thunder,Jared McCain,GolesCampo,3.5,Debajo,2.14,dom,
San Antonio Spurs - Oklahoma City Thunder,Winner Of Wc Sf2 Winner Of Wc Sf1,2026-05-24,2026-05-24 21:00,Oklahoma City Thunder,San Antonio Spurs,Oklahoma City Thunder,Jared McCain,GolesCampoInt,9.5,Sobre,1.69,dom,
San Antonio Spurs - Oklahoma City Thunder,Winner Of Wc Sf2 Winner Of Wc Sf1,2026-05-24,2026-05-24 21:00,Oklahoma City Thunder,San Antonio Spurs,Oklahoma City Thunder,Jared McCain,GolesCampoInt,9.5,Debajo,2.01,dom,
San Antonio Spurs - Oklahoma City Thunder,Winner Of Wc Sf2 Winner Of Wc Sf1,2026-05-24,2026-05-24 21:00,Oklahoma City Thunder,San Antonio Spurs,Oklahoma City Thunder,Jared McCain,TriplesInt,5.5,Sobre,1.70,dom,
San Antonio Spurs - Oklahoma City Thunder,Winner Of Wc Sf2 Winner Of Wc Sf1,2026-05-24,2026-05-24 21:00,Oklahoma City Thunder,San Antonio Spurs,Oklahoma City Thunder,Jared McCain,TriplesInt,5.5,Debajo,2.00,dom,
San Antonio Spurs - Oklahoma City Thunder,Winner Of Wc Sf2 Winner Of Wc Sf1,2026-05-24,2026-05-24 21:00,Oklahoma City Thunder,San Antonio Spurs,Oklahoma City Thunder,Jared McCain,Faltas,1.5,Sobre,1.86,dom,
San Antonio Spurs - Oklahoma City Thunder,Winner Of Wc Sf2 Winner Of Wc Sf1,2026-05-24,2026-05-24 21:00,Oklahoma City Thunder,San Antonio Spurs,Oklahoma City Thunder,Jared McCain,Faltas,1.5,Debajo,1.81,dom,
San Antonio Spurs - Oklahoma City Thunder,Winner Of Wc Sf2 Winner Of Wc Sf1,2026-05-24,2026-05-24 21:00,Oklahoma City Thunder,San Antonio Spurs,Oklahoma City Thunder,Cason Wallace,Puntos,7.5,Sobre,1.92,dom,
San Antonio Spurs - Oklahoma City Thunder,Winner Of Wc Sf2 Winner Of Wc Sf1,2026-05-24,2026-05-24 21:00,Oklahoma City Thunder,San Antonio Spurs,Oklahoma City Thunder,Cason Wallace,Puntos,7.5,Debajo,1.76,dom,
San Antonio Spurs - Oklahoma City Thunder,Winner Of Wc Sf2 Winner Of Wc Sf1,2026-05-24,2026-05-24 21:00,Oklahoma City Thunder,San Antonio Spurs,Oklahoma City Thunder,Cason Wallace,Puntos,8.5,Sobre,2.07,dom_alt,
San Antonio Spurs - Oklahoma City Thunder,Winner Of Wc Sf2 Winner Of Wc Sf1,2026-05-24,2026-05-24 21:00,Oklahoma City Thunder,San Antonio Spurs,Oklahoma City Thunder,Cason Wallace,Puntos,8.5,Debajo,1.56,dom_alt,
San Antonio Spurs - Oklahoma City Thunder,Winner Of Wc Sf2 Winner Of Wc Sf1,2026-05-24,2026-05-24 21:00,Oklahoma City Thunder,San Antonio Spurs,Oklahoma City Thunder,Cason Wallace,Puntos,5.5,Sobre,1.48,dom_alt,
San Antonio Spurs - Oklahoma City Thunder,Winner Of Wc Sf2 Winner Of Wc Sf1,2026-05-24,2026-05-24 21:00,Oklahoma City Thunder,San Antonio Spurs,Oklahoma City Thunder,Cason Wallace,Puntos,5.5,Debajo,2.23,dom_alt,
San Antonio Spurs - Oklahoma City Thunder,Winner Of Wc Sf2 Winner Of Wc Sf1,2026-05-24,2026-05-24 21:00,Oklahoma City Thunder,San Antonio Spurs,Oklahoma City Thunder,Cason Wallace,Puntos,9.5,Sobre,2.44,dom_alt,
San Antonio Spurs - Oklahoma City Thunder,Winner Of Wc Sf2 Winner Of Wc Sf1,2026-05-24,2026-05-24 21:00,Oklahoma City Thunder,San Antonio Spurs,Oklahoma City Thunder,Cason Wallace,Puntos,9.5,Debajo,1.40,dom_alt,
San Antonio Spurs - Oklahoma City Thunder,Winner Of Wc Sf2 Winner Of Wc Sf1,2026-05-24,2026-05-24 21:00,Oklahoma City Thunder,San Antonio Spurs,Oklahoma City Thunder,Cason Wallace,Puntos,4.5,Sobre,1.29,dom_alt,
San Antonio Spurs - Oklahoma City Thunder,Winner Of Wc Sf2 Winner Of Wc Sf1,2026-05-24,2026-05-24 21:00,Oklahoma City Thunder,San Antonio Spurs,Oklahoma City Thunder,Cason Wallace,Puntos,4.5,Debajo,2.84,dom_alt,
San Antonio Spurs - Oklahoma City Thunder,Winner Of Wc Sf2 Winner Of Wc Sf1,2026-05-24,2026-05-24 21:00,Oklahoma City Thunder,San Antonio Spurs,Oklahoma City Thunder,Cason Wallace,Puntos,10.5,Sobre,2.90,dom_alt,
San Antonio Spurs - Oklahoma City Thunder,Winner Of Wc Sf2 Winner Of Wc Sf1,2026-05-24,2026-05-24 21:00,Oklahoma City Thunder,San Antonio Spurs,Oklahoma City Thunder,Cason Wallace,Puntos,10.5,Debajo,1.28,dom_alt,
San Antonio Spurs - Oklahoma City Thunder,Winner Of Wc Sf2 Winner Of Wc Sf1,2026-05-24,2026-05-24 21:00,Oklahoma City Thunder,San Antonio Spurs,Oklahoma City Thunder,Cason Wallace,Rebotes,3.5,Sobre,2.25,dom,
San Antonio Spurs - Oklahoma City Thunder,Winner Of Wc Sf2 Winner Of Wc Sf1,2026-05-24,2026-05-24 21:00,Oklahoma City Thunder,San Antonio Spurs,Oklahoma City Thunder,Cason Wallace,Rebotes,3.5,Debajo,1.55,dom,
San Antonio Spurs - Oklahoma City Thunder,Winner Of Wc Sf2 Winner Of Wc Sf1,2026-05-24,2026-05-24 21:00,Oklahoma City Thunder,San Antonio Spurs,Oklahoma City Thunder,Cason Wallace,Triples,1.5,Sobre,2.34,dom,
San Antonio Spurs - Oklahoma City Thunder,Winner Of Wc Sf2 Winner Of Wc Sf1,2026-05-24,2026-05-24 21:00,Oklahoma City Thunder,San Antonio Spurs,Oklahoma City Thunder,Cason Wallace,Triples,1.5,Debajo,1.51,dom,
San Antonio Spurs - Oklahoma City Thunder,Winner Of Wc Sf2 Winner Of Wc Sf1,2026-05-24,2026-05-24 21:00,Oklahoma City Thunder,San Antonio Spurs,Oklahoma City Thunder,Cason Wallace,Pérdidas,0.5,Sobre,1.64,dom,
San Antonio Spurs - Oklahoma City Thunder,Winner Of Wc Sf2 Winner Of Wc Sf1,2026-05-24,2026-05-24 21:00,Oklahoma City Thunder,San Antonio Spurs,Oklahoma City Thunder,Cason Wallace,Pérdidas,0.5,Debajo,2.08,dom,
San Antonio Spurs - Oklahoma City Thunder,Winner Of Wc Sf2 Winner Of Wc Sf1,2026-05-24,2026-05-24 21:00,Oklahoma City Thunder,San Antonio Spurs,Oklahoma City Thunder,Cason Wallace,Puntos+Rebotes,10.5,Sobre,1.85,dom,
San Antonio Spurs - Oklahoma City Thunder,Winner Of Wc Sf2 Winner Of Wc Sf1,2026-05-24,2026-05-24 21:00,Oklahoma City Thunder,San Antonio Spurs,Oklahoma City Thunder,Cason Wallace,Puntos+Rebotes,10.5,Debajo,1.82,dom,
San Antonio Spurs - Oklahoma City Thunder,Winner Of Wc Sf2 Winner Of Wc Sf1,2026-05-24,2026-05-24 21:00,Oklahoma City Thunder,San Antonio Spurs,Oklahoma City Thunder,Cason Wallace,Puntos+Rebotes,11.5,Sobre,2.02,dom_alt,
San Antonio Spurs - Oklahoma City Thunder,Winner Of Wc Sf2 Winner Of Wc Sf1,2026-05-24,2026-05-24 21:00,Oklahoma City Thunder,San Antonio Spurs,Oklahoma City Thunder,Cason Wallace,Puntos+Rebotes,11.5,Debajo,1.59,dom_alt,
San Antonio Spurs - Oklahoma City Thunder,Winner Of Wc Sf2 Winner Of Wc Sf1,2026-05-24,2026-05-24 21:00,Oklahoma City Thunder,San Antonio Spurs,Oklahoma City Thunder,Cason Wallace,Puntos+Asistencias,9.5,Sobre,1.88,dom,
San Antonio Spurs - Oklahoma City Thunder,Winner Of Wc Sf2 Winner Of Wc Sf1,2026-05-24,2026-05-24 21:00,Oklahoma City Thunder,San Antonio Spurs,Oklahoma City Thunder,Cason Wallace,Puntos+Asistencias,9.5,Debajo,1.80,dom,
San Antonio Spurs - Oklahoma City Thunder,Winner Of Wc Sf2 Winner Of Wc Sf1,2026-05-24,2026-05-24 21:00,Oklahoma City Thunder,San Antonio Spurs,Oklahoma City Thunder,Cason Wallace,Puntos+Asistencias,10.5,Sobre,2.08,dom_alt,
San Antonio Spurs - Oklahoma City Thunder,Winner Of Wc Sf2 Winner Of Wc Sf1,2026-05-24,2026-05-24 21:00,Oklahoma City Thunder,San Antonio Spurs,Oklahoma City Thunder,Cason Wallace,Puntos+Asistencias,10.5,Debajo,1.55,dom_alt,
San Antonio Spurs - Oklahoma City Thunder,Winner Of Wc Sf2 Winner Of Wc Sf1,2026-05-24,2026-05-24 21:00,Oklahoma City Thunder,San Antonio Spurs,Oklahoma City Thunder,Cason Wallace,PRA,12.5,Sobre,1.83,dom,
San Antonio Spurs - Oklahoma City Thunder,Winner Of Wc Sf2 Winner Of Wc Sf1,2026-05-24,2026-05-24 21:00,Oklahoma City Thunder,San Antonio Spurs,Oklahoma City Thunder,Cason Wallace,PRA,12.5,Debajo,1.84,dom,
San Antonio Spurs - Oklahoma City Thunder,Winner Of Wc Sf2 Winner Of Wc Sf1,2026-05-24,2026-05-24 21:00,Oklahoma City Thunder,San Antonio Spurs,Oklahoma City Thunder,Cason Wallace,PRA,13.5,Sobre,1.98,dom_alt,
San Antonio Spurs - Oklahoma City Thunder,Winner Of Wc Sf2 Winner Of Wc Sf1,2026-05-24,2026-05-24 21:00,Oklahoma City Thunder,San Antonio Spurs,Oklahoma City Thunder,Cason Wallace,PRA,13.5,Debajo,1.62,dom_alt,
San Antonio Spurs - Oklahoma City Thunder,Winner Of Wc Sf2 Winner Of Wc Sf1,2026-05-24,2026-05-24 21:00,Oklahoma City Thunder,San Antonio Spurs,Oklahoma City Thunder,Cason Wallace,PRA,10.5,Sobre,1.47,dom_alt,
San Antonio Spurs - Oklahoma City Thunder,Winner Of Wc Sf2 Winner Of Wc Sf1,2026-05-24,2026-05-24 21:00,Oklahoma City Thunder,San Antonio Spurs,Oklahoma City Thunder,Cason Wallace,PRA,10.5,Debajo,2.25,dom_alt,
San Antonio Spurs - Oklahoma City Thunder,Winner Of Wc Sf2 Winner Of Wc Sf1,2026-05-24,2026-05-24 21:00,Oklahoma City Thunder,San Antonio Spurs,Oklahoma City Thunder,Cason Wallace,PRA,14.5,Sobre,2.16,dom_alt,
San Antonio Spurs - Oklahoma City Thunder,Winner Of Wc Sf2 Winner Of Wc Sf1,2026-05-24,2026-05-24 21:00,Oklahoma City Thunder,San Antonio Spurs,Oklahoma City Thunder,Cason Wallace,PRA,14.5,Debajo,1.51,dom_alt,
San Antonio Spurs - Oklahoma City Thunder,Winner Of Wc Sf2 Winner Of Wc Sf1,2026-05-24,2026-05-24 21:00,Oklahoma City Thunder,San Antonio Spurs,Oklahoma City Thunder,Cason Wallace,PRA,9.5,Sobre,1.33,dom_alt,
San Antonio Spurs - Oklahoma City Thunder,Winner Of Wc Sf2 Winner Of Wc Sf1,2026-05-24,2026-05-24 21:00,Oklahoma City Thunder,San Antonio Spurs,Oklahoma City Thunder,Cason Wallace,PRA,9.5,Debajo,2.67,dom_alt,
San Antonio Spurs - Oklahoma City Thunder,Winner Of Wc Sf2 Winner Of Wc Sf1,2026-05-24,2026-05-24 21:00,Oklahoma City Thunder,San Antonio Spurs,Oklahoma City Thunder,Cason Wallace,PRA,15.5,Sobre,2.50,dom_alt,
San Antonio Spurs - Oklahoma City Thunder,Winner Of Wc Sf2 Winner Of Wc Sf1,2026-05-24,2026-05-24 21:00,Oklahoma City Thunder,San Antonio Spurs,Oklahoma City Thunder,Cason Wallace,PRA,15.5,Debajo,1.38,dom_alt,
San Antonio Spurs - Oklahoma City Thunder,Winner Of Wc Sf2 Winner Of Wc Sf1,2026-05-24,2026-05-24 21:00,Oklahoma City Thunder,San Antonio Spurs,Oklahoma City Thunder,Cason Wallace,Asistencias+Rebotes,5.5,Sobre,2.09,dom,
San Antonio Spurs - Oklahoma City Thunder,Winner Of Wc Sf2 Winner Of Wc Sf1,2026-05-24,2026-05-24 21:00,Oklahoma City Thunder,San Antonio Spurs,Oklahoma City Thunder,Cason Wallace,Asistencias+Rebotes,5.5,Debajo,1.64,dom,
San Antonio Spurs - Oklahoma City Thunder,Winner Of Wc Sf2 Winner Of Wc Sf1,2026-05-24,2026-05-24 21:00,Oklahoma City Thunder,San Antonio Spurs,Oklahoma City Thunder,Cason Wallace,Robos+Tapones,1.5,Sobre,1.94,dom,
San Antonio Spurs - Oklahoma City Thunder,Winner Of Wc Sf2 Winner Of Wc Sf1,2026-05-24,2026-05-24 21:00,Oklahoma City Thunder,San Antonio Spurs,Oklahoma City Thunder,Cason Wallace,Robos+Tapones,1.5,Debajo,1.74,dom,
San Antonio Spurs - Oklahoma City Thunder,Winner Of Wc Sf2 Winner Of Wc Sf1,2026-05-24,2026-05-24 21:00,Oklahoma City Thunder,San Antonio Spurs,Oklahoma City Thunder,Cason Wallace,Asistencias,1.5,Sobre,1.53,dom,
San Antonio Spurs - Oklahoma City Thunder,Winner Of Wc Sf2 Winner Of Wc Sf1,2026-05-24,2026-05-24 21:00,Oklahoma City Thunder,San Antonio Spurs,Oklahoma City Thunder,Cason Wallace,Asistencias,1.5,Debajo,2.29,dom,
San Antonio Spurs - Oklahoma City Thunder,Winner Of Wc Sf2 Winner Of Wc Sf1,2026-05-24,2026-05-24 21:00,Oklahoma City Thunder,San Antonio Spurs,Oklahoma City Thunder,Cason Wallace,PuntosPrimerCuarto,1.5,Sobre,1.60,dom,
San Antonio Spurs - Oklahoma City Thunder,Winner Of Wc Sf2 Winner Of Wc Sf1,2026-05-24,2026-05-24 21:00,Oklahoma City Thunder,San Antonio Spurs,Oklahoma City Thunder,Cason Wallace,PuntosPrimerCuarto,1.5,Debajo,2.15,dom,
San Antonio Spurs - Oklahoma City Thunder,Winner Of Wc Sf2 Winner Of Wc Sf1,2026-05-24,2026-05-24 21:00,Oklahoma City Thunder,San Antonio Spurs,Oklahoma City Thunder,Cason Wallace,PuntosPrimerCuarto,2.5,Sobre,2.09,dom_alt,
San Antonio Spurs - Oklahoma City Thunder,Winner Of Wc Sf2 Winner Of Wc Sf1,2026-05-24,2026-05-24 21:00,Oklahoma City Thunder,San Antonio Spurs,Oklahoma City Thunder,Cason Wallace,PuntosPrimerCuarto,2.5,Debajo,1.54,dom_alt,
San Antonio Spurs - Oklahoma City Thunder,Winner Of Wc Sf2 Winner Of Wc Sf1,2026-05-24,2026-05-24 21:00,Oklahoma City Thunder,San Antonio Spurs,Oklahoma City Thunder,Cason Wallace,AsistenciasPrimerCuarto,0.5,Sobre,2.03,dom,
San Antonio Spurs - Oklahoma City Thunder,Winner Of Wc Sf2 Winner Of Wc Sf1,2026-05-24,2026-05-24 21:00,Oklahoma City Thunder,San Antonio Spurs,Oklahoma City Thunder,Cason Wallace,AsistenciasPrimerCuarto,0.5,Debajo,1.68,dom,
San Antonio Spurs - Oklahoma City Thunder,Winner Of Wc Sf2 Winner Of Wc Sf1,2026-05-24,2026-05-24 21:00,Oklahoma City Thunder,San Antonio Spurs,Oklahoma City Thunder,Cason Wallace,RebotesPrimerCuarto,0.5,Sobre,1.62,dom,
San Antonio Spurs - Oklahoma City Thunder,Winner Of Wc Sf2 Winner Of Wc Sf1,2026-05-24,2026-05-24 21:00,Oklahoma City Thunder,San Antonio Spurs,Oklahoma City Thunder,Cason Wallace,RebotesPrimerCuarto,0.5,Debajo,2.11,dom,
San Antonio Spurs - Oklahoma City Thunder,Winner Of Wc Sf2 Winner Of Wc Sf1,2026-05-24,2026-05-24 21:00,Oklahoma City Thunder,San Antonio Spurs,Oklahoma City Thunder,Cason Wallace,GolesCampo,2.5,Sobre,1.73,dom,
San Antonio Spurs - Oklahoma City Thunder,Winner Of Wc Sf2 Winner Of Wc Sf1,2026-05-24,2026-05-24 21:00,Oklahoma City Thunder,San Antonio Spurs,Oklahoma City Thunder,Cason Wallace,GolesCampo,2.5,Debajo,1.96,dom,
San Antonio Spurs - Oklahoma City Thunder,Winner Of Wc Sf2 Winner Of Wc Sf1,2026-05-24,2026-05-24 21:00,Oklahoma City Thunder,San Antonio Spurs,Oklahoma City Thunder,Cason Wallace,GolesCampoInt,6.5,Sobre,1.71,dom,
San Antonio Spurs - Oklahoma City Thunder,Winner Of Wc Sf2 Winner Of Wc Sf1,2026-05-24,2026-05-24 21:00,Oklahoma City Thunder,San Antonio Spurs,Oklahoma City Thunder,Cason Wallace,GolesCampoInt,6.5,Debajo,1.98,dom,
San Antonio Spurs - Oklahoma City Thunder,Winner Of Wc Sf2 Winner Of Wc Sf1,2026-05-24,2026-05-24 21:00,Oklahoma City Thunder,San Antonio Spurs,Oklahoma City Thunder,Cason Wallace,TriplesInt,3.5,Sobre,1.80,dom,
San Antonio Spurs - Oklahoma City Thunder,Winner Of Wc Sf2 Winner Of Wc Sf1,2026-05-24,2026-05-24 21:00,Oklahoma City Thunder,San Antonio Spurs,Oklahoma City Thunder,Cason Wallace,TriplesInt,3.5,Debajo,1.87,dom,
San Antonio Spurs - Oklahoma City Thunder,Winner Of Wc Sf2 Winner Of Wc Sf1,2026-05-24,2026-05-24 21:00,Oklahoma City Thunder,San Antonio Spurs,Oklahoma City Thunder,Jalen Williams,Puntos,13.5,Sobre,1.78,dom,
San Antonio Spurs - Oklahoma City Thunder,Winner Of Wc Sf2 Winner Of Wc Sf1,2026-05-24,2026-05-24 21:00,Oklahoma City Thunder,San Antonio Spurs,Oklahoma City Thunder,Jalen Williams,Puntos,13.5,Debajo,1.89,dom,
San Antonio Spurs - Oklahoma City Thunder,Winner Of Wc Sf2 Winner Of Wc Sf1,2026-05-24,2026-05-24 21:00,Oklahoma City Thunder,San Antonio Spurs,Oklahoma City Thunder,Jalen Williams,Puntos,14.5,Sobre,1.92,dom_alt,
San Antonio Spurs - Oklahoma City Thunder,Winner Of Wc Sf2 Winner Of Wc Sf1,2026-05-24,2026-05-24 21:00,Oklahoma City Thunder,San Antonio Spurs,Oklahoma City Thunder,Jalen Williams,Puntos,14.5,Debajo,1.65,dom_alt,
San Antonio Spurs - Oklahoma City Thunder,Winner Of Wc Sf2 Winner Of Wc Sf1,2026-05-24,2026-05-24 21:00,Oklahoma City Thunder,San Antonio Spurs,Oklahoma City Thunder,Jalen Williams,Puntos,11.5,Sobre,1.45,dom_alt,
San Antonio Spurs - Oklahoma City Thunder,Winner Of Wc Sf2 Winner Of Wc Sf1,2026-05-24,2026-05-24 21:00,Oklahoma City Thunder,San Antonio Spurs,Oklahoma City Thunder,Jalen Williams,Puntos,11.5,Debajo,2.30,dom_alt,
San Antonio Spurs - Oklahoma City Thunder,Winner Of Wc Sf2 Winner Of Wc Sf1,2026-05-24,2026-05-24 21:00,Oklahoma City Thunder,San Antonio Spurs,Oklahoma City Thunder,Jalen Williams,Puntos,15.5,Sobre,2.09,dom_alt,
San Antonio Spurs - Oklahoma City Thunder,Winner Of Wc Sf2 Winner Of Wc Sf1,2026-05-24,2026-05-24 21:00,Oklahoma City Thunder,San Antonio Spurs,Oklahoma City Thunder,Jalen Williams,Puntos,15.5,Debajo,1.55,dom_alt,
San Antonio Spurs - Oklahoma City Thunder,Winner Of Wc Sf2 Winner Of Wc Sf1,2026-05-24,2026-05-24 21:00,Oklahoma City Thunder,San Antonio Spurs,Oklahoma City Thunder,Jalen Williams,Puntos,10.5,Sobre,1.33,dom_alt,
San Antonio Spurs - Oklahoma City Thunder,Winner Of Wc Sf2 Winner Of Wc Sf1,2026-05-24,2026-05-24 21:00,Oklahoma City Thunder,San Antonio Spurs,Oklahoma City Thunder,Jalen Williams,Puntos,10.5,Debajo,2.70,dom_alt,
San Antonio Spurs - Oklahoma City Thunder,Winner Of Wc Sf2 Winner Of Wc Sf1,2026-05-24,2026-05-24 21:00,Oklahoma City Thunder,San Antonio Spurs,Oklahoma City Thunder,Jalen Williams,Puntos,16.5,Sobre,2.43,dom_alt,
San Antonio Spurs - Oklahoma City Thunder,Winner Of Wc Sf2 Winner Of Wc Sf1,2026-05-24,2026-05-24 21:00,Oklahoma City Thunder,San Antonio Spurs,Oklahoma City Thunder,Jalen Williams,Puntos,16.5,Debajo,1.40,dom_alt,
San Antonio Spurs - Oklahoma City Thunder,Winner Of Wc Sf2 Winner Of Wc Sf1,2026-05-24,2026-05-24 21:00,Oklahoma City Thunder,San Antonio Spurs,Oklahoma City Thunder,Jalen Williams,Puntos,17.5,Sobre,2.75,dom_alt,
San Antonio Spurs - Oklahoma City Thunder,Winner Of Wc Sf2 Winner Of Wc Sf1,2026-05-24,2026-05-24 21:00,Oklahoma City Thunder,San Antonio Spurs,Oklahoma City Thunder,Jalen Williams,Puntos,17.5,Debajo,1.31,dom_alt,
San Antonio Spurs - Oklahoma City Thunder,Winner Of Wc Sf2 Winner Of Wc Sf1,2026-05-24,2026-05-24 21:00,Oklahoma City Thunder,San Antonio Spurs,Oklahoma City Thunder,Jalen Williams,Rebotes,4.5,Sobre,2.11,dom,
San Antonio Spurs - Oklahoma City Thunder,Winner Of Wc Sf2 Winner Of Wc Sf1,2026-05-24,2026-05-24 21:00,Oklahoma City Thunder,San Antonio Spurs,Oklahoma City Thunder,Jalen Williams,Rebotes,4.5,Debajo,1.63,dom,
San Antonio Spurs - Oklahoma City Thunder,Winner Of Wc Sf2 Winner Of Wc Sf1,2026-05-24,2026-05-24 21:00,Oklahoma City Thunder,San Antonio Spurs,Oklahoma City Thunder,Jalen Williams,Rebotes,5.5,Sobre,2.76,dom_alt,
San Antonio Spurs - Oklahoma City Thunder,Winner Of Wc Sf2 Winner Of Wc Sf1,2026-05-24,2026-05-24 21:00,Oklahoma City Thunder,San Antonio Spurs,Oklahoma City Thunder,Jalen Williams,Rebotes,5.5,Debajo,1.31,dom_alt,
San Antonio Spurs - Oklahoma City Thunder,Winner Of Wc Sf2 Winner Of Wc Sf1,2026-05-24,2026-05-24 21:00,Oklahoma City Thunder,San Antonio Spurs,Oklahoma City Thunder,Jalen Williams,Triples,0.5,Sobre,1.69,dom,
San Antonio Spurs - Oklahoma City Thunder,Winner Of Wc Sf2 Winner Of Wc Sf1,2026-05-24,2026-05-24 21:00,Oklahoma City Thunder,San Antonio Spurs,Oklahoma City Thunder,Jalen Williams,Triples,0.5,Debajo,2.00,dom,
San Antonio Spurs - Oklahoma City Thunder,Winner Of Wc Sf2 Winner Of Wc Sf1,2026-05-24,2026-05-24 21:00,Oklahoma City Thunder,San Antonio Spurs,Oklahoma City Thunder,Jalen Williams,Robos,0.5,Sobre,1.54,dom,
San Antonio Spurs - Oklahoma City Thunder,Winner Of Wc Sf2 Winner Of Wc Sf1,2026-05-24,2026-05-24 21:00,Oklahoma City Thunder,San Antonio Spurs,Oklahoma City Thunder,Jalen Williams,Robos,0.5,Debajo,2.28,dom,
San Antonio Spurs - Oklahoma City Thunder,Winner Of Wc Sf2 Winner Of Wc Sf1,2026-05-24,2026-05-24 21:00,Oklahoma City Thunder,San Antonio Spurs,Oklahoma City Thunder,Jalen Williams,Pérdidas,1.5,Sobre,2.06,dom,
San Antonio Spurs - Oklahoma City Thunder,Winner Of Wc Sf2 Winner Of Wc Sf1,2026-05-24,2026-05-24 21:00,Oklahoma City Thunder,San Antonio Spurs,Oklahoma City Thunder,Jalen Williams,Pérdidas,1.5,Debajo,1.66,dom,
San Antonio Spurs - Oklahoma City Thunder,Winner Of Wc Sf2 Winner Of Wc Sf1,2026-05-24,2026-05-24 21:00,Oklahoma City Thunder,San Antonio Spurs,Oklahoma City Thunder,Jalen Williams,Puntos+Rebotes,18.5,Sobre,1.90,dom,
San Antonio Spurs - Oklahoma City Thunder,Winner Of Wc Sf2 Winner Of Wc Sf1,2026-05-24,2026-05-24 21:00,Oklahoma City Thunder,San Antonio Spurs,Oklahoma City Thunder,Jalen Williams,Puntos+Rebotes,18.5,Debajo,1.78,dom,
San Antonio Spurs - Oklahoma City Thunder,Winner Of Wc Sf2 Winner Of Wc Sf1,2026-05-24,2026-05-24 21:00,Oklahoma City Thunder,San Antonio Spurs,Oklahoma City Thunder,Jalen Williams,Puntos+Rebotes,19.5,Sobre,2.06,dom_alt,
San Antonio Spurs - Oklahoma City Thunder,Winner Of Wc Sf2 Winner Of Wc Sf1,2026-05-24,2026-05-24 21:00,Oklahoma City Thunder,San Antonio Spurs,Oklahoma City Thunder,Jalen Williams,Puntos+Rebotes,19.5,Debajo,1.56,dom_alt,
San Antonio Spurs - Oklahoma City Thunder,Winner Of Wc Sf2 Winner Of Wc Sf1,2026-05-24,2026-05-24 21:00,Oklahoma City Thunder,San Antonio Spurs,Oklahoma City Thunder,Jalen Williams,Puntos+Rebotes,16.5,Sobre,1.53,dom_alt,
San Antonio Spurs - Oklahoma City Thunder,Winner Of Wc Sf2 Winner Of Wc Sf1,2026-05-24,2026-05-24 21:00,Oklahoma City Thunder,San Antonio Spurs,Oklahoma City Thunder,Jalen Williams,Puntos+Rebotes,16.5,Debajo,2.11,dom_alt,
San Antonio Spurs - Oklahoma City Thunder,Winner Of Wc Sf2 Winner Of Wc Sf1,2026-05-24,2026-05-24 21:00,Oklahoma City Thunder,San Antonio Spurs,Oklahoma City Thunder,Jalen Williams,Puntos+Asistencias,17.5,Sobre,1.80,dom,
San Antonio Spurs - Oklahoma City Thunder,Winner Of Wc Sf2 Winner Of Wc Sf1,2026-05-24,2026-05-24 21:00,Oklahoma City Thunder,San Antonio Spurs,Oklahoma City Thunder,Jalen Williams,Puntos+Asistencias,17.5,Debajo,1.87,dom,
San Antonio Spurs - Oklahoma City Thunder,Winner Of Wc Sf2 Winner Of Wc Sf1,2026-05-24,2026-05-24 21:00,Oklahoma City Thunder,San Antonio Spurs,Oklahoma City Thunder,Jalen Williams,Puntos+Asistencias,18.5,Sobre,1.94,dom_alt,
San Antonio Spurs - Oklahoma City Thunder,Winner Of Wc Sf2 Winner Of Wc Sf1,2026-05-24,2026-05-24 21:00,Oklahoma City Thunder,San Antonio Spurs,Oklahoma City Thunder,Jalen Williams,Puntos+Asistencias,18.5,Debajo,1.64,dom_alt,
San Antonio Spurs - Oklahoma City Thunder,Winner Of Wc Sf2 Winner Of Wc Sf1,2026-05-24,2026-05-24 21:00,Oklahoma City Thunder,San Antonio Spurs,Oklahoma City Thunder,Jalen Williams,Puntos+Asistencias,19.5,Sobre,2.07,dom_alt,
San Antonio Spurs - Oklahoma City Thunder,Winner Of Wc Sf2 Winner Of Wc Sf1,2026-05-24,2026-05-24 21:00,Oklahoma City Thunder,San Antonio Spurs,Oklahoma City Thunder,Jalen Williams,Puntos+Asistencias,19.5,Debajo,1.56,dom_alt,
San Antonio Spurs - Oklahoma City Thunder,Winner Of Wc Sf2 Winner Of Wc Sf1,2026-05-24,2026-05-24 21:00,Oklahoma City Thunder,San Antonio Spurs,Oklahoma City Thunder,Jalen Williams,PRA,21.5,Sobre,1.76,dom,
San Antonio Spurs - Oklahoma City Thunder,Winner Of Wc Sf2 Winner Of Wc Sf1,2026-05-24,2026-05-24 21:00,Oklahoma City Thunder,San Antonio Spurs,Oklahoma City Thunder,Jalen Williams,PRA,21.5,Debajo,1.92,dom,
San Antonio Spurs - Oklahoma City Thunder,Winner Of Wc Sf2 Winner Of Wc Sf1,2026-05-24,2026-05-24 21:00,Oklahoma City Thunder,San Antonio Spurs,Oklahoma City Thunder,Jalen Williams,PRA,22.5,Sobre,1.88,dom_alt,
San Antonio Spurs - Oklahoma City Thunder,Winner Of Wc Sf2 Winner Of Wc Sf1,2026-05-24,2026-05-24 21:00,Oklahoma City Thunder,San Antonio Spurs,Oklahoma City Thunder,Jalen Williams,PRA,22.5,Debajo,1.69,dom_alt,
San Antonio Spurs - Oklahoma City Thunder,Winner Of Wc Sf2 Winner Of Wc Sf1,2026-05-24,2026-05-24 21:00,Oklahoma City Thunder,San Antonio Spurs,Oklahoma City Thunder,Jalen Williams,PRA,19.5,Sobre,1.48,dom_alt,
San Antonio Spurs - Oklahoma City Thunder,Winner Of Wc Sf2 Winner Of Wc Sf1,2026-05-24,2026-05-24 21:00,Oklahoma City Thunder,San Antonio Spurs,Oklahoma City Thunder,Jalen Williams,PRA,19.5,Debajo,2.24,dom_alt,
San Antonio Spurs - Oklahoma City Thunder,Winner Of Wc Sf2 Winner Of Wc Sf1,2026-05-24,2026-05-24 21:00,Oklahoma City Thunder,San Antonio Spurs,Oklahoma City Thunder,Jalen Williams,PRA,23.5,Sobre,2.05,dom_alt,
San Antonio Spurs - Oklahoma City Thunder,Winner Of Wc Sf2 Winner Of Wc Sf1,2026-05-24,2026-05-24 21:00,Oklahoma City Thunder,San Antonio Spurs,Oklahoma City Thunder,Jalen Williams,PRA,23.5,Debajo,1.57,dom_alt,
San Antonio Spurs - Oklahoma City Thunder,Winner Of Wc Sf2 Winner Of Wc Sf1,2026-05-24,2026-05-24 21:00,Oklahoma City Thunder,San Antonio Spurs,Oklahoma City Thunder,Jalen Williams,PRA,18.5,Sobre,1.37,dom_alt,
San Antonio Spurs - Oklahoma City Thunder,Winner Of Wc Sf2 Winner Of Wc Sf1,2026-05-24,2026-05-24 21:00,Oklahoma City Thunder,San Antonio Spurs,Oklahoma City Thunder,Jalen Williams,PRA,18.5,Debajo,2.54,dom_alt,
San Antonio Spurs - Oklahoma City Thunder,Winner Of Wc Sf2 Winner Of Wc Sf1,2026-05-24,2026-05-24 21:00,Oklahoma City Thunder,San Antonio Spurs,Oklahoma City Thunder,Jalen Williams,PRA,24.5,Sobre,2.15,dom_alt,
San Antonio Spurs - Oklahoma City Thunder,Winner Of Wc Sf2 Winner Of Wc Sf1,2026-05-24,2026-05-24 21:00,Oklahoma City Thunder,San Antonio Spurs,Oklahoma City Thunder,Jalen Williams,PRA,24.5,Debajo,1.51,dom_alt,
San Antonio Spurs - Oklahoma City Thunder,Winner Of Wc Sf2 Winner Of Wc Sf1,2026-05-24,2026-05-24 21:00,Oklahoma City Thunder,San Antonio Spurs,Oklahoma City Thunder,Jalen Williams,PRA,25.5,Sobre,2.42,dom_alt,
San Antonio Spurs - Oklahoma City Thunder,Winner Of Wc Sf2 Winner Of Wc Sf1,2026-05-24,2026-05-24 21:00,Oklahoma City Thunder,San Antonio Spurs,Oklahoma City Thunder,Jalen Williams,PRA,25.5,Debajo,1.41,dom_alt,
San Antonio Spurs - Oklahoma City Thunder,Winner Of Wc Sf2 Winner Of Wc Sf1,2026-05-24,2026-05-24 21:00,Oklahoma City Thunder,San Antonio Spurs,Oklahoma City Thunder,Jalen Williams,PRA,26.5,Sobre,2.73,dom_alt,
San Antonio Spurs - Oklahoma City Thunder,Winner Of Wc Sf2 Winner Of Wc Sf1,2026-05-24,2026-05-24 21:00,Oklahoma City Thunder,San Antonio Spurs,Oklahoma City Thunder,Jalen Williams,PRA,26.5,Debajo,1.32,dom_alt,
San Antonio Spurs - Oklahoma City Thunder,Winner Of Wc Sf2 Winner Of Wc Sf1,2026-05-24,2026-05-24 21:00,Oklahoma City Thunder,San Antonio Spurs,Oklahoma City Thunder,Jalen Williams,Asistencias+Rebotes,7.5,Sobre,1.70,dom,
San Antonio Spurs - Oklahoma City Thunder,Winner Of Wc Sf2 Winner Of Wc Sf1,2026-05-24,2026-05-24 21:00,Oklahoma City Thunder,San Antonio Spurs,Oklahoma City Thunder,Jalen Williams,Asistencias+Rebotes,7.5,Debajo,2.00,dom,
San Antonio Spurs - Oklahoma City Thunder,Winner Of Wc Sf2 Winner Of Wc Sf1,2026-05-24,2026-05-24 21:00,Oklahoma City Thunder,San Antonio Spurs,Oklahoma City Thunder,Jalen Williams,Asistencias,3.5,Sobre,1.74,dom,
San Antonio Spurs - Oklahoma City Thunder,Winner Of Wc Sf2 Winner Of Wc Sf1,2026-05-24,2026-05-24 21:00,Oklahoma City Thunder,San Antonio Spurs,Oklahoma City Thunder,Jalen Williams,Asistencias,3.5,Debajo,1.94,dom,
San Antonio Spurs - Oklahoma City Thunder,Winner Of Wc Sf2 Winner Of Wc Sf1,2026-05-24,2026-05-24 21:00,Oklahoma City Thunder,San Antonio Spurs,Oklahoma City Thunder,Jalen Williams,Asistencias,4.5,Sobre,2.28,dom_alt,
San Antonio Spurs - Oklahoma City Thunder,Winner Of Wc Sf2 Winner Of Wc Sf1,2026-05-24,2026-05-24 21:00,Oklahoma City Thunder,San Antonio Spurs,Oklahoma City Thunder,Jalen Williams,Asistencias,4.5,Debajo,1.45,dom_alt,
San Antonio Spurs - Oklahoma City Thunder,Winner Of Wc Sf2 Winner Of Wc Sf1,2026-05-24,2026-05-24 21:00,Oklahoma City Thunder,San Antonio Spurs,Oklahoma City Thunder,Jalen Williams,PuntosPrimerCuarto,3.5,Sobre,1.92,dom,
San Antonio Spurs - Oklahoma City Thunder,Winner Of Wc Sf2 Winner Of Wc Sf1,2026-05-24,2026-05-24 21:00,Oklahoma City Thunder,San Antonio Spurs,Oklahoma City Thunder,Jalen Williams,PuntosPrimerCuarto,3.5,Debajo,1.76,dom,
San Antonio Spurs - Oklahoma City Thunder,Winner Of Wc Sf2 Winner Of Wc Sf1,2026-05-24,2026-05-24 21:00,Oklahoma City Thunder,San Antonio Spurs,Oklahoma City Thunder,Jalen Williams,TirosLibres,2.5,Sobre,1.99,dom,
San Antonio Spurs - Oklahoma City Thunder,Winner Of Wc Sf2 Winner Of Wc Sf1,2026-05-24,2026-05-24 21:00,Oklahoma City Thunder,San Antonio Spurs,Oklahoma City Thunder,Jalen Williams,TirosLibres,2.5,Debajo,1.70,dom,
San Antonio Spurs - Oklahoma City Thunder,Winner Of Wc Sf2 Winner Of Wc Sf1,2026-05-24,2026-05-24 21:00,Oklahoma City Thunder,San Antonio Spurs,Oklahoma City Thunder,Jalen Williams,TirosLibresInt,2.5,Sobre,1.75,dom,
San Antonio Spurs - Oklahoma City Thunder,Winner Of Wc Sf2 Winner Of Wc Sf1,2026-05-24,2026-05-24 21:00,Oklahoma City Thunder,San Antonio Spurs,Oklahoma City Thunder,Jalen Williams,TirosLibresInt,2.5,Debajo,1.92,dom,
San Antonio Spurs - Oklahoma City Thunder,Winner Of Wc Sf2 Winner Of Wc Sf1,2026-05-24,2026-05-24 21:00,Oklahoma City Thunder,San Antonio Spurs,Oklahoma City Thunder,Jalen Williams,GolesCampo,5.5,Sobre,2.02,dom,
San Antonio Spurs - Oklahoma City Thunder,Winner Of Wc Sf2 Winner Of Wc Sf1,2026-05-24,2026-05-24 21:00,Oklahoma City Thunder,San Antonio Spurs,Oklahoma City Thunder,Jalen Williams,GolesCampo,5.5,Debajo,1.68,dom,
San Antonio Spurs - Oklahoma City Thunder,Winner Of Wc Sf2 Winner Of Wc Sf1,2026-05-24,2026-05-24 21:00,Oklahoma City Thunder,San Antonio Spurs,Oklahoma City Thunder,Jalen Williams,GolesCampoInt,11.5,Sobre,1.75,dom,
San Antonio Spurs - Oklahoma City Thunder,Winner Of Wc Sf2 Winner Of Wc Sf1,2026-05-24,2026-05-24 21:00,Oklahoma City Thunder,San Antonio Spurs,Oklahoma City Thunder,Jalen Williams,GolesCampoInt,11.5,Debajo,1.92,dom,
