partido,partido_original,fecha,fecha_hora,equipo_local,equipo_visitante,equipo,jugador,mercado,linea,tipo,cuota,fuente,fixture_id
Cleveland Cavaliers - New York Knicks,Winner Of Ec Sf2 Winner Of Ec Sf1,2026-05-25,2026-05-25 21:00,New York Knicks,Cleveland Cavaliers,Cleveland Cavaliers,Jarrett Allen,Puntos,12.5,Sobre,1.80,dom,
Cleveland Cavaliers - New York Knicks,Winner Of Ec Sf2 Winner Of Ec Sf1,2026-05-25,2026-05-25 21:00,New York Knicks,Cleveland Cavaliers,Cleveland Cavaliers,Jarrett Allen,Puntos,12.5,Debajo,1.88,dom,
Cleveland Cavaliers - New York Knicks,Winner Of Ec Sf2 Winner Of Ec Sf1,2026-05-25,2026-05-25 21:00,New York Knicks,Cleveland Cavaliers,Cleveland Cavaliers,Jarrett Allen,Puntos,10.5,Sobre,1.45,dom_alt,
Cleveland Cavaliers - New York Knicks,Winner Of Ec Sf2 Winner Of Ec Sf1,2026-05-25,2026-05-25 21:00,New York Knicks,Cleveland Cavaliers,Cleveland Cavaliers,Jarrett Allen,Puntos,10.5,Debajo,2.29,dom_alt,
Cleveland Cavaliers - New York Knicks,Winner Of Ec Sf2 Winner Of Ec Sf1,2026-05-25,2026-05-25 21:00,New York Knicks,Cleveland Cavaliers,Cleveland Cavaliers,Jarrett Allen,Puntos,13.5,Sobre,1.96,dom_alt,
Cleveland Cavaliers - New York Knicks,Winner Of Ec Sf2 Winner Of Ec Sf1,2026-05-25,2026-05-25 21:00,New York Knicks,Cleveland Cavaliers,Cleveland Cavaliers,Jarrett Allen,Puntos,13.5,Debajo,1.62,dom_alt,
Cleveland Cavaliers - New York Knicks,Winner Of Ec Sf2 Winner Of Ec Sf1,2026-05-25,2026-05-25 21:00,New York Knicks,Cleveland Cavaliers,Cleveland Cavaliers,Jarrett Allen,Puntos,14.5,Sobre,2.20,dom_alt,
Cleveland Cavaliers - New York Knicks,Winner Of Ec Sf2 Winner Of Ec Sf1,2026-05-25,2026-05-25 21:00,New York Knicks,Cleveland Cavaliers,Cleveland Cavaliers,Jarrett Allen,Puntos,14.5,Debajo,1.49,dom_alt,
Cleveland Cavaliers - New York Knicks,Winner Of Ec Sf2 Winner Of Ec Sf1,2026-05-25,2026-05-25 21:00,New York Knicks,Cleveland Cavaliers,Cleveland Cavaliers,Jarrett Allen,Puntos,9.5,Sobre,1.31,dom_alt,
Cleveland Cavaliers - New York Knicks,Winner Of Ec Sf2 Winner Of Ec Sf1,2026-05-25,2026-05-25 21:00,New York Knicks,Cleveland Cavaliers,Cleveland Cavaliers,Jarrett Allen,Puntos,9.5,Debajo,2.78,dom_alt,
Cleveland Cavaliers - New York Knicks,Winner Of Ec Sf2 Winner Of Ec Sf1,2026-05-25,2026-05-25 21:00,New York Knicks,Cleveland Cavaliers,Cleveland Cavaliers,Jarrett Allen,Puntos,15.5,Sobre,2.51,dom_alt,
Cleveland Cavaliers - New York Knicks,Winner Of Ec Sf2 Winner Of Ec Sf1,2026-05-25,2026-05-25 21:00,New York Knicks,Cleveland Cavaliers,Cleveland Cavaliers,Jarrett Allen,Puntos,15.5,Debajo,1.38,dom_alt,
Cleveland Cavaliers - New York Knicks,Winner Of Ec Sf2 Winner Of Ec Sf1,2026-05-25,2026-05-25 21:00,New York Knicks,Cleveland Cavaliers,Cleveland Cavaliers,Jarrett Allen,Rebotes,7.5,Sobre,1.67,dom,
Cleveland Cavaliers - New York Knicks,Winner Of Ec Sf2 Winner Of Ec Sf1,2026-05-25,2026-05-25 21:00,New York Knicks,Cleveland Cavaliers,Cleveland Cavaliers,Jarrett Allen,Rebotes,7.5,Debajo,2.04,dom,
Cleveland Cavaliers - New York Knicks,Winner Of Ec Sf2 Winner Of Ec Sf1,2026-05-25,2026-05-25 21:00,New York Knicks,Cleveland Cavaliers,Cleveland Cavaliers,Jarrett Allen,Rebotes,8.5,Sobre,1.97,dom_alt,
Cleveland Cavaliers - New York Knicks,Winner Of Ec Sf2 Winner Of Ec Sf1,2026-05-25,2026-05-25 21:00,New York Knicks,Cleveland Cavaliers,Cleveland Cavaliers,Jarrett Allen,Rebotes,8.5,Debajo,1.62,dom_alt,
Cleveland Cavaliers - New York Knicks,Winner Of Ec Sf2 Winner Of Ec Sf1,2026-05-25,2026-05-25 21:00,New York Knicks,Cleveland Cavaliers,Cleveland Cavaliers,Jarrett Allen,Rebotes,6.5,Sobre,1.40,dom_alt,
Cleveland Cavaliers - New York Knicks,Winner Of Ec Sf2 Winner Of Ec Sf1,2026-05-25,2026-05-25 21:00,New York Knicks,Cleveland Cavaliers,Cleveland Cavaliers,Jarrett Allen,Rebotes,6.5,Debajo,2.42,dom_alt,
Cleveland Cavaliers - New York Knicks,Winner Of Ec Sf2 Winner Of Ec Sf1,2026-05-25,2026-05-25 21:00,New York Knicks,Cleveland Cavaliers,Cleveland Cavaliers,Jarrett Allen,Rebotes,9.5,Sobre,2.37,dom_alt,
Cleveland Cavaliers - New York Knicks,Winner Of Ec Sf2 Winner Of Ec Sf1,2026-05-25,2026-05-25 21:00,New York Knicks,Cleveland Cavaliers,Cleveland Cavaliers,Jarrett Allen,Rebotes,9.5,Debajo,1.42,dom_alt,
Cleveland Cavaliers - New York Knicks,Winner Of Ec Sf2 Winner Of Ec Sf1,2026-05-25,2026-05-25 21:00,New York Knicks,Cleveland Cavaliers,Cleveland Cavaliers,Jarrett Allen,Robos,0.5,Sobre,1.55,dom,
Cleveland Cavaliers - New York Knicks,Winner Of Ec Sf2 Winner Of Ec Sf1,2026-05-25,2026-05-25 21:00,New York Knicks,Cleveland Cavaliers,Cleveland Cavaliers,Jarrett Allen,Robos,0.5,Debajo,2.24,dom,
Cleveland Cavaliers - New York Knicks,Winner Of Ec Sf2 Winner Of Ec Sf1,2026-05-25,2026-05-25 21:00,New York Knicks,Cleveland Cavaliers,Cleveland Cavaliers,Jarrett Allen,Puntos+Rebotes,20.5,Sobre,1.77,dom,
Cleveland Cavaliers - New York Knicks,Winner Of Ec Sf2 Winner Of Ec Sf1,2026-05-25,2026-05-25 21:00,New York Knicks,Cleveland Cavaliers,Cleveland Cavaliers,Jarrett Allen,Puntos+Rebotes,20.5,Debajo,1.91,dom,
Cleveland Cavaliers - New York Knicks,Winner Of Ec Sf2 Winner Of Ec Sf1,2026-05-25,2026-05-25 21:00,New York Knicks,Cleveland Cavaliers,Cleveland Cavaliers,Jarrett Allen,Puntos+Rebotes,21.5,Sobre,1.89,dom_alt,
Cleveland Cavaliers - New York Knicks,Winner Of Ec Sf2 Winner Of Ec Sf1,2026-05-25,2026-05-25 21:00,New York Knicks,Cleveland Cavaliers,Cleveland Cavaliers,Jarrett Allen,Puntos+Rebotes,21.5,Debajo,1.67,dom_alt,
Cleveland Cavaliers - New York Knicks,Winner Of Ec Sf2 Winner Of Ec Sf1,2026-05-25,2026-05-25 21:00,New York Knicks,Cleveland Cavaliers,Cleveland Cavaliers,Jarrett Allen,Puntos+Rebotes,18.5,Sobre,1.51,dom_alt,
Cleveland Cavaliers - New York Knicks,Winner Of Ec Sf2 Winner Of Ec Sf1,2026-05-25,2026-05-25 21:00,New York Knicks,Cleveland Cavaliers,Cleveland Cavaliers,Jarrett Allen,Puntos+Rebotes,18.5,Debajo,2.17,dom_alt,
Cleveland Cavaliers - New York Knicks,Winner Of Ec Sf2 Winner Of Ec Sf1,2026-05-25,2026-05-25 21:00,New York Knicks,Cleveland Cavaliers,Cleveland Cavaliers,Jarrett Allen,Puntos+Rebotes,22.5,Sobre,2.09,dom_alt,
Cleveland Cavaliers - New York Knicks,Winner Of Ec Sf2 Winner Of Ec Sf1,2026-05-25,2026-05-25 21:00,New York Knicks,Cleveland Cavaliers,Cleveland Cavaliers,Jarrett Allen,Puntos+Rebotes,22.5,Debajo,1.55,dom_alt,
Cleveland Cavaliers - New York Knicks,Winner Of Ec Sf2 Winner Of Ec Sf1,2026-05-25,2026-05-25 21:00,New York Knicks,Cleveland Cavaliers,Cleveland Cavaliers,Jarrett Allen,Puntos+Asistencias,13.5,Sobre,1.75,dom,
Cleveland Cavaliers - New York Knicks,Winner Of Ec Sf2 Winner Of Ec Sf1,2026-05-25,2026-05-25 21:00,New York Knicks,Cleveland Cavaliers,Cleveland Cavaliers,Jarrett Allen,Puntos+Asistencias,13.5,Debajo,1.92,dom,
Cleveland Cavaliers - New York Knicks,Winner Of Ec Sf2 Winner Of Ec Sf1,2026-05-25,2026-05-25 21:00,New York Knicks,Cleveland Cavaliers,Cleveland Cavaliers,Jarrett Allen,Puntos+Asistencias,14.5,Sobre,1.92,dom_alt,
Cleveland Cavaliers - New York Knicks,Winner Of Ec Sf2 Winner Of Ec Sf1,2026-05-25,2026-05-25 21:00,New York Knicks,Cleveland Cavaliers,Cleveland Cavaliers,Jarrett Allen,Puntos+Asistencias,14.5,Debajo,1.66,dom_alt,
Cleveland Cavaliers - New York Knicks,Winner Of Ec Sf2 Winner Of Ec Sf1,2026-05-25,2026-05-25 21:00,New York Knicks,Cleveland Cavaliers,Cleveland Cavaliers,Jarrett Allen,Puntos+Asistencias,12.5,Sobre,1.57,dom_alt,
Cleveland Cavaliers - New York Knicks,Winner Of Ec Sf2 Winner Of Ec Sf1,2026-05-25,2026-05-25 21:00,New York Knicks,Cleveland Cavaliers,Cleveland Cavaliers,Jarrett Allen,Puntos+Asistencias,12.5,Debajo,2.04,dom_alt,
Cleveland Cavaliers - New York Knicks,Winner Of Ec Sf2 Winner Of Ec Sf1,2026-05-25,2026-05-25 21:00,New York Knicks,Cleveland Cavaliers,Cleveland Cavaliers,Jarrett Allen,Puntos+Asistencias,15.5,Sobre,2.11,dom_alt,
Cleveland Cavaliers - New York Knicks,Winner Of Ec Sf2 Winner Of Ec Sf1,2026-05-25,2026-05-25 21:00,New York Knicks,Cleveland Cavaliers,Cleveland Cavaliers,Jarrett Allen,Puntos+Asistencias,15.5,Debajo,1.54,dom_alt,
Cleveland Cavaliers - New York Knicks,Winner Of Ec Sf2 Winner Of Ec Sf1,2026-05-25,2026-05-25 21:00,New York Knicks,Cleveland Cavaliers,Cleveland Cavaliers,Jarrett Allen,PRA,22.5,Sobre,1.93,dom,
Cleveland Cavaliers - New York Knicks,Winner Of Ec Sf2 Winner Of Ec Sf1,2026-05-25,2026-05-25 21:00,New York Knicks,Cleveland Cavaliers,Cleveland Cavaliers,Jarrett Allen,PRA,22.5,Debajo,1.75,dom,
Cleveland Cavaliers - New York Knicks,Winner Of Ec Sf2 Winner Of Ec Sf1,2026-05-25,2026-05-25 21:00,New York Knicks,Cleveland Cavaliers,Cleveland Cavaliers,Jarrett Allen,PRA,20.5,Sobre,1.56,dom_alt,
Cleveland Cavaliers - New York Knicks,Winner Of Ec Sf2 Winner Of Ec Sf1,2026-05-25,2026-05-25 21:00,New York Knicks,Cleveland Cavaliers,Cleveland Cavaliers,Jarrett Allen,PRA,20.5,Debajo,2.06,dom_alt,
Cleveland Cavaliers - New York Knicks,Winner Of Ec Sf2 Winner Of Ec Sf1,2026-05-25,2026-05-25 21:00,New York Knicks,Cleveland Cavaliers,Cleveland Cavaliers,Jarrett Allen,PRA,23.5,Sobre,2.02,dom_alt,
Cleveland Cavaliers - New York Knicks,Winner Of Ec Sf2 Winner Of Ec Sf1,2026-05-25,2026-05-25 21:00,New York Knicks,Cleveland Cavaliers,Cleveland Cavaliers,Jarrett Allen,PRA,23.5,Debajo,1.58,dom_alt,
Cleveland Cavaliers - New York Knicks,Winner Of Ec Sf2 Winner Of Ec Sf1,2026-05-25,2026-05-25 21:00,New York Knicks,Cleveland Cavaliers,Cleveland Cavaliers,Jarrett Allen,PRA,19.5,Sobre,1.49,dom_alt,
Cleveland Cavaliers - New York Knicks,Winner Of Ec Sf2 Winner Of Ec Sf1,2026-05-25,2026-05-25 21:00,New York Knicks,Cleveland Cavaliers,Cleveland Cavaliers,Jarrett Allen,PRA,19.5,Debajo,2.21,dom_alt,
Cleveland Cavaliers - New York Knicks,Winner Of Ec Sf2 Winner Of Ec Sf1,2026-05-25,2026-05-25 21:00,New York Knicks,Cleveland Cavaliers,Cleveland Cavaliers,Jarrett Allen,PRA,18.5,Sobre,1.38,dom_alt,
Cleveland Cavaliers - New York Knicks,Winner Of Ec Sf2 Winner Of Ec Sf1,2026-05-25,2026-05-25 21:00,New York Knicks,Cleveland Cavaliers,Cleveland Cavaliers,Jarrett Allen,PRA,18.5,Debajo,2.50,dom_alt,
Cleveland Cavaliers - New York Knicks,Winner Of Ec Sf2 Winner Of Ec Sf1,2026-05-25,2026-05-25 21:00,New York Knicks,Cleveland Cavaliers,Cleveland Cavaliers,Jarrett Allen,PRA,24.5,Sobre,2.14,dom_alt,
Cleveland Cavaliers - New York Knicks,Winner Of Ec Sf2 Winner Of Ec Sf1,2026-05-25,2026-05-25 21:00,New York Knicks,Cleveland Cavaliers,Cleveland Cavaliers,Jarrett Allen,PRA,24.5,Debajo,1.52,dom_alt,
Cleveland Cavaliers - New York Knicks,Winner Of Ec Sf2 Winner Of Ec Sf1,2026-05-25,2026-05-25 21:00,New York Knicks,Cleveland Cavaliers,Cleveland Cavaliers,Jarrett Allen,PRA,25.5,Sobre,2.38,dom_alt,
Cleveland Cavaliers - New York Knicks,Winner Of Ec Sf2 Winner Of Ec Sf1,2026-05-25,2026-05-25 21:00,New York Knicks,Cleveland Cavaliers,Cleveland Cavaliers,Jarrett Allen,PRA,25.5,Debajo,1.42,dom_alt,
Cleveland Cavaliers - New York Knicks,Winner Of Ec Sf2 Winner Of Ec Sf1,2026-05-25,2026-05-25 21:00,New York Knicks,Cleveland Cavaliers,Cleveland Cavaliers,Jarrett Allen,Asistencias+Rebotes,9.5,Sobre,1.96,dom,
Cleveland Cavaliers - New York Knicks,Winner Of Ec Sf2 Winner Of Ec Sf1,2026-05-25,2026-05-25 21:00,New York Knicks,Cleveland Cavaliers,Cleveland Cavaliers,Jarrett Allen,Asistencias+Rebotes,9.5,Debajo,1.73,dom,
Cleveland Cavaliers - New York Knicks,Winner Of Ec Sf2 Winner Of Ec Sf1,2026-05-25,2026-05-25 21:00,New York Knicks,Cleveland Cavaliers,Cleveland Cavaliers,Jarrett Allen,Robos+Tapones,2.5,Sobre,2.27,dom,
Cleveland Cavaliers - New York Knicks,Winner Of Ec Sf2 Winner Of Ec Sf1,2026-05-25,2026-05-25 21:00,New York Knicks,Cleveland Cavaliers,Cleveland Cavaliers,Jarrett Allen,Robos+Tapones,2.5,Debajo,1.54,dom,
Cleveland Cavaliers - New York Knicks,Winner Of Ec Sf2 Winner Of Ec Sf1,2026-05-25,2026-05-25 21:00,New York Knicks,Cleveland Cavaliers,Cleveland Cavaliers,Jarrett Allen,DobleDoble,0.5,Sobre,3.08,dom,
Cleveland Cavaliers - New York Knicks,Winner Of Ec Sf2 Winner Of Ec Sf1,2026-05-25,2026-05-25 21:00,New York Knicks,Cleveland Cavaliers,Cleveland Cavaliers,Jarrett Allen,DobleDoble,0.5,Debajo,1.31,dom,
Cleveland Cavaliers - New York Knicks,Winner Of Ec Sf2 Winner Of Ec Sf1,2026-05-25,2026-05-25 21:00,New York Knicks,Cleveland Cavaliers,Cleveland Cavaliers,Jarrett Allen,Asistencias,1.5,Sobre,2.57,dom,
Cleveland Cavaliers - New York Knicks,Winner Of Ec Sf2 Winner Of Ec Sf1,2026-05-25,2026-05-25 21:00,New York Knicks,Cleveland Cavaliers,Cleveland Cavaliers,Jarrett Allen,Asistencias,1.5,Debajo,1.43,dom,
Cleveland Cavaliers - New York Knicks,Winner Of Ec Sf2 Winner Of Ec Sf1,2026-05-25,2026-05-25 21:00,New York Knicks,Cleveland Cavaliers,Cleveland Cavaliers,Jarrett Allen,PuntosPrimerCuarto,3.5,Sobre,1.87,dom,
Cleveland Cavaliers - New York Knicks,Winner Of Ec Sf2 Winner Of Ec Sf1,2026-05-25,2026-05-25 21:00,New York Knicks,Cleveland Cavaliers,Cleveland Cavaliers,Jarrett Allen,PuntosPrimerCuarto,3.5,Debajo,1.80,dom,
Cleveland Cavaliers - New York Knicks,Winner Of Ec Sf2 Winner Of Ec Sf1,2026-05-25,2026-05-25 21:00,New York Knicks,Cleveland Cavaliers,Cleveland Cavaliers,Jarrett Allen,RebotesPrimerCuarto,1.5,Sobre,1.59,dom,
Cleveland Cavaliers - New York Knicks,Winner Of Ec Sf2 Winner Of Ec Sf1,2026-05-25,2026-05-25 21:00,New York Knicks,Cleveland Cavaliers,Cleveland Cavaliers,Jarrett Allen,RebotesPrimerCuarto,1.5,Debajo,2.17,dom,
Cleveland Cavaliers - New York Knicks,Winner Of Ec Sf2 Winner Of Ec Sf1,2026-05-25,2026-05-25 21:00,New York Knicks,Cleveland Cavaliers,Cleveland Cavaliers,Jarrett Allen,TirosLibres,2.5,Sobre,1.92,dom,
Cleveland Cavaliers - New York Knicks,Winner Of Ec Sf2 Winner Of Ec Sf1,2026-05-25,2026-05-25 21:00,New York Knicks,Cleveland Cavaliers,Cleveland Cavaliers,Jarrett Allen,TirosLibres,2.5,Debajo,1.76,dom,
Cleveland Cavaliers - New York Knicks,Winner Of Ec Sf2 Winner Of Ec Sf1,2026-05-25,2026-05-25 21:00,New York Knicks,Cleveland Cavaliers,Cleveland Cavaliers,Jarrett Allen,GolesCampo,4.5,Sobre,1.61,dom,
Cleveland Cavaliers - New York Knicks,Winner Of Ec Sf2 Winner Of Ec Sf1,2026-05-25,2026-05-25 21:00,New York Knicks,Cleveland Cavaliers,Cleveland Cavaliers,Jarrett Allen,GolesCampo,4.5,Debajo,2.13,dom,
Cleveland Cavaliers - New York Knicks,Winner Of Ec Sf2 Winner Of Ec Sf1,2026-05-25,2026-05-25 21:00,New York Knicks,Cleveland Cavaliers,Cleveland Cavaliers,Jarrett Allen,GolesCampoInt,8.5,Sobre,2.02,dom,
Cleveland Cavaliers - New York Knicks,Winner Of Ec Sf2 Winner Of Ec Sf1,2026-05-25,2026-05-25 21:00,New York Knicks,Cleveland Cavaliers,Cleveland Cavaliers,Jarrett Allen,GolesCampoInt,8.5,Debajo,1.68,dom,
Cleveland Cavaliers - New York Knicks,Winner Of Ec Sf2 Winner Of Ec Sf1,2026-05-25,2026-05-25 21:00,New York Knicks,Cleveland Cavaliers,Cleveland Cavaliers,Jarrett Allen,Faltas,2.5,Sobre,1.84,dom,
Cleveland Cavaliers - New York Knicks,Winner Of Ec Sf2 Winner Of Ec Sf1,2026-05-25,2026-05-25 21:00,New York Knicks,Cleveland Cavaliers,Cleveland Cavaliers,Jarrett Allen,Faltas,2.5,Debajo,1.83,dom,
Cleveland Cavaliers - New York Knicks,Winner Of Ec Sf2 Winner Of Ec Sf1,2026-05-25,2026-05-25 21:00,New York Knicks,Cleveland Cavaliers,Cleveland Cavaliers,James Harden,Puntos,17.5,Sobre,1.75,dom,
Cleveland Cavaliers - New York Knicks,Winner Of Ec Sf2 Winner Of Ec Sf1,2026-05-25,2026-05-25 21:00,New York Knicks,Cleveland Cavaliers,Cleveland Cavaliers,James Harden,Puntos,17.5,Debajo,1.93,dom,
Cleveland Cavaliers - New York Knicks,Winner Of Ec Sf2 Winner Of Ec Sf1,2026-05-25,2026-05-25 21:00,New York Knicks,Cleveland Cavaliers,Cleveland Cavaliers,James Harden,Puntos,15.5,Sobre,1.49,dom_alt,
Cleveland Cavaliers - New York Knicks,Winner Of Ec Sf2 Winner Of Ec Sf1,2026-05-25,2026-05-25 21:00,New York Knicks,Cleveland Cavaliers,Cleveland Cavaliers,James Harden,Puntos,15.5,Debajo,2.20,dom_alt,
Cleveland Cavaliers - New York Knicks,Winner Of Ec Sf2 Winner Of Ec Sf1,2026-05-25,2026-05-25 21:00,New York Knicks,Cleveland Cavaliers,Cleveland Cavaliers,James Harden,Puntos,18.5,Sobre,1.86,dom_alt,
Cleveland Cavaliers - New York Knicks,Winner Of Ec Sf2 Winner Of Ec Sf1,2026-05-25,2026-05-25 21:00,New York Knicks,Cleveland Cavaliers,Cleveland Cavaliers,James Harden,Puntos,18.5,Debajo,1.70,dom_alt,
Cleveland Cavaliers - New York Knicks,Winner Of Ec Sf2 Winner Of Ec Sf1,2026-05-25,2026-05-25 21:00,New York Knicks,Cleveland Cavaliers,Cleveland Cavaliers,James Harden,Puntos,14.5,Sobre,1.37,dom_alt,
Cleveland Cavaliers - New York Knicks,Winner Of Ec Sf2 Winner Of Ec Sf1,2026-05-25,2026-05-25 21:00,New York Knicks,Cleveland Cavaliers,Cleveland Cavaliers,James Harden,Puntos,14.5,Debajo,2.52,dom_alt,
Cleveland Cavaliers - New York Knicks,Winner Of Ec Sf2 Winner Of Ec Sf1,2026-05-25,2026-05-25 21:00,New York Knicks,Cleveland Cavaliers,Cleveland Cavaliers,James Harden,Puntos,13.5,Sobre,1.27,dom_alt,
Cleveland Cavaliers - New York Knicks,Winner Of Ec Sf2 Winner Of Ec Sf1,2026-05-25,2026-05-25 21:00,New York Knicks,Cleveland Cavaliers,Cleveland Cavaliers,James Harden,Puntos,13.5,Debajo,2.94,dom_alt,
Cleveland Cavaliers - New York Knicks,Winner Of Ec Sf2 Winner Of Ec Sf1,2026-05-25,2026-05-25 21:00,New York Knicks,Cleveland Cavaliers,Cleveland Cavaliers,James Harden,Puntos,19.5,Sobre,2.03,dom_alt,
Cleveland Cavaliers - New York Knicks,Winner Of Ec Sf2 Winner Of Ec Sf1,2026-05-25,2026-05-25 21:00,New York Knicks,Cleveland Cavaliers,Cleveland Cavaliers,James Harden,Puntos,19.5,Debajo,1.58,dom_alt,
Cleveland Cavaliers - New York Knicks,Winner Of Ec Sf2 Winner Of Ec Sf1,2026-05-25,2026-05-25 21:00,New York Knicks,Cleveland Cavaliers,Cleveland Cavaliers,James Harden,Puntos,20.5,Sobre,2.17,dom_alt,
Cleveland Cavaliers - New York Knicks,Winner Of Ec Sf2 Winner Of Ec Sf1,2026-05-25,2026-05-25 21:00,New York Knicks,Cleveland Cavaliers,Cleveland Cavaliers,James Harden,Puntos,20.5,Debajo,1.50,dom_alt,
Cleveland Cavaliers - New York Knicks,Winner Of Ec Sf2 Winner Of Ec Sf1,2026-05-25,2026-05-25 21:00,New York Knicks,Cleveland Cavaliers,Cleveland Cavaliers,James Harden,Rebotes,4.5,Sobre,1.72,dom,
Cleveland Cavaliers - New York Knicks,Winner Of Ec Sf2 Winner Of Ec Sf1,2026-05-25,2026-05-25 21:00,New York Knicks,Cleveland Cavaliers,Cleveland Cavaliers,James Harden,Rebotes,4.5,Debajo,1.96,dom,
Cleveland Cavaliers - New York Knicks,Winner Of Ec Sf2 Winner Of Ec Sf1,2026-05-25,2026-05-25 21:00,New York Knicks,Cleveland Cavaliers,Cleveland Cavaliers,James Harden,Rebotes,5.5,Sobre,2.17,dom_alt,
Cleveland Cavaliers - New York Knicks,Winner Of Ec Sf2 Winner Of Ec Sf1,2026-05-25,2026-05-25 21:00,New York Knicks,Cleveland Cavaliers,Cleveland Cavaliers,James Harden,Rebotes,5.5,Debajo,1.51,dom_alt,
Cleveland Cavaliers - New York Knicks,Winner Of Ec Sf2 Winner Of Ec Sf1,2026-05-25,2026-05-25 21:00,New York Knicks,Cleveland Cavaliers,Cleveland Cavaliers,James Harden,Triples,2.5,Sobre,2.06,dom,
Cleveland Cavaliers - New York Knicks,Winner Of Ec Sf2 Winner Of Ec Sf1,2026-05-25,2026-05-25 21:00,New York Knicks,Cleveland Cavaliers,Cleveland Cavaliers,James Harden,Triples,2.5,Debajo,1.66,dom,
Cleveland Cavaliers - New York Knicks,Winner Of Ec Sf2 Winner Of Ec Sf1,2026-05-25,2026-05-25 21:00,New York Knicks,Cleveland Cavaliers,Cleveland Cavaliers,James Harden,Triples,1.5,Sobre,1.37,dom_alt,
Cleveland Cavaliers - New York Knicks,Winner Of Ec Sf2 Winner Of Ec Sf1,2026-05-25,2026-05-25 21:00,New York Knicks,Cleveland Cavaliers,Cleveland Cavaliers,James Harden,Triples,1.5,Debajo,2.53,dom_alt,
Cleveland Cavaliers - New York Knicks,Winner Of Ec Sf2 Winner Of Ec Sf1,2026-05-25,2026-05-25 21:00,New York Knicks,Cleveland Cavaliers,Cleveland Cavaliers,James Harden,Tapones,0.5,Sobre,2.19,dom,
Cleveland Cavaliers - New York Knicks,Winner Of Ec Sf2 Winner Of Ec Sf1,2026-05-25,2026-05-25 21:00,New York Knicks,Cleveland Cavaliers,Cleveland Cavaliers,James Harden,Tapones,0.5,Debajo,1.58,dom,
Cleveland Cavaliers - New York Knicks,Winner Of Ec Sf2 Winner Of Ec Sf1,2026-05-25,2026-05-25 21:00,New York Knicks,Cleveland Cavaliers,Cleveland Cavaliers,James Harden,Pérdidas,3.5,Sobre,1.74,dom,
Cleveland Cavaliers - New York Knicks,Winner Of Ec Sf2 Winner Of Ec Sf1,2026-05-25,2026-05-25 21:00,New York Knicks,Cleveland Cavaliers,Cleveland Cavaliers,James Harden,Pérdidas,3.5,Debajo,1.94,dom,
Cleveland Cavaliers - New York Knicks,Winner Of Ec Sf2 Winner Of Ec Sf1,2026-05-25,2026-05-25 21:00,New York Knicks,Cleveland Cavaliers,Cleveland Cavaliers,James Harden,Puntos+Rebotes,22.5,Sobre,1.76,dom,
Cleveland Cavaliers - New York Knicks,Winner Of Ec Sf2 Winner Of Ec Sf1,2026-05-25,2026-05-25 21:00,New York Knicks,Cleveland Cavaliers,Cleveland Cavaliers,James Harden,Puntos+Rebotes,22.5,Debajo,1.92,dom,
Cleveland Cavaliers - New York Knicks,Winner Of Ec Sf2 Winner Of Ec Sf1,2026-05-25,2026-05-25 21:00,New York Knicks,Cleveland Cavaliers,Cleveland Cavaliers,James Harden,Puntos+Rebotes,23.5,Sobre,1.86,dom_alt,
Cleveland Cavaliers - New York Knicks,Winner Of Ec Sf2 Winner Of Ec Sf1,2026-05-25,2026-05-25 21:00,New York Knicks,Cleveland Cavaliers,Cleveland Cavaliers,James Harden,Puntos+Rebotes,23.5,Debajo,1.71,dom_alt,
Cleveland Cavaliers - New York Knicks,Winner Of Ec Sf2 Winner Of Ec Sf1,2026-05-25,2026-05-25 21:00,New York Knicks,Cleveland Cavaliers,Cleveland Cavaliers,James Harden,Puntos+Rebotes,20.5,Sobre,1.52,dom_alt,
Cleveland Cavaliers - New York Knicks,Winner Of Ec Sf2 Winner Of Ec Sf1,2026-05-25,2026-05-25 21:00,New York Knicks,Cleveland Cavaliers,Cleveland Cavaliers,James Harden,Puntos+Rebotes,20.5,Debajo,2.15,dom_alt,
Cleveland Cavaliers - New York Knicks,Winner Of Ec Sf2 Winner Of Ec Sf1,2026-05-25,2026-05-25 21:00,New York Knicks,Cleveland Cavaliers,Cleveland Cavaliers,James Harden,Puntos+Rebotes,24.5,Sobre,2.02,dom_alt,
Cleveland Cavaliers - New York Knicks,Winner Of Ec Sf2 Winner Of Ec Sf1,2026-05-25,2026-05-25 21:00,New York Knicks,Cleveland Cavaliers,Cleveland Cavaliers,James Harden,Puntos+Rebotes,24.5,Debajo,1.59,dom_alt,
Cleveland Cavaliers - New York Knicks,Winner Of Ec Sf2 Winner Of Ec Sf1,2026-05-25,2026-05-25 21:00,New York Knicks,Cleveland Cavaliers,Cleveland Cavaliers,James Harden,Puntos+Rebotes,25.5,Sobre,2.12,dom_alt,
Cleveland Cavaliers - New York Knicks,Winner Of Ec Sf2 Winner Of Ec Sf1,2026-05-25,2026-05-25 21:00,New York Knicks,Cleveland Cavaliers,Cleveland Cavaliers,James Harden,Puntos+Rebotes,25.5,Debajo,1.53,dom_alt,
Cleveland Cavaliers - New York Knicks,Winner Of Ec Sf2 Winner Of Ec Sf1,2026-05-25,2026-05-25 21:00,New York Knicks,Cleveland Cavaliers,Cleveland Cavaliers,James Harden,Puntos+Asistencias,24.5,Sobre,1.83,dom,
Cleveland Cavaliers - New York Knicks,Winner Of Ec Sf2 Winner Of Ec Sf1,2026-05-25,2026-05-25 21:00,New York Knicks,Cleveland Cavaliers,Cleveland Cavaliers,James Harden,Puntos+Asistencias,24.5,Debajo,1.84,dom,
Cleveland Cavaliers - New York Knicks,Winner Of Ec Sf2 Winner Of Ec Sf1,2026-05-25,2026-05-25 21:00,New York Knicks,Cleveland Cavaliers,Cleveland Cavaliers,James Harden,Puntos+Asistencias,25.5,Sobre,1.94,dom_alt,
Cleveland Cavaliers - New York Knicks,Winner Of Ec Sf2 Winner Of Ec Sf1,2026-05-25,2026-05-25 21:00,New York Knicks,Cleveland Cavaliers,Cleveland Cavaliers,James Harden,Puntos+Asistencias,25.5,Debajo,1.64,dom_alt,
Cleveland Cavaliers - New York Knicks,Winner Of Ec Sf2 Winner Of Ec Sf1,2026-05-25,2026-05-25 21:00,New York Knicks,Cleveland Cavaliers,Cleveland Cavaliers,James Harden,Puntos+Asistencias,23.5,Sobre,1.65,dom_alt,
Cleveland Cavaliers - New York Knicks,Winner Of Ec Sf2 Winner Of Ec Sf1,2026-05-25,2026-05-25 21:00,New York Knicks,Cleveland Cavaliers,Cleveland Cavaliers,James Harden,Puntos+Asistencias,23.5,Debajo,1.93,dom_alt,
Cleveland Cavaliers - New York Knicks,Winner Of Ec Sf2 Winner Of Ec Sf1,2026-05-25,2026-05-25 21:00,New York Knicks,Cleveland Cavaliers,Cleveland Cavaliers,James Harden,Puntos+Asistencias,26.5,Sobre,2.06,dom_alt,
Cleveland Cavaliers - New York Knicks,Winner Of Ec Sf2 Winner Of Ec Sf1,2026-05-25,2026-05-25 21:00,New York Knicks,Cleveland Cavaliers,Cleveland Cavaliers,James Harden,Puntos+Asistencias,26.5,Debajo,1.56,dom_alt,
Cleveland Cavaliers - New York Knicks,Winner Of Ec Sf2 Winner Of Ec Sf1,2026-05-25,2026-05-25 21:00,New York Knicks,Cleveland Cavaliers,Cleveland Cavaliers,James Harden,Puntos+Asistencias,22.5,Sobre,1.53,dom_alt,
Cleveland Cavaliers - New York Knicks,Winner Of Ec Sf2 Winner Of Ec Sf1,2026-05-25,2026-05-25 21:00,New York Knicks,Cleveland Cavaliers,Cleveland Cavaliers,James Harden,Puntos+Asistencias,22.5,Debajo,2.13,dom_alt,
Cleveland Cavaliers - New York Knicks,Winner Of Ec Sf2 Winner Of Ec Sf1,2026-05-25,2026-05-25 21:00,New York Knicks,Cleveland Cavaliers,Cleveland Cavaliers,James Harden,PRA,29.5,Sobre,1.83,dom,
Cleveland Cavaliers - New York Knicks,Winner Of Ec Sf2 Winner Of Ec Sf1,2026-05-25,2026-05-25 21:00,New York Knicks,Cleveland Cavaliers,Cleveland Cavaliers,James Harden,PRA,29.5,Debajo,1.84,dom,
Cleveland Cavaliers - New York Knicks,Winner Of Ec Sf2 Winner Of Ec Sf1,2026-05-25,2026-05-25 21:00,New York Knicks,Cleveland Cavaliers,Cleveland Cavaliers,James Harden,PRA,30.5,Sobre,1.92,dom_alt,
Cleveland Cavaliers - New York Knicks,Winner Of Ec Sf2 Winner Of Ec Sf1,2026-05-25,2026-05-25 21:00,New York Knicks,Cleveland Cavaliers,Cleveland Cavaliers,James Harden,PRA,30.5,Debajo,1.66,dom_alt,
Cleveland Cavaliers - New York Knicks,Winner Of Ec Sf2 Winner Of Ec Sf1,2026-05-25,2026-05-25 21:00,New York Knicks,Cleveland Cavaliers,Cleveland Cavaliers,James Harden,PRA,28.5,Sobre,1.66,dom_alt,
Cleveland Cavaliers - New York Knicks,Winner Of Ec Sf2 Winner Of Ec Sf1,2026-05-25,2026-05-25 21:00,New York Knicks,Cleveland Cavaliers,Cleveland Cavaliers,James Harden,PRA,28.5,Debajo,1.91,dom_alt,
Cleveland Cavaliers - New York Knicks,Winner Of Ec Sf2 Winner Of Ec Sf1,2026-05-25,2026-05-25 21:00,New York Knicks,Cleveland Cavaliers,Cleveland Cavaliers,James Harden,PRA,31.5,Sobre,2.09,dom_alt,
Cleveland Cavaliers - New York Knicks,Winner Of Ec Sf2 Winner Of Ec Sf1,2026-05-25,2026-05-25 21:00,New York Knicks,Cleveland Cavaliers,Cleveland Cavaliers,James Harden,PRA,31.5,Debajo,1.55,dom_alt,
Cleveland Cavaliers - New York Knicks,Winner Of Ec Sf2 Winner Of Ec Sf1,2026-05-25,2026-05-25 21:00,New York Knicks,Cleveland Cavaliers,Cleveland Cavaliers,James Harden,PRA,27.5,Sobre,1.55,dom_alt,
Cleveland Cavaliers - New York Knicks,Winner Of Ec Sf2 Winner Of Ec Sf1,2026-05-25,2026-05-25 21:00,New York Knicks,Cleveland Cavaliers,Cleveland Cavaliers,James Harden,PRA,27.5,Debajo,2.08,dom_alt,
Cleveland Cavaliers - New York Knicks,Winner Of Ec Sf2 Winner Of Ec Sf1,2026-05-25,2026-05-25 21:00,New York Knicks,Cleveland Cavaliers,Cleveland Cavaliers,James Harden,PRA,32.5,Sobre,2.21,dom_alt,
Cleveland Cavaliers - New York Knicks,Winner Of Ec Sf2 Winner Of Ec Sf1,2026-05-25,2026-05-25 21:00,New York Knicks,Cleveland Cavaliers,Cleveland Cavaliers,James Harden,PRA,32.5,Debajo,1.49,dom_alt,
Cleveland Cavaliers - New York Knicks,Winner Of Ec Sf2 Winner Of Ec Sf1,2026-05-25,2026-05-25 21:00,New York Knicks,Cleveland Cavaliers,Cleveland Cavaliers,James Harden,PRA,26.5,Sobre,1.49,dom_alt,
Cleveland Cavaliers - New York Knicks,Winner Of Ec Sf2 Winner Of Ec Sf1,2026-05-25,2026-05-25 21:00,New York Knicks,Cleveland Cavaliers,Cleveland Cavaliers,James Harden,PRA,26.5,Debajo,2.20,dom_alt,
Cleveland Cavaliers - New York Knicks,Winner Of Ec Sf2 Winner Of Ec Sf1,2026-05-25,2026-05-25 21:00,New York Knicks,Cleveland Cavaliers,Cleveland Cavaliers,James Harden,PRA,33.5,Sobre,2.43,dom_alt,
Cleveland Cavaliers - New York Knicks,Winner Of Ec Sf2 Winner Of Ec Sf1,2026-05-25,2026-05-25 21:00,New York Knicks,Cleveland Cavaliers,Cleveland Cavaliers,James Harden,PRA,33.5,Debajo,1.40,dom_alt,
Cleveland Cavaliers - New York Knicks,Winner Of Ec Sf2 Winner Of Ec Sf1,2026-05-25,2026-05-25 21:00,New York Knicks,Cleveland Cavaliers,Cleveland Cavaliers,James Harden,PRA,34.5,Sobre,2.71,dom_alt,
Cleveland Cavaliers - New York Knicks,Winner Of Ec Sf2 Winner Of Ec Sf1,2026-05-25,2026-05-25 21:00,New York Knicks,Cleveland Cavaliers,Cleveland Cavaliers,James Harden,PRA,34.5,Debajo,1.32,dom_alt,
Cleveland Cavaliers - New York Knicks,Winner Of Ec Sf2 Winner Of Ec Sf1,2026-05-25,2026-05-25 21:00,New York Knicks,Cleveland Cavaliers,Cleveland Cavaliers,James Harden,Asistencias+Rebotes,11.5,Sobre,2.02,dom,
Cleveland Cavaliers - New York Knicks,Winner Of Ec Sf2 Winner Of Ec Sf1,2026-05-25,2026-05-25 21:00,New York Knicks,Cleveland Cavaliers,Cleveland Cavaliers,James Harden,Asistencias+Rebotes,11.5,Debajo,1.68,dom,
Cleveland Cavaliers - New York Knicks,Winner Of Ec Sf2 Winner Of Ec Sf1,2026-05-25,2026-05-25 21:00,New York Knicks,Cleveland Cavaliers,Cleveland Cavaliers,James Harden,Robos+Tapones,1.5,Sobre,1.73,dom,
Cleveland Cavaliers - New York Knicks,Winner Of Ec Sf2 Winner Of Ec Sf1,2026-05-25,2026-05-25 21:00,New York Knicks,Cleveland Cavaliers,Cleveland Cavaliers,James Harden,Robos+Tapones,1.5,Debajo,1.95,dom,
Cleveland Cavaliers - New York Knicks,Winner Of Ec Sf2 Winner Of Ec Sf1,2026-05-25,2026-05-25 21:00,New York Knicks,Cleveland Cavaliers,Cleveland Cavaliers,James Harden,DobleDoble,0.5,Sobre,5.59,dom,
Cleveland Cavaliers - New York Knicks,Winner Of Ec Sf2 Winner Of Ec Sf1,2026-05-25,2026-05-25 21:00,New York Knicks,Cleveland Cavaliers,Cleveland Cavaliers,James Harden,DobleDoble,0.5,Debajo,1.10,dom,
Cleveland Cavaliers - New York Knicks,Winner Of Ec Sf2 Winner Of Ec Sf1,2026-05-25,2026-05-25 21:00,New York Knicks,Cleveland Cavaliers,Cleveland Cavaliers,James Harden,Asistencias,6.5,Sobre,2.04,dom,
Cleveland Cavaliers - New York Knicks,Winner Of Ec Sf2 Winner Of Ec Sf1,2026-05-25,2026-05-25 21:00,New York Knicks,Cleveland Cavaliers,Cleveland Cavaliers,James Harden,Asistencias,6.5,Debajo,1.67,dom,
Cleveland Cavaliers - New York Knicks,Winner Of Ec Sf2 Winner Of Ec Sf1,2026-05-25,2026-05-25 21:00,New York Knicks,Cleveland Cavaliers,Cleveland Cavaliers,James Harden,Asistencias,7.5,Sobre,2.55,dom_alt,
Cleveland Cavaliers - New York Knicks,Winner Of Ec Sf2 Winner Of Ec Sf1,2026-05-25,2026-05-25 21:00,New York Knicks,Cleveland Cavaliers,Cleveland Cavaliers,James Harden,Asistencias,7.5,Debajo,1.37,dom_alt,
Cleveland Cavaliers - New York Knicks,Winner Of Ec Sf2 Winner Of Ec Sf1,2026-05-25,2026-05-25 21:00,New York Knicks,Cleveland Cavaliers,Cleveland Cavaliers,James Harden,Asistencias,5.5,Sobre,1.53,dom_alt,
Cleveland Cavaliers - New York Knicks,Winner Of Ec Sf2 Winner Of Ec Sf1,2026-05-25,2026-05-25 21:00,New York Knicks,Cleveland Cavaliers,Cleveland Cavaliers,James Harden,Asistencias,5.5,Debajo,2.13,dom_alt,
Cleveland Cavaliers - New York Knicks,Winner Of Ec Sf2 Winner Of Ec Sf1,2026-05-25,2026-05-25 21:00,New York Knicks,Cleveland Cavaliers,Cleveland Cavaliers,James Harden,PuntosPrimerCuarto,3.5,Sobre,1.73,dom,
Cleveland Cavaliers - New York Knicks,Winner Of Ec Sf2 Winner Of Ec Sf1,2026-05-25,2026-05-25 21:00,New York Knicks,Cleveland Cavaliers,Cleveland Cavaliers,James Harden,PuntosPrimerCuarto,3.5,Debajo,1.95,dom,
Cleveland Cavaliers - New York Knicks,Winner Of Ec Sf2 Winner Of Ec Sf1,2026-05-25,2026-05-25 21:00,New York Knicks,Cleveland Cavaliers,Cleveland Cavaliers,James Harden,PuntosPrimerCuarto,4.5,Sobre,1.99,dom_alt,
Cleveland Cavaliers - New York Knicks,Winner Of Ec Sf2 Winner Of Ec Sf1,2026-05-25,2026-05-25 21:00,New York Knicks,Cleveland Cavaliers,Cleveland Cavaliers,James Harden,PuntosPrimerCuarto,4.5,Debajo,1.61,dom_alt,
Cleveland Cavaliers - New York Knicks,Winner Of Ec Sf2 Winner Of Ec Sf1,2026-05-25,2026-05-25 21:00,New York Knicks,Cleveland Cavaliers,Cleveland Cavaliers,James Harden,AsistenciasPrimerCuarto,1.5,Sobre,1.83,dom,
Cleveland Cavaliers - New York Knicks,Winner Of Ec Sf2 Winner Of Ec Sf1,2026-05-25,2026-05-25 21:00,New York Knicks,Cleveland Cavaliers,Cleveland Cavaliers,James Harden,AsistenciasPrimerCuarto,1.5,Debajo,1.84,dom,
Cleveland Cavaliers - New York Knicks,Winner Of Ec Sf2 Winner Of Ec Sf1,2026-05-25,2026-05-25 21:00,New York Knicks,Cleveland Cavaliers,Cleveland Cavaliers,James Harden,TirosLibres,4.5,Sobre,1.86,dom,
Cleveland Cavaliers - New York Knicks,Winner Of Ec Sf2 Winner Of Ec Sf1,2026-05-25,2026-05-25 21:00,New York Knicks,Cleveland Cavaliers,Cleveland Cavaliers,James Harden,TirosLibres,4.5,Debajo,1.81,dom,
Cleveland Cavaliers - New York Knicks,Winner Of Ec Sf2 Winner Of Ec Sf1,2026-05-25,2026-05-25 21:00,New York Knicks,Cleveland Cavaliers,Cleveland Cavaliers,James Harden,TirosLibresInt,5.5,Sobre,1.88,dom,
Cleveland Cavaliers - New York Knicks,Winner Of Ec Sf2 Winner Of Ec Sf1,2026-05-25,2026-05-25 21:00,New York Knicks,Cleveland Cavaliers,Cleveland Cavaliers,James Harden,TirosLibresInt,5.5,Debajo,1.80,dom,
Cleveland Cavaliers - New York Knicks,Winner Of Ec Sf2 Winner Of Ec Sf1,2026-05-25,2026-05-25 21:00,New York Knicks,Cleveland Cavaliers,Cleveland Cavaliers,James Harden,GolesCampo,5.5,Sobre,1.89,dom,
Cleveland Cavaliers - New York Knicks,Winner Of Ec Sf2 Winner Of Ec Sf1,2026-05-25,2026-05-25 21:00,New York Knicks,Cleveland Cavaliers,Cleveland Cavaliers,James Harden,GolesCampo,5.5,Debajo,1.79,dom,
Cleveland Cavaliers - New York Knicks,Winner Of Ec Sf2 Winner Of Ec Sf1,2026-05-25,2026-05-25 21:00,New York Knicks,Cleveland Cavaliers,Cleveland Cavaliers,James Harden,GolesCampoInt,13.5,Sobre,1.93,dom,
Cleveland Cavaliers - New York Knicks,Winner Of Ec Sf2 Winner Of Ec Sf1,2026-05-25,2026-05-25 21:00,New York Knicks,Cleveland Cavaliers,Cleveland Cavaliers,James Harden,GolesCampoInt,13.5,Debajo,1.75,dom,
Cleveland Cavaliers - New York Knicks,Winner Of Ec Sf2 Winner Of Ec Sf1,2026-05-25,2026-05-25 21:00,New York Knicks,Cleveland Cavaliers,Cleveland Cavaliers,James Harden,TriplesInt,6.5,Sobre,1.78,dom,
Cleveland Cavaliers - New York Knicks,Winner Of Ec Sf2 Winner Of Ec Sf1,2026-05-25,2026-05-25 21:00,New York Knicks,Cleveland Cavaliers,Cleveland Cavaliers,James Harden,TriplesInt,6.5,Debajo,1.89,dom,
Cleveland Cavaliers - New York Knicks,Winner Of Ec Sf2 Winner Of Ec Sf1,2026-05-25,2026-05-25 21:00,New York Knicks,Cleveland Cavaliers,Cleveland Cavaliers,Sam Merrill,Puntos,7.5,Sobre,1.77,dom,
Cleveland Cavaliers - New York Knicks,Winner Of Ec Sf2 Winner Of Ec Sf1,2026-05-25,2026-05-25 21:00,New York Knicks,Cleveland Cavaliers,Cleveland Cavaliers,Sam Merrill,Puntos,7.5,Debajo,1.90,dom,
Cleveland Cavaliers - New York Knicks,Winner Of Ec Sf2 Winner Of Ec Sf1,2026-05-25,2026-05-25 21:00,New York Knicks,Cleveland Cavaliers,Cleveland Cavaliers,Sam Merrill,Puntos,6.5,Sobre,1.63,dom_alt,
Cleveland Cavaliers - New York Knicks,Winner Of Ec Sf2 Winner Of Ec Sf1,2026-05-25,2026-05-25 21:00,New York Knicks,Cleveland Cavaliers,Cleveland Cavaliers,Sam Merrill,Puntos,6.5,Debajo,1.95,dom_alt,
Cleveland Cavaliers - New York Knicks,Winner Of Ec Sf2 Winner Of Ec Sf1,2026-05-25,2026-05-25 21:00,New York Knicks,Cleveland Cavaliers,Cleveland Cavaliers,Sam Merrill,Puntos,8.5,Sobre,1.95,dom_alt,
Cleveland Cavaliers - New York Knicks,Winner Of Ec Sf2 Winner Of Ec Sf1,2026-05-25,2026-05-25 21:00,New York Knicks,Cleveland Cavaliers,Cleveland Cavaliers,Sam Merrill,Puntos,8.5,Debajo,1.63,dom_alt,
Cleveland Cavaliers - New York Knicks,Winner Of Ec Sf2 Winner Of Ec Sf1,2026-05-25,2026-05-25 21:00,New York Knicks,Cleveland Cavaliers,Cleveland Cavaliers,Sam Merrill,Puntos,9.5,Sobre,2.28,dom_alt,
Cleveland Cavaliers - New York Knicks,Winner Of Ec Sf2 Winner Of Ec Sf1,2026-05-25,2026-05-25 21:00,New York Knicks,Cleveland Cavaliers,Cleveland Cavaliers,Sam Merrill,Puntos,9.5,Debajo,1.46,dom_alt,
Cleveland Cavaliers - New York Knicks,Winner Of Ec Sf2 Winner Of Ec Sf1,2026-05-25,2026-05-25 21:00,New York Knicks,Cleveland Cavaliers,Cleveland Cavaliers,Sam Merrill,Puntos,5.5,Sobre,1.38,dom_alt,
Cleveland Cavaliers - New York Knicks,Winner Of Ec Sf2 Winner Of Ec Sf1,2026-05-25,2026-05-25 21:00,New York Knicks,Cleveland Cavaliers,Cleveland Cavaliers,Sam Merrill,Puntos,5.5,Debajo,2.50,dom_alt,
Cleveland Cavaliers - New York Knicks,Winner Of Ec Sf2 Winner Of Ec Sf1,2026-05-25,2026-05-25 21:00,New York Knicks,Cleveland Cavaliers,Cleveland Cavaliers,Sam Merrill,Puntos,10.5,Sobre,2.47,dom_alt,
Cleveland Cavaliers - New York Knicks,Winner Of Ec Sf2 Winner Of Ec Sf1,2026-05-25,2026-05-25 21:00,New York Knicks,Cleveland Cavaliers,Cleveland Cavaliers,Sam Merrill,Puntos,10.5,Debajo,1.39,dom_alt,
Cleveland Cavaliers - New York Knicks,Winner Of Ec Sf2 Winner Of Ec Sf1,2026-05-25,2026-05-25 21:00,New York Knicks,Cleveland Cavaliers,Cleveland Cavaliers,Sam Merrill,Rebotes,1.5,Sobre,1.67,dom,
Cleveland Cavaliers - New York Knicks,Winner Of Ec Sf2 Winner Of Ec Sf1,2026-05-25,2026-05-25 21:00,New York Knicks,Cleveland Cavaliers,Cleveland Cavaliers,Sam Merrill,Rebotes,1.5,Debajo,2.03,dom,
Cleveland Cavaliers - New York Knicks,Winner Of Ec Sf2 Winner Of Ec Sf1,2026-05-25,2026-05-25 21:00,New York Knicks,Cleveland Cavaliers,Cleveland Cavaliers,Sam Merrill,Rebotes,2.5,Sobre,2.62,dom_alt,
Cleveland Cavaliers - New York Knicks,Winner Of Ec Sf2 Winner Of Ec Sf1,2026-05-25,2026-05-25 21:00,New York Knicks,Cleveland Cavaliers,Cleveland Cavaliers,Sam Merrill,Rebotes,2.5,Debajo,1.34,dom_alt,
Cleveland Cavaliers - New York Knicks,Winner Of Ec Sf2 Winner Of Ec Sf1,2026-05-25,2026-05-25 21:00,New York Knicks,Cleveland Cavaliers,Cleveland Cavaliers,Sam Merrill,Triples,2.5,Sobre,2.37,dom,
Cleveland Cavaliers - New York Knicks,Winner Of Ec Sf2 Winner Of Ec Sf1,2026-05-25,2026-05-25 21:00,New York Knicks,Cleveland Cavaliers,Cleveland Cavaliers,Sam Merrill,Triples,2.5,Debajo,1.50,dom,
Cleveland Cavaliers - New York Knicks,Winner Of Ec Sf2 Winner Of Ec Sf1,2026-05-25,2026-05-25 21:00,New York Knicks,Cleveland Cavaliers,Cleveland Cavaliers,Sam Merrill,Triples,1.5,Sobre,1.50,dom_alt,
Cleveland Cavaliers - New York Knicks,Winner Of Ec Sf2 Winner Of Ec Sf1,2026-05-25,2026-05-25 21:00,New York Knicks,Cleveland Cavaliers,Cleveland Cavaliers,Sam Merrill,Triples,1.5,Debajo,2.18,dom_alt,
Cleveland Cavaliers - New York Knicks,Winner Of Ec Sf2 Winner Of Ec Sf1,2026-05-25,2026-05-25 21:00,New York Knicks,Cleveland Cavaliers,Cleveland Cavaliers,Sam Merrill,Robos,0.5,Sobre,2.02,dom,
Cleveland Cavaliers - New York Knicks,Winner Of Ec Sf2 Winner Of Ec Sf1,2026-05-25,2026-05-25 21:00,New York Knicks,Cleveland Cavaliers,Cleveland Cavaliers,Sam Merrill,Robos,0.5,Debajo,1.68,dom,
Cleveland Cavaliers - New York Knicks,Winner Of Ec Sf2 Winner Of Ec Sf1,2026-05-25,2026-05-25 21:00,New York Knicks,Cleveland Cavaliers,Cleveland Cavaliers,Sam Merrill,Pérdidas,0.5,Sobre,1.88,dom,
Cleveland Cavaliers - New York Knicks,Winner Of Ec Sf2 Winner Of Ec Sf1,2026-05-25,2026-05-25 21:00,New York Knicks,Cleveland Cavaliers,Cleveland Cavaliers,Sam Merrill,Pérdidas,0.5,Debajo,1.79,dom,
Cleveland Cavaliers - New York Knicks,Winner Of Ec Sf2 Winner Of Ec Sf1,2026-05-25,2026-05-25 21:00,New York Knicks,Cleveland Cavaliers,Cleveland Cavaliers,Sam Merrill,Puntos+Rebotes,9.5,Sobre,1.83,dom,
Cleveland Cavaliers - New York Knicks,Winner Of Ec Sf2 Winner Of Ec Sf1,2026-05-25,2026-05-25 21:00,New York Knicks,Cleveland Cavaliers,Cleveland Cavaliers,Sam Merrill,Puntos+Rebotes,9.5,Debajo,1.84,dom,
Cleveland Cavaliers - New York Knicks,Winner Of Ec Sf2 Winner Of Ec Sf1,2026-05-25,2026-05-25 21:00,New York Knicks,Cleveland Cavaliers,Cleveland Cavaliers,Sam Merrill,Puntos+Rebotes,10.5,Sobre,2.00,dom_alt,
Cleveland Cavaliers - New York Knicks,Winner Of Ec Sf2 Winner Of Ec Sf1,2026-05-25,2026-05-25 21:00,New York Knicks,Cleveland Cavaliers,Cleveland Cavaliers,Sam Merrill,Puntos+Rebotes,10.5,Debajo,1.60,dom_alt,
Cleveland Cavaliers - New York Knicks,Winner Of Ec Sf2 Winner Of Ec Sf1,2026-05-25,2026-05-25 21:00,New York Knicks,Cleveland Cavaliers,Cleveland Cavaliers,Sam Merrill,Puntos+Rebotes,8.5,Sobre,1.58,dom_alt,
Cleveland Cavaliers - New York Knicks,Winner Of Ec Sf2 Winner Of Ec Sf1,2026-05-25,2026-05-25 21:00,New York Knicks,Cleveland Cavaliers,Cleveland Cavaliers,Sam Merrill,Puntos+Rebotes,8.5,Debajo,2.03,dom_alt,
Cleveland Cavaliers - New York Knicks,Winner Of Ec Sf2 Winner Of Ec Sf1,2026-05-25,2026-05-25 21:00,New York Knicks,Cleveland Cavaliers,Cleveland Cavaliers,Sam Merrill,Puntos+Asistencias,9.5,Sobre,1.94,dom,
Cleveland Cavaliers - New York Knicks,Winner Of Ec Sf2 Winner Of Ec Sf1,2026-05-25,2026-05-25 21:00,New York Knicks,Cleveland Cavaliers,Cleveland Cavaliers,Sam Merrill,Puntos+Asistencias,9.5,Debajo,1.74,dom,
Cleveland Cavaliers - New York Knicks,Winner Of Ec Sf2 Winner Of Ec Sf1,2026-05-25,2026-05-25 21:00,New York Knicks,Cleveland Cavaliers,Cleveland Cavaliers,Sam Merrill,Puntos+Asistencias,10.5,Sobre,2.11,dom_alt,
Cleveland Cavaliers - New York Knicks,Winner Of Ec Sf2 Winner Of Ec Sf1,2026-05-25,2026-05-25 21:00,New York Knicks,Cleveland Cavaliers,Cleveland Cavaliers,Sam Merrill,Puntos+Asistencias,10.5,Debajo,1.54,dom_alt,
Cleveland Cavaliers - New York Knicks,Winner Of Ec Sf2 Winner Of Ec Sf1,2026-05-25,2026-05-25 21:00,New York Knicks,Cleveland Cavaliers,Cleveland Cavaliers,Sam Merrill,Puntos+Asistencias,8.5,Sobre,1.66,dom_alt,
Cleveland Cavaliers - New York Knicks,Winner Of Ec Sf2 Winner Of Ec Sf1,2026-05-25,2026-05-25 21:00,New York Knicks,Cleveland Cavaliers,Cleveland Cavaliers,Sam Merrill,Puntos+Asistencias,8.5,Debajo,1.91,dom_alt,
Cleveland Cavaliers - New York Knicks,Winner Of Ec Sf2 Winner Of Ec Sf1,2026-05-25,2026-05-25 21:00,New York Knicks,Cleveland Cavaliers,Cleveland Cavaliers,Sam Merrill,Puntos+Asistencias,7.5,Sobre,1.54,dom_alt,
Cleveland Cavaliers - New York Knicks,Winner Of Ec Sf2 Winner Of Ec Sf1,2026-05-25,2026-05-25 21:00,New York Knicks,Cleveland Cavaliers,Cleveland Cavaliers,Sam Merrill,Puntos+Asistencias,7.5,Debajo,2.10,dom_alt,
Cleveland Cavaliers - New York Knicks,Winner Of Ec Sf2 Winner Of Ec Sf1,2026-05-25,2026-05-25 21:00,New York Knicks,Cleveland Cavaliers,Cleveland Cavaliers,Sam Merrill,PRA,11.5,Sobre,1.96,dom,
Cleveland Cavaliers - New York Knicks,Winner Of Ec Sf2 Winner Of Ec Sf1,2026-05-25,2026-05-25 21:00,New York Knicks,Cleveland Cavaliers,Cleveland Cavaliers,Sam Merrill,PRA,11.5,Debajo,1.73,dom,
Cleveland Cavaliers - New York Knicks,Winner Of Ec Sf2 Winner Of Ec Sf1,2026-05-25,2026-05-25 21:00,New York Knicks,Cleveland Cavaliers,Cleveland Cavaliers,Sam Merrill,PRA,12.5,Sobre,2.05,dom_alt,
Cleveland Cavaliers - New York Knicks,Winner Of Ec Sf2 Winner Of Ec Sf1,2026-05-25,2026-05-25 21:00,New York Knicks,Cleveland Cavaliers,Cleveland Cavaliers,Sam Merrill,PRA,12.5,Debajo,1.57,dom_alt,
Cleveland Cavaliers - New York Knicks,Winner Of Ec Sf2 Winner Of Ec Sf1,2026-05-25,2026-05-25 21:00,New York Knicks,Cleveland Cavaliers,Cleveland Cavaliers,Sam Merrill,PRA,13.5,Sobre,2.33,dom_alt,
Cleveland Cavaliers - New York Knicks,Winner Of Ec Sf2 Winner Of Ec Sf1,2026-05-25,2026-05-25 21:00,New York Knicks,Cleveland Cavaliers,Cleveland Cavaliers,Sam Merrill,PRA,13.5,Debajo,1.44,dom_alt,
Cleveland Cavaliers - New York Knicks,Winner Of Ec Sf2 Winner Of Ec Sf1,2026-05-25,2026-05-25 21:00,New York Knicks,Cleveland Cavaliers,Cleveland Cavaliers,Sam Merrill,PRA,9.5,Sobre,1.56,dom_alt,
Cleveland Cavaliers - New York Knicks,Winner Of Ec Sf2 Winner Of Ec Sf1,2026-05-25,2026-05-25 21:00,New York Knicks,Cleveland Cavaliers,Cleveland Cavaliers,Sam Merrill,PRA,9.5,Debajo,2.06,dom_alt,
Cleveland Cavaliers - New York Knicks,Winner Of Ec Sf2 Winner Of Ec Sf1,2026-05-25,2026-05-25 21:00,New York Knicks,Cleveland Cavaliers,Cleveland Cavaliers,Sam Merrill,PRA,14.5,Sobre,2.66,dom_alt,
Cleveland Cavaliers - New York Knicks,Winner Of Ec Sf2 Winner Of Ec Sf1,2026-05-25,2026-05-25 21:00,New York Knicks,Cleveland Cavaliers,Cleveland Cavaliers,Sam Merrill,PRA,14.5,Debajo,1.33,dom_alt,
Cleveland Cavaliers - New York Knicks,Winner Of Ec Sf2 Winner Of Ec Sf1,2026-05-25,2026-05-25 21:00,New York Knicks,Cleveland Cavaliers,Cleveland Cavaliers,Sam Merrill,PRA,8.5,Sobre,1.41,dom_alt,
Cleveland Cavaliers - New York Knicks,Winner Of Ec Sf2 Winner Of Ec Sf1,2026-05-25,2026-05-25 21:00,New York Knicks,Cleveland Cavaliers,Cleveland Cavaliers,Sam Merrill,PRA,8.5,Debajo,2.42,dom_alt,
Cleveland Cavaliers - New York Knicks,Winner Of Ec Sf2 Winner Of Ec Sf1,2026-05-25,2026-05-25 21:00,New York Knicks,Cleveland Cavaliers,Cleveland Cavaliers,Sam Merrill,Asistencias+Rebotes,3.5,Sobre,2.13,dom,
Cleveland Cavaliers - New York Knicks,Winner Of Ec Sf2 Winner Of Ec Sf1,2026-05-25,2026-05-25 21:00,New York Knicks,Cleveland Cavaliers,Cleveland Cavaliers,Sam Merrill,Asistencias+Rebotes,3.5,Debajo,1.61,dom,
Cleveland Cavaliers - New York Knicks,Winner Of Ec Sf2 Winner Of Ec Sf1,2026-05-25,2026-05-25 21:00,New York Knicks,Cleveland Cavaliers,Cleveland Cavaliers,Sam Merrill,Robos+Tapones,0.5,Sobre,1.80,dom,
Cleveland Cavaliers - New York Knicks,Winner Of Ec Sf2 Winner Of Ec Sf1,2026-05-25,2026-05-25 21:00,New York Knicks,Cleveland Cavaliers,Cleveland Cavaliers,Sam Merrill,Robos+Tapones,0.5,Debajo,1.87,dom,
Cleveland Cavaliers - New York Knicks,Winner Of Ec Sf2 Winner Of Ec Sf1,2026-05-25,2026-05-25 21:00,New York Knicks,Cleveland Cavaliers,Cleveland Cavaliers,Sam Merrill,Asistencias,1.5,Sobre,2.11,dom,
Cleveland Cavaliers - New York Knicks,Winner Of Ec Sf2 Winner Of Ec Sf1,2026-05-25,2026-05-25 21:00,New York Knicks,Cleveland Cavaliers,Cleveland Cavaliers,Sam Merrill,Asistencias,1.5,Debajo,1.62,dom,
Cleveland Cavaliers - New York Knicks,Winner Of Ec Sf2 Winner Of Ec Sf1,2026-05-25,2026-05-25 21:00,New York Knicks,Cleveland Cavaliers,Cleveland Cavaliers,Sam Merrill,PuntosPrimerCuarto,2.5,Sobre,1.92,dom,
Cleveland Cavaliers - New York Knicks,Winner Of Ec Sf2 Winner Of Ec Sf1,2026-05-25,2026-05-25 21:00,New York Knicks,Cleveland Cavaliers,Cleveland Cavaliers,Sam Merrill,PuntosPrimerCuarto,2.5,Debajo,1.75,dom,
Cleveland Cavaliers - New York Knicks,Winner Of Ec Sf2 Winner Of Ec Sf1,2026-05-25,2026-05-25 21:00,New York Knicks,Cleveland Cavaliers,Cleveland Cavaliers,Sam Merrill,PuntosPrimerCuarto,0.5,Sobre,1.62,dom_alt,
Cleveland Cavaliers - New York Knicks,Winner Of Ec Sf2 Winner Of Ec Sf1,2026-05-25,2026-05-25 21:00,New York Knicks,Cleveland Cavaliers,Cleveland Cavaliers,Sam Merrill,PuntosPrimerCuarto,0.5,Debajo,1.97,dom_alt,
Cleveland Cavaliers - New York Knicks,Winner Of Ec Sf2 Winner Of Ec Sf1,2026-05-25,2026-05-25 21:00,New York Knicks,Cleveland Cavaliers,Cleveland Cavaliers,Sam Merrill,RebotesPrimerCuarto,0.5,Sobre,2.23,dom,
Cleveland Cavaliers - New York Knicks,Winner Of Ec Sf2 Winner Of Ec Sf1,2026-05-25,2026-05-25 21:00,New York Knicks,Cleveland Cavaliers,Cleveland Cavaliers,Sam Merrill,RebotesPrimerCuarto,0.5,Debajo,1.56,dom,
Cleveland Cavaliers - New York Knicks,Winner Of Ec Sf2 Winner Of Ec Sf1,2026-05-25,2026-05-25 21:00,New York Knicks,Cleveland Cavaliers,Cleveland Cavaliers,Sam Merrill,GolesCampo,2.5,Sobre,1.93,dom,
Cleveland Cavaliers - New York Knicks,Winner Of Ec Sf2 Winner Of Ec Sf1,2026-05-25,2026-05-25 21:00,New York Knicks,Cleveland Cavaliers,Cleveland Cavaliers,Sam Merrill,GolesCampo,2.5,Debajo,1.75,dom,
Cleveland Cavaliers - New York Knicks,Winner Of Ec Sf2 Winner Of Ec Sf1,2026-05-25,2026-05-25 21:00,New York Knicks,Cleveland Cavaliers,Cleveland Cavaliers,Sam Merrill,GolesCampoInt,6.5,Sobre,1.81,dom,
Cleveland Cavaliers - New York Knicks,Winner Of Ec Sf2 Winner Of Ec Sf1,2026-05-25,2026-05-25 21:00,New York Knicks,Cleveland Cavaliers,Cleveland Cavaliers,Sam Merrill,GolesCampoInt,6.5,Debajo,1.86,dom,
Cleveland Cavaliers - New York Knicks,Winner Of Ec Sf2 Winner Of Ec Sf1,2026-05-25,2026-05-25 21:00,New York Knicks,Cleveland Cavaliers,Cleveland Cavaliers,Sam Merrill,TriplesInt,5.5,Sobre,1.72,dom,
Cleveland Cavaliers - New York Knicks,Winner Of Ec Sf2 Winner Of Ec Sf1,2026-05-25,2026-05-25 21:00,New York Knicks,Cleveland Cavaliers,Cleveland Cavaliers,Sam Merrill,TriplesInt,5.5,Debajo,1.97,dom,
Cleveland Cavaliers - New York Knicks,Winner Of Ec Sf2 Winner Of Ec Sf1,2026-05-25,2026-05-25 21:00,New York Knicks,Cleveland Cavaliers,Cleveland Cavaliers,Sam Merrill,Faltas,2.5,Sobre,1.83,dom,
Cleveland Cavaliers - New York Knicks,Winner Of Ec Sf2 Winner Of Ec Sf1,2026-05-25,2026-05-25 21:00,New York Knicks,Cleveland Cavaliers,Cleveland Cavaliers,Sam Merrill,Faltas,2.5,Debajo,1.84,dom,
Cleveland Cavaliers - New York Knicks,Winner Of Ec Sf2 Winner Of Ec Sf1,2026-05-25,2026-05-25 21:00,New York Knicks,Cleveland Cavaliers,Cleveland Cavaliers,Donovan Mitchell,Puntos,26.5,Sobre,1.78,dom,
Cleveland Cavaliers - New York Knicks,Winner Of Ec Sf2 Winner Of Ec Sf1,2026-05-25,2026-05-25 21:00,New York Knicks,Cleveland Cavaliers,Cleveland Cavaliers,Donovan Mitchell,Puntos,26.5,Debajo,1.90,dom,
Cleveland Cavaliers - New York Knicks,Winner Of Ec Sf2 Winner Of Ec Sf1,2026-05-25,2026-05-25 21:00,New York Knicks,Cleveland Cavaliers,Cleveland Cavaliers,Donovan Mitchell,Puntos,27.5,Sobre,1.87,dom_alt,
Cleveland Cavaliers - New York Knicks,Winner Of Ec Sf2 Winner Of Ec Sf1,2026-05-25,2026-05-25 21:00,New York Knicks,Cleveland Cavaliers,Cleveland Cavaliers,Donovan Mitchell,Puntos,27.5,Debajo,1.69,dom_alt,
Cleveland Cavaliers - New York Knicks,Winner Of Ec Sf2 Winner Of Ec Sf1,2026-05-25,2026-05-25 21:00,New York Knicks,Cleveland Cavaliers,Cleveland Cavaliers,Donovan Mitchell,Puntos,25.5,Sobre,1.61,dom_alt,
Cleveland Cavaliers - New York Knicks,Winner Of Ec Sf2 Winner Of Ec Sf1,2026-05-25,2026-05-25 21:00,New York Knicks,Cleveland Cavaliers,Cleveland Cavaliers,Donovan Mitchell,Puntos,25.5,Debajo,1.99,dom_alt,
Cleveland Cavaliers - New York Knicks,Winner Of Ec Sf2 Winner Of Ec Sf1,2026-05-25,2026-05-25 21:00,New York Knicks,Cleveland Cavaliers,Cleveland Cavaliers,Donovan Mitchell,Puntos,28.5,Sobre,2.04,dom_alt,
Cleveland Cavaliers - New York Knicks,Winner Of Ec Sf2 Winner Of Ec Sf1,2026-05-25,2026-05-25 21:00,New York Knicks,Cleveland Cavaliers,Cleveland Cavaliers,Donovan Mitchell,Puntos,28.5,Debajo,1.58,dom_alt,
Cleveland Cavaliers - New York Knicks,Winner Of Ec Sf2 Winner Of Ec Sf1,2026-05-25,2026-05-25 21:00,New York Knicks,Cleveland Cavaliers,Cleveland Cavaliers,Donovan Mitchell,Puntos,24.5,Sobre,1.53,dom_alt,
Cleveland Cavaliers - New York Knicks,Winner Of Ec Sf2 Winner Of Ec Sf1,2026-05-25,2026-05-25 21:00,New York Knicks,Cleveland Cavaliers,Cleveland Cavaliers,Donovan Mitchell,Puntos,24.5,Debajo,2.12,dom_alt,
Cleveland Cavaliers - New York Knicks,Winner Of Ec Sf2 Winner Of Ec Sf1,2026-05-25,2026-05-25 21:00,New York Knicks,Cleveland Cavaliers,Cleveland Cavaliers,Donovan Mitchell,Puntos,29.5,Sobre,2.15,dom_alt,
Cleveland Cavaliers - New York Knicks,Winner Of Ec Sf2 Winner Of Ec Sf1,2026-05-25,2026-05-25 21:00,New York Knicks,Cleveland Cavaliers,Cleveland Cavaliers,Donovan Mitchell,Puntos,29.5,Debajo,1.52,dom_alt,
Cleveland Cavaliers - New York Knicks,Winner Of Ec Sf2 Winner Of Ec Sf1,2026-05-25,2026-05-25 21:00,New York Knicks,Cleveland Cavaliers,Cleveland Cavaliers,Donovan Mitchell,Puntos,23.5,Sobre,1.44,dom_alt,
Cleveland Cavaliers - New York Knicks,Winner Of Ec Sf2 Winner Of Ec Sf1,2026-05-25,2026-05-25 21:00,New York Knicks,Cleveland Cavaliers,Cleveland Cavaliers,Donovan Mitchell,Puntos,23.5,Debajo,2.33,dom_alt,
Cleveland Cavaliers - New York Knicks,Winner Of Ec Sf2 Winner Of Ec Sf1,2026-05-25,2026-05-25 21:00,New York Knicks,Cleveland Cavaliers,Cleveland Cavaliers,Donovan Mitchell,Puntos,30.5,Sobre,2.37,dom_alt,
Cleveland Cavaliers - New York Knicks,Winner Of Ec Sf2 Winner Of Ec Sf1,2026-05-25,2026-05-25 21:00,New York Knicks,Cleveland Cavaliers,Cleveland Cavaliers,Donovan Mitchell,Puntos,30.5,Debajo,1.42,dom_alt,
Cleveland Cavaliers - New York Knicks,Winner Of Ec Sf2 Winner Of Ec Sf1,2026-05-25,2026-05-25 21:00,New York Knicks,Cleveland Cavaliers,Cleveland Cavaliers,Donovan Mitchell,Puntos,31.5,Sobre,2.63,dom_alt,
Cleveland Cavaliers - New York Knicks,Winner Of Ec Sf2 Winner Of Ec Sf1,2026-05-25,2026-05-25 21:00,New York Knicks,Cleveland Cavaliers,Cleveland Cavaliers,Donovan Mitchell,Puntos,31.5,Debajo,1.34,dom_alt,
Cleveland Cavaliers - New York Knicks,Winner Of Ec Sf2 Winner Of Ec Sf1,2026-05-25,2026-05-25 21:00,New York Knicks,Cleveland Cavaliers,Cleveland Cavaliers,Donovan Mitchell,Rebotes,4.5,Sobre,1.87,dom,
Cleveland Cavaliers - New York Knicks,Winner Of Ec Sf2 Winner Of Ec Sf1,2026-05-25,2026-05-25 21:00,New York Knicks,Cleveland Cavaliers,Cleveland Cavaliers,Donovan Mitchell,Rebotes,4.5,Debajo,1.80,dom,
Cleveland Cavaliers - New York Knicks,Winner Of Ec Sf2 Winner Of Ec Sf1,2026-05-25,2026-05-25 21:00,New York Knicks,Cleveland Cavaliers,Cleveland Cavaliers,Donovan Mitchell,Rebotes,3.5,Sobre,1.42,dom_alt,
Cleveland Cavaliers - New York Knicks,Winner Of Ec Sf2 Winner Of Ec Sf1,2026-05-25,2026-05-25 21:00,New York Knicks,Cleveland Cavaliers,Cleveland Cavaliers,Donovan Mitchell,Rebotes,3.5,Debajo,2.38,dom_alt,
Cleveland Cavaliers - New York Knicks,Winner Of Ec Sf2 Winner Of Ec Sf1,2026-05-25,2026-05-25 21:00,New York Knicks,Cleveland Cavaliers,Cleveland Cavaliers,Donovan Mitchell,Rebotes,5.5,Sobre,2.44,dom_alt,
Cleveland Cavaliers - New York Knicks,Winner Of Ec Sf2 Winner Of Ec Sf1,2026-05-25,2026-05-25 21:00,New York Knicks,Cleveland Cavaliers,Cleveland Cavaliers,Donovan Mitchell,Rebotes,5.5,Debajo,1.40,dom_alt,
Cleveland Cavaliers - New York Knicks,Winner Of Ec Sf2 Winner Of Ec Sf1,2026-05-25,2026-05-25 21:00,New York Knicks,Cleveland Cavaliers,Cleveland Cavaliers,Donovan Mitchell,Triples,2.5,Sobre,1.58,dom,
Cleveland Cavaliers - New York Knicks,Winner Of Ec Sf2 Winner Of Ec Sf1,2026-05-25,2026-05-25 21:00,New York Knicks,Cleveland Cavaliers,Cleveland Cavaliers,Donovan Mitchell,Triples,2.5,Debajo,2.19,dom,
Cleveland Cavaliers - New York Knicks,Winner Of Ec Sf2 Winner Of Ec Sf1,2026-05-25,2026-05-25 21:00,New York Knicks,Cleveland Cavaliers,Cleveland Cavaliers,Donovan Mitchell,Triples,3.5,Sobre,2.22,dom_alt,
Cleveland Cavaliers - New York Knicks,Winner Of Ec Sf2 Winner Of Ec Sf1,2026-05-25,2026-05-25 21:00,New York Knicks,Cleveland Cavaliers,Cleveland Cavaliers,Donovan Mitchell,Triples,3.5,Debajo,1.48,dom_alt,
Cleveland Cavaliers - New York Knicks,Winner Of Ec Sf2 Winner Of Ec Sf1,2026-05-25,2026-05-25 21:00,New York Knicks,Cleveland Cavaliers,Cleveland Cavaliers,Donovan Mitchell,Pérdidas,2.5,Sobre,1.67,dom,
Cleveland Cavaliers - New York Knicks,Winner Of Ec Sf2 Winner Of Ec Sf1,2026-05-25,2026-05-25 21:00,New York Knicks,Cleveland Cavaliers,Cleveland Cavaliers,Donovan Mitchell,Pérdidas,2.5,Debajo,2.03,dom,
Cleveland Cavaliers - New York Knicks,Winner Of Ec Sf2 Winner Of Ec Sf1,2026-05-25,2026-05-25 21:00,New York Knicks,Cleveland Cavaliers,Cleveland Cavaliers,Donovan Mitchell,Puntos+Rebotes,31.5,Sobre,1.83,dom,
Cleveland Cavaliers - New York Knicks,Winner Of Ec Sf2 Winner Of Ec Sf1,2026-05-25,2026-05-25 21:00,New York Knicks,Cleveland Cavaliers,Cleveland Cavaliers,Donovan Mitchell,Puntos+Rebotes,31.5,Debajo,1.84,dom,
Cleveland Cavaliers - New York Knicks,Winner Of Ec Sf2 Winner Of Ec Sf1,2026-05-25,2026-05-25 21:00,New York Knicks,Cleveland Cavaliers,Cleveland Cavaliers,Donovan Mitchell,Puntos+Rebotes,32.5,Sobre,1.92,dom_alt,
Cleveland Cavaliers - New York Knicks,Winner Of Ec Sf2 Winner Of Ec Sf1,2026-05-25,2026-05-25 21:00,New York Knicks,Cleveland Cavaliers,Cleveland Cavaliers,Donovan Mitchell,Puntos+Rebotes,32.5,Debajo,1.65,dom_alt,
Cleveland Cavaliers - New York Knicks,Winner Of Ec Sf2 Winner Of Ec Sf1,2026-05-25,2026-05-25 21:00,New York Knicks,Cleveland Cavaliers,Cleveland Cavaliers,Donovan Mitchell,Puntos+Rebotes,33.5,Sobre,2.07,dom_alt,
Cleveland Cavaliers - New York Knicks,Winner Of Ec Sf2 Winner Of Ec Sf1,2026-05-25,2026-05-25 21:00,New York Knicks,Cleveland Cavaliers,Cleveland Cavaliers,Donovan Mitchell,Puntos+Rebotes,33.5,Debajo,1.56,dom_alt,
Cleveland Cavaliers - New York Knicks,Winner Of Ec Sf2 Winner Of Ec Sf1,2026-05-25,2026-05-25 21:00,New York Knicks,Cleveland Cavaliers,Cleveland Cavaliers,Donovan Mitchell,Puntos+Rebotes,29.5,Sobre,1.55,dom_alt,
Cleveland Cavaliers - New York Knicks,Winner Of Ec Sf2 Winner Of Ec Sf1,2026-05-25,2026-05-25 21:00,New York Knicks,Cleveland Cavaliers,Cleveland Cavaliers,Donovan Mitchell,Puntos+Rebotes,29.5,Debajo,2.09,dom_alt,
Cleveland Cavaliers - New York Knicks,Winner Of Ec Sf2 Winner Of Ec Sf1,2026-05-25,2026-05-25 21:00,New York Knicks,Cleveland Cavaliers,Cleveland Cavaliers,Donovan Mitchell,Puntos+Rebotes,34.5,Sobre,2.16,dom_alt,
Cleveland Cavaliers - New York Knicks,Winner Of Ec Sf2 Winner Of Ec Sf1,2026-05-25,2026-05-25 21:00,New York Knicks,Cleveland Cavaliers,Cleveland Cavaliers,Donovan Mitchell,Puntos+Rebotes,34.5,Debajo,1.51,dom_alt,
Cleveland Cavaliers - New York Knicks,Winner Of Ec Sf2 Winner Of Ec Sf1,2026-05-25,2026-05-25 21:00,New York Knicks,Cleveland Cavaliers,Cleveland Cavaliers,Donovan Mitchell,Puntos+Asistencias,31.5,Sobre,1.91,dom,
Cleveland Cavaliers - New York Knicks,Winner Of Ec Sf2 Winner Of Ec Sf1,2026-05-25,2026-05-25 21:00,New York Knicks,Cleveland Cavaliers,Cleveland Cavaliers,Donovan Mitchell,Puntos+Asistencias,31.5,Debajo,1.76,dom,
Cleveland Cavaliers - New York Knicks,Winner Of Ec Sf2 Winner Of Ec Sf1,2026-05-25,2026-05-25 21:00,New York Knicks,Cleveland Cavaliers,Cleveland Cavaliers,Donovan Mitchell,Puntos+Asistencias,32.5,Sobre,1.99,dom_alt,
Cleveland Cavaliers - New York Knicks,Winner Of Ec Sf2 Winner Of Ec Sf1,2026-05-25,2026-05-25 21:00,New York Knicks,Cleveland Cavaliers,Cleveland Cavaliers,Donovan Mitchell,Puntos+Asistencias,32.5,Debajo,1.61,dom_alt,
Cleveland Cavaliers - New York Knicks,Winner Of Ec Sf2 Winner Of Ec Sf1,2026-05-25,2026-05-25 21:00,New York Knicks,Cleveland Cavaliers,Cleveland Cavaliers,Donovan Mitchell,Puntos+Asistencias,33.5,Sobre,2.11,dom_alt,
Cleveland Cavaliers - New York Knicks,Winner Of Ec Sf2 Winner Of Ec Sf1,2026-05-25,2026-05-25 21:00,New York Knicks,Cleveland Cavaliers,Cleveland Cavaliers,Donovan Mitchell,Puntos+Asistencias,33.5,Debajo,1.53,dom_alt,
Cleveland Cavaliers - New York Knicks,Winner Of Ec Sf2 Winner Of Ec Sf1,2026-05-25,2026-05-25 21:00,New York Knicks,Cleveland Cavaliers,Cleveland Cavaliers,Donovan Mitchell,Puntos+Asistencias,29.5,Sobre,1.59,dom_alt,
Cleveland Cavaliers - New York Knicks,Winner Of Ec Sf2 Winner Of Ec Sf1,2026-05-25,2026-05-25 21:00,New York Knicks,Cleveland Cavaliers,Cleveland Cavaliers,Donovan Mitchell,Puntos+Asistencias,29.5,Debajo,2.01,dom_alt,
Cleveland Cavaliers - New York Knicks,Winner Of Ec Sf2 Winner Of Ec Sf1,2026-05-25,2026-05-25 21:00,New York Knicks,Cleveland Cavaliers,Cleveland Cavaliers,Donovan Mitchell,Puntos+Asistencias,28.5,Sobre,1.53,dom_alt,
Cleveland Cavaliers - New York Knicks,Winner Of Ec Sf2 Winner Of Ec Sf1,2026-05-25,2026-05-25 21:00,New York Knicks,Cleveland Cavaliers,Cleveland Cavaliers,Donovan Mitchell,Puntos+Asistencias,28.5,Debajo,2.12,dom_alt,
Cleveland Cavaliers - New York Knicks,Winner Of Ec Sf2 Winner Of Ec Sf1,2026-05-25,2026-05-25 21:00,New York Knicks,Cleveland Cavaliers,Cleveland Cavaliers,Donovan Mitchell,PRA,35.5,Sobre,1.81,dom,
Cleveland Cavaliers - New York Knicks,Winner Of Ec Sf2 Winner Of Ec Sf1,2026-05-25,2026-05-25 21:00,New York Knicks,Cleveland Cavaliers,Cleveland Cavaliers,Donovan Mitchell,PRA,35.5,Debajo,1.86,dom,
Cleveland Cavaliers - New York Knicks,Winner Of Ec Sf2 Winner Of Ec Sf1,2026-05-25,2026-05-25 21:00,New York Knicks,Cleveland Cavaliers,Cleveland Cavaliers,Donovan Mitchell,PRA,36.5,Sobre,1.89,dom_alt,
Cleveland Cavaliers - New York Knicks,Winner Of Ec Sf2 Winner Of Ec Sf1,2026-05-25,2026-05-25 21:00,New York Knicks,Cleveland Cavaliers,Cleveland Cavaliers,Donovan Mitchell,PRA,36.5,Debajo,1.68,dom_alt,
Cleveland Cavaliers - New York Knicks,Winner Of Ec Sf2 Winner Of Ec Sf1,2026-05-25,2026-05-25 21:00,New York Knicks,Cleveland Cavaliers,Cleveland Cavaliers,Donovan Mitchell,PRA,33.5,Sobre,1.54,dom_alt,
Cleveland Cavaliers - New York Knicks,Winner Of Ec Sf2 Winner Of Ec Sf1,2026-05-25,2026-05-25 21:00,New York Knicks,Cleveland Cavaliers,Cleveland Cavaliers,Donovan Mitchell,PRA,33.5,Debajo,2.10,dom_alt,
Cleveland Cavaliers - New York Knicks,Winner Of Ec Sf2 Winner Of Ec Sf1,2026-05-25,2026-05-25 21:00,New York Knicks,Cleveland Cavaliers,Cleveland Cavaliers,Donovan Mitchell,PRA,37.5,Sobre,2.02,dom_alt,
Cleveland Cavaliers - New York Knicks,Winner Of Ec Sf2 Winner Of Ec Sf1,2026-05-25,2026-05-25 21:00,New York Knicks,Cleveland Cavaliers,Cleveland Cavaliers,Donovan Mitchell,PRA,37.5,Debajo,1.59,dom_alt,
Cleveland Cavaliers - New York Knicks,Winner Of Ec Sf2 Winner Of Ec Sf1,2026-05-25,2026-05-25 21:00,New York Knicks,Cleveland Cavaliers,Cleveland Cavaliers,Donovan Mitchell,PRA,32.5,Sobre,1.49,dom_alt,
Cleveland Cavaliers - New York Knicks,Winner Of Ec Sf2 Winner Of Ec Sf1,2026-05-25,2026-05-25 21:00,New York Knicks,Cleveland Cavaliers,Cleveland Cavaliers,Donovan Mitchell,PRA,32.5,Debajo,2.21,dom_alt,
Cleveland Cavaliers - New York Knicks,Winner Of Ec Sf2 Winner Of Ec Sf1,2026-05-25,2026-05-25 21:00,New York Knicks,Cleveland Cavaliers,Cleveland Cavaliers,Donovan Mitchell,PRA,38.5,Sobre,2.12,dom_alt,
Cleveland Cavaliers - New York Knicks,Winner Of Ec Sf2 Winner Of Ec Sf1,2026-05-25,2026-05-25 21:00,New York Knicks,Cleveland Cavaliers,Cleveland Cavaliers,Donovan Mitchell,PRA,38.5,Debajo,1.53,dom_alt,
Cleveland Cavaliers - New York Knicks,Winner Of Ec Sf2 Winner Of Ec Sf1,2026-05-25,2026-05-25 21:00,New York Knicks,Cleveland Cavaliers,Cleveland Cavaliers,Donovan Mitchell,PRA,31.5,Sobre,1.40,dom_alt,
Cleveland Cavaliers - New York Knicks,Winner Of Ec Sf2 Winner Of Ec Sf1,2026-05-25,2026-05-25 21:00,New York Knicks,Cleveland Cavaliers,Cleveland Cavaliers,Donovan Mitchell,PRA,31.5,Debajo,2.45,dom_alt,
Cleveland Cavaliers - New York Knicks,Winner Of Ec Sf2 Winner Of Ec Sf1,2026-05-25,2026-05-25 21:00,New York Knicks,Cleveland Cavaliers,Cleveland Cavaliers,Donovan Mitchell,PRA,39.5,Sobre,2.31,dom_alt,
Cleveland Cavaliers - New York Knicks,Winner Of Ec Sf2 Winner Of Ec Sf1,2026-05-25,2026-05-25 21:00,New York Knicks,Cleveland Cavaliers,Cleveland Cavaliers,Donovan Mitchell,PRA,39.5,Debajo,1.44,dom_alt,
Cleveland Cavaliers - New York Knicks,Winner Of Ec Sf2 Winner Of Ec Sf1,2026-05-25,2026-05-25 21:00,New York Knicks,Cleveland Cavaliers,Cleveland Cavaliers,Donovan Mitchell,PRA,40.5,Sobre,2.53,dom_alt,
Cleveland Cavaliers - New York Knicks,Winner Of Ec Sf2 Winner Of Ec Sf1,2026-05-25,2026-05-25 21:00,New York Knicks,Cleveland Cavaliers,Cleveland Cavaliers,Donovan Mitchell,PRA,40.5,Debajo,1.37,dom_alt,
Cleveland Cavaliers - New York Knicks,Winner Of Ec Sf2 Winner Of Ec Sf1,2026-05-25,2026-05-25 21:00,New York Knicks,Cleveland Cavaliers,Cleveland Cavaliers,Donovan Mitchell,Asistencias+Rebotes,8.5,Sobre,1.83,dom,
Cleveland Cavaliers - New York Knicks,Winner Of Ec Sf2 Winner Of Ec Sf1,2026-05-25,2026-05-25 21:00,New York Knicks,Cleveland Cavaliers,Cleveland Cavaliers,Donovan Mitchell,Asistencias+Rebotes,8.5,Debajo,1.84,dom,
Cleveland Cavaliers - New York Knicks,Winner Of Ec Sf2 Winner Of Ec Sf1,2026-05-25,2026-05-25 21:00,New York Knicks,Cleveland Cavaliers,Cleveland Cavaliers,Donovan Mitchell,Asistencias+Rebotes,9.5,Sobre,2.13,dom_alt,
Cleveland Cavaliers - New York Knicks,Winner Of Ec Sf2 Winner Of Ec Sf1,2026-05-25,2026-05-25 21:00,New York Knicks,Cleveland Cavaliers,Cleveland Cavaliers,Donovan Mitchell,Asistencias+Rebotes,9.5,Debajo,1.52,dom_alt,
Cleveland Cavaliers - New York Knicks,Winner Of Ec Sf2 Winner Of Ec Sf1,2026-05-25,2026-05-25 21:00,New York Knicks,Cleveland Cavaliers,Cleveland Cavaliers,Donovan Mitchell,Robos+Tapones,1.5,Sobre,2.04,dom,
Cleveland Cavaliers - New York Knicks,Winner Of Ec Sf2 Winner Of Ec Sf1,2026-05-25,2026-05-25 21:00,New York Knicks,Cleveland Cavaliers,Cleveland Cavaliers,Donovan Mitchell,Robos+Tapones,1.5,Debajo,1.67,dom,
Cleveland Cavaliers - New York Knicks,Winner Of Ec Sf2 Winner Of Ec Sf1,2026-05-25,2026-05-25 21:00,New York Knicks,Cleveland Cavaliers,Cleveland Cavaliers,Donovan Mitchell,Asistencias,3.5,Sobre,1.62,dom,
Cleveland Cavaliers - New York Knicks,Winner Of Ec Sf2 Winner Of Ec Sf1,2026-05-25,2026-05-25 21:00,New York Knicks,Cleveland Cavaliers,Cleveland Cavaliers,Donovan Mitchell,Asistencias,3.5,Debajo,2.11,dom,
Cleveland Cavaliers - New York Knicks,Winner Of Ec Sf2 Winner Of Ec Sf1,2026-05-25,2026-05-25 21:00,New York Knicks,Cleveland Cavaliers,Cleveland Cavaliers,Donovan Mitchell,Asistencias,4.5,Sobre,2.10,dom_alt,
Cleveland Cavaliers - New York Knicks,Winner Of Ec Sf2 Winner Of Ec Sf1,2026-05-25,2026-05-25 21:00,New York Knicks,Cleveland Cavaliers,Cleveland Cavaliers,Donovan Mitchell,Asistencias,4.5,Debajo,1.54,dom_alt,
Cleveland Cavaliers - New York Knicks,Winner Of Ec Sf2 Winner Of Ec Sf1,2026-05-25,2026-05-25 21:00,New York Knicks,Cleveland Cavaliers,Cleveland Cavaliers,Donovan Mitchell,Faltas,3.5,Sobre,1.92,dom,
Cleveland Cavaliers - New York Knicks,Winner Of Ec Sf2 Winner Of Ec Sf1,2026-05-25,2026-05-25 21:00,New York Knicks,Cleveland Cavaliers,Cleveland Cavaliers,Donovan Mitchell,Faltas,3.5,Debajo,1.76,dom,
Cleveland Cavaliers - New York Knicks,Winner Of Ec Sf2 Winner Of Ec Sf1,2026-05-25,2026-05-25 21:00,New York Knicks,Cleveland Cavaliers,Cleveland Cavaliers,Donovan Mitchell,TirosLibresInt,6.5,Sobre,2.05,dom,
Cleveland Cavaliers - New York Knicks,Winner Of Ec Sf2 Winner Of Ec Sf1,2026-05-25,2026-05-25 21:00,New York Knicks,Cleveland Cavaliers,Cleveland Cavaliers,Donovan Mitchell,TirosLibresInt,6.5,Debajo,1.66,dom,
Cleveland Cavaliers - New York Knicks,Winner Of Ec Sf2 Winner Of Ec Sf1,2026-05-25,2026-05-25 21:00,New York Knicks,Cleveland Cavaliers,Cleveland Cavaliers,Donovan Mitchell,TirosLibresInt,5.5,Sobre,1.61,dom_alt,
Cleveland Cavaliers - New York Knicks,Winner Of Ec Sf2 Winner Of Ec Sf1,2026-05-25,2026-05-25 21:00,New York Knicks,Cleveland Cavaliers,Cleveland Cavaliers,Donovan Mitchell,TirosLibresInt,5.5,Debajo,1.98,dom_alt,
Cleveland Cavaliers - New York Knicks,Winner Of Ec Sf2 Winner Of Ec Sf1,2026-05-25,2026-05-25 21:00,New York Knicks,Cleveland Cavaliers,Cleveland Cavaliers,Donovan Mitchell,TirosLibres,5.5,Sobre,1.99,dom,
Cleveland Cavaliers - New York Knicks,Winner Of Ec Sf2 Winner Of Ec Sf1,2026-05-25,2026-05-25 21:00,New York Knicks,Cleveland Cavaliers,Cleveland Cavaliers,Donovan Mitchell,TirosLibres,5.5,Debajo,1.70,dom,
Cleveland Cavaliers - New York Knicks,Winner Of Ec Sf2 Winner Of Ec Sf1,2026-05-25,2026-05-25 21:00,New York Knicks,Cleveland Cavaliers,Cleveland Cavaliers,Donovan Mitchell,GolesCampoInt,20.5,Sobre,1.75,dom,
Cleveland Cavaliers - New York Knicks,Winner Of Ec Sf2 Winner Of Ec Sf1,2026-05-25,2026-05-25 21:00,New York Knicks,Cleveland Cavaliers,Cleveland Cavaliers,Donovan Mitchell,GolesCampoInt,20.5,Debajo,1.93,dom,
Cleveland Cavaliers - New York Knicks,Winner Of Ec Sf2 Winner Of Ec Sf1,2026-05-25,2026-05-25 21:00,New York Knicks,Cleveland Cavaliers,Cleveland Cavaliers,Donovan Mitchell,GolesCampoInt,21.5,Sobre,1.94,dom_alt,
Cleveland Cavaliers - New York Knicks,Winner Of Ec Sf2 Winner Of Ec Sf1,2026-05-25,2026-05-25 21:00,New York Knicks,Cleveland Cavaliers,Cleveland Cavaliers,Donovan Mitchell,GolesCampoInt,21.5,Debajo,1.64,dom_alt,
Cleveland Cavaliers - New York Knicks,Winner Of Ec Sf2 Winner Of Ec Sf1,2026-05-25,2026-05-25 21:00,New York Knicks,Cleveland Cavaliers,Cleveland Cavaliers,Donovan Mitchell,GolesCampo,9.5,Sobre,1.98,dom,
Cleveland Cavaliers - New York Knicks,Winner Of Ec Sf2 Winner Of Ec Sf1,2026-05-25,2026-05-25 21:00,New York Knicks,Cleveland Cavaliers,Cleveland Cavaliers,Donovan Mitchell,GolesCampo,9.5,Debajo,1.71,dom,
Cleveland Cavaliers - New York Knicks,Winner Of Ec Sf2 Winner Of Ec Sf1,2026-05-25,2026-05-25 21:00,New York Knicks,Cleveland Cavaliers,Cleveland Cavaliers,Donovan Mitchell,PuntosPrimerCuarto,6.5,Sobre,1.99,dom,
Cleveland Cavaliers - New York Knicks,Winner Of Ec Sf2 Winner Of Ec Sf1,2026-05-25,2026-05-25 21:00,New York Knicks,Cleveland Cavaliers,Cleveland Cavaliers,Donovan Mitchell,PuntosPrimerCuarto,6.5,Debajo,1.70,dom,
Cleveland Cavaliers - New York Knicks,Winner Of Ec Sf2 Winner Of Ec Sf1,2026-05-25,2026-05-25 21:00,New York Knicks,Cleveland Cavaliers,Cleveland Cavaliers,Donovan Mitchell,PuntosPrimerCuarto,5.5,Sobre,1.64,dom_alt,
Cleveland Cavaliers - New York Knicks,Winner Of Ec Sf2 Winner Of Ec Sf1,2026-05-25,2026-05-25 21:00,New York Knicks,Cleveland Cavaliers,Cleveland Cavaliers,Donovan Mitchell,PuntosPrimerCuarto,5.5,Debajo,1.94,dom_alt,
Cleveland Cavaliers - New York Knicks,Winner Of Ec Sf2 Winner Of Ec Sf1,2026-05-25,2026-05-25 21:00,New York Knicks,Cleveland Cavaliers,Cleveland Cavaliers,Donovan Mitchell,TriplesInt,8.5,Sobre,1.85,dom,
Cleveland Cavaliers - New York Knicks,Winner Of Ec Sf2 Winner Of Ec Sf1,2026-05-25,2026-05-25 21:00,New York Knicks,Cleveland Cavaliers,Cleveland Cavaliers,Donovan Mitchell,TriplesInt,8.5,Debajo,1.82,dom,
Cleveland Cavaliers - New York Knicks,Winner Of Ec Sf2 Winner Of Ec Sf1,2026-05-25,2026-05-25 21:00,New York Knicks,Cleveland Cavaliers,Cleveland Cavaliers,Evan Mobley,Puntos,17.5,Sobre,1.94,dom,
Cleveland Cavaliers - New York Knicks,Winner Of Ec Sf2 Winner Of Ec Sf1,2026-05-25,2026-05-25 21:00,New York Knicks,Cleveland Cavaliers,Cleveland Cavaliers,Evan Mobley,Puntos,17.5,Debajo,1.74,dom,
Cleveland Cavaliers - New York Knicks,Winner Of Ec Sf2 Winner Of Ec Sf1,2026-05-25,2026-05-25 21:00,New York Knicks,Cleveland Cavaliers,Cleveland Cavaliers,Evan Mobley,Puntos,15.5,Sobre,1.53,dom_alt,
Cleveland Cavaliers - New York Knicks,Winner Of Ec Sf2 Winner Of Ec Sf1,2026-05-25,2026-05-25 21:00,New York Knicks,Cleveland Cavaliers,Cleveland Cavaliers,Evan Mobley,Puntos,15.5,Debajo,2.12,dom_alt,
Cleveland Cavaliers - New York Knicks,Winner Of Ec Sf2 Winner Of Ec Sf1,2026-05-25,2026-05-25 21:00,New York Knicks,Cleveland Cavaliers,Cleveland Cavaliers,Evan Mobley,Puntos,18.5,Sobre,2.10,dom_alt,
Cleveland Cavaliers - New York Knicks,Winner Of Ec Sf2 Winner Of Ec Sf1,2026-05-25,2026-05-25 21:00,New York Knicks,Cleveland Cavaliers,Cleveland Cavaliers,Evan Mobley,Puntos,18.5,Debajo,1.54,dom_alt,
Cleveland Cavaliers - New York Knicks,Winner Of Ec Sf2 Winner Of Ec Sf1,2026-05-25,2026-05-25 21:00,New York Knicks,Cleveland Cavaliers,Cleveland Cavaliers,Evan Mobley,Puntos,14.5,Sobre,1.45,dom_alt,
Cleveland Cavaliers - New York Knicks,Winner Of Ec Sf2 Winner Of Ec Sf1,2026-05-25,2026-05-25 21:00,New York Knicks,Cleveland Cavaliers,Cleveland Cavaliers,Evan Mobley,Puntos,14.5,Debajo,2.30,dom_alt,
Cleveland Cavaliers - New York Knicks,Winner Of Ec Sf2 Winner Of Ec Sf1,2026-05-25,2026-05-25 21:00,New York Knicks,Cleveland Cavaliers,Cleveland Cavaliers,Evan Mobley,Puntos,19.5,Sobre,2.29,dom_alt,
Cleveland Cavaliers - New York Knicks,Winner Of Ec Sf2 Winner Of Ec Sf1,2026-05-25,2026-05-25 21:00,New York Knicks,Cleveland Cavaliers,Cleveland Cavaliers,Evan Mobley,Puntos,19.5,Debajo,1.45,dom_alt,
Cleveland Cavaliers - New York Knicks,Winner Of Ec Sf2 Winner Of Ec Sf1,2026-05-25,2026-05-25 21:00,New York Knicks,Cleveland Cavaliers,Cleveland Cavaliers,Evan Mobley,Puntos,20.5,Sobre,2.59,dom_alt,
Cleveland Cavaliers - New York Knicks,Winner Of Ec Sf2 Winner Of Ec Sf1,2026-05-25,2026-05-25 21:00,New York Knicks,Cleveland Cavaliers,Cleveland Cavaliers,Evan Mobley,Puntos,20.5,Debajo,1.35,dom_alt,
Cleveland Cavaliers - New York Knicks,Winner Of Ec Sf2 Winner Of Ec Sf1,2026-05-25,2026-05-25 21:00,New York Knicks,Cleveland Cavaliers,Cleveland Cavaliers,Evan Mobley,Puntos,13.5,Sobre,1.33,dom_alt,
Cleveland Cavaliers - New York Knicks,Winner Of Ec Sf2 Winner Of Ec Sf1,2026-05-25,2026-05-25 21:00,New York Knicks,Cleveland Cavaliers,Cleveland Cavaliers,Evan Mobley,Puntos,13.5,Debajo,2.66,dom_alt,
Cleveland Cavaliers - New York Knicks,Winner Of Ec Sf2 Winner Of Ec Sf1,2026-05-25,2026-05-25 21:00,New York Knicks,Cleveland Cavaliers,Cleveland Cavaliers,Evan Mobley,Rebotes,8.5,Sobre,1.81,dom,
Cleveland Cavaliers - New York Knicks,Winner Of Ec Sf2 Winner Of Ec Sf1,2026-05-25,2026-05-25 21:00,New York Knicks,Cleveland Cavaliers,Cleveland Cavaliers,Evan Mobley,Rebotes,8.5,Debajo,1.87,dom,
Cleveland Cavaliers - New York Knicks,Winner Of Ec Sf2 Winner Of Ec Sf1,2026-05-25,2026-05-25 21:00,New York Knicks,Cleveland Cavaliers,Cleveland Cavaliers,Evan Mobley,Rebotes,9.5,Sobre,2.10,dom_alt,
Cleveland Cavaliers - New York Knicks,Winner Of Ec Sf2 Winner Of Ec Sf1,2026-05-25,2026-05-25 21:00,New York Knicks,Cleveland Cavaliers,Cleveland Cavaliers,Evan Mobley,Rebotes,9.5,Debajo,1.54,dom_alt,
Cleveland Cavaliers - New York Knicks,Winner Of Ec Sf2 Winner Of Ec Sf1,2026-05-25,2026-05-25 21:00,New York Knicks,Cleveland Cavaliers,Cleveland Cavaliers,Evan Mobley,Rebotes,10.5,Sobre,2.70,dom_alt,
Cleveland Cavaliers - New York Knicks,Winner Of Ec Sf2 Winner Of Ec Sf1,2026-05-25,2026-05-25 21:00,New York Knicks,Cleveland Cavaliers,Cleveland Cavaliers,Evan Mobley,Rebotes,10.5,Debajo,1.33,dom_alt,
Cleveland Cavaliers - New York Knicks,Winner Of Ec Sf2 Winner Of Ec Sf1,2026-05-25,2026-05-25 21:00,New York Knicks,Cleveland Cavaliers,Cleveland Cavaliers,Evan Mobley,Triples,1.5,Sobre,2.14,dom,
Cleveland Cavaliers - New York Knicks,Winner Of Ec Sf2 Winner Of Ec Sf1,2026-05-25,2026-05-25 21:00,New York Knicks,Cleveland Cavaliers,Cleveland Cavaliers,Evan Mobley,Triples,1.5,Debajo,1.60,dom,
Cleveland Cavaliers - New York Knicks,Winner Of Ec Sf2 Winner Of Ec Sf1,2026-05-25,2026-05-25 21:00,New York Knicks,Cleveland Cavaliers,Cleveland Cavaliers,Evan Mobley,Robos,0.5,Sobre,1.68,dom,
Cleveland Cavaliers - New York Knicks,Winner Of Ec Sf2 Winner Of Ec Sf1,2026-05-25,2026-05-25 21:00,New York Knicks,Cleveland Cavaliers,Cleveland Cavaliers,Evan Mobley,Robos,0.5,Debajo,2.02,dom,
Cleveland Cavaliers - New York Knicks,Winner Of Ec Sf2 Winner Of Ec Sf1,2026-05-25,2026-05-25 21:00,New York Knicks,Cleveland Cavaliers,Cleveland Cavaliers,Evan Mobley,Tapones,1.5,Sobre,1.72,dom,
Cleveland Cavaliers - New York Knicks,Winner Of Ec Sf2 Winner Of Ec Sf1,2026-05-25,2026-05-25 21:00,New York Knicks,Cleveland Cavaliers,Cleveland Cavaliers,Evan Mobley,Tapones,1.5,Debajo,1.97,dom,
Cleveland Cavaliers - New York Knicks,Winner Of Ec Sf2 Winner Of Ec Sf1,2026-05-25,2026-05-25 21:00,New York Knicks,Cleveland Cavaliers,Cleveland Cavaliers,Evan Mobley,Puntos+Rebotes,25.5,Sobre,1.79,dom,
Cleveland Cavaliers - New York Knicks,Winner Of Ec Sf2 Winner Of Ec Sf1,2026-05-25,2026-05-25 21:00,New York Knicks,Cleveland Cavaliers,Cleveland Cavaliers,Evan Mobley,Puntos+Rebotes,25.5,Debajo,1.88,dom,
Cleveland Cavaliers - New York Knicks,Winner Of Ec Sf2 Winner Of Ec Sf1,2026-05-25,2026-05-25 21:00,New York Knicks,Cleveland Cavaliers,Cleveland Cavaliers,Evan Mobley,Puntos+Rebotes,26.5,Sobre,1.89,dom_alt,
Cleveland Cavaliers - New York Knicks,Winner Of Ec Sf2 Winner Of Ec Sf1,2026-05-25,2026-05-25 21:00,New York Knicks,Cleveland Cavaliers,Cleveland Cavaliers,Evan Mobley,Puntos+Rebotes,26.5,Debajo,1.68,dom_alt,
Cleveland Cavaliers - New York Knicks,Winner Of Ec Sf2 Winner Of Ec Sf1,2026-05-25,2026-05-25 21:00,New York Knicks,Cleveland Cavaliers,Cleveland Cavaliers,Evan Mobley,Puntos+Rebotes,27.5,Sobre,2.07,dom_alt,
Cleveland Cavaliers - New York Knicks,Winner Of Ec Sf2 Winner Of Ec Sf1,2026-05-25,2026-05-25 21:00,New York Knicks,Cleveland Cavaliers,Cleveland Cavaliers,Evan Mobley,Puntos+Rebotes,27.5,Debajo,1.56,dom_alt,
Cleveland Cavaliers - New York Knicks,Winner Of Ec Sf2 Winner Of Ec Sf1,2026-05-25,2026-05-25 21:00,New York Knicks,Cleveland Cavaliers,Cleveland Cavaliers,Evan Mobley,Puntos+Rebotes,23.5,Sobre,1.52,dom_alt,
Cleveland Cavaliers - New York Knicks,Winner Of Ec Sf2 Winner Of Ec Sf1,2026-05-25,2026-05-25 21:00,New York Knicks,Cleveland Cavaliers,Cleveland Cavaliers,Evan Mobley,Puntos+Rebotes,23.5,Debajo,2.14,dom_alt,
Cleveland Cavaliers - New York Knicks,Winner Of Ec Sf2 Winner Of Ec Sf1,2026-05-25,2026-05-25 21:00,New York Knicks,Cleveland Cavaliers,Cleveland Cavaliers,Evan Mobley,Puntos+Asistencias,20.5,Sobre,1.77,dom,
Cleveland Cavaliers - New York Knicks,Winner Of Ec Sf2 Winner Of Ec Sf1,2026-05-25,2026-05-25 21:00,New York Knicks,Cleveland Cavaliers,Cleveland Cavaliers,Evan Mobley,Puntos+Asistencias,20.5,Debajo,1.91,dom,
Cleveland Cavaliers - New York Knicks,Winner Of Ec Sf2 Winner Of Ec Sf1,2026-05-25,2026-05-25 21:00,New York Knicks,Cleveland Cavaliers,Cleveland Cavaliers,Evan Mobley,Puntos+Asistencias,21.5,Sobre,1.89,dom_alt,
Cleveland Cavaliers - New York Knicks,Winner Of Ec Sf2 Winner Of Ec Sf1,2026-05-25,2026-05-25 21:00,New York Knicks,Cleveland Cavaliers,Cleveland Cavaliers,Evan Mobley,Puntos+Asistencias,21.5,Debajo,1.68,dom_alt,
Cleveland Cavaliers - New York Knicks,Winner Of Ec Sf2 Winner Of Ec Sf1,2026-05-25,2026-05-25 21:00,New York Knicks,Cleveland Cavaliers,Cleveland Cavaliers,Evan Mobley,Puntos+Asistencias,19.5,Sobre,1.57,dom_alt,
Cleveland Cavaliers - New York Knicks,Winner Of Ec Sf2 Winner Of Ec Sf1,2026-05-25,2026-05-25 21:00,New York Knicks,Cleveland Cavaliers,Cleveland Cavaliers,Evan Mobley,Puntos+Asistencias,19.5,Debajo,2.05,dom_alt,
Cleveland Cavaliers - New York Knicks,Winner Of Ec Sf2 Winner Of Ec Sf1,2026-05-25,2026-05-25 21:00,New York Knicks,Cleveland Cavaliers,Cleveland Cavaliers,Evan Mobley,Puntos+Asistencias,22.5,Sobre,2.11,dom_alt,
Cleveland Cavaliers - New York Knicks,Winner Of Ec Sf2 Winner Of Ec Sf1,2026-05-25,2026-05-25 21:00,New York Knicks,Cleveland Cavaliers,Cleveland Cavaliers,Evan Mobley,Puntos+Asistencias,22.5,Debajo,1.54,dom_alt,
Cleveland Cavaliers - New York Knicks,Winner Of Ec Sf2 Winner Of Ec Sf1,2026-05-25,2026-05-25 21:00,New York Knicks,Cleveland Cavaliers,Cleveland Cavaliers,Evan Mobley,PRA,29.5,Sobre,1.81,dom,
Cleveland Cavaliers - New York Knicks,Winner Of Ec Sf2 Winner Of Ec Sf1,2026-05-25,2026-05-25 21:00,New York Knicks,Cleveland Cavaliers,Cleveland Cavaliers,Evan Mobley,PRA,29.5,Debajo,1.86,dom,
Cleveland Cavaliers - New York Knicks,Winner Of Ec Sf2 Winner Of Ec Sf1,2026-05-25,2026-05-25 21:00,New York Knicks,Cleveland Cavaliers,Cleveland Cavaliers,Evan Mobley,PRA,27.5,Sobre,1.57,dom_alt,
Cleveland Cavaliers - New York Knicks,Winner Of Ec Sf2 Winner Of Ec Sf1,2026-05-25,2026-05-25 21:00,New York Knicks,Cleveland Cavaliers,Cleveland Cavaliers,Evan Mobley,PRA,27.5,Debajo,2.06,dom_alt,
Cleveland Cavaliers - New York Knicks,Winner Of Ec Sf2 Winner Of Ec Sf1,2026-05-25,2026-05-25 21:00,New York Knicks,Cleveland Cavaliers,Cleveland Cavaliers,Evan Mobley,PRA,30.5,Sobre,1.91,dom_alt,
Cleveland Cavaliers - New York Knicks,Winner Of Ec Sf2 Winner Of Ec Sf1,2026-05-25,2026-05-25 21:00,New York Knicks,Cleveland Cavaliers,Cleveland Cavaliers,Evan Mobley,PRA,30.5,Debajo,1.67,dom_alt,
Cleveland Cavaliers - New York Knicks,Winner Of Ec Sf2 Winner Of Ec Sf1,2026-05-25,2026-05-25 21:00,New York Knicks,Cleveland Cavaliers,Cleveland Cavaliers,Evan Mobley,PRA,26.5,Sobre,1.45,dom_alt,
Cleveland Cavaliers - New York Knicks,Winner Of Ec Sf2 Winner Of Ec Sf1,2026-05-25,2026-05-25 21:00,New York Knicks,Cleveland Cavaliers,Cleveland Cavaliers,Evan Mobley,PRA,26.5,Debajo,2.29,dom_alt,
Cleveland Cavaliers - New York Knicks,Winner Of Ec Sf2 Winner Of Ec Sf1,2026-05-25,2026-05-25 21:00,New York Knicks,Cleveland Cavaliers,Cleveland Cavaliers,Evan Mobley,PRA,31.5,Sobre,2.08,dom_alt,
Cleveland Cavaliers - New York Knicks,Winner Of Ec Sf2 Winner Of Ec Sf1,2026-05-25,2026-05-25 21:00,New York Knicks,Cleveland Cavaliers,Cleveland Cavaliers,Evan Mobley,PRA,31.5,Debajo,1.55,dom_alt,
Cleveland Cavaliers - New York Knicks,Winner Of Ec Sf2 Winner Of Ec Sf1,2026-05-25,2026-05-25 21:00,New York Knicks,Cleveland Cavaliers,Cleveland Cavaliers,Evan Mobley,PRA,25.5,Sobre,1.36,dom_alt,
Cleveland Cavaliers - New York Knicks,Winner Of Ec Sf2 Winner Of Ec Sf1,2026-05-25,2026-05-25 21:00,New York Knicks,Cleveland Cavaliers,Cleveland Cavaliers,Evan Mobley,PRA,25.5,Debajo,2.56,dom_alt,
Cleveland Cavaliers - New York Knicks,Winner Of Ec Sf2 Winner Of Ec Sf1,2026-05-25,2026-05-25 21:00,New York Knicks,Cleveland Cavaliers,Cleveland Cavaliers,Evan Mobley,PRA,32.5,Sobre,2.20,dom_alt,
Cleveland Cavaliers - New York Knicks,Winner Of Ec Sf2 Winner Of Ec Sf1,2026-05-25,2026-05-25 21:00,New York Knicks,Cleveland Cavaliers,Cleveland Cavaliers,Evan Mobley,PRA,32.5,Debajo,1.49,dom_alt,
Cleveland Cavaliers - New York Knicks,Winner Of Ec Sf2 Winner Of Ec Sf1,2026-05-25,2026-05-25 21:00,New York Knicks,Cleveland Cavaliers,Cleveland Cavaliers,Evan Mobley,Asistencias+Rebotes,12.5,Sobre,1.89,dom,
Cleveland Cavaliers - New York Knicks,Winner Of Ec Sf2 Winner Of Ec Sf1,2026-05-25,2026-05-25 21:00,New York Knicks,Cleveland Cavaliers,Cleveland Cavaliers,Evan Mobley,Asistencias+Rebotes,12.5,Debajo,1.78,dom,
Cleveland Cavaliers - New York Knicks,Winner Of Ec Sf2 Winner Of Ec Sf1,2026-05-25,2026-05-25 21:00,New York Knicks,Cleveland Cavaliers,Cleveland Cavaliers,Evan Mobley,Asistencias+Rebotes,13.5,Sobre,2.10,dom_alt,
Cleveland Cavaliers - New York Knicks,Winner Of Ec Sf2 Winner Of Ec Sf1,2026-05-25,2026-05-25 21:00,New York Knicks,Cleveland Cavaliers,Cleveland Cavaliers,Evan Mobley,Asistencias+Rebotes,13.5,Debajo,1.54,dom_alt,
Cleveland Cavaliers - New York Knicks,Winner Of Ec Sf2 Winner Of Ec Sf1,2026-05-25,2026-05-25 21:00,New York Knicks,Cleveland Cavaliers,Cleveland Cavaliers,Evan Mobley,Robos+Tapones,2.5,Sobre,1.87,dom,
Cleveland Cavaliers - New York Knicks,Winner Of Ec Sf2 Winner Of Ec Sf1,2026-05-25,2026-05-25 21:00,New York Knicks,Cleveland Cavaliers,Cleveland Cavaliers,Evan Mobley,Robos+Tapones,2.5,Debajo,1.80,dom,
Cleveland Cavaliers - New York Knicks,Winner Of Ec Sf2 Winner Of Ec Sf1,2026-05-25,2026-05-25 21:00,New York Knicks,Cleveland Cavaliers,Cleveland Cavaliers,Evan Mobley,DobleDoble,0.5,Sobre,2.43,dom,
Cleveland Cavaliers - New York Knicks,Winner Of Ec Sf2 Winner Of Ec Sf1,2026-05-25,2026-05-25 21:00,New York Knicks,Cleveland Cavaliers,Cleveland Cavaliers,Evan Mobley,DobleDoble,0.5,Debajo,1.47,dom,
Cleveland Cavaliers - New York Knicks,Winner Of Ec Sf2 Winner Of Ec Sf1,2026-05-25,2026-05-25 21:00,New York Knicks,Cleveland Cavaliers,Cleveland Cavaliers,Evan Mobley,Asistencias,3.5,Sobre,1.81,dom,
Cleveland Cavaliers - New York Knicks,Winner Of Ec Sf2 Winner Of Ec Sf1,2026-05-25,2026-05-25 21:00,New York Knicks,Cleveland Cavaliers,Cleveland Cavaliers,Evan Mobley,Asistencias,3.5,Debajo,1.87,dom,
Cleveland Cavaliers - New York Knicks,Winner Of Ec Sf2 Winner Of Ec Sf1,2026-05-25,2026-05-25 21:00,New York Knicks,Cleveland Cavaliers,Cleveland Cavaliers,Evan Mobley,Asistencias,4.5,Sobre,2.43,dom_alt,
Cleveland Cavaliers - New York Knicks,Winner Of Ec Sf2 Winner Of Ec Sf1,2026-05-25,2026-05-25 21:00,New York Knicks,Cleveland Cavaliers,Cleveland Cavaliers,Evan Mobley,Asistencias,4.5,Debajo,1.40,dom_alt,
Cleveland Cavaliers - New York Knicks,Winner Of Ec Sf2 Winner Of Ec Sf1,2026-05-25,2026-05-25 21:00,New York Knicks,Cleveland Cavaliers,Cleveland Cavaliers,Evan Mobley,PuntosPrimerCuarto,4.5,Sobre,1.88,dom,
Cleveland Cavaliers - New York Knicks,Winner Of Ec Sf2 Winner Of Ec Sf1,2026-05-25,2026-05-25 21:00,New York Knicks,Cleveland Cavaliers,Cleveland Cavaliers,Evan Mobley,PuntosPrimerCuarto,4.5,Debajo,1.80,dom,
Cleveland Cavaliers - New York Knicks,Winner Of Ec Sf2 Winner Of Ec Sf1,2026-05-25,2026-05-25 21:00,New York Knicks,Cleveland Cavaliers,Cleveland Cavaliers,Evan Mobley,PuntosPrimerCuarto,5.5,Sobre,2.14,dom_alt,
Cleveland Cavaliers - New York Knicks,Winner Of Ec Sf2 Winner Of Ec Sf1,2026-05-25,2026-05-25 21:00,New York Knicks,Cleveland Cavaliers,Cleveland Cavaliers,Evan Mobley,PuntosPrimerCuarto,5.5,Debajo,1.52,dom_alt,
Cleveland Cavaliers - New York Knicks,Winner Of Ec Sf2 Winner Of Ec Sf1,2026-05-25,2026-05-25 21:00,New York Knicks,Cleveland Cavaliers,Cleveland Cavaliers,Evan Mobley,RebotesPrimerCuarto,2.5,Sobre,2.19,dom,
Cleveland Cavaliers - New York Knicks,Winner Of Ec Sf2 Winner Of Ec Sf1,2026-05-25,2026-05-25 21:00,New York Knicks,Cleveland Cavaliers,Cleveland Cavaliers,Evan Mobley,RebotesPrimerCuarto,2.5,Debajo,1.58,dom,
Cleveland Cavaliers - New York Knicks,Winner Of Ec Sf2 Winner Of Ec Sf1,2026-05-25,2026-05-25 21:00,New York Knicks,Cleveland Cavaliers,Cleveland Cavaliers,Evan Mobley,TirosLibresInt,3.5,Sobre,1.64,dom,
Cleveland Cavaliers - New York Knicks,Winner Of Ec Sf2 Winner Of Ec Sf1,2026-05-25,2026-05-25 21:00,New York Knicks,Cleveland Cavaliers,Cleveland Cavaliers,Evan Mobley,TirosLibresInt,3.5,Debajo,2.08,dom,
Cleveland Cavaliers - New York Knicks,Winner Of Ec Sf2 Winner Of Ec Sf1,2026-05-25,2026-05-25 21:00,New York Knicks,Cleveland Cavaliers,Cleveland Cavaliers,Evan Mobley,GolesCampo,6.5,Sobre,1.80,dom,
Cleveland Cavaliers - New York Knicks,Winner Of Ec Sf2 Winner Of Ec Sf1,2026-05-25,2026-05-25 21:00,New York Knicks,Cleveland Cavaliers,Cleveland Cavaliers,Evan Mobley,GolesCampo,6.5,Debajo,1.88,dom,
Cleveland Cavaliers - New York Knicks,Winner Of Ec Sf2 Winner Of Ec Sf1,2026-05-25,2026-05-25 21:00,New York Knicks,Cleveland Cavaliers,Cleveland Cavaliers,Evan Mobley,GolesCampoInt,13.5,Sobre,1.86,dom,
Cleveland Cavaliers - New York Knicks,Winner Of Ec Sf2 Winner Of Ec Sf1,2026-05-25,2026-05-25 21:00,New York Knicks,Cleveland Cavaliers,Cleveland Cavaliers,Evan Mobley,GolesCampoInt,13.5,Debajo,1.81,dom,
Cleveland Cavaliers - New York Knicks,Winner Of Ec Sf2 Winner Of Ec Sf1,2026-05-25,2026-05-25 21:00,New York Knicks,Cleveland Cavaliers,Cleveland Cavaliers,Evan Mobley,TriplesInt,4.5,Sobre,2.05,dom,
Cleveland Cavaliers - New York Knicks,Winner Of Ec Sf2 Winner Of Ec Sf1,2026-05-25,2026-05-25 21:00,New York Knicks,Cleveland Cavaliers,Cleveland Cavaliers,Evan Mobley,TriplesInt,4.5,Debajo,1.66,dom,
Cleveland Cavaliers - New York Knicks,Winner Of Ec Sf2 Winner Of Ec Sf1,2026-05-25,2026-05-25 21:00,New York Knicks,Cleveland Cavaliers,Cleveland Cavaliers,Evan Mobley,Faltas,3.5,Sobre,2.10,dom,
Cleveland Cavaliers - New York Knicks,Winner Of Ec Sf2 Winner Of Ec Sf1,2026-05-25,2026-05-25 21:00,New York Knicks,Cleveland Cavaliers,Cleveland Cavaliers,Evan Mobley,Faltas,3.5,Debajo,1.63,dom,
Cleveland Cavaliers - New York Knicks,Winner Of Ec Sf2 Winner Of Ec Sf1,2026-05-25,2026-05-25 21:00,New York Knicks,Cleveland Cavaliers,Cleveland Cavaliers,Dennis Schroder,Puntos,4.5,Sobre,1.75,dom,
Cleveland Cavaliers - New York Knicks,Winner Of Ec Sf2 Winner Of Ec Sf1,2026-05-25,2026-05-25 21:00,New York Knicks,Cleveland Cavaliers,Cleveland Cavaliers,Dennis Schroder,Puntos,4.5,Debajo,1.93,dom,
Cleveland Cavaliers - New York Knicks,Winner Of Ec Sf2 Winner Of Ec Sf1,2026-05-25,2026-05-25 21:00,New York Knicks,Cleveland Cavaliers,Cleveland Cavaliers,Dennis Schroder,Puntos,5.5,Sobre,2.02,dom_alt,
Cleveland Cavaliers - New York Knicks,Winner Of Ec Sf2 Winner Of Ec Sf1,2026-05-25,2026-05-25 21:00,New York Knicks,Cleveland Cavaliers,Cleveland Cavaliers,Dennis Schroder,Puntos,5.5,Debajo,1.59,dom_alt,
Cleveland Cavaliers - New York Knicks,Winner Of Ec Sf2 Winner Of Ec Sf1,2026-05-25,2026-05-25 21:00,New York Knicks,Cleveland Cavaliers,Cleveland Cavaliers,Dennis Schroder,Puntos,3.5,Sobre,1.47,dom_alt,
Cleveland Cavaliers - New York Knicks,Winner Of Ec Sf2 Winner Of Ec Sf1,2026-05-25,2026-05-25 21:00,New York Knicks,Cleveland Cavaliers,Cleveland Cavaliers,Dennis Schroder,Puntos,3.5,Debajo,2.25,dom_alt,
Cleveland Cavaliers - New York Knicks,Winner Of Ec Sf2 Winner Of Ec Sf1,2026-05-25,2026-05-25 21:00,New York Knicks,Cleveland Cavaliers,Cleveland Cavaliers,Dennis Schroder,Puntos,6.5,Sobre,2.34,dom_alt,
Cleveland Cavaliers - New York Knicks,Winner Of Ec Sf2 Winner Of Ec Sf1,2026-05-25,2026-05-25 21:00,New York Knicks,Cleveland Cavaliers,Cleveland Cavaliers,Dennis Schroder,Puntos,6.5,Debajo,1.43,dom_alt,
Cleveland Cavaliers - New York Knicks,Winner Of Ec Sf2 Winner Of Ec Sf1,2026-05-25,2026-05-25 21:00,New York Knicks,Cleveland Cavaliers,Cleveland Cavaliers,Dennis Schroder,Puntos,2.5,Sobre,1.33,dom_alt,
Cleveland Cavaliers - New York Knicks,Winner Of Ec Sf2 Winner Of Ec Sf1,2026-05-25,2026-05-25 21:00,New York Knicks,Cleveland Cavaliers,Cleveland Cavaliers,Dennis Schroder,Puntos,2.5,Debajo,2.70,dom_alt,
Cleveland Cavaliers - New York Knicks,Winner Of Ec Sf2 Winner Of Ec Sf1,2026-05-25,2026-05-25 21:00,New York Knicks,Cleveland Cavaliers,Cleveland Cavaliers,Dennis Schroder,Puntos,7.5,Sobre,2.88,dom_alt,
Cleveland Cavaliers - New York Knicks,Winner Of Ec Sf2 Winner Of Ec Sf1,2026-05-25,2026-05-25 21:00,New York Knicks,Cleveland Cavaliers,Cleveland Cavaliers,Dennis Schroder,Puntos,7.5,Debajo,1.29,dom_alt,
Cleveland Cavaliers - New York Knicks,Winner Of Ec Sf2 Winner Of Ec Sf1,2026-05-25,2026-05-25 21:00,New York Knicks,Cleveland Cavaliers,Cleveland Cavaliers,Dennis Schroder,Rebotes,1.5,Sobre,2.04,dom,
Cleveland Cavaliers - New York Knicks,Winner Of Ec Sf2 Winner Of Ec Sf1,2026-05-25,2026-05-25 21:00,New York Knicks,Cleveland Cavaliers,Cleveland Cavaliers,Dennis Schroder,Rebotes,1.5,Debajo,1.67,dom,
Cleveland Cavaliers - New York Knicks,Winner Of Ec Sf2 Winner Of Ec Sf1,2026-05-25,2026-05-25 21:00,New York Knicks,Cleveland Cavaliers,Cleveland Cavaliers,Dennis Schroder,Triples,0.5,Sobre,2.27,dom,
Cleveland Cavaliers - New York Knicks,Winner Of Ec Sf2 Winner Of Ec Sf1,2026-05-25,2026-05-25 21:00,New York Knicks,Cleveland Cavaliers,Cleveland Cavaliers,Dennis Schroder,Triples,0.5,Debajo,1.54,dom,
Cleveland Cavaliers - New York Knicks,Winner Of Ec Sf2 Winner Of Ec Sf1,2026-05-25,2026-05-25 21:00,New York Knicks,Cleveland Cavaliers,Cleveland Cavaliers,Dennis Schroder,Pérdidas,0.5,Sobre,1.62,dom,
Cleveland Cavaliers - New York Knicks,Winner Of Ec Sf2 Winner Of Ec Sf1,2026-05-25,2026-05-25 21:00,New York Knicks,Cleveland Cavaliers,Cleveland Cavaliers,Dennis Schroder,Pérdidas,0.5,Debajo,2.11,dom,
Cleveland Cavaliers - New York Knicks,Winner Of Ec Sf2 Winner Of Ec Sf1,2026-05-25,2026-05-25 21:00,New York Knicks,Cleveland Cavaliers,Cleveland Cavaliers,Dennis Schroder,Puntos+Rebotes,6.5,Sobre,1.90,dom,
Cleveland Cavaliers - New York Knicks,Winner Of Ec Sf2 Winner Of Ec Sf1,2026-05-25,2026-05-25 21:00,New York Knicks,Cleveland Cavaliers,Cleveland Cavaliers,Dennis Schroder,Puntos+Rebotes,6.5,Debajo,1.78,dom,
Cleveland Cavaliers - New York Knicks,Winner Of Ec Sf2 Winner Of Ec Sf1,2026-05-25,2026-05-25 21:00,New York Knicks,Cleveland Cavaliers,Cleveland Cavaliers,Dennis Schroder,Puntos+Rebotes,7.5,Sobre,2.06,dom_alt,
Cleveland Cavaliers - New York Knicks,Winner Of Ec Sf2 Winner Of Ec Sf1,2026-05-25,2026-05-25 21:00,New York Knicks,Cleveland Cavaliers,Cleveland Cavaliers,Dennis Schroder,Puntos+Rebotes,7.5,Debajo,1.56,dom_alt,
Cleveland Cavaliers - New York Knicks,Winner Of Ec Sf2 Winner Of Ec Sf1,2026-05-25,2026-05-25 21:00,New York Knicks,Cleveland Cavaliers,Cleveland Cavaliers,Dennis Schroder,Puntos+Rebotes,5.5,Sobre,1.59,dom_alt,
Cleveland Cavaliers - New York Knicks,Winner Of Ec Sf2 Winner Of Ec Sf1,2026-05-25,2026-05-25 21:00,New York Knicks,Cleveland Cavaliers,Cleveland Cavaliers,Dennis Schroder,Puntos+Rebotes,5.5,Debajo,2.02,dom_alt,
Cleveland Cavaliers - New York Knicks,Winner Of Ec Sf2 Winner Of Ec Sf1,2026-05-25,2026-05-25 21:00,New York Knicks,Cleveland Cavaliers,Cleveland Cavaliers,Dennis Schroder,Puntos+Asistencias,7.5,Sobre,1.95,dom,
Cleveland Cavaliers - New York Knicks,Winner Of Ec Sf2 Winner Of Ec Sf1,2026-05-25,2026-05-25 21:00,New York Knicks,Cleveland Cavaliers,Cleveland Cavaliers,Dennis Schroder,Puntos+Asistencias,7.5,Debajo,1.73,dom,
Cleveland Cavaliers - New York Knicks,Winner Of Ec Sf2 Winner Of Ec Sf1,2026-05-25,2026-05-25 21:00,New York Knicks,Cleveland Cavaliers,Cleveland Cavaliers,Dennis Schroder,Puntos+Asistencias,8.5,Sobre,2.08,dom_alt,
Cleveland Cavaliers - New York Knicks,Winner Of Ec Sf2 Winner Of Ec Sf1,2026-05-25,2026-05-25 21:00,New York Knicks,Cleveland Cavaliers,Cleveland Cavaliers,Dennis Schroder,Puntos+Asistencias,8.5,Debajo,1.55,dom_alt,
Cleveland Cavaliers - New York Knicks,Winner Of Ec Sf2 Winner Of Ec Sf1,2026-05-25,2026-05-25 21:00,New York Knicks,Cleveland Cavaliers,Cleveland Cavaliers,Dennis Schroder,PRA,8.5,Sobre,1.79,dom,
Cleveland Cavaliers - New York Knicks,Winner Of Ec Sf2 Winner Of Ec Sf1,2026-05-25,2026-05-25 21:00,New York Knicks,Cleveland Cavaliers,Cleveland Cavaliers,Dennis Schroder,PRA,8.5,Debajo,1.88,dom,
Cleveland Cavaliers - New York Knicks,Winner Of Ec Sf2 Winner Of Ec Sf1,2026-05-25,2026-05-25 21:00,New York Knicks,Cleveland Cavaliers,Cleveland Cavaliers,Dennis Schroder,PRA,9.5,Sobre,1.97,dom_alt,
Cleveland Cavaliers - New York Knicks,Winner Of Ec Sf2 Winner Of Ec Sf1,2026-05-25,2026-05-25 21:00,New York Knicks,Cleveland Cavaliers,Cleveland Cavaliers,Dennis Schroder,PRA,9.5,Debajo,1.62,dom_alt,
Cleveland Cavaliers - New York Knicks,Winner Of Ec Sf2 Winner Of Ec Sf1,2026-05-25,2026-05-25 21:00,New York Knicks,Cleveland Cavaliers,Cleveland Cavaliers,Dennis Schroder,PRA,6.5,Sobre,1.41,dom_alt,
Cleveland Cavaliers - New York Knicks,Winner Of Ec Sf2 Winner Of Ec Sf1,2026-05-25,2026-05-25 21:00,New York Knicks,Cleveland Cavaliers,Cleveland Cavaliers,Dennis Schroder,PRA,6.5,Debajo,2.40,dom_alt,
Cleveland Cavaliers - New York Knicks,Winner Of Ec Sf2 Winner Of Ec Sf1,2026-05-25,2026-05-25 21:00,New York Knicks,Cleveland Cavaliers,Cleveland Cavaliers,Dennis Schroder,PRA,10.5,Sobre,2.18,dom_alt,
Cleveland Cavaliers - New York Knicks,Winner Of Ec Sf2 Winner Of Ec Sf1,2026-05-25,2026-05-25 21:00,New York Knicks,Cleveland Cavaliers,Cleveland Cavaliers,Dennis Schroder,PRA,10.5,Debajo,1.50,dom_alt,
Cleveland Cavaliers - New York Knicks,Winner Of Ec Sf2 Winner Of Ec Sf1,2026-05-25,2026-05-25 21:00,New York Knicks,Cleveland Cavaliers,Cleveland Cavaliers,Dennis Schroder,PRA,11.5,Sobre,2.53,dom_alt,
Cleveland Cavaliers - New York Knicks,Winner Of Ec Sf2 Winner Of Ec Sf1,2026-05-25,2026-05-25 21:00,New York Knicks,Cleveland Cavaliers,Cleveland Cavaliers,Dennis Schroder,PRA,11.5,Debajo,1.37,dom_alt,
Cleveland Cavaliers - New York Knicks,Winner Of Ec Sf2 Winner Of Ec Sf1,2026-05-25,2026-05-25 21:00,New York Knicks,Cleveland Cavaliers,Cleveland Cavaliers,Dennis Schroder,Asistencias+Rebotes,3.5,Sobre,1.76,dom,
Cleveland Cavaliers - New York Knicks,Winner Of Ec Sf2 Winner Of Ec Sf1,2026-05-25,2026-05-25 21:00,New York Knicks,Cleveland Cavaliers,Cleveland Cavaliers,Dennis Schroder,Asistencias+Rebotes,3.5,Debajo,1.92,dom,
Cleveland Cavaliers - New York Knicks,Winner Of Ec Sf2 Winner Of Ec Sf1,2026-05-25,2026-05-25 21:00,New York Knicks,Cleveland Cavaliers,Cleveland Cavaliers,Dennis Schroder,Robos+Tapones,0.5,Sobre,2.27,dom,
Cleveland Cavaliers - New York Knicks,Winner Of Ec Sf2 Winner Of Ec Sf1,2026-05-25,2026-05-25 21:00,New York Knicks,Cleveland Cavaliers,Cleveland Cavaliers,Dennis Schroder,Robos+Tapones,0.5,Debajo,1.54,dom,
Cleveland Cavaliers - New York Knicks,Winner Of Ec Sf2 Winner Of Ec Sf1,2026-05-25,2026-05-25 21:00,New York Knicks,Cleveland Cavaliers,Cleveland Cavaliers,Dennis Schroder,Asistencias,2.5,Sobre,2.20,dom,
Cleveland Cavaliers - New York Knicks,Winner Of Ec Sf2 Winner Of Ec Sf1,2026-05-25,2026-05-25 21:00,New York Knicks,Cleveland Cavaliers,Cleveland Cavaliers,Dennis Schroder,Asistencias,2.5,Debajo,1.57,dom,
Cleveland Cavaliers - New York Knicks,Winner Of Ec Sf2 Winner Of Ec Sf1,2026-05-25,2026-05-25 21:00,New York Knicks,Cleveland Cavaliers,Cleveland Cavaliers,Dennis Schroder,Asistencias,1.5,Sobre,1.48,dom_alt,
Cleveland Cavaliers - New York Knicks,Winner Of Ec Sf2 Winner Of Ec Sf1,2026-05-25,2026-05-25 21:00,New York Knicks,Cleveland Cavaliers,Cleveland Cavaliers,Dennis Schroder,Asistencias,1.5,Debajo,2.23,dom_alt,
Cleveland Cavaliers - New York Knicks,Winner Of Ec Sf2 Winner Of Ec Sf1,2026-05-25,2026-05-25 21:00,New York Knicks,Cleveland Cavaliers,Cleveland Cavaliers,Dennis Schroder,PuntosPrimerCuarto,0.5,Sobre,2.15,dom,
Cleveland Cavaliers - New York Knicks,Winner Of Ec Sf2 Winner Of Ec Sf1,2026-05-25,2026-05-25 21:00,New York Knicks,Cleveland Cavaliers,Cleveland Cavaliers,Dennis Schroder,PuntosPrimerCuarto,0.5,Debajo,1.60,dom,
Cleveland Cavaliers - New York Knicks,Winner Of Ec Sf2 Winner Of Ec Sf1,2026-05-25,2026-05-25 21:00,New York Knicks,Cleveland Cavaliers,Cleveland Cavaliers,Dennis Schroder,PuntosPrimerCuarto,1.5,Sobre,2.12,dom_alt,
Cleveland Cavaliers - New York Knicks,Winner Of Ec Sf2 Winner Of Ec Sf1,2026-05-25,2026-05-25 21:00,New York Knicks,Cleveland Cavaliers,Cleveland Cavaliers,Dennis Schroder,PuntosPrimerCuarto,1.5,Debajo,1.53,dom_alt,
Cleveland Cavaliers - New York Knicks,Winner Of Ec Sf2 Winner Of Ec Sf1,2026-05-25,2026-05-25 21:00,New York Knicks,Cleveland Cavaliers,Cleveland Cavaliers,Dennis Schroder,AsistenciasPrimerCuarto,0.5,Sobre,2.25,dom,
Cleveland Cavaliers - New York Knicks,Winner Of Ec Sf2 Winner Of Ec Sf1,2026-05-25,2026-05-25 21:00,New York Knicks,Cleveland Cavaliers,Cleveland Cavaliers,Dennis Schroder,AsistenciasPrimerCuarto,0.5,Debajo,1.55,dom,
Cleveland Cavaliers - New York Knicks,Winner Of Ec Sf2 Winner Of Ec Sf1,2026-05-25,2026-05-25 21:00,New York Knicks,Cleveland Cavaliers,Cleveland Cavaliers,Dennis Schroder,TirosLibres,0.5,Sobre,1.81,dom,
Cleveland Cavaliers - New York Knicks,Winner Of Ec Sf2 Winner Of Ec Sf1,2026-05-25,2026-05-25 21:00,New York Knicks,Cleveland Cavaliers,Cleveland Cavaliers,Dennis Schroder,TirosLibres,0.5,Debajo,1.86,dom,
Cleveland Cavaliers - New York Knicks,Winner Of Ec Sf2 Winner Of Ec Sf1,2026-05-25,2026-05-25 21:00,New York Knicks,Cleveland Cavaliers,Cleveland Cavaliers,Dennis Schroder,TirosLibresInt,0.5,Sobre,1.76,dom,
Cleveland Cavaliers - New York Knicks,Winner Of Ec Sf2 Winner Of Ec Sf1,2026-05-25,2026-05-25 21:00,New York Knicks,Cleveland Cavaliers,Cleveland Cavaliers,Dennis Schroder,TirosLibresInt,0.5,Debajo,1.92,dom,
Cleveland Cavaliers - New York Knicks,Winner Of Ec Sf2 Winner Of Ec Sf1,2026-05-25,2026-05-25 21:00,New York Knicks,Cleveland Cavaliers,Cleveland Cavaliers,Dennis Schroder,TirosLibresInt,1.5,Sobre,1.90,dom_alt,
Cleveland Cavaliers - New York Knicks,Winner Of Ec Sf2 Winner Of Ec Sf1,2026-05-25,2026-05-25 21:00,New York Knicks,Cleveland Cavaliers,Cleveland Cavaliers,Dennis Schroder,TirosLibresInt,1.5,Debajo,1.67,dom_alt,
Cleveland Cavaliers - New York Knicks,Winner Of Ec Sf2 Winner Of Ec Sf1,2026-05-25,2026-05-25 21:00,New York Knicks,Cleveland Cavaliers,Cleveland Cavaliers,Dennis Schroder,GolesCampo,1.5,Sobre,1.77,dom,
Cleveland Cavaliers - New York Knicks,Winner Of Ec Sf2 Winner Of Ec Sf1,2026-05-25,2026-05-25 21:00,New York Knicks,Cleveland Cavaliers,Cleveland Cavaliers,Dennis Schroder,GolesCampo,1.5,Debajo,1.91,dom,
Cleveland Cavaliers - New York Knicks,Winner Of Ec Sf2 Winner Of Ec Sf1,2026-05-25,2026-05-25 21:00,New York Knicks,Cleveland Cavaliers,Cleveland Cavaliers,Dennis Schroder,GolesCampoInt,3.5,Sobre,1.69,dom,
Cleveland Cavaliers - New York Knicks,Winner Of Ec Sf2 Winner Of Ec Sf1,2026-05-25,2026-05-25 21:00,New York Knicks,Cleveland Cavaliers,Cleveland Cavaliers,Dennis Schroder,GolesCampoInt,3.5,Debajo,2.01,dom,
Cleveland Cavaliers - New York Knicks,Winner Of Ec Sf2 Winner Of Ec Sf1,2026-05-25,2026-05-25 21:00,New York Knicks,Cleveland Cavaliers,Cleveland Cavaliers,Dennis Schroder,TriplesInt,1.5,Sobre,2.11,dom,
Cleveland Cavaliers - New York Knicks,Winner Of Ec Sf2 Winner Of Ec Sf1,2026-05-25,2026-05-25 21:00,New York Knicks,Cleveland Cavaliers,Cleveland Cavaliers,Dennis Schroder,TriplesInt,1.5,Debajo,1.62,dom,
Cleveland Cavaliers - New York Knicks,Winner Of Ec Sf2 Winner Of Ec Sf1,2026-05-25,2026-05-25 21:00,New York Knicks,Cleveland Cavaliers,Cleveland Cavaliers,Max Strus,Puntos,8.5,Sobre,1.78,dom,
Cleveland Cavaliers - New York Knicks,Winner Of Ec Sf2 Winner Of Ec Sf1,2026-05-25,2026-05-25 21:00,New York Knicks,Cleveland Cavaliers,Cleveland Cavaliers,Max Strus,Puntos,8.5,Debajo,1.90,dom,
Cleveland Cavaliers - New York Knicks,Winner Of Ec Sf2 Winner Of Ec Sf1,2026-05-25,2026-05-25 21:00,New York Knicks,Cleveland Cavaliers,Cleveland Cavaliers,Max Strus,Puntos,9.5,Sobre,1.95,dom_alt,
Cleveland Cavaliers - New York Knicks,Winner Of Ec Sf2 Winner Of Ec Sf1,2026-05-25,2026-05-25 21:00,New York Knicks,Cleveland Cavaliers,Cleveland Cavaliers,Max Strus,Puntos,9.5,Debajo,1.63,dom_alt,
Cleveland Cavaliers - New York Knicks,Winner Of Ec Sf2 Winner Of Ec Sf1,2026-05-25,2026-05-25 21:00,New York Knicks,Cleveland Cavaliers,Cleveland Cavaliers,Max Strus,Puntos,6.5,Sobre,1.45,dom_alt,
Cleveland Cavaliers - New York Knicks,Winner Of Ec Sf2 Winner Of Ec Sf1,2026-05-25,2026-05-25 21:00,New York Knicks,Cleveland Cavaliers,Cleveland Cavaliers,Max Strus,Puntos,6.5,Debajo,2.31,dom_alt,
Cleveland Cavaliers - New York Knicks,Winner Of Ec Sf2 Winner Of Ec Sf1,2026-05-25,2026-05-25 21:00,New York Knicks,Cleveland Cavaliers,Cleveland Cavaliers,Max Strus,Puntos,10.5,Sobre,2.10,dom_alt,
Cleveland Cavaliers - New York Knicks,Winner Of Ec Sf2 Winner Of Ec Sf1,2026-05-25,2026-05-25 21:00,New York Knicks,Cleveland Cavaliers,Cleveland Cavaliers,Max Strus,Puntos,10.5,Debajo,1.54,dom_alt,
Cleveland Cavaliers - New York Knicks,Winner Of Ec Sf2 Winner Of Ec Sf1,2026-05-25,2026-05-25 21:00,New York Knicks,Cleveland Cavaliers,Cleveland Cavaliers,Max Strus,Puntos,5.5,Sobre,1.28,dom_alt,
Cleveland Cavaliers - New York Knicks,Winner Of Ec Sf2 Winner Of Ec Sf1,2026-05-25,2026-05-25 21:00,New York Knicks,Cleveland Cavaliers,Cleveland Cavaliers,Max Strus,Puntos,5.5,Debajo,2.89,dom_alt,
Cleveland Cavaliers - New York Knicks,Winner Of Ec Sf2 Winner Of Ec Sf1,2026-05-25,2026-05-25 21:00,New York Knicks,Cleveland Cavaliers,Cleveland Cavaliers,Max Strus,Puntos,11.5,Sobre,2.46,dom_alt,
Cleveland Cavaliers - New York Knicks,Winner Of Ec Sf2 Winner Of Ec Sf1,2026-05-25,2026-05-25 21:00,New York Knicks,Cleveland Cavaliers,Cleveland Cavaliers,Max Strus,Puntos,11.5,Debajo,1.39,dom_alt,
Cleveland Cavaliers - New York Knicks,Winner Of Ec Sf2 Winner Of Ec Sf1,2026-05-25,2026-05-25 21:00,New York Knicks,Cleveland Cavaliers,Cleveland Cavaliers,Max Strus,Puntos,12.5,Sobre,2.81,dom_alt,
Cleveland Cavaliers - New York Knicks,Winner Of Ec Sf2 Winner Of Ec Sf1,2026-05-25,2026-05-25 21:00,New York Knicks,Cleveland Cavaliers,Cleveland Cavaliers,Max Strus,Puntos,12.5,Debajo,1.30,dom_alt,
Cleveland Cavaliers - New York Knicks,Winner Of Ec Sf2 Winner Of Ec Sf1,2026-05-25,2026-05-25 21:00,New York Knicks,Cleveland Cavaliers,Cleveland Cavaliers,Max Strus,Rebotes,4.5,Sobre,2.04,dom,
Cleveland Cavaliers - New York Knicks,Winner Of Ec Sf2 Winner Of Ec Sf1,2026-05-25,2026-05-25 21:00,New York Knicks,Cleveland Cavaliers,Cleveland Cavaliers,Max Strus,Rebotes,4.5,Debajo,1.67,dom,
Cleveland Cavaliers - New York Knicks,Winner Of Ec Sf2 Winner Of Ec Sf1,2026-05-25,2026-05-25 21:00,New York Knicks,Cleveland Cavaliers,Cleveland Cavaliers,Max Strus,Rebotes,5.5,Sobre,2.59,dom_alt,
Cleveland Cavaliers - New York Knicks,Winner Of Ec Sf2 Winner Of Ec Sf1,2026-05-25,2026-05-25 21:00,New York Knicks,Cleveland Cavaliers,Cleveland Cavaliers,Max Strus,Rebotes,5.5,Debajo,1.35,dom_alt,
Cleveland Cavaliers - New York Knicks,Winner Of Ec Sf2 Winner Of Ec Sf1,2026-05-25,2026-05-25 21:00,New York Knicks,Cleveland Cavaliers,Cleveland Cavaliers,Max Strus,Triples,2.5,Sobre,2.37,dom,
Cleveland Cavaliers - New York Knicks,Winner Of Ec Sf2 Winner Of Ec Sf1,2026-05-25,2026-05-25 21:00,New York Knicks,Cleveland Cavaliers,Cleveland Cavaliers,Max Strus,Triples,2.5,Debajo,1.50,dom,
Cleveland Cavaliers - New York Knicks,Winner Of Ec Sf2 Winner Of Ec Sf1,2026-05-25,2026-05-25 21:00,New York Knicks,Cleveland Cavaliers,Cleveland Cavaliers,Max Strus,Robos,0.5,Sobre,1.84,dom,
Cleveland Cavaliers - New York Knicks,Winner Of Ec Sf2 Winner Of Ec Sf1,2026-05-25,2026-05-25 21:00,New York Knicks,Cleveland Cavaliers,Cleveland Cavaliers,Max Strus,Robos,0.5,Debajo,1.83,dom,
Cleveland Cavaliers - New York Knicks,Winner Of Ec Sf2 Winner Of Ec Sf1,2026-05-25,2026-05-25 21:00,New York Knicks,Cleveland Cavaliers,Cleveland Cavaliers,Max Strus,Puntos+Rebotes,13.5,Sobre,1.88,dom,
Cleveland Cavaliers - New York Knicks,Winner Of Ec Sf2 Winner Of Ec Sf1,2026-05-25,2026-05-25 21:00,New York Knicks,Cleveland Cavaliers,Cleveland Cavaliers,Max Strus,Puntos+Rebotes,13.5,Debajo,1.79,dom,
Cleveland Cavaliers - New York Knicks,Winner Of Ec Sf2 Winner Of Ec Sf1,2026-05-25,2026-05-25 21:00,New York Knicks,Cleveland Cavaliers,Cleveland Cavaliers,Max Strus,Puntos+Rebotes,14.5,Sobre,2.04,dom_alt,
Cleveland Cavaliers - New York Knicks,Winner Of Ec Sf2 Winner Of Ec Sf1,2026-05-25,2026-05-25 21:00,New York Knicks,Cleveland Cavaliers,Cleveland Cavaliers,Max Strus,Puntos+Rebotes,14.5,Debajo,1.58,dom_alt,
Cleveland Cavaliers - New York Knicks,Winner Of Ec Sf2 Winner Of Ec Sf1,2026-05-25,2026-05-25 21:00,New York Knicks,Cleveland Cavaliers,Cleveland Cavaliers,Max Strus,Puntos+Rebotes,12.5,Sobre,1.66,dom_alt,
Cleveland Cavaliers - New York Knicks,Winner Of Ec Sf2 Winner Of Ec Sf1,2026-05-25,2026-05-25 21:00,New York Knicks,Cleveland Cavaliers,Cleveland Cavaliers,Max Strus,Puntos+Rebotes,12.5,Debajo,1.91,dom_alt,
Cleveland Cavaliers - New York Knicks,Winner Of Ec Sf2 Winner Of Ec Sf1,2026-05-25,2026-05-25 21:00,New York Knicks,Cleveland Cavaliers,Cleveland Cavaliers,Max Strus,Puntos+Rebotes,11.5,Sobre,1.55,dom_alt,
Cleveland Cavaliers - New York Knicks,Winner Of Ec Sf2 Winner Of Ec Sf1,2026-05-25,2026-05-25 21:00,New York Knicks,Cleveland Cavaliers,Cleveland Cavaliers,Max Strus,Puntos+Rebotes,11.5,Debajo,2.08,dom_alt,
Cleveland Cavaliers - New York Knicks,Winner Of Ec Sf2 Winner Of Ec Sf1,2026-05-25,2026-05-25 21:00,New York Knicks,Cleveland Cavaliers,Cleveland Cavaliers,Max Strus,Puntos+Asistencias,10.5,Sobre,1.72,dom,
Cleveland Cavaliers - New York Knicks,Winner Of Ec Sf2 Winner Of Ec Sf1,2026-05-25,2026-05-25 21:00,New York Knicks,Cleveland Cavaliers,Cleveland Cavaliers,Max Strus,Puntos+Asistencias,10.5,Debajo,1.96,dom,
Cleveland Cavaliers - New York Knicks,Winner Of Ec Sf2 Winner Of Ec Sf1,2026-05-25,2026-05-25 21:00,New York Knicks,Cleveland Cavaliers,Cleveland Cavaliers,Max Strus,Puntos+Asistencias,11.5,Sobre,1.89,dom_alt,
Cleveland Cavaliers - New York Knicks,Winner Of Ec Sf2 Winner Of Ec Sf1,2026-05-25,2026-05-25 21:00,New York Knicks,Cleveland Cavaliers,Cleveland Cavaliers,Max Strus,Puntos+Asistencias,11.5,Debajo,1.68,dom_alt,
Cleveland Cavaliers - New York Knicks,Winner Of Ec Sf2 Winner Of Ec Sf1,2026-05-25,2026-05-25 21:00,New York Knicks,Cleveland Cavaliers,Cleveland Cavaliers,Max Strus,Puntos+Asistencias,12.5,Sobre,2.05,dom_alt,
Cleveland Cavaliers - New York Knicks,Winner Of Ec Sf2 Winner Of Ec Sf1,2026-05-25,2026-05-25 21:00,New York Knicks,Cleveland Cavaliers,Cleveland Cavaliers,Max Strus,Puntos+Asistencias,12.5,Debajo,1.57,dom_alt,
Cleveland Cavaliers - New York Knicks,Winner Of Ec Sf2 Winner Of Ec Sf1,2026-05-25,2026-05-25 21:00,New York Knicks,Cleveland Cavaliers,Cleveland Cavaliers,Max Strus,PRA,15.5,Sobre,1.85,dom,
Cleveland Cavaliers - New York Knicks,Winner Of Ec Sf2 Winner Of Ec Sf1,2026-05-25,2026-05-25 21:00,New York Knicks,Cleveland Cavaliers,Cleveland Cavaliers,Max Strus,PRA,15.5,Debajo,1.82,dom,
Cleveland Cavaliers - New York Knicks,Winner Of Ec Sf2 Winner Of Ec Sf1,2026-05-25,2026-05-25 21:00,New York Knicks,Cleveland Cavaliers,Cleveland Cavaliers,Max Strus,PRA,16.5,Sobre,1.98,dom_alt,
Cleveland Cavaliers - New York Knicks,Winner Of Ec Sf2 Winner Of Ec Sf1,2026-05-25,2026-05-25 21:00,New York Knicks,Cleveland Cavaliers,Cleveland Cavaliers,Max Strus,PRA,16.5,Debajo,1.61,dom_alt,
Cleveland Cavaliers - New York Knicks,Winner Of Ec Sf2 Winner Of Ec Sf1,2026-05-25,2026-05-25 21:00,New York Knicks,Cleveland Cavaliers,Cleveland Cavaliers,Max Strus,PRA,13.5,Sobre,1.53,dom_alt,
Cleveland Cavaliers - New York Knicks,Winner Of Ec Sf2 Winner Of Ec Sf1,2026-05-25,2026-05-25 21:00,New York Knicks,Cleveland Cavaliers,Cleveland Cavaliers,Max Strus,PRA,13.5,Debajo,2.12,dom_alt,
Cleveland Cavaliers - New York Knicks,Winner Of Ec Sf2 Winner Of Ec Sf1,2026-05-25,2026-05-25 21:00,New York Knicks,Cleveland Cavaliers,Cleveland Cavaliers,Max Strus,PRA,17.5,Sobre,2.13,dom_alt,
Cleveland Cavaliers - New York Knicks,Winner Of Ec Sf2 Winner Of Ec Sf1,2026-05-25,2026-05-25 21:00,New York Knicks,Cleveland Cavaliers,Cleveland Cavaliers,Max Strus,PRA,17.5,Debajo,1.53,dom_alt,
Cleveland Cavaliers - New York Knicks,Winner Of Ec Sf2 Winner Of Ec Sf1,2026-05-25,2026-05-25 21:00,New York Knicks,Cleveland Cavaliers,Cleveland Cavaliers,Max Strus,PRA,18.5,Sobre,2.37,dom_alt,
Cleveland Cavaliers - New York Knicks,Winner Of Ec Sf2 Winner Of Ec Sf1,2026-05-25,2026-05-25 21:00,New York Knicks,Cleveland Cavaliers,Cleveland Cavaliers,Max Strus,PRA,18.5,Debajo,1.42,dom_alt,
Cleveland Cavaliers - New York Knicks,Winner Of Ec Sf2 Winner Of Ec Sf1,2026-05-25,2026-05-25 21:00,New York Knicks,Cleveland Cavaliers,Cleveland Cavaliers,Max Strus,PRA,12.5,Sobre,1.41,dom_alt,
Cleveland Cavaliers - New York Knicks,Winner Of Ec Sf2 Winner Of Ec Sf1,2026-05-25,2026-05-25 21:00,New York Knicks,Cleveland Cavaliers,Cleveland Cavaliers,Max Strus,PRA,12.5,Debajo,2.41,dom_alt,
Cleveland Cavaliers - New York Knicks,Winner Of Ec Sf2 Winner Of Ec Sf1,2026-05-25,2026-05-25 21:00,New York Knicks,Cleveland Cavaliers,Cleveland Cavaliers,Max Strus,PRA,19.5,Sobre,2.67,dom_alt,
Cleveland Cavaliers - New York Knicks,Winner Of Ec Sf2 Winner Of Ec Sf1,2026-05-25,2026-05-25 21:00,New York Knicks,Cleveland Cavaliers,Cleveland Cavaliers,Max Strus,PRA,19.5,Debajo,1.33,dom_alt,
Cleveland Cavaliers - New York Knicks,Winner Of Ec Sf2 Winner Of Ec Sf1,2026-05-25,2026-05-25 21:00,New York Knicks,Cleveland Cavaliers,Cleveland Cavaliers,Max Strus,Asistencias+Rebotes,6.5,Sobre,1.92,dom,
Cleveland Cavaliers - New York Knicks,Winner Of Ec Sf2 Winner Of Ec Sf1,2026-05-25,2026-05-25 21:00,New York Knicks,Cleveland Cavaliers,Cleveland Cavaliers,Max Strus,Asistencias+Rebotes,6.5,Debajo,1.76,dom,
Cleveland Cavaliers - New York Knicks,Winner Of Ec Sf2 Winner Of Ec Sf1,2026-05-25,2026-05-25 21:00,New York Knicks,Cleveland Cavaliers,Cleveland Cavaliers,Max Strus,Robos+Tapones,0.5,Sobre,1.56,dom,
Cleveland Cavaliers - New York Knicks,Winner Of Ec Sf2 Winner Of Ec Sf1,2026-05-25,2026-05-25 21:00,New York Knicks,Cleveland Cavaliers,Cleveland Cavaliers,Max Strus,Robos+Tapones,0.5,Debajo,2.23,dom,
Cleveland Cavaliers - New York Knicks,Winner Of Ec Sf2 Winner Of Ec Sf1,2026-05-25,2026-05-25 21:00,New York Knicks,Cleveland Cavaliers,Cleveland Cavaliers,Max Strus,Asistencias,1.5,Sobre,1.49,dom,
Cleveland Cavaliers - New York Knicks,Winner Of Ec Sf2 Winner Of Ec Sf1,2026-05-25,2026-05-25 21:00,New York Knicks,Cleveland Cavaliers,Cleveland Cavaliers,Max Strus,Asistencias,1.5,Debajo,2.38,dom,
Cleveland Cavaliers - New York Knicks,Winner Of Ec Sf2 Winner Of Ec Sf1,2026-05-25,2026-05-25 21:00,New York Knicks,Cleveland Cavaliers,Cleveland Cavaliers,Max Strus,Asistencias,2.5,Sobre,2.20,dom_alt,
Cleveland Cavaliers - New York Knicks,Winner Of Ec Sf2 Winner Of Ec Sf1,2026-05-25,2026-05-25 21:00,New York Knicks,Cleveland Cavaliers,Cleveland Cavaliers,Max Strus,Asistencias,2.5,Debajo,1.49,dom_alt,
Cleveland Cavaliers - New York Knicks,Winner Of Ec Sf2 Winner Of Ec Sf1,2026-05-25,2026-05-25 21:00,New York Knicks,Cleveland Cavaliers,Cleveland Cavaliers,Max Strus,PuntosPrimerCuarto,2.5,Sobre,1.86,dom,
Cleveland Cavaliers - New York Knicks,Winner Of Ec Sf2 Winner Of Ec Sf1,2026-05-25,2026-05-25 21:00,New York Knicks,Cleveland Cavaliers,Cleveland Cavaliers,Max Strus,PuntosPrimerCuarto,2.5,Debajo,1.81,dom,
Cleveland Cavaliers - New York Knicks,Winner Of Ec Sf2 Winner Of Ec Sf1,2026-05-25,2026-05-25 21:00,New York Knicks,Cleveland Cavaliers,Cleveland Cavaliers,Max Strus,PuntosPrimerCuarto,0.5,Sobre,1.52,dom_alt,
Cleveland Cavaliers - New York Knicks,Winner Of Ec Sf2 Winner Of Ec Sf1,2026-05-25,2026-05-25 21:00,New York Knicks,Cleveland Cavaliers,Cleveland Cavaliers,Max Strus,PuntosPrimerCuarto,0.5,Debajo,2.15,dom_alt,
Cleveland Cavaliers - New York Knicks,Winner Of Ec Sf2 Winner Of Ec Sf1,2026-05-25,2026-05-25 21:00,New York Knicks,Cleveland Cavaliers,Cleveland Cavaliers,Max Strus,AsistenciasPrimerCuarto,0.5,Sobre,2.05,dom,
Cleveland Cavaliers - New York Knicks,Winner Of Ec Sf2 Winner Of Ec Sf1,2026-05-25,2026-05-25 21:00,New York Knicks,Cleveland Cavaliers,Cleveland Cavaliers,Max Strus,AsistenciasPrimerCuarto,0.5,Debajo,1.66,dom,
Cleveland Cavaliers - New York Knicks,Winner Of Ec Sf2 Winner Of Ec Sf1,2026-05-25,2026-05-25 21:00,New York Knicks,Cleveland Cavaliers,Cleveland Cavaliers,Max Strus,GolesCampoInt,7.5,Sobre,1.77,dom,
Cleveland Cavaliers - New York Knicks,Winner Of Ec Sf2 Winner Of Ec Sf1,2026-05-25,2026-05-25 21:00,New York Knicks,Cleveland Cavaliers,Cleveland Cavaliers,Max Strus,GolesCampoInt,7.5,Debajo,1.91,dom,
Cleveland Cavaliers - New York Knicks,Winner Of Ec Sf2 Winner Of Ec Sf1,2026-05-25,2026-05-25 21:00,New York Knicks,Cleveland Cavaliers,Cleveland Cavaliers,Max Strus,TriplesInt,5.5,Sobre,1.63,dom,
Cleveland Cavaliers - New York Knicks,Winner Of Ec Sf2 Winner Of Ec Sf1,2026-05-25,2026-05-25 21:00,New York Knicks,Cleveland Cavaliers,Cleveland Cavaliers,Max Strus,TriplesInt,5.5,Debajo,2.10,dom,
Cleveland Cavaliers - New York Knicks,Winner Of Ec Sf2 Winner Of Ec Sf1,2026-05-25,2026-05-25 21:00,New York Knicks,Cleveland Cavaliers,Cleveland Cavaliers,Dean Wade,Puntos,3.5,Sobre,2.00,dom,
Cleveland Cavaliers - New York Knicks,Winner Of Ec Sf2 Winner Of Ec Sf1,2026-05-25,2026-05-25 21:00,New York Knicks,Cleveland Cavaliers,Cleveland Cavaliers,Dean Wade,Puntos,3.5,Debajo,1.70,dom,
Cleveland Cavaliers - New York Knicks,Winner Of Ec Sf2 Winner Of Ec Sf1,2026-05-25,2026-05-25 21:00,New York Knicks,Cleveland Cavaliers,Cleveland Cavaliers,Dean Wade,Puntos,4.5,Sobre,2.06,dom_alt,
Cleveland Cavaliers - New York Knicks,Winner Of Ec Sf2 Winner Of Ec Sf1,2026-05-25,2026-05-25 21:00,New York Knicks,Cleveland Cavaliers,Cleveland Cavaliers,Dean Wade,Puntos,4.5,Debajo,1.56,dom_alt,
Cleveland Cavaliers - New York Knicks,Winner Of Ec Sf2 Winner Of Ec Sf1,2026-05-25,2026-05-25 21:00,New York Knicks,Cleveland Cavaliers,Cleveland Cavaliers,Dean Wade,Puntos,2.5,Sobre,1.45,dom_alt,
Cleveland Cavaliers - New York Knicks,Winner Of Ec Sf2 Winner Of Ec Sf1,2026-05-25,2026-05-25 21:00,New York Knicks,Cleveland Cavaliers,Cleveland Cavaliers,Dean Wade,Puntos,2.5,Debajo,2.31,dom_alt,
Cleveland Cavaliers - New York Knicks,Winner Of Ec Sf2 Winner Of Ec Sf1,2026-05-25,2026-05-25 21:00,New York Knicks,Cleveland Cavaliers,Cleveland Cavaliers,Dean Wade,Puntos,5.5,Sobre,2.45,dom_alt,
Cleveland Cavaliers - New York Knicks,Winner Of Ec Sf2 Winner Of Ec Sf1,2026-05-25,2026-05-25 21:00,New York Knicks,Cleveland Cavaliers,Cleveland Cavaliers,Dean Wade,Puntos,5.5,Debajo,1.39,dom_alt,
Cleveland Cavaliers - New York Knicks,Winner Of Ec Sf2 Winner Of Ec Sf1,2026-05-25,2026-05-25 21:00,New York Knicks,Cleveland Cavaliers,Cleveland Cavaliers,Dean Wade,Rebotes,3.5,Sobre,1.91,dom,
Cleveland Cavaliers - New York Knicks,Winner Of Ec Sf2 Winner Of Ec Sf1,2026-05-25,2026-05-25 21:00,New York Knicks,Cleveland Cavaliers,Cleveland Cavaliers,Dean Wade,Rebotes,3.5,Debajo,1.77,dom,
Cleveland Cavaliers - New York Knicks,Winner Of Ec Sf2 Winner Of Ec Sf1,2026-05-25,2026-05-25 21:00,New York Knicks,Cleveland Cavaliers,Cleveland Cavaliers,Dean Wade,Rebotes,4.5,Sobre,2.46,dom_alt,
Cleveland Cavaliers - New York Knicks,Winner Of Ec Sf2 Winner Of Ec Sf1,2026-05-25,2026-05-25 21:00,New York Knicks,Cleveland Cavaliers,Cleveland Cavaliers,Dean Wade,Rebotes,4.5,Debajo,1.39,dom_alt,
Cleveland Cavaliers - New York Knicks,Winner Of Ec Sf2 Winner Of Ec Sf1,2026-05-25,2026-05-25 21:00,New York Knicks,Cleveland Cavaliers,Cleveland Cavaliers,Dean Wade,Rebotes,2.5,Sobre,1.41,dom_alt,
Cleveland Cavaliers - New York Knicks,Winner Of Ec Sf2 Winner Of Ec Sf1,2026-05-25,2026-05-25 21:00,New York Knicks,Cleveland Cavaliers,Cleveland Cavaliers,Dean Wade,Rebotes,2.5,Debajo,2.39,dom_alt,
Cleveland Cavaliers - New York Knicks,Winner Of Ec Sf2 Winner Of Ec Sf1,2026-05-25,2026-05-25 21:00,New York Knicks,Cleveland Cavaliers,Cleveland Cavaliers,Dean Wade,Triples,0.5,Sobre,1.56,dom,
Cleveland Cavaliers - New York Knicks,Winner Of Ec Sf2 Winner Of Ec Sf1,2026-05-25,2026-05-25 21:00,New York Knicks,Cleveland Cavaliers,Cleveland Cavaliers,Dean Wade,Triples,0.5,Debajo,2.23,dom,
Cleveland Cavaliers - New York Knicks,Winner Of Ec Sf2 Winner Of Ec Sf1,2026-05-25,2026-05-25 21:00,New York Knicks,Cleveland Cavaliers,Cleveland Cavaliers,Dean Wade,Robos,0.5,Sobre,2.11,dom,
Cleveland Cavaliers - New York Knicks,Winner Of Ec Sf2 Winner Of Ec Sf1,2026-05-25,2026-05-25 21:00,New York Knicks,Cleveland Cavaliers,Cleveland Cavaliers,Dean Wade,Robos,0.5,Debajo,1.62,dom,
Cleveland Cavaliers - New York Knicks,Winner Of Ec Sf2 Winner Of Ec Sf1,2026-05-25,2026-05-25 21:00,New York Knicks,Cleveland Cavaliers,Cleveland Cavaliers,Dean Wade,Puntos+Rebotes,7.5,Sobre,1.91,dom,
Cleveland Cavaliers - New York Knicks,Winner Of Ec Sf2 Winner Of Ec Sf1,2026-05-25,2026-05-25 21:00,New York Knicks,Cleveland Cavaliers,Cleveland Cavaliers,Dean Wade,Puntos+Rebotes,7.5,Debajo,1.77,dom,
Cleveland Cavaliers - New York Knicks,Winner Of Ec Sf2 Winner Of Ec Sf1,2026-05-25,2026-05-25 21:00,New York Knicks,Cleveland Cavaliers,Cleveland Cavaliers,Dean Wade,Puntos+Rebotes,8.5,Sobre,2.07,dom_alt,
Cleveland Cavaliers - New York Knicks,Winner Of Ec Sf2 Winner Of Ec Sf1,2026-05-25,2026-05-25 21:00,New York Knicks,Cleveland Cavaliers,Cleveland Cavaliers,Dean Wade,Puntos+Rebotes,8.5,Debajo,1.56,dom_alt,
Cleveland Cavaliers - New York Knicks,Winner Of Ec Sf2 Winner Of Ec Sf1,2026-05-25,2026-05-25 21:00,New York Knicks,Cleveland Cavaliers,Cleveland Cavaliers,Dean Wade,Puntos+Asistencias,4.5,Sobre,1.84,dom,
Cleveland Cavaliers - New York Knicks,Winner Of Ec Sf2 Winner Of Ec Sf1,2026-05-25,2026-05-25 21:00,New York Knicks,Cleveland Cavaliers,Cleveland Cavaliers,Dean Wade,Puntos+Asistencias,4.5,Debajo,1.83,dom,
Cleveland Cavaliers - New York Knicks,Winner Of Ec Sf2 Winner Of Ec Sf1,2026-05-25,2026-05-25 21:00,New York Knicks,Cleveland Cavaliers,Cleveland Cavaliers,Dean Wade,Puntos+Asistencias,5.5,Sobre,2.09,dom_alt,
Cleveland Cavaliers - New York Knicks,Winner Of Ec Sf2 Winner Of Ec Sf1,2026-05-25,2026-05-25 21:00,New York Knicks,Cleveland Cavaliers,Cleveland Cavaliers,Dean Wade,Puntos+Asistencias,5.5,Debajo,1.54,dom_alt,
Cleveland Cavaliers - New York Knicks,Winner Of Ec Sf2 Winner Of Ec Sf1,2026-05-25,2026-05-25 21:00,New York Knicks,Cleveland Cavaliers,Cleveland Cavaliers,Dean Wade,PRA,8.5,Sobre,1.92,dom,
Cleveland Cavaliers - New York Knicks,Winner Of Ec Sf2 Winner Of Ec Sf1,2026-05-25,2026-05-25 21:00,New York Knicks,Cleveland Cavaliers,Cleveland Cavaliers,Dean Wade,PRA,8.5,Debajo,1.75,dom,
Cleveland Cavaliers - New York Knicks,Winner Of Ec Sf2 Winner Of Ec Sf1,2026-05-25,2026-05-25 21:00,New York Knicks,Cleveland Cavaliers,Cleveland Cavaliers,Dean Wade,PRA,9.5,Sobre,2.07,dom_alt,
Cleveland Cavaliers - New York Knicks,Winner Of Ec Sf2 Winner Of Ec Sf1,2026-05-25,2026-05-25 21:00,New York Knicks,Cleveland Cavaliers,Cleveland Cavaliers,Dean Wade,PRA,9.5,Debajo,1.56,dom_alt,
Cleveland Cavaliers - New York Knicks,Winner Of Ec Sf2 Winner Of Ec Sf1,2026-05-25,2026-05-25 21:00,New York Knicks,Cleveland Cavaliers,Cleveland Cavaliers,Dean Wade,PRA,6.5,Sobre,1.47,dom_alt,
Cleveland Cavaliers - New York Knicks,Winner Of Ec Sf2 Winner Of Ec Sf1,2026-05-25,2026-05-25 21:00,New York Knicks,Cleveland Cavaliers,Cleveland Cavaliers,Dean Wade,PRA,6.5,Debajo,2.25,dom_alt,
Cleveland Cavaliers - New York Knicks,Winner Of Ec Sf2 Winner Of Ec Sf1,2026-05-25,2026-05-25 21:00,New York Knicks,Cleveland Cavaliers,Cleveland Cavaliers,Dean Wade,PRA,10.5,Sobre,2.42,dom_alt,
Cleveland Cavaliers - New York Knicks,Winner Of Ec Sf2 Winner Of Ec Sf1,2026-05-25,2026-05-25 21:00,New York Knicks,Cleveland Cavaliers,Cleveland Cavaliers,Dean Wade,PRA,10.5,Debajo,1.40,dom_alt,
Cleveland Cavaliers - New York Knicks,Winner Of Ec Sf2 Winner Of Ec Sf1,2026-05-25,2026-05-25 21:00,New York Knicks,Cleveland Cavaliers,Cleveland Cavaliers,Dean Wade,PRA,5.5,Sobre,1.31,dom_alt,
Cleveland Cavaliers - New York Knicks,Winner Of Ec Sf2 Winner Of Ec Sf1,2026-05-25,2026-05-25 21:00,New York Knicks,Cleveland Cavaliers,Cleveland Cavaliers,Dean Wade,PRA,5.5,Debajo,2.78,dom_alt,
Cleveland Cavaliers - New York Knicks,Winner Of Ec Sf2 Winner Of Ec Sf1,2026-05-25,2026-05-25 21:00,New York Knicks,Cleveland Cavaliers,Cleveland Cavaliers,Dean Wade,Asistencias+Rebotes,4.5,Sobre,1.91,dom,
Cleveland Cavaliers - New York Knicks,Winner Of Ec Sf2 Winner Of Ec Sf1,2026-05-25,2026-05-25 21:00,New York Knicks,Cleveland Cavaliers,Cleveland Cavaliers,Dean Wade,Asistencias+Rebotes,4.5,Debajo,1.77,dom,
Cleveland Cavaliers - New York Knicks,Winner Of Ec Sf2 Winner Of Ec Sf1,2026-05-25,2026-05-25 21:00,New York Knicks,Cleveland Cavaliers,Cleveland Cavaliers,Dean Wade,Robos+Tapones,0.5,Sobre,1.76,dom,
Cleveland Cavaliers - New York Knicks,Winner Of Ec Sf2 Winner Of Ec Sf1,2026-05-25,2026-05-25 21:00,New York Knicks,Cleveland Cavaliers,Cleveland Cavaliers,Dean Wade,Robos+Tapones,0.5,Debajo,1.91,dom,
Cleveland Cavaliers - New York Knicks,Winner Of Ec Sf2 Winner Of Ec Sf1,2026-05-25,2026-05-25 21:00,New York Knicks,Cleveland Cavaliers,Cleveland Cavaliers,Dean Wade,Asistencias,0.5,Sobre,1.52,dom,
Cleveland Cavaliers - New York Knicks,Winner Of Ec Sf2 Winner Of Ec Sf1,2026-05-25,2026-05-25 21:00,New York Knicks,Cleveland Cavaliers,Cleveland Cavaliers,Dean Wade,Asistencias,0.5,Debajo,2.33,dom,
Cleveland Cavaliers - New York Knicks,Winner Of Ec Sf2 Winner Of Ec Sf1,2026-05-25,2026-05-25 21:00,New York Knicks,Cleveland Cavaliers,Cleveland Cavaliers,Dean Wade,PuntosPrimerCuarto,0.5,Sobre,2.33,dom,
Cleveland Cavaliers - New York Knicks,Winner Of Ec Sf2 Winner Of Ec Sf1,2026-05-25,2026-05-25 21:00,New York Knicks,Cleveland Cavaliers,Cleveland Cavaliers,Dean Wade,PuntosPrimerCuarto,0.5,Debajo,1.51,dom,
Cleveland Cavaliers - New York Knicks,Winner Of Ec Sf2 Winner Of Ec Sf1,2026-05-25,2026-05-25 21:00,New York Knicks,Cleveland Cavaliers,Cleveland Cavaliers,Dean Wade,PuntosPrimerCuarto,1.5,Sobre,2.16,dom_alt,
Cleveland Cavaliers - New York Knicks,Winner Of Ec Sf2 Winner Of Ec Sf1,2026-05-25,2026-05-25 21:00,New York Knicks,Cleveland Cavaliers,Cleveland Cavaliers,Dean Wade,PuntosPrimerCuarto,1.5,Debajo,1.51,dom_alt,
Cleveland Cavaliers - New York Knicks,Winner Of Ec Sf2 Winner Of Ec Sf1,2026-05-25,2026-05-25 21:00,New York Knicks,Cleveland Cavaliers,Cleveland Cavaliers,Dean Wade,TriplesInt,2.5,Sobre,2.00,dom,
Cleveland Cavaliers - New York Knicks,Winner Of Ec Sf2 Winner Of Ec Sf1,2026-05-25,2026-05-25 21:00,New York Knicks,Cleveland Cavaliers,Cleveland Cavaliers,Dean Wade,TriplesInt,2.5,Debajo,1.70,dom,
Cleveland Cavaliers - New York Knicks,Winner Of Ec Sf2 Winner Of Ec Sf1,2026-05-25,2026-05-25 21:00,New York Knicks,Cleveland Cavaliers,Cleveland Cavaliers,Dean Wade,Faltas,1.5,Sobre,1.91,dom,
Cleveland Cavaliers - New York Knicks,Winner Of Ec Sf2 Winner Of Ec Sf1,2026-05-25,2026-05-25 21:00,New York Knicks,Cleveland Cavaliers,Cleveland Cavaliers,Dean Wade,Faltas,1.5,Debajo,1.76,dom,
Cleveland Cavaliers - New York Knicks,Winner Of Ec Sf2 Winner Of Ec Sf1,2026-05-25,2026-05-25 21:00,New York Knicks,Cleveland Cavaliers,New York Knicks,Jose Alvarado,Puntos,2.5,Sobre,1.83,dom,
Cleveland Cavaliers - New York Knicks,Winner Of Ec Sf2 Winner Of Ec Sf1,2026-05-25,2026-05-25 21:00,New York Knicks,Cleveland Cavaliers,New York Knicks,Jose Alvarado,Puntos,2.5,Debajo,1.84,dom,
Cleveland Cavaliers - New York Knicks,Winner Of Ec Sf2 Winner Of Ec Sf1,2026-05-25,2026-05-25 21:00,New York Knicks,Cleveland Cavaliers,New York Knicks,Jose Alvarado,Puntos,3.5,Sobre,2.37,dom_alt,
Cleveland Cavaliers - New York Knicks,Winner Of Ec Sf2 Winner Of Ec Sf1,2026-05-25,2026-05-25 21:00,New York Knicks,Cleveland Cavaliers,New York Knicks,Jose Alvarado,Puntos,3.5,Debajo,1.42,dom_alt,
Cleveland Cavaliers - New York Knicks,Winner Of Ec Sf2 Winner Of Ec Sf1,2026-05-25,2026-05-25 21:00,New York Knicks,Cleveland Cavaliers,New York Knicks,Jose Alvarado,Puntos,1.5,Sobre,1.53,dom_alt,
Cleveland Cavaliers - New York Knicks,Winner Of Ec Sf2 Winner Of Ec Sf1,2026-05-25,2026-05-25 21:00,New York Knicks,Cleveland Cavaliers,New York Knicks,Jose Alvarado,Puntos,1.5,Debajo,2.13,dom_alt,
Cleveland Cavaliers - New York Knicks,Winner Of Ec Sf2 Winner Of Ec Sf1,2026-05-25,2026-05-25 21:00,New York Knicks,Cleveland Cavaliers,New York Knicks,Jose Alvarado,Puntos,4.5,Sobre,2.62,dom_alt,
Cleveland Cavaliers - New York Knicks,Winner Of Ec Sf2 Winner Of Ec Sf1,2026-05-25,2026-05-25 21:00,New York Knicks,Cleveland Cavaliers,New York Knicks,Jose Alvarado,Puntos,4.5,Debajo,1.35,dom_alt,
Cleveland Cavaliers - New York Knicks,Winner Of Ec Sf2 Winner Of Ec Sf1,2026-05-25,2026-05-25 21:00,New York Knicks,Cleveland Cavaliers,New York Knicks,Jose Alvarado,Puntos,0.5,Sobre,1.49,dom_alt,
Cleveland Cavaliers - New York Knicks,Winner Of Ec Sf2 Winner Of Ec Sf1,2026-05-25,2026-05-25 21:00,New York Knicks,Cleveland Cavaliers,New York Knicks,Jose Alvarado,Puntos,0.5,Debajo,2.21,dom_alt,
Cleveland Cavaliers - New York Knicks,Winner Of Ec Sf2 Winner Of Ec Sf1,2026-05-25,2026-05-25 21:00,New York Knicks,Cleveland Cavaliers,New York Knicks,Jose Alvarado,Rebotes,0.5,Sobre,1.79,dom,
Cleveland Cavaliers - New York Knicks,Winner Of Ec Sf2 Winner Of Ec Sf1,2026-05-25,2026-05-25 21:00,New York Knicks,Cleveland Cavaliers,New York Knicks,Jose Alvarado,Rebotes,0.5,Debajo,1.88,dom,
Cleveland Cavaliers - New York Knicks,Winner Of Ec Sf2 Winner Of Ec Sf1,2026-05-25,2026-05-25 21:00,New York Knicks,Cleveland Cavaliers,New York Knicks,Jose Alvarado,Triples,0.5,Sobre,2.06,dom,
Cleveland Cavaliers - New York Knicks,Winner Of Ec Sf2 Winner Of Ec Sf1,2026-05-25,2026-05-25 21:00,New York Knicks,Cleveland Cavaliers,New York Knicks,Jose Alvarado,Triples,0.5,Debajo,1.65,dom,
Cleveland Cavaliers - New York Knicks,Winner Of Ec Sf2 Winner Of Ec Sf1,2026-05-25,2026-05-25 21:00,New York Knicks,Cleveland Cavaliers,New York Knicks,Jose Alvarado,Puntos+Rebotes,3.5,Sobre,2.03,dom,
Cleveland Cavaliers - New York Knicks,Winner Of Ec Sf2 Winner Of Ec Sf1,2026-05-25,2026-05-25 21:00,New York Knicks,Cleveland Cavaliers,New York Knicks,Jose Alvarado,Puntos+Rebotes,3.5,Debajo,1.67,dom,
Cleveland Cavaliers - New York Knicks,Winner Of Ec Sf2 Winner Of Ec Sf1,2026-05-25,2026-05-25 21:00,New York Knicks,Cleveland Cavaliers,New York Knicks,Jose Alvarado,Puntos+Asistencias,3.5,Sobre,1.96,dom,
Cleveland Cavaliers - New York Knicks,Winner Of Ec Sf2 Winner Of Ec Sf1,2026-05-25,2026-05-25 21:00,New York Knicks,Cleveland Cavaliers,New York Knicks,Jose Alvarado,Puntos+Asistencias,3.5,Debajo,1.72,dom,
Cleveland Cavaliers - New York Knicks,Winner Of Ec Sf2 Winner Of Ec Sf1,2026-05-25,2026-05-25 21:00,New York Knicks,Cleveland Cavaliers,New York Knicks,Jose Alvarado,PRA,3.5,Sobre,1.70,dom,
Cleveland Cavaliers - New York Knicks,Winner Of Ec Sf2 Winner Of Ec Sf1,2026-05-25,2026-05-25 21:00,New York Knicks,Cleveland Cavaliers,New York Knicks,Jose Alvarado,PRA,3.5,Debajo,1.99,dom,
Cleveland Cavaliers - New York Knicks,Winner Of Ec Sf2 Winner Of Ec Sf1,2026-05-25,2026-05-25 21:00,New York Knicks,Cleveland Cavaliers,New York Knicks,Jose Alvarado,PRA,4.5,Sobre,1.94,dom_alt,
Cleveland Cavaliers - New York Knicks,Winner Of Ec Sf2 Winner Of Ec Sf1,2026-05-25,2026-05-25 21:00,New York Knicks,Cleveland Cavaliers,New York Knicks,Jose Alvarado,PRA,4.5,Debajo,1.64,dom_alt,
Cleveland Cavaliers - New York Knicks,Winner Of Ec Sf2 Winner Of Ec Sf1,2026-05-25,2026-05-25 21:00,New York Knicks,Cleveland Cavaliers,New York Knicks,Jose Alvarado,PRA,5.5,Sobre,2.21,dom_alt,
Cleveland Cavaliers - New York Knicks,Winner Of Ec Sf2 Winner Of Ec Sf1,2026-05-25,2026-05-25 21:00,New York Knicks,Cleveland Cavaliers,New York Knicks,Jose Alvarado,PRA,5.5,Debajo,1.49,dom_alt,
Cleveland Cavaliers - New York Knicks,Winner Of Ec Sf2 Winner Of Ec Sf1,2026-05-25,2026-05-25 21:00,New York Knicks,Cleveland Cavaliers,New York Knicks,Jose Alvarado,PRA,6.5,Sobre,2.64,dom_alt,
Cleveland Cavaliers - New York Knicks,Winner Of Ec Sf2 Winner Of Ec Sf1,2026-05-25,2026-05-25 21:00,New York Knicks,Cleveland Cavaliers,New York Knicks,Jose Alvarado,PRA,6.5,Debajo,1.34,dom_alt,
Cleveland Cavaliers - New York Knicks,Winner Of Ec Sf2 Winner Of Ec Sf1,2026-05-25,2026-05-25 21:00,New York Knicks,Cleveland Cavaliers,New York Knicks,Jose Alvarado,Asistencias+Rebotes,1.5,Sobre,1.92,dom,
Cleveland Cavaliers - New York Knicks,Winner Of Ec Sf2 Winner Of Ec Sf1,2026-05-25,2026-05-25 21:00,New York Knicks,Cleveland Cavaliers,New York Knicks,Jose Alvarado,Asistencias+Rebotes,1.5,Debajo,1.76,dom,
Cleveland Cavaliers - New York Knicks,Winner Of Ec Sf2 Winner Of Ec Sf1,2026-05-25,2026-05-25 21:00,New York Knicks,Cleveland Cavaliers,New York Knicks,Jose Alvarado,Asistencias,0.5,Sobre,1.66,dom,
Cleveland Cavaliers - New York Knicks,Winner Of Ec Sf2 Winner Of Ec Sf1,2026-05-25,2026-05-25 21:00,New York Knicks,Cleveland Cavaliers,New York Knicks,Jose Alvarado,Asistencias,0.5,Debajo,2.06,dom,
Cleveland Cavaliers - New York Knicks,Winner Of Ec Sf2 Winner Of Ec Sf1,2026-05-25,2026-05-25 21:00,New York Knicks,Cleveland Cavaliers,New York Knicks,Jose Alvarado,GolesCampoInt,2.5,Sobre,2.05,dom,
Cleveland Cavaliers - New York Knicks,Winner Of Ec Sf2 Winner Of Ec Sf1,2026-05-25,2026-05-25 21:00,New York Knicks,Cleveland Cavaliers,New York Knicks,Jose Alvarado,GolesCampoInt,2.5,Debajo,1.66,dom,
Cleveland Cavaliers - New York Knicks,Winner Of Ec Sf2 Winner Of Ec Sf1,2026-05-25,2026-05-25 21:00,New York Knicks,Cleveland Cavaliers,New York Knicks,Jose Alvarado,TriplesInt,1.5,Sobre,1.95,dom,
Cleveland Cavaliers - New York Knicks,Winner Of Ec Sf2 Winner Of Ec Sf1,2026-05-25,2026-05-25 21:00,New York Knicks,Cleveland Cavaliers,New York Knicks,Jose Alvarado,TriplesInt,1.5,Debajo,1.74,dom,
Cleveland Cavaliers - New York Knicks,Winner Of Ec Sf2 Winner Of Ec Sf1,2026-05-25,2026-05-25 21:00,New York Knicks,Cleveland Cavaliers,New York Knicks,Jose Alvarado,Faltas,0.5,Sobre,1.84,dom,
Cleveland Cavaliers - New York Knicks,Winner Of Ec Sf2 Winner Of Ec Sf1,2026-05-25,2026-05-25 21:00,New York Knicks,Cleveland Cavaliers,New York Knicks,Jose Alvarado,Faltas,0.5,Debajo,1.83,dom,
Cleveland Cavaliers - New York Knicks,Winner Of Ec Sf2 Winner Of Ec Sf1,2026-05-25,2026-05-25 21:00,New York Knicks,Cleveland Cavaliers,New York Knicks,OG Anunoby,Puntos,15.5,Sobre,1.87,dom,
Cleveland Cavaliers - New York Knicks,Winner Of Ec Sf2 Winner Of Ec Sf1,2026-05-25,2026-05-25 21:00,New York Knicks,Cleveland Cavaliers,New York Knicks,OG Anunoby,Puntos,15.5,Debajo,1.80,dom,
Cleveland Cavaliers - New York Knicks,Winner Of Ec Sf2 Winner Of Ec Sf1,2026-05-25,2026-05-25 21:00,New York Knicks,Cleveland Cavaliers,New York Knicks,OG Anunoby,Puntos,16.5,Sobre,2.01,dom_alt,
Cleveland Cavaliers - New York Knicks,Winner Of Ec Sf2 Winner Of Ec Sf1,2026-05-25,2026-05-25 21:00,New York Knicks,Cleveland Cavaliers,New York Knicks,OG Anunoby,Puntos,16.5,Debajo,1.59,dom_alt,
Cleveland Cavaliers - New York Knicks,Winner Of Ec Sf2 Winner Of Ec Sf1,2026-05-25,2026-05-25 21:00,New York Knicks,Cleveland Cavaliers,New York Knicks,OG Anunoby,Puntos,17.5,Sobre,2.20,dom_alt,
Cleveland Cavaliers - New York Knicks,Winner Of Ec Sf2 Winner Of Ec Sf1,2026-05-25,2026-05-25 21:00,New York Knicks,Cleveland Cavaliers,New York Knicks,OG Anunoby,Puntos,17.5,Debajo,1.49,dom_alt,
Cleveland Cavaliers - New York Knicks,Winner Of Ec Sf2 Winner Of Ec Sf1,2026-05-25,2026-05-25 21:00,New York Knicks,Cleveland Cavaliers,New York Knicks,OG Anunoby,Puntos,13.5,Sobre,1.53,dom_alt,
Cleveland Cavaliers - New York Knicks,Winner Of Ec Sf2 Winner Of Ec Sf1,2026-05-25,2026-05-25 21:00,New York Knicks,Cleveland Cavaliers,New York Knicks,OG Anunoby,Puntos,13.5,Debajo,2.12,dom_alt,
Cleveland Cavaliers - New York Knicks,Winner Of Ec Sf2 Winner Of Ec Sf1,2026-05-25,2026-05-25 21:00,New York Knicks,Cleveland Cavaliers,New York Knicks,OG Anunoby,Puntos,18.5,Sobre,2.48,dom_alt,
Cleveland Cavaliers - New York Knicks,Winner Of Ec Sf2 Winner Of Ec Sf1,2026-05-25,2026-05-25 21:00,New York Knicks,Cleveland Cavaliers,New York Knicks,OG Anunoby,Puntos,18.5,Debajo,1.38,dom_alt,
Cleveland Cavaliers - New York Knicks,Winner Of Ec Sf2 Winner Of Ec Sf1,2026-05-25,2026-05-25 21:00,New York Knicks,Cleveland Cavaliers,New York Knicks,OG Anunoby,Puntos,12.5,Sobre,1.40,dom_alt,
Cleveland Cavaliers - New York Knicks,Winner Of Ec Sf2 Winner Of Ec Sf1,2026-05-25,2026-05-25 21:00,New York Knicks,Cleveland Cavaliers,New York Knicks,OG Anunoby,Puntos,12.5,Debajo,2.43,dom_alt,
Cleveland Cavaliers - New York Knicks,Winner Of Ec Sf2 Winner Of Ec Sf1,2026-05-25,2026-05-25 21:00,New York Knicks,Cleveland Cavaliers,New York Knicks,OG Anunoby,Puntos,19.5,Sobre,2.86,dom_alt,
Cleveland Cavaliers - New York Knicks,Winner Of Ec Sf2 Winner Of Ec Sf1,2026-05-25,2026-05-25 21:00,New York Knicks,Cleveland Cavaliers,New York Knicks,OG Anunoby,Puntos,19.5,Debajo,1.29,dom_alt,
Cleveland Cavaliers - New York Knicks,Winner Of Ec Sf2 Winner Of Ec Sf1,2026-05-25,2026-05-25 21:00,New York Knicks,Cleveland Cavaliers,New York Knicks,OG Anunoby,Puntos,11.5,Sobre,1.30,dom_alt,
Cleveland Cavaliers - New York Knicks,Winner Of Ec Sf2 Winner Of Ec Sf1,2026-05-25,2026-05-25 21:00,New York Knicks,Cleveland Cavaliers,New York Knicks,OG Anunoby,Puntos,11.5,Debajo,2.82,dom_alt,
Cleveland Cavaliers - New York Knicks,Winner Of Ec Sf2 Winner Of Ec Sf1,2026-05-25,2026-05-25 21:00,New York Knicks,Cleveland Cavaliers,New York Knicks,OG Anunoby,Rebotes,5.5,Sobre,2.08,dom,
Cleveland Cavaliers - New York Knicks,Winner Of Ec Sf2 Winner Of Ec Sf1,2026-05-25,2026-05-25 21:00,New York Knicks,Cleveland Cavaliers,New York Knicks,OG Anunoby,Rebotes,5.5,Debajo,1.64,dom,
Cleveland Cavaliers - New York Knicks,Winner Of Ec Sf2 Winner Of Ec Sf1,2026-05-25,2026-05-25 21:00,New York Knicks,Cleveland Cavaliers,New York Knicks,OG Anunoby,Rebotes,6.5,Sobre,2.62,dom_alt,
Cleveland Cavaliers - New York Knicks,Winner Of Ec Sf2 Winner Of Ec Sf1,2026-05-25,2026-05-25 21:00,New York Knicks,Cleveland Cavaliers,New York Knicks,OG Anunoby,Rebotes,6.5,Debajo,1.34,dom_alt,
Cleveland Cavaliers - New York Knicks,Winner Of Ec Sf2 Winner Of Ec Sf1,2026-05-25,2026-05-25 21:00,New York Knicks,Cleveland Cavaliers,New York Knicks,OG Anunoby,Triples,2.5,Sobre,2.38,dom,
Cleveland Cavaliers - New York Knicks,Winner Of Ec Sf2 Winner Of Ec Sf1,2026-05-25,2026-05-25 21:00,New York Knicks,Cleveland Cavaliers,New York Knicks,OG Anunoby,Triples,2.5,Debajo,1.49,dom,
Cleveland Cavaliers - New York Knicks,Winner Of Ec Sf2 Winner Of Ec Sf1,2026-05-25,2026-05-25 21:00,New York Knicks,Cleveland Cavaliers,New York Knicks,OG Anunoby,Triples,1.5,Sobre,1.47,dom_alt,
Cleveland Cavaliers - New York Knicks,Winner Of Ec Sf2 Winner Of Ec Sf1,2026-05-25,2026-05-25 21:00,New York Knicks,Cleveland Cavaliers,New York Knicks,OG Anunoby,Triples,1.5,Debajo,2.24,dom_alt,
Cleveland Cavaliers - New York Knicks,Winner Of Ec Sf2 Winner Of Ec Sf1,2026-05-25,2026-05-25 21:00,New York Knicks,Cleveland Cavaliers,New York Knicks,OG Anunoby,Robos,1.5,Sobre,2.21,dom,
Cleveland Cavaliers - New York Knicks,Winner Of Ec Sf2 Winner Of Ec Sf1,2026-05-25,2026-05-25 21:00,New York Knicks,Cleveland Cavaliers,New York Knicks,OG Anunoby,Robos,1.5,Debajo,1.57,dom,
Cleveland Cavaliers - New York Knicks,Winner Of Ec Sf2 Winner Of Ec Sf1,2026-05-25,2026-05-25 21:00,New York Knicks,Cleveland Cavaliers,New York Knicks,OG Anunoby,Tapones,0.5,Sobre,1.62,dom,
Cleveland Cavaliers - New York Knicks,Winner Of Ec Sf2 Winner Of Ec Sf1,2026-05-25,2026-05-25 21:00,New York Knicks,Cleveland Cavaliers,New York Knicks,OG Anunoby,Tapones,0.5,Debajo,2.12,dom,
Cleveland Cavaliers - New York Knicks,Winner Of Ec Sf2 Winner Of Ec Sf1,2026-05-25,2026-05-25 21:00,New York Knicks,Cleveland Cavaliers,New York Knicks,OG Anunoby,Puntos+Rebotes,20.5,Sobre,1.80,dom,
Cleveland Cavaliers - New York Knicks,Winner Of Ec Sf2 Winner Of Ec Sf1,2026-05-25,2026-05-25 21:00,New York Knicks,Cleveland Cavaliers,New York Knicks,OG Anunoby,Puntos+Rebotes,20.5,Debajo,1.87,dom,
Cleveland Cavaliers - New York Knicks,Winner Of Ec Sf2 Winner Of Ec Sf1,2026-05-25,2026-05-25 21:00,New York Knicks,Cleveland Cavaliers,New York Knicks,OG Anunoby,Puntos+Rebotes,18.5,Sobre,1.53,dom_alt,
Cleveland Cavaliers - New York Knicks,Winner Of Ec Sf2 Winner Of Ec Sf1,2026-05-25,2026-05-25 21:00,New York Knicks,Cleveland Cavaliers,New York Knicks,OG Anunoby,Puntos+Rebotes,18.5,Debajo,2.11,dom_alt,
Cleveland Cavaliers - New York Knicks,Winner Of Ec Sf2 Winner Of Ec Sf1,2026-05-25,2026-05-25 21:00,New York Knicks,Cleveland Cavaliers,New York Knicks,OG Anunoby,Puntos+Rebotes,21.5,Sobre,1.91,dom_alt,
Cleveland Cavaliers - New York Knicks,Winner Of Ec Sf2 Winner Of Ec Sf1,2026-05-25,2026-05-25 21:00,New York Knicks,Cleveland Cavaliers,New York Knicks,OG Anunoby,Puntos+Rebotes,21.5,Debajo,1.66,dom_alt,
Cleveland Cavaliers - New York Knicks,Winner Of Ec Sf2 Winner Of Ec Sf1,2026-05-25,2026-05-25 21:00,New York Knicks,Cleveland Cavaliers,New York Knicks,OG Anunoby,Puntos+Rebotes,22.5,Sobre,2.13,dom_alt,
Cleveland Cavaliers - New York Knicks,Winner Of Ec Sf2 Winner Of Ec Sf1,2026-05-25,2026-05-25 21:00,New York Knicks,Cleveland Cavaliers,New York Knicks,OG Anunoby,Puntos+Rebotes,22.5,Debajo,1.53,dom_alt,
Cleveland Cavaliers - New York Knicks,Winner Of Ec Sf2 Winner Of Ec Sf1,2026-05-25,2026-05-25 21:00,New York Knicks,Cleveland Cavaliers,New York Knicks,OG Anunoby,Puntos+Asistencias,17.5,Sobre,1.89,dom,
Cleveland Cavaliers - New York Knicks,Winner Of Ec Sf2 Winner Of Ec Sf1,2026-05-25,2026-05-25 21:00,New York Knicks,Cleveland Cavaliers,New York Knicks,OG Anunoby,Puntos+Asistencias,17.5,Debajo,1.78,dom,
Cleveland Cavaliers - New York Knicks,Winner Of Ec Sf2 Winner Of Ec Sf1,2026-05-25,2026-05-25 21:00,New York Knicks,Cleveland Cavaliers,New York Knicks,OG Anunoby,Puntos+Asistencias,16.5,Sobre,1.66,dom_alt,
Cleveland Cavaliers - New York Knicks,Winner Of Ec Sf2 Winner Of Ec Sf1,2026-05-25,2026-05-25 21:00,New York Knicks,Cleveland Cavaliers,New York Knicks,OG Anunoby,Puntos+Asistencias,16.5,Debajo,1.92,dom_alt,
Cleveland Cavaliers - New York Knicks,Winner Of Ec Sf2 Winner Of Ec Sf1,2026-05-25,2026-05-25 21:00,New York Knicks,Cleveland Cavaliers,New York Knicks,OG Anunoby,Puntos+Asistencias,18.5,Sobre,2.02,dom_alt,
Cleveland Cavaliers - New York Knicks,Winner Of Ec Sf2 Winner Of Ec Sf1,2026-05-25,2026-05-25 21:00,New York Knicks,Cleveland Cavaliers,New York Knicks,OG Anunoby,Puntos+Asistencias,18.5,Debajo,1.59,dom_alt,
Cleveland Cavaliers - New York Knicks,Winner Of Ec Sf2 Winner Of Ec Sf1,2026-05-25,2026-05-25 21:00,New York Knicks,Cleveland Cavaliers,New York Knicks,OG Anunoby,Puntos+Asistencias,15.5,Sobre,1.55,dom_alt,
Cleveland Cavaliers - New York Knicks,Winner Of Ec Sf2 Winner Of Ec Sf1,2026-05-25,2026-05-25 21:00,New York Knicks,Cleveland Cavaliers,New York Knicks,OG Anunoby,Puntos+Asistencias,15.5,Debajo,2.09,dom_alt,
Cleveland Cavaliers - New York Knicks,Winner Of Ec Sf2 Winner Of Ec Sf1,2026-05-25,2026-05-25 21:00,New York Knicks,Cleveland Cavaliers,New York Knicks,OG Anunoby,Puntos+Asistencias,19.5,Sobre,2.18,dom_alt,
Cleveland Cavaliers - New York Knicks,Winner Of Ec Sf2 Winner Of Ec Sf1,2026-05-25,2026-05-25 21:00,New York Knicks,Cleveland Cavaliers,New York Knicks,OG Anunoby,Puntos+Asistencias,19.5,Debajo,1.50,dom_alt,
Cleveland Cavaliers - New York Knicks,Winner Of Ec Sf2 Winner Of Ec Sf1,2026-05-25,2026-05-25 21:00,New York Knicks,Cleveland Cavaliers,New York Knicks,OG Anunoby,PRA,22.5,Sobre,1.82,dom,
Cleveland Cavaliers - New York Knicks,Winner Of Ec Sf2 Winner Of Ec Sf1,2026-05-25,2026-05-25 21:00,New York Knicks,Cleveland Cavaliers,New York Knicks,OG Anunoby,PRA,22.5,Debajo,1.85,dom,
Cleveland Cavaliers - New York Knicks,Winner Of Ec Sf2 Winner Of Ec Sf1,2026-05-25,2026-05-25 21:00,New York Knicks,Cleveland Cavaliers,New York Knicks,OG Anunoby,PRA,23.5,Sobre,1.91,dom_alt,
Cleveland Cavaliers - New York Knicks,Winner Of Ec Sf2 Winner Of Ec Sf1,2026-05-25,2026-05-25 21:00,New York Knicks,Cleveland Cavaliers,New York Knicks,OG Anunoby,PRA,23.5,Debajo,1.66,dom_alt,
Cleveland Cavaliers - New York Knicks,Winner Of Ec Sf2 Winner Of Ec Sf1,2026-05-25,2026-05-25 21:00,New York Knicks,Cleveland Cavaliers,New York Knicks,OG Anunoby,PRA,24.5,Sobre,2.05,dom_alt,
Cleveland Cavaliers - New York Knicks,Winner Of Ec Sf2 Winner Of Ec Sf1,2026-05-25,2026-05-25 21:00,New York Knicks,Cleveland Cavaliers,New York Knicks,OG Anunoby,PRA,24.5,Debajo,1.57,dom_alt,
Cleveland Cavaliers - New York Knicks,Winner Of Ec Sf2 Winner Of Ec Sf1,2026-05-25,2026-05-25 21:00,New York Knicks,Cleveland Cavaliers,New York Knicks,OG Anunoby,PRA,20.5,Sobre,1.54,dom_alt,
Cleveland Cavaliers - New York Knicks,Winner Of Ec Sf2 Winner Of Ec Sf1,2026-05-25,2026-05-25 21:00,New York Knicks,Cleveland Cavaliers,New York Knicks,OG Anunoby,PRA,20.5,Debajo,2.11,dom_alt,
Cleveland Cavaliers - New York Knicks,Winner Of Ec Sf2 Winner Of Ec Sf1,2026-05-25,2026-05-25 21:00,New York Knicks,Cleveland Cavaliers,New York Knicks,OG Anunoby,PRA,19.5,Sobre,1.42,dom_alt,
Cleveland Cavaliers - New York Knicks,Winner Of Ec Sf2 Winner Of Ec Sf1,2026-05-25,2026-05-25 21:00,New York Knicks,Cleveland Cavaliers,New York Knicks,OG Anunoby,PRA,19.5,Debajo,2.37,dom_alt,
Cleveland Cavaliers - New York Knicks,Winner Of Ec Sf2 Winner Of Ec Sf1,2026-05-25,2026-05-25 21:00,New York Knicks,Cleveland Cavaliers,New York Knicks,OG Anunoby,PRA,25.5,Sobre,2.29,dom_alt,
Cleveland Cavaliers - New York Knicks,Winner Of Ec Sf2 Winner Of Ec Sf1,2026-05-25,2026-05-25 21:00,New York Knicks,Cleveland Cavaliers,New York Knicks,OG Anunoby,PRA,25.5,Debajo,1.45,dom_alt,
Cleveland Cavaliers - New York Knicks,Winner Of Ec Sf2 Winner Of Ec Sf1,2026-05-25,2026-05-25 21:00,New York Knicks,Cleveland Cavaliers,New York Knicks,OG Anunoby,PRA,18.5,Sobre,1.33,dom_alt,
Cleveland Cavaliers - New York Knicks,Winner Of Ec Sf2 Winner Of Ec Sf1,2026-05-25,2026-05-25 21:00,New York Knicks,Cleveland Cavaliers,New York Knicks,OG Anunoby,PRA,18.5,Debajo,2.69,dom_alt,
Cleveland Cavaliers - New York Knicks,Winner Of Ec Sf2 Winner Of Ec Sf1,2026-05-25,2026-05-25 21:00,New York Knicks,Cleveland Cavaliers,New York Knicks,OG Anunoby,PRA,26.5,Sobre,2.55,dom_alt,
Cleveland Cavaliers - New York Knicks,Winner Of Ec Sf2 Winner Of Ec Sf1,2026-05-25,2026-05-25 21:00,New York Knicks,Cleveland Cavaliers,New York Knicks,OG Anunoby,PRA,26.5,Debajo,1.36,dom_alt,
Cleveland Cavaliers - New York Knicks,Winner Of Ec Sf2 Winner Of Ec Sf1,2026-05-25,2026-05-25 21:00,New York Knicks,Cleveland Cavaliers,New York Knicks,OG Anunoby,Asistencias+Rebotes,7.5,Sobre,2.06,dom,
Cleveland Cavaliers - New York Knicks,Winner Of Ec Sf2 Winner Of Ec Sf1,2026-05-25,2026-05-25 21:00,New York Knicks,Cleveland Cavaliers,New York Knicks,OG Anunoby,Asistencias+Rebotes,7.5,Debajo,1.66,dom,
Cleveland Cavaliers - New York Knicks,Winner Of Ec Sf2 Winner Of Ec Sf1,2026-05-25,2026-05-25 21:00,New York Knicks,Cleveland Cavaliers,New York Knicks,OG Anunoby,Asistencias+Rebotes,6.5,Sobre,1.59,dom_alt,
Cleveland Cavaliers - New York Knicks,Winner Of Ec Sf2 Winner Of Ec Sf1,2026-05-25,2026-05-25 21:00,New York Knicks,Cleveland Cavaliers,New York Knicks,OG Anunoby,Asistencias+Rebotes,6.5,Debajo,2.02,dom_alt,
Cleveland Cavaliers - New York Knicks,Winner Of Ec Sf2 Winner Of Ec Sf1,2026-05-25,2026-05-25 21:00,New York Knicks,Cleveland Cavaliers,New York Knicks,OG Anunoby,Robos+Tapones,2.5,Sobre,2.29,dom,
Cleveland Cavaliers - New York Knicks,Winner Of Ec Sf2 Winner Of Ec Sf1,2026-05-25,2026-05-25 21:00,New York Knicks,Cleveland Cavaliers,New York Knicks,OG Anunoby,Robos+Tapones,2.5,Debajo,1.53,dom,
Cleveland Cavaliers - New York Knicks,Winner Of Ec Sf2 Winner Of Ec Sf1,2026-05-25,2026-05-25 21:00,New York Knicks,Cleveland Cavaliers,New York Knicks,OG Anunoby,Asistencias,1.5,Sobre,1.61,dom,
Cleveland Cavaliers - New York Knicks,Winner Of Ec Sf2 Winner Of Ec Sf1,2026-05-25,2026-05-25 21:00,New York Knicks,Cleveland Cavaliers,New York Knicks,OG Anunoby,Asistencias,1.5,Debajo,2.14,dom,
Cleveland Cavaliers - New York Knicks,Winner Of Ec Sf2 Winner Of Ec Sf1,2026-05-25,2026-05-25 21:00,New York Knicks,Cleveland Cavaliers,New York Knicks,OG Anunoby,Asistencias,2.5,Sobre,2.53,dom_alt,
Cleveland Cavaliers - New York Knicks,Winner Of Ec Sf2 Winner Of Ec Sf1,2026-05-25,2026-05-25 21:00,New York Knicks,Cleveland Cavaliers,New York Knicks,OG Anunoby,Asistencias,2.5,Debajo,1.37,dom_alt,
Cleveland Cavaliers - New York Knicks,Winner Of Ec Sf2 Winner Of Ec Sf1,2026-05-25,2026-05-25 21:00,New York Knicks,Cleveland Cavaliers,New York Knicks,OG Anunoby,PuntosPrimerCuarto,3.5,Sobre,1.92,dom,
Cleveland Cavaliers - New York Knicks,Winner Of Ec Sf2 Winner Of Ec Sf1,2026-05-25,2026-05-25 21:00,New York Knicks,Cleveland Cavaliers,New York Knicks,OG Anunoby,PuntosPrimerCuarto,3.5,Debajo,1.75,dom,
Cleveland Cavaliers - New York Knicks,Winner Of Ec Sf2 Winner Of Ec Sf1,2026-05-25,2026-05-25 21:00,New York Knicks,Cleveland Cavaliers,New York Knicks,OG Anunoby,PuntosPrimerCuarto,4.5,Sobre,2.13,dom_alt,
Cleveland Cavaliers - New York Knicks,Winner Of Ec Sf2 Winner Of Ec Sf1,2026-05-25,2026-05-25 21:00,New York Knicks,Cleveland Cavaliers,New York Knicks,OG Anunoby,PuntosPrimerCuarto,4.5,Debajo,1.52,dom_alt,
Cleveland Cavaliers - New York Knicks,Winner Of Ec Sf2 Winner Of Ec Sf1,2026-05-25,2026-05-25 21:00,New York Knicks,Cleveland Cavaliers,New York Knicks,OG Anunoby,AsistenciasPrimerCuarto,0.5,Sobre,2.30,dom,
Cleveland Cavaliers - New York Knicks,Winner Of Ec Sf2 Winner Of Ec Sf1,2026-05-25,2026-05-25 21:00,New York Knicks,Cleveland Cavaliers,New York Knicks,OG Anunoby,AsistenciasPrimerCuarto,0.5,Debajo,1.52,dom,
Cleveland Cavaliers - New York Knicks,Winner Of Ec Sf2 Winner Of Ec Sf1,2026-05-25,2026-05-25 21:00,New York Knicks,Cleveland Cavaliers,New York Knicks,OG Anunoby,TirosLibres,2.5,Sobre,1.78,dom,
Cleveland Cavaliers - New York Knicks,Winner Of Ec Sf2 Winner Of Ec Sf1,2026-05-25,2026-05-25 21:00,New York Knicks,Cleveland Cavaliers,New York Knicks,OG Anunoby,TirosLibres,2.5,Debajo,1.90,dom,
Cleveland Cavaliers - New York Knicks,Winner Of Ec Sf2 Winner Of Ec Sf1,2026-05-25,2026-05-25 21:00,New York Knicks,Cleveland Cavaliers,New York Knicks,OG Anunoby,TirosLibresInt,3.5,Sobre,1.86,dom,
Cleveland Cavaliers - New York Knicks,Winner Of Ec Sf2 Winner Of Ec Sf1,2026-05-25,2026-05-25 21:00,New York Knicks,Cleveland Cavaliers,New York Knicks,OG Anunoby,TirosLibresInt,3.5,Debajo,1.81,dom,
Cleveland Cavaliers - New York Knicks,Winner Of Ec Sf2 Winner Of Ec Sf1,2026-05-25,2026-05-25 21:00,New York Knicks,Cleveland Cavaliers,New York Knicks,OG Anunoby,GolesCampo,5.5,Sobre,2.13,dom,
Cleveland Cavaliers - New York Knicks,Winner Of Ec Sf2 Winner Of Ec Sf1,2026-05-25,2026-05-25 21:00,New York Knicks,Cleveland Cavaliers,New York Knicks,OG Anunoby,GolesCampo,5.5,Debajo,1.61,dom,
Cleveland Cavaliers - New York Knicks,Winner Of Ec Sf2 Winner Of Ec Sf1,2026-05-25,2026-05-25 21:00,New York Knicks,Cleveland Cavaliers,New York Knicks,OG Anunoby,GolesCampoInt,11.5,Sobre,1.96,dom,
Cleveland Cavaliers - New York Knicks,Winner Of Ec Sf2 Winner Of Ec Sf1,2026-05-25,2026-05-25 21:00,New York Knicks,Cleveland Cavaliers,New York Knicks,OG Anunoby,GolesCampoInt,11.5,Debajo,1.72,dom,
Cleveland Cavaliers - New York Knicks,Winner Of Ec Sf2 Winner Of Ec Sf1,2026-05-25,2026-05-25 21:00,New York Knicks,Cleveland Cavaliers,New York Knicks,OG Anunoby,TriplesInt,5.5,Sobre,1.75,dom,
Cleveland Cavaliers - New York Knicks,Winner Of Ec Sf2 Winner Of Ec Sf1,2026-05-25,2026-05-25 21:00,New York Knicks,Cleveland Cavaliers,New York Knicks,OG Anunoby,TriplesInt,5.5,Debajo,1.93,dom,
Cleveland Cavaliers - New York Knicks,Winner Of Ec Sf2 Winner Of Ec Sf1,2026-05-25,2026-05-25 21:00,New York Knicks,Cleveland Cavaliers,New York Knicks,Mikal Bridges,Puntos,15.5,Sobre,1.93,dom,
Cleveland Cavaliers - New York Knicks,Winner Of Ec Sf2 Winner Of Ec Sf1,2026-05-25,2026-05-25 21:00,New York Knicks,Cleveland Cavaliers,New York Knicks,Mikal Bridges,Puntos,15.5,Debajo,1.75,dom,
Cleveland Cavaliers - New York Knicks,Winner Of Ec Sf2 Winner Of Ec Sf1,2026-05-25,2026-05-25 21:00,New York Knicks,Cleveland Cavaliers,New York Knicks,Mikal Bridges,Puntos,16.5,Sobre,2.09,dom_alt,
Cleveland Cavaliers - New York Knicks,Winner Of Ec Sf2 Winner Of Ec Sf1,2026-05-25,2026-05-25 21:00,New York Knicks,Cleveland Cavaliers,New York Knicks,Mikal Bridges,Puntos,16.5,Debajo,1.55,dom_alt,
Cleveland Cavaliers - New York Knicks,Winner Of Ec Sf2 Winner Of Ec Sf1,2026-05-25,2026-05-25 21:00,New York Knicks,Cleveland Cavaliers,New York Knicks,Mikal Bridges,Puntos,13.5,Sobre,1.56,dom_alt,
Cleveland Cavaliers - New York Knicks,Winner Of Ec Sf2 Winner Of Ec Sf1,2026-05-25,2026-05-25 21:00,New York Knicks,Cleveland Cavaliers,New York Knicks,Mikal Bridges,Puntos,13.5,Debajo,2.06,dom_alt,
Cleveland Cavaliers - New York Knicks,Winner Of Ec Sf2 Winner Of Ec Sf1,2026-05-25,2026-05-25 21:00,New York Knicks,Cleveland Cavaliers,New York Knicks,Mikal Bridges,Puntos,17.5,Sobre,2.28,dom_alt,
Cleveland Cavaliers - New York Knicks,Winner Of Ec Sf2 Winner Of Ec Sf1,2026-05-25,2026-05-25 21:00,New York Knicks,Cleveland Cavaliers,New York Knicks,Mikal Bridges,Puntos,17.5,Debajo,1.46,dom_alt,
Cleveland Cavaliers - New York Knicks,Winner Of Ec Sf2 Winner Of Ec Sf1,2026-05-25,2026-05-25 21:00,New York Knicks,Cleveland Cavaliers,New York Knicks,Mikal Bridges,Puntos,12.5,Sobre,1.42,dom_alt,
Cleveland Cavaliers - New York Knicks,Winner Of Ec Sf2 Winner Of Ec Sf1,2026-05-25,2026-05-25 21:00,New York Knicks,Cleveland Cavaliers,New York Knicks,Mikal Bridges,Puntos,12.5,Debajo,2.37,dom_alt,
Cleveland Cavaliers - New York Knicks,Winner Of Ec Sf2 Winner Of Ec Sf1,2026-05-25,2026-05-25 21:00,New York Knicks,Cleveland Cavaliers,New York Knicks,Mikal Bridges,Puntos,18.5,Sobre,2.59,dom_alt,
Cleveland Cavaliers - New York Knicks,Winner Of Ec Sf2 Winner Of Ec Sf1,2026-05-25,2026-05-25 21:00,New York Knicks,Cleveland Cavaliers,New York Knicks,Mikal Bridges,Puntos,18.5,Debajo,1.35,dom_alt,
Cleveland Cavaliers - New York Knicks,Winner Of Ec Sf2 Winner Of Ec Sf1,2026-05-25,2026-05-25 21:00,New York Knicks,Cleveland Cavaliers,New York Knicks,Mikal Bridges,Puntos,11.5,Sobre,1.31,dom_alt,
Cleveland Cavaliers - New York Knicks,Winner Of Ec Sf2 Winner Of Ec Sf1,2026-05-25,2026-05-25 21:00,New York Knicks,Cleveland Cavaliers,New York Knicks,Mikal Bridges,Puntos,11.5,Debajo,2.77,dom_alt,
Cleveland Cavaliers - New York Knicks,Winner Of Ec Sf2 Winner Of Ec Sf1,2026-05-25,2026-05-25 21:00,New York Knicks,Cleveland Cavaliers,New York Knicks,Mikal Bridges,Rebotes,3.5,Sobre,1.80,dom,
Cleveland Cavaliers - New York Knicks,Winner Of Ec Sf2 Winner Of Ec Sf1,2026-05-25,2026-05-25 21:00,New York Knicks,Cleveland Cavaliers,New York Knicks,Mikal Bridges,Rebotes,3.5,Debajo,1.87,dom,
Cleveland Cavaliers - New York Knicks,Winner Of Ec Sf2 Winner Of Ec Sf1,2026-05-25,2026-05-25 21:00,New York Knicks,Cleveland Cavaliers,New York Knicks,Mikal Bridges,Rebotes,4.5,Sobre,2.42,dom_alt,
Cleveland Cavaliers - New York Knicks,Winner Of Ec Sf2 Winner Of Ec Sf1,2026-05-25,2026-05-25 21:00,New York Knicks,Cleveland Cavaliers,New York Knicks,Mikal Bridges,Rebotes,4.5,Debajo,1.41,dom_alt,
Cleveland Cavaliers - New York Knicks,Winner Of Ec Sf2 Winner Of Ec Sf1,2026-05-25,2026-05-25 21:00,New York Knicks,Cleveland Cavaliers,New York Knicks,Mikal Bridges,Triples,1.5,Sobre,2.02,dom,
Cleveland Cavaliers - New York Knicks,Winner Of Ec Sf2 Winner Of Ec Sf1,2026-05-25,2026-05-25 21:00,New York Knicks,Cleveland Cavaliers,New York Knicks,Mikal Bridges,Triples,1.5,Debajo,1.68,dom,
Cleveland Cavaliers - New York Knicks,Winner Of Ec Sf2 Winner Of Ec Sf1,2026-05-25,2026-05-25 21:00,New York Knicks,Cleveland Cavaliers,New York Knicks,Mikal Bridges,Robos,1.5,Sobre,2.19,dom,
Cleveland Cavaliers - New York Knicks,Winner Of Ec Sf2 Winner Of Ec Sf1,2026-05-25,2026-05-25 21:00,New York Knicks,Cleveland Cavaliers,New York Knicks,Mikal Bridges,Robos,1.5,Debajo,1.58,dom,
Cleveland Cavaliers - New York Knicks,Winner Of Ec Sf2 Winner Of Ec Sf1,2026-05-25,2026-05-25 21:00,New York Knicks,Cleveland Cavaliers,New York Knicks,Mikal Bridges,Tapones,0.5,Sobre,2.09,dom,
Cleveland Cavaliers - New York Knicks,Winner Of Ec Sf2 Winner Of Ec Sf1,2026-05-25,2026-05-25 21:00,New York Knicks,Cleveland Cavaliers,New York Knicks,Mikal Bridges,Tapones,0.5,Debajo,1.63,dom,
Cleveland Cavaliers - New York Knicks,Winner Of Ec Sf2 Winner Of Ec Sf1,2026-05-25,2026-05-25 21:00,New York Knicks,Cleveland Cavaliers,New York Knicks,Mikal Bridges,Puntos+Rebotes,18.5,Sobre,1.77,dom,
Cleveland Cavaliers - New York Knicks,Winner Of Ec Sf2 Winner Of Ec Sf1,2026-05-25,2026-05-25 21:00,New York Knicks,Cleveland Cavaliers,New York Knicks,Mikal Bridges,Puntos+Rebotes,18.5,Debajo,1.90,dom,
Cleveland Cavaliers - New York Knicks,Winner Of Ec Sf2 Winner Of Ec Sf1,2026-05-25,2026-05-25 21:00,New York Knicks,Cleveland Cavaliers,New York Knicks,Mikal Bridges,Puntos+Rebotes,19.5,Sobre,1.89,dom_alt,
Cleveland Cavaliers - New York Knicks,Winner Of Ec Sf2 Winner Of Ec Sf1,2026-05-25,2026-05-25 21:00,New York Knicks,Cleveland Cavaliers,New York Knicks,Mikal Bridges,Puntos+Rebotes,19.5,Debajo,1.67,dom_alt,
Cleveland Cavaliers - New York Knicks,Winner Of Ec Sf2 Winner Of Ec Sf1,2026-05-25,2026-05-25 21:00,New York Knicks,Cleveland Cavaliers,New York Knicks,Mikal Bridges,Puntos+Rebotes,20.5,Sobre,2.11,dom_alt,
Cleveland Cavaliers - New York Knicks,Winner Of Ec Sf2 Winner Of Ec Sf1,2026-05-25,2026-05-25 21:00,New York Knicks,Cleveland Cavaliers,New York Knicks,Mikal Bridges,Puntos+Rebotes,20.5,Debajo,1.53,dom_alt,
Cleveland Cavaliers - New York Knicks,Winner Of Ec Sf2 Winner Of Ec Sf1,2026-05-25,2026-05-25 21:00,New York Knicks,Cleveland Cavaliers,New York Knicks,Mikal Bridges,Puntos+Asistencias,17.5,Sobre,1.74,dom,
Cleveland Cavaliers - New York Knicks,Winner Of Ec Sf2 Winner Of Ec Sf1,2026-05-25,2026-05-25 21:00,New York Knicks,Cleveland Cavaliers,New York Knicks,Mikal Bridges,Puntos+Asistencias,17.5,Debajo,1.95,dom,
Cleveland Cavaliers - New York Knicks,Winner Of Ec Sf2 Winner Of Ec Sf1,2026-05-25,2026-05-25 21:00,New York Knicks,Cleveland Cavaliers,New York Knicks,Mikal Bridges,Puntos+Asistencias,18.5,Sobre,1.89,dom_alt,
Cleveland Cavaliers - New York Knicks,Winner Of Ec Sf2 Winner Of Ec Sf1,2026-05-25,2026-05-25 21:00,New York Knicks,Cleveland Cavaliers,New York Knicks,Mikal Bridges,Puntos+Asistencias,18.5,Debajo,1.68,dom_alt,
Cleveland Cavaliers - New York Knicks,Winner Of Ec Sf2 Winner Of Ec Sf1,2026-05-25,2026-05-25 21:00,New York Knicks,Cleveland Cavaliers,New York Knicks,Mikal Bridges,Puntos+Asistencias,19.5,Sobre,2.11,dom_alt,
Cleveland Cavaliers - New York Knicks,Winner Of Ec Sf2 Winner Of Ec Sf1,2026-05-25,2026-05-25 21:00,New York Knicks,Cleveland Cavaliers,New York Knicks,Mikal Bridges,Puntos+Asistencias,19.5,Debajo,1.53,dom_alt,
Cleveland Cavaliers - New York Knicks,Winner Of Ec Sf2 Winner Of Ec Sf1,2026-05-25,2026-05-25 21:00,New York Knicks,Cleveland Cavaliers,New York Knicks,Mikal Bridges,PRA,21.5,Sobre,1.80,dom,
Cleveland Cavaliers - New York Knicks,Winner Of Ec Sf2 Winner Of Ec Sf1,2026-05-25,2026-05-25 21:00,New York Knicks,Cleveland Cavaliers,New York Knicks,Mikal Bridges,PRA,21.5,Debajo,1.88,dom,
Cleveland Cavaliers - New York Knicks,Winner Of Ec Sf2 Winner Of Ec Sf1,2026-05-25,2026-05-25 21:00,New York Knicks,Cleveland Cavaliers,New York Knicks,Mikal Bridges,PRA,19.5,Sobre,1.52,dom_alt,
Cleveland Cavaliers - New York Knicks,Winner Of Ec Sf2 Winner Of Ec Sf1,2026-05-25,2026-05-25 21:00,New York Knicks,Cleveland Cavaliers,New York Knicks,Mikal Bridges,PRA,19.5,Debajo,2.15,dom_alt,
Cleveland Cavaliers - New York Knicks,Winner Of Ec Sf2 Winner Of Ec Sf1,2026-05-25,2026-05-25 21:00,New York Knicks,Cleveland Cavaliers,New York Knicks,Mikal Bridges,PRA,22.5,Sobre,1.91,dom_alt,
Cleveland Cavaliers - New York Knicks,Winner Of Ec Sf2 Winner Of Ec Sf1,2026-05-25,2026-05-25 21:00,New York Knicks,Cleveland Cavaliers,New York Knicks,Mikal Bridges,PRA,22.5,Debajo,1.66,dom_alt,
Cleveland Cavaliers - New York Knicks,Winner Of Ec Sf2 Winner Of Ec Sf1,2026-05-25,2026-05-25 21:00,New York Knicks,Cleveland Cavaliers,New York Knicks,Mikal Bridges,PRA,23.5,Sobre,2.12,dom_alt,
Cleveland Cavaliers - New York Knicks,Winner Of Ec Sf2 Winner Of Ec Sf1,2026-05-25,2026-05-25 21:00,New York Knicks,Cleveland Cavaliers,New York Knicks,Mikal Bridges,PRA,23.5,Debajo,1.53,dom_alt,
Cleveland Cavaliers - New York Knicks,Winner Of Ec Sf2 Winner Of Ec Sf1,2026-05-25,2026-05-25 21:00,New York Knicks,Cleveland Cavaliers,New York Knicks,Mikal Bridges,PRA,18.5,Sobre,1.39,dom_alt,
Cleveland Cavaliers - New York Knicks,Winner Of Ec Sf2 Winner Of Ec Sf1,2026-05-25,2026-05-25 21:00,New York Knicks,Cleveland Cavaliers,New York Knicks,Mikal Bridges,PRA,18.5,Debajo,2.45,dom_alt,
Cleveland Cavaliers - New York Knicks,Winner Of Ec Sf2 Winner Of Ec Sf1,2026-05-25,2026-05-25 21:00,New York Knicks,Cleveland Cavaliers,New York Knicks,Mikal Bridges,PRA,17.5,Sobre,1.30,dom_alt,
Cleveland Cavaliers - New York Knicks,Winner Of Ec Sf2 Winner Of Ec Sf1,2026-05-25,2026-05-25 21:00,New York Knicks,Cleveland Cavaliers,New York Knicks,Mikal Bridges,PRA,17.5,Debajo,2.81,dom_alt,
Cleveland Cavaliers - New York Knicks,Winner Of Ec Sf2 Winner Of Ec Sf1,2026-05-25,2026-05-25 21:00,New York Knicks,Cleveland Cavaliers,New York Knicks,Mikal Bridges,PRA,24.5,Sobre,2.29,dom_alt,
Cleveland Cavaliers - New York Knicks,Winner Of Ec Sf2 Winner Of Ec Sf1,2026-05-25,2026-05-25 21:00,New York Knicks,Cleveland Cavaliers,New York Knicks,Mikal Bridges,PRA,24.5,Debajo,1.45,dom_alt,
Cleveland Cavaliers - New York Knicks,Winner Of Ec Sf2 Winner Of Ec Sf1,2026-05-25,2026-05-25 21:00,New York Knicks,Cleveland Cavaliers,New York Knicks,Mikal Bridges,Asistencias+Rebotes,6.5,Sobre,1.89,dom,
Cleveland Cavaliers - New York Knicks,Winner Of Ec Sf2 Winner Of Ec Sf1,2026-05-25,2026-05-25 21:00,New York Knicks,Cleveland Cavaliers,New York Knicks,Mikal Bridges,Asistencias+Rebotes,6.5,Debajo,1.79,dom,
Cleveland Cavaliers - New York Knicks,Winner Of Ec Sf2 Winner Of Ec Sf1,2026-05-25,2026-05-25 21:00,New York Knicks,Cleveland Cavaliers,New York Knicks,Mikal Bridges,Robos+Tapones,1.5,Sobre,1.58,dom,
Cleveland Cavaliers - New York Knicks,Winner Of Ec Sf2 Winner Of Ec Sf1,2026-05-25,2026-05-25 21:00,New York Knicks,Cleveland Cavaliers,New York Knicks,Mikal Bridges,Robos+Tapones,1.5,Debajo,2.19,dom,
Cleveland Cavaliers - New York Knicks,Winner Of Ec Sf2 Winner Of Ec Sf1,2026-05-25,2026-05-25 21:00,New York Knicks,Cleveland Cavaliers,New York Knicks,Mikal Bridges,Asistencias,2.5,Sobre,1.73,dom,
Cleveland Cavaliers - New York Knicks,Winner Of Ec Sf2 Winner Of Ec Sf1,2026-05-25,2026-05-25 21:00,New York Knicks,Cleveland Cavaliers,New York Knicks,Mikal Bridges,Asistencias,2.5,Debajo,1.95,dom,
Cleveland Cavaliers - New York Knicks,Winner Of Ec Sf2 Winner Of Ec Sf1,2026-05-25,2026-05-25 21:00,New York Knicks,Cleveland Cavaliers,New York Knicks,Mikal Bridges,Asistencias,3.5,Sobre,2.50,dom_alt,
Cleveland Cavaliers - New York Knicks,Winner Of Ec Sf2 Winner Of Ec Sf1,2026-05-25,2026-05-25 21:00,New York Knicks,Cleveland Cavaliers,New York Knicks,Mikal Bridges,Asistencias,3.5,Debajo,1.38,dom_alt,
Cleveland Cavaliers - New York Knicks,Winner Of Ec Sf2 Winner Of Ec Sf1,2026-05-25,2026-05-25 21:00,New York Knicks,Cleveland Cavaliers,New York Knicks,Mikal Bridges,PuntosPrimerCuarto,3.5,Sobre,1.77,dom,
Cleveland Cavaliers - New York Knicks,Winner Of Ec Sf2 Winner Of Ec Sf1,2026-05-25,2026-05-25 21:00,New York Knicks,Cleveland Cavaliers,New York Knicks,Mikal Bridges,PuntosPrimerCuarto,3.5,Debajo,1.90,dom,
Cleveland Cavaliers - New York Knicks,Winner Of Ec Sf2 Winner Of Ec Sf1,2026-05-25,2026-05-25 21:00,New York Knicks,Cleveland Cavaliers,New York Knicks,Mikal Bridges,PuntosPrimerCuarto,4.5,Sobre,2.14,dom_alt,
Cleveland Cavaliers - New York Knicks,Winner Of Ec Sf2 Winner Of Ec Sf1,2026-05-25,2026-05-25 21:00,New York Knicks,Cleveland Cavaliers,New York Knicks,Mikal Bridges,PuntosPrimerCuarto,4.5,Debajo,1.52,dom_alt,
Cleveland Cavaliers - New York Knicks,Winner Of Ec Sf2 Winner Of Ec Sf1,2026-05-25,2026-05-25 21:00,New York Knicks,Cleveland Cavaliers,New York Knicks,Mikal Bridges,AsistenciasPrimerCuarto,0.5,Sobre,1.80,dom,
Cleveland Cavaliers - New York Knicks,Winner Of Ec Sf2 Winner Of Ec Sf1,2026-05-25,2026-05-25 21:00,New York Knicks,Cleveland Cavaliers,New York Knicks,Mikal Bridges,AsistenciasPrimerCuarto,0.5,Debajo,1.88,dom,
Cleveland Cavaliers - New York Knicks,Winner Of Ec Sf2 Winner Of Ec Sf1,2026-05-25,2026-05-25 21:00,New York Knicks,Cleveland Cavaliers,New York Knicks,Mikal Bridges,RebotesPrimerCuarto,0.5,Sobre,1.51,dom,
Cleveland Cavaliers - New York Knicks,Winner Of Ec Sf2 Winner Of Ec Sf1,2026-05-25,2026-05-25 21:00,New York Knicks,Cleveland Cavaliers,New York Knicks,Mikal Bridges,RebotesPrimerCuarto,0.5,Debajo,2.33,dom,
Cleveland Cavaliers - New York Knicks,Winner Of Ec Sf2 Winner Of Ec Sf1,2026-05-25,2026-05-25 21:00,New York Knicks,Cleveland Cavaliers,New York Knicks,Mikal Bridges,TirosLibres,1.5,Sobre,1.72,dom,
Cleveland Cavaliers - New York Knicks,Winner Of Ec Sf2 Winner Of Ec Sf1,2026-05-25,2026-05-25 21:00,New York Knicks,Cleveland Cavaliers,New York Knicks,Mikal Bridges,TirosLibres,1.5,Debajo,1.97,dom,
Cleveland Cavaliers - New York Knicks,Winner Of Ec Sf2 Winner Of Ec Sf1,2026-05-25,2026-05-25 21:00,New York Knicks,Cleveland Cavaliers,New York Knicks,Mikal Bridges,GolesCampo,5.5,Sobre,1.65,dom,
Cleveland Cavaliers - New York Knicks,Winner Of Ec Sf2 Winner Of Ec Sf1,2026-05-25,2026-05-25 21:00,New York Knicks,Cleveland Cavaliers,New York Knicks,Mikal Bridges,GolesCampo,5.5,Debajo,2.07,dom,
Cleveland Cavaliers - New York Knicks,Winner Of Ec Sf2 Winner Of Ec Sf1,2026-05-25,2026-05-25 21:00,New York Knicks,Cleveland Cavaliers,New York Knicks,Mikal Bridges,GolesCampoInt,12.5,Sobre,1.99,dom,
Cleveland Cavaliers - New York Knicks,Winner Of Ec Sf2 Winner Of Ec Sf1,2026-05-25,2026-05-25 21:00,New York Knicks,Cleveland Cavaliers,New York Knicks,Mikal Bridges,GolesCampoInt,12.5,Debajo,1.71,dom,
Cleveland Cavaliers - New York Knicks,Winner Of Ec Sf2 Winner Of Ec Sf1,2026-05-25,2026-05-25 21:00,New York Knicks,Cleveland Cavaliers,New York Knicks,Mikal Bridges,GolesCampoInt,11.5,Sobre,1.61,dom_alt,
Cleveland Cavaliers - New York Knicks,Winner Of Ec Sf2 Winner Of Ec Sf1,2026-05-25,2026-05-25 21:00,New York Knicks,Cleveland Cavaliers,New York Knicks,Mikal Bridges,GolesCampoInt,11.5,Debajo,1.99,dom_alt,
Cleveland Cavaliers - New York Knicks,Winner Of Ec Sf2 Winner Of Ec Sf1,2026-05-25,2026-05-25 21:00,New York Knicks,Cleveland Cavaliers,New York Knicks,Mikal Bridges,TriplesInt,3.5,Sobre,1.63,dom,
Cleveland Cavaliers - New York Knicks,Winner Of Ec Sf2 Winner Of Ec Sf1,2026-05-25,2026-05-25 21:00,New York Knicks,Cleveland Cavaliers,New York Knicks,Mikal Bridges,TriplesInt,3.5,Debajo,2.11,dom,
Cleveland Cavaliers - New York Knicks,Winner Of Ec Sf2 Winner Of Ec Sf1,2026-05-25,2026-05-25 21:00,New York Knicks,Cleveland Cavaliers,New York Knicks,Mikal Bridges,Faltas,2.5,Sobre,1.78,dom,
Cleveland Cavaliers - New York Knicks,Winner Of Ec Sf2 Winner Of Ec Sf1,2026-05-25,2026-05-25 21:00,New York Knicks,Cleveland Cavaliers,New York Knicks,Mikal Bridges,Faltas,2.5,Debajo,1.90,dom,
Cleveland Cavaliers - New York Knicks,Winner Of Ec Sf2 Winner Of Ec Sf1,2026-05-25,2026-05-25 21:00,New York Knicks,Cleveland Cavaliers,New York Knicks,Jalen Brunson,Puntos,26.5,Sobre,1.84,dom,
Cleveland Cavaliers - New York Knicks,Winner Of Ec Sf2 Winner Of Ec Sf1,2026-05-25,2026-05-25 21:00,New York Knicks,Cleveland Cavaliers,New York Knicks,Jalen Brunson,Puntos,26.5,Debajo,1.83,dom,
Cleveland Cavaliers - New York Knicks,Winner Of Ec Sf2 Winner Of Ec Sf1,2026-05-25,2026-05-25 21:00,New York Knicks,Cleveland Cavaliers,New York Knicks,Jalen Brunson,Puntos,27.5,Sobre,1.93,dom_alt,
Cleveland Cavaliers - New York Knicks,Winner Of Ec Sf2 Winner Of Ec Sf1,2026-05-25,2026-05-25 21:00,New York Knicks,Cleveland Cavaliers,New York Knicks,Jalen Brunson,Puntos,27.5,Debajo,1.65,dom_alt,
Cleveland Cavaliers - New York Knicks,Winner Of Ec Sf2 Winner Of Ec Sf1,2026-05-25,2026-05-25 21:00,New York Knicks,Cleveland Cavaliers,New York Knicks,Jalen Brunson,Puntos,24.5,Sobre,1.53,dom_alt,
Cleveland Cavaliers - New York Knicks,Winner Of Ec Sf2 Winner Of Ec Sf1,2026-05-25,2026-05-25 21:00,New York Knicks,Cleveland Cavaliers,New York Knicks,Jalen Brunson,Puntos,24.5,Debajo,2.12,dom_alt,
Cleveland Cavaliers - New York Knicks,Winner Of Ec Sf2 Winner Of Ec Sf1,2026-05-25,2026-05-25 21:00,New York Knicks,Cleveland Cavaliers,New York Knicks,Jalen Brunson,Puntos,28.5,Sobre,2.11,dom_alt,
Cleveland Cavaliers - New York Knicks,Winner Of Ec Sf2 Winner Of Ec Sf1,2026-05-25,2026-05-25 21:00,New York Knicks,Cleveland Cavaliers,New York Knicks,Jalen Brunson,Puntos,28.5,Debajo,1.54,dom_alt,
Cleveland Cavaliers - New York Knicks,Winner Of Ec Sf2 Winner Of Ec Sf1,2026-05-25,2026-05-25 21:00,New York Knicks,Cleveland Cavaliers,New York Knicks,Jalen Brunson,Puntos,23.5,Sobre,1.47,dom_alt,
Cleveland Cavaliers - New York Knicks,Winner Of Ec Sf2 Winner Of Ec Sf1,2026-05-25,2026-05-25 21:00,New York Knicks,Cleveland Cavaliers,New York Knicks,Jalen Brunson,Puntos,23.5,Debajo,2.25,dom_alt,
Cleveland Cavaliers - New York Knicks,Winner Of Ec Sf2 Winner Of Ec Sf1,2026-05-25,2026-05-25 21:00,New York Knicks,Cleveland Cavaliers,New York Knicks,Jalen Brunson,Puntos,29.5,Sobre,2.26,dom_alt,
Cleveland Cavaliers - New York Knicks,Winner Of Ec Sf2 Winner Of Ec Sf1,2026-05-25,2026-05-25 21:00,New York Knicks,Cleveland Cavaliers,New York Knicks,Jalen Brunson,Puntos,29.5,Debajo,1.46,dom_alt,
Cleveland Cavaliers - New York Knicks,Winner Of Ec Sf2 Winner Of Ec Sf1,2026-05-25,2026-05-25 21:00,New York Knicks,Cleveland Cavaliers,New York Knicks,Jalen Brunson,Puntos,22.5,Sobre,1.38,dom_alt,
Cleveland Cavaliers - New York Knicks,Winner Of Ec Sf2 Winner Of Ec Sf1,2026-05-25,2026-05-25 21:00,New York Knicks,Cleveland Cavaliers,New York Knicks,Jalen Brunson,Puntos,22.5,Debajo,2.50,dom_alt,
Cleveland Cavaliers - New York Knicks,Winner Of Ec Sf2 Winner Of Ec Sf1,2026-05-25,2026-05-25 21:00,New York Knicks,Cleveland Cavaliers,New York Knicks,Jalen Brunson,Puntos,21.5,Sobre,1.30,dom_alt,
Cleveland Cavaliers - New York Knicks,Winner Of Ec Sf2 Winner Of Ec Sf1,2026-05-25,2026-05-25 21:00,New York Knicks,Cleveland Cavaliers,New York Knicks,Jalen Brunson,Puntos,21.5,Debajo,2.82,dom_alt,
Cleveland Cavaliers - New York Knicks,Winner Of Ec Sf2 Winner Of Ec Sf1,2026-05-25,2026-05-25 21:00,New York Knicks,Cleveland Cavaliers,New York Knicks,Jalen Brunson,Puntos,30.5,Sobre,2.48,dom_alt,
Cleveland Cavaliers - New York Knicks,Winner Of Ec Sf2 Winner Of Ec Sf1,2026-05-25,2026-05-25 21:00,New York Knicks,Cleveland Cavaliers,New York Knicks,Jalen Brunson,Puntos,30.5,Debajo,1.38,dom_alt,
Cleveland Cavaliers - New York Knicks,Winner Of Ec Sf2 Winner Of Ec Sf1,2026-05-25,2026-05-25 21:00,New York Knicks,Cleveland Cavaliers,New York Knicks,Jalen Brunson,Rebotes,3.5,Sobre,2.25,dom,
Cleveland Cavaliers - New York Knicks,Winner Of Ec Sf2 Winner Of Ec Sf1,2026-05-25,2026-05-25 21:00,New York Knicks,Cleveland Cavaliers,New York Knicks,Jalen Brunson,Rebotes,3.5,Debajo,1.55,dom,
Cleveland Cavaliers - New York Knicks,Winner Of Ec Sf2 Winner Of Ec Sf1,2026-05-25,2026-05-25 21:00,New York Knicks,Cleveland Cavaliers,New York Knicks,Jalen Brunson,Rebotes,2.5,Sobre,1.52,dom_alt,
Cleveland Cavaliers - New York Knicks,Winner Of Ec Sf2 Winner Of Ec Sf1,2026-05-25,2026-05-25 21:00,New York Knicks,Cleveland Cavaliers,New York Knicks,Jalen Brunson,Rebotes,2.5,Debajo,2.14,dom_alt,
Cleveland Cavaliers - New York Knicks,Winner Of Ec Sf2 Winner Of Ec Sf1,2026-05-25,2026-05-25 21:00,New York Knicks,Cleveland Cavaliers,New York Knicks,Jalen Brunson,Triples,2.5,Sobre,1.98,dom,
Cleveland Cavaliers - New York Knicks,Winner Of Ec Sf2 Winner Of Ec Sf1,2026-05-25,2026-05-25 21:00,New York Knicks,Cleveland Cavaliers,New York Knicks,Jalen Brunson,Triples,2.5,Debajo,1.71,dom,
Cleveland Cavaliers - New York Knicks,Winner Of Ec Sf2 Winner Of Ec Sf1,2026-05-25,2026-05-25 21:00,New York Knicks,Cleveland Cavaliers,New York Knicks,Jalen Brunson,Puntos+Rebotes,29.5,Sobre,1.80,dom,
Cleveland Cavaliers - New York Knicks,Winner Of Ec Sf2 Winner Of Ec Sf1,2026-05-25,2026-05-25 21:00,New York Knicks,Cleveland Cavaliers,New York Knicks,Jalen Brunson,Puntos+Rebotes,29.5,Debajo,1.88,dom,
Cleveland Cavaliers - New York Knicks,Winner Of Ec Sf2 Winner Of Ec Sf1,2026-05-25,2026-05-25 21:00,New York Knicks,Cleveland Cavaliers,New York Knicks,Jalen Brunson,Puntos+Rebotes,27.5,Sobre,1.57,dom_alt,
Cleveland Cavaliers - New York Knicks,Winner Of Ec Sf2 Winner Of Ec Sf1,2026-05-25,2026-05-25 21:00,New York Knicks,Cleveland Cavaliers,New York Knicks,Jalen Brunson,Puntos+Rebotes,27.5,Debajo,2.05,dom_alt,
Cleveland Cavaliers - New York Knicks,Winner Of Ec Sf2 Winner Of Ec Sf1,2026-05-25,2026-05-25 21:00,New York Knicks,Cleveland Cavaliers,New York Knicks,Jalen Brunson,Puntos+Rebotes,30.5,Sobre,1.90,dom_alt,
Cleveland Cavaliers - New York Knicks,Winner Of Ec Sf2 Winner Of Ec Sf1,2026-05-25,2026-05-25 21:00,New York Knicks,Cleveland Cavaliers,New York Knicks,Jalen Brunson,Puntos+Rebotes,30.5,Debajo,1.67,dom_alt,
Cleveland Cavaliers - New York Knicks,Winner Of Ec Sf2 Winner Of Ec Sf1,2026-05-25,2026-05-25 21:00,New York Knicks,Cleveland Cavaliers,New York Knicks,Jalen Brunson,Puntos+Rebotes,31.5,Sobre,2.05,dom_alt,
Cleveland Cavaliers - New York Knicks,Winner Of Ec Sf2 Winner Of Ec Sf1,2026-05-25,2026-05-25 21:00,New York Knicks,Cleveland Cavaliers,New York Knicks,Jalen Brunson,Puntos+Rebotes,31.5,Debajo,1.57,dom_alt,
Cleveland Cavaliers - New York Knicks,Winner Of Ec Sf2 Winner Of Ec Sf1,2026-05-25,2026-05-25 21:00,New York Knicks,Cleveland Cavaliers,New York Knicks,Jalen Brunson,Puntos+Rebotes,32.5,Sobre,2.16,dom_alt,
Cleveland Cavaliers - New York Knicks,Winner Of Ec Sf2 Winner Of Ec Sf1,2026-05-25,2026-05-25 21:00,New York Knicks,Cleveland Cavaliers,New York Knicks,Jalen Brunson,Puntos+Rebotes,32.5,Debajo,1.51,dom_alt,
Cleveland Cavaliers - New York Knicks,Winner Of Ec Sf2 Winner Of Ec Sf1,2026-05-25,2026-05-25 21:00,New York Knicks,Cleveland Cavaliers,New York Knicks,Jalen Brunson,Puntos+Asistencias,33.5,Sobre,1.82,dom,
Cleveland Cavaliers - New York Knicks,Winner Of Ec Sf2 Winner Of Ec Sf1,2026-05-25,2026-05-25 21:00,New York Knicks,Cleveland Cavaliers,New York Knicks,Jalen Brunson,Puntos+Asistencias,33.5,Debajo,1.85,dom,
Cleveland Cavaliers - New York Knicks,Winner Of Ec Sf2 Winner Of Ec Sf1,2026-05-25,2026-05-25 21:00,New York Knicks,Cleveland Cavaliers,New York Knicks,Jalen Brunson,Puntos+Asistencias,34.5,Sobre,1.91,dom_alt,
Cleveland Cavaliers - New York Knicks,Winner Of Ec Sf2 Winner Of Ec Sf1,2026-05-25,2026-05-25 21:00,New York Knicks,Cleveland Cavaliers,New York Knicks,Jalen Brunson,Puntos+Asistencias,34.5,Debajo,1.66,dom_alt,
Cleveland Cavaliers - New York Knicks,Winner Of Ec Sf2 Winner Of Ec Sf1,2026-05-25,2026-05-25 21:00,New York Knicks,Cleveland Cavaliers,New York Knicks,Jalen Brunson,Puntos+Asistencias,32.5,Sobre,1.65,dom_alt,
Cleveland Cavaliers - New York Knicks,Winner Of Ec Sf2 Winner Of Ec Sf1,2026-05-25,2026-05-25 21:00,New York Knicks,Cleveland Cavaliers,New York Knicks,Jalen Brunson,Puntos+Asistencias,32.5,Debajo,1.93,dom_alt,
Cleveland Cavaliers - New York Knicks,Winner Of Ec Sf2 Winner Of Ec Sf1,2026-05-25,2026-05-25 21:00,New York Knicks,Cleveland Cavaliers,New York Knicks,Jalen Brunson,Puntos+Asistencias,35.5,Sobre,2.07,dom_alt,
Cleveland Cavaliers - New York Knicks,Winner Of Ec Sf2 Winner Of Ec Sf1,2026-05-25,2026-05-25 21:00,New York Knicks,Cleveland Cavaliers,New York Knicks,Jalen Brunson,Puntos+Asistencias,35.5,Debajo,1.56,dom_alt,
Cleveland Cavaliers - New York Knicks,Winner Of Ec Sf2 Winner Of Ec Sf1,2026-05-25,2026-05-25 21:00,New York Knicks,Cleveland Cavaliers,New York Knicks,Jalen Brunson,Puntos+Asistencias,31.5,Sobre,1.53,dom_alt,
Cleveland Cavaliers - New York Knicks,Winner Of Ec Sf2 Winner Of Ec Sf1,2026-05-25,2026-05-25 21:00,New York Knicks,Cleveland Cavaliers,New York Knicks,Jalen Brunson,Puntos+Asistencias,31.5,Debajo,2.12,dom_alt,
Cleveland Cavaliers - New York Knicks,Winner Of Ec Sf2 Winner Of Ec Sf1,2026-05-25,2026-05-25 21:00,New York Knicks,Cleveland Cavaliers,New York Knicks,Jalen Brunson,Puntos+Asistencias,36.5,Sobre,2.18,dom_alt,
Cleveland Cavaliers - New York Knicks,Winner Of Ec Sf2 Winner Of Ec Sf1,2026-05-25,2026-05-25 21:00,New York Knicks,Cleveland Cavaliers,New York Knicks,Jalen Brunson,Puntos+Asistencias,36.5,Debajo,1.50,dom_alt,
Cleveland Cavaliers - New York Knicks,Winner Of Ec Sf2 Winner Of Ec Sf1,2026-05-25,2026-05-25 21:00,New York Knicks,Cleveland Cavaliers,New York Knicks,Jalen Brunson,PRA,36.5,Sobre,1.78,dom,
Cleveland Cavaliers - New York Knicks,Winner Of Ec Sf2 Winner Of Ec Sf1,2026-05-25,2026-05-25 21:00,New York Knicks,Cleveland Cavaliers,New York Knicks,Jalen Brunson,PRA,36.5,Debajo,1.89,dom,
Cleveland Cavaliers - New York Knicks,Winner Of Ec Sf2 Winner Of Ec Sf1,2026-05-25,2026-05-25 21:00,New York Knicks,Cleveland Cavaliers,New York Knicks,Jalen Brunson,PRA,37.5,Sobre,1.85,dom_alt,
Cleveland Cavaliers - New York Knicks,Winner Of Ec Sf2 Winner Of Ec Sf1,2026-05-25,2026-05-25 21:00,New York Knicks,Cleveland Cavaliers,New York Knicks,Jalen Brunson,PRA,37.5,Debajo,1.71,dom_alt,
Cleveland Cavaliers - New York Knicks,Winner Of Ec Sf2 Winner Of Ec Sf1,2026-05-25,2026-05-25 21:00,New York Knicks,Cleveland Cavaliers,New York Knicks,Jalen Brunson,PRA,35.5,Sobre,1.62,dom_alt,
Cleveland Cavaliers - New York Knicks,Winner Of Ec Sf2 Winner Of Ec Sf1,2026-05-25,2026-05-25 21:00,New York Knicks,Cleveland Cavaliers,New York Knicks,Jalen Brunson,PRA,35.5,Debajo,1.96,dom_alt,
Cleveland Cavaliers - New York Knicks,Winner Of Ec Sf2 Winner Of Ec Sf1,2026-05-25,2026-05-25 21:00,New York Knicks,Cleveland Cavaliers,New York Knicks,Jalen Brunson,PRA,38.5,Sobre,2.01,dom_alt,
Cleveland Cavaliers - New York Knicks,Winner Of Ec Sf2 Winner Of Ec Sf1,2026-05-25,2026-05-25 21:00,New York Knicks,Cleveland Cavaliers,New York Knicks,Jalen Brunson,PRA,38.5,Debajo,1.59,dom_alt,
Cleveland Cavaliers - New York Knicks,Winner Of Ec Sf2 Winner Of Ec Sf1,2026-05-25,2026-05-25 21:00,New York Knicks,Cleveland Cavaliers,New York Knicks,Jalen Brunson,PRA,34.5,Sobre,1.56,dom_alt,
Cleveland Cavaliers - New York Knicks,Winner Of Ec Sf2 Winner Of Ec Sf1,2026-05-25,2026-05-25 21:00,New York Knicks,Cleveland Cavaliers,New York Knicks,Jalen Brunson,PRA,34.5,Debajo,2.07,dom_alt,
Cleveland Cavaliers - New York Knicks,Winner Of Ec Sf2 Winner Of Ec Sf1,2026-05-25,2026-05-25 21:00,New York Knicks,Cleveland Cavaliers,New York Knicks,Jalen Brunson,PRA,33.5,Sobre,1.46,dom_alt,
Cleveland Cavaliers - New York Knicks,Winner Of Ec Sf2 Winner Of Ec Sf1,2026-05-25,2026-05-25 21:00,New York Knicks,Cleveland Cavaliers,New York Knicks,Jalen Brunson,PRA,33.5,Debajo,2.28,dom_alt,
Cleveland Cavaliers - New York Knicks,Winner Of Ec Sf2 Winner Of Ec Sf1,2026-05-25,2026-05-25 21:00,New York Knicks,Cleveland Cavaliers,New York Knicks,Jalen Brunson,PRA,39.5,Sobre,2.12,dom_alt,
Cleveland Cavaliers - New York Knicks,Winner Of Ec Sf2 Winner Of Ec Sf1,2026-05-25,2026-05-25 21:00,New York Knicks,Cleveland Cavaliers,New York Knicks,Jalen Brunson,PRA,39.5,Debajo,1.53,dom_alt,
Cleveland Cavaliers - New York Knicks,Winner Of Ec Sf2 Winner Of Ec Sf1,2026-05-25,2026-05-25 21:00,New York Knicks,Cleveland Cavaliers,New York Knicks,Jalen Brunson,PRA,40.5,Sobre,2.31,dom_alt,
Cleveland Cavaliers - New York Knicks,Winner Of Ec Sf2 Winner Of Ec Sf1,2026-05-25,2026-05-25 21:00,New York Knicks,Cleveland Cavaliers,New York Knicks,Jalen Brunson,PRA,40.5,Debajo,1.45,dom_alt,
Cleveland Cavaliers - New York Knicks,Winner Of Ec Sf2 Winner Of Ec Sf1,2026-05-25,2026-05-25 21:00,New York Knicks,Cleveland Cavaliers,New York Knicks,Jalen Brunson,Asistencias+Rebotes,10.5,Sobre,2.01,dom,
Cleveland Cavaliers - New York Knicks,Winner Of Ec Sf2 Winner Of Ec Sf1,2026-05-25,2026-05-25 21:00,New York Knicks,Cleveland Cavaliers,New York Knicks,Jalen Brunson,Asistencias+Rebotes,10.5,Debajo,1.68,dom,
Cleveland Cavaliers - New York Knicks,Winner Of Ec Sf2 Winner Of Ec Sf1,2026-05-25,2026-05-25 21:00,New York Knicks,Cleveland Cavaliers,New York Knicks,Jalen Brunson,Robos+Tapones,1.5,Sobre,2.33,dom,
Cleveland Cavaliers - New York Knicks,Winner Of Ec Sf2 Winner Of Ec Sf1,2026-05-25,2026-05-25 21:00,New York Knicks,Cleveland Cavaliers,New York Knicks,Jalen Brunson,Robos+Tapones,1.5,Debajo,1.51,dom,
Cleveland Cavaliers - New York Knicks,Winner Of Ec Sf2 Winner Of Ec Sf1,2026-05-25,2026-05-25 21:00,New York Knicks,Cleveland Cavaliers,New York Knicks,Jalen Brunson,DobleDoble,0.5,Sobre,4.56,dom,
Cleveland Cavaliers - New York Knicks,Winner Of Ec Sf2 Winner Of Ec Sf1,2026-05-25,2026-05-25 21:00,New York Knicks,Cleveland Cavaliers,New York Knicks,Jalen Brunson,DobleDoble,0.5,Debajo,1.15,dom,
Cleveland Cavaliers - New York Knicks,Winner Of Ec Sf2 Winner Of Ec Sf1,2026-05-25,2026-05-25 21:00,New York Knicks,Cleveland Cavaliers,New York Knicks,Jalen Brunson,Asistencias,6.5,Sobre,1.64,dom,
Cleveland Cavaliers - New York Knicks,Winner Of Ec Sf2 Winner Of Ec Sf1,2026-05-25,2026-05-25 21:00,New York Knicks,Cleveland Cavaliers,New York Knicks,Jalen Brunson,Asistencias,6.5,Debajo,2.09,dom,
Cleveland Cavaliers - New York Knicks,Winner Of Ec Sf2 Winner Of Ec Sf1,2026-05-25,2026-05-25 21:00,New York Knicks,Cleveland Cavaliers,New York Knicks,Jalen Brunson,Asistencias,7.5,Sobre,2.06,dom_alt,
Cleveland Cavaliers - New York Knicks,Winner Of Ec Sf2 Winner Of Ec Sf1,2026-05-25,2026-05-25 21:00,New York Knicks,Cleveland Cavaliers,New York Knicks,Jalen Brunson,Asistencias,7.5,Debajo,1.56,dom_alt,
Cleveland Cavaliers - New York Knicks,Winner Of Ec Sf2 Winner Of Ec Sf1,2026-05-25,2026-05-25 21:00,New York Knicks,Cleveland Cavaliers,New York Knicks,Jalen Brunson,Asistencias,5.5,Sobre,1.35,dom_alt,
Cleveland Cavaliers - New York Knicks,Winner Of Ec Sf2 Winner Of Ec Sf1,2026-05-25,2026-05-25 21:00,New York Knicks,Cleveland Cavaliers,New York Knicks,Jalen Brunson,Asistencias,5.5,Debajo,2.62,dom_alt,
Cleveland Cavaliers - New York Knicks,Winner Of Ec Sf2 Winner Of Ec Sf1,2026-05-25,2026-05-25 21:00,New York Knicks,Cleveland Cavaliers,New York Knicks,Jalen Brunson,Asistencias,8.5,Sobre,2.76,dom_alt,
Cleveland Cavaliers - New York Knicks,Winner Of Ec Sf2 Winner Of Ec Sf1,2026-05-25,2026-05-25 21:00,New York Knicks,Cleveland Cavaliers,New York Knicks,Jalen Brunson,Asistencias,8.5,Debajo,1.31,dom_alt,
Cleveland Cavaliers - New York Knicks,Winner Of Ec Sf2 Winner Of Ec Sf1,2026-05-25,2026-05-25 21:00,New York Knicks,Cleveland Cavaliers,New York Knicks,Jalen Brunson,PuntosPrimerCuarto,7.5,Sobre,1.89,dom,
Cleveland Cavaliers - New York Knicks,Winner Of Ec Sf2 Winner Of Ec Sf1,2026-05-25,2026-05-25 21:00,New York Knicks,Cleveland Cavaliers,New York Knicks,Jalen Brunson,PuntosPrimerCuarto,7.5,Debajo,1.78,dom,
Cleveland Cavaliers - New York Knicks,Winner Of Ec Sf2 Winner Of Ec Sf1,2026-05-25,2026-05-25 21:00,New York Knicks,Cleveland Cavaliers,New York Knicks,Jalen Brunson,PuntosPrimerCuarto,8.5,Sobre,2.10,dom_alt,
Cleveland Cavaliers - New York Knicks,Winner Of Ec Sf2 Winner Of Ec Sf1,2026-05-25,2026-05-25 21:00,New York Knicks,Cleveland Cavaliers,New York Knicks,Jalen Brunson,PuntosPrimerCuarto,8.5,Debajo,1.54,dom_alt,
Cleveland Cavaliers - New York Knicks,Winner Of Ec Sf2 Winner Of Ec Sf1,2026-05-25,2026-05-25 21:00,New York Knicks,Cleveland Cavaliers,New York Knicks,Jalen Brunson,RebotesPrimerCuarto,0.5,Sobre,1.52,dom,
Cleveland Cavaliers - New York Knicks,Winner Of Ec Sf2 Winner Of Ec Sf1,2026-05-25,2026-05-25 21:00,New York Knicks,Cleveland Cavaliers,New York Knicks,Jalen Brunson,RebotesPrimerCuarto,0.5,Debajo,2.31,dom,
Cleveland Cavaliers - New York Knicks,Winner Of Ec Sf2 Winner Of Ec Sf1,2026-05-25,2026-05-25 21:00,New York Knicks,Cleveland Cavaliers,New York Knicks,Jalen Brunson,TirosLibres,5.5,Sobre,1.80,dom,
Cleveland Cavaliers - New York Knicks,Winner Of Ec Sf2 Winner Of Ec Sf1,2026-05-25,2026-05-25 21:00,New York Knicks,Cleveland Cavaliers,New York Knicks,Jalen Brunson,TirosLibres,5.5,Debajo,1.87,dom,
Cleveland Cavaliers - New York Knicks,Winner Of Ec Sf2 Winner Of Ec Sf1,2026-05-25,2026-05-25 21:00,New York Knicks,Cleveland Cavaliers,New York Knicks,Jalen Brunson,TirosLibresInt,6.5,Sobre,1.78,dom,
Cleveland Cavaliers - New York Knicks,Winner Of Ec Sf2 Winner Of Ec Sf1,2026-05-25,2026-05-25 21:00,New York Knicks,Cleveland Cavaliers,New York Knicks,Jalen Brunson,TirosLibresInt,6.5,Debajo,1.90,dom,
Cleveland Cavaliers - New York Knicks,Winner Of Ec Sf2 Winner Of Ec Sf1,2026-05-25,2026-05-25 21:00,New York Knicks,Cleveland Cavaliers,New York Knicks,Jalen Brunson,TirosLibresInt,7.5,Sobre,2.00,dom_alt,
Cleveland Cavaliers - New York Knicks,Winner Of Ec Sf2 Winner Of Ec Sf1,2026-05-25,2026-05-25 21:00,New York Knicks,Cleveland Cavaliers,New York Knicks,Jalen Brunson,TirosLibresInt,7.5,Debajo,1.60,dom_alt,
Cleveland Cavaliers - New York Knicks,Winner Of Ec Sf2 Winner Of Ec Sf1,2026-05-25,2026-05-25 21:00,New York Knicks,Cleveland Cavaliers,New York Knicks,Jalen Brunson,GolesCampo,9.5,Sobre,2.07,dom,
Cleveland Cavaliers - New York Knicks,Winner Of Ec Sf2 Winner Of Ec Sf1,2026-05-25,2026-05-25 21:00,New York Knicks,Cleveland Cavaliers,New York Knicks,Jalen Brunson,GolesCampo,9.5,Debajo,1.65,dom,
Cleveland Cavaliers - New York Knicks,Winner Of Ec Sf2 Winner Of Ec Sf1,2026-05-25,2026-05-25 21:00,New York Knicks,Cleveland Cavaliers,New York Knicks,Jalen Brunson,GolesCampoInt,20.5,Sobre,1.85,dom,
Cleveland Cavaliers - New York Knicks,Winner Of Ec Sf2 Winner Of Ec Sf1,2026-05-25,2026-05-25 21:00,New York Knicks,Cleveland Cavaliers,New York Knicks,Jalen Brunson,GolesCampoInt,20.5,Debajo,1.82,dom,
Cleveland Cavaliers - New York Knicks,Winner Of Ec Sf2 Winner Of Ec Sf1,2026-05-25,2026-05-25 21:00,New York Knicks,Cleveland Cavaliers,New York Knicks,Jalen Brunson,TriplesInt,6.5,Sobre,1.69,dom,
Cleveland Cavaliers - New York Knicks,Winner Of Ec Sf2 Winner Of Ec Sf1,2026-05-25,2026-05-25 21:00,New York Knicks,Cleveland Cavaliers,New York Knicks,Jalen Brunson,TriplesInt,6.5,Debajo,2.01,dom,
Cleveland Cavaliers - New York Knicks,Winner Of Ec Sf2 Winner Of Ec Sf1,2026-05-25,2026-05-25 21:00,New York Knicks,Cleveland Cavaliers,New York Knicks,Jalen Brunson,Faltas,2.5,Sobre,1.79,dom,
Cleveland Cavaliers - New York Knicks,Winner Of Ec Sf2 Winner Of Ec Sf1,2026-05-25,2026-05-25 21:00,New York Knicks,Cleveland Cavaliers,New York Knicks,Jalen Brunson,Faltas,2.5,Debajo,1.88,dom,
Cleveland Cavaliers - New York Knicks,Winner Of Ec Sf2 Winner Of Ec Sf1,2026-05-25,2026-05-25 21:00,New York Knicks,Cleveland Cavaliers,New York Knicks,Josh Hart,Puntos,12.5,Sobre,1.76,dom,
Cleveland Cavaliers - New York Knicks,Winner Of Ec Sf2 Winner Of Ec Sf1,2026-05-25,2026-05-25 21:00,New York Knicks,Cleveland Cavaliers,New York Knicks,Josh Hart,Puntos,12.5,Debajo,1.91,dom,
Cleveland Cavaliers - New York Knicks,Winner Of Ec Sf2 Winner Of Ec Sf1,2026-05-25,2026-05-25 21:00,New York Knicks,Cleveland Cavaliers,New York Knicks,Josh Hart,Puntos,13.5,Sobre,1.91,dom_alt,
Cleveland Cavaliers - New York Knicks,Winner Of Ec Sf2 Winner Of Ec Sf1,2026-05-25,2026-05-25 21:00,New York Knicks,Cleveland Cavaliers,New York Knicks,Josh Hart,Puntos,13.5,Debajo,1.66,dom_alt,
Cleveland Cavaliers - New York Knicks,Winner Of Ec Sf2 Winner Of Ec Sf1,2026-05-25,2026-05-25 21:00,New York Knicks,Cleveland Cavaliers,New York Knicks,Josh Hart,Puntos,11.5,Sobre,1.54,dom_alt,
Cleveland Cavaliers - New York Knicks,Winner Of Ec Sf2 Winner Of Ec Sf1,2026-05-25,2026-05-25 21:00,New York Knicks,Cleveland Cavaliers,New York Knicks,Josh Hart,Puntos,11.5,Debajo,2.10,dom_alt,
Cleveland Cavaliers - New York Knicks,Winner Of Ec Sf2 Winner Of Ec Sf1,2026-05-25,2026-05-25 21:00,New York Knicks,Cleveland Cavaliers,New York Knicks,Josh Hart,Puntos,14.5,Sobre,2.09,dom_alt,
Cleveland Cavaliers - New York Knicks,Winner Of Ec Sf2 Winner Of Ec Sf1,2026-05-25,2026-05-25 21:00,New York Knicks,Cleveland Cavaliers,New York Knicks,Josh Hart,Puntos,14.5,Debajo,1.55,dom_alt,
Cleveland Cavaliers - New York Knicks,Winner Of Ec Sf2 Winner Of Ec Sf1,2026-05-25,2026-05-25 21:00,New York Knicks,Cleveland Cavaliers,New York Knicks,Josh Hart,Puntos,10.5,Sobre,1.44,dom_alt,
Cleveland Cavaliers - New York Knicks,Winner Of Ec Sf2 Winner Of Ec Sf1,2026-05-25,2026-05-25 21:00,New York Knicks,Cleveland Cavaliers,New York Knicks,Josh Hart,Puntos,10.5,Debajo,2.33,dom_alt,
Cleveland Cavaliers - New York Knicks,Winner Of Ec Sf2 Winner Of Ec Sf1,2026-05-25,2026-05-25 21:00,New York Knicks,Cleveland Cavaliers,New York Knicks,Josh Hart,Puntos,15.5,Sobre,2.39,dom_alt,
Cleveland Cavaliers - New York Knicks,Winner Of Ec Sf2 Winner Of Ec Sf1,2026-05-25,2026-05-25 21:00,New York Knicks,Cleveland Cavaliers,New York Knicks,Josh Hart,Puntos,15.5,Debajo,1.42,dom_alt,
Cleveland Cavaliers - New York Knicks,Winner Of Ec Sf2 Winner Of Ec Sf1,2026-05-25,2026-05-25 21:00,New York Knicks,Cleveland Cavaliers,New York Knicks,Josh Hart,Puntos,9.5,Sobre,1.31,dom_alt,
Cleveland Cavaliers - New York Knicks,Winner Of Ec Sf2 Winner Of Ec Sf1,2026-05-25,2026-05-25 21:00,New York Knicks,Cleveland Cavaliers,New York Knicks,Josh Hart,Puntos,9.5,Debajo,2.77,dom_alt,
Cleveland Cavaliers - New York Knicks,Winner Of Ec Sf2 Winner Of Ec Sf1,2026-05-25,2026-05-25 21:00,New York Knicks,Cleveland Cavaliers,New York Knicks,Josh Hart,Puntos,16.5,Sobre,2.77,dom_alt,
Cleveland Cavaliers - New York Knicks,Winner Of Ec Sf2 Winner Of Ec Sf1,2026-05-25,2026-05-25 21:00,New York Knicks,Cleveland Cavaliers,New York Knicks,Josh Hart,Puntos,16.5,Debajo,1.31,dom_alt,
Cleveland Cavaliers - New York Knicks,Winner Of Ec Sf2 Winner Of Ec Sf1,2026-05-25,2026-05-25 21:00,New York Knicks,Cleveland Cavaliers,New York Knicks,Josh Hart,Rebotes,7.5,Sobre,2.10,dom,
Cleveland Cavaliers - New York Knicks,Winner Of Ec Sf2 Winner Of Ec Sf1,2026-05-25,2026-05-25 21:00,New York Knicks,Cleveland Cavaliers,New York Knicks,Josh Hart,Rebotes,7.5,Debajo,1.63,dom,
Cleveland Cavaliers - New York Knicks,Winner Of Ec Sf2 Winner Of Ec Sf1,2026-05-25,2026-05-25 21:00,New York Knicks,Cleveland Cavaliers,New York Knicks,Josh Hart,Rebotes,8.5,Sobre,2.49,dom_alt,
Cleveland Cavaliers - New York Knicks,Winner Of Ec Sf2 Winner Of Ec Sf1,2026-05-25,2026-05-25 21:00,New York Knicks,Cleveland Cavaliers,New York Knicks,Josh Hart,Rebotes,8.5,Debajo,1.38,dom_alt,
Cleveland Cavaliers - New York Knicks,Winner Of Ec Sf2 Winner Of Ec Sf1,2026-05-25,2026-05-25 21:00,New York Knicks,Cleveland Cavaliers,New York Knicks,Josh Hart,Rebotes,5.5,Sobre,1.36,dom_alt,
Cleveland Cavaliers - New York Knicks,Winner Of Ec Sf2 Winner Of Ec Sf1,2026-05-25,2026-05-25 21:00,New York Knicks,Cleveland Cavaliers,New York Knicks,Josh Hart,Rebotes,5.5,Debajo,2.56,dom_alt,
Cleveland Cavaliers - New York Knicks,Winner Of Ec Sf2 Winner Of Ec Sf1,2026-05-25,2026-05-25 21:00,New York Knicks,Cleveland Cavaliers,New York Knicks,Josh Hart,Triples,1.5,Sobre,1.53,dom,
Cleveland Cavaliers - New York Knicks,Winner Of Ec Sf2 Winner Of Ec Sf1,2026-05-25,2026-05-25 21:00,New York Knicks,Cleveland Cavaliers,New York Knicks,Josh Hart,Triples,1.5,Debajo,2.29,dom,
Cleveland Cavaliers - New York Knicks,Winner Of Ec Sf2 Winner Of Ec Sf1,2026-05-25,2026-05-25 21:00,New York Knicks,Cleveland Cavaliers,New York Knicks,Josh Hart,Triples,2.5,Sobre,2.37,dom_alt,
Cleveland Cavaliers - New York Knicks,Winner Of Ec Sf2 Winner Of Ec Sf1,2026-05-25,2026-05-25 21:00,New York Knicks,Cleveland Cavaliers,New York Knicks,Josh Hart,Triples,2.5,Debajo,1.42,dom_alt,
Cleveland Cavaliers - New York Knicks,Winner Of Ec Sf2 Winner Of Ec Sf1,2026-05-25,2026-05-25 21:00,New York Knicks,Cleveland Cavaliers,New York Knicks,Josh Hart,Robos,1.5,Sobre,2.13,dom,
Cleveland Cavaliers - New York Knicks,Winner Of Ec Sf2 Winner Of Ec Sf1,2026-05-25,2026-05-25 21:00,New York Knicks,Cleveland Cavaliers,New York Knicks,Josh Hart,Robos,1.5,Debajo,1.61,dom,
Cleveland Cavaliers - New York Knicks,Winner Of Ec Sf2 Winner Of Ec Sf1,2026-05-25,2026-05-25 21:00,New York Knicks,Cleveland Cavaliers,New York Knicks,Josh Hart,Puntos+Rebotes,20.5,Sobre,1.91,dom,
Cleveland Cavaliers - New York Knicks,Winner Of Ec Sf2 Winner Of Ec Sf1,2026-05-25,2026-05-25 21:00,New York Knicks,Cleveland Cavaliers,New York Knicks,Josh Hart,Puntos+Rebotes,20.5,Debajo,1.76,dom,
Cleveland Cavaliers - New York Knicks,Winner Of Ec Sf2 Winner Of Ec Sf1,2026-05-25,2026-05-25 21:00,New York Knicks,Cleveland Cavaliers,New York Knicks,Josh Hart,Puntos+Rebotes,18.5,Sobre,1.54,dom_alt,
Cleveland Cavaliers - New York Knicks,Winner Of Ec Sf2 Winner Of Ec Sf1,2026-05-25,2026-05-25 21:00,New York Knicks,Cleveland Cavaliers,New York Knicks,Josh Hart,Puntos+Rebotes,18.5,Debajo,2.10,dom_alt,
Cleveland Cavaliers - New York Knicks,Winner Of Ec Sf2 Winner Of Ec Sf1,2026-05-25,2026-05-25 21:00,New York Knicks,Cleveland Cavaliers,New York Knicks,Josh Hart,Puntos+Rebotes,21.5,Sobre,2.02,dom_alt,
Cleveland Cavaliers - New York Knicks,Winner Of Ec Sf2 Winner Of Ec Sf1,2026-05-25,2026-05-25 21:00,New York Knicks,Cleveland Cavaliers,New York Knicks,Josh Hart,Puntos+Rebotes,21.5,Debajo,1.59,dom_alt,
Cleveland Cavaliers - New York Knicks,Winner Of Ec Sf2 Winner Of Ec Sf1,2026-05-25,2026-05-25 21:00,New York Knicks,Cleveland Cavaliers,New York Knicks,Josh Hart,Puntos+Rebotes,22.5,Sobre,2.17,dom_alt,
Cleveland Cavaliers - New York Knicks,Winner Of Ec Sf2 Winner Of Ec Sf1,2026-05-25,2026-05-25 21:00,New York Knicks,Cleveland Cavaliers,New York Knicks,Josh Hart,Puntos+Rebotes,22.5,Debajo,1.50,dom_alt,
Cleveland Cavaliers - New York Knicks,Winner Of Ec Sf2 Winner Of Ec Sf1,2026-05-25,2026-05-25 21:00,New York Knicks,Cleveland Cavaliers,New York Knicks,Josh Hart,Puntos+Asistencias,17.5,Sobre,1.88,dom,
Cleveland Cavaliers - New York Knicks,Winner Of Ec Sf2 Winner Of Ec Sf1,2026-05-25,2026-05-25 21:00,New York Knicks,Cleveland Cavaliers,New York Knicks,Josh Hart,Puntos+Asistencias,17.5,Debajo,1.80,dom,
Cleveland Cavaliers - New York Knicks,Winner Of Ec Sf2 Winner Of Ec Sf1,2026-05-25,2026-05-25 21:00,New York Knicks,Cleveland Cavaliers,New York Knicks,Josh Hart,Puntos+Asistencias,18.5,Sobre,2.02,dom_alt,
Cleveland Cavaliers - New York Knicks,Winner Of Ec Sf2 Winner Of Ec Sf1,2026-05-25,2026-05-25 21:00,New York Knicks,Cleveland Cavaliers,New York Knicks,Josh Hart,Puntos+Asistencias,18.5,Debajo,1.59,dom_alt,
Cleveland Cavaliers - New York Knicks,Winner Of Ec Sf2 Winner Of Ec Sf1,2026-05-25,2026-05-25 21:00,New York Knicks,Cleveland Cavaliers,New York Knicks,Josh Hart,Puntos+Asistencias,16.5,Sobre,1.65,dom_alt,
Cleveland Cavaliers - New York Knicks,Winner Of Ec Sf2 Winner Of Ec Sf1,2026-05-25,2026-05-25 21:00,New York Knicks,Cleveland Cavaliers,New York Knicks,Josh Hart,Puntos+Asistencias,16.5,Debajo,1.93,dom_alt,
Cleveland Cavaliers - New York Knicks,Winner Of Ec Sf2 Winner Of Ec Sf1,2026-05-25,2026-05-25 21:00,New York Knicks,Cleveland Cavaliers,New York Knicks,Josh Hart,Puntos+Asistencias,15.5,Sobre,1.54,dom_alt,
Cleveland Cavaliers - New York Knicks,Winner Of Ec Sf2 Winner Of Ec Sf1,2026-05-25,2026-05-25 21:00,New York Knicks,Cleveland Cavaliers,New York Knicks,Josh Hart,Puntos+Asistencias,15.5,Debajo,2.11,dom_alt,
Cleveland Cavaliers - New York Knicks,Winner Of Ec Sf2 Winner Of Ec Sf1,2026-05-25,2026-05-25 21:00,New York Knicks,Cleveland Cavaliers,New York Knicks,Josh Hart,PRA,24.5,Sobre,1.81,dom,
Cleveland Cavaliers - New York Knicks,Winner Of Ec Sf2 Winner Of Ec Sf1,2026-05-25,2026-05-25 21:00,New York Knicks,Cleveland Cavaliers,New York Knicks,Josh Hart,PRA,24.5,Debajo,1.86,dom,
Cleveland Cavaliers - New York Knicks,Winner Of Ec Sf2 Winner Of Ec Sf1,2026-05-25,2026-05-25 21:00,New York Knicks,Cleveland Cavaliers,New York Knicks,Josh Hart,PRA,25.5,Sobre,1.91,dom_alt,
Cleveland Cavaliers - New York Knicks,Winner Of Ec Sf2 Winner Of Ec Sf1,2026-05-25,2026-05-25 21:00,New York Knicks,Cleveland Cavaliers,New York Knicks,Josh Hart,PRA,25.5,Debajo,1.66,dom_alt,
Cleveland Cavaliers - New York Knicks,Winner Of Ec Sf2 Winner Of Ec Sf1,2026-05-25,2026-05-25 21:00,New York Knicks,Cleveland Cavaliers,New York Knicks,Josh Hart,PRA,22.5,Sobre,1.55,dom_alt,
Cleveland Cavaliers - New York Knicks,Winner Of Ec Sf2 Winner Of Ec Sf1,2026-05-25,2026-05-25 21:00,New York Knicks,Cleveland Cavaliers,New York Knicks,Josh Hart,PRA,22.5,Debajo,2.08,dom_alt,
Cleveland Cavaliers - New York Knicks,Winner Of Ec Sf2 Winner Of Ec Sf1,2026-05-25,2026-05-25 21:00,New York Knicks,Cleveland Cavaliers,New York Knicks,Josh Hart,PRA,21.5,Sobre,1.44,dom_alt,
Cleveland Cavaliers - New York Knicks,Winner Of Ec Sf2 Winner Of Ec Sf1,2026-05-25,2026-05-25 21:00,New York Knicks,Cleveland Cavaliers,New York Knicks,Josh Hart,PRA,21.5,Debajo,2.33,dom_alt,
Cleveland Cavaliers - New York Knicks,Winner Of Ec Sf2 Winner Of Ec Sf1,2026-05-25,2026-05-25 21:00,New York Knicks,Cleveland Cavaliers,New York Knicks,Josh Hart,PRA,26.5,Sobre,2.12,dom_alt,
Cleveland Cavaliers - New York Knicks,Winner Of Ec Sf2 Winner Of Ec Sf1,2026-05-25,2026-05-25 21:00,New York Knicks,Cleveland Cavaliers,New York Knicks,Josh Hart,PRA,26.5,Debajo,1.53,dom_alt,
Cleveland Cavaliers - New York Knicks,Winner Of Ec Sf2 Winner Of Ec Sf1,2026-05-25,2026-05-25 21:00,New York Knicks,Cleveland Cavaliers,New York Knicks,Josh Hart,PRA,27.5,Sobre,2.26,dom_alt,
Cleveland Cavaliers - New York Knicks,Winner Of Ec Sf2 Winner Of Ec Sf1,2026-05-25,2026-05-25 21:00,New York Knicks,Cleveland Cavaliers,New York Knicks,Josh Hart,PRA,27.5,Debajo,1.46,dom_alt,
Cleveland Cavaliers - New York Knicks,Winner Of Ec Sf2 Winner Of Ec Sf1,2026-05-25,2026-05-25 21:00,New York Knicks,Cleveland Cavaliers,New York Knicks,Josh Hart,PRA,20.5,Sobre,1.35,dom_alt,
Cleveland Cavaliers - New York Knicks,Winner Of Ec Sf2 Winner Of Ec Sf1,2026-05-25,2026-05-25 21:00,New York Knicks,Cleveland Cavaliers,New York Knicks,Josh Hart,PRA,20.5,Debajo,2.62,dom_alt,
Cleveland Cavaliers - New York Knicks,Winner Of Ec Sf2 Winner Of Ec Sf1,2026-05-25,2026-05-25 21:00,New York Knicks,Cleveland Cavaliers,New York Knicks,Josh Hart,PRA,28.5,Sobre,2.53,dom_alt,
Cleveland Cavaliers - New York Knicks,Winner Of Ec Sf2 Winner Of Ec Sf1,2026-05-25,2026-05-25 21:00,New York Knicks,Cleveland Cavaliers,New York Knicks,Josh Hart,PRA,28.5,Debajo,1.37,dom_alt,
Cleveland Cavaliers - New York Knicks,Winner Of Ec Sf2 Winner Of Ec Sf1,2026-05-25,2026-05-25 21:00,New York Knicks,Cleveland Cavaliers,New York Knicks,Josh Hart,Asistencias+Rebotes,11.5,Sobre,1.87,dom,
Cleveland Cavaliers - New York Knicks,Winner Of Ec Sf2 Winner Of Ec Sf1,2026-05-25,2026-05-25 21:00,New York Knicks,Cleveland Cavaliers,New York Knicks,Josh Hart,Asistencias+Rebotes,11.5,Debajo,1.81,dom,
Cleveland Cavaliers - New York Knicks,Winner Of Ec Sf2 Winner Of Ec Sf1,2026-05-25,2026-05-25 21:00,New York Knicks,Cleveland Cavaliers,New York Knicks,Josh Hart,Asistencias+Rebotes,10.5,Sobre,1.54,dom_alt,
Cleveland Cavaliers - New York Knicks,Winner Of Ec Sf2 Winner Of Ec Sf1,2026-05-25,2026-05-25 21:00,New York Knicks,Cleveland Cavaliers,New York Knicks,Josh Hart,Asistencias+Rebotes,10.5,Debajo,2.10,dom_alt,
Cleveland Cavaliers - New York Knicks,Winner Of Ec Sf2 Winner Of Ec Sf1,2026-05-25,2026-05-25 21:00,New York Knicks,Cleveland Cavaliers,New York Knicks,Josh Hart,Asistencias+Rebotes,12.5,Sobre,2.10,dom_alt,
Cleveland Cavaliers - New York Knicks,Winner Of Ec Sf2 Winner Of Ec Sf1,2026-05-25,2026-05-25 21:00,New York Knicks,Cleveland Cavaliers,New York Knicks,Josh Hart,Asistencias+Rebotes,12.5,Debajo,1.54,dom_alt,
Cleveland Cavaliers - New York Knicks,Winner Of Ec Sf2 Winner Of Ec Sf1,2026-05-25,2026-05-25 21:00,New York Knicks,Cleveland Cavaliers,New York Knicks,Josh Hart,Robos+Tapones,1.5,Sobre,1.78,dom,
Cleveland Cavaliers - New York Knicks,Winner Of Ec Sf2 Winner Of Ec Sf1,2026-05-25,2026-05-25 21:00,New York Knicks,Cleveland Cavaliers,New York Knicks,Josh Hart,Robos+Tapones,1.5,Debajo,1.89,dom,
Cleveland Cavaliers - New York Knicks,Winner Of Ec Sf2 Winner Of Ec Sf1,2026-05-25,2026-05-25 21:00,New York Knicks,Cleveland Cavaliers,New York Knicks,Josh Hart,DobleDoble,0.5,Sobre,4.44,dom,
Cleveland Cavaliers - New York Knicks,Winner Of Ec Sf2 Winner Of Ec Sf1,2026-05-25,2026-05-25 21:00,New York Knicks,Cleveland Cavaliers,New York Knicks,Josh Hart,DobleDoble,0.5,Debajo,1.16,dom,
Cleveland Cavaliers - New York Knicks,Winner Of Ec Sf2 Winner Of Ec Sf1,2026-05-25,2026-05-25 21:00,New York Knicks,Cleveland Cavaliers,New York Knicks,Josh Hart,Asistencias,4.5,Sobre,2.03,dom,
Cleveland Cavaliers - New York Knicks,Winner Of Ec Sf2 Winner Of Ec Sf1,2026-05-25,2026-05-25 21:00,New York Knicks,Cleveland Cavaliers,New York Knicks,Josh Hart,Asistencias,4.5,Debajo,1.68,dom,
Cleveland Cavaliers - New York Knicks,Winner Of Ec Sf2 Winner Of Ec Sf1,2026-05-25,2026-05-25 21:00,New York Knicks,Cleveland Cavaliers,New York Knicks,Josh Hart,Asistencias,3.5,Sobre,1.49,dom_alt,
Cleveland Cavaliers - New York Knicks,Winner Of Ec Sf2 Winner Of Ec Sf1,2026-05-25,2026-05-25 21:00,New York Knicks,Cleveland Cavaliers,New York Knicks,Josh Hart,Asistencias,3.5,Debajo,2.20,dom_alt,
Cleveland Cavaliers - New York Knicks,Winner Of Ec Sf2 Winner Of Ec Sf1,2026-05-25,2026-05-25 21:00,New York Knicks,Cleveland Cavaliers,New York Knicks,Josh Hart,Asistencias,5.5,Sobre,2.66,dom_alt,
Cleveland Cavaliers - New York Knicks,Winner Of Ec Sf2 Winner Of Ec Sf1,2026-05-25,2026-05-25 21:00,New York Knicks,Cleveland Cavaliers,New York Knicks,Josh Hart,Asistencias,5.5,Debajo,1.33,dom_alt,
Cleveland Cavaliers - New York Knicks,Winner Of Ec Sf2 Winner Of Ec Sf1,2026-05-25,2026-05-25 21:00,New York Knicks,Cleveland Cavaliers,New York Knicks,Josh Hart,PuntosPrimerCuarto,2.5,Sobre,1.63,dom,
Cleveland Cavaliers - New York Knicks,Winner Of Ec Sf2 Winner Of Ec Sf1,2026-05-25,2026-05-25 21:00,New York Knicks,Cleveland Cavaliers,New York Knicks,Josh Hart,PuntosPrimerCuarto,2.5,Debajo,2.10,dom,
Cleveland Cavaliers - New York Knicks,Winner Of Ec Sf2 Winner Of Ec Sf1,2026-05-25,2026-05-25 21:00,New York Knicks,Cleveland Cavaliers,New York Knicks,Josh Hart,PuntosPrimerCuarto,3.5,Sobre,2.04,dom_alt,
Cleveland Cavaliers - New York Knicks,Winner Of Ec Sf2 Winner Of Ec Sf1,2026-05-25,2026-05-25 21:00,New York Knicks,Cleveland Cavaliers,New York Knicks,Josh Hart,PuntosPrimerCuarto,3.5,Debajo,1.58,dom_alt,
Cleveland Cavaliers - New York Knicks,Winner Of Ec Sf2 Winner Of Ec Sf1,2026-05-25,2026-05-25 21:00,New York Knicks,Cleveland Cavaliers,New York Knicks,Josh Hart,RebotesPrimerCuarto,1.5,Sobre,1.71,dom,
Cleveland Cavaliers - New York Knicks,Winner Of Ec Sf2 Winner Of Ec Sf1,2026-05-25,2026-05-25 21:00,New York Knicks,Cleveland Cavaliers,New York Knicks,Josh Hart,RebotesPrimerCuarto,1.5,Debajo,1.98,dom,
Cleveland Cavaliers - New York Knicks,Winner Of Ec Sf2 Winner Of Ec Sf1,2026-05-25,2026-05-25 21:00,New York Knicks,Cleveland Cavaliers,New York Knicks,Josh Hart,TirosLibres,1.5,Sobre,1.88,dom,
Cleveland Cavaliers - New York Knicks,Winner Of Ec Sf2 Winner Of Ec Sf1,2026-05-25,2026-05-25 21:00,New York Knicks,Cleveland Cavaliers,New York Knicks,Josh Hart,TirosLibres,1.5,Debajo,1.80,dom,
Cleveland Cavaliers - New York Knicks,Winner Of Ec Sf2 Winner Of Ec Sf1,2026-05-25,2026-05-25 21:00,New York Knicks,Cleveland Cavaliers,New York Knicks,Josh Hart,GolesCampo,4.5,Sobre,1.79,dom,
Cleveland Cavaliers - New York Knicks,Winner Of Ec Sf2 Winner Of Ec Sf1,2026-05-25,2026-05-25 21:00,New York Knicks,Cleveland Cavaliers,New York Knicks,Josh Hart,GolesCampo,4.5,Debajo,1.89,dom,
Cleveland Cavaliers - New York Knicks,Winner Of Ec Sf2 Winner Of Ec Sf1,2026-05-25,2026-05-25 21:00,New York Knicks,Cleveland Cavaliers,New York Knicks,Josh Hart,GolesCampoInt,11.5,Sobre,1.99,dom,
Cleveland Cavaliers - New York Knicks,Winner Of Ec Sf2 Winner Of Ec Sf1,2026-05-25,2026-05-25 21:00,New York Knicks,Cleveland Cavaliers,New York Knicks,Josh Hart,GolesCampoInt,11.5,Debajo,1.70,dom,
Cleveland Cavaliers - New York Knicks,Winner Of Ec Sf2 Winner Of Ec Sf1,2026-05-25,2026-05-25 21:00,New York Knicks,Cleveland Cavaliers,New York Knicks,Josh Hart,TriplesInt,5.5,Sobre,1.90,dom,
Cleveland Cavaliers - New York Knicks,Winner Of Ec Sf2 Winner Of Ec Sf1,2026-05-25,2026-05-25 21:00,New York Knicks,Cleveland Cavaliers,New York Knicks,Josh Hart,TriplesInt,5.5,Debajo,1.78,dom,
Cleveland Cavaliers - New York Knicks,Winner Of Ec Sf2 Winner Of Ec Sf1,2026-05-25,2026-05-25 21:00,New York Knicks,Cleveland Cavaliers,New York Knicks,Josh Hart,Faltas,3.5,Sobre,2.13,dom,
Cleveland Cavaliers - New York Knicks,Winner Of Ec Sf2 Winner Of Ec Sf1,2026-05-25,2026-05-25 21:00,New York Knicks,Cleveland Cavaliers,New York Knicks,Josh Hart,Faltas,3.5,Debajo,1.61,dom,
Cleveland Cavaliers - New York Knicks,Winner Of Ec Sf2 Winner Of Ec Sf1,2026-05-25,2026-05-25 21:00,New York Knicks,Cleveland Cavaliers,New York Knicks,Miles McBride,Puntos,5.5,Sobre,1.97,dom,
Cleveland Cavaliers - New York Knicks,Winner Of Ec Sf2 Winner Of Ec Sf1,2026-05-25,2026-05-25 21:00,New York Knicks,Cleveland Cavaliers,New York Knicks,Miles McBride,Puntos,5.5,Debajo,1.71,dom,
Cleveland Cavaliers - New York Knicks,Winner Of Ec Sf2 Winner Of Ec Sf1,2026-05-25,2026-05-25 21:00,New York Knicks,Cleveland Cavaliers,New York Knicks,Miles McBride,Puntos,6.5,Sobre,2.21,dom_alt,
Cleveland Cavaliers - New York Knicks,Winner Of Ec Sf2 Winner Of Ec Sf1,2026-05-25,2026-05-25 21:00,New York Knicks,Cleveland Cavaliers,New York Knicks,Miles McBride,Puntos,6.5,Debajo,1.49,dom_alt,
Cleveland Cavaliers - New York Knicks,Winner Of Ec Sf2 Winner Of Ec Sf1,2026-05-25,2026-05-25 21:00,New York Knicks,Cleveland Cavaliers,New York Knicks,Miles McBride,Puntos,4.5,Sobre,1.58,dom_alt,
Cleveland Cavaliers - New York Knicks,Winner Of Ec Sf2 Winner Of Ec Sf1,2026-05-25,2026-05-25 21:00,New York Knicks,Cleveland Cavaliers,New York Knicks,Miles McBride,Puntos,4.5,Debajo,2.03,dom_alt,
Cleveland Cavaliers - New York Knicks,Winner Of Ec Sf2 Winner Of Ec Sf1,2026-05-25,2026-05-25 21:00,New York Knicks,Cleveland Cavaliers,New York Knicks,Miles McBride,Puntos,3.5,Sobre,1.53,dom_alt,
Cleveland Cavaliers - New York Knicks,Winner Of Ec Sf2 Winner Of Ec Sf1,2026-05-25,2026-05-25 21:00,New York Knicks,Cleveland Cavaliers,New York Knicks,Miles McBride,Puntos,3.5,Debajo,2.12,dom_alt,
Cleveland Cavaliers - New York Knicks,Winner Of Ec Sf2 Winner Of Ec Sf1,2026-05-25,2026-05-25 21:00,New York Knicks,Cleveland Cavaliers,New York Knicks,Miles McBride,Puntos,7.5,Sobre,2.48,dom_alt,
Cleveland Cavaliers - New York Knicks,Winner Of Ec Sf2 Winner Of Ec Sf1,2026-05-25,2026-05-25 21:00,New York Knicks,Cleveland Cavaliers,New York Knicks,Miles McBride,Puntos,7.5,Debajo,1.39,dom_alt,
Cleveland Cavaliers - New York Knicks,Winner Of Ec Sf2 Winner Of Ec Sf1,2026-05-25,2026-05-25 21:00,New York Knicks,Cleveland Cavaliers,New York Knicks,Miles McBride,Rebotes,1.5,Sobre,2.48,dom,
Cleveland Cavaliers - New York Knicks,Winner Of Ec Sf2 Winner Of Ec Sf1,2026-05-25,2026-05-25 21:00,New York Knicks,Cleveland Cavaliers,New York Knicks,Miles McBride,Rebotes,1.5,Debajo,1.45,dom,
Cleveland Cavaliers - New York Knicks,Winner Of Ec Sf2 Winner Of Ec Sf1,2026-05-25,2026-05-25 21:00,New York Knicks,Cleveland Cavaliers,New York Knicks,Miles McBride,Triples,1.5,Sobre,2.48,dom,
Cleveland Cavaliers - New York Knicks,Winner Of Ec Sf2 Winner Of Ec Sf1,2026-05-25,2026-05-25 21:00,New York Knicks,Cleveland Cavaliers,New York Knicks,Miles McBride,Triples,1.5,Debajo,1.46,dom,
Cleveland Cavaliers - New York Knicks,Winner Of Ec Sf2 Winner Of Ec Sf1,2026-05-25,2026-05-25 21:00,New York Knicks,Cleveland Cavaliers,New York Knicks,Miles McBride,Triples,0.5,Sobre,1.38,dom_alt,
Cleveland Cavaliers - New York Knicks,Winner Of Ec Sf2 Winner Of Ec Sf1,2026-05-25,2026-05-25 21:00,New York Knicks,Cleveland Cavaliers,New York Knicks,Miles McBride,Triples,0.5,Debajo,2.51,dom_alt,
Cleveland Cavaliers - New York Knicks,Winner Of Ec Sf2 Winner Of Ec Sf1,2026-05-25,2026-05-25 21:00,New York Knicks,Cleveland Cavaliers,New York Knicks,Miles McBride,Robos,0.5,Sobre,2.23,dom,
Cleveland Cavaliers - New York Knicks,Winner Of Ec Sf2 Winner Of Ec Sf1,2026-05-25,2026-05-25 21:00,New York Knicks,Cleveland Cavaliers,New York Knicks,Miles McBride,Robos,0.5,Debajo,1.56,dom,
Cleveland Cavaliers - New York Knicks,Winner Of Ec Sf2 Winner Of Ec Sf1,2026-05-25,2026-05-25 21:00,New York Knicks,Cleveland Cavaliers,New York Knicks,Miles McBride,Puntos+Rebotes,6.5,Sobre,1.88,dom,
Cleveland Cavaliers - New York Knicks,Winner Of Ec Sf2 Winner Of Ec Sf1,2026-05-25,2026-05-25 21:00,New York Knicks,Cleveland Cavaliers,New York Knicks,Miles McBride,Puntos+Rebotes,6.5,Debajo,1.80,dom,
Cleveland Cavaliers - New York Knicks,Winner Of Ec Sf2 Winner Of Ec Sf1,2026-05-25,2026-05-25 21:00,New York Knicks,Cleveland Cavaliers,New York Knicks,Miles McBride,Puntos+Rebotes,7.5,Sobre,2.10,dom_alt,
Cleveland Cavaliers - New York Knicks,Winner Of Ec Sf2 Winner Of Ec Sf1,2026-05-25,2026-05-25 21:00,New York Knicks,Cleveland Cavaliers,New York Knicks,Miles McBride,Puntos+Rebotes,7.5,Debajo,1.54,dom_alt,
Cleveland Cavaliers - New York Knicks,Winner Of Ec Sf2 Winner Of Ec Sf1,2026-05-25,2026-05-25 21:00,New York Knicks,Cleveland Cavaliers,New York Knicks,Miles McBride,Puntos+Asistencias,6.5,Sobre,1.92,dom,
Cleveland Cavaliers - New York Knicks,Winner Of Ec Sf2 Winner Of Ec Sf1,2026-05-25,2026-05-25 21:00,New York Knicks,Cleveland Cavaliers,New York Knicks,Miles McBride,Puntos+Asistencias,6.5,Debajo,1.76,dom,
Cleveland Cavaliers - New York Knicks,Winner Of Ec Sf2 Winner Of Ec Sf1,2026-05-25,2026-05-25 21:00,New York Knicks,Cleveland Cavaliers,New York Knicks,Miles McBride,Puntos+Asistencias,7.5,Sobre,2.04,dom_alt,
Cleveland Cavaliers - New York Knicks,Winner Of Ec Sf2 Winner Of Ec Sf1,2026-05-25,2026-05-25 21:00,New York Knicks,Cleveland Cavaliers,New York Knicks,Miles McBride,Puntos+Asistencias,7.5,Debajo,1.57,dom_alt,
Cleveland Cavaliers - New York Knicks,Winner Of Ec Sf2 Winner Of Ec Sf1,2026-05-25,2026-05-25 21:00,New York Knicks,Cleveland Cavaliers,New York Knicks,Miles McBride,PRA,7.5,Sobre,1.81,dom,
Cleveland Cavaliers - New York Knicks,Winner Of Ec Sf2 Winner Of Ec Sf1,2026-05-25,2026-05-25 21:00,New York Knicks,Cleveland Cavaliers,New York Knicks,Miles McBride,PRA,7.5,Debajo,1.86,dom,
Cleveland Cavaliers - New York Knicks,Winner Of Ec Sf2 Winner Of Ec Sf1,2026-05-25,2026-05-25 21:00,New York Knicks,Cleveland Cavaliers,New York Knicks,Miles McBride,PRA,8.5,Sobre,2.00,dom_alt,
Cleveland Cavaliers - New York Knicks,Winner Of Ec Sf2 Winner Of Ec Sf1,2026-05-25,2026-05-25 21:00,New York Knicks,Cleveland Cavaliers,New York Knicks,Miles McBride,PRA,8.5,Debajo,1.60,dom_alt,
Cleveland Cavaliers - New York Knicks,Winner Of Ec Sf2 Winner Of Ec Sf1,2026-05-25,2026-05-25 21:00,New York Knicks,Cleveland Cavaliers,New York Knicks,Miles McBride,PRA,5.5,Sobre,1.43,dom_alt,
Cleveland Cavaliers - New York Knicks,Winner Of Ec Sf2 Winner Of Ec Sf1,2026-05-25,2026-05-25 21:00,New York Knicks,Cleveland Cavaliers,New York Knicks,Miles McBride,PRA,5.5,Debajo,2.34,dom_alt,
Cleveland Cavaliers - New York Knicks,Winner Of Ec Sf2 Winner Of Ec Sf1,2026-05-25,2026-05-25 21:00,New York Knicks,Cleveland Cavaliers,New York Knicks,Miles McBride,PRA,9.5,Sobre,2.23,dom_alt,
Cleveland Cavaliers - New York Knicks,Winner Of Ec Sf2 Winner Of Ec Sf1,2026-05-25,2026-05-25 21:00,New York Knicks,Cleveland Cavaliers,New York Knicks,Miles McBride,PRA,9.5,Debajo,1.48,dom_alt,
Cleveland Cavaliers - New York Knicks,Winner Of Ec Sf2 Winner Of Ec Sf1,2026-05-25,2026-05-25 21:00,New York Knicks,Cleveland Cavaliers,New York Knicks,Miles McBride,PRA,10.5,Sobre,2.63,dom_alt,
Cleveland Cavaliers - New York Knicks,Winner Of Ec Sf2 Winner Of Ec Sf1,2026-05-25,2026-05-25 21:00,New York Knicks,Cleveland Cavaliers,New York Knicks,Miles McBride,PRA,10.5,Debajo,1.34,dom_alt,
Cleveland Cavaliers - New York Knicks,Winner Of Ec Sf2 Winner Of Ec Sf1,2026-05-25,2026-05-25 21:00,New York Knicks,Cleveland Cavaliers,New York Knicks,Miles McBride,Asistencias+Rebotes,2.5,Sobre,2.11,dom,
Cleveland Cavaliers - New York Knicks,Winner Of Ec Sf2 Winner Of Ec Sf1,2026-05-25,2026-05-25 21:00,New York Knicks,Cleveland Cavaliers,New York Knicks,Miles McBride,Asistencias+Rebotes,2.5,Debajo,1.63,dom,
Cleveland Cavaliers - New York Knicks,Winner Of Ec Sf2 Winner Of Ec Sf1,2026-05-25,2026-05-25 21:00,New York Knicks,Cleveland Cavaliers,New York Knicks,Miles McBride,Robos+Tapones,0.5,Sobre,1.88,dom,
Cleveland Cavaliers - New York Knicks,Winner Of Ec Sf2 Winner Of Ec Sf1,2026-05-25,2026-05-25 21:00,New York Knicks,Cleveland Cavaliers,New York Knicks,Miles McBride,Robos+Tapones,0.5,Debajo,1.79,dom,
Cleveland Cavaliers - New York Knicks,Winner Of Ec Sf2 Winner Of Ec Sf1,2026-05-25,2026-05-25 21:00,New York Knicks,Cleveland Cavaliers,New York Knicks,Miles McBride,Asistencias,0.5,Sobre,1.41,dom,
Cleveland Cavaliers - New York Knicks,Winner Of Ec Sf2 Winner Of Ec Sf1,2026-05-25,2026-05-25 21:00,New York Knicks,Cleveland Cavaliers,New York Knicks,Miles McBride,Asistencias,0.5,Debajo,2.63,dom,
Cleveland Cavaliers - New York Knicks,Winner Of Ec Sf2 Winner Of Ec Sf1,2026-05-25,2026-05-25 21:00,New York Knicks,Cleveland Cavaliers,New York Knicks,Miles McBride,Asistencias,1.5,Sobre,2.38,dom_alt,
Cleveland Cavaliers - New York Knicks,Winner Of Ec Sf2 Winner Of Ec Sf1,2026-05-25,2026-05-25 21:00,New York Knicks,Cleveland Cavaliers,New York Knicks,Miles McBride,Asistencias,1.5,Debajo,1.42,dom_alt,
Cleveland Cavaliers - New York Knicks,Winner Of Ec Sf2 Winner Of Ec Sf1,2026-05-25,2026-05-25 21:00,New York Knicks,Cleveland Cavaliers,New York Knicks,Miles McBride,PuntosPrimerCuarto,0.5,Sobre,2.12,dom,
Cleveland Cavaliers - New York Knicks,Winner Of Ec Sf2 Winner Of Ec Sf1,2026-05-25,2026-05-25 21:00,New York Knicks,Cleveland Cavaliers,New York Knicks,Miles McBride,PuntosPrimerCuarto,0.5,Debajo,1.62,dom,
Cleveland Cavaliers - New York Knicks,Winner Of Ec Sf2 Winner Of Ec Sf1,2026-05-25,2026-05-25 21:00,New York Knicks,Cleveland Cavaliers,New York Knicks,Miles McBride,PuntosPrimerCuarto,1.5,Sobre,2.06,dom_alt,
Cleveland Cavaliers - New York Knicks,Winner Of Ec Sf2 Winner Of Ec Sf1,2026-05-25,2026-05-25 21:00,New York Knicks,Cleveland Cavaliers,New York Knicks,Miles McBride,PuntosPrimerCuarto,1.5,Debajo,1.56,dom_alt,
Cleveland Cavaliers - New York Knicks,Winner Of Ec Sf2 Winner Of Ec Sf1,2026-05-25,2026-05-25 21:00,New York Knicks,Cleveland Cavaliers,New York Knicks,Miles McBride,GolesCampo,1.5,Sobre,1.67,dom,
Cleveland Cavaliers - New York Knicks,Winner Of Ec Sf2 Winner Of Ec Sf1,2026-05-25,2026-05-25 21:00,New York Knicks,Cleveland Cavaliers,New York Knicks,Miles McBride,GolesCampo,1.5,Debajo,2.04,dom,
Cleveland Cavaliers - New York Knicks,Winner Of Ec Sf2 Winner Of Ec Sf1,2026-05-25,2026-05-25 21:00,New York Knicks,Cleveland Cavaliers,New York Knicks,Miles McBride,GolesCampoInt,4.5,Sobre,1.77,dom,
Cleveland Cavaliers - New York Knicks,Winner Of Ec Sf2 Winner Of Ec Sf1,2026-05-25,2026-05-25 21:00,New York Knicks,Cleveland Cavaliers,New York Knicks,Miles McBride,GolesCampoInt,4.5,Debajo,1.91,dom,
Cleveland Cavaliers - New York Knicks,Winner Of Ec Sf2 Winner Of Ec Sf1,2026-05-25,2026-05-25 21:00,New York Knicks,Cleveland Cavaliers,New York Knicks,Miles McBride,TriplesInt,3.5,Sobre,2.06,dom,
Cleveland Cavaliers - New York Knicks,Winner Of Ec Sf2 Winner Of Ec Sf1,2026-05-25,2026-05-25 21:00,New York Knicks,Cleveland Cavaliers,New York Knicks,Miles McBride,TriplesInt,3.5,Debajo,1.65,dom,
Cleveland Cavaliers - New York Knicks,Winner Of Ec Sf2 Winner Of Ec Sf1,2026-05-25,2026-05-25 21:00,New York Knicks,Cleveland Cavaliers,New York Knicks,Miles McBride,Faltas,1.5,Sobre,2.12,dom,
Cleveland Cavaliers - New York Knicks,Winner Of Ec Sf2 Winner Of Ec Sf1,2026-05-25,2026-05-25 21:00,New York Knicks,Cleveland Cavaliers,New York Knicks,Miles McBride,Faltas,1.5,Debajo,1.62,dom,
Cleveland Cavaliers - New York Knicks,Winner Of Ec Sf2 Winner Of Ec Sf1,2026-05-25,2026-05-25 21:00,New York Knicks,Cleveland Cavaliers,New York Knicks,Mitchell Robinson,Puntos,3.5,Sobre,1.95,dom,
Cleveland Cavaliers - New York Knicks,Winner Of Ec Sf2 Winner Of Ec Sf1,2026-05-25,2026-05-25 21:00,New York Knicks,Cleveland Cavaliers,New York Knicks,Mitchell Robinson,Puntos,3.5,Debajo,1.73,dom,
Cleveland Cavaliers - New York Knicks,Winner Of Ec Sf2 Winner Of Ec Sf1,2026-05-25,2026-05-25 21:00,New York Knicks,Cleveland Cavaliers,New York Knicks,Mitchell Robinson,Puntos,4.5,Sobre,2.37,dom_alt,
Cleveland Cavaliers - New York Knicks,Winner Of Ec Sf2 Winner Of Ec Sf1,2026-05-25,2026-05-25 21:00,New York Knicks,Cleveland Cavaliers,New York Knicks,Mitchell Robinson,Puntos,4.5,Debajo,1.42,dom_alt,
Cleveland Cavaliers - New York Knicks,Winner Of Ec Sf2 Winner Of Ec Sf1,2026-05-25,2026-05-25 21:00,New York Knicks,Cleveland Cavaliers,New York Knicks,Mitchell Robinson,Puntos,2.5,Sobre,1.57,dom_alt,
Cleveland Cavaliers - New York Knicks,Winner Of Ec Sf2 Winner Of Ec Sf1,2026-05-25,2026-05-25 21:00,New York Knicks,Cleveland Cavaliers,New York Knicks,Mitchell Robinson,Puntos,2.5,Debajo,2.04,dom_alt,
Cleveland Cavaliers - New York Knicks,Winner Of Ec Sf2 Winner Of Ec Sf1,2026-05-25,2026-05-25 21:00,New York Knicks,Cleveland Cavaliers,New York Knicks,Mitchell Robinson,Rebotes,4.5,Sobre,1.68,dom,
Cleveland Cavaliers - New York Knicks,Winner Of Ec Sf2 Winner Of Ec Sf1,2026-05-25,2026-05-25 21:00,New York Knicks,Cleveland Cavaliers,New York Knicks,Mitchell Robinson,Rebotes,4.5,Debajo,2.02,dom,
Cleveland Cavaliers - New York Knicks,Winner Of Ec Sf2 Winner Of Ec Sf1,2026-05-25,2026-05-25 21:00,New York Knicks,Cleveland Cavaliers,New York Knicks,Mitchell Robinson,Rebotes,5.5,Sobre,2.06,dom_alt,
Cleveland Cavaliers - New York Knicks,Winner Of Ec Sf2 Winner Of Ec Sf1,2026-05-25,2026-05-25 21:00,New York Knicks,Cleveland Cavaliers,New York Knicks,Mitchell Robinson,Rebotes,5.5,Debajo,1.56,dom_alt,
Cleveland Cavaliers - New York Knicks,Winner Of Ec Sf2 Winner Of Ec Sf1,2026-05-25,2026-05-25 21:00,New York Knicks,Cleveland Cavaliers,New York Knicks,Mitchell Robinson,Rebotes,6.5,Sobre,2.61,dom_alt,
Cleveland Cavaliers - New York Knicks,Winner Of Ec Sf2 Winner Of Ec Sf1,2026-05-25,2026-05-25 21:00,New York Knicks,Cleveland Cavaliers,New York Knicks,Mitchell Robinson,Rebotes,6.5,Debajo,1.35,dom_alt,
Cleveland Cavaliers - New York Knicks,Winner Of Ec Sf2 Winner Of Ec Sf1,2026-05-25,2026-05-25 21:00,New York Knicks,Cleveland Cavaliers,New York Knicks,Mitchell Robinson,Robos,0.5,Sobre,1.88,dom,
Cleveland Cavaliers - New York Knicks,Winner Of Ec Sf2 Winner Of Ec Sf1,2026-05-25,2026-05-25 21:00,New York Knicks,Cleveland Cavaliers,New York Knicks,Mitchell Robinson,Robos,0.5,Debajo,1.79,dom,
Cleveland Cavaliers - New York Knicks,Winner Of Ec Sf2 Winner Of Ec Sf1,2026-05-25,2026-05-25 21:00,New York Knicks,Cleveland Cavaliers,New York Knicks,Mitchell Robinson,Tapones,0.5,Sobre,1.84,dom,
Cleveland Cavaliers - New York Knicks,Winner Of Ec Sf2 Winner Of Ec Sf1,2026-05-25,2026-05-25 21:00,New York Knicks,Cleveland Cavaliers,New York Knicks,Mitchell Robinson,Tapones,0.5,Debajo,1.83,dom,
Cleveland Cavaliers - New York Knicks,Winner Of Ec Sf2 Winner Of Ec Sf1,2026-05-25,2026-05-25 21:00,New York Knicks,Cleveland Cavaliers,New York Knicks,Mitchell Robinson,Puntos+Rebotes,8.5,Sobre,1.90,dom,
Cleveland Cavaliers - New York Knicks,Winner Of Ec Sf2 Winner Of Ec Sf1,2026-05-25,2026-05-25 21:00,New York Knicks,Cleveland Cavaliers,New York Knicks,Mitchell Robinson,Puntos+Rebotes,8.5,Debajo,1.78,dom,
Cleveland Cavaliers - New York Knicks,Winner Of Ec Sf2 Winner Of Ec Sf1,2026-05-25,2026-05-25 21:00,New York Knicks,Cleveland Cavaliers,New York Knicks,Mitchell Robinson,Puntos+Rebotes,9.5,Sobre,2.10,dom_alt,
Cleveland Cavaliers - New York Knicks,Winner Of Ec Sf2 Winner Of Ec Sf1,2026-05-25,2026-05-25 21:00,New York Knicks,Cleveland Cavaliers,New York Knicks,Mitchell Robinson,Puntos+Rebotes,9.5,Debajo,1.54,dom_alt,
Cleveland Cavaliers - New York Knicks,Winner Of Ec Sf2 Winner Of Ec Sf1,2026-05-25,2026-05-25 21:00,New York Knicks,Cleveland Cavaliers,New York Knicks,Mitchell Robinson,Puntos+Asistencias,3.5,Sobre,1.78,dom,
Cleveland Cavaliers - New York Knicks,Winner Of Ec Sf2 Winner Of Ec Sf1,2026-05-25,2026-05-25 21:00,New York Knicks,Cleveland Cavaliers,New York Knicks,Mitchell Robinson,Puntos+Asistencias,3.5,Debajo,1.90,dom,
Cleveland Cavaliers - New York Knicks,Winner Of Ec Sf2 Winner Of Ec Sf1,2026-05-25,2026-05-25 21:00,New York Knicks,Cleveland Cavaliers,New York Knicks,Mitchell Robinson,Puntos+Asistencias,4.5,Sobre,2.09,dom_alt,
Cleveland Cavaliers - New York Knicks,Winner Of Ec Sf2 Winner Of Ec Sf1,2026-05-25,2026-05-25 21:00,New York Knicks,Cleveland Cavaliers,New York Knicks,Mitchell Robinson,Puntos+Asistencias,4.5,Debajo,1.54,dom_alt,
Cleveland Cavaliers - New York Knicks,Winner Of Ec Sf2 Winner Of Ec Sf1,2026-05-25,2026-05-25 21:00,New York Knicks,Cleveland Cavaliers,New York Knicks,Mitchell Robinson,PRA,8.5,Sobre,1.78,dom,
Cleveland Cavaliers - New York Knicks,Winner Of Ec Sf2 Winner Of Ec Sf1,2026-05-25,2026-05-25 21:00,New York Knicks,Cleveland Cavaliers,New York Knicks,Mitchell Robinson,PRA,8.5,Debajo,1.89,dom,
Cleveland Cavaliers - New York Knicks,Winner Of Ec Sf2 Winner Of Ec Sf1,2026-05-25,2026-05-25 21:00,New York Knicks,Cleveland Cavaliers,New York Knicks,Mitchell Robinson,PRA,9.5,Sobre,1.97,dom_alt,
Cleveland Cavaliers - New York Knicks,Winner Of Ec Sf2 Winner Of Ec Sf1,2026-05-25,2026-05-25 21:00,New York Knicks,Cleveland Cavaliers,New York Knicks,Mitchell Robinson,PRA,9.5,Debajo,1.62,dom_alt,
Cleveland Cavaliers - New York Knicks,Winner Of Ec Sf2 Winner Of Ec Sf1,2026-05-25,2026-05-25 21:00,New York Knicks,Cleveland Cavaliers,New York Knicks,Mitchell Robinson,PRA,6.5,Sobre,1.41,dom_alt,
Cleveland Cavaliers - New York Knicks,Winner Of Ec Sf2 Winner Of Ec Sf1,2026-05-25,2026-05-25 21:00,New York Knicks,Cleveland Cavaliers,New York Knicks,Mitchell Robinson,PRA,6.5,Debajo,2.39,dom_alt,
Cleveland Cavaliers - New York Knicks,Winner Of Ec Sf2 Winner Of Ec Sf1,2026-05-25,2026-05-25 21:00,New York Knicks,Cleveland Cavaliers,New York Knicks,Mitchell Robinson,PRA,10.5,Sobre,2.19,dom_alt,
Cleveland Cavaliers - New York Knicks,Winner Of Ec Sf2 Winner Of Ec Sf1,2026-05-25,2026-05-25 21:00,New York Knicks,Cleveland Cavaliers,New York Knicks,Mitchell Robinson,PRA,10.5,Debajo,1.50,dom_alt,
Cleveland Cavaliers - New York Knicks,Winner Of Ec Sf2 Winner Of Ec Sf1,2026-05-25,2026-05-25 21:00,New York Knicks,Cleveland Cavaliers,New York Knicks,Mitchell Robinson,PRA,11.5,Sobre,2.55,dom_alt,
Cleveland Cavaliers - New York Knicks,Winner Of Ec Sf2 Winner Of Ec Sf1,2026-05-25,2026-05-25 21:00,New York Knicks,Cleveland Cavaliers,New York Knicks,Mitchell Robinson,PRA,11.5,Debajo,1.36,dom_alt,
Cleveland Cavaliers - New York Knicks,Winner Of Ec Sf2 Winner Of Ec Sf1,2026-05-25,2026-05-25 21:00,New York Knicks,Cleveland Cavaliers,New York Knicks,Mitchell Robinson,Asistencias+Rebotes,5.5,Sobre,1.93,dom,
Cleveland Cavaliers - New York Knicks,Winner Of Ec Sf2 Winner Of Ec Sf1,2026-05-25,2026-05-25 21:00,New York Knicks,Cleveland Cavaliers,New York Knicks,Mitchell Robinson,Asistencias+Rebotes,5.5,Debajo,1.75,dom,
Cleveland Cavaliers - New York Knicks,Winner Of Ec Sf2 Winner Of Ec Sf1,2026-05-25,2026-05-25 21:00,New York Knicks,Cleveland Cavaliers,New York Knicks,Mitchell Robinson,Asistencias+Rebotes,4.5,Sobre,1.57,dom_alt,
Cleveland Cavaliers - New York Knicks,Winner Of Ec Sf2 Winner Of Ec Sf1,2026-05-25,2026-05-25 21:00,New York Knicks,Cleveland Cavaliers,New York Knicks,Mitchell Robinson,Asistencias+Rebotes,4.5,Debajo,2.05,dom_alt,
Cleveland Cavaliers - New York Knicks,Winner Of Ec Sf2 Winner Of Ec Sf1,2026-05-25,2026-05-25 21:00,New York Knicks,Cleveland Cavaliers,New York Knicks,Mitchell Robinson,Robos+Tapones,1.5,Sobre,2.21,dom,
Cleveland Cavaliers - New York Knicks,Winner Of Ec Sf2 Winner Of Ec Sf1,2026-05-25,2026-05-25 21:00,New York Knicks,Cleveland Cavaliers,New York Knicks,Mitchell Robinson,Robos+Tapones,1.5,Debajo,1.57,dom,
Cleveland Cavaliers - New York Knicks,Winner Of Ec Sf2 Winner Of Ec Sf1,2026-05-25,2026-05-25 21:00,New York Knicks,Cleveland Cavaliers,New York Knicks,Mitchell Robinson,PuntosPrimerCuarto,0.5,Sobre,2.15,dom,
Cleveland Cavaliers - New York Knicks,Winner Of Ec Sf2 Winner Of Ec Sf1,2026-05-25,2026-05-25 21:00,New York Knicks,Cleveland Cavaliers,New York Knicks,Mitchell Robinson,PuntosPrimerCuarto,0.5,Debajo,1.60,dom,
Cleveland Cavaliers - New York Knicks,Winner Of Ec Sf2 Winner Of Ec Sf1,2026-05-25,2026-05-25 21:00,New York Knicks,Cleveland Cavaliers,New York Knicks,Mitchell Robinson,RebotesPrimerCuarto,1.5,Sobre,2.09,dom,
Cleveland Cavaliers - New York Knicks,Winner Of Ec Sf2 Winner Of Ec Sf1,2026-05-25,2026-05-25 21:00,New York Knicks,Cleveland Cavaliers,New York Knicks,Mitchell Robinson,RebotesPrimerCuarto,1.5,Debajo,1.63,dom,
Cleveland Cavaliers - New York Knicks,Winner Of Ec Sf2 Winner Of Ec Sf1,2026-05-25,2026-05-25 21:00,New York Knicks,Cleveland Cavaliers,New York Knicks,Mitchell Robinson,TirosLibresInt,2.5,Sobre,1.75,dom,
Cleveland Cavaliers - New York Knicks,Winner Of Ec Sf2 Winner Of Ec Sf1,2026-05-25,2026-05-25 21:00,New York Knicks,Cleveland Cavaliers,New York Knicks,Mitchell Robinson,TirosLibresInt,2.5,Debajo,1.93,dom,
Cleveland Cavaliers - New York Knicks,Winner Of Ec Sf2 Winner Of Ec Sf1,2026-05-25,2026-05-25 21:00,New York Knicks,Cleveland Cavaliers,New York Knicks,Mitchell Robinson,TirosLibresInt,3.5,Sobre,1.92,dom_alt,
Cleveland Cavaliers - New York Knicks,Winner Of Ec Sf2 Winner Of Ec Sf1,2026-05-25,2026-05-25 21:00,New York Knicks,Cleveland Cavaliers,New York Knicks,Mitchell Robinson,TirosLibresInt,3.5,Debajo,1.66,dom_alt,
Cleveland Cavaliers - New York Knicks,Winner Of Ec Sf2 Winner Of Ec Sf1,2026-05-25,2026-05-25 21:00,New York Knicks,Cleveland Cavaliers,New York Knicks,Mitchell Robinson,GolesCampoInt,1.5,Sobre,1.86,dom,
Cleveland Cavaliers - New York Knicks,Winner Of Ec Sf2 Winner Of Ec Sf1,2026-05-25,2026-05-25 21:00,New York Knicks,Cleveland Cavaliers,New York Knicks,Mitchell Robinson,GolesCampoInt,1.5,Debajo,1.81,dom,
Cleveland Cavaliers - New York Knicks,Winner Of Ec Sf2 Winner Of Ec Sf1,2026-05-25,2026-05-25 21:00,New York Knicks,Cleveland Cavaliers,New York Knicks,Mitchell Robinson,Faltas,1.5,Sobre,1.77,dom,
Cleveland Cavaliers - New York Knicks,Winner Of Ec Sf2 Winner Of Ec Sf1,2026-05-25,2026-05-25 21:00,New York Knicks,Cleveland Cavaliers,New York Knicks,Mitchell Robinson,Faltas,1.5,Debajo,1.91,dom,
Cleveland Cavaliers - New York Knicks,Winner Of Ec Sf2 Winner Of Ec Sf1,2026-05-25,2026-05-25 21:00,New York Knicks,Cleveland Cavaliers,New York Knicks,Landry Shamet,Puntos,5.5,Sobre,1.77,dom,
Cleveland Cavaliers - New York Knicks,Winner Of Ec Sf2 Winner Of Ec Sf1,2026-05-25,2026-05-25 21:00,New York Knicks,Cleveland Cavaliers,New York Knicks,Landry Shamet,Puntos,5.5,Debajo,1.91,dom,
Cleveland Cavaliers - New York Knicks,Winner Of Ec Sf2 Winner Of Ec Sf1,2026-05-25,2026-05-25 21:00,New York Knicks,Cleveland Cavaliers,New York Knicks,Landry Shamet,Puntos,6.5,Sobre,2.06,dom_alt,
Cleveland Cavaliers - New York Knicks,Winner Of Ec Sf2 Winner Of Ec Sf1,2026-05-25,2026-05-25 21:00,New York Knicks,Cleveland Cavaliers,New York Knicks,Landry Shamet,Puntos,6.5,Debajo,1.57,dom_alt,
Cleveland Cavaliers - New York Knicks,Winner Of Ec Sf2 Winner Of Ec Sf1,2026-05-25,2026-05-25 21:00,New York Knicks,Cleveland Cavaliers,New York Knicks,Landry Shamet,Puntos,3.5,Sobre,1.46,dom_alt,
Cleveland Cavaliers - New York Knicks,Winner Of Ec Sf2 Winner Of Ec Sf1,2026-05-25,2026-05-25 21:00,New York Knicks,Cleveland Cavaliers,New York Knicks,Landry Shamet,Puntos,3.5,Debajo,2.28,dom_alt,
Cleveland Cavaliers - New York Knicks,Winner Of Ec Sf2 Winner Of Ec Sf1,2026-05-25,2026-05-25 21:00,New York Knicks,Cleveland Cavaliers,New York Knicks,Landry Shamet,Puntos,7.5,Sobre,2.18,dom_alt,
Cleveland Cavaliers - New York Knicks,Winner Of Ec Sf2 Winner Of Ec Sf1,2026-05-25,2026-05-25 21:00,New York Knicks,Cleveland Cavaliers,New York Knicks,Landry Shamet,Puntos,7.5,Debajo,1.50,dom_alt,
Cleveland Cavaliers - New York Knicks,Winner Of Ec Sf2 Winner Of Ec Sf1,2026-05-25,2026-05-25 21:00,New York Knicks,Cleveland Cavaliers,New York Knicks,Landry Shamet,Puntos,8.5,Sobre,2.62,dom_alt,
Cleveland Cavaliers - New York Knicks,Winner Of Ec Sf2 Winner Of Ec Sf1,2026-05-25,2026-05-25 21:00,New York Knicks,Cleveland Cavaliers,New York Knicks,Landry Shamet,Puntos,8.5,Debajo,1.35,dom_alt,
Cleveland Cavaliers - New York Knicks,Winner Of Ec Sf2 Winner Of Ec Sf1,2026-05-25,2026-05-25 21:00,New York Knicks,Cleveland Cavaliers,New York Knicks,Landry Shamet,Rebotes,1.5,Sobre,2.09,dom,
Cleveland Cavaliers - New York Knicks,Winner Of Ec Sf2 Winner Of Ec Sf1,2026-05-25,2026-05-25 21:00,New York Knicks,Cleveland Cavaliers,New York Knicks,Landry Shamet,Rebotes,1.5,Debajo,1.64,dom,
Cleveland Cavaliers - New York Knicks,Winner Of Ec Sf2 Winner Of Ec Sf1,2026-05-25,2026-05-25 21:00,New York Knicks,Cleveland Cavaliers,New York Knicks,Landry Shamet,Triples,1.5,Sobre,2.15,dom,
Cleveland Cavaliers - New York Knicks,Winner Of Ec Sf2 Winner Of Ec Sf1,2026-05-25,2026-05-25 21:00,New York Knicks,Cleveland Cavaliers,New York Knicks,Landry Shamet,Triples,1.5,Debajo,1.60,dom,
Cleveland Cavaliers - New York Knicks,Winner Of Ec Sf2 Winner Of Ec Sf1,2026-05-25,2026-05-25 21:00,New York Knicks,Cleveland Cavaliers,New York Knicks,Landry Shamet,Robos,0.5,Sobre,2.04,dom,
Cleveland Cavaliers - New York Knicks,Winner Of Ec Sf2 Winner Of Ec Sf1,2026-05-25,2026-05-25 21:00,New York Knicks,Cleveland Cavaliers,New York Knicks,Landry Shamet,Robos,0.5,Debajo,1.67,dom,
Cleveland Cavaliers - New York Knicks,Winner Of Ec Sf2 Winner Of Ec Sf1,2026-05-25,2026-05-25 21:00,New York Knicks,Cleveland Cavaliers,New York Knicks,Landry Shamet,Puntos+Rebotes,7.5,Sobre,1.93,dom,
Cleveland Cavaliers - New York Knicks,Winner Of Ec Sf2 Winner Of Ec Sf1,2026-05-25,2026-05-25 21:00,New York Knicks,Cleveland Cavaliers,New York Knicks,Landry Shamet,Puntos+Rebotes,7.5,Debajo,1.75,dom,
Cleveland Cavaliers - New York Knicks,Winner Of Ec Sf2 Winner Of Ec Sf1,2026-05-25,2026-05-25 21:00,New York Knicks,Cleveland Cavaliers,New York Knicks,Landry Shamet,Puntos+Rebotes,8.5,Sobre,2.10,dom_alt,
Cleveland Cavaliers - New York Knicks,Winner Of Ec Sf2 Winner Of Ec Sf1,2026-05-25,2026-05-25 21:00,New York Knicks,Cleveland Cavaliers,New York Knicks,Landry Shamet,Puntos+Rebotes,8.5,Debajo,1.54,dom_alt,
Cleveland Cavaliers - New York Knicks,Winner Of Ec Sf2 Winner Of Ec Sf1,2026-05-25,2026-05-25 21:00,New York Knicks,Cleveland Cavaliers,New York Knicks,Landry Shamet,Puntos+Rebotes,5.5,Sobre,1.50,dom_alt,
Cleveland Cavaliers - New York Knicks,Winner Of Ec Sf2 Winner Of Ec Sf1,2026-05-25,2026-05-25 21:00,New York Knicks,Cleveland Cavaliers,New York Knicks,Landry Shamet,Puntos+Rebotes,5.5,Debajo,2.18,dom_alt,
Cleveland Cavaliers - New York Knicks,Winner Of Ec Sf2 Winner Of Ec Sf1,2026-05-25,2026-05-25 21:00,New York Knicks,Cleveland Cavaliers,New York Knicks,Landry Shamet,Puntos+Asistencias,6.5,Sobre,1.84,dom,
Cleveland Cavaliers - New York Knicks,Winner Of Ec Sf2 Winner Of Ec Sf1,2026-05-25,2026-05-25 21:00,New York Knicks,Cleveland Cavaliers,New York Knicks,Landry Shamet,Puntos+Asistencias,6.5,Debajo,1.83,dom,
Cleveland Cavaliers - New York Knicks,Winner Of Ec Sf2 Winner Of Ec Sf1,2026-05-25,2026-05-25 21:00,New York Knicks,Cleveland Cavaliers,New York Knicks,Landry Shamet,Puntos+Asistencias,7.5,Sobre,2.02,dom_alt,
Cleveland Cavaliers - New York Knicks,Winner Of Ec Sf2 Winner Of Ec Sf1,2026-05-25,2026-05-25 21:00,New York Knicks,Cleveland Cavaliers,New York Knicks,Landry Shamet,Puntos+Asistencias,7.5,Debajo,1.59,dom_alt,
Cleveland Cavaliers - New York Knicks,Winner Of Ec Sf2 Winner Of Ec Sf1,2026-05-25,2026-05-25 21:00,New York Knicks,Cleveland Cavaliers,New York Knicks,Landry Shamet,PRA,8.5,Sobre,1.95,dom,
Cleveland Cavaliers - New York Knicks,Winner Of Ec Sf2 Winner Of Ec Sf1,2026-05-25,2026-05-25 21:00,New York Knicks,Cleveland Cavaliers,New York Knicks,Landry Shamet,PRA,8.5,Debajo,1.73,dom,
Cleveland Cavaliers - New York Knicks,Winner Of Ec Sf2 Winner Of Ec Sf1,2026-05-25,2026-05-25 21:00,New York Knicks,Cleveland Cavaliers,New York Knicks,Landry Shamet,PRA,9.5,Sobre,2.05,dom_alt,
Cleveland Cavaliers - New York Knicks,Winner Of Ec Sf2 Winner Of Ec Sf1,2026-05-25,2026-05-25 21:00,New York Knicks,Cleveland Cavaliers,New York Knicks,Landry Shamet,PRA,9.5,Debajo,1.57,dom_alt,
Cleveland Cavaliers - New York Knicks,Winner Of Ec Sf2 Winner Of Ec Sf1,2026-05-25,2026-05-25 21:00,New York Knicks,Cleveland Cavaliers,New York Knicks,Landry Shamet,PRA,6.5,Sobre,1.55,dom_alt,
Cleveland Cavaliers - New York Knicks,Winner Of Ec Sf2 Winner Of Ec Sf1,2026-05-25,2026-05-25 21:00,New York Knicks,Cleveland Cavaliers,New York Knicks,Landry Shamet,PRA,6.5,Debajo,2.09,dom_alt,
Cleveland Cavaliers - New York Knicks,Winner Of Ec Sf2 Winner Of Ec Sf1,2026-05-25,2026-05-25 21:00,New York Knicks,Cleveland Cavaliers,New York Knicks,Landry Shamet,PRA,10.5,Sobre,2.36,dom_alt,
Cleveland Cavaliers - New York Knicks,Winner Of Ec Sf2 Winner Of Ec Sf1,2026-05-25,2026-05-25 21:00,New York Knicks,Cleveland Cavaliers,New York Knicks,Landry Shamet,PRA,10.5,Debajo,1.43,dom_alt,
Cleveland Cavaliers - New York Knicks,Winner Of Ec Sf2 Winner Of Ec Sf1,2026-05-25,2026-05-25 21:00,New York Knicks,Cleveland Cavaliers,New York Knicks,Landry Shamet,PRA,5.5,Sobre,1.39,dom_alt,
Cleveland Cavaliers - New York Knicks,Winner Of Ec Sf2 Winner Of Ec Sf1,2026-05-25,2026-05-25 21:00,New York Knicks,Cleveland Cavaliers,New York Knicks,Landry Shamet,PRA,5.5,Debajo,2.47,dom_alt,
Cleveland Cavaliers - New York Knicks,Winner Of Ec Sf2 Winner Of Ec Sf1,2026-05-25,2026-05-25 21:00,New York Knicks,Cleveland Cavaliers,New York Knicks,Landry Shamet,PRA,11.5,Sobre,2.73,dom_alt,
Cleveland Cavaliers - New York Knicks,Winner Of Ec Sf2 Winner Of Ec Sf1,2026-05-25,2026-05-25 21:00,New York Knicks,Cleveland Cavaliers,New York Knicks,Landry Shamet,PRA,11.5,Debajo,1.32,dom_alt,
Cleveland Cavaliers - New York Knicks,Winner Of Ec Sf2 Winner Of Ec Sf1,2026-05-25,2026-05-25 21:00,New York Knicks,Cleveland Cavaliers,New York Knicks,Landry Shamet,Asistencias+Rebotes,2.5,Sobre,2.22,dom,
Cleveland Cavaliers - New York Knicks,Winner Of Ec Sf2 Winner Of Ec Sf1,2026-05-25,2026-05-25 21:00,New York Knicks,Cleveland Cavaliers,New York Knicks,Landry Shamet,Asistencias+Rebotes,2.5,Debajo,1.57,dom,
Cleveland Cavaliers - New York Knicks,Winner Of Ec Sf2 Winner Of Ec Sf1,2026-05-25,2026-05-25 21:00,New York Knicks,Cleveland Cavaliers,New York Knicks,Landry Shamet,Robos+Tapones,0.5,Sobre,1.84,dom,
Cleveland Cavaliers - New York Knicks,Winner Of Ec Sf2 Winner Of Ec Sf1,2026-05-25,2026-05-25 21:00,New York Knicks,Cleveland Cavaliers,New York Knicks,Landry Shamet,Robos+Tapones,0.5,Debajo,1.83,dom,
Cleveland Cavaliers - New York Knicks,Winner Of Ec Sf2 Winner Of Ec Sf1,2026-05-25,2026-05-25 21:00,New York Knicks,Cleveland Cavaliers,New York Knicks,Landry Shamet,Asistencias,0.5,Sobre,1.67,dom,
Cleveland Cavaliers - New York Knicks,Winner Of Ec Sf2 Winner Of Ec Sf1,2026-05-25,2026-05-25 21:00,New York Knicks,Cleveland Cavaliers,New York Knicks,Landry Shamet,Asistencias,0.5,Debajo,2.03,dom,
Cleveland Cavaliers - New York Knicks,Winner Of Ec Sf2 Winner Of Ec Sf1,2026-05-25,2026-05-25 21:00,New York Knicks,Cleveland Cavaliers,New York Knicks,Landry Shamet,PuntosPrimerCuarto,0.5,Sobre,2.22,dom,
Cleveland Cavaliers - New York Knicks,Winner Of Ec Sf2 Winner Of Ec Sf1,2026-05-25,2026-05-25 21:00,New York Knicks,Cleveland Cavaliers,New York Knicks,Landry Shamet,PuntosPrimerCuarto,0.5,Debajo,1.56,dom,
Cleveland Cavaliers - New York Knicks,Winner Of Ec Sf2 Winner Of Ec Sf1,2026-05-25,2026-05-25 21:00,New York Knicks,Cleveland Cavaliers,New York Knicks,Landry Shamet,PuntosPrimerCuarto,1.5,Sobre,2.08,dom_alt,
Cleveland Cavaliers - New York Knicks,Winner Of Ec Sf2 Winner Of Ec Sf1,2026-05-25,2026-05-25 21:00,New York Knicks,Cleveland Cavaliers,New York Knicks,Landry Shamet,PuntosPrimerCuarto,1.5,Debajo,1.55,dom_alt,
Cleveland Cavaliers - New York Knicks,Winner Of Ec Sf2 Winner Of Ec Sf1,2026-05-25,2026-05-25 21:00,New York Knicks,Cleveland Cavaliers,New York Knicks,Landry Shamet,GolesCampoInt,4.5,Sobre,1.68,dom,
Cleveland Cavaliers - New York Knicks,Winner Of Ec Sf2 Winner Of Ec Sf1,2026-05-25,2026-05-25 21:00,New York Knicks,Cleveland Cavaliers,New York Knicks,Landry Shamet,GolesCampoInt,4.5,Debajo,2.03,dom,
Cleveland Cavaliers - New York Knicks,Winner Of Ec Sf2 Winner Of Ec Sf1,2026-05-25,2026-05-25 21:00,New York Knicks,Cleveland Cavaliers,New York Knicks,Landry Shamet,TriplesInt,3.5,Sobre,1.73,dom,
Cleveland Cavaliers - New York Knicks,Winner Of Ec Sf2 Winner Of Ec Sf1,2026-05-25,2026-05-25 21:00,New York Knicks,Cleveland Cavaliers,New York Knicks,Landry Shamet,TriplesInt,3.5,Debajo,1.95,dom,
Cleveland Cavaliers - New York Knicks,Winner Of Ec Sf2 Winner Of Ec Sf1,2026-05-25,2026-05-25 21:00,New York Knicks,Cleveland Cavaliers,New York Knicks,Landry Shamet,Faltas,1.5,Sobre,1.66,dom,
Cleveland Cavaliers - New York Knicks,Winner Of Ec Sf2 Winner Of Ec Sf1,2026-05-25,2026-05-25 21:00,New York Knicks,Cleveland Cavaliers,New York Knicks,Landry Shamet,Faltas,1.5,Debajo,2.05,dom,
Cleveland Cavaliers - New York Knicks,Winner Of Ec Sf2 Winner Of Ec Sf1,2026-05-25,2026-05-25 21:00,New York Knicks,Cleveland Cavaliers,New York Knicks,Karl-Anthony Towns,Puntos,17.5,Sobre,1.94,dom,
Cleveland Cavaliers - New York Knicks,Winner Of Ec Sf2 Winner Of Ec Sf1,2026-05-25,2026-05-25 21:00,New York Knicks,Cleveland Cavaliers,New York Knicks,Karl-Anthony Towns,Puntos,17.5,Debajo,1.74,dom,
Cleveland Cavaliers - New York Knicks,Winner Of Ec Sf2 Winner Of Ec Sf1,2026-05-25,2026-05-25 21:00,New York Knicks,Cleveland Cavaliers,New York Knicks,Karl-Anthony Towns,Puntos,15.5,Sobre,1.56,dom_alt,
Cleveland Cavaliers - New York Knicks,Winner Of Ec Sf2 Winner Of Ec Sf1,2026-05-25,2026-05-25 21:00,New York Knicks,Cleveland Cavaliers,New York Knicks,Karl-Anthony Towns,Puntos,15.5,Debajo,2.06,dom_alt,
Cleveland Cavaliers - New York Knicks,Winner Of Ec Sf2 Winner Of Ec Sf1,2026-05-25,2026-05-25 21:00,New York Knicks,Cleveland Cavaliers,New York Knicks,Karl-Anthony Towns,Puntos,18.5,Sobre,2.07,dom_alt,
Cleveland Cavaliers - New York Knicks,Winner Of Ec Sf2 Winner Of Ec Sf1,2026-05-25,2026-05-25 21:00,New York Knicks,Cleveland Cavaliers,New York Knicks,Karl-Anthony Towns,Puntos,18.5,Debajo,1.56,dom_alt,
Cleveland Cavaliers - New York Knicks,Winner Of Ec Sf2 Winner Of Ec Sf1,2026-05-25,2026-05-25 21:00,New York Knicks,Cleveland Cavaliers,New York Knicks,Karl-Anthony Towns,Puntos,14.5,Sobre,1.47,dom_alt,
Cleveland Cavaliers - New York Knicks,Winner Of Ec Sf2 Winner Of Ec Sf1,2026-05-25,2026-05-25 21:00,New York Knicks,Cleveland Cavaliers,New York Knicks,Karl-Anthony Towns,Puntos,14.5,Debajo,2.24,dom_alt,
Cleveland Cavaliers - New York Knicks,Winner Of Ec Sf2 Winner Of Ec Sf1,2026-05-25,2026-05-25 21:00,New York Knicks,Cleveland Cavaliers,New York Knicks,Karl-Anthony Towns,Puntos,19.5,Sobre,2.23,dom_alt,
Cleveland Cavaliers - New York Knicks,Winner Of Ec Sf2 Winner Of Ec Sf1,2026-05-25,2026-05-25 21:00,New York Knicks,Cleveland Cavaliers,New York Knicks,Karl-Anthony Towns,Puntos,19.5,Debajo,1.48,dom_alt,
Cleveland Cavaliers - New York Knicks,Winner Of Ec Sf2 Winner Of Ec Sf1,2026-05-25,2026-05-25 21:00,New York Knicks,Cleveland Cavaliers,New York Knicks,Karl-Anthony Towns,Puntos,13.5,Sobre,1.36,dom_alt,
Cleveland Cavaliers - New York Knicks,Winner Of Ec Sf2 Winner Of Ec Sf1,2026-05-25,2026-05-25 21:00,New York Knicks,Cleveland Cavaliers,New York Knicks,Karl-Anthony Towns,Puntos,13.5,Debajo,2.57,dom_alt,
Cleveland Cavaliers - New York Knicks,Winner Of Ec Sf2 Winner Of Ec Sf1,2026-05-25,2026-05-25 21:00,New York Knicks,Cleveland Cavaliers,New York Knicks,Karl-Anthony Towns,Puntos,20.5,Sobre,2.52,dom_alt,
Cleveland Cavaliers - New York Knicks,Winner Of Ec Sf2 Winner Of Ec Sf1,2026-05-25,2026-05-25 21:00,New York Knicks,Cleveland Cavaliers,New York Knicks,Karl-Anthony Towns,Puntos,20.5,Debajo,1.37,dom_alt,
Cleveland Cavaliers - New York Knicks,Winner Of Ec Sf2 Winner Of Ec Sf1,2026-05-25,2026-05-25 21:00,New York Knicks,Cleveland Cavaliers,New York Knicks,Karl-Anthony Towns,Puntos,21.5,Sobre,2.87,dom_alt,
Cleveland Cavaliers - New York Knicks,Winner Of Ec Sf2 Winner Of Ec Sf1,2026-05-25,2026-05-25 21:00,New York Knicks,Cleveland Cavaliers,New York Knicks,Karl-Anthony Towns,Puntos,21.5,Debajo,1.29,dom_alt,
Cleveland Cavaliers - New York Knicks,Winner Of Ec Sf2 Winner Of Ec Sf1,2026-05-25,2026-05-25 21:00,New York Knicks,Cleveland Cavaliers,New York Knicks,Karl-Anthony Towns,Rebotes,12.5,Sobre,1.94,dom,
Cleveland Cavaliers - New York Knicks,Winner Of Ec Sf2 Winner Of Ec Sf1,2026-05-25,2026-05-25 21:00,New York Knicks,Cleveland Cavaliers,New York Knicks,Karl-Anthony Towns,Rebotes,12.5,Debajo,1.74,dom,
Cleveland Cavaliers - New York Knicks,Winner Of Ec Sf2 Winner Of Ec Sf1,2026-05-25,2026-05-25 21:00,New York Knicks,Cleveland Cavaliers,New York Knicks,Karl-Anthony Towns,Rebotes,10.5,Sobre,1.45,dom_alt,
Cleveland Cavaliers - New York Knicks,Winner Of Ec Sf2 Winner Of Ec Sf1,2026-05-25,2026-05-25 21:00,New York Knicks,Cleveland Cavaliers,New York Knicks,Karl-Anthony Towns,Rebotes,10.5,Debajo,2.29,dom_alt,
Cleveland Cavaliers - New York Knicks,Winner Of Ec Sf2 Winner Of Ec Sf1,2026-05-25,2026-05-25 21:00,New York Knicks,Cleveland Cavaliers,New York Knicks,Karl-Anthony Towns,Rebotes,13.5,Sobre,2.13,dom_alt,
Cleveland Cavaliers - New York Knicks,Winner Of Ec Sf2 Winner Of Ec Sf1,2026-05-25,2026-05-25 21:00,New York Knicks,Cleveland Cavaliers,New York Knicks,Karl-Anthony Towns,Rebotes,13.5,Debajo,1.52,dom_alt,
Cleveland Cavaliers - New York Knicks,Winner Of Ec Sf2 Winner Of Ec Sf1,2026-05-25,2026-05-25 21:00,New York Knicks,Cleveland Cavaliers,New York Knicks,Karl-Anthony Towns,Rebotes,14.5,Sobre,2.62,dom_alt,
Cleveland Cavaliers - New York Knicks,Winner Of Ec Sf2 Winner Of Ec Sf1,2026-05-25,2026-05-25 21:00,New York Knicks,Cleveland Cavaliers,New York Knicks,Karl-Anthony Towns,Rebotes,14.5,Debajo,1.34,dom_alt,
Cleveland Cavaliers - New York Knicks,Winner Of Ec Sf2 Winner Of Ec Sf1,2026-05-25,2026-05-25 21:00,New York Knicks,Cleveland Cavaliers,New York Knicks,Karl-Anthony Towns,Triples,1.5,Sobre,2.43,dom,
Cleveland Cavaliers - New York Knicks,Winner Of Ec Sf2 Winner Of Ec Sf1,2026-05-25,2026-05-25 21:00,New York Knicks,Cleveland Cavaliers,New York Knicks,Karl-Anthony Towns,Triples,1.5,Debajo,1.47,dom,
Cleveland Cavaliers - New York Knicks,Winner Of Ec Sf2 Winner Of Ec Sf1,2026-05-25,2026-05-25 21:00,New York Knicks,Cleveland Cavaliers,New York Knicks,Karl-Anthony Towns,Triples,0.5,Sobre,1.34,dom_alt,
Cleveland Cavaliers - New York Knicks,Winner Of Ec Sf2 Winner Of Ec Sf1,2026-05-25,2026-05-25 21:00,New York Knicks,Cleveland Cavaliers,New York Knicks,Karl-Anthony Towns,Triples,0.5,Debajo,2.66,dom_alt,
Cleveland Cavaliers - New York Knicks,Winner Of Ec Sf2 Winner Of Ec Sf1,2026-05-25,2026-05-25 21:00,New York Knicks,Cleveland Cavaliers,New York Knicks,Karl-Anthony Towns,Tapones,0.5,Sobre,1.53,dom,
Cleveland Cavaliers - New York Knicks,Winner Of Ec Sf2 Winner Of Ec Sf1,2026-05-25,2026-05-25 21:00,New York Knicks,Cleveland Cavaliers,New York Knicks,Karl-Anthony Towns,Tapones,0.5,Debajo,2.29,dom,
Cleveland Cavaliers - New York Knicks,Winner Of Ec Sf2 Winner Of Ec Sf1,2026-05-25,2026-05-25 21:00,New York Knicks,Cleveland Cavaliers,New York Knicks,Karl-Anthony Towns,Puntos+Rebotes,29.5,Sobre,1.84,dom,
Cleveland Cavaliers - New York Knicks,Winner Of Ec Sf2 Winner Of Ec Sf1,2026-05-25,2026-05-25 21:00,New York Knicks,Cleveland Cavaliers,New York Knicks,Karl-Anthony Towns,Puntos+Rebotes,29.5,Debajo,1.83,dom,
Cleveland Cavaliers - New York Knicks,Winner Of Ec Sf2 Winner Of Ec Sf1,2026-05-25,2026-05-25 21:00,New York Knicks,Cleveland Cavaliers,New York Knicks,Karl-Anthony Towns,Puntos+Rebotes,30.5,Sobre,1.92,dom_alt,
Cleveland Cavaliers - New York Knicks,Winner Of Ec Sf2 Winner Of Ec Sf1,2026-05-25,2026-05-25 21:00,New York Knicks,Cleveland Cavaliers,New York Knicks,Karl-Anthony Towns,Puntos+Rebotes,30.5,Debajo,1.65,dom_alt,
Cleveland Cavaliers - New York Knicks,Winner Of Ec Sf2 Winner Of Ec Sf1,2026-05-25,2026-05-25 21:00,New York Knicks,Cleveland Cavaliers,New York Knicks,Karl-Anthony Towns,Puntos+Rebotes,27.5,Sobre,1.57,dom_alt,
Cleveland Cavaliers - New York Knicks,Winner Of Ec Sf2 Winner Of Ec Sf1,2026-05-25,2026-05-25 21:00,New York Knicks,Cleveland Cavaliers,New York Knicks,Karl-Anthony Towns,Puntos+Rebotes,27.5,Debajo,2.06,dom_alt,
Cleveland Cavaliers - New York Knicks,Winner Of Ec Sf2 Winner Of Ec Sf1,2026-05-25,2026-05-25 21:00,New York Knicks,Cleveland Cavaliers,New York Knicks,Karl-Anthony Towns,Puntos+Rebotes,26.5,Sobre,1.51,dom_alt,
Cleveland Cavaliers - New York Knicks,Winner Of Ec Sf2 Winner Of Ec Sf1,2026-05-25,2026-05-25 21:00,New York Knicks,Cleveland Cavaliers,New York Knicks,Karl-Anthony Towns,Puntos+Rebotes,26.5,Debajo,2.16,dom_alt,
Cleveland Cavaliers - New York Knicks,Winner Of Ec Sf2 Winner Of Ec Sf1,2026-05-25,2026-05-25 21:00,New York Knicks,Cleveland Cavaliers,New York Knicks,Karl-Anthony Towns,Puntos+Rebotes,31.5,Sobre,2.07,dom_alt,
Cleveland Cavaliers - New York Knicks,Winner Of Ec Sf2 Winner Of Ec Sf1,2026-05-25,2026-05-25 21:00,New York Knicks,Cleveland Cavaliers,New York Knicks,Karl-Anthony Towns,Puntos+Rebotes,31.5,Debajo,1.56,dom_alt,
Cleveland Cavaliers - New York Knicks,Winner Of Ec Sf2 Winner Of Ec Sf1,2026-05-25,2026-05-25 21:00,New York Knicks,Cleveland Cavaliers,New York Knicks,Karl-Anthony Towns,Puntos+Rebotes,32.5,Sobre,2.15,dom_alt,
Cleveland Cavaliers - New York Knicks,Winner Of Ec Sf2 Winner Of Ec Sf1,2026-05-25,2026-05-25 21:00,New York Knicks,Cleveland Cavaliers,New York Knicks,Karl-Anthony Towns,Puntos+Rebotes,32.5,Debajo,1.51,dom_alt,
Cleveland Cavaliers - New York Knicks,Winner Of Ec Sf2 Winner Of Ec Sf1,2026-05-25,2026-05-25 21:00,New York Knicks,Cleveland Cavaliers,New York Knicks,Karl-Anthony Towns,Puntos+Asistencias,21.5,Sobre,1.77,dom,
Cleveland Cavaliers - New York Knicks,Winner Of Ec Sf2 Winner Of Ec Sf1,2026-05-25,2026-05-25 21:00,New York Knicks,Cleveland Cavaliers,New York Knicks,Karl-Anthony Towns,Puntos+Asistencias,21.5,Debajo,1.91,dom,
Cleveland Cavaliers - New York Knicks,Winner Of Ec Sf2 Winner Of Ec Sf1,2026-05-25,2026-05-25 21:00,New York Knicks,Cleveland Cavaliers,New York Knicks,Karl-Anthony Towns,Puntos+Asistencias,22.5,Sobre,1.87,dom_alt,
Cleveland Cavaliers - New York Knicks,Winner Of Ec Sf2 Winner Of Ec Sf1,2026-05-25,2026-05-25 21:00,New York Knicks,Cleveland Cavaliers,New York Knicks,Karl-Anthony Towns,Puntos+Asistencias,22.5,Debajo,1.69,dom_alt,
Cleveland Cavaliers - New York Knicks,Winner Of Ec Sf2 Winner Of Ec Sf1,2026-05-25,2026-05-25 21:00,New York Knicks,Cleveland Cavaliers,New York Knicks,Karl-Anthony Towns,Puntos+Asistencias,20.5,Sobre,1.59,dom_alt,
Cleveland Cavaliers - New York Knicks,Winner Of Ec Sf2 Winner Of Ec Sf1,2026-05-25,2026-05-25 21:00,New York Knicks,Cleveland Cavaliers,New York Knicks,Karl-Anthony Towns,Puntos+Asistencias,20.5,Debajo,2.01,dom_alt,
Cleveland Cavaliers - New York Knicks,Winner Of Ec Sf2 Winner Of Ec Sf1,2026-05-25,2026-05-25 21:00,New York Knicks,Cleveland Cavaliers,New York Knicks,Karl-Anthony Towns,Puntos+Asistencias,23.5,Sobre,2.05,dom_alt,
Cleveland Cavaliers - New York Knicks,Winner Of Ec Sf2 Winner Of Ec Sf1,2026-05-25,2026-05-25 21:00,New York Knicks,Cleveland Cavaliers,New York Knicks,Karl-Anthony Towns,Puntos+Asistencias,23.5,Debajo,1.57,dom_alt,
Cleveland Cavaliers - New York Knicks,Winner Of Ec Sf2 Winner Of Ec Sf1,2026-05-25,2026-05-25 21:00,New York Knicks,Cleveland Cavaliers,New York Knicks,Karl-Anthony Towns,Puntos+Asistencias,19.5,Sobre,1.51,dom_alt,
Cleveland Cavaliers - New York Knicks,Winner Of Ec Sf2 Winner Of Ec Sf1,2026-05-25,2026-05-25 21:00,New York Knicks,Cleveland Cavaliers,New York Knicks,Karl-Anthony Towns,Puntos+Asistencias,19.5,Debajo,2.15,dom_alt,
Cleveland Cavaliers - New York Knicks,Winner Of Ec Sf2 Winner Of Ec Sf1,2026-05-25,2026-05-25 21:00,New York Knicks,Cleveland Cavaliers,New York Knicks,Karl-Anthony Towns,PRA,34.5,Sobre,1.85,dom,
Cleveland Cavaliers - New York Knicks,Winner Of Ec Sf2 Winner Of Ec Sf1,2026-05-25,2026-05-25 21:00,New York Knicks,Cleveland Cavaliers,New York Knicks,Karl-Anthony Towns,PRA,34.5,Debajo,1.82,dom,
Cleveland Cavaliers - New York Knicks,Winner Of Ec Sf2 Winner Of Ec Sf1,2026-05-25,2026-05-25 21:00,New York Knicks,Cleveland Cavaliers,New York Knicks,Karl-Anthony Towns,PRA,35.5,Sobre,1.92,dom_alt,
Cleveland Cavaliers - New York Knicks,Winner Of Ec Sf2 Winner Of Ec Sf1,2026-05-25,2026-05-25 21:00,New York Knicks,Cleveland Cavaliers,New York Knicks,Karl-Anthony Towns,PRA,35.5,Debajo,1.66,dom_alt,
Cleveland Cavaliers - New York Knicks,Winner Of Ec Sf2 Winner Of Ec Sf1,2026-05-25,2026-05-25 21:00,New York Knicks,Cleveland Cavaliers,New York Knicks,Karl-Anthony Towns,PRA,32.5,Sobre,1.59,dom_alt,
Cleveland Cavaliers - New York Knicks,Winner Of Ec Sf2 Winner Of Ec Sf1,2026-05-25,2026-05-25 21:00,New York Knicks,Cleveland Cavaliers,New York Knicks,Karl-Anthony Towns,PRA,32.5,Debajo,2.02,dom_alt,
Cleveland Cavaliers - New York Knicks,Winner Of Ec Sf2 Winner Of Ec Sf1,2026-05-25,2026-05-25 21:00,New York Knicks,Cleveland Cavaliers,New York Knicks,Karl-Anthony Towns,PRA,36.5,Sobre,2.06,dom_alt,
Cleveland Cavaliers - New York Knicks,Winner Of Ec Sf2 Winner Of Ec Sf1,2026-05-25,2026-05-25 21:00,New York Knicks,Cleveland Cavaliers,New York Knicks,Karl-Anthony Towns,PRA,36.5,Debajo,1.56,dom_alt,
Cleveland Cavaliers - New York Knicks,Winner Of Ec Sf2 Winner Of Ec Sf1,2026-05-25,2026-05-25 21:00,New York Knicks,Cleveland Cavaliers,New York Knicks,Karl-Anthony Towns,PRA,37.5,Sobre,2.15,dom_alt,
Cleveland Cavaliers - New York Knicks,Winner Of Ec Sf2 Winner Of Ec Sf1,2026-05-25,2026-05-25 21:00,New York Knicks,Cleveland Cavaliers,New York Knicks,Karl-Anthony Towns,PRA,37.5,Debajo,1.52,dom_alt,
Cleveland Cavaliers - New York Knicks,Winner Of Ec Sf2 Winner Of Ec Sf1,2026-05-25,2026-05-25 21:00,New York Knicks,Cleveland Cavaliers,New York Knicks,Karl-Anthony Towns,PRA,31.5,Sobre,1.54,dom_alt,
Cleveland Cavaliers - New York Knicks,Winner Of Ec Sf2 Winner Of Ec Sf1,2026-05-25,2026-05-25 21:00,New York Knicks,Cleveland Cavaliers,New York Knicks,Karl-Anthony Towns,PRA,31.5,Debajo,2.11,dom_alt,
Cleveland Cavaliers - New York Knicks,Winner Of Ec Sf2 Winner Of Ec Sf1,2026-05-25,2026-05-25 21:00,New York Knicks,Cleveland Cavaliers,New York Knicks,Karl-Anthony Towns,PRA,38.5,Sobre,2.34,dom_alt,
Cleveland Cavaliers - New York Knicks,Winner Of Ec Sf2 Winner Of Ec Sf1,2026-05-25,2026-05-25 21:00,New York Knicks,Cleveland Cavaliers,New York Knicks,Karl-Anthony Towns,PRA,38.5,Debajo,1.43,dom_alt,
Cleveland Cavaliers - New York Knicks,Winner Of Ec Sf2 Winner Of Ec Sf1,2026-05-25,2026-05-25 21:00,New York Knicks,Cleveland Cavaliers,New York Knicks,Karl-Anthony Towns,PRA,39.5,Sobre,2.57,dom_alt,
Cleveland Cavaliers - New York Knicks,Winner Of Ec Sf2 Winner Of Ec Sf1,2026-05-25,2026-05-25 21:00,New York Knicks,Cleveland Cavaliers,New York Knicks,Karl-Anthony Towns,PRA,39.5,Debajo,1.36,dom_alt,
Cleveland Cavaliers - New York Knicks,Winner Of Ec Sf2 Winner Of Ec Sf1,2026-05-25,2026-05-25 21:00,New York Knicks,Cleveland Cavaliers,New York Knicks,Karl-Anthony Towns,Asistencias+Rebotes,17.5,Sobre,1.95,dom,
Cleveland Cavaliers - New York Knicks,Winner Of Ec Sf2 Winner Of Ec Sf1,2026-05-25,2026-05-25 21:00,New York Knicks,Cleveland Cavaliers,New York Knicks,Karl-Anthony Towns,Asistencias+Rebotes,17.5,Debajo,1.73,dom,
Cleveland Cavaliers - New York Knicks,Winner Of Ec Sf2 Winner Of Ec Sf1,2026-05-25,2026-05-25 21:00,New York Knicks,Cleveland Cavaliers,New York Knicks,Karl-Anthony Towns,Asistencias+Rebotes,15.5,Sobre,1.54,dom_alt,
Cleveland Cavaliers - New York Knicks,Winner Of Ec Sf2 Winner Of Ec Sf1,2026-05-25,2026-05-25 21:00,New York Knicks,Cleveland Cavaliers,New York Knicks,Karl-Anthony Towns,Asistencias+Rebotes,15.5,Debajo,2.10,dom_alt,
Cleveland Cavaliers - New York Knicks,Winner Of Ec Sf2 Winner Of Ec Sf1,2026-05-25,2026-05-25 21:00,New York Knicks,Cleveland Cavaliers,New York Knicks,Karl-Anthony Towns,Asistencias+Rebotes,18.5,Sobre,2.09,dom_alt,
Cleveland Cavaliers - New York Knicks,Winner Of Ec Sf2 Winner Of Ec Sf1,2026-05-25,2026-05-25 21:00,New York Knicks,Cleveland Cavaliers,New York Knicks,Karl-Anthony Towns,Asistencias+Rebotes,18.5,Debajo,1.55,dom_alt,
Cleveland Cavaliers - New York Knicks,Winner Of Ec Sf2 Winner Of Ec Sf1,2026-05-25,2026-05-25 21:00,New York Knicks,Cleveland Cavaliers,New York Knicks,Karl-Anthony Towns,Robos+Tapones,1.5,Sobre,1.53,dom,
Cleveland Cavaliers - New York Knicks,Winner Of Ec Sf2 Winner Of Ec Sf1,2026-05-25,2026-05-25 21:00,New York Knicks,Cleveland Cavaliers,New York Knicks,Karl-Anthony Towns,Robos+Tapones,1.5,Debajo,2.30,dom,
Cleveland Cavaliers - New York Knicks,Winner Of Ec Sf2 Winner Of Ec Sf1,2026-05-25,2026-05-25 21:00,New York Knicks,Cleveland Cavaliers,New York Knicks,Karl-Anthony Towns,DobleDoble,0.5,Sobre,1.37,dom,
Cleveland Cavaliers - New York Knicks,Winner Of Ec Sf2 Winner Of Ec Sf1,2026-05-25,2026-05-25 21:00,New York Knicks,Cleveland Cavaliers,New York Knicks,Karl-Anthony Towns,DobleDoble,0.5,Debajo,2.79,dom,
Cleveland Cavaliers - New York Knicks,Winner Of Ec Sf2 Winner Of Ec Sf1,2026-05-25,2026-05-25 21:00,New York Knicks,Cleveland Cavaliers,New York Knicks,Karl-Anthony Towns,Asistencias,4.5,Sobre,1.81,dom,
Cleveland Cavaliers - New York Knicks,Winner Of Ec Sf2 Winner Of Ec Sf1,2026-05-25,2026-05-25 21:00,New York Knicks,Cleveland Cavaliers,New York Knicks,Karl-Anthony Towns,Asistencias,4.5,Debajo,1.86,dom,
Cleveland Cavaliers - New York Knicks,Winner Of Ec Sf2 Winner Of Ec Sf1,2026-05-25,2026-05-25 21:00,New York Knicks,Cleveland Cavaliers,New York Knicks,Karl-Anthony Towns,Asistencias,5.5,Sobre,2.29,dom_alt,
Cleveland Cavaliers - New York Knicks,Winner Of Ec Sf2 Winner Of Ec Sf1,2026-05-25,2026-05-25 21:00,New York Knicks,Cleveland Cavaliers,New York Knicks,Karl-Anthony Towns,Asistencias,5.5,Debajo,1.45,dom_alt,
Cleveland Cavaliers - New York Knicks,Winner Of Ec Sf2 Winner Of Ec Sf1,2026-05-25,2026-05-25 21:00,New York Knicks,Cleveland Cavaliers,New York Knicks,Karl-Anthony Towns,Asistencias,3.5,Sobre,1.39,dom_alt,
Cleveland Cavaliers - New York Knicks,Winner Of Ec Sf2 Winner Of Ec Sf1,2026-05-25,2026-05-25 21:00,New York Knicks,Cleveland Cavaliers,New York Knicks,Karl-Anthony Towns,Asistencias,3.5,Debajo,2.47,dom_alt,
Cleveland Cavaliers - New York Knicks,Winner Of Ec Sf2 Winner Of Ec Sf1,2026-05-25,2026-05-25 21:00,New York Knicks,Cleveland Cavaliers,New York Knicks,Karl-Anthony Towns,PuntosPrimerCuarto,3.5,Sobre,1.63,dom,
Cleveland Cavaliers - New York Knicks,Winner Of Ec Sf2 Winner Of Ec Sf1,2026-05-25,2026-05-25 21:00,New York Knicks,Cleveland Cavaliers,New York Knicks,Karl-Anthony Towns,PuntosPrimerCuarto,3.5,Debajo,2.10,dom,
Cleveland Cavaliers - New York Knicks,Winner Of Ec Sf2 Winner Of Ec Sf1,2026-05-25,2026-05-25 21:00,New York Knicks,Cleveland Cavaliers,New York Knicks,Karl-Anthony Towns,PuntosPrimerCuarto,4.5,Sobre,2.01,dom_alt,
Cleveland Cavaliers - New York Knicks,Winner Of Ec Sf2 Winner Of Ec Sf1,2026-05-25,2026-05-25 21:00,New York Knicks,Cleveland Cavaliers,New York Knicks,Karl-Anthony Towns,PuntosPrimerCuarto,4.5,Debajo,1.59,dom_alt,
Cleveland Cavaliers - New York Knicks,Winner Of Ec Sf2 Winner Of Ec Sf1,2026-05-25,2026-05-25 21:00,New York Knicks,Cleveland Cavaliers,New York Knicks,Karl-Anthony Towns,RebotesPrimerCuarto,3.5,Sobre,2.21,dom,
Cleveland Cavaliers - New York Knicks,Winner Of Ec Sf2 Winner Of Ec Sf1,2026-05-25,2026-05-25 21:00,New York Knicks,Cleveland Cavaliers,New York Knicks,Karl-Anthony Towns,RebotesPrimerCuarto,3.5,Debajo,1.57,dom,
Cleveland Cavaliers - New York Knicks,Winner Of Ec Sf2 Winner Of Ec Sf1,2026-05-25,2026-05-25 21:00,New York Knicks,Cleveland Cavaliers,New York Knicks,Karl-Anthony Towns,TirosLibres,3.5,Sobre,1.64,dom,
Cleveland Cavaliers - New York Knicks,Winner Of Ec Sf2 Winner Of Ec Sf1,2026-05-25,2026-05-25 21:00,New York Knicks,Cleveland Cavaliers,New York Knicks,Karl-Anthony Towns,TirosLibres,3.5,Debajo,2.09,dom,
Cleveland Cavaliers - New York Knicks,Winner Of Ec Sf2 Winner Of Ec Sf1,2026-05-25,2026-05-25 21:00,New York Knicks,Cleveland Cavaliers,New York Knicks,Karl-Anthony Towns,TirosLibresInt,4.5,Sobre,1.81,dom,
Cleveland Cavaliers - New York Knicks,Winner Of Ec Sf2 Winner Of Ec Sf1,2026-05-25,2026-05-25 21:00,New York Knicks,Cleveland Cavaliers,New York Knicks,Karl-Anthony Towns,TirosLibresInt,4.5,Debajo,1.86,dom,
Cleveland Cavaliers - New York Knicks,Winner Of Ec Sf2 Winner Of Ec Sf1,2026-05-25,2026-05-25 21:00,New York Knicks,Cleveland Cavaliers,New York Knicks,Karl-Anthony Towns,GolesCampo,5.5,Sobre,1.71,dom,
Cleveland Cavaliers - New York Knicks,Winner Of Ec Sf2 Winner Of Ec Sf1,2026-05-25,2026-05-25 21:00,New York Knicks,Cleveland Cavaliers,New York Knicks,Karl-Anthony Towns,GolesCampo,5.5,Debajo,1.98,dom,
Cleveland Cavaliers - New York Knicks,Winner Of Ec Sf2 Winner Of Ec Sf1,2026-05-25,2026-05-25 21:00,New York Knicks,Cleveland Cavaliers,New York Knicks,Karl-Anthony Towns,GolesCampoInt,11.5,Sobre,1.69,dom,
Cleveland Cavaliers - New York Knicks,Winner Of Ec Sf2 Winner Of Ec Sf1,2026-05-25,2026-05-25 21:00,New York Knicks,Cleveland Cavaliers,New York Knicks,Karl-Anthony Towns,GolesCampoInt,11.5,Debajo,2.01,dom,
Cleveland Cavaliers - New York Knicks,Winner Of Ec Sf2 Winner Of Ec Sf1,2026-05-25,2026-05-25 21:00,New York Knicks,Cleveland Cavaliers,New York Knicks,Karl-Anthony Towns,GolesCampoInt,12.5,Sobre,1.95,dom_alt,
Cleveland Cavaliers - New York Knicks,Winner Of Ec Sf2 Winner Of Ec Sf1,2026-05-25,2026-05-25 21:00,New York Knicks,Cleveland Cavaliers,New York Knicks,Karl-Anthony Towns,GolesCampoInt,12.5,Debajo,1.63,dom_alt,
Cleveland Cavaliers - New York Knicks,Winner Of Ec Sf2 Winner Of Ec Sf1,2026-05-25,2026-05-25 21:00,New York Knicks,Cleveland Cavaliers,New York Knicks,Karl-Anthony Towns,TriplesInt,3.5,Sobre,1.96,dom,
Cleveland Cavaliers - New York Knicks,Winner Of Ec Sf2 Winner Of Ec Sf1,2026-05-25,2026-05-25 21:00,New York Knicks,Cleveland Cavaliers,New York Knicks,Karl-Anthony Towns,TriplesInt,3.5,Debajo,1.73,dom,
