partido,partido_original,fecha,fecha_hora,equipo_local,equipo_visitante,equipo,jugador,mercado,linea,tipo,cuota,fuente,fixture_id
Detroit Pistons - Cleveland Cavaliers,Winner Of E1 E8 Winner Of E4 E5,2026-05-25,2026-05-18 00:00,Cleveland Cavaliers,Detroit Pistons,Detroit Pistons,Cade Cunningham,Puntos,26.5,Sobre,1.91,dom,
Detroit Pistons - Cleveland Cavaliers,Winner Of E1 E8 Winner Of E4 E5,2026-05-25,2026-05-18 00:00,Cleveland Cavaliers,Detroit Pistons,Detroit Pistons,Cade Cunningham,Puntos,26.5,Debajo,1.76,dom,
Detroit Pistons - Cleveland Cavaliers,Winner Of E1 E8 Winner Of E4 E5,2026-05-25,2026-05-18 00:00,Cleveland Cavaliers,Detroit Pistons,Detroit Pistons,Cade Cunningham,Puntos,27.5,Sobre,2.02,dom_alt,
Detroit Pistons - Cleveland Cavaliers,Winner Of E1 E8 Winner Of E4 E5,2026-05-25,2026-05-18 00:00,Cleveland Cavaliers,Detroit Pistons,Detroit Pistons,Cade Cunningham,Puntos,27.5,Debajo,1.59,dom_alt,
Detroit Pistons - Cleveland Cavaliers,Winner Of E1 E8 Winner Of E4 E5,2026-05-25,2026-05-18 00:00,Cleveland Cavaliers,Detroit Pistons,Detroit Pistons,Cade Cunningham,Puntos,24.5,Sobre,1.58,dom_alt,
Detroit Pistons - Cleveland Cavaliers,Winner Of E1 E8 Winner Of E4 E5,2026-05-25,2026-05-18 00:00,Cleveland Cavaliers,Detroit Pistons,Detroit Pistons,Cade Cunningham,Puntos,24.5,Debajo,2.02,dom_alt,
Detroit Pistons - Cleveland Cavaliers,Winner Of E1 E8 Winner Of E4 E5,2026-05-25,2026-05-18 00:00,Cleveland Cavaliers,Detroit Pistons,Detroit Pistons,Cade Cunningham,Puntos,28.5,Sobre,2.14,dom_alt,
Detroit Pistons - Cleveland Cavaliers,Winner Of E1 E8 Winner Of E4 E5,2026-05-25,2026-05-18 00:00,Cleveland Cavaliers,Detroit Pistons,Detroit Pistons,Cade Cunningham,Puntos,28.5,Debajo,1.52,dom_alt,
Detroit Pistons - Cleveland Cavaliers,Winner Of E1 E8 Winner Of E4 E5,2026-05-25,2026-05-18 00:00,Cleveland Cavaliers,Detroit Pistons,Detroit Pistons,Cade Cunningham,Puntos,23.5,Sobre,1.51,dom_alt,
Detroit Pistons - Cleveland Cavaliers,Winner Of E1 E8 Winner Of E4 E5,2026-05-25,2026-05-18 00:00,Cleveland Cavaliers,Detroit Pistons,Detroit Pistons,Cade Cunningham,Puntos,23.5,Debajo,2.16,dom_alt,
Detroit Pistons - Cleveland Cavaliers,Winner Of E1 E8 Winner Of E4 E5,2026-05-25,2026-05-18 00:00,Cleveland Cavaliers,Detroit Pistons,Detroit Pistons,Cade Cunningham,Puntos,29.5,Sobre,2.36,dom_alt,
Detroit Pistons - Cleveland Cavaliers,Winner Of E1 E8 Winner Of E4 E5,2026-05-25,2026-05-18 00:00,Cleveland Cavaliers,Detroit Pistons,Detroit Pistons,Cade Cunningham,Puntos,29.5,Debajo,1.42,dom_alt,
Detroit Pistons - Cleveland Cavaliers,Winner Of E1 E8 Winner Of E4 E5,2026-05-25,2026-05-18 00:00,Cleveland Cavaliers,Detroit Pistons,Detroit Pistons,Cade Cunningham,Puntos,22.5,Sobre,1.41,dom_alt,
Detroit Pistons - Cleveland Cavaliers,Winner Of E1 E8 Winner Of E4 E5,2026-05-25,2026-05-18 00:00,Cleveland Cavaliers,Detroit Pistons,Detroit Pistons,Cade Cunningham,Puntos,22.5,Debajo,2.41,dom_alt,
Detroit Pistons - Cleveland Cavaliers,Winner Of E1 E8 Winner Of E4 E5,2026-05-25,2026-05-18 00:00,Cleveland Cavaliers,Detroit Pistons,Detroit Pistons,Cade Cunningham,Puntos,30.5,Sobre,2.66,dom_alt,
Detroit Pistons - Cleveland Cavaliers,Winner Of E1 E8 Winner Of E4 E5,2026-05-25,2026-05-18 00:00,Cleveland Cavaliers,Detroit Pistons,Detroit Pistons,Cade Cunningham,Puntos,30.5,Debajo,1.34,dom_alt,
Detroit Pistons - Cleveland Cavaliers,Winner Of E1 E8 Winner Of E4 E5,2026-05-25,2026-05-18 00:00,Cleveland Cavaliers,Detroit Pistons,Detroit Pistons,Cade Cunningham,Puntos,21.5,Sobre,1.33,dom_alt,
Detroit Pistons - Cleveland Cavaliers,Winner Of E1 E8 Winner Of E4 E5,2026-05-25,2026-05-18 00:00,Cleveland Cavaliers,Detroit Pistons,Detroit Pistons,Cade Cunningham,Puntos,21.5,Debajo,2.70,dom_alt,
Detroit Pistons - Cleveland Cavaliers,Winner Of E1 E8 Winner Of E4 E5,2026-05-25,2026-05-18 00:00,Cleveland Cavaliers,Detroit Pistons,Detroit Pistons,Cade Cunningham,Rebotes,5.5,Sobre,1.89,dom,
Detroit Pistons - Cleveland Cavaliers,Winner Of E1 E8 Winner Of E4 E5,2026-05-25,2026-05-18 00:00,Cleveland Cavaliers,Detroit Pistons,Detroit Pistons,Cade Cunningham,Rebotes,5.5,Debajo,1.78,dom,
Detroit Pistons - Cleveland Cavaliers,Winner Of E1 E8 Winner Of E4 E5,2026-05-25,2026-05-18 00:00,Cleveland Cavaliers,Detroit Pistons,Detroit Pistons,Cade Cunningham,Rebotes,6.5,Sobre,2.42,dom_alt,
Detroit Pistons - Cleveland Cavaliers,Winner Of E1 E8 Winner Of E4 E5,2026-05-25,2026-05-18 00:00,Cleveland Cavaliers,Detroit Pistons,Detroit Pistons,Cade Cunningham,Rebotes,6.5,Debajo,1.40,dom_alt,
Detroit Pistons - Cleveland Cavaliers,Winner Of E1 E8 Winner Of E4 E5,2026-05-25,2026-05-18 00:00,Cleveland Cavaliers,Detroit Pistons,Detroit Pistons,Cade Cunningham,Triples,2.5,Sobre,2.32,dom,
Detroit Pistons - Cleveland Cavaliers,Winner Of E1 E8 Winner Of E4 E5,2026-05-25,2026-05-18 00:00,Cleveland Cavaliers,Detroit Pistons,Detroit Pistons,Cade Cunningham,Triples,2.5,Debajo,1.52,dom,
Detroit Pistons - Cleveland Cavaliers,Winner Of E1 E8 Winner Of E4 E5,2026-05-25,2026-05-18 00:00,Cleveland Cavaliers,Detroit Pistons,Detroit Pistons,Cade Cunningham,Robos,1.5,Sobre,2.02,dom,
Detroit Pistons - Cleveland Cavaliers,Winner Of E1 E8 Winner Of E4 E5,2026-05-25,2026-05-18 00:00,Cleveland Cavaliers,Detroit Pistons,Detroit Pistons,Cade Cunningham,Robos,1.5,Debajo,1.68,dom,
Detroit Pistons - Cleveland Cavaliers,Winner Of E1 E8 Winner Of E4 E5,2026-05-25,2026-05-18 00:00,Cleveland Cavaliers,Detroit Pistons,Detroit Pistons,Cade Cunningham,Tapones,0.5,Sobre,2.00,dom,
Detroit Pistons - Cleveland Cavaliers,Winner Of E1 E8 Winner Of E4 E5,2026-05-25,2026-05-18 00:00,Cleveland Cavaliers,Detroit Pistons,Detroit Pistons,Cade Cunningham,Tapones,0.5,Debajo,1.69,dom,
Detroit Pistons - Cleveland Cavaliers,Winner Of E1 E8 Winner Of E4 E5,2026-05-25,2026-05-18 00:00,Cleveland Cavaliers,Detroit Pistons,Detroit Pistons,Cade Cunningham,Pérdidas,4.5,Sobre,1.83,dom,
Detroit Pistons - Cleveland Cavaliers,Winner Of E1 E8 Winner Of E4 E5,2026-05-25,2026-05-18 00:00,Cleveland Cavaliers,Detroit Pistons,Detroit Pistons,Cade Cunningham,Pérdidas,4.5,Debajo,1.84,dom,
Detroit Pistons - Cleveland Cavaliers,Winner Of E1 E8 Winner Of E4 E5,2026-05-25,2026-05-18 00:00,Cleveland Cavaliers,Detroit Pistons,Detroit Pistons,Cade Cunningham,Puntos+Rebotes,31.5,Sobre,1.81,dom,
Detroit Pistons - Cleveland Cavaliers,Winner Of E1 E8 Winner Of E4 E5,2026-05-25,2026-05-18 00:00,Cleveland Cavaliers,Detroit Pistons,Detroit Pistons,Cade Cunningham,Puntos+Rebotes,31.5,Debajo,1.86,dom,
Detroit Pistons - Cleveland Cavaliers,Winner Of E1 E8 Winner Of E4 E5,2026-05-25,2026-05-18 00:00,Cleveland Cavaliers,Detroit Pistons,Detroit Pistons,Cade Cunningham,Puntos+Rebotes,32.5,Sobre,1.90,dom_alt,
Detroit Pistons - Cleveland Cavaliers,Winner Of E1 E8 Winner Of E4 E5,2026-05-25,2026-05-18 00:00,Cleveland Cavaliers,Detroit Pistons,Detroit Pistons,Cade Cunningham,Puntos+Rebotes,32.5,Debajo,1.67,dom_alt,
Detroit Pistons - Cleveland Cavaliers,Winner Of E1 E8 Winner Of E4 E5,2026-05-25,2026-05-18 00:00,Cleveland Cavaliers,Detroit Pistons,Detroit Pistons,Cade Cunningham,Puntos+Rebotes,29.5,Sobre,1.57,dom_alt,
Detroit Pistons - Cleveland Cavaliers,Winner Of E1 E8 Winner Of E4 E5,2026-05-25,2026-05-18 00:00,Cleveland Cavaliers,Detroit Pistons,Detroit Pistons,Cade Cunningham,Puntos+Rebotes,29.5,Debajo,2.04,dom_alt,
Detroit Pistons - Cleveland Cavaliers,Winner Of E1 E8 Winner Of E4 E5,2026-05-25,2026-05-18 00:00,Cleveland Cavaliers,Detroit Pistons,Detroit Pistons,Cade Cunningham,Puntos+Rebotes,33.5,Sobre,2.07,dom_alt,
Detroit Pistons - Cleveland Cavaliers,Winner Of E1 E8 Winner Of E4 E5,2026-05-25,2026-05-18 00:00,Cleveland Cavaliers,Detroit Pistons,Detroit Pistons,Cade Cunningham,Puntos+Rebotes,33.5,Debajo,1.56,dom_alt,
Detroit Pistons - Cleveland Cavaliers,Winner Of E1 E8 Winner Of E4 E5,2026-05-25,2026-05-18 00:00,Cleveland Cavaliers,Detroit Pistons,Detroit Pistons,Cade Cunningham,Puntos+Asistencias,34.5,Sobre,1.75,dom,
Detroit Pistons - Cleveland Cavaliers,Winner Of E1 E8 Winner Of E4 E5,2026-05-25,2026-05-18 00:00,Cleveland Cavaliers,Detroit Pistons,Detroit Pistons,Cade Cunningham,Puntos+Asistencias,34.5,Debajo,1.92,dom,
Detroit Pistons - Cleveland Cavaliers,Winner Of E1 E8 Winner Of E4 E5,2026-05-25,2026-05-18 00:00,Cleveland Cavaliers,Detroit Pistons,Detroit Pistons,Cade Cunningham,Puntos+Asistencias,35.5,Sobre,1.86,dom_alt,
Detroit Pistons - Cleveland Cavaliers,Winner Of E1 E8 Winner Of E4 E5,2026-05-25,2026-05-18 00:00,Cleveland Cavaliers,Detroit Pistons,Detroit Pistons,Cade Cunningham,Puntos+Asistencias,35.5,Debajo,1.71,dom_alt,
Detroit Pistons - Cleveland Cavaliers,Winner Of E1 E8 Winner Of E4 E5,2026-05-25,2026-05-18 00:00,Cleveland Cavaliers,Detroit Pistons,Detroit Pistons,Cade Cunningham,Puntos+Asistencias,32.5,Sobre,1.52,dom_alt,
Detroit Pistons - Cleveland Cavaliers,Winner Of E1 E8 Winner Of E4 E5,2026-05-25,2026-05-18 00:00,Cleveland Cavaliers,Detroit Pistons,Detroit Pistons,Cade Cunningham,Puntos+Asistencias,32.5,Debajo,2.13,dom_alt,
Detroit Pistons - Cleveland Cavaliers,Winner Of E1 E8 Winner Of E4 E5,2026-05-25,2026-05-18 00:00,Cleveland Cavaliers,Detroit Pistons,Detroit Pistons,Cade Cunningham,Puntos+Asistencias,36.5,Sobre,2.02,dom_alt,
Detroit Pistons - Cleveland Cavaliers,Winner Of E1 E8 Winner Of E4 E5,2026-05-25,2026-05-18 00:00,Cleveland Cavaliers,Detroit Pistons,Detroit Pistons,Cade Cunningham,Puntos+Asistencias,36.5,Debajo,1.59,dom_alt,
Detroit Pistons - Cleveland Cavaliers,Winner Of E1 E8 Winner Of E4 E5,2026-05-25,2026-05-18 00:00,Cleveland Cavaliers,Detroit Pistons,Detroit Pistons,Cade Cunningham,Puntos+Asistencias,37.5,Sobre,2.13,dom_alt,
Detroit Pistons - Cleveland Cavaliers,Winner Of E1 E8 Winner Of E4 E5,2026-05-25,2026-05-18 00:00,Cleveland Cavaliers,Detroit Pistons,Detroit Pistons,Cade Cunningham,Puntos+Asistencias,37.5,Debajo,1.52,dom_alt,
Detroit Pistons - Cleveland Cavaliers,Winner Of E1 E8 Winner Of E4 E5,2026-05-25,2026-05-18 00:00,Cleveland Cavaliers,Detroit Pistons,Detroit Pistons,Cade Cunningham,PRA,40.5,Sobre,1.81,dom,
Detroit Pistons - Cleveland Cavaliers,Winner Of E1 E8 Winner Of E4 E5,2026-05-25,2026-05-18 00:00,Cleveland Cavaliers,Detroit Pistons,Detroit Pistons,Cade Cunningham,PRA,40.5,Debajo,1.86,dom,
Detroit Pistons - Cleveland Cavaliers,Winner Of E1 E8 Winner Of E4 E5,2026-05-25,2026-05-18 00:00,Cleveland Cavaliers,Detroit Pistons,Detroit Pistons,Cade Cunningham,PRA,41.5,Sobre,1.90,dom_alt,
Detroit Pistons - Cleveland Cavaliers,Winner Of E1 E8 Winner Of E4 E5,2026-05-25,2026-05-18 00:00,Cleveland Cavaliers,Detroit Pistons,Detroit Pistons,Cade Cunningham,PRA,41.5,Debajo,1.67,dom_alt,
Detroit Pistons - Cleveland Cavaliers,Winner Of E1 E8 Winner Of E4 E5,2026-05-25,2026-05-18 00:00,Cleveland Cavaliers,Detroit Pistons,Detroit Pistons,Cade Cunningham,PRA,38.5,Sobre,1.53,dom_alt,
Detroit Pistons - Cleveland Cavaliers,Winner Of E1 E8 Winner Of E4 E5,2026-05-25,2026-05-18 00:00,Cleveland Cavaliers,Detroit Pistons,Detroit Pistons,Cade Cunningham,PRA,38.5,Debajo,2.12,dom_alt,
Detroit Pistons - Cleveland Cavaliers,Winner Of E1 E8 Winner Of E4 E5,2026-05-25,2026-05-18 00:00,Cleveland Cavaliers,Detroit Pistons,Detroit Pistons,Cade Cunningham,PRA,42.5,Sobre,2.06,dom_alt,
Detroit Pistons - Cleveland Cavaliers,Winner Of E1 E8 Winner Of E4 E5,2026-05-25,2026-05-18 00:00,Cleveland Cavaliers,Detroit Pistons,Detroit Pistons,Cade Cunningham,PRA,42.5,Debajo,1.56,dom_alt,
Detroit Pistons - Cleveland Cavaliers,Winner Of E1 E8 Winner Of E4 E5,2026-05-25,2026-05-18 00:00,Cleveland Cavaliers,Detroit Pistons,Detroit Pistons,Cade Cunningham,PRA,37.5,Sobre,1.48,dom_alt,
Detroit Pistons - Cleveland Cavaliers,Winner Of E1 E8 Winner Of E4 E5,2026-05-25,2026-05-18 00:00,Cleveland Cavaliers,Detroit Pistons,Detroit Pistons,Cade Cunningham,PRA,37.5,Debajo,2.23,dom_alt,
Detroit Pistons - Cleveland Cavaliers,Winner Of E1 E8 Winner Of E4 E5,2026-05-25,2026-05-18 00:00,Cleveland Cavaliers,Detroit Pistons,Detroit Pistons,Cade Cunningham,PRA,43.5,Sobre,2.17,dom_alt,
Detroit Pistons - Cleveland Cavaliers,Winner Of E1 E8 Winner Of E4 E5,2026-05-25,2026-05-18 00:00,Cleveland Cavaliers,Detroit Pistons,Detroit Pistons,Cade Cunningham,PRA,43.5,Debajo,1.51,dom_alt,
Detroit Pistons - Cleveland Cavaliers,Winner Of E1 E8 Winner Of E4 E5,2026-05-25,2026-05-18 00:00,Cleveland Cavaliers,Detroit Pistons,Detroit Pistons,Cade Cunningham,PRA,36.5,Sobre,1.39,dom_alt,
Detroit Pistons - Cleveland Cavaliers,Winner Of E1 E8 Winner Of E4 E5,2026-05-25,2026-05-18 00:00,Cleveland Cavaliers,Detroit Pistons,Detroit Pistons,Cade Cunningham,PRA,36.5,Debajo,2.46,dom_alt,
Detroit Pistons - Cleveland Cavaliers,Winner Of E1 E8 Winner Of E4 E5,2026-05-25,2026-05-18 00:00,Cleveland Cavaliers,Detroit Pistons,Detroit Pistons,Cade Cunningham,PRA,44.5,Sobre,2.38,dom_alt,
Detroit Pistons - Cleveland Cavaliers,Winner Of E1 E8 Winner Of E4 E5,2026-05-25,2026-05-18 00:00,Cleveland Cavaliers,Detroit Pistons,Detroit Pistons,Cade Cunningham,PRA,44.5,Debajo,1.42,dom_alt,
Detroit Pistons - Cleveland Cavaliers,Winner Of E1 E8 Winner Of E4 E5,2026-05-25,2026-05-18 00:00,Cleveland Cavaliers,Detroit Pistons,Detroit Pistons,Cade Cunningham,PRA,35.5,Sobre,1.32,dom_alt,
Detroit Pistons - Cleveland Cavaliers,Winner Of E1 E8 Winner Of E4 E5,2026-05-25,2026-05-18 00:00,Cleveland Cavaliers,Detroit Pistons,Detroit Pistons,Cade Cunningham,PRA,35.5,Debajo,2.71,dom_alt,
Detroit Pistons - Cleveland Cavaliers,Winner Of E1 E8 Winner Of E4 E5,2026-05-25,2026-05-18 00:00,Cleveland Cavaliers,Detroit Pistons,Detroit Pistons,Cade Cunningham,PRA,45.5,Sobre,2.63,dom_alt,
Detroit Pistons - Cleveland Cavaliers,Winner Of E1 E8 Winner Of E4 E5,2026-05-25,2026-05-18 00:00,Cleveland Cavaliers,Detroit Pistons,Detroit Pistons,Cade Cunningham,PRA,45.5,Debajo,1.34,dom_alt,
Detroit Pistons - Cleveland Cavaliers,Winner Of E1 E8 Winner Of E4 E5,2026-05-25,2026-05-18 00:00,Cleveland Cavaliers,Detroit Pistons,Detroit Pistons,Cade Cunningham,Asistencias+Rebotes,14.5,Sobre,1.95,dom,
Detroit Pistons - Cleveland Cavaliers,Winner Of E1 E8 Winner Of E4 E5,2026-05-25,2026-05-18 00:00,Cleveland Cavaliers,Detroit Pistons,Detroit Pistons,Cade Cunningham,Asistencias+Rebotes,14.5,Debajo,1.73,dom,
Detroit Pistons - Cleveland Cavaliers,Winner Of E1 E8 Winner Of E4 E5,2026-05-25,2026-05-18 00:00,Cleveland Cavaliers,Detroit Pistons,Detroit Pistons,Cade Cunningham,Asistencias+Rebotes,15.5,Sobre,2.15,dom_alt,
Detroit Pistons - Cleveland Cavaliers,Winner Of E1 E8 Winner Of E4 E5,2026-05-25,2026-05-18 00:00,Cleveland Cavaliers,Detroit Pistons,Detroit Pistons,Cade Cunningham,Asistencias+Rebotes,15.5,Debajo,1.51,dom_alt,
Detroit Pistons - Cleveland Cavaliers,Winner Of E1 E8 Winner Of E4 E5,2026-05-25,2026-05-18 00:00,Cleveland Cavaliers,Detroit Pistons,Detroit Pistons,Cade Cunningham,DobleDoble,0.5,Sobre,2.20,dom,
Detroit Pistons - Cleveland Cavaliers,Winner Of E1 E8 Winner Of E4 E5,2026-05-25,2026-05-18 00:00,Cleveland Cavaliers,Detroit Pistons,Detroit Pistons,Cade Cunningham,DobleDoble,0.5,Debajo,1.57,dom,
Detroit Pistons - Cleveland Cavaliers,Winner Of E1 E8 Winner Of E4 E5,2026-05-25,2026-05-18 00:00,Cleveland Cavaliers,Detroit Pistons,Detroit Pistons,Cade Cunningham,Asistencias,8.5,Sobre,1.79,dom,
Detroit Pistons - Cleveland Cavaliers,Winner Of E1 E8 Winner Of E4 E5,2026-05-25,2026-05-18 00:00,Cleveland Cavaliers,Detroit Pistons,Detroit Pistons,Cade Cunningham,Asistencias,8.5,Debajo,1.89,dom,
Detroit Pistons - Cleveland Cavaliers,Winner Of E1 E8 Winner Of E4 E5,2026-05-25,2026-05-18 00:00,Cleveland Cavaliers,Detroit Pistons,Detroit Pistons,Cade Cunningham,Asistencias,9.5,Sobre,2.12,dom_alt,
Detroit Pistons - Cleveland Cavaliers,Winner Of E1 E8 Winner Of E4 E5,2026-05-25,2026-05-18 00:00,Cleveland Cavaliers,Detroit Pistons,Detroit Pistons,Cade Cunningham,Asistencias,9.5,Debajo,1.53,dom_alt,
Detroit Pistons - Cleveland Cavaliers,Winner Of E1 E8 Winner Of E4 E5,2026-05-25,2026-05-18 00:00,Cleveland Cavaliers,Detroit Pistons,Detroit Pistons,Cade Cunningham,Asistencias,10.5,Sobre,2.78,dom_alt,
Detroit Pistons - Cleveland Cavaliers,Winner Of E1 E8 Winner Of E4 E5,2026-05-25,2026-05-18 00:00,Cleveland Cavaliers,Detroit Pistons,Detroit Pistons,Cade Cunningham,Asistencias,10.5,Debajo,1.31,dom_alt,
Detroit Pistons - Cleveland Cavaliers,Winner Of E1 E8 Winner Of E4 E5,2026-05-25,2026-05-18 00:00,Cleveland Cavaliers,Detroit Pistons,Detroit Pistons,Cade Cunningham,TirosLibres,6.5,Sobre,1.98,dom,
Detroit Pistons - Cleveland Cavaliers,Winner Of E1 E8 Winner Of E4 E5,2026-05-25,2026-05-18 00:00,Cleveland Cavaliers,Detroit Pistons,Detroit Pistons,Cade Cunningham,TirosLibres,6.5,Debajo,1.71,dom,
Detroit Pistons - Cleveland Cavaliers,Winner Of E1 E8 Winner Of E4 E5,2026-05-25,2026-05-18 00:00,Cleveland Cavaliers,Detroit Pistons,Detroit Pistons,Cade Cunningham,TirosLibresInt,7.5,Sobre,1.87,dom,
Detroit Pistons - Cleveland Cavaliers,Winner Of E1 E8 Winner Of E4 E5,2026-05-25,2026-05-18 00:00,Cleveland Cavaliers,Detroit Pistons,Detroit Pistons,Cade Cunningham,TirosLibresInt,7.5,Debajo,1.80,dom,
Detroit Pistons - Cleveland Cavaliers,Winner Of E1 E8 Winner Of E4 E5,2026-05-25,2026-05-18 00:00,Cleveland Cavaliers,Detroit Pistons,Detroit Pistons,Cade Cunningham,GolesCampo,8.5,Sobre,1.77,dom,
Detroit Pistons - Cleveland Cavaliers,Winner Of E1 E8 Winner Of E4 E5,2026-05-25,2026-05-18 00:00,Cleveland Cavaliers,Detroit Pistons,Detroit Pistons,Cade Cunningham,GolesCampo,8.5,Debajo,1.90,dom,
Detroit Pistons - Cleveland Cavaliers,Winner Of E1 E8 Winner Of E4 E5,2026-05-25,2026-05-18 00:00,Cleveland Cavaliers,Detroit Pistons,Detroit Pistons,Cade Cunningham,GolesCampoInt,19.5,Sobre,1.86,dom,
Detroit Pistons - Cleveland Cavaliers,Winner Of E1 E8 Winner Of E4 E5,2026-05-25,2026-05-18 00:00,Cleveland Cavaliers,Detroit Pistons,Detroit Pistons,Cade Cunningham,GolesCampoInt,19.5,Debajo,1.81,dom,
Detroit Pistons - Cleveland Cavaliers,Winner Of E1 E8 Winner Of E4 E5,2026-05-25,2026-05-18 00:00,Cleveland Cavaliers,Detroit Pistons,Detroit Pistons,Cade Cunningham,PuntosPrimerCuarto,5.5,Sobre,1.74,dom,
Detroit Pistons - Cleveland Cavaliers,Winner Of E1 E8 Winner Of E4 E5,2026-05-25,2026-05-18 00:00,Cleveland Cavaliers,Detroit Pistons,Detroit Pistons,Cade Cunningham,PuntosPrimerCuarto,5.5,Debajo,1.93,dom,
Detroit Pistons - Cleveland Cavaliers,Winner Of E1 E8 Winner Of E4 E5,2026-05-25,2026-05-18 00:00,Cleveland Cavaliers,Detroit Pistons,Detroit Pistons,Cade Cunningham,AsistenciasPrimerCuarto,2.5,Sobre,2.14,dom,
Detroit Pistons - Cleveland Cavaliers,Winner Of E1 E8 Winner Of E4 E5,2026-05-25,2026-05-18 00:00,Cleveland Cavaliers,Detroit Pistons,Detroit Pistons,Cade Cunningham,AsistenciasPrimerCuarto,2.5,Debajo,1.60,dom,
Detroit Pistons - Cleveland Cavaliers,Winner Of E1 E8 Winner Of E4 E5,2026-05-25,2026-05-18 00:00,Cleveland Cavaliers,Detroit Pistons,Detroit Pistons,Cade Cunningham,RebotesPrimerCuarto,1.5,Sobre,2.21,dom,
Detroit Pistons - Cleveland Cavaliers,Winner Of E1 E8 Winner Of E4 E5,2026-05-25,2026-05-18 00:00,Cleveland Cavaliers,Detroit Pistons,Detroit Pistons,Cade Cunningham,RebotesPrimerCuarto,1.5,Debajo,1.57,dom,
Detroit Pistons - Cleveland Cavaliers,Winner Of E1 E8 Winner Of E4 E5,2026-05-25,2026-05-18 00:00,Cleveland Cavaliers,Detroit Pistons,Detroit Pistons,Cade Cunningham,TriplesInt,6.5,Sobre,1.97,dom,
Detroit Pistons - Cleveland Cavaliers,Winner Of E1 E8 Winner Of E4 E5,2026-05-25,2026-05-18 00:00,Cleveland Cavaliers,Detroit Pistons,Detroit Pistons,Cade Cunningham,TriplesInt,6.5,Debajo,1.72,dom,
Detroit Pistons - Cleveland Cavaliers,Winner Of E1 E8 Winner Of E4 E5,2026-05-25,2026-05-18 00:00,Cleveland Cavaliers,Detroit Pistons,Detroit Pistons,Cade Cunningham,Faltas,3.5,Sobre,2.10,dom,
Detroit Pistons - Cleveland Cavaliers,Winner Of E1 E8 Winner Of E4 E5,2026-05-25,2026-05-18 00:00,Cleveland Cavaliers,Detroit Pistons,Detroit Pistons,Cade Cunningham,Faltas,3.5,Debajo,1.63,dom,
Detroit Pistons - Cleveland Cavaliers,Winner Of E1 E8 Winner Of E4 E5,2026-05-25,2026-05-18 00:00,Cleveland Cavaliers,Detroit Pistons,Detroit Pistons,Jalen Duren,Puntos,11.5,Sobre,1.77,dom,
Detroit Pistons - Cleveland Cavaliers,Winner Of E1 E8 Winner Of E4 E5,2026-05-25,2026-05-18 00:00,Cleveland Cavaliers,Detroit Pistons,Detroit Pistons,Jalen Duren,Puntos,11.5,Debajo,1.91,dom,
Detroit Pistons - Cleveland Cavaliers,Winner Of E1 E8 Winner Of E4 E5,2026-05-25,2026-05-18 00:00,Cleveland Cavaliers,Detroit Pistons,Detroit Pistons,Jalen Duren,Puntos,12.5,Sobre,1.96,dom_alt,
Detroit Pistons - Cleveland Cavaliers,Winner Of E1 E8 Winner Of E4 E5,2026-05-25,2026-05-18 00:00,Cleveland Cavaliers,Detroit Pistons,Detroit Pistons,Jalen Duren,Puntos,12.5,Debajo,1.63,dom_alt,
Detroit Pistons - Cleveland Cavaliers,Winner Of E1 E8 Winner Of E4 E5,2026-05-25,2026-05-18 00:00,Cleveland Cavaliers,Detroit Pistons,Detroit Pistons,Jalen Duren,Puntos,9.5,Sobre,1.41,dom_alt,
Detroit Pistons - Cleveland Cavaliers,Winner Of E1 E8 Winner Of E4 E5,2026-05-25,2026-05-18 00:00,Cleveland Cavaliers,Detroit Pistons,Detroit Pistons,Jalen Duren,Puntos,9.5,Debajo,2.39,dom_alt,
Detroit Pistons - Cleveland Cavaliers,Winner Of E1 E8 Winner Of E4 E5,2026-05-25,2026-05-18 00:00,Cleveland Cavaliers,Detroit Pistons,Detroit Pistons,Jalen Duren,Puntos,13.5,Sobre,2.12,dom_alt,
Detroit Pistons - Cleveland Cavaliers,Winner Of E1 E8 Winner Of E4 E5,2026-05-25,2026-05-18 00:00,Cleveland Cavaliers,Detroit Pistons,Detroit Pistons,Jalen Duren,Puntos,13.5,Debajo,1.53,dom_alt,
Detroit Pistons - Cleveland Cavaliers,Winner Of E1 E8 Winner Of E4 E5,2026-05-25,2026-05-18 00:00,Cleveland Cavaliers,Detroit Pistons,Detroit Pistons,Jalen Duren,Puntos,8.5,Sobre,1.32,dom_alt,
Detroit Pistons - Cleveland Cavaliers,Winner Of E1 E8 Winner Of E4 E5,2026-05-25,2026-05-18 00:00,Cleveland Cavaliers,Detroit Pistons,Detroit Pistons,Jalen Duren,Puntos,8.5,Debajo,2.72,dom_alt,
Detroit Pistons - Cleveland Cavaliers,Winner Of E1 E8 Winner Of E4 E5,2026-05-25,2026-05-18 00:00,Cleveland Cavaliers,Detroit Pistons,Detroit Pistons,Jalen Duren,Puntos,14.5,Sobre,2.46,dom_alt,
Detroit Pistons - Cleveland Cavaliers,Winner Of E1 E8 Winner Of E4 E5,2026-05-25,2026-05-18 00:00,Cleveland Cavaliers,Detroit Pistons,Detroit Pistons,Jalen Duren,Puntos,14.5,Debajo,1.39,dom_alt,
Detroit Pistons - Cleveland Cavaliers,Winner Of E1 E8 Winner Of E4 E5,2026-05-25,2026-05-18 00:00,Cleveland Cavaliers,Detroit Pistons,Detroit Pistons,Jalen Duren,Puntos,15.5,Sobre,2.84,dom_alt,
Detroit Pistons - Cleveland Cavaliers,Winner Of E1 E8 Winner Of E4 E5,2026-05-25,2026-05-18 00:00,Cleveland Cavaliers,Detroit Pistons,Detroit Pistons,Jalen Duren,Puntos,15.5,Debajo,1.29,dom_alt,
Detroit Pistons - Cleveland Cavaliers,Winner Of E1 E8 Winner Of E4 E5,2026-05-25,2026-05-18 00:00,Cleveland Cavaliers,Detroit Pistons,Detroit Pistons,Jalen Duren,Rebotes,8.5,Sobre,1.89,dom,
Detroit Pistons - Cleveland Cavaliers,Winner Of E1 E8 Winner Of E4 E5,2026-05-25,2026-05-18 00:00,Cleveland Cavaliers,Detroit Pistons,Detroit Pistons,Jalen Duren,Rebotes,8.5,Debajo,1.78,dom,
Detroit Pistons - Cleveland Cavaliers,Winner Of E1 E8 Winner Of E4 E5,2026-05-25,2026-05-18 00:00,Cleveland Cavaliers,Detroit Pistons,Detroit Pistons,Jalen Duren,Rebotes,9.5,Sobre,2.16,dom_alt,
Detroit Pistons - Cleveland Cavaliers,Winner Of E1 E8 Winner Of E4 E5,2026-05-25,2026-05-18 00:00,Cleveland Cavaliers,Detroit Pistons,Detroit Pistons,Jalen Duren,Rebotes,9.5,Debajo,1.51,dom_alt,
Detroit Pistons - Cleveland Cavaliers,Winner Of E1 E8 Winner Of E4 E5,2026-05-25,2026-05-18 00:00,Cleveland Cavaliers,Detroit Pistons,Detroit Pistons,Jalen Duren,Rebotes,6.5,Sobre,1.34,dom_alt,
Detroit Pistons - Cleveland Cavaliers,Winner Of E1 E8 Winner Of E4 E5,2026-05-25,2026-05-18 00:00,Cleveland Cavaliers,Detroit Pistons,Detroit Pistons,Jalen Duren,Rebotes,6.5,Debajo,2.63,dom_alt,
Detroit Pistons - Cleveland Cavaliers,Winner Of E1 E8 Winner Of E4 E5,2026-05-25,2026-05-18 00:00,Cleveland Cavaliers,Detroit Pistons,Detroit Pistons,Jalen Duren,Rebotes,10.5,Sobre,2.73,dom_alt,
Detroit Pistons - Cleveland Cavaliers,Winner Of E1 E8 Winner Of E4 E5,2026-05-25,2026-05-18 00:00,Cleveland Cavaliers,Detroit Pistons,Detroit Pistons,Jalen Duren,Rebotes,10.5,Debajo,1.32,dom_alt,
Detroit Pistons - Cleveland Cavaliers,Winner Of E1 E8 Winner Of E4 E5,2026-05-25,2026-05-18 00:00,Cleveland Cavaliers,Detroit Pistons,Detroit Pistons,Jalen Duren,Robos,0.5,Sobre,1.68,dom,
Detroit Pistons - Cleveland Cavaliers,Winner Of E1 E8 Winner Of E4 E5,2026-05-25,2026-05-18 00:00,Cleveland Cavaliers,Detroit Pistons,Detroit Pistons,Jalen Duren,Robos,0.5,Debajo,2.02,dom,
Detroit Pistons - Cleveland Cavaliers,Winner Of E1 E8 Winner Of E4 E5,2026-05-25,2026-05-18 00:00,Cleveland Cavaliers,Detroit Pistons,Detroit Pistons,Jalen Duren,Tapones,0.5,Sobre,1.61,dom,
Detroit Pistons - Cleveland Cavaliers,Winner Of E1 E8 Winner Of E4 E5,2026-05-25,2026-05-18 00:00,Cleveland Cavaliers,Detroit Pistons,Detroit Pistons,Jalen Duren,Tapones,0.5,Debajo,2.13,dom,
Detroit Pistons - Cleveland Cavaliers,Winner Of E1 E8 Winner Of E4 E5,2026-05-25,2026-05-18 00:00,Cleveland Cavaliers,Detroit Pistons,Detroit Pistons,Jalen Duren,Pérdidas,1.5,Sobre,2.08,dom,
Detroit Pistons - Cleveland Cavaliers,Winner Of E1 E8 Winner Of E4 E5,2026-05-25,2026-05-18 00:00,Cleveland Cavaliers,Detroit Pistons,Detroit Pistons,Jalen Duren,Pérdidas,1.5,Debajo,1.64,dom,
Detroit Pistons - Cleveland Cavaliers,Winner Of E1 E8 Winner Of E4 E5,2026-05-25,2026-05-18 00:00,Cleveland Cavaliers,Detroit Pistons,Detroit Pistons,Jalen Duren,Puntos+Rebotes,20.5,Sobre,1.85,dom,
Detroit Pistons - Cleveland Cavaliers,Winner Of E1 E8 Winner Of E4 E5,2026-05-25,2026-05-18 00:00,Cleveland Cavaliers,Detroit Pistons,Detroit Pistons,Jalen Duren,Puntos+Rebotes,20.5,Debajo,1.82,dom,
Detroit Pistons - Cleveland Cavaliers,Winner Of E1 E8 Winner Of E4 E5,2026-05-25,2026-05-18 00:00,Cleveland Cavaliers,Detroit Pistons,Detroit Pistons,Jalen Duren,Puntos+Rebotes,21.5,Sobre,1.96,dom_alt,
Detroit Pistons - Cleveland Cavaliers,Winner Of E1 E8 Winner Of E4 E5,2026-05-25,2026-05-18 00:00,Cleveland Cavaliers,Detroit Pistons,Detroit Pistons,Jalen Duren,Puntos+Rebotes,21.5,Debajo,1.63,dom_alt,
Detroit Pistons - Cleveland Cavaliers,Winner Of E1 E8 Winner Of E4 E5,2026-05-25,2026-05-18 00:00,Cleveland Cavaliers,Detroit Pistons,Detroit Pistons,Jalen Duren,Puntos+Rebotes,18.5,Sobre,1.53,dom_alt,
Detroit Pistons - Cleveland Cavaliers,Winner Of E1 E8 Winner Of E4 E5,2026-05-25,2026-05-18 00:00,Cleveland Cavaliers,Detroit Pistons,Detroit Pistons,Jalen Duren,Puntos+Rebotes,18.5,Debajo,2.12,dom_alt,
Detroit Pistons - Cleveland Cavaliers,Winner Of E1 E8 Winner Of E4 E5,2026-05-25,2026-05-18 00:00,Cleveland Cavaliers,Detroit Pistons,Detroit Pistons,Jalen Duren,Puntos+Rebotes,22.5,Sobre,2.06,dom_alt,
Detroit Pistons - Cleveland Cavaliers,Winner Of E1 E8 Winner Of E4 E5,2026-05-25,2026-05-18 00:00,Cleveland Cavaliers,Detroit Pistons,Detroit Pistons,Jalen Duren,Puntos+Rebotes,22.5,Debajo,1.56,dom_alt,
Detroit Pistons - Cleveland Cavaliers,Winner Of E1 E8 Winner Of E4 E5,2026-05-25,2026-05-18 00:00,Cleveland Cavaliers,Detroit Pistons,Detroit Pistons,Jalen Duren,Puntos+Asistencias,13.5,Sobre,1.85,dom,
Detroit Pistons - Cleveland Cavaliers,Winner Of E1 E8 Winner Of E4 E5,2026-05-25,2026-05-18 00:00,Cleveland Cavaliers,Detroit Pistons,Detroit Pistons,Jalen Duren,Puntos+Asistencias,13.5,Debajo,1.82,dom,
Detroit Pistons - Cleveland Cavaliers,Winner Of E1 E8 Winner Of E4 E5,2026-05-25,2026-05-18 00:00,Cleveland Cavaliers,Detroit Pistons,Detroit Pistons,Jalen Duren,Puntos+Asistencias,14.5,Sobre,2.01,dom_alt,
Detroit Pistons - Cleveland Cavaliers,Winner Of E1 E8 Winner Of E4 E5,2026-05-25,2026-05-18 00:00,Cleveland Cavaliers,Detroit Pistons,Detroit Pistons,Jalen Duren,Puntos+Asistencias,14.5,Debajo,1.59,dom_alt,
Detroit Pistons - Cleveland Cavaliers,Winner Of E1 E8 Winner Of E4 E5,2026-05-25,2026-05-18 00:00,Cleveland Cavaliers,Detroit Pistons,Detroit Pistons,Jalen Duren,PRA,22.5,Sobre,1.90,dom,
Detroit Pistons - Cleveland Cavaliers,Winner Of E1 E8 Winner Of E4 E5,2026-05-25,2026-05-18 00:00,Cleveland Cavaliers,Detroit Pistons,Detroit Pistons,Jalen Duren,PRA,22.5,Debajo,1.77,dom,
Detroit Pistons - Cleveland Cavaliers,Winner Of E1 E8 Winner Of E4 E5,2026-05-25,2026-05-18 00:00,Cleveland Cavaliers,Detroit Pistons,Detroit Pistons,Jalen Duren,PRA,23.5,Sobre,1.99,dom_alt,
Detroit Pistons - Cleveland Cavaliers,Winner Of E1 E8 Winner Of E4 E5,2026-05-25,2026-05-18 00:00,Cleveland Cavaliers,Detroit Pistons,Detroit Pistons,Jalen Duren,PRA,23.5,Debajo,1.61,dom_alt,
Detroit Pistons - Cleveland Cavaliers,Winner Of E1 E8 Winner Of E4 E5,2026-05-25,2026-05-18 00:00,Cleveland Cavaliers,Detroit Pistons,Detroit Pistons,Jalen Duren,PRA,20.5,Sobre,1.57,dom_alt,
Detroit Pistons - Cleveland Cavaliers,Winner Of E1 E8 Winner Of E4 E5,2026-05-25,2026-05-18 00:00,Cleveland Cavaliers,Detroit Pistons,Detroit Pistons,Jalen Duren,PRA,20.5,Debajo,2.04,dom_alt,
Detroit Pistons - Cleveland Cavaliers,Winner Of E1 E8 Winner Of E4 E5,2026-05-25,2026-05-18 00:00,Cleveland Cavaliers,Detroit Pistons,Detroit Pistons,Jalen Duren,PRA,24.5,Sobre,2.12,dom_alt,
Detroit Pistons - Cleveland Cavaliers,Winner Of E1 E8 Winner Of E4 E5,2026-05-25,2026-05-18 00:00,Cleveland Cavaliers,Detroit Pistons,Detroit Pistons,Jalen Duren,PRA,24.5,Debajo,1.53,dom_alt,
Detroit Pistons - Cleveland Cavaliers,Winner Of E1 E8 Winner Of E4 E5,2026-05-25,2026-05-18 00:00,Cleveland Cavaliers,Detroit Pistons,Detroit Pistons,Jalen Duren,PRA,19.5,Sobre,1.50,dom_alt,
Detroit Pistons - Cleveland Cavaliers,Winner Of E1 E8 Winner Of E4 E5,2026-05-25,2026-05-18 00:00,Cleveland Cavaliers,Detroit Pistons,Detroit Pistons,Jalen Duren,PRA,19.5,Debajo,2.18,dom_alt,
Detroit Pistons - Cleveland Cavaliers,Winner Of E1 E8 Winner Of E4 E5,2026-05-25,2026-05-18 00:00,Cleveland Cavaliers,Detroit Pistons,Detroit Pistons,Jalen Duren,PRA,25.5,Sobre,2.35,dom_alt,
Detroit Pistons - Cleveland Cavaliers,Winner Of E1 E8 Winner Of E4 E5,2026-05-25,2026-05-18 00:00,Cleveland Cavaliers,Detroit Pistons,Detroit Pistons,Jalen Duren,PRA,25.5,Debajo,1.43,dom_alt,
Detroit Pistons - Cleveland Cavaliers,Winner Of E1 E8 Winner Of E4 E5,2026-05-25,2026-05-18 00:00,Cleveland Cavaliers,Detroit Pistons,Detroit Pistons,Jalen Duren,PRA,18.5,Sobre,1.40,dom_alt,
Detroit Pistons - Cleveland Cavaliers,Winner Of E1 E8 Winner Of E4 E5,2026-05-25,2026-05-18 00:00,Cleveland Cavaliers,Detroit Pistons,Detroit Pistons,Jalen Duren,PRA,18.5,Debajo,2.42,dom_alt,
Detroit Pistons - Cleveland Cavaliers,Winner Of E1 E8 Winner Of E4 E5,2026-05-25,2026-05-18 00:00,Cleveland Cavaliers,Detroit Pistons,Detroit Pistons,Jalen Duren,PRA,26.5,Sobre,2.62,dom_alt,
Detroit Pistons - Cleveland Cavaliers,Winner Of E1 E8 Winner Of E4 E5,2026-05-25,2026-05-18 00:00,Cleveland Cavaliers,Detroit Pistons,Detroit Pistons,Jalen Duren,PRA,26.5,Debajo,1.35,dom_alt,
Detroit Pistons - Cleveland Cavaliers,Winner Of E1 E8 Winner Of E4 E5,2026-05-25,2026-05-18 00:00,Cleveland Cavaliers,Detroit Pistons,Detroit Pistons,Jalen Duren,PRA,17.5,Sobre,1.32,dom_alt,
Detroit Pistons - Cleveland Cavaliers,Winner Of E1 E8 Winner Of E4 E5,2026-05-25,2026-05-18 00:00,Cleveland Cavaliers,Detroit Pistons,Detroit Pistons,Jalen Duren,PRA,17.5,Debajo,2.73,dom_alt,
Detroit Pistons - Cleveland Cavaliers,Winner Of E1 E8 Winner Of E4 E5,2026-05-25,2026-05-18 00:00,Cleveland Cavaliers,Detroit Pistons,Detroit Pistons,Jalen Duren,Asistencias+Rebotes,10.5,Sobre,2.00,dom,
Detroit Pistons - Cleveland Cavaliers,Winner Of E1 E8 Winner Of E4 E5,2026-05-25,2026-05-18 00:00,Cleveland Cavaliers,Detroit Pistons,Detroit Pistons,Jalen Duren,Asistencias+Rebotes,10.5,Debajo,1.69,dom,
Detroit Pistons - Cleveland Cavaliers,Winner Of E1 E8 Winner Of E4 E5,2026-05-25,2026-05-18 00:00,Cleveland Cavaliers,Detroit Pistons,Detroit Pistons,Jalen Duren,Robos+Tapones,1.5,Sobre,1.84,dom,
Detroit Pistons - Cleveland Cavaliers,Winner Of E1 E8 Winner Of E4 E5,2026-05-25,2026-05-18 00:00,Cleveland Cavaliers,Detroit Pistons,Detroit Pistons,Jalen Duren,Robos+Tapones,1.5,Debajo,1.83,dom,
Detroit Pistons - Cleveland Cavaliers,Winner Of E1 E8 Winner Of E4 E5,2026-05-25,2026-05-18 00:00,Cleveland Cavaliers,Detroit Pistons,Detroit Pistons,Jalen Duren,DobleDoble,0.5,Sobre,2.86,dom,
Detroit Pistons - Cleveland Cavaliers,Winner Of E1 E8 Winner Of E4 E5,2026-05-25,2026-05-18 00:00,Cleveland Cavaliers,Detroit Pistons,Detroit Pistons,Jalen Duren,DobleDoble,0.5,Debajo,1.35,dom,
Detroit Pistons - Cleveland Cavaliers,Winner Of E1 E8 Winner Of E4 E5,2026-05-25,2026-05-18 00:00,Cleveland Cavaliers,Detroit Pistons,Detroit Pistons,Jalen Duren,Asistencias,1.5,Sobre,1.84,dom,
Detroit Pistons - Cleveland Cavaliers,Winner Of E1 E8 Winner Of E4 E5,2026-05-25,2026-05-18 00:00,Cleveland Cavaliers,Detroit Pistons,Detroit Pistons,Jalen Duren,Asistencias,1.5,Debajo,1.83,dom,
Detroit Pistons - Cleveland Cavaliers,Winner Of E1 E8 Winner Of E4 E5,2026-05-25,2026-05-18 00:00,Cleveland Cavaliers,Detroit Pistons,Detroit Pistons,Jalen Duren,PuntosPrimerCuarto,2.5,Sobre,1.78,dom,
Detroit Pistons - Cleveland Cavaliers,Winner Of E1 E8 Winner Of E4 E5,2026-05-25,2026-05-18 00:00,Cleveland Cavaliers,Detroit Pistons,Detroit Pistons,Jalen Duren,PuntosPrimerCuarto,2.5,Debajo,1.90,dom,
Detroit Pistons - Cleveland Cavaliers,Winner Of E1 E8 Winner Of E4 E5,2026-05-25,2026-05-18 00:00,Cleveland Cavaliers,Detroit Pistons,Detroit Pistons,Jalen Duren,AsistenciasPrimerCuarto,0.5,Sobre,2.23,dom,
Detroit Pistons - Cleveland Cavaliers,Winner Of E1 E8 Winner Of E4 E5,2026-05-25,2026-05-18 00:00,Cleveland Cavaliers,Detroit Pistons,Detroit Pistons,Jalen Duren,AsistenciasPrimerCuarto,0.5,Debajo,1.56,dom,
Detroit Pistons - Cleveland Cavaliers,Winner Of E1 E8 Winner Of E4 E5,2026-05-25,2026-05-18 00:00,Cleveland Cavaliers,Detroit Pistons,Detroit Pistons,Jalen Duren,RebotesPrimerCuarto,2.5,Sobre,2.05,dom,
Detroit Pistons - Cleveland Cavaliers,Winner Of E1 E8 Winner Of E4 E5,2026-05-25,2026-05-18 00:00,Cleveland Cavaliers,Detroit Pistons,Detroit Pistons,Jalen Duren,RebotesPrimerCuarto,2.5,Debajo,1.66,dom,
Detroit Pistons - Cleveland Cavaliers,Winner Of E1 E8 Winner Of E4 E5,2026-05-25,2026-05-18 00:00,Cleveland Cavaliers,Detroit Pistons,Detroit Pistons,Jalen Duren,TirosLibresInt,2.5,Sobre,1.77,dom,
Detroit Pistons - Cleveland Cavaliers,Winner Of E1 E8 Winner Of E4 E5,2026-05-25,2026-05-18 00:00,Cleveland Cavaliers,Detroit Pistons,Detroit Pistons,Jalen Duren,TirosLibresInt,2.5,Debajo,1.90,dom,
Detroit Pistons - Cleveland Cavaliers,Winner Of E1 E8 Winner Of E4 E5,2026-05-25,2026-05-18 00:00,Cleveland Cavaliers,Detroit Pistons,Detroit Pistons,Jalen Duren,GolesCampo,4.5,Sobre,1.76,dom,
Detroit Pistons - Cleveland Cavaliers,Winner Of E1 E8 Winner Of E4 E5,2026-05-25,2026-05-18 00:00,Cleveland Cavaliers,Detroit Pistons,Detroit Pistons,Jalen Duren,GolesCampo,4.5,Debajo,1.91,dom,
Detroit Pistons - Cleveland Cavaliers,Winner Of E1 E8 Winner Of E4 E5,2026-05-25,2026-05-18 00:00,Cleveland Cavaliers,Detroit Pistons,Detroit Pistons,Jalen Duren,GolesCampoInt,7.5,Sobre,1.81,dom,
Detroit Pistons - Cleveland Cavaliers,Winner Of E1 E8 Winner Of E4 E5,2026-05-25,2026-05-18 00:00,Cleveland Cavaliers,Detroit Pistons,Detroit Pistons,Jalen Duren,GolesCampoInt,7.5,Debajo,1.87,dom,
Detroit Pistons - Cleveland Cavaliers,Winner Of E1 E8 Winner Of E4 E5,2026-05-25,2026-05-18 00:00,Cleveland Cavaliers,Detroit Pistons,Detroit Pistons,Tobias Harris,Puntos,17.5,Sobre,1.87,dom,
Detroit Pistons - Cleveland Cavaliers,Winner Of E1 E8 Winner Of E4 E5,2026-05-25,2026-05-18 00:00,Cleveland Cavaliers,Detroit Pistons,Detroit Pistons,Tobias Harris,Puntos,17.5,Debajo,1.80,dom,
Detroit Pistons - Cleveland Cavaliers,Winner Of E1 E8 Winner Of E4 E5,2026-05-25,2026-05-18 00:00,Cleveland Cavaliers,Detroit Pistons,Detroit Pistons,Tobias Harris,Puntos,18.5,Sobre,1.99,dom_alt,
Detroit Pistons - Cleveland Cavaliers,Winner Of E1 E8 Winner Of E4 E5,2026-05-25,2026-05-18 00:00,Cleveland Cavaliers,Detroit Pistons,Detroit Pistons,Tobias Harris,Puntos,18.5,Debajo,1.60,dom_alt,
Detroit Pistons - Cleveland Cavaliers,Winner Of E1 E8 Winner Of E4 E5,2026-05-25,2026-05-18 00:00,Cleveland Cavaliers,Detroit Pistons,Detroit Pistons,Tobias Harris,Puntos,15.5,Sobre,1.54,dom_alt,
Detroit Pistons - Cleveland Cavaliers,Winner Of E1 E8 Winner Of E4 E5,2026-05-25,2026-05-18 00:00,Cleveland Cavaliers,Detroit Pistons,Detroit Pistons,Tobias Harris,Puntos,15.5,Debajo,2.09,dom_alt,
Detroit Pistons - Cleveland Cavaliers,Winner Of E1 E8 Winner Of E4 E5,2026-05-25,2026-05-18 00:00,Cleveland Cavaliers,Detroit Pistons,Detroit Pistons,Tobias Harris,Puntos,19.5,Sobre,2.19,dom_alt,
Detroit Pistons - Cleveland Cavaliers,Winner Of E1 E8 Winner Of E4 E5,2026-05-25,2026-05-18 00:00,Cleveland Cavaliers,Detroit Pistons,Detroit Pistons,Tobias Harris,Puntos,19.5,Debajo,1.50,dom_alt,
Detroit Pistons - Cleveland Cavaliers,Winner Of E1 E8 Winner Of E4 E5,2026-05-25,2026-05-18 00:00,Cleveland Cavaliers,Detroit Pistons,Detroit Pistons,Tobias Harris,Puntos,14.5,Sobre,1.41,dom_alt,
Detroit Pistons - Cleveland Cavaliers,Winner Of E1 E8 Winner Of E4 E5,2026-05-25,2026-05-18 00:00,Cleveland Cavaliers,Detroit Pistons,Detroit Pistons,Tobias Harris,Puntos,14.5,Debajo,2.41,dom_alt,
Detroit Pistons - Cleveland Cavaliers,Winner Of E1 E8 Winner Of E4 E5,2026-05-25,2026-05-18 00:00,Cleveland Cavaliers,Detroit Pistons,Detroit Pistons,Tobias Harris,Puntos,20.5,Sobre,2.48,dom_alt,
Detroit Pistons - Cleveland Cavaliers,Winner Of E1 E8 Winner Of E4 E5,2026-05-25,2026-05-18 00:00,Cleveland Cavaliers,Detroit Pistons,Detroit Pistons,Tobias Harris,Puntos,20.5,Debajo,1.39,dom_alt,
Detroit Pistons - Cleveland Cavaliers,Winner Of E1 E8 Winner Of E4 E5,2026-05-25,2026-05-18 00:00,Cleveland Cavaliers,Detroit Pistons,Detroit Pistons,Tobias Harris,Puntos,13.5,Sobre,1.31,dom_alt,
Detroit Pistons - Cleveland Cavaliers,Winner Of E1 E8 Winner Of E4 E5,2026-05-25,2026-05-18 00:00,Cleveland Cavaliers,Detroit Pistons,Detroit Pistons,Tobias Harris,Puntos,13.5,Debajo,2.78,dom_alt,
Detroit Pistons - Cleveland Cavaliers,Winner Of E1 E8 Winner Of E4 E5,2026-05-25,2026-05-18 00:00,Cleveland Cavaliers,Detroit Pistons,Detroit Pistons,Tobias Harris,Puntos,21.5,Sobre,2.84,dom_alt,
Detroit Pistons - Cleveland Cavaliers,Winner Of E1 E8 Winner Of E4 E5,2026-05-25,2026-05-18 00:00,Cleveland Cavaliers,Detroit Pistons,Detroit Pistons,Tobias Harris,Puntos,21.5,Debajo,1.29,dom_alt,
Detroit Pistons - Cleveland Cavaliers,Winner Of E1 E8 Winner Of E4 E5,2026-05-25,2026-05-18 00:00,Cleveland Cavaliers,Detroit Pistons,Detroit Pistons,Tobias Harris,Rebotes,6.5,Sobre,2.14,dom,
Detroit Pistons - Cleveland Cavaliers,Winner Of E1 E8 Winner Of E4 E5,2026-05-25,2026-05-18 00:00,Cleveland Cavaliers,Detroit Pistons,Detroit Pistons,Tobias Harris,Rebotes,6.5,Debajo,1.61,dom,
Detroit Pistons - Cleveland Cavaliers,Winner Of E1 E8 Winner Of E4 E5,2026-05-25,2026-05-18 00:00,Cleveland Cavaliers,Detroit Pistons,Detroit Pistons,Tobias Harris,Rebotes,7.5,Sobre,2.69,dom_alt,
Detroit Pistons - Cleveland Cavaliers,Winner Of E1 E8 Winner Of E4 E5,2026-05-25,2026-05-18 00:00,Cleveland Cavaliers,Detroit Pistons,Detroit Pistons,Tobias Harris,Rebotes,7.5,Debajo,1.33,dom_alt,
Detroit Pistons - Cleveland Cavaliers,Winner Of E1 E8 Winner Of E4 E5,2026-05-25,2026-05-18 00:00,Cleveland Cavaliers,Detroit Pistons,Detroit Pistons,Tobias Harris,Rebotes,4.5,Sobre,1.31,dom_alt,
Detroit Pistons - Cleveland Cavaliers,Winner Of E1 E8 Winner Of E4 E5,2026-05-25,2026-05-18 00:00,Cleveland Cavaliers,Detroit Pistons,Detroit Pistons,Tobias Harris,Rebotes,4.5,Debajo,2.76,dom_alt,
Detroit Pistons - Cleveland Cavaliers,Winner Of E1 E8 Winner Of E4 E5,2026-05-25,2026-05-18 00:00,Cleveland Cavaliers,Detroit Pistons,Detroit Pistons,Tobias Harris,Triples,1.5,Sobre,1.88,dom,
Detroit Pistons - Cleveland Cavaliers,Winner Of E1 E8 Winner Of E4 E5,2026-05-25,2026-05-18 00:00,Cleveland Cavaliers,Detroit Pistons,Detroit Pistons,Tobias Harris,Triples,1.5,Debajo,1.79,dom,
Detroit Pistons - Cleveland Cavaliers,Winner Of E1 E8 Winner Of E4 E5,2026-05-25,2026-05-18 00:00,Cleveland Cavaliers,Detroit Pistons,Detroit Pistons,Tobias Harris,Robos,1.5,Sobre,2.09,dom,
Detroit Pistons - Cleveland Cavaliers,Winner Of E1 E8 Winner Of E4 E5,2026-05-25,2026-05-18 00:00,Cleveland Cavaliers,Detroit Pistons,Detroit Pistons,Tobias Harris,Robos,1.5,Debajo,1.64,dom,
Detroit Pistons - Cleveland Cavaliers,Winner Of E1 E8 Winner Of E4 E5,2026-05-25,2026-05-18 00:00,Cleveland Cavaliers,Detroit Pistons,Detroit Pistons,Tobias Harris,Tapones,0.5,Sobre,2.00,dom,
Detroit Pistons - Cleveland Cavaliers,Winner Of E1 E8 Winner Of E4 E5,2026-05-25,2026-05-18 00:00,Cleveland Cavaliers,Detroit Pistons,Detroit Pistons,Tobias Harris,Tapones,0.5,Debajo,1.69,dom,
Detroit Pistons - Cleveland Cavaliers,Winner Of E1 E8 Winner Of E4 E5,2026-05-25,2026-05-18 00:00,Cleveland Cavaliers,Detroit Pistons,Detroit Pistons,Tobias Harris,Puntos+Rebotes,23.5,Sobre,1.83,dom,
Detroit Pistons - Cleveland Cavaliers,Winner Of E1 E8 Winner Of E4 E5,2026-05-25,2026-05-18 00:00,Cleveland Cavaliers,Detroit Pistons,Detroit Pistons,Tobias Harris,Puntos+Rebotes,23.5,Debajo,1.84,dom,
Detroit Pistons - Cleveland Cavaliers,Winner Of E1 E8 Winner Of E4 E5,2026-05-25,2026-05-18 00:00,Cleveland Cavaliers,Detroit Pistons,Detroit Pistons,Tobias Harris,Puntos+Rebotes,24.5,Sobre,1.95,dom_alt,
Detroit Pistons - Cleveland Cavaliers,Winner Of E1 E8 Winner Of E4 E5,2026-05-25,2026-05-18 00:00,Cleveland Cavaliers,Detroit Pistons,Detroit Pistons,Tobias Harris,Puntos+Rebotes,24.5,Debajo,1.64,dom_alt,
Detroit Pistons - Cleveland Cavaliers,Winner Of E1 E8 Winner Of E4 E5,2026-05-25,2026-05-18 00:00,Cleveland Cavaliers,Detroit Pistons,Detroit Pistons,Tobias Harris,Puntos+Rebotes,21.5,Sobre,1.55,dom_alt,
Detroit Pistons - Cleveland Cavaliers,Winner Of E1 E8 Winner Of E4 E5,2026-05-25,2026-05-18 00:00,Cleveland Cavaliers,Detroit Pistons,Detroit Pistons,Tobias Harris,Puntos+Rebotes,21.5,Debajo,2.08,dom_alt,
Detroit Pistons - Cleveland Cavaliers,Winner Of E1 E8 Winner Of E4 E5,2026-05-25,2026-05-18 00:00,Cleveland Cavaliers,Detroit Pistons,Detroit Pistons,Tobias Harris,Puntos+Rebotes,25.5,Sobre,2.09,dom_alt,
Detroit Pistons - Cleveland Cavaliers,Winner Of E1 E8 Winner Of E4 E5,2026-05-25,2026-05-18 00:00,Cleveland Cavaliers,Detroit Pistons,Detroit Pistons,Tobias Harris,Puntos+Rebotes,25.5,Debajo,1.55,dom_alt,
Detroit Pistons - Cleveland Cavaliers,Winner Of E1 E8 Winner Of E4 E5,2026-05-25,2026-05-18 00:00,Cleveland Cavaliers,Detroit Pistons,Detroit Pistons,Tobias Harris,Puntos+Asistencias,19.5,Sobre,1.90,dom,
Detroit Pistons - Cleveland Cavaliers,Winner Of E1 E8 Winner Of E4 E5,2026-05-25,2026-05-18 00:00,Cleveland Cavaliers,Detroit Pistons,Detroit Pistons,Tobias Harris,Puntos+Asistencias,19.5,Debajo,1.78,dom,
Detroit Pistons - Cleveland Cavaliers,Winner Of E1 E8 Winner Of E4 E5,2026-05-25,2026-05-18 00:00,Cleveland Cavaliers,Detroit Pistons,Detroit Pistons,Tobias Harris,Puntos+Asistencias,20.5,Sobre,2.03,dom_alt,
Detroit Pistons - Cleveland Cavaliers,Winner Of E1 E8 Winner Of E4 E5,2026-05-25,2026-05-18 00:00,Cleveland Cavaliers,Detroit Pistons,Detroit Pistons,Tobias Harris,Puntos+Asistencias,20.5,Debajo,1.58,dom_alt,
Detroit Pistons - Cleveland Cavaliers,Winner Of E1 E8 Winner Of E4 E5,2026-05-25,2026-05-18 00:00,Cleveland Cavaliers,Detroit Pistons,Detroit Pistons,Tobias Harris,Puntos+Asistencias,17.5,Sobre,1.57,dom_alt,
Detroit Pistons - Cleveland Cavaliers,Winner Of E1 E8 Winner Of E4 E5,2026-05-25,2026-05-18 00:00,Cleveland Cavaliers,Detroit Pistons,Detroit Pistons,Tobias Harris,Puntos+Asistencias,17.5,Debajo,2.05,dom_alt,
Detroit Pistons - Cleveland Cavaliers,Winner Of E1 E8 Winner Of E4 E5,2026-05-25,2026-05-18 00:00,Cleveland Cavaliers,Detroit Pistons,Detroit Pistons,Tobias Harris,PRA,25.5,Sobre,1.86,dom,
Detroit Pistons - Cleveland Cavaliers,Winner Of E1 E8 Winner Of E4 E5,2026-05-25,2026-05-18 00:00,Cleveland Cavaliers,Detroit Pistons,Detroit Pistons,Tobias Harris,PRA,25.5,Debajo,1.81,dom,
Detroit Pistons - Cleveland Cavaliers,Winner Of E1 E8 Winner Of E4 E5,2026-05-25,2026-05-18 00:00,Cleveland Cavaliers,Detroit Pistons,Detroit Pistons,Tobias Harris,PRA,26.5,Sobre,1.97,dom_alt,
Detroit Pistons - Cleveland Cavaliers,Winner Of E1 E8 Winner Of E4 E5,2026-05-25,2026-05-18 00:00,Cleveland Cavaliers,Detroit Pistons,Detroit Pistons,Tobias Harris,PRA,26.5,Debajo,1.62,dom_alt,
Detroit Pistons - Cleveland Cavaliers,Winner Of E1 E8 Winner Of E4 E5,2026-05-25,2026-05-18 00:00,Cleveland Cavaliers,Detroit Pistons,Detroit Pistons,Tobias Harris,PRA,23.5,Sobre,1.57,dom_alt,
Detroit Pistons - Cleveland Cavaliers,Winner Of E1 E8 Winner Of E4 E5,2026-05-25,2026-05-18 00:00,Cleveland Cavaliers,Detroit Pistons,Detroit Pistons,Tobias Harris,PRA,23.5,Debajo,2.05,dom_alt,
Detroit Pistons - Cleveland Cavaliers,Winner Of E1 E8 Winner Of E4 E5,2026-05-25,2026-05-18 00:00,Cleveland Cavaliers,Detroit Pistons,Detroit Pistons,Tobias Harris,PRA,27.5,Sobre,2.10,dom_alt,
Detroit Pistons - Cleveland Cavaliers,Winner Of E1 E8 Winner Of E4 E5,2026-05-25,2026-05-18 00:00,Cleveland Cavaliers,Detroit Pistons,Detroit Pistons,Tobias Harris,PRA,27.5,Debajo,1.54,dom_alt,
Detroit Pistons - Cleveland Cavaliers,Winner Of E1 E8 Winner Of E4 E5,2026-05-25,2026-05-18 00:00,Cleveland Cavaliers,Detroit Pistons,Detroit Pistons,Tobias Harris,PRA,22.5,Sobre,1.46,dom_alt,
Detroit Pistons - Cleveland Cavaliers,Winner Of E1 E8 Winner Of E4 E5,2026-05-25,2026-05-18 00:00,Cleveland Cavaliers,Detroit Pistons,Detroit Pistons,Tobias Harris,PRA,22.5,Debajo,2.28,dom_alt,
Detroit Pistons - Cleveland Cavaliers,Winner Of E1 E8 Winner Of E4 E5,2026-05-25,2026-05-18 00:00,Cleveland Cavaliers,Detroit Pistons,Detroit Pistons,Tobias Harris,PRA,28.5,Sobre,2.34,dom_alt,
Detroit Pistons - Cleveland Cavaliers,Winner Of E1 E8 Winner Of E4 E5,2026-05-25,2026-05-18 00:00,Cleveland Cavaliers,Detroit Pistons,Detroit Pistons,Tobias Harris,PRA,28.5,Debajo,1.43,dom_alt,
Detroit Pistons - Cleveland Cavaliers,Winner Of E1 E8 Winner Of E4 E5,2026-05-25,2026-05-18 00:00,Cleveland Cavaliers,Detroit Pistons,Detroit Pistons,Tobias Harris,PRA,21.5,Sobre,1.35,dom_alt,
Detroit Pistons - Cleveland Cavaliers,Winner Of E1 E8 Winner Of E4 E5,2026-05-25,2026-05-18 00:00,Cleveland Cavaliers,Detroit Pistons,Detroit Pistons,Tobias Harris,PRA,21.5,Debajo,2.59,dom_alt,
Detroit Pistons - Cleveland Cavaliers,Winner Of E1 E8 Winner Of E4 E5,2026-05-25,2026-05-18 00:00,Cleveland Cavaliers,Detroit Pistons,Detroit Pistons,Tobias Harris,PRA,29.5,Sobre,2.63,dom_alt,
Detroit Pistons - Cleveland Cavaliers,Winner Of E1 E8 Winner Of E4 E5,2026-05-25,2026-05-18 00:00,Cleveland Cavaliers,Detroit Pistons,Detroit Pistons,Tobias Harris,PRA,29.5,Debajo,1.34,dom_alt,
Detroit Pistons - Cleveland Cavaliers,Winner Of E1 E8 Winner Of E4 E5,2026-05-25,2026-05-18 00:00,Cleveland Cavaliers,Detroit Pistons,Detroit Pistons,Tobias Harris,Asistencias+Rebotes,7.5,Sobre,1.71,dom,
Detroit Pistons - Cleveland Cavaliers,Winner Of E1 E8 Winner Of E4 E5,2026-05-25,2026-05-18 00:00,Cleveland Cavaliers,Detroit Pistons,Detroit Pistons,Tobias Harris,Asistencias+Rebotes,7.5,Debajo,1.98,dom,
Detroit Pistons - Cleveland Cavaliers,Winner Of E1 E8 Winner Of E4 E5,2026-05-25,2026-05-18 00:00,Cleveland Cavaliers,Detroit Pistons,Detroit Pistons,Tobias Harris,Robos+Tapones,1.5,Sobre,1.51,dom,
Detroit Pistons - Cleveland Cavaliers,Winner Of E1 E8 Winner Of E4 E5,2026-05-25,2026-05-18 00:00,Cleveland Cavaliers,Detroit Pistons,Detroit Pistons,Tobias Harris,Robos+Tapones,1.5,Debajo,2.33,dom,
Detroit Pistons - Cleveland Cavaliers,Winner Of E1 E8 Winner Of E4 E5,2026-05-25,2026-05-18 00:00,Cleveland Cavaliers,Detroit Pistons,Detroit Pistons,Tobias Harris,DobleDoble,0.5,Sobre,7.01,dom,
Detroit Pistons - Cleveland Cavaliers,Winner Of E1 E8 Winner Of E4 E5,2026-05-25,2026-05-18 00:00,Cleveland Cavaliers,Detroit Pistons,Detroit Pistons,Tobias Harris,DobleDoble,0.5,Debajo,1.06,dom,
Detroit Pistons - Cleveland Cavaliers,Winner Of E1 E8 Winner Of E4 E5,2026-05-25,2026-05-18 00:00,Cleveland Cavaliers,Detroit Pistons,Detroit Pistons,Tobias Harris,Asistencias,1.5,Sobre,1.68,dom,
Detroit Pistons - Cleveland Cavaliers,Winner Of E1 E8 Winner Of E4 E5,2026-05-25,2026-05-18 00:00,Cleveland Cavaliers,Detroit Pistons,Detroit Pistons,Tobias Harris,Asistencias,1.5,Debajo,2.01,dom,
Detroit Pistons - Cleveland Cavaliers,Winner Of E1 E8 Winner Of E4 E5,2026-05-25,2026-05-18 00:00,Cleveland Cavaliers,Detroit Pistons,Detroit Pistons,Tobias Harris,TirosLibres,2.5,Sobre,1.96,dom,
Detroit Pistons - Cleveland Cavaliers,Winner Of E1 E8 Winner Of E4 E5,2026-05-25,2026-05-18 00:00,Cleveland Cavaliers,Detroit Pistons,Detroit Pistons,Tobias Harris,TirosLibres,2.5,Debajo,1.73,dom,
Detroit Pistons - Cleveland Cavaliers,Winner Of E1 E8 Winner Of E4 E5,2026-05-25,2026-05-18 00:00,Cleveland Cavaliers,Detroit Pistons,Detroit Pistons,Tobias Harris,TirosLibresInt,2.5,Sobre,1.77,dom,
Detroit Pistons - Cleveland Cavaliers,Winner Of E1 E8 Winner Of E4 E5,2026-05-25,2026-05-18 00:00,Cleveland Cavaliers,Detroit Pistons,Detroit Pistons,Tobias Harris,TirosLibresInt,2.5,Debajo,1.90,dom,
Detroit Pistons - Cleveland Cavaliers,Winner Of E1 E8 Winner Of E4 E5,2026-05-25,2026-05-18 00:00,Cleveland Cavaliers,Detroit Pistons,Detroit Pistons,Tobias Harris,GolesCampo,6.5,Sobre,1.84,dom,
Detroit Pistons - Cleveland Cavaliers,Winner Of E1 E8 Winner Of E4 E5,2026-05-25,2026-05-18 00:00,Cleveland Cavaliers,Detroit Pistons,Detroit Pistons,Tobias Harris,GolesCampo,6.5,Debajo,1.83,dom,
Detroit Pistons - Cleveland Cavaliers,Winner Of E1 E8 Winner Of E4 E5,2026-05-25,2026-05-18 00:00,Cleveland Cavaliers,Detroit Pistons,Detroit Pistons,Tobias Harris,GolesCampoInt,15.5,Sobre,1.97,dom,
Detroit Pistons - Cleveland Cavaliers,Winner Of E1 E8 Winner Of E4 E5,2026-05-25,2026-05-18 00:00,Cleveland Cavaliers,Detroit Pistons,Detroit Pistons,Tobias Harris,GolesCampoInt,15.5,Debajo,1.72,dom,
Detroit Pistons - Cleveland Cavaliers,Winner Of E1 E8 Winner Of E4 E5,2026-05-25,2026-05-18 00:00,Cleveland Cavaliers,Detroit Pistons,Detroit Pistons,Tobias Harris,TriplesInt,4.5,Sobre,1.83,dom,
Detroit Pistons - Cleveland Cavaliers,Winner Of E1 E8 Winner Of E4 E5,2026-05-25,2026-05-18 00:00,Cleveland Cavaliers,Detroit Pistons,Detroit Pistons,Tobias Harris,TriplesInt,4.5,Debajo,1.84,dom,
Detroit Pistons - Cleveland Cavaliers,Winner Of E1 E8 Winner Of E4 E5,2026-05-25,2026-05-18 00:00,Cleveland Cavaliers,Detroit Pistons,Detroit Pistons,Tobias Harris,Faltas,2.5,Sobre,1.78,dom,
Detroit Pistons - Cleveland Cavaliers,Winner Of E1 E8 Winner Of E4 E5,2026-05-25,2026-05-18 00:00,Cleveland Cavaliers,Detroit Pistons,Detroit Pistons,Tobias Harris,Faltas,2.5,Debajo,1.89,dom,
Detroit Pistons - Cleveland Cavaliers,Winner Of E1 E8 Winner Of E4 E5,2026-05-25,2026-05-18 00:00,Cleveland Cavaliers,Detroit Pistons,Detroit Pistons,Tobias Harris,PuntosPrimerCuarto,4.5,Sobre,2.06,dom,
Detroit Pistons - Cleveland Cavaliers,Winner Of E1 E8 Winner Of E4 E5,2026-05-25,2026-05-18 00:00,Cleveland Cavaliers,Detroit Pistons,Detroit Pistons,Tobias Harris,PuntosPrimerCuarto,4.5,Debajo,1.65,dom,
Detroit Pistons - Cleveland Cavaliers,Winner Of E1 E8 Winner Of E4 E5,2026-05-25,2026-05-18 00:00,Cleveland Cavaliers,Detroit Pistons,Detroit Pistons,Tobias Harris,RebotesPrimerCuarto,1.5,Sobre,2.05,dom,
Detroit Pistons - Cleveland Cavaliers,Winner Of E1 E8 Winner Of E4 E5,2026-05-25,2026-05-18 00:00,Cleveland Cavaliers,Detroit Pistons,Detroit Pistons,Tobias Harris,RebotesPrimerCuarto,1.5,Debajo,1.66,dom,
Detroit Pistons - Cleveland Cavaliers,Winner Of E1 E8 Winner Of E4 E5,2026-05-25,2026-05-18 00:00,Cleveland Cavaliers,Detroit Pistons,Detroit Pistons,Daniss Jenkins,Puntos,12.5,Sobre,1.92,dom,
Detroit Pistons - Cleveland Cavaliers,Winner Of E1 E8 Winner Of E4 E5,2026-05-25,2026-05-18 00:00,Cleveland Cavaliers,Detroit Pistons,Detroit Pistons,Daniss Jenkins,Puntos,12.5,Debajo,1.75,dom,
Detroit Pistons - Cleveland Cavaliers,Winner Of E1 E8 Winner Of E4 E5,2026-05-25,2026-05-18 00:00,Cleveland Cavaliers,Detroit Pistons,Detroit Pistons,Daniss Jenkins,Puntos,13.5,Sobre,2.11,dom_alt,
Detroit Pistons - Cleveland Cavaliers,Winner Of E1 E8 Winner Of E4 E5,2026-05-25,2026-05-18 00:00,Cleveland Cavaliers,Detroit Pistons,Detroit Pistons,Daniss Jenkins,Puntos,13.5,Debajo,1.54,dom_alt,
Detroit Pistons - Cleveland Cavaliers,Winner Of E1 E8 Winner Of E4 E5,2026-05-25,2026-05-18 00:00,Cleveland Cavaliers,Detroit Pistons,Detroit Pistons,Daniss Jenkins,Puntos,10.5,Sobre,1.53,dom_alt,
Detroit Pistons - Cleveland Cavaliers,Winner Of E1 E8 Winner Of E4 E5,2026-05-25,2026-05-18 00:00,Cleveland Cavaliers,Detroit Pistons,Detroit Pistons,Daniss Jenkins,Puntos,10.5,Debajo,2.11,dom_alt,
Detroit Pistons - Cleveland Cavaliers,Winner Of E1 E8 Winner Of E4 E5,2026-05-25,2026-05-18 00:00,Cleveland Cavaliers,Detroit Pistons,Detroit Pistons,Daniss Jenkins,Puntos,14.5,Sobre,2.32,dom_alt,
Detroit Pistons - Cleveland Cavaliers,Winner Of E1 E8 Winner Of E4 E5,2026-05-25,2026-05-18 00:00,Cleveland Cavaliers,Detroit Pistons,Detroit Pistons,Daniss Jenkins,Puntos,14.5,Debajo,1.44,dom_alt,
Detroit Pistons - Cleveland Cavaliers,Winner Of E1 E8 Winner Of E4 E5,2026-05-25,2026-05-18 00:00,Cleveland Cavaliers,Detroit Pistons,Detroit Pistons,Daniss Jenkins,Puntos,9.5,Sobre,1.39,dom_alt,
Detroit Pistons - Cleveland Cavaliers,Winner Of E1 E8 Winner Of E4 E5,2026-05-25,2026-05-18 00:00,Cleveland Cavaliers,Detroit Pistons,Detroit Pistons,Daniss Jenkins,Puntos,9.5,Debajo,2.45,dom_alt,
Detroit Pistons - Cleveland Cavaliers,Winner Of E1 E8 Winner Of E4 E5,2026-05-25,2026-05-18 00:00,Cleveland Cavaliers,Detroit Pistons,Detroit Pistons,Daniss Jenkins,Puntos,15.5,Sobre,2.67,dom_alt,
Detroit Pistons - Cleveland Cavaliers,Winner Of E1 E8 Winner Of E4 E5,2026-05-25,2026-05-18 00:00,Cleveland Cavaliers,Detroit Pistons,Detroit Pistons,Daniss Jenkins,Puntos,15.5,Debajo,1.33,dom_alt,
Detroit Pistons - Cleveland Cavaliers,Winner Of E1 E8 Winner Of E4 E5,2026-05-25,2026-05-18 00:00,Cleveland Cavaliers,Detroit Pistons,Detroit Pistons,Daniss Jenkins,Puntos,8.5,Sobre,1.28,dom_alt,
Detroit Pistons - Cleveland Cavaliers,Winner Of E1 E8 Winner Of E4 E5,2026-05-25,2026-05-18 00:00,Cleveland Cavaliers,Detroit Pistons,Detroit Pistons,Daniss Jenkins,Puntos,8.5,Debajo,2.93,dom_alt,
Detroit Pistons - Cleveland Cavaliers,Winner Of E1 E8 Winner Of E4 E5,2026-05-25,2026-05-18 00:00,Cleveland Cavaliers,Detroit Pistons,Detroit Pistons,Daniss Jenkins,Rebotes,3.5,Sobre,2.11,dom,
Detroit Pistons - Cleveland Cavaliers,Winner Of E1 E8 Winner Of E4 E5,2026-05-25,2026-05-18 00:00,Cleveland Cavaliers,Detroit Pistons,Detroit Pistons,Daniss Jenkins,Rebotes,3.5,Debajo,1.63,dom,
Detroit Pistons - Cleveland Cavaliers,Winner Of E1 E8 Winner Of E4 E5,2026-05-25,2026-05-18 00:00,Cleveland Cavaliers,Detroit Pistons,Detroit Pistons,Daniss Jenkins,Triples,1.5,Sobre,2.01,dom,
Detroit Pistons - Cleveland Cavaliers,Winner Of E1 E8 Winner Of E4 E5,2026-05-25,2026-05-18 00:00,Cleveland Cavaliers,Detroit Pistons,Detroit Pistons,Daniss Jenkins,Triples,1.5,Debajo,1.69,dom,
Detroit Pistons - Cleveland Cavaliers,Winner Of E1 E8 Winner Of E4 E5,2026-05-25,2026-05-18 00:00,Cleveland Cavaliers,Detroit Pistons,Detroit Pistons,Daniss Jenkins,Pérdidas,1.5,Sobre,1.96,dom,
Detroit Pistons - Cleveland Cavaliers,Winner Of E1 E8 Winner Of E4 E5,2026-05-25,2026-05-18 00:00,Cleveland Cavaliers,Detroit Pistons,Detroit Pistons,Daniss Jenkins,Pérdidas,1.5,Debajo,1.72,dom,
Detroit Pistons - Cleveland Cavaliers,Winner Of E1 E8 Winner Of E4 E5,2026-05-25,2026-05-18 00:00,Cleveland Cavaliers,Detroit Pistons,Detroit Pistons,Daniss Jenkins,Puntos+Rebotes,15.5,Sobre,1.83,dom,
Detroit Pistons - Cleveland Cavaliers,Winner Of E1 E8 Winner Of E4 E5,2026-05-25,2026-05-18 00:00,Cleveland Cavaliers,Detroit Pistons,Detroit Pistons,Daniss Jenkins,Puntos+Rebotes,15.5,Debajo,1.84,dom,
Detroit Pistons - Cleveland Cavaliers,Winner Of E1 E8 Winner Of E4 E5,2026-05-25,2026-05-18 00:00,Cleveland Cavaliers,Detroit Pistons,Detroit Pistons,Daniss Jenkins,Puntos+Rebotes,16.5,Sobre,1.97,dom_alt,
Detroit Pistons - Cleveland Cavaliers,Winner Of E1 E8 Winner Of E4 E5,2026-05-25,2026-05-18 00:00,Cleveland Cavaliers,Detroit Pistons,Detroit Pistons,Daniss Jenkins,Puntos+Rebotes,16.5,Debajo,1.62,dom_alt,
Detroit Pistons - Cleveland Cavaliers,Winner Of E1 E8 Winner Of E4 E5,2026-05-25,2026-05-18 00:00,Cleveland Cavaliers,Detroit Pistons,Detroit Pistons,Daniss Jenkins,Puntos+Rebotes,13.5,Sobre,1.52,dom_alt,
Detroit Pistons - Cleveland Cavaliers,Winner Of E1 E8 Winner Of E4 E5,2026-05-25,2026-05-18 00:00,Cleveland Cavaliers,Detroit Pistons,Detroit Pistons,Daniss Jenkins,Puntos+Rebotes,13.5,Debajo,2.14,dom_alt,
Detroit Pistons - Cleveland Cavaliers,Winner Of E1 E8 Winner Of E4 E5,2026-05-25,2026-05-18 00:00,Cleveland Cavaliers,Detroit Pistons,Detroit Pistons,Daniss Jenkins,Puntos+Rebotes,17.5,Sobre,2.14,dom_alt,
Detroit Pistons - Cleveland Cavaliers,Winner Of E1 E8 Winner Of E4 E5,2026-05-25,2026-05-18 00:00,Cleveland Cavaliers,Detroit Pistons,Detroit Pistons,Daniss Jenkins,Puntos+Rebotes,17.5,Debajo,1.52,dom_alt,
Detroit Pistons - Cleveland Cavaliers,Winner Of E1 E8 Winner Of E4 E5,2026-05-25,2026-05-18 00:00,Cleveland Cavaliers,Detroit Pistons,Detroit Pistons,Daniss Jenkins,Puntos+Asistencias,16.5,Sobre,1.91,dom,
Detroit Pistons - Cleveland Cavaliers,Winner Of E1 E8 Winner Of E4 E5,2026-05-25,2026-05-18 00:00,Cleveland Cavaliers,Detroit Pistons,Detroit Pistons,Daniss Jenkins,Puntos+Asistencias,16.5,Debajo,1.76,dom,
Detroit Pistons - Cleveland Cavaliers,Winner Of E1 E8 Winner Of E4 E5,2026-05-25,2026-05-18 00:00,Cleveland Cavaliers,Detroit Pistons,Detroit Pistons,Daniss Jenkins,Puntos+Asistencias,17.5,Sobre,2.05,dom_alt,
Detroit Pistons - Cleveland Cavaliers,Winner Of E1 E8 Winner Of E4 E5,2026-05-25,2026-05-18 00:00,Cleveland Cavaliers,Detroit Pistons,Detroit Pistons,Daniss Jenkins,Puntos+Asistencias,17.5,Debajo,1.57,dom_alt,
Detroit Pistons - Cleveland Cavaliers,Winner Of E1 E8 Winner Of E4 E5,2026-05-25,2026-05-18 00:00,Cleveland Cavaliers,Detroit Pistons,Detroit Pistons,Daniss Jenkins,Puntos+Asistencias,14.5,Sobre,1.56,dom_alt,
Detroit Pistons - Cleveland Cavaliers,Winner Of E1 E8 Winner Of E4 E5,2026-05-25,2026-05-18 00:00,Cleveland Cavaliers,Detroit Pistons,Detroit Pistons,Daniss Jenkins,Puntos+Asistencias,14.5,Debajo,2.07,dom_alt,
Detroit Pistons - Cleveland Cavaliers,Winner Of E1 E8 Winner Of E4 E5,2026-05-25,2026-05-18 00:00,Cleveland Cavaliers,Detroit Pistons,Detroit Pistons,Daniss Jenkins,PRA,19.5,Sobre,1.83,dom,
Detroit Pistons - Cleveland Cavaliers,Winner Of E1 E8 Winner Of E4 E5,2026-05-25,2026-05-18 00:00,Cleveland Cavaliers,Detroit Pistons,Detroit Pistons,Daniss Jenkins,PRA,19.5,Debajo,1.84,dom,
Detroit Pistons - Cleveland Cavaliers,Winner Of E1 E8 Winner Of E4 E5,2026-05-25,2026-05-18 00:00,Cleveland Cavaliers,Detroit Pistons,Detroit Pistons,Daniss Jenkins,PRA,20.5,Sobre,1.94,dom_alt,
Detroit Pistons - Cleveland Cavaliers,Winner Of E1 E8 Winner Of E4 E5,2026-05-25,2026-05-18 00:00,Cleveland Cavaliers,Detroit Pistons,Detroit Pistons,Daniss Jenkins,PRA,20.5,Debajo,1.64,dom_alt,
Detroit Pistons - Cleveland Cavaliers,Winner Of E1 E8 Winner Of E4 E5,2026-05-25,2026-05-18 00:00,Cleveland Cavaliers,Detroit Pistons,Detroit Pistons,Daniss Jenkins,PRA,17.5,Sobre,1.53,dom_alt,
Detroit Pistons - Cleveland Cavaliers,Winner Of E1 E8 Winner Of E4 E5,2026-05-25,2026-05-18 00:00,Cleveland Cavaliers,Detroit Pistons,Detroit Pistons,Daniss Jenkins,PRA,17.5,Debajo,2.11,dom_alt,
Detroit Pistons - Cleveland Cavaliers,Winner Of E1 E8 Winner Of E4 E5,2026-05-25,2026-05-18 00:00,Cleveland Cavaliers,Detroit Pistons,Detroit Pistons,Daniss Jenkins,PRA,21.5,Sobre,2.08,dom_alt,
Detroit Pistons - Cleveland Cavaliers,Winner Of E1 E8 Winner Of E4 E5,2026-05-25,2026-05-18 00:00,Cleveland Cavaliers,Detroit Pistons,Detroit Pistons,Daniss Jenkins,PRA,21.5,Debajo,1.55,dom_alt,
Detroit Pistons - Cleveland Cavaliers,Winner Of E1 E8 Winner Of E4 E5,2026-05-25,2026-05-18 00:00,Cleveland Cavaliers,Detroit Pistons,Detroit Pistons,Daniss Jenkins,PRA,16.5,Sobre,1.41,dom_alt,
Detroit Pistons - Cleveland Cavaliers,Winner Of E1 E8 Winner Of E4 E5,2026-05-25,2026-05-18 00:00,Cleveland Cavaliers,Detroit Pistons,Detroit Pistons,Daniss Jenkins,PRA,16.5,Debajo,2.42,dom_alt,
Detroit Pistons - Cleveland Cavaliers,Winner Of E1 E8 Winner Of E4 E5,2026-05-25,2026-05-18 00:00,Cleveland Cavaliers,Detroit Pistons,Detroit Pistons,Daniss Jenkins,PRA,22.5,Sobre,2.34,dom_alt,
Detroit Pistons - Cleveland Cavaliers,Winner Of E1 E8 Winner Of E4 E5,2026-05-25,2026-05-18 00:00,Cleveland Cavaliers,Detroit Pistons,Detroit Pistons,Daniss Jenkins,PRA,22.5,Debajo,1.44,dom_alt,
Detroit Pistons - Cleveland Cavaliers,Winner Of E1 E8 Winner Of E4 E5,2026-05-25,2026-05-18 00:00,Cleveland Cavaliers,Detroit Pistons,Detroit Pistons,Daniss Jenkins,PRA,15.5,Sobre,1.31,dom_alt,
Detroit Pistons - Cleveland Cavaliers,Winner Of E1 E8 Winner Of E4 E5,2026-05-25,2026-05-18 00:00,Cleveland Cavaliers,Detroit Pistons,Detroit Pistons,Daniss Jenkins,PRA,15.5,Debajo,2.78,dom_alt,
Detroit Pistons - Cleveland Cavaliers,Winner Of E1 E8 Winner Of E4 E5,2026-05-25,2026-05-18 00:00,Cleveland Cavaliers,Detroit Pistons,Detroit Pistons,Daniss Jenkins,PRA,23.5,Sobre,2.65,dom_alt,
Detroit Pistons - Cleveland Cavaliers,Winner Of E1 E8 Winner Of E4 E5,2026-05-25,2026-05-18 00:00,Cleveland Cavaliers,Detroit Pistons,Detroit Pistons,Daniss Jenkins,PRA,23.5,Debajo,1.34,dom_alt,
Detroit Pistons - Cleveland Cavaliers,Winner Of E1 E8 Winner Of E4 E5,2026-05-25,2026-05-18 00:00,Cleveland Cavaliers,Detroit Pistons,Detroit Pistons,Daniss Jenkins,Asistencias+Rebotes,7.5,Sobre,1.99,dom,
Detroit Pistons - Cleveland Cavaliers,Winner Of E1 E8 Winner Of E4 E5,2026-05-25,2026-05-18 00:00,Cleveland Cavaliers,Detroit Pistons,Detroit Pistons,Daniss Jenkins,Asistencias+Rebotes,7.5,Debajo,1.70,dom,
Detroit Pistons - Cleveland Cavaliers,Winner Of E1 E8 Winner Of E4 E5,2026-05-25,2026-05-18 00:00,Cleveland Cavaliers,Detroit Pistons,Detroit Pistons,Daniss Jenkins,Robos+Tapones,1.5,Sobre,2.24,dom,
Detroit Pistons - Cleveland Cavaliers,Winner Of E1 E8 Winner Of E4 E5,2026-05-25,2026-05-18 00:00,Cleveland Cavaliers,Detroit Pistons,Detroit Pistons,Daniss Jenkins,Robos+Tapones,1.5,Debajo,1.55,dom,
Detroit Pistons - Cleveland Cavaliers,Winner Of E1 E8 Winner Of E4 E5,2026-05-25,2026-05-18 00:00,Cleveland Cavaliers,Detroit Pistons,Detroit Pistons,Daniss Jenkins,Asistencias,3.5,Sobre,1.63,dom,
Detroit Pistons - Cleveland Cavaliers,Winner Of E1 E8 Winner Of E4 E5,2026-05-25,2026-05-18 00:00,Cleveland Cavaliers,Detroit Pistons,Detroit Pistons,Daniss Jenkins,Asistencias,3.5,Debajo,2.09,dom,
Detroit Pistons - Cleveland Cavaliers,Winner Of E1 E8 Winner Of E4 E5,2026-05-25,2026-05-18 00:00,Cleveland Cavaliers,Detroit Pistons,Detroit Pistons,Daniss Jenkins,GolesCampoInt,10.5,Sobre,1.73,dom,
Detroit Pistons - Cleveland Cavaliers,Winner Of E1 E8 Winner Of E4 E5,2026-05-25,2026-05-18 00:00,Cleveland Cavaliers,Detroit Pistons,Detroit Pistons,Daniss Jenkins,GolesCampoInt,10.5,Debajo,1.95,dom,
Detroit Pistons - Cleveland Cavaliers,Winner Of E1 E8 Winner Of E4 E5,2026-05-25,2026-05-18 00:00,Cleveland Cavaliers,Detroit Pistons,Detroit Pistons,Daniss Jenkins,TriplesInt,4.5,Sobre,1.99,dom,
Detroit Pistons - Cleveland Cavaliers,Winner Of E1 E8 Winner Of E4 E5,2026-05-25,2026-05-18 00:00,Cleveland Cavaliers,Detroit Pistons,Detroit Pistons,Daniss Jenkins,TriplesInt,4.5,Debajo,1.70,dom,
Detroit Pistons - Cleveland Cavaliers,Winner Of E1 E8 Winner Of E4 E5,2026-05-25,2026-05-18 00:00,Cleveland Cavaliers,Detroit Pistons,Detroit Pistons,Daniss Jenkins,Faltas,2.5,Sobre,2.01,dom,
Detroit Pistons - Cleveland Cavaliers,Winner Of E1 E8 Winner Of E4 E5,2026-05-25,2026-05-18 00:00,Cleveland Cavaliers,Detroit Pistons,Detroit Pistons,Daniss Jenkins,Faltas,2.5,Debajo,1.69,dom,
Detroit Pistons - Cleveland Cavaliers,Winner Of E1 E8 Winner Of E4 E5,2026-05-25,2026-05-18 00:00,Cleveland Cavaliers,Detroit Pistons,Detroit Pistons,Daniss Jenkins,PuntosPrimerCuarto,2.5,Sobre,1.84,dom,
Detroit Pistons - Cleveland Cavaliers,Winner Of E1 E8 Winner Of E4 E5,2026-05-25,2026-05-18 00:00,Cleveland Cavaliers,Detroit Pistons,Detroit Pistons,Daniss Jenkins,PuntosPrimerCuarto,2.5,Debajo,1.83,dom,
Detroit Pistons - Cleveland Cavaliers,Winner Of E1 E8 Winner Of E4 E5,2026-05-25,2026-05-18 00:00,Cleveland Cavaliers,Detroit Pistons,Detroit Pistons,Daniss Jenkins,RebotesPrimerCuarto,0.5,Sobre,1.71,dom,
Detroit Pistons - Cleveland Cavaliers,Winner Of E1 E8 Winner Of E4 E5,2026-05-25,2026-05-18 00:00,Cleveland Cavaliers,Detroit Pistons,Detroit Pistons,Daniss Jenkins,RebotesPrimerCuarto,0.5,Debajo,1.98,dom,
Detroit Pistons - Cleveland Cavaliers,Winner Of E1 E8 Winner Of E4 E5,2026-05-25,2026-05-18 00:00,Cleveland Cavaliers,Detroit Pistons,Detroit Pistons,Daniss Jenkins,TirosLibres,1.5,Sobre,1.63,dom,
Detroit Pistons - Cleveland Cavaliers,Winner Of E1 E8 Winner Of E4 E5,2026-05-25,2026-05-18 00:00,Cleveland Cavaliers,Detroit Pistons,Detroit Pistons,Daniss Jenkins,TirosLibres,1.5,Debajo,2.10,dom,
Detroit Pistons - Cleveland Cavaliers,Winner Of E1 E8 Winner Of E4 E5,2026-05-25,2026-05-18 00:00,Cleveland Cavaliers,Detroit Pistons,Detroit Pistons,Daniss Jenkins,GolesCampo,4.5,Sobre,1.95,dom,
Detroit Pistons - Cleveland Cavaliers,Winner Of E1 E8 Winner Of E4 E5,2026-05-25,2026-05-18 00:00,Cleveland Cavaliers,Detroit Pistons,Detroit Pistons,Daniss Jenkins,GolesCampo,4.5,Debajo,1.74,dom,
Detroit Pistons - Cleveland Cavaliers,Winner Of E1 E8 Winner Of E4 E5,2026-05-25,2026-05-18 00:00,Cleveland Cavaliers,Detroit Pistons,Detroit Pistons,Caris LeVert,Puntos,6.5,Sobre,1.79,dom,
Detroit Pistons - Cleveland Cavaliers,Winner Of E1 E8 Winner Of E4 E5,2026-05-25,2026-05-18 00:00,Cleveland Cavaliers,Detroit Pistons,Detroit Pistons,Caris LeVert,Puntos,6.5,Debajo,1.88,dom,
Detroit Pistons - Cleveland Cavaliers,Winner Of E1 E8 Winner Of E4 E5,2026-05-25,2026-05-18 00:00,Cleveland Cavaliers,Detroit Pistons,Detroit Pistons,Caris LeVert,Puntos,7.5,Sobre,2.00,dom_alt,
Detroit Pistons - Cleveland Cavaliers,Winner Of E1 E8 Winner Of E4 E5,2026-05-25,2026-05-18 00:00,Cleveland Cavaliers,Detroit Pistons,Detroit Pistons,Caris LeVert,Puntos,7.5,Debajo,1.60,dom_alt,
Detroit Pistons - Cleveland Cavaliers,Winner Of E1 E8 Winner Of E4 E5,2026-05-25,2026-05-18 00:00,Cleveland Cavaliers,Detroit Pistons,Detroit Pistons,Caris LeVert,Puntos,4.5,Sobre,1.36,dom_alt,
Detroit Pistons - Cleveland Cavaliers,Winner Of E1 E8 Winner Of E4 E5,2026-05-25,2026-05-18 00:00,Cleveland Cavaliers,Detroit Pistons,Detroit Pistons,Caris LeVert,Puntos,4.5,Debajo,2.56,dom_alt,
Detroit Pistons - Cleveland Cavaliers,Winner Of E1 E8 Winner Of E4 E5,2026-05-25,2026-05-18 00:00,Cleveland Cavaliers,Detroit Pistons,Detroit Pistons,Caris LeVert,Puntos,8.5,Sobre,2.29,dom_alt,
Detroit Pistons - Cleveland Cavaliers,Winner Of E1 E8 Winner Of E4 E5,2026-05-25,2026-05-18 00:00,Cleveland Cavaliers,Detroit Pistons,Detroit Pistons,Caris LeVert,Puntos,8.5,Debajo,1.45,dom_alt,
Detroit Pistons - Cleveland Cavaliers,Winner Of E1 E8 Winner Of E4 E5,2026-05-25,2026-05-18 00:00,Cleveland Cavaliers,Detroit Pistons,Detroit Pistons,Caris LeVert,Puntos,9.5,Sobre,2.72,dom_alt,
Detroit Pistons - Cleveland Cavaliers,Winner Of E1 E8 Winner Of E4 E5,2026-05-25,2026-05-18 00:00,Cleveland Cavaliers,Detroit Pistons,Detroit Pistons,Caris LeVert,Puntos,9.5,Debajo,1.32,dom_alt,
Detroit Pistons - Cleveland Cavaliers,Winner Of E1 E8 Winner Of E4 E5,2026-05-25,2026-05-18 00:00,Cleveland Cavaliers,Detroit Pistons,Detroit Pistons,Caris LeVert,Rebotes,2.5,Sobre,1.94,dom,
Detroit Pistons - Cleveland Cavaliers,Winner Of E1 E8 Winner Of E4 E5,2026-05-25,2026-05-18 00:00,Cleveland Cavaliers,Detroit Pistons,Detroit Pistons,Caris LeVert,Rebotes,2.5,Debajo,1.74,dom,
Detroit Pistons - Cleveland Cavaliers,Winner Of E1 E8 Winner Of E4 E5,2026-05-25,2026-05-18 00:00,Cleveland Cavaliers,Detroit Pistons,Detroit Pistons,Caris LeVert,Rebotes,3.5,Sobre,2.75,dom_alt,
Detroit Pistons - Cleveland Cavaliers,Winner Of E1 E8 Winner Of E4 E5,2026-05-25,2026-05-18 00:00,Cleveland Cavaliers,Detroit Pistons,Detroit Pistons,Caris LeVert,Rebotes,3.5,Debajo,1.31,dom_alt,
Detroit Pistons - Cleveland Cavaliers,Winner Of E1 E8 Winner Of E4 E5,2026-05-25,2026-05-18 00:00,Cleveland Cavaliers,Detroit Pistons,Detroit Pistons,Caris LeVert,Triples,0.5,Sobre,1.44,dom,
Detroit Pistons - Cleveland Cavaliers,Winner Of E1 E8 Winner Of E4 E5,2026-05-25,2026-05-18 00:00,Cleveland Cavaliers,Detroit Pistons,Detroit Pistons,Caris LeVert,Triples,0.5,Debajo,2.52,dom,
Detroit Pistons - Cleveland Cavaliers,Winner Of E1 E8 Winner Of E4 E5,2026-05-25,2026-05-18 00:00,Cleveland Cavaliers,Detroit Pistons,Detroit Pistons,Caris LeVert,Robos,0.5,Sobre,1.73,dom,
Detroit Pistons - Cleveland Cavaliers,Winner Of E1 E8 Winner Of E4 E5,2026-05-25,2026-05-18 00:00,Cleveland Cavaliers,Detroit Pistons,Detroit Pistons,Caris LeVert,Robos,0.5,Debajo,1.96,dom,
Detroit Pistons - Cleveland Cavaliers,Winner Of E1 E8 Winner Of E4 E5,2026-05-25,2026-05-18 00:00,Cleveland Cavaliers,Detroit Pistons,Detroit Pistons,Caris LeVert,Tapones,0.5,Sobre,2.20,dom,
Detroit Pistons - Cleveland Cavaliers,Winner Of E1 E8 Winner Of E4 E5,2026-05-25,2026-05-18 00:00,Cleveland Cavaliers,Detroit Pistons,Detroit Pistons,Caris LeVert,Tapones,0.5,Debajo,1.57,dom,
Detroit Pistons - Cleveland Cavaliers,Winner Of E1 E8 Winner Of E4 E5,2026-05-25,2026-05-18 00:00,Cleveland Cavaliers,Detroit Pistons,Detroit Pistons,Caris LeVert,Puntos+Rebotes,9.5,Sobre,1.89,dom,
Detroit Pistons - Cleveland Cavaliers,Winner Of E1 E8 Winner Of E4 E5,2026-05-25,2026-05-18 00:00,Cleveland Cavaliers,Detroit Pistons,Detroit Pistons,Caris LeVert,Puntos+Rebotes,9.5,Debajo,1.78,dom,
Detroit Pistons - Cleveland Cavaliers,Winner Of E1 E8 Winner Of E4 E5,2026-05-25,2026-05-18 00:00,Cleveland Cavaliers,Detroit Pistons,Detroit Pistons,Caris LeVert,Puntos+Rebotes,10.5,Sobre,2.08,dom_alt,
Detroit Pistons - Cleveland Cavaliers,Winner Of E1 E8 Winner Of E4 E5,2026-05-25,2026-05-18 00:00,Cleveland Cavaliers,Detroit Pistons,Detroit Pistons,Caris LeVert,Puntos+Rebotes,10.5,Debajo,1.55,dom_alt,
Detroit Pistons - Cleveland Cavaliers,Winner Of E1 E8 Winner Of E4 E5,2026-05-25,2026-05-18 00:00,Cleveland Cavaliers,Detroit Pistons,Detroit Pistons,Caris LeVert,Puntos+Asistencias,8.5,Sobre,1.84,dom,
Detroit Pistons - Cleveland Cavaliers,Winner Of E1 E8 Winner Of E4 E5,2026-05-25,2026-05-18 00:00,Cleveland Cavaliers,Detroit Pistons,Detroit Pistons,Caris LeVert,Puntos+Asistencias,8.5,Debajo,1.83,dom,
Detroit Pistons - Cleveland Cavaliers,Winner Of E1 E8 Winner Of E4 E5,2026-05-25,2026-05-18 00:00,Cleveland Cavaliers,Detroit Pistons,Detroit Pistons,Caris LeVert,Puntos+Asistencias,9.5,Sobre,2.03,dom_alt,
Detroit Pistons - Cleveland Cavaliers,Winner Of E1 E8 Winner Of E4 E5,2026-05-25,2026-05-18 00:00,Cleveland Cavaliers,Detroit Pistons,Detroit Pistons,Caris LeVert,Puntos+Asistencias,9.5,Debajo,1.58,dom_alt,
Detroit Pistons - Cleveland Cavaliers,Winner Of E1 E8 Winner Of E4 E5,2026-05-25,2026-05-18 00:00,Cleveland Cavaliers,Detroit Pistons,Detroit Pistons,Caris LeVert,PRA,11.5,Sobre,1.94,dom,
Detroit Pistons - Cleveland Cavaliers,Winner Of E1 E8 Winner Of E4 E5,2026-05-25,2026-05-18 00:00,Cleveland Cavaliers,Detroit Pistons,Detroit Pistons,Caris LeVert,PRA,11.5,Debajo,1.74,dom,
Detroit Pistons - Cleveland Cavaliers,Winner Of E1 E8 Winner Of E4 E5,2026-05-25,2026-05-18 00:00,Cleveland Cavaliers,Detroit Pistons,Detroit Pistons,Caris LeVert,PRA,12.5,Sobre,2.10,dom_alt,
Detroit Pistons - Cleveland Cavaliers,Winner Of E1 E8 Winner Of E4 E5,2026-05-25,2026-05-18 00:00,Cleveland Cavaliers,Detroit Pistons,Detroit Pistons,Caris LeVert,PRA,12.5,Debajo,1.54,dom_alt,
Detroit Pistons - Cleveland Cavaliers,Winner Of E1 E8 Winner Of E4 E5,2026-05-25,2026-05-18 00:00,Cleveland Cavaliers,Detroit Pistons,Detroit Pistons,Caris LeVert,PRA,9.5,Sobre,1.54,dom_alt,
Detroit Pistons - Cleveland Cavaliers,Winner Of E1 E8 Winner Of E4 E5,2026-05-25,2026-05-18 00:00,Cleveland Cavaliers,Detroit Pistons,Detroit Pistons,Caris LeVert,PRA,9.5,Debajo,2.10,dom_alt,
Detroit Pistons - Cleveland Cavaliers,Winner Of E1 E8 Winner Of E4 E5,2026-05-25,2026-05-18 00:00,Cleveland Cavaliers,Detroit Pistons,Detroit Pistons,Caris LeVert,PRA,13.5,Sobre,2.33,dom_alt,
Detroit Pistons - Cleveland Cavaliers,Winner Of E1 E8 Winner Of E4 E5,2026-05-25,2026-05-18 00:00,Cleveland Cavaliers,Detroit Pistons,Detroit Pistons,Caris LeVert,PRA,13.5,Debajo,1.44,dom_alt,
Detroit Pistons - Cleveland Cavaliers,Winner Of E1 E8 Winner Of E4 E5,2026-05-25,2026-05-18 00:00,Cleveland Cavaliers,Detroit Pistons,Detroit Pistons,Caris LeVert,PRA,8.5,Sobre,1.40,dom_alt,
Detroit Pistons - Cleveland Cavaliers,Winner Of E1 E8 Winner Of E4 E5,2026-05-25,2026-05-18 00:00,Cleveland Cavaliers,Detroit Pistons,Detroit Pistons,Caris LeVert,PRA,8.5,Debajo,2.45,dom_alt,
Detroit Pistons - Cleveland Cavaliers,Winner Of E1 E8 Winner Of E4 E5,2026-05-25,2026-05-18 00:00,Cleveland Cavaliers,Detroit Pistons,Detroit Pistons,Caris LeVert,PRA,14.5,Sobre,2.72,dom_alt,
Detroit Pistons - Cleveland Cavaliers,Winner Of E1 E8 Winner Of E4 E5,2026-05-25,2026-05-18 00:00,Cleveland Cavaliers,Detroit Pistons,Detroit Pistons,Caris LeVert,PRA,14.5,Debajo,1.32,dom_alt,
Detroit Pistons - Cleveland Cavaliers,Winner Of E1 E8 Winner Of E4 E5,2026-05-25,2026-05-18 00:00,Cleveland Cavaliers,Detroit Pistons,Detroit Pistons,Caris LeVert,Asistencias+Rebotes,4.5,Sobre,2.05,dom,
Detroit Pistons - Cleveland Cavaliers,Winner Of E1 E8 Winner Of E4 E5,2026-05-25,2026-05-18 00:00,Cleveland Cavaliers,Detroit Pistons,Detroit Pistons,Caris LeVert,Asistencias+Rebotes,4.5,Debajo,1.66,dom,
Detroit Pistons - Cleveland Cavaliers,Winner Of E1 E8 Winner Of E4 E5,2026-05-25,2026-05-18 00:00,Cleveland Cavaliers,Detroit Pistons,Detroit Pistons,Caris LeVert,Asistencias,1.5,Sobre,1.76,dom,
Detroit Pistons - Cleveland Cavaliers,Winner Of E1 E8 Winner Of E4 E5,2026-05-25,2026-05-18 00:00,Cleveland Cavaliers,Detroit Pistons,Detroit Pistons,Caris LeVert,Asistencias,1.5,Debajo,1.91,dom,
Detroit Pistons - Cleveland Cavaliers,Winner Of E1 E8 Winner Of E4 E5,2026-05-25,2026-05-18 00:00,Cleveland Cavaliers,Detroit Pistons,Detroit Pistons,Caris LeVert,PuntosPrimerCuarto,1.5,Sobre,1.57,dom,
Detroit Pistons - Cleveland Cavaliers,Winner Of E1 E8 Winner Of E4 E5,2026-05-25,2026-05-18 00:00,Cleveland Cavaliers,Detroit Pistons,Detroit Pistons,Caris LeVert,PuntosPrimerCuarto,1.5,Debajo,2.22,dom,
Detroit Pistons - Cleveland Cavaliers,Winner Of E1 E8 Winner Of E4 E5,2026-05-25,2026-05-18 00:00,Cleveland Cavaliers,Detroit Pistons,Detroit Pistons,Caris LeVert,PuntosPrimerCuarto,2.5,Sobre,2.10,dom_alt,
Detroit Pistons - Cleveland Cavaliers,Winner Of E1 E8 Winner Of E4 E5,2026-05-25,2026-05-18 00:00,Cleveland Cavaliers,Detroit Pistons,Detroit Pistons,Caris LeVert,PuntosPrimerCuarto,2.5,Debajo,1.54,dom_alt,
Detroit Pistons - Cleveland Cavaliers,Winner Of E1 E8 Winner Of E4 E5,2026-05-25,2026-05-18 00:00,Cleveland Cavaliers,Detroit Pistons,Detroit Pistons,Caris LeVert,RebotesPrimerCuarto,0.5,Sobre,1.91,dom,
Detroit Pistons - Cleveland Cavaliers,Winner Of E1 E8 Winner Of E4 E5,2026-05-25,2026-05-18 00:00,Cleveland Cavaliers,Detroit Pistons,Detroit Pistons,Caris LeVert,RebotesPrimerCuarto,0.5,Debajo,1.77,dom,
Detroit Pistons - Cleveland Cavaliers,Winner Of E1 E8 Winner Of E4 E5,2026-05-25,2026-05-18 00:00,Cleveland Cavaliers,Detroit Pistons,Detroit Pistons,Caris LeVert,TirosLibres,0.5,Sobre,2.12,dom,
Detroit Pistons - Cleveland Cavaliers,Winner Of E1 E8 Winner Of E4 E5,2026-05-25,2026-05-18 00:00,Cleveland Cavaliers,Detroit Pistons,Detroit Pistons,Caris LeVert,TirosLibres,0.5,Debajo,1.62,dom,
Detroit Pistons - Cleveland Cavaliers,Winner Of E1 E8 Winner Of E4 E5,2026-05-25,2026-05-18 00:00,Cleveland Cavaliers,Detroit Pistons,Detroit Pistons,Caris LeVert,TirosLibresInt,0.5,Sobre,1.96,dom,
Detroit Pistons - Cleveland Cavaliers,Winner Of E1 E8 Winner Of E4 E5,2026-05-25,2026-05-18 00:00,Cleveland Cavaliers,Detroit Pistons,Detroit Pistons,Caris LeVert,TirosLibresInt,0.5,Debajo,1.72,dom,
Detroit Pistons - Cleveland Cavaliers,Winner Of E1 E8 Winner Of E4 E5,2026-05-25,2026-05-18 00:00,Cleveland Cavaliers,Detroit Pistons,Detroit Pistons,Caris LeVert,GolesCampo,2.5,Sobre,1.90,dom,
Detroit Pistons - Cleveland Cavaliers,Winner Of E1 E8 Winner Of E4 E5,2026-05-25,2026-05-18 00:00,Cleveland Cavaliers,Detroit Pistons,Detroit Pistons,Caris LeVert,GolesCampo,2.5,Debajo,1.78,dom,
Detroit Pistons - Cleveland Cavaliers,Winner Of E1 E8 Winner Of E4 E5,2026-05-25,2026-05-18 00:00,Cleveland Cavaliers,Detroit Pistons,Detroit Pistons,Caris LeVert,GolesCampoInt,6.5,Sobre,2.03,dom,
Detroit Pistons - Cleveland Cavaliers,Winner Of E1 E8 Winner Of E4 E5,2026-05-25,2026-05-18 00:00,Cleveland Cavaliers,Detroit Pistons,Detroit Pistons,Caris LeVert,GolesCampoInt,6.5,Debajo,1.67,dom,
Detroit Pistons - Cleveland Cavaliers,Winner Of E1 E8 Winner Of E4 E5,2026-05-25,2026-05-18 00:00,Cleveland Cavaliers,Detroit Pistons,Detroit Pistons,Caris LeVert,Faltas,1.5,Sobre,1.61,dom,
Detroit Pistons - Cleveland Cavaliers,Winner Of E1 E8 Winner Of E4 E5,2026-05-25,2026-05-18 00:00,Cleveland Cavaliers,Detroit Pistons,Detroit Pistons,Caris LeVert,Faltas,1.5,Debajo,2.13,dom,
Detroit Pistons - Cleveland Cavaliers,Winner Of E1 E8 Winner Of E4 E5,2026-05-25,2026-05-18 00:00,Cleveland Cavaliers,Detroit Pistons,Detroit Pistons,Paul Reed,Puntos,7.5,Sobre,1.91,dom,
Detroit Pistons - Cleveland Cavaliers,Winner Of E1 E8 Winner Of E4 E5,2026-05-25,2026-05-18 00:00,Cleveland Cavaliers,Detroit Pistons,Detroit Pistons,Paul Reed,Puntos,7.5,Debajo,1.76,dom,
Detroit Pistons - Cleveland Cavaliers,Winner Of E1 E8 Winner Of E4 E5,2026-05-25,2026-05-18 00:00,Cleveland Cavaliers,Detroit Pistons,Detroit Pistons,Paul Reed,Puntos,8.5,Sobre,2.10,dom_alt,
Detroit Pistons - Cleveland Cavaliers,Winner Of E1 E8 Winner Of E4 E5,2026-05-25,2026-05-18 00:00,Cleveland Cavaliers,Detroit Pistons,Detroit Pistons,Paul Reed,Puntos,8.5,Debajo,1.54,dom_alt,
Detroit Pistons - Cleveland Cavaliers,Winner Of E1 E8 Winner Of E4 E5,2026-05-25,2026-05-18 00:00,Cleveland Cavaliers,Detroit Pistons,Detroit Pistons,Paul Reed,Puntos,5.5,Sobre,1.49,dom_alt,
Detroit Pistons - Cleveland Cavaliers,Winner Of E1 E8 Winner Of E4 E5,2026-05-25,2026-05-18 00:00,Cleveland Cavaliers,Detroit Pistons,Detroit Pistons,Paul Reed,Puntos,5.5,Debajo,2.21,dom_alt,
Detroit Pistons - Cleveland Cavaliers,Winner Of E1 E8 Winner Of E4 E5,2026-05-25,2026-05-18 00:00,Cleveland Cavaliers,Detroit Pistons,Detroit Pistons,Paul Reed,Puntos,9.5,Sobre,2.38,dom_alt,
Detroit Pistons - Cleveland Cavaliers,Winner Of E1 E8 Winner Of E4 E5,2026-05-25,2026-05-18 00:00,Cleveland Cavaliers,Detroit Pistons,Detroit Pistons,Paul Reed,Puntos,9.5,Debajo,1.42,dom_alt,
Detroit Pistons - Cleveland Cavaliers,Winner Of E1 E8 Winner Of E4 E5,2026-05-25,2026-05-18 00:00,Cleveland Cavaliers,Detroit Pistons,Detroit Pistons,Paul Reed,Puntos,4.5,Sobre,1.39,dom_alt,
Detroit Pistons - Cleveland Cavaliers,Winner Of E1 E8 Winner Of E4 E5,2026-05-25,2026-05-18 00:00,Cleveland Cavaliers,Detroit Pistons,Detroit Pistons,Paul Reed,Puntos,4.5,Debajo,2.46,dom_alt,
Detroit Pistons - Cleveland Cavaliers,Winner Of E1 E8 Winner Of E4 E5,2026-05-25,2026-05-18 00:00,Cleveland Cavaliers,Detroit Pistons,Detroit Pistons,Paul Reed,Puntos,10.5,Sobre,2.83,dom_alt,
Detroit Pistons - Cleveland Cavaliers,Winner Of E1 E8 Winner Of E4 E5,2026-05-25,2026-05-18 00:00,Cleveland Cavaliers,Detroit Pistons,Detroit Pistons,Paul Reed,Puntos,10.5,Debajo,1.30,dom_alt,
Detroit Pistons - Cleveland Cavaliers,Winner Of E1 E8 Winner Of E4 E5,2026-05-25,2026-05-18 00:00,Cleveland Cavaliers,Detroit Pistons,Detroit Pistons,Paul Reed,Rebotes,5.5,Sobre,1.92,dom,
Detroit Pistons - Cleveland Cavaliers,Winner Of E1 E8 Winner Of E4 E5,2026-05-25,2026-05-18 00:00,Cleveland Cavaliers,Detroit Pistons,Detroit Pistons,Paul Reed,Rebotes,5.5,Debajo,1.76,dom,
Detroit Pistons - Cleveland Cavaliers,Winner Of E1 E8 Winner Of E4 E5,2026-05-25,2026-05-18 00:00,Cleveland Cavaliers,Detroit Pistons,Detroit Pistons,Paul Reed,Rebotes,6.5,Sobre,2.19,dom_alt,
Detroit Pistons - Cleveland Cavaliers,Winner Of E1 E8 Winner Of E4 E5,2026-05-25,2026-05-18 00:00,Cleveland Cavaliers,Detroit Pistons,Detroit Pistons,Paul Reed,Rebotes,6.5,Debajo,1.50,dom_alt,
Detroit Pistons - Cleveland Cavaliers,Winner Of E1 E8 Winner Of E4 E5,2026-05-25,2026-05-18 00:00,Cleveland Cavaliers,Detroit Pistons,Detroit Pistons,Paul Reed,Rebotes,3.5,Sobre,1.35,dom_alt,
Detroit Pistons - Cleveland Cavaliers,Winner Of E1 E8 Winner Of E4 E5,2026-05-25,2026-05-18 00:00,Cleveland Cavaliers,Detroit Pistons,Detroit Pistons,Paul Reed,Rebotes,3.5,Debajo,2.59,dom_alt,
Detroit Pistons - Cleveland Cavaliers,Winner Of E1 E8 Winner Of E4 E5,2026-05-25,2026-05-18 00:00,Cleveland Cavaliers,Detroit Pistons,Detroit Pistons,Paul Reed,Rebotes,7.5,Sobre,2.79,dom_alt,
Detroit Pistons - Cleveland Cavaliers,Winner Of E1 E8 Winner Of E4 E5,2026-05-25,2026-05-18 00:00,Cleveland Cavaliers,Detroit Pistons,Detroit Pistons,Paul Reed,Rebotes,7.5,Debajo,1.30,dom_alt,
Detroit Pistons - Cleveland Cavaliers,Winner Of E1 E8 Winner Of E4 E5,2026-05-25,2026-05-18 00:00,Cleveland Cavaliers,Detroit Pistons,Detroit Pistons,Paul Reed,Robos,0.5,Sobre,1.89,dom,
Detroit Pistons - Cleveland Cavaliers,Winner Of E1 E8 Winner Of E4 E5,2026-05-25,2026-05-18 00:00,Cleveland Cavaliers,Detroit Pistons,Detroit Pistons,Paul Reed,Robos,0.5,Debajo,1.79,dom,
Detroit Pistons - Cleveland Cavaliers,Winner Of E1 E8 Winner Of E4 E5,2026-05-25,2026-05-18 00:00,Cleveland Cavaliers,Detroit Pistons,Detroit Pistons,Paul Reed,Tapones,0.5,Sobre,1.58,dom,
Detroit Pistons - Cleveland Cavaliers,Winner Of E1 E8 Winner Of E4 E5,2026-05-25,2026-05-18 00:00,Cleveland Cavaliers,Detroit Pistons,Detroit Pistons,Paul Reed,Tapones,0.5,Debajo,2.19,dom,
Detroit Pistons - Cleveland Cavaliers,Winner Of E1 E8 Winner Of E4 E5,2026-05-25,2026-05-18 00:00,Cleveland Cavaliers,Detroit Pistons,Detroit Pistons,Paul Reed,Pérdidas,0.5,Sobre,1.67,dom,
Detroit Pistons - Cleveland Cavaliers,Winner Of E1 E8 Winner Of E4 E5,2026-05-25,2026-05-18 00:00,Cleveland Cavaliers,Detroit Pistons,Detroit Pistons,Paul Reed,Pérdidas,0.5,Debajo,2.04,dom,
Detroit Pistons - Cleveland Cavaliers,Winner Of E1 E8 Winner Of E4 E5,2026-05-25,2026-05-18 00:00,Cleveland Cavaliers,Detroit Pistons,Detroit Pistons,Paul Reed,Puntos+Rebotes,12.5,Sobre,1.80,dom,
Detroit Pistons - Cleveland Cavaliers,Winner Of E1 E8 Winner Of E4 E5,2026-05-25,2026-05-18 00:00,Cleveland Cavaliers,Detroit Pistons,Detroit Pistons,Paul Reed,Puntos+Rebotes,12.5,Debajo,1.87,dom,
Detroit Pistons - Cleveland Cavaliers,Winner Of E1 E8 Winner Of E4 E5,2026-05-25,2026-05-18 00:00,Cleveland Cavaliers,Detroit Pistons,Detroit Pistons,Paul Reed,Puntos+Rebotes,13.5,Sobre,1.91,dom_alt,
Detroit Pistons - Cleveland Cavaliers,Winner Of E1 E8 Winner Of E4 E5,2026-05-25,2026-05-18 00:00,Cleveland Cavaliers,Detroit Pistons,Detroit Pistons,Paul Reed,Puntos+Rebotes,13.5,Debajo,1.66,dom_alt,
Detroit Pistons - Cleveland Cavaliers,Winner Of E1 E8 Winner Of E4 E5,2026-05-25,2026-05-18 00:00,Cleveland Cavaliers,Detroit Pistons,Detroit Pistons,Paul Reed,Puntos+Rebotes,10.5,Sobre,1.54,dom_alt,
Detroit Pistons - Cleveland Cavaliers,Winner Of E1 E8 Winner Of E4 E5,2026-05-25,2026-05-18 00:00,Cleveland Cavaliers,Detroit Pistons,Detroit Pistons,Paul Reed,Puntos+Rebotes,10.5,Debajo,2.09,dom_alt,
Detroit Pistons - Cleveland Cavaliers,Winner Of E1 E8 Winner Of E4 E5,2026-05-25,2026-05-18 00:00,Cleveland Cavaliers,Detroit Pistons,Detroit Pistons,Paul Reed,Puntos+Rebotes,14.5,Sobre,2.09,dom_alt,
Detroit Pistons - Cleveland Cavaliers,Winner Of E1 E8 Winner Of E4 E5,2026-05-25,2026-05-18 00:00,Cleveland Cavaliers,Detroit Pistons,Detroit Pistons,Paul Reed,Puntos+Rebotes,14.5,Debajo,1.55,dom_alt,
Detroit Pistons - Cleveland Cavaliers,Winner Of E1 E8 Winner Of E4 E5,2026-05-25,2026-05-18 00:00,Cleveland Cavaliers,Detroit Pistons,Detroit Pistons,Paul Reed,Puntos+Asistencias,8.5,Sobre,1.95,dom,
Detroit Pistons - Cleveland Cavaliers,Winner Of E1 E8 Winner Of E4 E5,2026-05-25,2026-05-18 00:00,Cleveland Cavaliers,Detroit Pistons,Detroit Pistons,Paul Reed,Puntos+Asistencias,8.5,Debajo,1.73,dom,
Detroit Pistons - Cleveland Cavaliers,Winner Of E1 E8 Winner Of E4 E5,2026-05-25,2026-05-18 00:00,Cleveland Cavaliers,Detroit Pistons,Detroit Pistons,Paul Reed,Puntos+Asistencias,9.5,Sobre,2.05,dom_alt,
Detroit Pistons - Cleveland Cavaliers,Winner Of E1 E8 Winner Of E4 E5,2026-05-25,2026-05-18 00:00,Cleveland Cavaliers,Detroit Pistons,Detroit Pistons,Paul Reed,Puntos+Asistencias,9.5,Debajo,1.57,dom_alt,
Detroit Pistons - Cleveland Cavaliers,Winner Of E1 E8 Winner Of E4 E5,2026-05-25,2026-05-18 00:00,Cleveland Cavaliers,Detroit Pistons,Detroit Pistons,Paul Reed,Puntos+Asistencias,6.5,Sobre,1.55,dom_alt,
Detroit Pistons - Cleveland Cavaliers,Winner Of E1 E8 Winner Of E4 E5,2026-05-25,2026-05-18 00:00,Cleveland Cavaliers,Detroit Pistons,Detroit Pistons,Paul Reed,Puntos+Asistencias,6.5,Debajo,2.08,dom_alt,
Detroit Pistons - Cleveland Cavaliers,Winner Of E1 E8 Winner Of E4 E5,2026-05-25,2026-05-18 00:00,Cleveland Cavaliers,Detroit Pistons,Detroit Pistons,Paul Reed,PRA,13.5,Sobre,1.82,dom,
Detroit Pistons - Cleveland Cavaliers,Winner Of E1 E8 Winner Of E4 E5,2026-05-25,2026-05-18 00:00,Cleveland Cavaliers,Detroit Pistons,Detroit Pistons,Paul Reed,PRA,13.5,Debajo,1.85,dom,
Detroit Pistons - Cleveland Cavaliers,Winner Of E1 E8 Winner Of E4 E5,2026-05-25,2026-05-18 00:00,Cleveland Cavaliers,Detroit Pistons,Detroit Pistons,Paul Reed,PRA,14.5,Sobre,1.92,dom_alt,
Detroit Pistons - Cleveland Cavaliers,Winner Of E1 E8 Winner Of E4 E5,2026-05-25,2026-05-18 00:00,Cleveland Cavaliers,Detroit Pistons,Detroit Pistons,Paul Reed,PRA,14.5,Debajo,1.66,dom_alt,
Detroit Pistons - Cleveland Cavaliers,Winner Of E1 E8 Winner Of E4 E5,2026-05-25,2026-05-18 00:00,Cleveland Cavaliers,Detroit Pistons,Detroit Pistons,Paul Reed,PRA,11.5,Sobre,1.56,dom_alt,
Detroit Pistons - Cleveland Cavaliers,Winner Of E1 E8 Winner Of E4 E5,2026-05-25,2026-05-18 00:00,Cleveland Cavaliers,Detroit Pistons,Detroit Pistons,Paul Reed,PRA,11.5,Debajo,2.06,dom_alt,
Detroit Pistons - Cleveland Cavaliers,Winner Of E1 E8 Winner Of E4 E5,2026-05-25,2026-05-18 00:00,Cleveland Cavaliers,Detroit Pistons,Detroit Pistons,Paul Reed,PRA,15.5,Sobre,2.08,dom_alt,
Detroit Pistons - Cleveland Cavaliers,Winner Of E1 E8 Winner Of E4 E5,2026-05-25,2026-05-18 00:00,Cleveland Cavaliers,Detroit Pistons,Detroit Pistons,Paul Reed,PRA,15.5,Debajo,1.55,dom_alt,
Detroit Pistons - Cleveland Cavaliers,Winner Of E1 E8 Winner Of E4 E5,2026-05-25,2026-05-18 00:00,Cleveland Cavaliers,Detroit Pistons,Detroit Pistons,Paul Reed,PRA,10.5,Sobre,1.46,dom_alt,
Detroit Pistons - Cleveland Cavaliers,Winner Of E1 E8 Winner Of E4 E5,2026-05-25,2026-05-18 00:00,Cleveland Cavaliers,Detroit Pistons,Detroit Pistons,Paul Reed,PRA,10.5,Debajo,2.28,dom_alt,
Detroit Pistons - Cleveland Cavaliers,Winner Of E1 E8 Winner Of E4 E5,2026-05-25,2026-05-18 00:00,Cleveland Cavaliers,Detroit Pistons,Detroit Pistons,Paul Reed,PRA,16.5,Sobre,2.20,dom_alt,
Detroit Pistons - Cleveland Cavaliers,Winner Of E1 E8 Winner Of E4 E5,2026-05-25,2026-05-18 00:00,Cleveland Cavaliers,Detroit Pistons,Detroit Pistons,Paul Reed,PRA,16.5,Debajo,1.49,dom_alt,
Detroit Pistons - Cleveland Cavaliers,Winner Of E1 E8 Winner Of E4 E5,2026-05-25,2026-05-18 00:00,Cleveland Cavaliers,Detroit Pistons,Detroit Pistons,Paul Reed,PRA,9.5,Sobre,1.36,dom_alt,
Detroit Pistons - Cleveland Cavaliers,Winner Of E1 E8 Winner Of E4 E5,2026-05-25,2026-05-18 00:00,Cleveland Cavaliers,Detroit Pistons,Detroit Pistons,Paul Reed,PRA,9.5,Debajo,2.56,dom_alt,
Detroit Pistons - Cleveland Cavaliers,Winner Of E1 E8 Winner Of E4 E5,2026-05-25,2026-05-18 00:00,Cleveland Cavaliers,Detroit Pistons,Detroit Pistons,Paul Reed,PRA,17.5,Sobre,2.45,dom_alt,
Detroit Pistons - Cleveland Cavaliers,Winner Of E1 E8 Winner Of E4 E5,2026-05-25,2026-05-18 00:00,Cleveland Cavaliers,Detroit Pistons,Detroit Pistons,Paul Reed,PRA,17.5,Debajo,1.40,dom_alt,
Detroit Pistons - Cleveland Cavaliers,Winner Of E1 E8 Winner Of E4 E5,2026-05-25,2026-05-18 00:00,Cleveland Cavaliers,Detroit Pistons,Detroit Pistons,Paul Reed,PRA,18.5,Sobre,2.71,dom_alt,
Detroit Pistons - Cleveland Cavaliers,Winner Of E1 E8 Winner Of E4 E5,2026-05-25,2026-05-18 00:00,Cleveland Cavaliers,Detroit Pistons,Detroit Pistons,Paul Reed,PRA,18.5,Debajo,1.32,dom_alt,
Detroit Pistons - Cleveland Cavaliers,Winner Of E1 E8 Winner Of E4 E5,2026-05-25,2026-05-18 00:00,Cleveland Cavaliers,Detroit Pistons,Detroit Pistons,Paul Reed,Asistencias+Rebotes,6.5,Sobre,1.93,dom,
Detroit Pistons - Cleveland Cavaliers,Winner Of E1 E8 Winner Of E4 E5,2026-05-25,2026-05-18 00:00,Cleveland Cavaliers,Detroit Pistons,Detroit Pistons,Paul Reed,Asistencias+Rebotes,6.5,Debajo,1.75,dom,
Detroit Pistons - Cleveland Cavaliers,Winner Of E1 E8 Winner Of E4 E5,2026-05-25,2026-05-18 00:00,Cleveland Cavaliers,Detroit Pistons,Detroit Pistons,Paul Reed,Asistencias+Rebotes,7.5,Sobre,2.16,dom_alt,
Detroit Pistons - Cleveland Cavaliers,Winner Of E1 E8 Winner Of E4 E5,2026-05-25,2026-05-18 00:00,Cleveland Cavaliers,Detroit Pistons,Detroit Pistons,Paul Reed,Asistencias+Rebotes,7.5,Debajo,1.51,dom_alt,
Detroit Pistons - Cleveland Cavaliers,Winner Of E1 E8 Winner Of E4 E5,2026-05-25,2026-05-18 00:00,Cleveland Cavaliers,Detroit Pistons,Detroit Pistons,Paul Reed,Robos+Tapones,1.5,Sobre,1.92,dom,
Detroit Pistons - Cleveland Cavaliers,Winner Of E1 E8 Winner Of E4 E5,2026-05-25,2026-05-18 00:00,Cleveland Cavaliers,Detroit Pistons,Detroit Pistons,Paul Reed,Robos+Tapones,1.5,Debajo,1.75,dom,
Detroit Pistons - Cleveland Cavaliers,Winner Of E1 E8 Winner Of E4 E5,2026-05-25,2026-05-18 00:00,Cleveland Cavaliers,Detroit Pistons,Detroit Pistons,Paul Reed,DobleDoble,0.5,Sobre,7.22,dom,
Detroit Pistons - Cleveland Cavaliers,Winner Of E1 E8 Winner Of E4 E5,2026-05-25,2026-05-18 00:00,Cleveland Cavaliers,Detroit Pistons,Detroit Pistons,Paul Reed,DobleDoble,0.5,Debajo,1.05,dom,
Detroit Pistons - Cleveland Cavaliers,Winner Of E1 E8 Winner Of E4 E5,2026-05-25,2026-05-18 00:00,Cleveland Cavaliers,Detroit Pistons,Detroit Pistons,Paul Reed,Asistencias,0.5,Sobre,1.60,dom,
Detroit Pistons - Cleveland Cavaliers,Winner Of E1 E8 Winner Of E4 E5,2026-05-25,2026-05-18 00:00,Cleveland Cavaliers,Detroit Pistons,Detroit Pistons,Paul Reed,Asistencias,0.5,Debajo,2.15,dom,
Detroit Pistons - Cleveland Cavaliers,Winner Of E1 E8 Winner Of E4 E5,2026-05-25,2026-05-18 00:00,Cleveland Cavaliers,Detroit Pistons,Detroit Pistons,Paul Reed,PuntosPrimerCuarto,0.5,Sobre,2.06,dom,
Detroit Pistons - Cleveland Cavaliers,Winner Of E1 E8 Winner Of E4 E5,2026-05-25,2026-05-18 00:00,Cleveland Cavaliers,Detroit Pistons,Detroit Pistons,Paul Reed,PuntosPrimerCuarto,0.5,Debajo,1.65,dom,
Detroit Pistons - Cleveland Cavaliers,Winner Of E1 E8 Winner Of E4 E5,2026-05-25,2026-05-18 00:00,Cleveland Cavaliers,Detroit Pistons,Detroit Pistons,Paul Reed,RebotesPrimerCuarto,0.5,Sobre,1.74,dom,
Detroit Pistons - Cleveland Cavaliers,Winner Of E1 E8 Winner Of E4 E5,2026-05-25,2026-05-18 00:00,Cleveland Cavaliers,Detroit Pistons,Detroit Pistons,Paul Reed,RebotesPrimerCuarto,0.5,Debajo,1.94,dom,
Detroit Pistons - Cleveland Cavaliers,Winner Of E1 E8 Winner Of E4 E5,2026-05-25,2026-05-18 00:00,Cleveland Cavaliers,Detroit Pistons,Detroit Pistons,Paul Reed,TirosLibres,0.5,Sobre,1.77,dom,
Detroit Pistons - Cleveland Cavaliers,Winner Of E1 E8 Winner Of E4 E5,2026-05-25,2026-05-18 00:00,Cleveland Cavaliers,Detroit Pistons,Detroit Pistons,Paul Reed,TirosLibres,0.5,Debajo,1.91,dom,
Detroit Pistons - Cleveland Cavaliers,Winner Of E1 E8 Winner Of E4 E5,2026-05-25,2026-05-18 00:00,Cleveland Cavaliers,Detroit Pistons,Detroit Pistons,Paul Reed,TirosLibresInt,1.5,Sobre,1.83,dom,
Detroit Pistons - Cleveland Cavaliers,Winner Of E1 E8 Winner Of E4 E5,2026-05-25,2026-05-18 00:00,Cleveland Cavaliers,Detroit Pistons,Detroit Pistons,Paul Reed,TirosLibresInt,1.5,Debajo,1.84,dom,
Detroit Pistons - Cleveland Cavaliers,Winner Of E1 E8 Winner Of E4 E5,2026-05-25,2026-05-18 00:00,Cleveland Cavaliers,Detroit Pistons,Detroit Pistons,Paul Reed,GolesCampo,2.5,Sobre,1.62,dom,
Detroit Pistons - Cleveland Cavaliers,Winner Of E1 E8 Winner Of E4 E5,2026-05-25,2026-05-18 00:00,Cleveland Cavaliers,Detroit Pistons,Detroit Pistons,Paul Reed,GolesCampo,2.5,Debajo,2.11,dom,
Detroit Pistons - Cleveland Cavaliers,Winner Of E1 E8 Winner Of E4 E5,2026-05-25,2026-05-18 00:00,Cleveland Cavaliers,Detroit Pistons,Detroit Pistons,Paul Reed,GolesCampoInt,5.5,Sobre,1.85,dom,
Detroit Pistons - Cleveland Cavaliers,Winner Of E1 E8 Winner Of E4 E5,2026-05-25,2026-05-18 00:00,Cleveland Cavaliers,Detroit Pistons,Detroit Pistons,Paul Reed,GolesCampoInt,5.5,Debajo,1.82,dom,
Detroit Pistons - Cleveland Cavaliers,Winner Of E1 E8 Winner Of E4 E5,2026-05-25,2026-05-18 00:00,Cleveland Cavaliers,Detroit Pistons,Detroit Pistons,Paul Reed,Faltas,1.5,Sobre,1.64,dom,
Detroit Pistons - Cleveland Cavaliers,Winner Of E1 E8 Winner Of E4 E5,2026-05-25,2026-05-18 00:00,Cleveland Cavaliers,Detroit Pistons,Detroit Pistons,Paul Reed,Faltas,1.5,Debajo,2.09,dom,
Detroit Pistons - Cleveland Cavaliers,Winner Of E1 E8 Winner Of E4 E5,2026-05-25,2026-05-18 00:00,Cleveland Cavaliers,Detroit Pistons,Detroit Pistons,Duncan Robinson,Puntos,7.5,Sobre,1.82,dom,
Detroit Pistons - Cleveland Cavaliers,Winner Of E1 E8 Winner Of E4 E5,2026-05-25,2026-05-18 00:00,Cleveland Cavaliers,Detroit Pistons,Detroit Pistons,Duncan Robinson,Puntos,7.5,Debajo,1.85,dom,
Detroit Pistons - Cleveland Cavaliers,Winner Of E1 E8 Winner Of E4 E5,2026-05-25,2026-05-18 00:00,Cleveland Cavaliers,Detroit Pistons,Detroit Pistons,Duncan Robinson,Puntos,8.5,Sobre,2.03,dom_alt,
Detroit Pistons - Cleveland Cavaliers,Winner Of E1 E8 Winner Of E4 E5,2026-05-25,2026-05-18 00:00,Cleveland Cavaliers,Detroit Pistons,Detroit Pistons,Duncan Robinson,Puntos,8.5,Debajo,1.58,dom_alt,
Detroit Pistons - Cleveland Cavaliers,Winner Of E1 E8 Winner Of E4 E5,2026-05-25,2026-05-18 00:00,Cleveland Cavaliers,Detroit Pistons,Detroit Pistons,Duncan Robinson,Puntos,5.5,Sobre,1.42,dom_alt,
Detroit Pistons - Cleveland Cavaliers,Winner Of E1 E8 Winner Of E4 E5,2026-05-25,2026-05-18 00:00,Cleveland Cavaliers,Detroit Pistons,Detroit Pistons,Duncan Robinson,Puntos,5.5,Debajo,2.39,dom_alt,
Detroit Pistons - Cleveland Cavaliers,Winner Of E1 E8 Winner Of E4 E5,2026-05-25,2026-05-18 00:00,Cleveland Cavaliers,Detroit Pistons,Detroit Pistons,Duncan Robinson,Puntos,9.5,Sobre,2.36,dom_alt,
Detroit Pistons - Cleveland Cavaliers,Winner Of E1 E8 Winner Of E4 E5,2026-05-25,2026-05-18 00:00,Cleveland Cavaliers,Detroit Pistons,Detroit Pistons,Duncan Robinson,Puntos,9.5,Debajo,1.42,dom_alt,
Detroit Pistons - Cleveland Cavaliers,Winner Of E1 E8 Winner Of E4 E5,2026-05-25,2026-05-18 00:00,Cleveland Cavaliers,Detroit Pistons,Detroit Pistons,Duncan Robinson,Puntos,10.5,Sobre,2.62,dom_alt,
Detroit Pistons - Cleveland Cavaliers,Winner Of E1 E8 Winner Of E4 E5,2026-05-25,2026-05-18 00:00,Cleveland Cavaliers,Detroit Pistons,Detroit Pistons,Duncan Robinson,Puntos,10.5,Debajo,1.35,dom_alt,
Detroit Pistons - Cleveland Cavaliers,Winner Of E1 E8 Winner Of E4 E5,2026-05-25,2026-05-18 00:00,Cleveland Cavaliers,Detroit Pistons,Detroit Pistons,Duncan Robinson,Rebotes,1.5,Sobre,1.52,dom,
Detroit Pistons - Cleveland Cavaliers,Winner Of E1 E8 Winner Of E4 E5,2026-05-25,2026-05-18 00:00,Cleveland Cavaliers,Detroit Pistons,Detroit Pistons,Duncan Robinson,Rebotes,1.5,Debajo,2.32,dom,
Detroit Pistons - Cleveland Cavaliers,Winner Of E1 E8 Winner Of E4 E5,2026-05-25,2026-05-18 00:00,Cleveland Cavaliers,Detroit Pistons,Detroit Pistons,Duncan Robinson,Triples,1.5,Sobre,1.55,dom,
Detroit Pistons - Cleveland Cavaliers,Winner Of E1 E8 Winner Of E4 E5,2026-05-25,2026-05-18 00:00,Cleveland Cavaliers,Detroit Pistons,Detroit Pistons,Duncan Robinson,Triples,1.5,Debajo,2.24,dom,
Detroit Pistons - Cleveland Cavaliers,Winner Of E1 E8 Winner Of E4 E5,2026-05-25,2026-05-18 00:00,Cleveland Cavaliers,Detroit Pistons,Detroit Pistons,Duncan Robinson,Robos,0.5,Sobre,1.85,dom,
Detroit Pistons - Cleveland Cavaliers,Winner Of E1 E8 Winner Of E4 E5,2026-05-25,2026-05-18 00:00,Cleveland Cavaliers,Detroit Pistons,Detroit Pistons,Duncan Robinson,Robos,0.5,Debajo,1.82,dom,
Detroit Pistons - Cleveland Cavaliers,Winner Of E1 E8 Winner Of E4 E5,2026-05-25,2026-05-18 00:00,Cleveland Cavaliers,Detroit Pistons,Detroit Pistons,Duncan Robinson,Pérdidas,0.5,Sobre,2.11,dom,
Detroit Pistons - Cleveland Cavaliers,Winner Of E1 E8 Winner Of E4 E5,2026-05-25,2026-05-18 00:00,Cleveland Cavaliers,Detroit Pistons,Detroit Pistons,Duncan Robinson,Pérdidas,0.5,Debajo,1.62,dom,
Detroit Pistons - Cleveland Cavaliers,Winner Of E1 E8 Winner Of E4 E5,2026-05-25,2026-05-18 00:00,Cleveland Cavaliers,Detroit Pistons,Detroit Pistons,Duncan Robinson,Puntos+Rebotes,9.5,Sobre,1.82,dom,
Detroit Pistons - Cleveland Cavaliers,Winner Of E1 E8 Winner Of E4 E5,2026-05-25,2026-05-18 00:00,Cleveland Cavaliers,Detroit Pistons,Detroit Pistons,Duncan Robinson,Puntos+Rebotes,9.5,Debajo,1.85,dom,
Detroit Pistons - Cleveland Cavaliers,Winner Of E1 E8 Winner Of E4 E5,2026-05-25,2026-05-18 00:00,Cleveland Cavaliers,Detroit Pistons,Detroit Pistons,Duncan Robinson,Puntos+Rebotes,10.5,Sobre,1.99,dom_alt,
Detroit Pistons - Cleveland Cavaliers,Winner Of E1 E8 Winner Of E4 E5,2026-05-25,2026-05-18 00:00,Cleveland Cavaliers,Detroit Pistons,Detroit Pistons,Duncan Robinson,Puntos+Rebotes,10.5,Debajo,1.61,dom_alt,
Detroit Pistons - Cleveland Cavaliers,Winner Of E1 E8 Winner Of E4 E5,2026-05-25,2026-05-18 00:00,Cleveland Cavaliers,Detroit Pistons,Detroit Pistons,Duncan Robinson,Puntos+Asistencias,8.5,Sobre,1.75,dom,
Detroit Pistons - Cleveland Cavaliers,Winner Of E1 E8 Winner Of E4 E5,2026-05-25,2026-05-18 00:00,Cleveland Cavaliers,Detroit Pistons,Detroit Pistons,Duncan Robinson,Puntos+Asistencias,8.5,Debajo,1.93,dom,
Detroit Pistons - Cleveland Cavaliers,Winner Of E1 E8 Winner Of E4 E5,2026-05-25,2026-05-18 00:00,Cleveland Cavaliers,Detroit Pistons,Detroit Pistons,Duncan Robinson,Puntos+Asistencias,9.5,Sobre,1.92,dom_alt,
Detroit Pistons - Cleveland Cavaliers,Winner Of E1 E8 Winner Of E4 E5,2026-05-25,2026-05-18 00:00,Cleveland Cavaliers,Detroit Pistons,Detroit Pistons,Duncan Robinson,Puntos+Asistencias,9.5,Debajo,1.66,dom_alt,
Detroit Pistons - Cleveland Cavaliers,Winner Of E1 E8 Winner Of E4 E5,2026-05-25,2026-05-18 00:00,Cleveland Cavaliers,Detroit Pistons,Detroit Pistons,Duncan Robinson,Puntos+Asistencias,10.5,Sobre,2.12,dom_alt,
Detroit Pistons - Cleveland Cavaliers,Winner Of E1 E8 Winner Of E4 E5,2026-05-25,2026-05-18 00:00,Cleveland Cavaliers,Detroit Pistons,Detroit Pistons,Duncan Robinson,Puntos+Asistencias,10.5,Debajo,1.53,dom_alt,
Detroit Pistons - Cleveland Cavaliers,Winner Of E1 E8 Winner Of E4 E5,2026-05-25,2026-05-18 00:00,Cleveland Cavaliers,Detroit Pistons,Detroit Pistons,Duncan Robinson,PRA,11.5,Sobre,1.96,dom,
Detroit Pistons - Cleveland Cavaliers,Winner Of E1 E8 Winner Of E4 E5,2026-05-25,2026-05-18 00:00,Cleveland Cavaliers,Detroit Pistons,Detroit Pistons,Duncan Robinson,PRA,11.5,Debajo,1.73,dom,
Detroit Pistons - Cleveland Cavaliers,Winner Of E1 E8 Winner Of E4 E5,2026-05-25,2026-05-18 00:00,Cleveland Cavaliers,Detroit Pistons,Detroit Pistons,Duncan Robinson,PRA,12.5,Sobre,2.12,dom_alt,
Detroit Pistons - Cleveland Cavaliers,Winner Of E1 E8 Winner Of E4 E5,2026-05-25,2026-05-18 00:00,Cleveland Cavaliers,Detroit Pistons,Detroit Pistons,Duncan Robinson,PRA,12.5,Debajo,1.53,dom_alt,
Detroit Pistons - Cleveland Cavaliers,Winner Of E1 E8 Winner Of E4 E5,2026-05-25,2026-05-18 00:00,Cleveland Cavaliers,Detroit Pistons,Detroit Pistons,Duncan Robinson,PRA,9.5,Sobre,1.56,dom_alt,
Detroit Pistons - Cleveland Cavaliers,Winner Of E1 E8 Winner Of E4 E5,2026-05-25,2026-05-18 00:00,Cleveland Cavaliers,Detroit Pistons,Detroit Pistons,Duncan Robinson,PRA,9.5,Debajo,2.07,dom_alt,
Detroit Pistons - Cleveland Cavaliers,Winner Of E1 E8 Winner Of E4 E5,2026-05-25,2026-05-18 00:00,Cleveland Cavaliers,Detroit Pistons,Detroit Pistons,Duncan Robinson,PRA,13.5,Sobre,2.33,dom_alt,
Detroit Pistons - Cleveland Cavaliers,Winner Of E1 E8 Winner Of E4 E5,2026-05-25,2026-05-18 00:00,Cleveland Cavaliers,Detroit Pistons,Detroit Pistons,Duncan Robinson,PRA,13.5,Debajo,1.44,dom_alt,
Detroit Pistons - Cleveland Cavaliers,Winner Of E1 E8 Winner Of E4 E5,2026-05-25,2026-05-18 00:00,Cleveland Cavaliers,Detroit Pistons,Detroit Pistons,Duncan Robinson,PRA,8.5,Sobre,1.41,dom_alt,
Detroit Pistons - Cleveland Cavaliers,Winner Of E1 E8 Winner Of E4 E5,2026-05-25,2026-05-18 00:00,Cleveland Cavaliers,Detroit Pistons,Detroit Pistons,Duncan Robinson,PRA,8.5,Debajo,2.40,dom_alt,
Detroit Pistons - Cleveland Cavaliers,Winner Of E1 E8 Winner Of E4 E5,2026-05-25,2026-05-18 00:00,Cleveland Cavaliers,Detroit Pistons,Detroit Pistons,Duncan Robinson,PRA,14.5,Sobre,2.70,dom_alt,
Detroit Pistons - Cleveland Cavaliers,Winner Of E1 E8 Winner Of E4 E5,2026-05-25,2026-05-18 00:00,Cleveland Cavaliers,Detroit Pistons,Detroit Pistons,Duncan Robinson,PRA,14.5,Debajo,1.33,dom_alt,
Detroit Pistons - Cleveland Cavaliers,Winner Of E1 E8 Winner Of E4 E5,2026-05-25,2026-05-18 00:00,Cleveland Cavaliers,Detroit Pistons,Detroit Pistons,Duncan Robinson,Asistencias+Rebotes,3.5,Sobre,1.96,dom,
Detroit Pistons - Cleveland Cavaliers,Winner Of E1 E8 Winner Of E4 E5,2026-05-25,2026-05-18 00:00,Cleveland Cavaliers,Detroit Pistons,Detroit Pistons,Duncan Robinson,Asistencias+Rebotes,3.5,Debajo,1.73,dom,
Detroit Pistons - Cleveland Cavaliers,Winner Of E1 E8 Winner Of E4 E5,2026-05-25,2026-05-18 00:00,Cleveland Cavaliers,Detroit Pistons,Detroit Pistons,Duncan Robinson,Robos+Tapones,0.5,Sobre,1.59,dom,
Detroit Pistons - Cleveland Cavaliers,Winner Of E1 E8 Winner Of E4 E5,2026-05-25,2026-05-18 00:00,Cleveland Cavaliers,Detroit Pistons,Detroit Pistons,Duncan Robinson,Robos+Tapones,0.5,Debajo,2.16,dom,
Detroit Pistons - Cleveland Cavaliers,Winner Of E1 E8 Winner Of E4 E5,2026-05-25,2026-05-18 00:00,Cleveland Cavaliers,Detroit Pistons,Detroit Pistons,Duncan Robinson,Asistencias,1.5,Sobre,2.17,dom,
Detroit Pistons - Cleveland Cavaliers,Winner Of E1 E8 Winner Of E4 E5,2026-05-25,2026-05-18 00:00,Cleveland Cavaliers,Detroit Pistons,Detroit Pistons,Duncan Robinson,Asistencias,1.5,Debajo,1.59,dom,
Detroit Pistons - Cleveland Cavaliers,Winner Of E1 E8 Winner Of E4 E5,2026-05-25,2026-05-18 00:00,Cleveland Cavaliers,Detroit Pistons,Detroit Pistons,Duncan Robinson,PuntosPrimerCuarto,1.5,Sobre,1.84,dom,
Detroit Pistons - Cleveland Cavaliers,Winner Of E1 E8 Winner Of E4 E5,2026-05-25,2026-05-18 00:00,Cleveland Cavaliers,Detroit Pistons,Detroit Pistons,Duncan Robinson,PuntosPrimerCuarto,1.5,Debajo,1.83,dom,
Detroit Pistons - Cleveland Cavaliers,Winner Of E1 E8 Winner Of E4 E5,2026-05-25,2026-05-18 00:00,Cleveland Cavaliers,Detroit Pistons,Detroit Pistons,Duncan Robinson,PuntosPrimerCuarto,2.5,Sobre,2.08,dom_alt,
Detroit Pistons - Cleveland Cavaliers,Winner Of E1 E8 Winner Of E4 E5,2026-05-25,2026-05-18 00:00,Cleveland Cavaliers,Detroit Pistons,Detroit Pistons,Duncan Robinson,PuntosPrimerCuarto,2.5,Debajo,1.55,dom_alt,
Detroit Pistons - Cleveland Cavaliers,Winner Of E1 E8 Winner Of E4 E5,2026-05-25,2026-05-18 00:00,Cleveland Cavaliers,Detroit Pistons,Detroit Pistons,Duncan Robinson,RebotesPrimerCuarto,0.5,Sobre,2.28,dom,
Detroit Pistons - Cleveland Cavaliers,Winner Of E1 E8 Winner Of E4 E5,2026-05-25,2026-05-18 00:00,Cleveland Cavaliers,Detroit Pistons,Detroit Pistons,Duncan Robinson,RebotesPrimerCuarto,0.5,Debajo,1.54,dom,
Detroit Pistons - Cleveland Cavaliers,Winner Of E1 E8 Winner Of E4 E5,2026-05-25,2026-05-18 00:00,Cleveland Cavaliers,Detroit Pistons,Detroit Pistons,Duncan Robinson,GolesCampo,2.5,Sobre,1.89,dom,
Detroit Pistons - Cleveland Cavaliers,Winner Of E1 E8 Winner Of E4 E5,2026-05-25,2026-05-18 00:00,Cleveland Cavaliers,Detroit Pistons,Detroit Pistons,Duncan Robinson,GolesCampo,2.5,Debajo,1.78,dom,
Detroit Pistons - Cleveland Cavaliers,Winner Of E1 E8 Winner Of E4 E5,2026-05-25,2026-05-18 00:00,Cleveland Cavaliers,Detroit Pistons,Detroit Pistons,Duncan Robinson,GolesCampoInt,5.5,Sobre,1.64,dom,
Detroit Pistons - Cleveland Cavaliers,Winner Of E1 E8 Winner Of E4 E5,2026-05-25,2026-05-18 00:00,Cleveland Cavaliers,Detroit Pistons,Detroit Pistons,Duncan Robinson,GolesCampoInt,5.5,Debajo,2.09,dom,
Detroit Pistons - Cleveland Cavaliers,Winner Of E1 E8 Winner Of E4 E5,2026-05-25,2026-05-18 00:00,Cleveland Cavaliers,Detroit Pistons,Detroit Pistons,Duncan Robinson,TriplesInt,4.5,Sobre,1.65,dom,
Detroit Pistons - Cleveland Cavaliers,Winner Of E1 E8 Winner Of E4 E5,2026-05-25,2026-05-18 00:00,Cleveland Cavaliers,Detroit Pistons,Detroit Pistons,Duncan Robinson,TriplesInt,4.5,Debajo,2.06,dom,
Detroit Pistons - Cleveland Cavaliers,Winner Of E1 E8 Winner Of E4 E5,2026-05-25,2026-05-18 00:00,Cleveland Cavaliers,Detroit Pistons,Detroit Pistons,Ausar Thompson,Puntos,8.5,Sobre,1.86,dom,
Detroit Pistons - Cleveland Cavaliers,Winner Of E1 E8 Winner Of E4 E5,2026-05-25,2026-05-18 00:00,Cleveland Cavaliers,Detroit Pistons,Detroit Pistons,Ausar Thompson,Puntos,8.5,Debajo,1.81,dom,
Detroit Pistons - Cleveland Cavaliers,Winner Of E1 E8 Winner Of E4 E5,2026-05-25,2026-05-18 00:00,Cleveland Cavaliers,Detroit Pistons,Detroit Pistons,Ausar Thompson,Puntos,9.5,Sobre,2.02,dom_alt,
Detroit Pistons - Cleveland Cavaliers,Winner Of E1 E8 Winner Of E4 E5,2026-05-25,2026-05-18 00:00,Cleveland Cavaliers,Detroit Pistons,Detroit Pistons,Ausar Thompson,Puntos,9.5,Debajo,1.58,dom_alt,
Detroit Pistons - Cleveland Cavaliers,Winner Of E1 E8 Winner Of E4 E5,2026-05-25,2026-05-18 00:00,Cleveland Cavaliers,Detroit Pistons,Detroit Pistons,Ausar Thompson,Puntos,6.5,Sobre,1.42,dom_alt,
Detroit Pistons - Cleveland Cavaliers,Winner Of E1 E8 Winner Of E4 E5,2026-05-25,2026-05-18 00:00,Cleveland Cavaliers,Detroit Pistons,Detroit Pistons,Ausar Thompson,Puntos,6.5,Debajo,2.38,dom_alt,
Detroit Pistons - Cleveland Cavaliers,Winner Of E1 E8 Winner Of E4 E5,2026-05-25,2026-05-18 00:00,Cleveland Cavaliers,Detroit Pistons,Detroit Pistons,Ausar Thompson,Puntos,10.5,Sobre,2.39,dom_alt,
Detroit Pistons - Cleveland Cavaliers,Winner Of E1 E8 Winner Of E4 E5,2026-05-25,2026-05-18 00:00,Cleveland Cavaliers,Detroit Pistons,Detroit Pistons,Ausar Thompson,Puntos,10.5,Debajo,1.41,dom_alt,
Detroit Pistons - Cleveland Cavaliers,Winner Of E1 E8 Winner Of E4 E5,2026-05-25,2026-05-18 00:00,Cleveland Cavaliers,Detroit Pistons,Detroit Pistons,Ausar Thompson,Puntos,11.5,Sobre,2.79,dom_alt,
Detroit Pistons - Cleveland Cavaliers,Winner Of E1 E8 Winner Of E4 E5,2026-05-25,2026-05-18 00:00,Cleveland Cavaliers,Detroit Pistons,Detroit Pistons,Ausar Thompson,Puntos,11.5,Debajo,1.30,dom_alt,
Detroit Pistons - Cleveland Cavaliers,Winner Of E1 E8 Winner Of E4 E5,2026-05-25,2026-05-18 00:00,Cleveland Cavaliers,Detroit Pistons,Detroit Pistons,Ausar Thompson,Rebotes,6.5,Sobre,1.76,dom,
Detroit Pistons - Cleveland Cavaliers,Winner Of E1 E8 Winner Of E4 E5,2026-05-25,2026-05-18 00:00,Cleveland Cavaliers,Detroit Pistons,Detroit Pistons,Ausar Thompson,Rebotes,6.5,Debajo,1.92,dom,
Detroit Pistons - Cleveland Cavaliers,Winner Of E1 E8 Winner Of E4 E5,2026-05-25,2026-05-18 00:00,Cleveland Cavaliers,Detroit Pistons,Detroit Pistons,Ausar Thompson,Rebotes,7.5,Sobre,2.07,dom_alt,
Detroit Pistons - Cleveland Cavaliers,Winner Of E1 E8 Winner Of E4 E5,2026-05-25,2026-05-18 00:00,Cleveland Cavaliers,Detroit Pistons,Detroit Pistons,Ausar Thompson,Rebotes,7.5,Debajo,1.56,dom_alt,
Detroit Pistons - Cleveland Cavaliers,Winner Of E1 E8 Winner Of E4 E5,2026-05-25,2026-05-18 00:00,Cleveland Cavaliers,Detroit Pistons,Detroit Pistons,Ausar Thompson,Rebotes,8.5,Sobre,2.75,dom_alt,
Detroit Pistons - Cleveland Cavaliers,Winner Of E1 E8 Winner Of E4 E5,2026-05-25,2026-05-18 00:00,Cleveland Cavaliers,Detroit Pistons,Detroit Pistons,Ausar Thompson,Rebotes,8.5,Debajo,1.31,dom_alt,
Detroit Pistons - Cleveland Cavaliers,Winner Of E1 E8 Winner Of E4 E5,2026-05-25,2026-05-18 00:00,Cleveland Cavaliers,Detroit Pistons,Detroit Pistons,Ausar Thompson,Robos,1.5,Sobre,1.58,dom,
Detroit Pistons - Cleveland Cavaliers,Winner Of E1 E8 Winner Of E4 E5,2026-05-25,2026-05-18 00:00,Cleveland Cavaliers,Detroit Pistons,Detroit Pistons,Ausar Thompson,Robos,1.5,Debajo,2.20,dom,
Detroit Pistons - Cleveland Cavaliers,Winner Of E1 E8 Winner Of E4 E5,2026-05-25,2026-05-18 00:00,Cleveland Cavaliers,Detroit Pistons,Detroit Pistons,Ausar Thompson,Puntos+Rebotes,15.5,Sobre,1.84,dom,
Detroit Pistons - Cleveland Cavaliers,Winner Of E1 E8 Winner Of E4 E5,2026-05-25,2026-05-18 00:00,Cleveland Cavaliers,Detroit Pistons,Detroit Pistons,Ausar Thompson,Puntos+Rebotes,15.5,Debajo,1.83,dom,
Detroit Pistons - Cleveland Cavaliers,Winner Of E1 E8 Winner Of E4 E5,2026-05-25,2026-05-18 00:00,Cleveland Cavaliers,Detroit Pistons,Detroit Pistons,Ausar Thompson,Puntos+Rebotes,16.5,Sobre,1.97,dom_alt,
Detroit Pistons - Cleveland Cavaliers,Winner Of E1 E8 Winner Of E4 E5,2026-05-25,2026-05-18 00:00,Cleveland Cavaliers,Detroit Pistons,Detroit Pistons,Ausar Thompson,Puntos+Rebotes,16.5,Debajo,1.62,dom_alt,
Detroit Pistons - Cleveland Cavaliers,Winner Of E1 E8 Winner Of E4 E5,2026-05-25,2026-05-18 00:00,Cleveland Cavaliers,Detroit Pistons,Detroit Pistons,Ausar Thompson,Puntos+Rebotes,17.5,Sobre,2.17,dom_alt,
Detroit Pistons - Cleveland Cavaliers,Winner Of E1 E8 Winner Of E4 E5,2026-05-25,2026-05-18 00:00,Cleveland Cavaliers,Detroit Pistons,Detroit Pistons,Ausar Thompson,Puntos+Rebotes,17.5,Debajo,1.51,dom_alt,
Detroit Pistons - Cleveland Cavaliers,Winner Of E1 E8 Winner Of E4 E5,2026-05-25,2026-05-18 00:00,Cleveland Cavaliers,Detroit Pistons,Detroit Pistons,Ausar Thompson,Puntos+Asistencias,11.5,Sobre,1.84,dom,
Detroit Pistons - Cleveland Cavaliers,Winner Of E1 E8 Winner Of E4 E5,2026-05-25,2026-05-18 00:00,Cleveland Cavaliers,Detroit Pistons,Detroit Pistons,Ausar Thompson,Puntos+Asistencias,11.5,Debajo,1.83,dom,
Detroit Pistons - Cleveland Cavaliers,Winner Of E1 E8 Winner Of E4 E5,2026-05-25,2026-05-18 00:00,Cleveland Cavaliers,Detroit Pistons,Detroit Pistons,Ausar Thompson,Puntos+Asistencias,12.5,Sobre,2.05,dom_alt,
Detroit Pistons - Cleveland Cavaliers,Winner Of E1 E8 Winner Of E4 E5,2026-05-25,2026-05-18 00:00,Cleveland Cavaliers,Detroit Pistons,Detroit Pistons,Ausar Thompson,Puntos+Asistencias,12.5,Debajo,1.57,dom_alt,
Detroit Pistons - Cleveland Cavaliers,Winner Of E1 E8 Winner Of E4 E5,2026-05-25,2026-05-18 00:00,Cleveland Cavaliers,Detroit Pistons,Detroit Pistons,Ausar Thompson,PRA,18.5,Sobre,1.84,dom,
Detroit Pistons - Cleveland Cavaliers,Winner Of E1 E8 Winner Of E4 E5,2026-05-25,2026-05-18 00:00,Cleveland Cavaliers,Detroit Pistons,Detroit Pistons,Ausar Thompson,PRA,18.5,Debajo,1.83,dom,
Detroit Pistons - Cleveland Cavaliers,Winner Of E1 E8 Winner Of E4 E5,2026-05-25,2026-05-18 00:00,Cleveland Cavaliers,Detroit Pistons,Detroit Pistons,Ausar Thompson,PRA,19.5,Sobre,1.98,dom_alt,
Detroit Pistons - Cleveland Cavaliers,Winner Of E1 E8 Winner Of E4 E5,2026-05-25,2026-05-18 00:00,Cleveland Cavaliers,Detroit Pistons,Detroit Pistons,Ausar Thompson,PRA,19.5,Debajo,1.62,dom_alt,
Detroit Pistons - Cleveland Cavaliers,Winner Of E1 E8 Winner Of E4 E5,2026-05-25,2026-05-18 00:00,Cleveland Cavaliers,Detroit Pistons,Detroit Pistons,Ausar Thompson,PRA,16.5,Sobre,1.53,dom_alt,
Detroit Pistons - Cleveland Cavaliers,Winner Of E1 E8 Winner Of E4 E5,2026-05-25,2026-05-18 00:00,Cleveland Cavaliers,Detroit Pistons,Detroit Pistons,Ausar Thompson,PRA,16.5,Debajo,2.12,dom_alt,
Detroit Pistons - Cleveland Cavaliers,Winner Of E1 E8 Winner Of E4 E5,2026-05-25,2026-05-18 00:00,Cleveland Cavaliers,Detroit Pistons,Detroit Pistons,Ausar Thompson,PRA,20.5,Sobre,2.15,dom_alt,
Detroit Pistons - Cleveland Cavaliers,Winner Of E1 E8 Winner Of E4 E5,2026-05-25,2026-05-18 00:00,Cleveland Cavaliers,Detroit Pistons,Detroit Pistons,Ausar Thompson,PRA,20.5,Debajo,1.51,dom_alt,
Detroit Pistons - Cleveland Cavaliers,Winner Of E1 E8 Winner Of E4 E5,2026-05-25,2026-05-18 00:00,Cleveland Cavaliers,Detroit Pistons,Detroit Pistons,Ausar Thompson,PRA,15.5,Sobre,1.40,dom_alt,
Detroit Pistons - Cleveland Cavaliers,Winner Of E1 E8 Winner Of E4 E5,2026-05-25,2026-05-18 00:00,Cleveland Cavaliers,Detroit Pistons,Detroit Pistons,Ausar Thompson,PRA,15.5,Debajo,2.42,dom_alt,
Detroit Pistons - Cleveland Cavaliers,Winner Of E1 E8 Winner Of E4 E5,2026-05-25,2026-05-18 00:00,Cleveland Cavaliers,Detroit Pistons,Detroit Pistons,Ausar Thompson,PRA,21.5,Sobre,2.44,dom_alt,
Detroit Pistons - Cleveland Cavaliers,Winner Of E1 E8 Winner Of E4 E5,2026-05-25,2026-05-18 00:00,Cleveland Cavaliers,Detroit Pistons,Detroit Pistons,Ausar Thompson,PRA,21.5,Debajo,1.40,dom_alt,
Detroit Pistons - Cleveland Cavaliers,Winner Of E1 E8 Winner Of E4 E5,2026-05-25,2026-05-18 00:00,Cleveland Cavaliers,Detroit Pistons,Detroit Pistons,Ausar Thompson,PRA,14.5,Sobre,1.30,dom_alt,
Detroit Pistons - Cleveland Cavaliers,Winner Of E1 E8 Winner Of E4 E5,2026-05-25,2026-05-18 00:00,Cleveland Cavaliers,Detroit Pistons,Detroit Pistons,Ausar Thompson,PRA,14.5,Debajo,2.81,dom_alt,
Detroit Pistons - Cleveland Cavaliers,Winner Of E1 E8 Winner Of E4 E5,2026-05-25,2026-05-18 00:00,Cleveland Cavaliers,Detroit Pistons,Detroit Pistons,Ausar Thompson,Asistencias+Rebotes,9.5,Sobre,1.81,dom,
Detroit Pistons - Cleveland Cavaliers,Winner Of E1 E8 Winner Of E4 E5,2026-05-25,2026-05-18 00:00,Cleveland Cavaliers,Detroit Pistons,Detroit Pistons,Ausar Thompson,Asistencias+Rebotes,9.5,Debajo,1.86,dom,
Detroit Pistons - Cleveland Cavaliers,Winner Of E1 E8 Winner Of E4 E5,2026-05-25,2026-05-18 00:00,Cleveland Cavaliers,Detroit Pistons,Detroit Pistons,Ausar Thompson,Asistencias+Rebotes,10.5,Sobre,2.04,dom_alt,
Detroit Pistons - Cleveland Cavaliers,Winner Of E1 E8 Winner Of E4 E5,2026-05-25,2026-05-18 00:00,Cleveland Cavaliers,Detroit Pistons,Detroit Pistons,Ausar Thompson,Asistencias+Rebotes,10.5,Debajo,1.57,dom_alt,
Detroit Pistons - Cleveland Cavaliers,Winner Of E1 E8 Winner Of E4 E5,2026-05-25,2026-05-18 00:00,Cleveland Cavaliers,Detroit Pistons,Detroit Pistons,Ausar Thompson,Robos+Tapones,2.5,Sobre,1.54,dom,
Detroit Pistons - Cleveland Cavaliers,Winner Of E1 E8 Winner Of E4 E5,2026-05-25,2026-05-18 00:00,Cleveland Cavaliers,Detroit Pistons,Detroit Pistons,Ausar Thompson,Robos+Tapones,2.5,Debajo,2.27,dom,
Detroit Pistons - Cleveland Cavaliers,Winner Of E1 E8 Winner Of E4 E5,2026-05-25,2026-05-18 00:00,Cleveland Cavaliers,Detroit Pistons,Detroit Pistons,Ausar Thompson,DobleDoble,0.5,Sobre,6.64,dom,
Detroit Pistons - Cleveland Cavaliers,Winner Of E1 E8 Winner Of E4 E5,2026-05-25,2026-05-18 00:00,Cleveland Cavaliers,Detroit Pistons,Detroit Pistons,Ausar Thompson,DobleDoble,0.5,Debajo,1.06,dom,
Detroit Pistons - Cleveland Cavaliers,Winner Of E1 E8 Winner Of E4 E5,2026-05-25,2026-05-18 00:00,Cleveland Cavaliers,Detroit Pistons,Detroit Pistons,Ausar Thompson,Asistencias,2.5,Sobre,1.70,dom,
Detroit Pistons - Cleveland Cavaliers,Winner Of E1 E8 Winner Of E4 E5,2026-05-25,2026-05-18 00:00,Cleveland Cavaliers,Detroit Pistons,Detroit Pistons,Ausar Thompson,Asistencias,2.5,Debajo,1.99,dom,
Detroit Pistons - Cleveland Cavaliers,Winner Of E1 E8 Winner Of E4 E5,2026-05-25,2026-05-18 00:00,Cleveland Cavaliers,Detroit Pistons,Detroit Pistons,Ausar Thompson,AsistenciasPrimerCuarto,0.5,Sobre,1.67,dom,
Detroit Pistons - Cleveland Cavaliers,Winner Of E1 E8 Winner Of E4 E5,2026-05-25,2026-05-18 00:00,Cleveland Cavaliers,Detroit Pistons,Detroit Pistons,Ausar Thompson,AsistenciasPrimerCuarto,0.5,Debajo,2.04,dom,
Detroit Pistons - Cleveland Cavaliers,Winner Of E1 E8 Winner Of E4 E5,2026-05-25,2026-05-18 00:00,Cleveland Cavaliers,Detroit Pistons,Detroit Pistons,Ausar Thompson,RebotesPrimerCuarto,1.5,Sobre,1.69,dom,
Detroit Pistons - Cleveland Cavaliers,Winner Of E1 E8 Winner Of E4 E5,2026-05-25,2026-05-18 00:00,Cleveland Cavaliers,Detroit Pistons,Detroit Pistons,Ausar Thompson,RebotesPrimerCuarto,1.5,Debajo,2.01,dom,
Detroit Pistons - Cleveland Cavaliers,Winner Of E1 E8 Winner Of E4 E5,2026-05-25,2026-05-18 00:00,Cleveland Cavaliers,Detroit Pistons,Detroit Pistons,Ausar Thompson,Faltas,3.5,Sobre,2.03,dom,
Detroit Pistons - Cleveland Cavaliers,Winner Of E1 E8 Winner Of E4 E5,2026-05-25,2026-05-18 00:00,Cleveland Cavaliers,Detroit Pistons,Detroit Pistons,Ausar Thompson,Faltas,3.5,Debajo,1.67,dom,
Detroit Pistons - Cleveland Cavaliers,Winner Of E1 E8 Winner Of E4 E5,2026-05-25,2026-05-18 00:00,Cleveland Cavaliers,Detroit Pistons,Detroit Pistons,Ausar Thompson,GolesCampo,3.5,Sobre,1.77,dom,
Detroit Pistons - Cleveland Cavaliers,Winner Of E1 E8 Winner Of E4 E5,2026-05-25,2026-05-18 00:00,Cleveland Cavaliers,Detroit Pistons,Detroit Pistons,Ausar Thompson,GolesCampo,3.5,Debajo,1.90,dom,
Detroit Pistons - Cleveland Cavaliers,Winner Of E1 E8 Winner Of E4 E5,2026-05-25,2026-05-18 00:00,Cleveland Cavaliers,Detroit Pistons,Detroit Pistons,Ausar Thompson,GolesCampoInt,6.5,Sobre,1.78,dom,
Detroit Pistons - Cleveland Cavaliers,Winner Of E1 E8 Winner Of E4 E5,2026-05-25,2026-05-18 00:00,Cleveland Cavaliers,Detroit Pistons,Detroit Pistons,Ausar Thompson,GolesCampoInt,6.5,Debajo,1.90,dom,
Detroit Pistons - Cleveland Cavaliers,Winner Of E1 E8 Winner Of E4 E5,2026-05-25,2026-05-18 00:00,Cleveland Cavaliers,Detroit Pistons,Cleveland Cavaliers,Jarrett Allen,Puntos,11.5,Sobre,1.74,dom,
Detroit Pistons - Cleveland Cavaliers,Winner Of E1 E8 Winner Of E4 E5,2026-05-25,2026-05-18 00:00,Cleveland Cavaliers,Detroit Pistons,Cleveland Cavaliers,Jarrett Allen,Puntos,11.5,Debajo,1.93,dom,
Detroit Pistons - Cleveland Cavaliers,Winner Of E1 E8 Winner Of E4 E5,2026-05-25,2026-05-18 00:00,Cleveland Cavaliers,Detroit Pistons,Cleveland Cavaliers,Jarrett Allen,Puntos,12.5,Sobre,1.93,dom_alt,
Detroit Pistons - Cleveland Cavaliers,Winner Of E1 E8 Winner Of E4 E5,2026-05-25,2026-05-18 00:00,Cleveland Cavaliers,Detroit Pistons,Cleveland Cavaliers,Jarrett Allen,Puntos,12.5,Debajo,1.65,dom_alt,
Detroit Pistons - Cleveland Cavaliers,Winner Of E1 E8 Winner Of E4 E5,2026-05-25,2026-05-18 00:00,Cleveland Cavaliers,Detroit Pistons,Cleveland Cavaliers,Jarrett Allen,Puntos,9.5,Sobre,1.39,dom_alt,
Detroit Pistons - Cleveland Cavaliers,Winner Of E1 E8 Winner Of E4 E5,2026-05-25,2026-05-18 00:00,Cleveland Cavaliers,Detroit Pistons,Cleveland Cavaliers,Jarrett Allen,Puntos,9.5,Debajo,2.47,dom_alt,
Detroit Pistons - Cleveland Cavaliers,Winner Of E1 E8 Winner Of E4 E5,2026-05-25,2026-05-18 00:00,Cleveland Cavaliers,Detroit Pistons,Cleveland Cavaliers,Jarrett Allen,Puntos,13.5,Sobre,2.14,dom_alt,
Detroit Pistons - Cleveland Cavaliers,Winner Of E1 E8 Winner Of E4 E5,2026-05-25,2026-05-18 00:00,Cleveland Cavaliers,Detroit Pistons,Cleveland Cavaliers,Jarrett Allen,Puntos,13.5,Debajo,1.52,dom_alt,
Detroit Pistons - Cleveland Cavaliers,Winner Of E1 E8 Winner Of E4 E5,2026-05-25,2026-05-18 00:00,Cleveland Cavaliers,Detroit Pistons,Cleveland Cavaliers,Jarrett Allen,Puntos,8.5,Sobre,1.27,dom_alt,
Detroit Pistons - Cleveland Cavaliers,Winner Of E1 E8 Winner Of E4 E5,2026-05-25,2026-05-18 00:00,Cleveland Cavaliers,Detroit Pistons,Cleveland Cavaliers,Jarrett Allen,Puntos,8.5,Debajo,2.94,dom_alt,
Detroit Pistons - Cleveland Cavaliers,Winner Of E1 E8 Winner Of E4 E5,2026-05-25,2026-05-18 00:00,Cleveland Cavaliers,Detroit Pistons,Cleveland Cavaliers,Jarrett Allen,Puntos,14.5,Sobre,2.55,dom_alt,
Detroit Pistons - Cleveland Cavaliers,Winner Of E1 E8 Winner Of E4 E5,2026-05-25,2026-05-18 00:00,Cleveland Cavaliers,Detroit Pistons,Cleveland Cavaliers,Jarrett Allen,Puntos,14.5,Debajo,1.36,dom_alt,
Detroit Pistons - Cleveland Cavaliers,Winner Of E1 E8 Winner Of E4 E5,2026-05-25,2026-05-18 00:00,Cleveland Cavaliers,Detroit Pistons,Cleveland Cavaliers,Jarrett Allen,Rebotes,7.5,Sobre,1.83,dom,
Detroit Pistons - Cleveland Cavaliers,Winner Of E1 E8 Winner Of E4 E5,2026-05-25,2026-05-18 00:00,Cleveland Cavaliers,Detroit Pistons,Cleveland Cavaliers,Jarrett Allen,Rebotes,7.5,Debajo,1.84,dom,
Detroit Pistons - Cleveland Cavaliers,Winner Of E1 E8 Winner Of E4 E5,2026-05-25,2026-05-18 00:00,Cleveland Cavaliers,Detroit Pistons,Cleveland Cavaliers,Jarrett Allen,Rebotes,8.5,Sobre,2.17,dom_alt,
Detroit Pistons - Cleveland Cavaliers,Winner Of E1 E8 Winner Of E4 E5,2026-05-25,2026-05-18 00:00,Cleveland Cavaliers,Detroit Pistons,Cleveland Cavaliers,Jarrett Allen,Rebotes,8.5,Debajo,1.50,dom_alt,
Detroit Pistons - Cleveland Cavaliers,Winner Of E1 E8 Winner Of E4 E5,2026-05-25,2026-05-18 00:00,Cleveland Cavaliers,Detroit Pistons,Cleveland Cavaliers,Jarrett Allen,Tapones,1.5,Sobre,1.80,dom,
Detroit Pistons - Cleveland Cavaliers,Winner Of E1 E8 Winner Of E4 E5,2026-05-25,2026-05-18 00:00,Cleveland Cavaliers,Detroit Pistons,Cleveland Cavaliers,Jarrett Allen,Tapones,1.5,Debajo,1.87,dom,
Detroit Pistons - Cleveland Cavaliers,Winner Of E1 E8 Winner Of E4 E5,2026-05-25,2026-05-18 00:00,Cleveland Cavaliers,Detroit Pistons,Cleveland Cavaliers,Jarrett Allen,Puntos+Rebotes,19.5,Sobre,1.83,dom,
Detroit Pistons - Cleveland Cavaliers,Winner Of E1 E8 Winner Of E4 E5,2026-05-25,2026-05-18 00:00,Cleveland Cavaliers,Detroit Pistons,Cleveland Cavaliers,Jarrett Allen,Puntos+Rebotes,19.5,Debajo,1.84,dom,
Detroit Pistons - Cleveland Cavaliers,Winner Of E1 E8 Winner Of E4 E5,2026-05-25,2026-05-18 00:00,Cleveland Cavaliers,Detroit Pistons,Cleveland Cavaliers,Jarrett Allen,Puntos+Rebotes,20.5,Sobre,1.95,dom_alt,
Detroit Pistons - Cleveland Cavaliers,Winner Of E1 E8 Winner Of E4 E5,2026-05-25,2026-05-18 00:00,Cleveland Cavaliers,Detroit Pistons,Cleveland Cavaliers,Jarrett Allen,Puntos+Rebotes,20.5,Debajo,1.63,dom_alt,
Detroit Pistons - Cleveland Cavaliers,Winner Of E1 E8 Winner Of E4 E5,2026-05-25,2026-05-18 00:00,Cleveland Cavaliers,Detroit Pistons,Cleveland Cavaliers,Jarrett Allen,Puntos+Rebotes,17.5,Sobre,1.52,dom_alt,
Detroit Pistons - Cleveland Cavaliers,Winner Of E1 E8 Winner Of E4 E5,2026-05-25,2026-05-18 00:00,Cleveland Cavaliers,Detroit Pistons,Cleveland Cavaliers,Jarrett Allen,Puntos+Rebotes,17.5,Debajo,2.14,dom_alt,
Detroit Pistons - Cleveland Cavaliers,Winner Of E1 E8 Winner Of E4 E5,2026-05-25,2026-05-18 00:00,Cleveland Cavaliers,Detroit Pistons,Cleveland Cavaliers,Jarrett Allen,Puntos+Rebotes,21.5,Sobre,2.11,dom_alt,
Detroit Pistons - Cleveland Cavaliers,Winner Of E1 E8 Winner Of E4 E5,2026-05-25,2026-05-18 00:00,Cleveland Cavaliers,Detroit Pistons,Cleveland Cavaliers,Jarrett Allen,Puntos+Rebotes,21.5,Debajo,1.54,dom_alt,
Detroit Pistons - Cleveland Cavaliers,Winner Of E1 E8 Winner Of E4 E5,2026-05-25,2026-05-18 00:00,Cleveland Cavaliers,Detroit Pistons,Cleveland Cavaliers,Jarrett Allen,Puntos+Asistencias,12.5,Sobre,1.72,dom,
Detroit Pistons - Cleveland Cavaliers,Winner Of E1 E8 Winner Of E4 E5,2026-05-25,2026-05-18 00:00,Cleveland Cavaliers,Detroit Pistons,Cleveland Cavaliers,Jarrett Allen,Puntos+Asistencias,12.5,Debajo,1.97,dom,
Detroit Pistons - Cleveland Cavaliers,Winner Of E1 E8 Winner Of E4 E5,2026-05-25,2026-05-18 00:00,Cleveland Cavaliers,Detroit Pistons,Cleveland Cavaliers,Jarrett Allen,Puntos+Asistencias,13.5,Sobre,1.90,dom_alt,
Detroit Pistons - Cleveland Cavaliers,Winner Of E1 E8 Winner Of E4 E5,2026-05-25,2026-05-18 00:00,Cleveland Cavaliers,Detroit Pistons,Cleveland Cavaliers,Jarrett Allen,Puntos+Asistencias,13.5,Debajo,1.67,dom_alt,
Detroit Pistons - Cleveland Cavaliers,Winner Of E1 E8 Winner Of E4 E5,2026-05-25,2026-05-18 00:00,Cleveland Cavaliers,Detroit Pistons,Cleveland Cavaliers,Jarrett Allen,Puntos+Asistencias,14.5,Sobre,2.11,dom_alt,
Detroit Pistons - Cleveland Cavaliers,Winner Of E1 E8 Winner Of E4 E5,2026-05-25,2026-05-18 00:00,Cleveland Cavaliers,Detroit Pistons,Cleveland Cavaliers,Jarrett Allen,Puntos+Asistencias,14.5,Debajo,1.54,dom_alt,
Detroit Pistons - Cleveland Cavaliers,Winner Of E1 E8 Winner Of E4 E5,2026-05-25,2026-05-18 00:00,Cleveland Cavaliers,Detroit Pistons,Cleveland Cavaliers,Jarrett Allen,PRA,20.5,Sobre,1.80,dom,
Detroit Pistons - Cleveland Cavaliers,Winner Of E1 E8 Winner Of E4 E5,2026-05-25,2026-05-18 00:00,Cleveland Cavaliers,Detroit Pistons,Cleveland Cavaliers,Jarrett Allen,PRA,20.5,Debajo,1.87,dom,
Detroit Pistons - Cleveland Cavaliers,Winner Of E1 E8 Winner Of E4 E5,2026-05-25,2026-05-18 00:00,Cleveland Cavaliers,Detroit Pistons,Cleveland Cavaliers,Jarrett Allen,PRA,21.5,Sobre,1.93,dom_alt,
Detroit Pistons - Cleveland Cavaliers,Winner Of E1 E8 Winner Of E4 E5,2026-05-25,2026-05-18 00:00,Cleveland Cavaliers,Detroit Pistons,Cleveland Cavaliers,Jarrett Allen,PRA,21.5,Debajo,1.65,dom_alt,
Detroit Pistons - Cleveland Cavaliers,Winner Of E1 E8 Winner Of E4 E5,2026-05-25,2026-05-18 00:00,Cleveland Cavaliers,Detroit Pistons,Cleveland Cavaliers,Jarrett Allen,PRA,18.5,Sobre,1.51,dom_alt,
Detroit Pistons - Cleveland Cavaliers,Winner Of E1 E8 Winner Of E4 E5,2026-05-25,2026-05-18 00:00,Cleveland Cavaliers,Detroit Pistons,Cleveland Cavaliers,Jarrett Allen,PRA,18.5,Debajo,2.17,dom_alt,
Detroit Pistons - Cleveland Cavaliers,Winner Of E1 E8 Winner Of E4 E5,2026-05-25,2026-05-18 00:00,Cleveland Cavaliers,Detroit Pistons,Cleveland Cavaliers,Jarrett Allen,PRA,22.5,Sobre,2.08,dom_alt,
Detroit Pistons - Cleveland Cavaliers,Winner Of E1 E8 Winner Of E4 E5,2026-05-25,2026-05-18 00:00,Cleveland Cavaliers,Detroit Pistons,Cleveland Cavaliers,Jarrett Allen,PRA,22.5,Debajo,1.55,dom_alt,
Detroit Pistons - Cleveland Cavaliers,Winner Of E1 E8 Winner Of E4 E5,2026-05-25,2026-05-18 00:00,Cleveland Cavaliers,Detroit Pistons,Cleveland Cavaliers,Jarrett Allen,PRA,17.5,Sobre,1.39,dom_alt,
Detroit Pistons - Cleveland Cavaliers,Winner Of E1 E8 Winner Of E4 E5,2026-05-25,2026-05-18 00:00,Cleveland Cavaliers,Detroit Pistons,Cleveland Cavaliers,Jarrett Allen,PRA,17.5,Debajo,2.48,dom_alt,
Detroit Pistons - Cleveland Cavaliers,Winner Of E1 E8 Winner Of E4 E5,2026-05-25,2026-05-18 00:00,Cleveland Cavaliers,Detroit Pistons,Cleveland Cavaliers,Jarrett Allen,PRA,23.5,Sobre,2.35,dom_alt,
Detroit Pistons - Cleveland Cavaliers,Winner Of E1 E8 Winner Of E4 E5,2026-05-25,2026-05-18 00:00,Cleveland Cavaliers,Detroit Pistons,Cleveland Cavaliers,Jarrett Allen,PRA,23.5,Debajo,1.43,dom_alt,
Detroit Pistons - Cleveland Cavaliers,Winner Of E1 E8 Winner Of E4 E5,2026-05-25,2026-05-18 00:00,Cleveland Cavaliers,Detroit Pistons,Cleveland Cavaliers,Jarrett Allen,PRA,24.5,Sobre,2.68,dom_alt,
Detroit Pistons - Cleveland Cavaliers,Winner Of E1 E8 Winner Of E4 E5,2026-05-25,2026-05-18 00:00,Cleveland Cavaliers,Detroit Pistons,Cleveland Cavaliers,Jarrett Allen,PRA,24.5,Debajo,1.33,dom_alt,
Detroit Pistons - Cleveland Cavaliers,Winner Of E1 E8 Winner Of E4 E5,2026-05-25,2026-05-18 00:00,Cleveland Cavaliers,Detroit Pistons,Cleveland Cavaliers,Jarrett Allen,Asistencias+Rebotes,8.5,Sobre,1.78,dom,
Detroit Pistons - Cleveland Cavaliers,Winner Of E1 E8 Winner Of E4 E5,2026-05-25,2026-05-18 00:00,Cleveland Cavaliers,Detroit Pistons,Cleveland Cavaliers,Jarrett Allen,Asistencias+Rebotes,8.5,Debajo,1.89,dom,
Detroit Pistons - Cleveland Cavaliers,Winner Of E1 E8 Winner Of E4 E5,2026-05-25,2026-05-18 00:00,Cleveland Cavaliers,Detroit Pistons,Cleveland Cavaliers,Jarrett Allen,Robos+Tapones,2.5,Sobre,1.68,dom,
Detroit Pistons - Cleveland Cavaliers,Winner Of E1 E8 Winner Of E4 E5,2026-05-25,2026-05-18 00:00,Cleveland Cavaliers,Detroit Pistons,Cleveland Cavaliers,Jarrett Allen,Robos+Tapones,2.5,Debajo,2.03,dom,
Detroit Pistons - Cleveland Cavaliers,Winner Of E1 E8 Winner Of E4 E5,2026-05-25,2026-05-18 00:00,Cleveland Cavaliers,Detroit Pistons,Cleveland Cavaliers,Jarrett Allen,DobleDoble,0.5,Sobre,4.02,dom,
Detroit Pistons - Cleveland Cavaliers,Winner Of E1 E8 Winner Of E4 E5,2026-05-25,2026-05-18 00:00,Cleveland Cavaliers,Detroit Pistons,Cleveland Cavaliers,Jarrett Allen,DobleDoble,0.5,Debajo,1.19,dom,
Detroit Pistons - Cleveland Cavaliers,Winner Of E1 E8 Winner Of E4 E5,2026-05-25,2026-05-18 00:00,Cleveland Cavaliers,Detroit Pistons,Cleveland Cavaliers,Jarrett Allen,Asistencias,0.5,Sobre,1.39,dom,
Detroit Pistons - Cleveland Cavaliers,Winner Of E1 E8 Winner Of E4 E5,2026-05-25,2026-05-18 00:00,Cleveland Cavaliers,Detroit Pistons,Cleveland Cavaliers,Jarrett Allen,Asistencias,0.5,Debajo,2.69,dom,
Detroit Pistons - Cleveland Cavaliers,Winner Of E1 E8 Winner Of E4 E5,2026-05-25,2026-05-18 00:00,Cleveland Cavaliers,Detroit Pistons,Cleveland Cavaliers,Jarrett Allen,PuntosPrimerCuarto,2.5,Sobre,1.81,dom,
Detroit Pistons - Cleveland Cavaliers,Winner Of E1 E8 Winner Of E4 E5,2026-05-25,2026-05-18 00:00,Cleveland Cavaliers,Detroit Pistons,Cleveland Cavaliers,Jarrett Allen,PuntosPrimerCuarto,2.5,Debajo,1.86,dom,
Detroit Pistons - Cleveland Cavaliers,Winner Of E1 E8 Winner Of E4 E5,2026-05-25,2026-05-18 00:00,Cleveland Cavaliers,Detroit Pistons,Cleveland Cavaliers,Jarrett Allen,RebotesPrimerCuarto,1.5,Sobre,1.65,dom,
Detroit Pistons - Cleveland Cavaliers,Winner Of E1 E8 Winner Of E4 E5,2026-05-25,2026-05-18 00:00,Cleveland Cavaliers,Detroit Pistons,Cleveland Cavaliers,Jarrett Allen,RebotesPrimerCuarto,1.5,Debajo,2.06,dom,
Detroit Pistons - Cleveland Cavaliers,Winner Of E1 E8 Winner Of E4 E5,2026-05-25,2026-05-18 00:00,Cleveland Cavaliers,Detroit Pistons,Cleveland Cavaliers,Jarrett Allen,TirosLibres,2.5,Sobre,1.70,dom,
Detroit Pistons - Cleveland Cavaliers,Winner Of E1 E8 Winner Of E4 E5,2026-05-25,2026-05-18 00:00,Cleveland Cavaliers,Detroit Pistons,Cleveland Cavaliers,Jarrett Allen,TirosLibres,2.5,Debajo,2.00,dom,
Detroit Pistons - Cleveland Cavaliers,Winner Of E1 E8 Winner Of E4 E5,2026-05-25,2026-05-18 00:00,Cleveland Cavaliers,Detroit Pistons,Cleveland Cavaliers,Jarrett Allen,TirosLibresInt,4.5,Sobre,1.95,dom,
Detroit Pistons - Cleveland Cavaliers,Winner Of E1 E8 Winner Of E4 E5,2026-05-25,2026-05-18 00:00,Cleveland Cavaliers,Detroit Pistons,Cleveland Cavaliers,Jarrett Allen,TirosLibresInt,4.5,Debajo,1.73,dom,
Detroit Pistons - Cleveland Cavaliers,Winner Of E1 E8 Winner Of E4 E5,2026-05-25,2026-05-18 00:00,Cleveland Cavaliers,Detroit Pistons,Cleveland Cavaliers,Jarrett Allen,GolesCampo,4.5,Sobre,1.93,dom,
Detroit Pistons - Cleveland Cavaliers,Winner Of E1 E8 Winner Of E4 E5,2026-05-25,2026-05-18 00:00,Cleveland Cavaliers,Detroit Pistons,Cleveland Cavaliers,Jarrett Allen,GolesCampo,4.5,Debajo,1.75,dom,
Detroit Pistons - Cleveland Cavaliers,Winner Of E1 E8 Winner Of E4 E5,2026-05-25,2026-05-18 00:00,Cleveland Cavaliers,Detroit Pistons,Cleveland Cavaliers,Jarrett Allen,GolesCampoInt,7.5,Sobre,1.77,dom,
Detroit Pistons - Cleveland Cavaliers,Winner Of E1 E8 Winner Of E4 E5,2026-05-25,2026-05-18 00:00,Cleveland Cavaliers,Detroit Pistons,Cleveland Cavaliers,Jarrett Allen,GolesCampoInt,7.5,Debajo,1.90,dom,
Detroit Pistons - Cleveland Cavaliers,Winner Of E1 E8 Winner Of E4 E5,2026-05-25,2026-05-18 00:00,Cleveland Cavaliers,Detroit Pistons,Cleveland Cavaliers,James Harden,Puntos,18.5,Sobre,1.78,dom,
Detroit Pistons - Cleveland Cavaliers,Winner Of E1 E8 Winner Of E4 E5,2026-05-25,2026-05-18 00:00,Cleveland Cavaliers,Detroit Pistons,Cleveland Cavaliers,James Harden,Puntos,18.5,Debajo,1.89,dom,
Detroit Pistons - Cleveland Cavaliers,Winner Of E1 E8 Winner Of E4 E5,2026-05-25,2026-05-18 00:00,Cleveland Cavaliers,Detroit Pistons,Cleveland Cavaliers,James Harden,Puntos,19.5,Sobre,1.91,dom_alt,
Detroit Pistons - Cleveland Cavaliers,Winner Of E1 E8 Winner Of E4 E5,2026-05-25,2026-05-18 00:00,Cleveland Cavaliers,Detroit Pistons,Cleveland Cavaliers,James Harden,Puntos,19.5,Debajo,1.67,dom_alt,
Detroit Pistons - Cleveland Cavaliers,Winner Of E1 E8 Winner Of E4 E5,2026-05-25,2026-05-18 00:00,Cleveland Cavaliers,Detroit Pistons,Cleveland Cavaliers,James Harden,Puntos,16.5,Sobre,1.50,dom_alt,
Detroit Pistons - Cleveland Cavaliers,Winner Of E1 E8 Winner Of E4 E5,2026-05-25,2026-05-18 00:00,Cleveland Cavaliers,Detroit Pistons,Cleveland Cavaliers,James Harden,Puntos,16.5,Debajo,2.17,dom_alt,
Detroit Pistons - Cleveland Cavaliers,Winner Of E1 E8 Winner Of E4 E5,2026-05-25,2026-05-18 00:00,Cleveland Cavaliers,Detroit Pistons,Cleveland Cavaliers,James Harden,Puntos,20.5,Sobre,2.10,dom_alt,
Detroit Pistons - Cleveland Cavaliers,Winner Of E1 E8 Winner Of E4 E5,2026-05-25,2026-05-18 00:00,Cleveland Cavaliers,Detroit Pistons,Cleveland Cavaliers,James Harden,Puntos,20.5,Debajo,1.54,dom_alt,
Detroit Pistons - Cleveland Cavaliers,Winner Of E1 E8 Winner Of E4 E5,2026-05-25,2026-05-18 00:00,Cleveland Cavaliers,Detroit Pistons,Cleveland Cavaliers,James Harden,Puntos,15.5,Sobre,1.39,dom_alt,
Detroit Pistons - Cleveland Cavaliers,Winner Of E1 E8 Winner Of E4 E5,2026-05-25,2026-05-18 00:00,Cleveland Cavaliers,Detroit Pistons,Cleveland Cavaliers,James Harden,Puntos,15.5,Debajo,2.46,dom_alt,
Detroit Pistons - Cleveland Cavaliers,Winner Of E1 E8 Winner Of E4 E5,2026-05-25,2026-05-18 00:00,Cleveland Cavaliers,Detroit Pistons,Cleveland Cavaliers,James Harden,Puntos,21.5,Sobre,2.26,dom_alt,
Detroit Pistons - Cleveland Cavaliers,Winner Of E1 E8 Winner Of E4 E5,2026-05-25,2026-05-18 00:00,Cleveland Cavaliers,Detroit Pistons,Cleveland Cavaliers,James Harden,Puntos,21.5,Debajo,1.46,dom_alt,
Detroit Pistons - Cleveland Cavaliers,Winner Of E1 E8 Winner Of E4 E5,2026-05-25,2026-05-18 00:00,Cleveland Cavaliers,Detroit Pistons,Cleveland Cavaliers,James Harden,Puntos,14.5,Sobre,1.30,dom_alt,
Detroit Pistons - Cleveland Cavaliers,Winner Of E1 E8 Winner Of E4 E5,2026-05-25,2026-05-18 00:00,Cleveland Cavaliers,Detroit Pistons,Cleveland Cavaliers,James Harden,Puntos,14.5,Debajo,2.81,dom_alt,
Detroit Pistons - Cleveland Cavaliers,Winner Of E1 E8 Winner Of E4 E5,2026-05-25,2026-05-18 00:00,Cleveland Cavaliers,Detroit Pistons,Cleveland Cavaliers,James Harden,Puntos,22.5,Sobre,2.57,dom_alt,
Detroit Pistons - Cleveland Cavaliers,Winner Of E1 E8 Winner Of E4 E5,2026-05-25,2026-05-18 00:00,Cleveland Cavaliers,Detroit Pistons,Cleveland Cavaliers,James Harden,Puntos,22.5,Debajo,1.36,dom_alt,
Detroit Pistons - Cleveland Cavaliers,Winner Of E1 E8 Winner Of E4 E5,2026-05-25,2026-05-18 00:00,Cleveland Cavaliers,Detroit Pistons,Cleveland Cavaliers,James Harden,Puntos,23.5,Sobre,2.91,dom_alt,
Detroit Pistons - Cleveland Cavaliers,Winner Of E1 E8 Winner Of E4 E5,2026-05-25,2026-05-18 00:00,Cleveland Cavaliers,Detroit Pistons,Cleveland Cavaliers,James Harden,Puntos,23.5,Debajo,1.28,dom_alt,
Detroit Pistons - Cleveland Cavaliers,Winner Of E1 E8 Winner Of E4 E5,2026-05-25,2026-05-18 00:00,Cleveland Cavaliers,Detroit Pistons,Cleveland Cavaliers,James Harden,Rebotes,4.5,Sobre,1.87,dom,
Detroit Pistons - Cleveland Cavaliers,Winner Of E1 E8 Winner Of E4 E5,2026-05-25,2026-05-18 00:00,Cleveland Cavaliers,Detroit Pistons,Cleveland Cavaliers,James Harden,Rebotes,4.5,Debajo,1.81,dom,
Detroit Pistons - Cleveland Cavaliers,Winner Of E1 E8 Winner Of E4 E5,2026-05-25,2026-05-18 00:00,Cleveland Cavaliers,Detroit Pistons,Cleveland Cavaliers,James Harden,Rebotes,5.5,Sobre,2.44,dom_alt,
Detroit Pistons - Cleveland Cavaliers,Winner Of E1 E8 Winner Of E4 E5,2026-05-25,2026-05-18 00:00,Cleveland Cavaliers,Detroit Pistons,Cleveland Cavaliers,James Harden,Rebotes,5.5,Debajo,1.40,dom_alt,
Detroit Pistons - Cleveland Cavaliers,Winner Of E1 E8 Winner Of E4 E5,2026-05-25,2026-05-18 00:00,Cleveland Cavaliers,Detroit Pistons,Cleveland Cavaliers,James Harden,Triples,2.5,Sobre,1.75,dom,
Detroit Pistons - Cleveland Cavaliers,Winner Of E1 E8 Winner Of E4 E5,2026-05-25,2026-05-18 00:00,Cleveland Cavaliers,Detroit Pistons,Cleveland Cavaliers,James Harden,Triples,2.5,Debajo,1.93,dom,
Detroit Pistons - Cleveland Cavaliers,Winner Of E1 E8 Winner Of E4 E5,2026-05-25,2026-05-18 00:00,Cleveland Cavaliers,Detroit Pistons,Cleveland Cavaliers,James Harden,Robos,1.5,Sobre,2.11,dom,
Detroit Pistons - Cleveland Cavaliers,Winner Of E1 E8 Winner Of E4 E5,2026-05-25,2026-05-18 00:00,Cleveland Cavaliers,Detroit Pistons,Cleveland Cavaliers,James Harden,Robos,1.5,Debajo,1.63,dom,
Detroit Pistons - Cleveland Cavaliers,Winner Of E1 E8 Winner Of E4 E5,2026-05-25,2026-05-18 00:00,Cleveland Cavaliers,Detroit Pistons,Cleveland Cavaliers,James Harden,Tapones,0.5,Sobre,1.78,dom,
Detroit Pistons - Cleveland Cavaliers,Winner Of E1 E8 Winner Of E4 E5,2026-05-25,2026-05-18 00:00,Cleveland Cavaliers,Detroit Pistons,Cleveland Cavaliers,James Harden,Tapones,0.5,Debajo,1.89,dom,
Detroit Pistons - Cleveland Cavaliers,Winner Of E1 E8 Winner Of E4 E5,2026-05-25,2026-05-18 00:00,Cleveland Cavaliers,Detroit Pistons,Cleveland Cavaliers,James Harden,Pérdidas,4.5,Sobre,2.11,dom,
Detroit Pistons - Cleveland Cavaliers,Winner Of E1 E8 Winner Of E4 E5,2026-05-25,2026-05-18 00:00,Cleveland Cavaliers,Detroit Pistons,Cleveland Cavaliers,James Harden,Pérdidas,4.5,Debajo,1.62,dom,
Detroit Pistons - Cleveland Cavaliers,Winner Of E1 E8 Winner Of E4 E5,2026-05-25,2026-05-18 00:00,Cleveland Cavaliers,Detroit Pistons,Cleveland Cavaliers,James Harden,Puntos+Rebotes,23.5,Sobre,1.84,dom,
Detroit Pistons - Cleveland Cavaliers,Winner Of E1 E8 Winner Of E4 E5,2026-05-25,2026-05-18 00:00,Cleveland Cavaliers,Detroit Pistons,Cleveland Cavaliers,James Harden,Puntos+Rebotes,23.5,Debajo,1.83,dom,
Detroit Pistons - Cleveland Cavaliers,Winner Of E1 E8 Winner Of E4 E5,2026-05-25,2026-05-18 00:00,Cleveland Cavaliers,Detroit Pistons,Cleveland Cavaliers,James Harden,Puntos+Rebotes,24.5,Sobre,1.95,dom_alt,
Detroit Pistons - Cleveland Cavaliers,Winner Of E1 E8 Winner Of E4 E5,2026-05-25,2026-05-18 00:00,Cleveland Cavaliers,Detroit Pistons,Cleveland Cavaliers,James Harden,Puntos+Rebotes,24.5,Debajo,1.63,dom_alt,
Detroit Pistons - Cleveland Cavaliers,Winner Of E1 E8 Winner Of E4 E5,2026-05-25,2026-05-18 00:00,Cleveland Cavaliers,Detroit Pistons,Cleveland Cavaliers,James Harden,Puntos+Rebotes,21.5,Sobre,1.53,dom_alt,
Detroit Pistons - Cleveland Cavaliers,Winner Of E1 E8 Winner Of E4 E5,2026-05-25,2026-05-18 00:00,Cleveland Cavaliers,Detroit Pistons,Cleveland Cavaliers,James Harden,Puntos+Rebotes,21.5,Debajo,2.12,dom_alt,
Detroit Pistons - Cleveland Cavaliers,Winner Of E1 E8 Winner Of E4 E5,2026-05-25,2026-05-18 00:00,Cleveland Cavaliers,Detroit Pistons,Cleveland Cavaliers,James Harden,Puntos+Rebotes,25.5,Sobre,2.07,dom_alt,
Detroit Pistons - Cleveland Cavaliers,Winner Of E1 E8 Winner Of E4 E5,2026-05-25,2026-05-18 00:00,Cleveland Cavaliers,Detroit Pistons,Cleveland Cavaliers,James Harden,Puntos+Rebotes,25.5,Debajo,1.56,dom_alt,
Detroit Pistons - Cleveland Cavaliers,Winner Of E1 E8 Winner Of E4 E5,2026-05-25,2026-05-18 00:00,Cleveland Cavaliers,Detroit Pistons,Cleveland Cavaliers,James Harden,Puntos+Asistencias,25.5,Sobre,1.86,dom,
Detroit Pistons - Cleveland Cavaliers,Winner Of E1 E8 Winner Of E4 E5,2026-05-25,2026-05-18 00:00,Cleveland Cavaliers,Detroit Pistons,Cleveland Cavaliers,James Harden,Puntos+Asistencias,25.5,Debajo,1.81,dom,
Detroit Pistons - Cleveland Cavaliers,Winner Of E1 E8 Winner Of E4 E5,2026-05-25,2026-05-18 00:00,Cleveland Cavaliers,Detroit Pistons,Cleveland Cavaliers,James Harden,Puntos+Asistencias,26.5,Sobre,1.96,dom_alt,
Detroit Pistons - Cleveland Cavaliers,Winner Of E1 E8 Winner Of E4 E5,2026-05-25,2026-05-18 00:00,Cleveland Cavaliers,Detroit Pistons,Cleveland Cavaliers,James Harden,Puntos+Asistencias,26.5,Debajo,1.63,dom_alt,
Detroit Pistons - Cleveland Cavaliers,Winner Of E1 E8 Winner Of E4 E5,2026-05-25,2026-05-18 00:00,Cleveland Cavaliers,Detroit Pistons,Cleveland Cavaliers,James Harden,Puntos+Asistencias,23.5,Sobre,1.57,dom_alt,
Detroit Pistons - Cleveland Cavaliers,Winner Of E1 E8 Winner Of E4 E5,2026-05-25,2026-05-18 00:00,Cleveland Cavaliers,Detroit Pistons,Cleveland Cavaliers,James Harden,Puntos+Asistencias,23.5,Debajo,2.05,dom_alt,
Detroit Pistons - Cleveland Cavaliers,Winner Of E1 E8 Winner Of E4 E5,2026-05-25,2026-05-18 00:00,Cleveland Cavaliers,Detroit Pistons,Cleveland Cavaliers,James Harden,Puntos+Asistencias,27.5,Sobre,2.09,dom_alt,
Detroit Pistons - Cleveland Cavaliers,Winner Of E1 E8 Winner Of E4 E5,2026-05-25,2026-05-18 00:00,Cleveland Cavaliers,Detroit Pistons,Cleveland Cavaliers,James Harden,Puntos+Asistencias,27.5,Debajo,1.54,dom_alt,
Detroit Pistons - Cleveland Cavaliers,Winner Of E1 E8 Winner Of E4 E5,2026-05-25,2026-05-18 00:00,Cleveland Cavaliers,Detroit Pistons,Cleveland Cavaliers,James Harden,PRA,29.5,Sobre,1.76,dom,
Detroit Pistons - Cleveland Cavaliers,Winner Of E1 E8 Winner Of E4 E5,2026-05-25,2026-05-18 00:00,Cleveland Cavaliers,Detroit Pistons,Cleveland Cavaliers,James Harden,PRA,29.5,Debajo,1.92,dom,
Detroit Pistons - Cleveland Cavaliers,Winner Of E1 E8 Winner Of E4 E5,2026-05-25,2026-05-18 00:00,Cleveland Cavaliers,Detroit Pistons,Cleveland Cavaliers,James Harden,PRA,30.5,Sobre,1.86,dom_alt,
Detroit Pistons - Cleveland Cavaliers,Winner Of E1 E8 Winner Of E4 E5,2026-05-25,2026-05-18 00:00,Cleveland Cavaliers,Detroit Pistons,Cleveland Cavaliers,James Harden,PRA,30.5,Debajo,1.71,dom_alt,
Detroit Pistons - Cleveland Cavaliers,Winner Of E1 E8 Winner Of E4 E5,2026-05-25,2026-05-18 00:00,Cleveland Cavaliers,Detroit Pistons,Cleveland Cavaliers,James Harden,PRA,27.5,Sobre,1.52,dom_alt,
Detroit Pistons - Cleveland Cavaliers,Winner Of E1 E8 Winner Of E4 E5,2026-05-25,2026-05-18 00:00,Cleveland Cavaliers,Detroit Pistons,Cleveland Cavaliers,James Harden,PRA,27.5,Debajo,2.14,dom_alt,
Detroit Pistons - Cleveland Cavaliers,Winner Of E1 E8 Winner Of E4 E5,2026-05-25,2026-05-18 00:00,Cleveland Cavaliers,Detroit Pistons,Cleveland Cavaliers,James Harden,PRA,31.5,Sobre,2.03,dom_alt,
Detroit Pistons - Cleveland Cavaliers,Winner Of E1 E8 Winner Of E4 E5,2026-05-25,2026-05-18 00:00,Cleveland Cavaliers,Detroit Pistons,Cleveland Cavaliers,James Harden,PRA,31.5,Debajo,1.58,dom_alt,
Detroit Pistons - Cleveland Cavaliers,Winner Of E1 E8 Winner Of E4 E5,2026-05-25,2026-05-18 00:00,Cleveland Cavaliers,Detroit Pistons,Cleveland Cavaliers,James Harden,PRA,26.5,Sobre,1.42,dom_alt,
Detroit Pistons - Cleveland Cavaliers,Winner Of E1 E8 Winner Of E4 E5,2026-05-25,2026-05-18 00:00,Cleveland Cavaliers,Detroit Pistons,Cleveland Cavaliers,James Harden,PRA,26.5,Debajo,2.38,dom_alt,
Detroit Pistons - Cleveland Cavaliers,Winner Of E1 E8 Winner Of E4 E5,2026-05-25,2026-05-18 00:00,Cleveland Cavaliers,Detroit Pistons,Cleveland Cavaliers,James Harden,PRA,32.5,Sobre,2.14,dom_alt,
Detroit Pistons - Cleveland Cavaliers,Winner Of E1 E8 Winner Of E4 E5,2026-05-25,2026-05-18 00:00,Cleveland Cavaliers,Detroit Pistons,Cleveland Cavaliers,James Harden,PRA,32.5,Debajo,1.52,dom_alt,
Detroit Pistons - Cleveland Cavaliers,Winner Of E1 E8 Winner Of E4 E5,2026-05-25,2026-05-18 00:00,Cleveland Cavaliers,Detroit Pistons,Cleveland Cavaliers,James Harden,PRA,25.5,Sobre,1.33,dom_alt,
Detroit Pistons - Cleveland Cavaliers,Winner Of E1 E8 Winner Of E4 E5,2026-05-25,2026-05-18 00:00,Cleveland Cavaliers,Detroit Pistons,Cleveland Cavaliers,James Harden,PRA,25.5,Debajo,2.66,dom_alt,
Detroit Pistons - Cleveland Cavaliers,Winner Of E1 E8 Winner Of E4 E5,2026-05-25,2026-05-18 00:00,Cleveland Cavaliers,Detroit Pistons,Cleveland Cavaliers,James Harden,PRA,33.5,Sobre,2.37,dom_alt,
Detroit Pistons - Cleveland Cavaliers,Winner Of E1 E8 Winner Of E4 E5,2026-05-25,2026-05-18 00:00,Cleveland Cavaliers,Detroit Pistons,Cleveland Cavaliers,James Harden,PRA,33.5,Debajo,1.42,dom_alt,
Detroit Pistons - Cleveland Cavaliers,Winner Of E1 E8 Winner Of E4 E5,2026-05-25,2026-05-18 00:00,Cleveland Cavaliers,Detroit Pistons,Cleveland Cavaliers,James Harden,PRA,34.5,Sobre,2.64,dom_alt,
Detroit Pistons - Cleveland Cavaliers,Winner Of E1 E8 Winner Of E4 E5,2026-05-25,2026-05-18 00:00,Cleveland Cavaliers,Detroit Pistons,Cleveland Cavaliers,James Harden,PRA,34.5,Debajo,1.34,dom_alt,
Detroit Pistons - Cleveland Cavaliers,Winner Of E1 E8 Winner Of E4 E5,2026-05-25,2026-05-18 00:00,Cleveland Cavaliers,Detroit Pistons,Cleveland Cavaliers,James Harden,Asistencias+Rebotes,10.5,Sobre,1.68,dom,
Detroit Pistons - Cleveland Cavaliers,Winner Of E1 E8 Winner Of E4 E5,2026-05-25,2026-05-18 00:00,Cleveland Cavaliers,Detroit Pistons,Cleveland Cavaliers,James Harden,Asistencias+Rebotes,10.5,Debajo,2.02,dom,
Detroit Pistons - Cleveland Cavaliers,Winner Of E1 E8 Winner Of E4 E5,2026-05-25,2026-05-18 00:00,Cleveland Cavaliers,Detroit Pistons,Cleveland Cavaliers,James Harden,DobleDoble,0.5,Sobre,5.53,dom,
Detroit Pistons - Cleveland Cavaliers,Winner Of E1 E8 Winner Of E4 E5,2026-05-25,2026-05-18 00:00,Cleveland Cavaliers,Detroit Pistons,Cleveland Cavaliers,James Harden,DobleDoble,0.5,Debajo,1.10,dom,
Detroit Pistons - Cleveland Cavaliers,Winner Of E1 E8 Winner Of E4 E5,2026-05-25,2026-05-18 00:00,Cleveland Cavaliers,Detroit Pistons,Cleveland Cavaliers,James Harden,Asistencias,6.5,Sobre,1.92,dom,
Detroit Pistons - Cleveland Cavaliers,Winner Of E1 E8 Winner Of E4 E5,2026-05-25,2026-05-18 00:00,Cleveland Cavaliers,Detroit Pistons,Cleveland Cavaliers,James Harden,Asistencias,6.5,Debajo,1.76,dom,
Detroit Pistons - Cleveland Cavaliers,Winner Of E1 E8 Winner Of E4 E5,2026-05-25,2026-05-18 00:00,Cleveland Cavaliers,Detroit Pistons,Cleveland Cavaliers,James Harden,Asistencias,7.5,Sobre,2.37,dom_alt,
Detroit Pistons - Cleveland Cavaliers,Winner Of E1 E8 Winner Of E4 E5,2026-05-25,2026-05-18 00:00,Cleveland Cavaliers,Detroit Pistons,Cleveland Cavaliers,James Harden,Asistencias,7.5,Debajo,1.42,dom_alt,
Detroit Pistons - Cleveland Cavaliers,Winner Of E1 E8 Winner Of E4 E5,2026-05-25,2026-05-18 00:00,Cleveland Cavaliers,Detroit Pistons,Cleveland Cavaliers,James Harden,PuntosPrimerCuarto,4.5,Sobre,1.86,dom,
Detroit Pistons - Cleveland Cavaliers,Winner Of E1 E8 Winner Of E4 E5,2026-05-25,2026-05-18 00:00,Cleveland Cavaliers,Detroit Pistons,Cleveland Cavaliers,James Harden,PuntosPrimerCuarto,4.5,Debajo,1.81,dom,
Detroit Pistons - Cleveland Cavaliers,Winner Of E1 E8 Winner Of E4 E5,2026-05-25,2026-05-18 00:00,Cleveland Cavaliers,Detroit Pistons,Cleveland Cavaliers,James Harden,PuntosPrimerCuarto,5.5,Sobre,2.17,dom_alt,
Detroit Pistons - Cleveland Cavaliers,Winner Of E1 E8 Winner Of E4 E5,2026-05-25,2026-05-18 00:00,Cleveland Cavaliers,Detroit Pistons,Cleveland Cavaliers,James Harden,PuntosPrimerCuarto,5.5,Debajo,1.51,dom_alt,
Detroit Pistons - Cleveland Cavaliers,Winner Of E1 E8 Winner Of E4 E5,2026-05-25,2026-05-18 00:00,Cleveland Cavaliers,Detroit Pistons,Cleveland Cavaliers,James Harden,AsistenciasPrimerCuarto,1.5,Sobre,1.88,dom,
Detroit Pistons - Cleveland Cavaliers,Winner Of E1 E8 Winner Of E4 E5,2026-05-25,2026-05-18 00:00,Cleveland Cavaliers,Detroit Pistons,Cleveland Cavaliers,James Harden,AsistenciasPrimerCuarto,1.5,Debajo,1.79,dom,
Detroit Pistons - Cleveland Cavaliers,Winner Of E1 E8 Winner Of E4 E5,2026-05-25,2026-05-18 00:00,Cleveland Cavaliers,Detroit Pistons,Cleveland Cavaliers,James Harden,GolesCampoInt,13.5,Sobre,1.90,dom,
Detroit Pistons - Cleveland Cavaliers,Winner Of E1 E8 Winner Of E4 E5,2026-05-25,2026-05-18 00:00,Cleveland Cavaliers,Detroit Pistons,Cleveland Cavaliers,James Harden,GolesCampoInt,13.5,Debajo,1.77,dom,
Detroit Pistons - Cleveland Cavaliers,Winner Of E1 E8 Winner Of E4 E5,2026-05-25,2026-05-18 00:00,Cleveland Cavaliers,Detroit Pistons,Cleveland Cavaliers,James Harden,TriplesInt,7.5,Sobre,1.85,dom,
Detroit Pistons - Cleveland Cavaliers,Winner Of E1 E8 Winner Of E4 E5,2026-05-25,2026-05-18 00:00,Cleveland Cavaliers,Detroit Pistons,Cleveland Cavaliers,James Harden,TriplesInt,7.5,Debajo,1.82,dom,
Detroit Pistons - Cleveland Cavaliers,Winner Of E1 E8 Winner Of E4 E5,2026-05-25,2026-05-18 00:00,Cleveland Cavaliers,Detroit Pistons,Cleveland Cavaliers,James Harden,TirosLibres,4.5,Sobre,1.66,dom,
Detroit Pistons - Cleveland Cavaliers,Winner Of E1 E8 Winner Of E4 E5,2026-05-25,2026-05-18 00:00,Cleveland Cavaliers,Detroit Pistons,Cleveland Cavaliers,James Harden,TirosLibres,4.5,Debajo,2.05,dom,
Detroit Pistons - Cleveland Cavaliers,Winner Of E1 E8 Winner Of E4 E5,2026-05-25,2026-05-18 00:00,Cleveland Cavaliers,Detroit Pistons,Cleveland Cavaliers,James Harden,TirosLibresInt,5.5,Sobre,1.69,dom,
Detroit Pistons - Cleveland Cavaliers,Winner Of E1 E8 Winner Of E4 E5,2026-05-25,2026-05-18 00:00,Cleveland Cavaliers,Detroit Pistons,Cleveland Cavaliers,James Harden,TirosLibresInt,5.5,Debajo,2.01,dom,
Detroit Pistons - Cleveland Cavaliers,Winner Of E1 E8 Winner Of E4 E5,2026-05-25,2026-05-18 00:00,Cleveland Cavaliers,Detroit Pistons,Cleveland Cavaliers,James Harden,GolesCampo,5.5,Sobre,1.94,dom,
Detroit Pistons - Cleveland Cavaliers,Winner Of E1 E8 Winner Of E4 E5,2026-05-25,2026-05-18 00:00,Cleveland Cavaliers,Detroit Pistons,Cleveland Cavaliers,James Harden,GolesCampo,5.5,Debajo,1.74,dom,
Detroit Pistons - Cleveland Cavaliers,Winner Of E1 E8 Winner Of E4 E5,2026-05-25,2026-05-18 00:00,Cleveland Cavaliers,Detroit Pistons,Cleveland Cavaliers,Sam Merrill,Puntos,6.5,Sobre,1.87,dom,
Detroit Pistons - Cleveland Cavaliers,Winner Of E1 E8 Winner Of E4 E5,2026-05-25,2026-05-18 00:00,Cleveland Cavaliers,Detroit Pistons,Cleveland Cavaliers,Sam Merrill,Puntos,6.5,Debajo,1.80,dom,
Detroit Pistons - Cleveland Cavaliers,Winner Of E1 E8 Winner Of E4 E5,2026-05-25,2026-05-18 00:00,Cleveland Cavaliers,Detroit Pistons,Cleveland Cavaliers,Sam Merrill,Puntos,7.5,Sobre,1.98,dom_alt,
Detroit Pistons - Cleveland Cavaliers,Winner Of E1 E8 Winner Of E4 E5,2026-05-25,2026-05-18 00:00,Cleveland Cavaliers,Detroit Pistons,Cleveland Cavaliers,Sam Merrill,Puntos,7.5,Debajo,1.61,dom_alt,
Detroit Pistons - Cleveland Cavaliers,Winner Of E1 E8 Winner Of E4 E5,2026-05-25,2026-05-18 00:00,Cleveland Cavaliers,Detroit Pistons,Cleveland Cavaliers,Sam Merrill,Puntos,4.5,Sobre,1.38,dom_alt,
Detroit Pistons - Cleveland Cavaliers,Winner Of E1 E8 Winner Of E4 E5,2026-05-25,2026-05-18 00:00,Cleveland Cavaliers,Detroit Pistons,Cleveland Cavaliers,Sam Merrill,Puntos,4.5,Debajo,2.51,dom_alt,
Detroit Pistons - Cleveland Cavaliers,Winner Of E1 E8 Winner Of E4 E5,2026-05-25,2026-05-18 00:00,Cleveland Cavaliers,Detroit Pistons,Cleveland Cavaliers,Sam Merrill,Puntos,8.5,Sobre,2.26,dom_alt,
Detroit Pistons - Cleveland Cavaliers,Winner Of E1 E8 Winner Of E4 E5,2026-05-25,2026-05-18 00:00,Cleveland Cavaliers,Detroit Pistons,Cleveland Cavaliers,Sam Merrill,Puntos,8.5,Debajo,1.46,dom_alt,
Detroit Pistons - Cleveland Cavaliers,Winner Of E1 E8 Winner Of E4 E5,2026-05-25,2026-05-18 00:00,Cleveland Cavaliers,Detroit Pistons,Cleveland Cavaliers,Sam Merrill,Puntos,3.5,Sobre,1.31,dom_alt,
Detroit Pistons - Cleveland Cavaliers,Winner Of E1 E8 Winner Of E4 E5,2026-05-25,2026-05-18 00:00,Cleveland Cavaliers,Detroit Pistons,Cleveland Cavaliers,Sam Merrill,Puntos,3.5,Debajo,2.77,dom_alt,
Detroit Pistons - Cleveland Cavaliers,Winner Of E1 E8 Winner Of E4 E5,2026-05-25,2026-05-18 00:00,Cleveland Cavaliers,Detroit Pistons,Cleveland Cavaliers,Sam Merrill,Puntos,9.5,Sobre,2.70,dom_alt,
Detroit Pistons - Cleveland Cavaliers,Winner Of E1 E8 Winner Of E4 E5,2026-05-25,2026-05-18 00:00,Cleveland Cavaliers,Detroit Pistons,Cleveland Cavaliers,Sam Merrill,Puntos,9.5,Debajo,1.33,dom_alt,
Detroit Pistons - Cleveland Cavaliers,Winner Of E1 E8 Winner Of E4 E5,2026-05-25,2026-05-18 00:00,Cleveland Cavaliers,Detroit Pistons,Cleveland Cavaliers,Sam Merrill,Rebotes,1.5,Sobre,2.27,dom,
Detroit Pistons - Cleveland Cavaliers,Winner Of E1 E8 Winner Of E4 E5,2026-05-25,2026-05-18 00:00,Cleveland Cavaliers,Detroit Pistons,Cleveland Cavaliers,Sam Merrill,Rebotes,1.5,Debajo,1.54,dom,
Detroit Pistons - Cleveland Cavaliers,Winner Of E1 E8 Winner Of E4 E5,2026-05-25,2026-05-18 00:00,Cleveland Cavaliers,Detroit Pistons,Cleveland Cavaliers,Sam Merrill,Triples,1.5,Sobre,1.88,dom,
Detroit Pistons - Cleveland Cavaliers,Winner Of E1 E8 Winner Of E4 E5,2026-05-25,2026-05-18 00:00,Cleveland Cavaliers,Detroit Pistons,Cleveland Cavaliers,Sam Merrill,Triples,1.5,Debajo,1.79,dom,
Detroit Pistons - Cleveland Cavaliers,Winner Of E1 E8 Winner Of E4 E5,2026-05-25,2026-05-18 00:00,Cleveland Cavaliers,Detroit Pistons,Cleveland Cavaliers,Sam Merrill,Robos,0.5,Sobre,1.85,dom,
Detroit Pistons - Cleveland Cavaliers,Winner Of E1 E8 Winner Of E4 E5,2026-05-25,2026-05-18 00:00,Cleveland Cavaliers,Detroit Pistons,Cleveland Cavaliers,Sam Merrill,Robos,0.5,Debajo,1.82,dom,
Detroit Pistons - Cleveland Cavaliers,Winner Of E1 E8 Winner Of E4 E5,2026-05-25,2026-05-18 00:00,Cleveland Cavaliers,Detroit Pistons,Cleveland Cavaliers,Sam Merrill,Pérdidas,0.5,Sobre,1.92,dom,
Detroit Pistons - Cleveland Cavaliers,Winner Of E1 E8 Winner Of E4 E5,2026-05-25,2026-05-18 00:00,Cleveland Cavaliers,Detroit Pistons,Cleveland Cavaliers,Sam Merrill,Pérdidas,0.5,Debajo,1.76,dom,
Detroit Pistons - Cleveland Cavaliers,Winner Of E1 E8 Winner Of E4 E5,2026-05-25,2026-05-18 00:00,Cleveland Cavaliers,Detroit Pistons,Cleveland Cavaliers,Sam Merrill,Puntos+Rebotes,7.5,Sobre,1.72,dom,
Detroit Pistons - Cleveland Cavaliers,Winner Of E1 E8 Winner Of E4 E5,2026-05-25,2026-05-18 00:00,Cleveland Cavaliers,Detroit Pistons,Cleveland Cavaliers,Sam Merrill,Puntos+Rebotes,7.5,Debajo,1.97,dom,
Detroit Pistons - Cleveland Cavaliers,Winner Of E1 E8 Winner Of E4 E5,2026-05-25,2026-05-18 00:00,Cleveland Cavaliers,Detroit Pistons,Cleveland Cavaliers,Sam Merrill,Puntos+Rebotes,8.5,Sobre,1.90,dom_alt,
Detroit Pistons - Cleveland Cavaliers,Winner Of E1 E8 Winner Of E4 E5,2026-05-25,2026-05-18 00:00,Cleveland Cavaliers,Detroit Pistons,Cleveland Cavaliers,Sam Merrill,Puntos+Rebotes,8.5,Debajo,1.67,dom_alt,
Detroit Pistons - Cleveland Cavaliers,Winner Of E1 E8 Winner Of E4 E5,2026-05-25,2026-05-18 00:00,Cleveland Cavaliers,Detroit Pistons,Cleveland Cavaliers,Sam Merrill,Puntos+Rebotes,9.5,Sobre,2.10,dom_alt,
Detroit Pistons - Cleveland Cavaliers,Winner Of E1 E8 Winner Of E4 E5,2026-05-25,2026-05-18 00:00,Cleveland Cavaliers,Detroit Pistons,Cleveland Cavaliers,Sam Merrill,Puntos+Rebotes,9.5,Debajo,1.54,dom_alt,
Detroit Pistons - Cleveland Cavaliers,Winner Of E1 E8 Winner Of E4 E5,2026-05-25,2026-05-18 00:00,Cleveland Cavaliers,Detroit Pistons,Cleveland Cavaliers,Sam Merrill,Puntos+Asistencias,7.5,Sobre,1.76,dom,
Detroit Pistons - Cleveland Cavaliers,Winner Of E1 E8 Winner Of E4 E5,2026-05-25,2026-05-18 00:00,Cleveland Cavaliers,Detroit Pistons,Cleveland Cavaliers,Sam Merrill,Puntos+Asistencias,7.5,Debajo,1.92,dom,
Detroit Pistons - Cleveland Cavaliers,Winner Of E1 E8 Winner Of E4 E5,2026-05-25,2026-05-18 00:00,Cleveland Cavaliers,Detroit Pistons,Cleveland Cavaliers,Sam Merrill,Puntos+Asistencias,8.5,Sobre,1.93,dom_alt,
Detroit Pistons - Cleveland Cavaliers,Winner Of E1 E8 Winner Of E4 E5,2026-05-25,2026-05-18 00:00,Cleveland Cavaliers,Detroit Pistons,Cleveland Cavaliers,Sam Merrill,Puntos+Asistencias,8.5,Debajo,1.64,dom_alt,
Detroit Pistons - Cleveland Cavaliers,Winner Of E1 E8 Winner Of E4 E5,2026-05-25,2026-05-18 00:00,Cleveland Cavaliers,Detroit Pistons,Cleveland Cavaliers,Sam Merrill,Puntos+Asistencias,9.5,Sobre,2.16,dom_alt,
Detroit Pistons - Cleveland Cavaliers,Winner Of E1 E8 Winner Of E4 E5,2026-05-25,2026-05-18 00:00,Cleveland Cavaliers,Detroit Pistons,Cleveland Cavaliers,Sam Merrill,Puntos+Asistencias,9.5,Debajo,1.51,dom_alt,
Detroit Pistons - Cleveland Cavaliers,Winner Of E1 E8 Winner Of E4 E5,2026-05-25,2026-05-18 00:00,Cleveland Cavaliers,Detroit Pistons,Cleveland Cavaliers,Sam Merrill,PRA,9.5,Sobre,1.91,dom,
Detroit Pistons - Cleveland Cavaliers,Winner Of E1 E8 Winner Of E4 E5,2026-05-25,2026-05-18 00:00,Cleveland Cavaliers,Detroit Pistons,Cleveland Cavaliers,Sam Merrill,PRA,9.5,Debajo,1.76,dom,
Detroit Pistons - Cleveland Cavaliers,Winner Of E1 E8 Winner Of E4 E5,2026-05-25,2026-05-18 00:00,Cleveland Cavaliers,Detroit Pistons,Cleveland Cavaliers,Sam Merrill,PRA,10.5,Sobre,2.09,dom_alt,
Detroit Pistons - Cleveland Cavaliers,Winner Of E1 E8 Winner Of E4 E5,2026-05-25,2026-05-18 00:00,Cleveland Cavaliers,Detroit Pistons,Cleveland Cavaliers,Sam Merrill,PRA,10.5,Debajo,1.55,dom_alt,
Detroit Pistons - Cleveland Cavaliers,Winner Of E1 E8 Winner Of E4 E5,2026-05-25,2026-05-18 00:00,Cleveland Cavaliers,Detroit Pistons,Cleveland Cavaliers,Sam Merrill,PRA,7.5,Sobre,1.50,dom_alt,
Detroit Pistons - Cleveland Cavaliers,Winner Of E1 E8 Winner Of E4 E5,2026-05-25,2026-05-18 00:00,Cleveland Cavaliers,Detroit Pistons,Cleveland Cavaliers,Sam Merrill,PRA,7.5,Debajo,2.18,dom_alt,
Detroit Pistons - Cleveland Cavaliers,Winner Of E1 E8 Winner Of E4 E5,2026-05-25,2026-05-18 00:00,Cleveland Cavaliers,Detroit Pistons,Cleveland Cavaliers,Sam Merrill,PRA,11.5,Sobre,2.31,dom_alt,
Detroit Pistons - Cleveland Cavaliers,Winner Of E1 E8 Winner Of E4 E5,2026-05-25,2026-05-18 00:00,Cleveland Cavaliers,Detroit Pistons,Cleveland Cavaliers,Sam Merrill,PRA,11.5,Debajo,1.44,dom_alt,
Detroit Pistons - Cleveland Cavaliers,Winner Of E1 E8 Winner Of E4 E5,2026-05-25,2026-05-18 00:00,Cleveland Cavaliers,Detroit Pistons,Cleveland Cavaliers,Sam Merrill,PRA,6.5,Sobre,1.35,dom_alt,
Detroit Pistons - Cleveland Cavaliers,Winner Of E1 E8 Winner Of E4 E5,2026-05-25,2026-05-18 00:00,Cleveland Cavaliers,Detroit Pistons,Cleveland Cavaliers,Sam Merrill,PRA,6.5,Debajo,2.59,dom_alt,
Detroit Pistons - Cleveland Cavaliers,Winner Of E1 E8 Winner Of E4 E5,2026-05-25,2026-05-18 00:00,Cleveland Cavaliers,Detroit Pistons,Cleveland Cavaliers,Sam Merrill,PRA,12.5,Sobre,2.67,dom_alt,
Detroit Pistons - Cleveland Cavaliers,Winner Of E1 E8 Winner Of E4 E5,2026-05-25,2026-05-18 00:00,Cleveland Cavaliers,Detroit Pistons,Cleveland Cavaliers,Sam Merrill,PRA,12.5,Debajo,1.33,dom_alt,
Detroit Pistons - Cleveland Cavaliers,Winner Of E1 E8 Winner Of E4 E5,2026-05-25,2026-05-18 00:00,Cleveland Cavaliers,Detroit Pistons,Cleveland Cavaliers,Sam Merrill,Asistencias+Rebotes,2.5,Sobre,1.97,dom,
Detroit Pistons - Cleveland Cavaliers,Winner Of E1 E8 Winner Of E4 E5,2026-05-25,2026-05-18 00:00,Cleveland Cavaliers,Detroit Pistons,Cleveland Cavaliers,Sam Merrill,Asistencias+Rebotes,2.5,Debajo,1.72,dom,
Detroit Pistons - Cleveland Cavaliers,Winner Of E1 E8 Winner Of E4 E5,2026-05-25,2026-05-18 00:00,Cleveland Cavaliers,Detroit Pistons,Cleveland Cavaliers,Sam Merrill,Robos+Tapones,0.5,Sobre,1.70,dom,
Detroit Pistons - Cleveland Cavaliers,Winner Of E1 E8 Winner Of E4 E5,2026-05-25,2026-05-18 00:00,Cleveland Cavaliers,Detroit Pistons,Cleveland Cavaliers,Sam Merrill,Robos+Tapones,0.5,Debajo,1.99,dom,
Detroit Pistons - Cleveland Cavaliers,Winner Of E1 E8 Winner Of E4 E5,2026-05-25,2026-05-18 00:00,Cleveland Cavaliers,Detroit Pistons,Cleveland Cavaliers,Sam Merrill,Asistencias,1.5,Sobre,2.65,dom,
Detroit Pistons - Cleveland Cavaliers,Winner Of E1 E8 Winner Of E4 E5,2026-05-25,2026-05-18 00:00,Cleveland Cavaliers,Detroit Pistons,Cleveland Cavaliers,Sam Merrill,Asistencias,1.5,Debajo,1.40,dom,
Detroit Pistons - Cleveland Cavaliers,Winner Of E1 E8 Winner Of E4 E5,2026-05-25,2026-05-18 00:00,Cleveland Cavaliers,Detroit Pistons,Cleveland Cavaliers,Sam Merrill,PuntosPrimerCuarto,0.5,Sobre,1.89,dom,
Detroit Pistons - Cleveland Cavaliers,Winner Of E1 E8 Winner Of E4 E5,2026-05-25,2026-05-18 00:00,Cleveland Cavaliers,Detroit Pistons,Cleveland Cavaliers,Sam Merrill,PuntosPrimerCuarto,0.5,Debajo,1.78,dom,
Detroit Pistons - Cleveland Cavaliers,Winner Of E1 E8 Winner Of E4 E5,2026-05-25,2026-05-18 00:00,Cleveland Cavaliers,Detroit Pistons,Cleveland Cavaliers,Sam Merrill,GolesCampoInt,5.5,Sobre,1.86,dom,
Detroit Pistons - Cleveland Cavaliers,Winner Of E1 E8 Winner Of E4 E5,2026-05-25,2026-05-18 00:00,Cleveland Cavaliers,Detroit Pistons,Cleveland Cavaliers,Sam Merrill,GolesCampoInt,5.5,Debajo,1.81,dom,
Detroit Pistons - Cleveland Cavaliers,Winner Of E1 E8 Winner Of E4 E5,2026-05-25,2026-05-18 00:00,Cleveland Cavaliers,Detroit Pistons,Cleveland Cavaliers,Sam Merrill,TriplesInt,4.5,Sobre,2.00,dom,
Detroit Pistons - Cleveland Cavaliers,Winner Of E1 E8 Winner Of E4 E5,2026-05-25,2026-05-18 00:00,Cleveland Cavaliers,Detroit Pistons,Cleveland Cavaliers,Sam Merrill,TriplesInt,4.5,Debajo,1.70,dom,
Detroit Pistons - Cleveland Cavaliers,Winner Of E1 E8 Winner Of E4 E5,2026-05-25,2026-05-18 00:00,Cleveland Cavaliers,Detroit Pistons,Cleveland Cavaliers,Donovan Mitchell,Puntos,25.5,Sobre,1.77,dom,
Detroit Pistons - Cleveland Cavaliers,Winner Of E1 E8 Winner Of E4 E5,2026-05-25,2026-05-18 00:00,Cleveland Cavaliers,Detroit Pistons,Cleveland Cavaliers,Donovan Mitchell,Puntos,25.5,Debajo,1.90,dom,
Detroit Pistons - Cleveland Cavaliers,Winner Of E1 E8 Winner Of E4 E5,2026-05-25,2026-05-18 00:00,Cleveland Cavaliers,Detroit Pistons,Cleveland Cavaliers,Donovan Mitchell,Puntos,26.5,Sobre,1.87,dom_alt,
Detroit Pistons - Cleveland Cavaliers,Winner Of E1 E8 Winner Of E4 E5,2026-05-25,2026-05-18 00:00,Cleveland Cavaliers,Detroit Pistons,Cleveland Cavaliers,Donovan Mitchell,Puntos,26.5,Debajo,1.70,dom_alt,
Detroit Pistons - Cleveland Cavaliers,Winner Of E1 E8 Winner Of E4 E5,2026-05-25,2026-05-18 00:00,Cleveland Cavaliers,Detroit Pistons,Cleveland Cavaliers,Donovan Mitchell,Puntos,23.5,Sobre,1.54,dom_alt,
Detroit Pistons - Cleveland Cavaliers,Winner Of E1 E8 Winner Of E4 E5,2026-05-25,2026-05-18 00:00,Cleveland Cavaliers,Detroit Pistons,Cleveland Cavaliers,Donovan Mitchell,Puntos,23.5,Debajo,2.10,dom_alt,
Detroit Pistons - Cleveland Cavaliers,Winner Of E1 E8 Winner Of E4 E5,2026-05-25,2026-05-18 00:00,Cleveland Cavaliers,Detroit Pistons,Cleveland Cavaliers,Donovan Mitchell,Puntos,27.5,Sobre,2.05,dom_alt,
Detroit Pistons - Cleveland Cavaliers,Winner Of E1 E8 Winner Of E4 E5,2026-05-25,2026-05-18 00:00,Cleveland Cavaliers,Detroit Pistons,Cleveland Cavaliers,Donovan Mitchell,Puntos,27.5,Debajo,1.57,dom_alt,
Detroit Pistons - Cleveland Cavaliers,Winner Of E1 E8 Winner Of E4 E5,2026-05-25,2026-05-18 00:00,Cleveland Cavaliers,Detroit Pistons,Cleveland Cavaliers,Donovan Mitchell,Puntos,22.5,Sobre,1.45,dom_alt,
Detroit Pistons - Cleveland Cavaliers,Winner Of E1 E8 Winner Of E4 E5,2026-05-25,2026-05-18 00:00,Cleveland Cavaliers,Detroit Pistons,Cleveland Cavaliers,Donovan Mitchell,Puntos,22.5,Debajo,2.31,dom_alt,
Detroit Pistons - Cleveland Cavaliers,Winner Of E1 E8 Winner Of E4 E5,2026-05-25,2026-05-18 00:00,Cleveland Cavaliers,Detroit Pistons,Cleveland Cavaliers,Donovan Mitchell,Puntos,28.5,Sobre,2.16,dom_alt,
Detroit Pistons - Cleveland Cavaliers,Winner Of E1 E8 Winner Of E4 E5,2026-05-25,2026-05-18 00:00,Cleveland Cavaliers,Detroit Pistons,Cleveland Cavaliers,Donovan Mitchell,Puntos,28.5,Debajo,1.51,dom_alt,
Detroit Pistons - Cleveland Cavaliers,Winner Of E1 E8 Winner Of E4 E5,2026-05-25,2026-05-18 00:00,Cleveland Cavaliers,Detroit Pistons,Cleveland Cavaliers,Donovan Mitchell,Puntos,21.5,Sobre,1.36,dom_alt,
Detroit Pistons - Cleveland Cavaliers,Winner Of E1 E8 Winner Of E4 E5,2026-05-25,2026-05-18 00:00,Cleveland Cavaliers,Detroit Pistons,Cleveland Cavaliers,Donovan Mitchell,Puntos,21.5,Debajo,2.58,dom_alt,
Detroit Pistons - Cleveland Cavaliers,Winner Of E1 E8 Winner Of E4 E5,2026-05-25,2026-05-18 00:00,Cleveland Cavaliers,Detroit Pistons,Cleveland Cavaliers,Donovan Mitchell,Puntos,29.5,Sobre,2.36,dom_alt,
Detroit Pistons - Cleveland Cavaliers,Winner Of E1 E8 Winner Of E4 E5,2026-05-25,2026-05-18 00:00,Cleveland Cavaliers,Detroit Pistons,Cleveland Cavaliers,Donovan Mitchell,Puntos,29.5,Debajo,1.42,dom_alt,
Detroit Pistons - Cleveland Cavaliers,Winner Of E1 E8 Winner Of E4 E5,2026-05-25,2026-05-18 00:00,Cleveland Cavaliers,Detroit Pistons,Cleveland Cavaliers,Donovan Mitchell,Puntos,20.5,Sobre,1.29,dom_alt,
Detroit Pistons - Cleveland Cavaliers,Winner Of E1 E8 Winner Of E4 E5,2026-05-25,2026-05-18 00:00,Cleveland Cavaliers,Detroit Pistons,Cleveland Cavaliers,Donovan Mitchell,Puntos,20.5,Debajo,2.87,dom_alt,
Detroit Pistons - Cleveland Cavaliers,Winner Of E1 E8 Winner Of E4 E5,2026-05-25,2026-05-18 00:00,Cleveland Cavaliers,Detroit Pistons,Cleveland Cavaliers,Donovan Mitchell,Puntos,30.5,Sobre,2.62,dom_alt,
Detroit Pistons - Cleveland Cavaliers,Winner Of E1 E8 Winner Of E4 E5,2026-05-25,2026-05-18 00:00,Cleveland Cavaliers,Detroit Pistons,Cleveland Cavaliers,Donovan Mitchell,Puntos,30.5,Debajo,1.34,dom_alt,
Detroit Pistons - Cleveland Cavaliers,Winner Of E1 E8 Winner Of E4 E5,2026-05-25,2026-05-18 00:00,Cleveland Cavaliers,Detroit Pistons,Cleveland Cavaliers,Donovan Mitchell,Rebotes,4.5,Sobre,2.20,dom,
Detroit Pistons - Cleveland Cavaliers,Winner Of E1 E8 Winner Of E4 E5,2026-05-25,2026-05-18 00:00,Cleveland Cavaliers,Detroit Pistons,Cleveland Cavaliers,Donovan Mitchell,Rebotes,4.5,Debajo,1.57,dom,
Detroit Pistons - Cleveland Cavaliers,Winner Of E1 E8 Winner Of E4 E5,2026-05-25,2026-05-18 00:00,Cleveland Cavaliers,Detroit Pistons,Cleveland Cavaliers,Donovan Mitchell,Triples,2.5,Sobre,1.74,dom,
Detroit Pistons - Cleveland Cavaliers,Winner Of E1 E8 Winner Of E4 E5,2026-05-25,2026-05-18 00:00,Cleveland Cavaliers,Detroit Pistons,Cleveland Cavaliers,Donovan Mitchell,Triples,2.5,Debajo,1.94,dom,
Detroit Pistons - Cleveland Cavaliers,Winner Of E1 E8 Winner Of E4 E5,2026-05-25,2026-05-18 00:00,Cleveland Cavaliers,Detroit Pistons,Cleveland Cavaliers,Donovan Mitchell,Pérdidas,2.5,Sobre,1.65,dom,
Detroit Pistons - Cleveland Cavaliers,Winner Of E1 E8 Winner Of E4 E5,2026-05-25,2026-05-18 00:00,Cleveland Cavaliers,Detroit Pistons,Cleveland Cavaliers,Donovan Mitchell,Pérdidas,2.5,Debajo,2.07,dom,
Detroit Pistons - Cleveland Cavaliers,Winner Of E1 E8 Winner Of E4 E5,2026-05-25,2026-05-18 00:00,Cleveland Cavaliers,Detroit Pistons,Cleveland Cavaliers,Donovan Mitchell,Puntos+Rebotes,30.5,Sobre,1.89,dom,
Detroit Pistons - Cleveland Cavaliers,Winner Of E1 E8 Winner Of E4 E5,2026-05-25,2026-05-18 00:00,Cleveland Cavaliers,Detroit Pistons,Cleveland Cavaliers,Donovan Mitchell,Puntos+Rebotes,30.5,Debajo,1.78,dom,
Detroit Pistons - Cleveland Cavaliers,Winner Of E1 E8 Winner Of E4 E5,2026-05-25,2026-05-18 00:00,Cleveland Cavaliers,Detroit Pistons,Cleveland Cavaliers,Donovan Mitchell,Puntos+Rebotes,31.5,Sobre,1.98,dom_alt,
Detroit Pistons - Cleveland Cavaliers,Winner Of E1 E8 Winner Of E4 E5,2026-05-25,2026-05-18 00:00,Cleveland Cavaliers,Detroit Pistons,Cleveland Cavaliers,Donovan Mitchell,Puntos+Rebotes,31.5,Debajo,1.62,dom_alt,
Detroit Pistons - Cleveland Cavaliers,Winner Of E1 E8 Winner Of E4 E5,2026-05-25,2026-05-18 00:00,Cleveland Cavaliers,Detroit Pistons,Cleveland Cavaliers,Donovan Mitchell,Puntos+Rebotes,28.5,Sobre,1.60,dom_alt,
Detroit Pistons - Cleveland Cavaliers,Winner Of E1 E8 Winner Of E4 E5,2026-05-25,2026-05-18 00:00,Cleveland Cavaliers,Detroit Pistons,Cleveland Cavaliers,Donovan Mitchell,Puntos+Rebotes,28.5,Debajo,2.00,dom_alt,
Detroit Pistons - Cleveland Cavaliers,Winner Of E1 E8 Winner Of E4 E5,2026-05-25,2026-05-18 00:00,Cleveland Cavaliers,Detroit Pistons,Cleveland Cavaliers,Donovan Mitchell,Puntos+Rebotes,32.5,Sobre,2.08,dom_alt,
Detroit Pistons - Cleveland Cavaliers,Winner Of E1 E8 Winner Of E4 E5,2026-05-25,2026-05-18 00:00,Cleveland Cavaliers,Detroit Pistons,Cleveland Cavaliers,Donovan Mitchell,Puntos+Rebotes,32.5,Debajo,1.55,dom_alt,
Detroit Pistons - Cleveland Cavaliers,Winner Of E1 E8 Winner Of E4 E5,2026-05-25,2026-05-18 00:00,Cleveland Cavaliers,Detroit Pistons,Cleveland Cavaliers,Donovan Mitchell,Puntos+Rebotes,27.5,Sobre,1.54,dom_alt,
Detroit Pistons - Cleveland Cavaliers,Winner Of E1 E8 Winner Of E4 E5,2026-05-25,2026-05-18 00:00,Cleveland Cavaliers,Detroit Pistons,Cleveland Cavaliers,Donovan Mitchell,Puntos+Rebotes,27.5,Debajo,2.10,dom_alt,
Detroit Pistons - Cleveland Cavaliers,Winner Of E1 E8 Winner Of E4 E5,2026-05-25,2026-05-18 00:00,Cleveland Cavaliers,Detroit Pistons,Cleveland Cavaliers,Donovan Mitchell,Puntos+Asistencias,29.5,Sobre,1.85,dom,
Detroit Pistons - Cleveland Cavaliers,Winner Of E1 E8 Winner Of E4 E5,2026-05-25,2026-05-18 00:00,Cleveland Cavaliers,Detroit Pistons,Cleveland Cavaliers,Donovan Mitchell,Puntos+Asistencias,29.5,Debajo,1.82,dom,
Detroit Pistons - Cleveland Cavaliers,Winner Of E1 E8 Winner Of E4 E5,2026-05-25,2026-05-18 00:00,Cleveland Cavaliers,Detroit Pistons,Cleveland Cavaliers,Donovan Mitchell,Puntos+Asistencias,30.5,Sobre,1.94,dom_alt,
Detroit Pistons - Cleveland Cavaliers,Winner Of E1 E8 Winner Of E4 E5,2026-05-25,2026-05-18 00:00,Cleveland Cavaliers,Detroit Pistons,Cleveland Cavaliers,Donovan Mitchell,Puntos+Asistencias,30.5,Debajo,1.64,dom_alt,
Detroit Pistons - Cleveland Cavaliers,Winner Of E1 E8 Winner Of E4 E5,2026-05-25,2026-05-18 00:00,Cleveland Cavaliers,Detroit Pistons,Cleveland Cavaliers,Donovan Mitchell,Puntos+Asistencias,27.5,Sobre,1.56,dom_alt,
Detroit Pistons - Cleveland Cavaliers,Winner Of E1 E8 Winner Of E4 E5,2026-05-25,2026-05-18 00:00,Cleveland Cavaliers,Detroit Pistons,Cleveland Cavaliers,Donovan Mitchell,Puntos+Asistencias,27.5,Debajo,2.07,dom_alt,
Detroit Pistons - Cleveland Cavaliers,Winner Of E1 E8 Winner Of E4 E5,2026-05-25,2026-05-18 00:00,Cleveland Cavaliers,Detroit Pistons,Cleveland Cavaliers,Donovan Mitchell,Puntos+Asistencias,31.5,Sobre,2.13,dom_alt,
Detroit Pistons - Cleveland Cavaliers,Winner Of E1 E8 Winner Of E4 E5,2026-05-25,2026-05-18 00:00,Cleveland Cavaliers,Detroit Pistons,Cleveland Cavaliers,Donovan Mitchell,Puntos+Asistencias,31.5,Debajo,1.53,dom_alt,
Detroit Pistons - Cleveland Cavaliers,Winner Of E1 E8 Winner Of E4 E5,2026-05-25,2026-05-18 00:00,Cleveland Cavaliers,Detroit Pistons,Cleveland Cavaliers,Donovan Mitchell,Puntos+Asistencias,26.5,Sobre,1.50,dom_alt,
Detroit Pistons - Cleveland Cavaliers,Winner Of E1 E8 Winner Of E4 E5,2026-05-25,2026-05-18 00:00,Cleveland Cavaliers,Detroit Pistons,Cleveland Cavaliers,Donovan Mitchell,Puntos+Asistencias,26.5,Debajo,2.17,dom_alt,
Detroit Pistons - Cleveland Cavaliers,Winner Of E1 E8 Winner Of E4 E5,2026-05-25,2026-05-18 00:00,Cleveland Cavaliers,Detroit Pistons,Cleveland Cavaliers,Donovan Mitchell,PRA,33.5,Sobre,1.83,dom,
Detroit Pistons - Cleveland Cavaliers,Winner Of E1 E8 Winner Of E4 E5,2026-05-25,2026-05-18 00:00,Cleveland Cavaliers,Detroit Pistons,Cleveland Cavaliers,Donovan Mitchell,PRA,33.5,Debajo,1.84,dom,
Detroit Pistons - Cleveland Cavaliers,Winner Of E1 E8 Winner Of E4 E5,2026-05-25,2026-05-18 00:00,Cleveland Cavaliers,Detroit Pistons,Cleveland Cavaliers,Donovan Mitchell,PRA,34.5,Sobre,1.91,dom_alt,
Detroit Pistons - Cleveland Cavaliers,Winner Of E1 E8 Winner Of E4 E5,2026-05-25,2026-05-18 00:00,Cleveland Cavaliers,Detroit Pistons,Cleveland Cavaliers,Donovan Mitchell,PRA,34.5,Debajo,1.66,dom_alt,
Detroit Pistons - Cleveland Cavaliers,Winner Of E1 E8 Winner Of E4 E5,2026-05-25,2026-05-18 00:00,Cleveland Cavaliers,Detroit Pistons,Cleveland Cavaliers,Donovan Mitchell,PRA,31.5,Sobre,1.55,dom_alt,
Detroit Pistons - Cleveland Cavaliers,Winner Of E1 E8 Winner Of E4 E5,2026-05-25,2026-05-18 00:00,Cleveland Cavaliers,Detroit Pistons,Cleveland Cavaliers,Donovan Mitchell,PRA,31.5,Debajo,2.08,dom_alt,
Detroit Pistons - Cleveland Cavaliers,Winner Of E1 E8 Winner Of E4 E5,2026-05-25,2026-05-18 00:00,Cleveland Cavaliers,Detroit Pistons,Cleveland Cavaliers,Donovan Mitchell,PRA,35.5,Sobre,2.05,dom_alt,
Detroit Pistons - Cleveland Cavaliers,Winner Of E1 E8 Winner Of E4 E5,2026-05-25,2026-05-18 00:00,Cleveland Cavaliers,Detroit Pistons,Cleveland Cavaliers,Donovan Mitchell,PRA,35.5,Debajo,1.57,dom_alt,
Detroit Pistons - Cleveland Cavaliers,Winner Of E1 E8 Winner Of E4 E5,2026-05-25,2026-05-18 00:00,Cleveland Cavaliers,Detroit Pistons,Cleveland Cavaliers,Donovan Mitchell,PRA,30.5,Sobre,1.49,dom_alt,
Detroit Pistons - Cleveland Cavaliers,Winner Of E1 E8 Winner Of E4 E5,2026-05-25,2026-05-18 00:00,Cleveland Cavaliers,Detroit Pistons,Cleveland Cavaliers,Donovan Mitchell,PRA,30.5,Debajo,2.20,dom_alt,
Detroit Pistons - Cleveland Cavaliers,Winner Of E1 E8 Winner Of E4 E5,2026-05-25,2026-05-18 00:00,Cleveland Cavaliers,Detroit Pistons,Cleveland Cavaliers,Donovan Mitchell,PRA,36.5,Sobre,2.16,dom_alt,
Detroit Pistons - Cleveland Cavaliers,Winner Of E1 E8 Winner Of E4 E5,2026-05-25,2026-05-18 00:00,Cleveland Cavaliers,Detroit Pistons,Cleveland Cavaliers,Donovan Mitchell,PRA,36.5,Debajo,1.51,dom_alt,
Detroit Pistons - Cleveland Cavaliers,Winner Of E1 E8 Winner Of E4 E5,2026-05-25,2026-05-18 00:00,Cleveland Cavaliers,Detroit Pistons,Cleveland Cavaliers,Donovan Mitchell,PRA,29.5,Sobre,1.41,dom_alt,
Detroit Pistons - Cleveland Cavaliers,Winner Of E1 E8 Winner Of E4 E5,2026-05-25,2026-05-18 00:00,Cleveland Cavaliers,Detroit Pistons,Cleveland Cavaliers,Donovan Mitchell,PRA,29.5,Debajo,2.42,dom_alt,
Detroit Pistons - Cleveland Cavaliers,Winner Of E1 E8 Winner Of E4 E5,2026-05-25,2026-05-18 00:00,Cleveland Cavaliers,Detroit Pistons,Cleveland Cavaliers,Donovan Mitchell,PRA,37.5,Sobre,2.36,dom_alt,
Detroit Pistons - Cleveland Cavaliers,Winner Of E1 E8 Winner Of E4 E5,2026-05-25,2026-05-18 00:00,Cleveland Cavaliers,Detroit Pistons,Cleveland Cavaliers,Donovan Mitchell,PRA,37.5,Debajo,1.43,dom_alt,
Detroit Pistons - Cleveland Cavaliers,Winner Of E1 E8 Winner Of E4 E5,2026-05-25,2026-05-18 00:00,Cleveland Cavaliers,Detroit Pistons,Cleveland Cavaliers,Donovan Mitchell,PRA,28.5,Sobre,1.33,dom_alt,
Detroit Pistons - Cleveland Cavaliers,Winner Of E1 E8 Winner Of E4 E5,2026-05-25,2026-05-18 00:00,Cleveland Cavaliers,Detroit Pistons,Cleveland Cavaliers,Donovan Mitchell,PRA,28.5,Debajo,2.67,dom_alt,
Detroit Pistons - Cleveland Cavaliers,Winner Of E1 E8 Winner Of E4 E5,2026-05-25,2026-05-18 00:00,Cleveland Cavaliers,Detroit Pistons,Cleveland Cavaliers,Donovan Mitchell,PRA,38.5,Sobre,2.59,dom_alt,
Detroit Pistons - Cleveland Cavaliers,Winner Of E1 E8 Winner Of E4 E5,2026-05-25,2026-05-18 00:00,Cleveland Cavaliers,Detroit Pistons,Cleveland Cavaliers,Donovan Mitchell,PRA,38.5,Debajo,1.35,dom_alt,
Detroit Pistons - Cleveland Cavaliers,Winner Of E1 E8 Winner Of E4 E5,2026-05-25,2026-05-18 00:00,Cleveland Cavaliers,Detroit Pistons,Cleveland Cavaliers,Donovan Mitchell,Asistencias+Rebotes,7.5,Sobre,1.85,dom,
Detroit Pistons - Cleveland Cavaliers,Winner Of E1 E8 Winner Of E4 E5,2026-05-25,2026-05-18 00:00,Cleveland Cavaliers,Detroit Pistons,Cleveland Cavaliers,Donovan Mitchell,Asistencias+Rebotes,7.5,Debajo,1.82,dom,
Detroit Pistons - Cleveland Cavaliers,Winner Of E1 E8 Winner Of E4 E5,2026-05-25,2026-05-18 00:00,Cleveland Cavaliers,Detroit Pistons,Cleveland Cavaliers,Donovan Mitchell,Robos+Tapones,1.5,Sobre,2.07,dom,
Detroit Pistons - Cleveland Cavaliers,Winner Of E1 E8 Winner Of E4 E5,2026-05-25,2026-05-18 00:00,Cleveland Cavaliers,Detroit Pistons,Cleveland Cavaliers,Donovan Mitchell,Robos+Tapones,1.5,Debajo,1.65,dom,
Detroit Pistons - Cleveland Cavaliers,Winner Of E1 E8 Winner Of E4 E5,2026-05-25,2026-05-18 00:00,Cleveland Cavaliers,Detroit Pistons,Cleveland Cavaliers,Donovan Mitchell,Asistencias,3.5,Sobre,1.98,dom,
Detroit Pistons - Cleveland Cavaliers,Winner Of E1 E8 Winner Of E4 E5,2026-05-25,2026-05-18 00:00,Cleveland Cavaliers,Detroit Pistons,Cleveland Cavaliers,Donovan Mitchell,Asistencias,3.5,Debajo,1.71,dom,
Detroit Pistons - Cleveland Cavaliers,Winner Of E1 E8 Winner Of E4 E5,2026-05-25,2026-05-18 00:00,Cleveland Cavaliers,Detroit Pistons,Cleveland Cavaliers,Donovan Mitchell,PuntosPrimerCuarto,5.5,Sobre,1.78,dom,
Detroit Pistons - Cleveland Cavaliers,Winner Of E1 E8 Winner Of E4 E5,2026-05-25,2026-05-18 00:00,Cleveland Cavaliers,Detroit Pistons,Cleveland Cavaliers,Donovan Mitchell,PuntosPrimerCuarto,5.5,Debajo,1.89,dom,
Detroit Pistons - Cleveland Cavaliers,Winner Of E1 E8 Winner Of E4 E5,2026-05-25,2026-05-18 00:00,Cleveland Cavaliers,Detroit Pistons,Cleveland Cavaliers,Donovan Mitchell,PuntosPrimerCuarto,6.5,Sobre,2.05,dom_alt,
Detroit Pistons - Cleveland Cavaliers,Winner Of E1 E8 Winner Of E4 E5,2026-05-25,2026-05-18 00:00,Cleveland Cavaliers,Detroit Pistons,Cleveland Cavaliers,Donovan Mitchell,PuntosPrimerCuarto,6.5,Debajo,1.57,dom_alt,
Detroit Pistons - Cleveland Cavaliers,Winner Of E1 E8 Winner Of E4 E5,2026-05-25,2026-05-18 00:00,Cleveland Cavaliers,Detroit Pistons,Cleveland Cavaliers,Donovan Mitchell,AsistenciasPrimerCuarto,0.5,Sobre,1.54,dom,
Detroit Pistons - Cleveland Cavaliers,Winner Of E1 E8 Winner Of E4 E5,2026-05-25,2026-05-18 00:00,Cleveland Cavaliers,Detroit Pistons,Cleveland Cavaliers,Donovan Mitchell,AsistenciasPrimerCuarto,0.5,Debajo,2.27,dom,
Detroit Pistons - Cleveland Cavaliers,Winner Of E1 E8 Winner Of E4 E5,2026-05-25,2026-05-18 00:00,Cleveland Cavaliers,Detroit Pistons,Cleveland Cavaliers,Donovan Mitchell,TirosLibres,5.5,Sobre,1.84,dom,
Detroit Pistons - Cleveland Cavaliers,Winner Of E1 E8 Winner Of E4 E5,2026-05-25,2026-05-18 00:00,Cleveland Cavaliers,Detroit Pistons,Cleveland Cavaliers,Donovan Mitchell,TirosLibres,5.5,Debajo,1.83,dom,
Detroit Pistons - Cleveland Cavaliers,Winner Of E1 E8 Winner Of E4 E5,2026-05-25,2026-05-18 00:00,Cleveland Cavaliers,Detroit Pistons,Cleveland Cavaliers,Donovan Mitchell,TirosLibresInt,6.5,Sobre,1.96,dom,
Detroit Pistons - Cleveland Cavaliers,Winner Of E1 E8 Winner Of E4 E5,2026-05-25,2026-05-18 00:00,Cleveland Cavaliers,Detroit Pistons,Cleveland Cavaliers,Donovan Mitchell,TirosLibresInt,6.5,Debajo,1.72,dom,
Detroit Pistons - Cleveland Cavaliers,Winner Of E1 E8 Winner Of E4 E5,2026-05-25,2026-05-18 00:00,Cleveland Cavaliers,Detroit Pistons,Cleveland Cavaliers,Donovan Mitchell,GolesCampo,8.5,Sobre,1.79,dom,
Detroit Pistons - Cleveland Cavaliers,Winner Of E1 E8 Winner Of E4 E5,2026-05-25,2026-05-18 00:00,Cleveland Cavaliers,Detroit Pistons,Cleveland Cavaliers,Donovan Mitchell,GolesCampo,8.5,Debajo,1.88,dom,
Detroit Pistons - Cleveland Cavaliers,Winner Of E1 E8 Winner Of E4 E5,2026-05-25,2026-05-18 00:00,Cleveland Cavaliers,Detroit Pistons,Cleveland Cavaliers,Donovan Mitchell,GolesCampoInt,20.5,Sobre,1.98,dom,
Detroit Pistons - Cleveland Cavaliers,Winner Of E1 E8 Winner Of E4 E5,2026-05-25,2026-05-18 00:00,Cleveland Cavaliers,Detroit Pistons,Cleveland Cavaliers,Donovan Mitchell,GolesCampoInt,20.5,Debajo,1.71,dom,
Detroit Pistons - Cleveland Cavaliers,Winner Of E1 E8 Winner Of E4 E5,2026-05-25,2026-05-18 00:00,Cleveland Cavaliers,Detroit Pistons,Cleveland Cavaliers,Donovan Mitchell,TriplesInt,7.5,Sobre,1.67,dom,
Detroit Pistons - Cleveland Cavaliers,Winner Of E1 E8 Winner Of E4 E5,2026-05-25,2026-05-18 00:00,Cleveland Cavaliers,Detroit Pistons,Cleveland Cavaliers,Donovan Mitchell,TriplesInt,7.5,Debajo,2.04,dom,
Detroit Pistons - Cleveland Cavaliers,Winner Of E1 E8 Winner Of E4 E5,2026-05-25,2026-05-18 00:00,Cleveland Cavaliers,Detroit Pistons,Cleveland Cavaliers,Evan Mobley,Puntos,16.5,Sobre,1.88,dom,
Detroit Pistons - Cleveland Cavaliers,Winner Of E1 E8 Winner Of E4 E5,2026-05-25,2026-05-18 00:00,Cleveland Cavaliers,Detroit Pistons,Cleveland Cavaliers,Evan Mobley,Puntos,16.5,Debajo,1.79,dom,
Detroit Pistons - Cleveland Cavaliers,Winner Of E1 E8 Winner Of E4 E5,2026-05-25,2026-05-18 00:00,Cleveland Cavaliers,Detroit Pistons,Cleveland Cavaliers,Evan Mobley,Puntos,17.5,Sobre,2.01,dom_alt,
Detroit Pistons - Cleveland Cavaliers,Winner Of E1 E8 Winner Of E4 E5,2026-05-25,2026-05-18 00:00,Cleveland Cavaliers,Detroit Pistons,Cleveland Cavaliers,Evan Mobley,Puntos,17.5,Debajo,1.59,dom_alt,
Detroit Pistons - Cleveland Cavaliers,Winner Of E1 E8 Winner Of E4 E5,2026-05-25,2026-05-18 00:00,Cleveland Cavaliers,Detroit Pistons,Cleveland Cavaliers,Evan Mobley,Puntos,14.5,Sobre,1.54,dom_alt,
Detroit Pistons - Cleveland Cavaliers,Winner Of E1 E8 Winner Of E4 E5,2026-05-25,2026-05-18 00:00,Cleveland Cavaliers,Detroit Pistons,Cleveland Cavaliers,Evan Mobley,Puntos,14.5,Debajo,2.10,dom_alt,
Detroit Pistons - Cleveland Cavaliers,Winner Of E1 E8 Winner Of E4 E5,2026-05-25,2026-05-18 00:00,Cleveland Cavaliers,Detroit Pistons,Cleveland Cavaliers,Evan Mobley,Puntos,18.5,Sobre,2.20,dom_alt,
Detroit Pistons - Cleveland Cavaliers,Winner Of E1 E8 Winner Of E4 E5,2026-05-25,2026-05-18 00:00,Cleveland Cavaliers,Detroit Pistons,Cleveland Cavaliers,Evan Mobley,Puntos,18.5,Debajo,1.49,dom_alt,
Detroit Pistons - Cleveland Cavaliers,Winner Of E1 E8 Winner Of E4 E5,2026-05-25,2026-05-18 00:00,Cleveland Cavaliers,Detroit Pistons,Cleveland Cavaliers,Evan Mobley,Puntos,13.5,Sobre,1.41,dom_alt,
Detroit Pistons - Cleveland Cavaliers,Winner Of E1 E8 Winner Of E4 E5,2026-05-25,2026-05-18 00:00,Cleveland Cavaliers,Detroit Pistons,Cleveland Cavaliers,Evan Mobley,Puntos,13.5,Debajo,2.41,dom_alt,
Detroit Pistons - Cleveland Cavaliers,Winner Of E1 E8 Winner Of E4 E5,2026-05-25,2026-05-18 00:00,Cleveland Cavaliers,Detroit Pistons,Cleveland Cavaliers,Evan Mobley,Puntos,19.5,Sobre,2.54,dom_alt,
Detroit Pistons - Cleveland Cavaliers,Winner Of E1 E8 Winner Of E4 E5,2026-05-25,2026-05-18 00:00,Cleveland Cavaliers,Detroit Pistons,Cleveland Cavaliers,Evan Mobley,Puntos,19.5,Debajo,1.37,dom_alt,
Detroit Pistons - Cleveland Cavaliers,Winner Of E1 E8 Winner Of E4 E5,2026-05-25,2026-05-18 00:00,Cleveland Cavaliers,Detroit Pistons,Cleveland Cavaliers,Evan Mobley,Puntos,12.5,Sobre,1.30,dom_alt,
Detroit Pistons - Cleveland Cavaliers,Winner Of E1 E8 Winner Of E4 E5,2026-05-25,2026-05-18 00:00,Cleveland Cavaliers,Detroit Pistons,Cleveland Cavaliers,Evan Mobley,Puntos,12.5,Debajo,2.81,dom_alt,
Detroit Pistons - Cleveland Cavaliers,Winner Of E1 E8 Winner Of E4 E5,2026-05-25,2026-05-18 00:00,Cleveland Cavaliers,Detroit Pistons,Cleveland Cavaliers,Evan Mobley,Rebotes,7.5,Sobre,1.63,dom,
Detroit Pistons - Cleveland Cavaliers,Winner Of E1 E8 Winner Of E4 E5,2026-05-25,2026-05-18 00:00,Cleveland Cavaliers,Detroit Pistons,Cleveland Cavaliers,Evan Mobley,Rebotes,7.5,Debajo,2.09,dom,
Detroit Pistons - Cleveland Cavaliers,Winner Of E1 E8 Winner Of E4 E5,2026-05-25,2026-05-18 00:00,Cleveland Cavaliers,Detroit Pistons,Cleveland Cavaliers,Evan Mobley,Rebotes,8.5,Sobre,1.99,dom_alt,
Detroit Pistons - Cleveland Cavaliers,Winner Of E1 E8 Winner Of E4 E5,2026-05-25,2026-05-18 00:00,Cleveland Cavaliers,Detroit Pistons,Cleveland Cavaliers,Evan Mobley,Rebotes,8.5,Debajo,1.61,dom_alt,
Detroit Pistons - Cleveland Cavaliers,Winner Of E1 E8 Winner Of E4 E5,2026-05-25,2026-05-18 00:00,Cleveland Cavaliers,Detroit Pistons,Cleveland Cavaliers,Evan Mobley,Rebotes,9.5,Sobre,2.48,dom_alt,
Detroit Pistons - Cleveland Cavaliers,Winner Of E1 E8 Winner Of E4 E5,2026-05-25,2026-05-18 00:00,Cleveland Cavaliers,Detroit Pistons,Cleveland Cavaliers,Evan Mobley,Rebotes,9.5,Debajo,1.39,dom_alt,
Detroit Pistons - Cleveland Cavaliers,Winner Of E1 E8 Winner Of E4 E5,2026-05-25,2026-05-18 00:00,Cleveland Cavaliers,Detroit Pistons,Cleveland Cavaliers,Evan Mobley,Triples,1.5,Sobre,2.51,dom,
Detroit Pistons - Cleveland Cavaliers,Winner Of E1 E8 Winner Of E4 E5,2026-05-25,2026-05-18 00:00,Cleveland Cavaliers,Detroit Pistons,Cleveland Cavaliers,Evan Mobley,Triples,1.5,Debajo,1.45,dom,
Detroit Pistons - Cleveland Cavaliers,Winner Of E1 E8 Winner Of E4 E5,2026-05-25,2026-05-18 00:00,Cleveland Cavaliers,Detroit Pistons,Cleveland Cavaliers,Evan Mobley,Tapones,2.5,Sobre,2.29,dom,
Detroit Pistons - Cleveland Cavaliers,Winner Of E1 E8 Winner Of E4 E5,2026-05-25,2026-05-18 00:00,Cleveland Cavaliers,Detroit Pistons,Cleveland Cavaliers,Evan Mobley,Tapones,2.5,Debajo,1.53,dom,
Detroit Pistons - Cleveland Cavaliers,Winner Of E1 E8 Winner Of E4 E5,2026-05-25,2026-05-18 00:00,Cleveland Cavaliers,Detroit Pistons,Cleveland Cavaliers,Evan Mobley,Puntos+Rebotes,24.5,Sobre,1.84,dom,
Detroit Pistons - Cleveland Cavaliers,Winner Of E1 E8 Winner Of E4 E5,2026-05-25,2026-05-18 00:00,Cleveland Cavaliers,Detroit Pistons,Cleveland Cavaliers,Evan Mobley,Puntos+Rebotes,24.5,Debajo,1.83,dom,
Detroit Pistons - Cleveland Cavaliers,Winner Of E1 E8 Winner Of E4 E5,2026-05-25,2026-05-18 00:00,Cleveland Cavaliers,Detroit Pistons,Cleveland Cavaliers,Evan Mobley,Puntos+Rebotes,25.5,Sobre,1.94,dom_alt,
Detroit Pistons - Cleveland Cavaliers,Winner Of E1 E8 Winner Of E4 E5,2026-05-25,2026-05-18 00:00,Cleveland Cavaliers,Detroit Pistons,Cleveland Cavaliers,Evan Mobley,Puntos+Rebotes,25.5,Debajo,1.64,dom_alt,
Detroit Pistons - Cleveland Cavaliers,Winner Of E1 E8 Winner Of E4 E5,2026-05-25,2026-05-18 00:00,Cleveland Cavaliers,Detroit Pistons,Cleveland Cavaliers,Evan Mobley,Puntos+Rebotes,22.5,Sobre,1.55,dom_alt,
Detroit Pistons - Cleveland Cavaliers,Winner Of E1 E8 Winner Of E4 E5,2026-05-25,2026-05-18 00:00,Cleveland Cavaliers,Detroit Pistons,Cleveland Cavaliers,Evan Mobley,Puntos+Rebotes,22.5,Debajo,2.08,dom_alt,
Detroit Pistons - Cleveland Cavaliers,Winner Of E1 E8 Winner Of E4 E5,2026-05-25,2026-05-18 00:00,Cleveland Cavaliers,Detroit Pistons,Cleveland Cavaliers,Evan Mobley,Puntos+Rebotes,26.5,Sobre,2.07,dom_alt,
Detroit Pistons - Cleveland Cavaliers,Winner Of E1 E8 Winner Of E4 E5,2026-05-25,2026-05-18 00:00,Cleveland Cavaliers,Detroit Pistons,Cleveland Cavaliers,Evan Mobley,Puntos+Rebotes,26.5,Debajo,1.56,dom_alt,
Detroit Pistons - Cleveland Cavaliers,Winner Of E1 E8 Winner Of E4 E5,2026-05-25,2026-05-18 00:00,Cleveland Cavaliers,Detroit Pistons,Cleveland Cavaliers,Evan Mobley,Puntos+Asistencias,19.5,Sobre,1.78,dom,
Detroit Pistons - Cleveland Cavaliers,Winner Of E1 E8 Winner Of E4 E5,2026-05-25,2026-05-18 00:00,Cleveland Cavaliers,Detroit Pistons,Cleveland Cavaliers,Evan Mobley,Puntos+Asistencias,19.5,Debajo,1.90,dom,
Detroit Pistons - Cleveland Cavaliers,Winner Of E1 E8 Winner Of E4 E5,2026-05-25,2026-05-18 00:00,Cleveland Cavaliers,Detroit Pistons,Cleveland Cavaliers,Evan Mobley,Puntos+Asistencias,20.5,Sobre,1.92,dom_alt,
Detroit Pistons - Cleveland Cavaliers,Winner Of E1 E8 Winner Of E4 E5,2026-05-25,2026-05-18 00:00,Cleveland Cavaliers,Detroit Pistons,Cleveland Cavaliers,Evan Mobley,Puntos+Asistencias,20.5,Debajo,1.66,dom_alt,
Detroit Pistons - Cleveland Cavaliers,Winner Of E1 E8 Winner Of E4 E5,2026-05-25,2026-05-18 00:00,Cleveland Cavaliers,Detroit Pistons,Cleveland Cavaliers,Evan Mobley,Puntos+Asistencias,21.5,Sobre,2.05,dom_alt,
Detroit Pistons - Cleveland Cavaliers,Winner Of E1 E8 Winner Of E4 E5,2026-05-25,2026-05-18 00:00,Cleveland Cavaliers,Detroit Pistons,Cleveland Cavaliers,Evan Mobley,Puntos+Asistencias,21.5,Debajo,1.57,dom_alt,
Detroit Pistons - Cleveland Cavaliers,Winner Of E1 E8 Winner Of E4 E5,2026-05-25,2026-05-18 00:00,Cleveland Cavaliers,Detroit Pistons,Cleveland Cavaliers,Evan Mobley,PRA,27.5,Sobre,1.75,dom,
Detroit Pistons - Cleveland Cavaliers,Winner Of E1 E8 Winner Of E4 E5,2026-05-25,2026-05-18 00:00,Cleveland Cavaliers,Detroit Pistons,Cleveland Cavaliers,Evan Mobley,PRA,27.5,Debajo,1.93,dom,
Detroit Pistons - Cleveland Cavaliers,Winner Of E1 E8 Winner Of E4 E5,2026-05-25,2026-05-18 00:00,Cleveland Cavaliers,Detroit Pistons,Cleveland Cavaliers,Evan Mobley,PRA,28.5,Sobre,1.86,dom_alt,
Detroit Pistons - Cleveland Cavaliers,Winner Of E1 E8 Winner Of E4 E5,2026-05-25,2026-05-18 00:00,Cleveland Cavaliers,Detroit Pistons,Cleveland Cavaliers,Evan Mobley,PRA,28.5,Debajo,1.70,dom_alt,
Detroit Pistons - Cleveland Cavaliers,Winner Of E1 E8 Winner Of E4 E5,2026-05-25,2026-05-18 00:00,Cleveland Cavaliers,Detroit Pistons,Cleveland Cavaliers,Evan Mobley,PRA,25.5,Sobre,1.51,dom_alt,
Detroit Pistons - Cleveland Cavaliers,Winner Of E1 E8 Winner Of E4 E5,2026-05-25,2026-05-18 00:00,Cleveland Cavaliers,Detroit Pistons,Cleveland Cavaliers,Evan Mobley,PRA,25.5,Debajo,2.17,dom_alt,
Detroit Pistons - Cleveland Cavaliers,Winner Of E1 E8 Winner Of E4 E5,2026-05-25,2026-05-18 00:00,Cleveland Cavaliers,Detroit Pistons,Cleveland Cavaliers,Evan Mobley,PRA,29.5,Sobre,2.04,dom_alt,
Detroit Pistons - Cleveland Cavaliers,Winner Of E1 E8 Winner Of E4 E5,2026-05-25,2026-05-18 00:00,Cleveland Cavaliers,Detroit Pistons,Cleveland Cavaliers,Evan Mobley,PRA,29.5,Debajo,1.58,dom_alt,
Detroit Pistons - Cleveland Cavaliers,Winner Of E1 E8 Winner Of E4 E5,2026-05-25,2026-05-18 00:00,Cleveland Cavaliers,Detroit Pistons,Cleveland Cavaliers,Evan Mobley,PRA,24.5,Sobre,1.41,dom_alt,
Detroit Pistons - Cleveland Cavaliers,Winner Of E1 E8 Winner Of E4 E5,2026-05-25,2026-05-18 00:00,Cleveland Cavaliers,Detroit Pistons,Cleveland Cavaliers,Evan Mobley,PRA,24.5,Debajo,2.42,dom_alt,
Detroit Pistons - Cleveland Cavaliers,Winner Of E1 E8 Winner Of E4 E5,2026-05-25,2026-05-18 00:00,Cleveland Cavaliers,Detroit Pistons,Cleveland Cavaliers,Evan Mobley,PRA,30.5,Sobre,2.18,dom_alt,
Detroit Pistons - Cleveland Cavaliers,Winner Of E1 E8 Winner Of E4 E5,2026-05-25,2026-05-18 00:00,Cleveland Cavaliers,Detroit Pistons,Cleveland Cavaliers,Evan Mobley,PRA,30.5,Debajo,1.50,dom_alt,
Detroit Pistons - Cleveland Cavaliers,Winner Of E1 E8 Winner Of E4 E5,2026-05-25,2026-05-18 00:00,Cleveland Cavaliers,Detroit Pistons,Cleveland Cavaliers,Evan Mobley,PRA,23.5,Sobre,1.32,dom_alt,
Detroit Pistons - Cleveland Cavaliers,Winner Of E1 E8 Winner Of E4 E5,2026-05-25,2026-05-18 00:00,Cleveland Cavaliers,Detroit Pistons,Cleveland Cavaliers,Evan Mobley,PRA,23.5,Debajo,2.72,dom_alt,
Detroit Pistons - Cleveland Cavaliers,Winner Of E1 E8 Winner Of E4 E5,2026-05-25,2026-05-18 00:00,Cleveland Cavaliers,Detroit Pistons,Cleveland Cavaliers,Evan Mobley,PRA,31.5,Sobre,2.42,dom_alt,
Detroit Pistons - Cleveland Cavaliers,Winner Of E1 E8 Winner Of E4 E5,2026-05-25,2026-05-18 00:00,Cleveland Cavaliers,Detroit Pistons,Cleveland Cavaliers,Evan Mobley,PRA,31.5,Debajo,1.41,dom_alt,
Detroit Pistons - Cleveland Cavaliers,Winner Of E1 E8 Winner Of E4 E5,2026-05-25,2026-05-18 00:00,Cleveland Cavaliers,Detroit Pistons,Cleveland Cavaliers,Evan Mobley,PRA,32.5,Sobre,2.67,dom_alt,
Detroit Pistons - Cleveland Cavaliers,Winner Of E1 E8 Winner Of E4 E5,2026-05-25,2026-05-18 00:00,Cleveland Cavaliers,Detroit Pistons,Cleveland Cavaliers,Evan Mobley,PRA,32.5,Debajo,1.33,dom_alt,
Detroit Pistons - Cleveland Cavaliers,Winner Of E1 E8 Winner Of E4 E5,2026-05-25,2026-05-18 00:00,Cleveland Cavaliers,Detroit Pistons,Cleveland Cavaliers,Evan Mobley,Asistencias+Rebotes,11.5,Sobre,1.85,dom,
Detroit Pistons - Cleveland Cavaliers,Winner Of E1 E8 Winner Of E4 E5,2026-05-25,2026-05-18 00:00,Cleveland Cavaliers,Detroit Pistons,Cleveland Cavaliers,Evan Mobley,Asistencias+Rebotes,11.5,Debajo,1.82,dom,
Detroit Pistons - Cleveland Cavaliers,Winner Of E1 E8 Winner Of E4 E5,2026-05-25,2026-05-18 00:00,Cleveland Cavaliers,Detroit Pistons,Cleveland Cavaliers,Evan Mobley,Asistencias+Rebotes,12.5,Sobre,2.09,dom_alt,
Detroit Pistons - Cleveland Cavaliers,Winner Of E1 E8 Winner Of E4 E5,2026-05-25,2026-05-18 00:00,Cleveland Cavaliers,Detroit Pistons,Cleveland Cavaliers,Evan Mobley,Asistencias+Rebotes,12.5,Debajo,1.54,dom_alt,
Detroit Pistons - Cleveland Cavaliers,Winner Of E1 E8 Winner Of E4 E5,2026-05-25,2026-05-18 00:00,Cleveland Cavaliers,Detroit Pistons,Cleveland Cavaliers,Evan Mobley,Robos+Tapones,3.5,Sobre,2.15,dom,
Detroit Pistons - Cleveland Cavaliers,Winner Of E1 E8 Winner Of E4 E5,2026-05-25,2026-05-18 00:00,Cleveland Cavaliers,Detroit Pistons,Cleveland Cavaliers,Evan Mobley,Robos+Tapones,3.5,Debajo,1.60,dom,
Detroit Pistons - Cleveland Cavaliers,Winner Of E1 E8 Winner Of E4 E5,2026-05-25,2026-05-18 00:00,Cleveland Cavaliers,Detroit Pistons,Cleveland Cavaliers,Evan Mobley,DobleDoble,0.5,Sobre,2.94,dom,
Detroit Pistons - Cleveland Cavaliers,Winner Of E1 E8 Winner Of E4 E5,2026-05-25,2026-05-18 00:00,Cleveland Cavaliers,Detroit Pistons,Cleveland Cavaliers,Evan Mobley,DobleDoble,0.5,Debajo,1.33,dom,
Detroit Pistons - Cleveland Cavaliers,Winner Of E1 E8 Winner Of E4 E5,2026-05-25,2026-05-18 00:00,Cleveland Cavaliers,Detroit Pistons,Cleveland Cavaliers,Evan Mobley,Asistencias,3.5,Sobre,2.04,dom,
Detroit Pistons - Cleveland Cavaliers,Winner Of E1 E8 Winner Of E4 E5,2026-05-25,2026-05-18 00:00,Cleveland Cavaliers,Detroit Pistons,Cleveland Cavaliers,Evan Mobley,Asistencias,3.5,Debajo,1.67,dom,
Detroit Pistons - Cleveland Cavaliers,Winner Of E1 E8 Winner Of E4 E5,2026-05-25,2026-05-18 00:00,Cleveland Cavaliers,Detroit Pistons,Cleveland Cavaliers,Evan Mobley,PuntosPrimerCuarto,4.5,Sobre,2.12,dom,
Detroit Pistons - Cleveland Cavaliers,Winner Of E1 E8 Winner Of E4 E5,2026-05-25,2026-05-18 00:00,Cleveland Cavaliers,Detroit Pistons,Cleveland Cavaliers,Evan Mobley,PuntosPrimerCuarto,4.5,Debajo,1.62,dom,
Detroit Pistons - Cleveland Cavaliers,Winner Of E1 E8 Winner Of E4 E5,2026-05-25,2026-05-18 00:00,Cleveland Cavaliers,Detroit Pistons,Cleveland Cavaliers,Evan Mobley,AsistenciasPrimerCuarto,0.5,Sobre,1.56,dom,
Detroit Pistons - Cleveland Cavaliers,Winner Of E1 E8 Winner Of E4 E5,2026-05-25,2026-05-18 00:00,Cleveland Cavaliers,Detroit Pistons,Cleveland Cavaliers,Evan Mobley,AsistenciasPrimerCuarto,0.5,Debajo,2.23,dom,
Detroit Pistons - Cleveland Cavaliers,Winner Of E1 E8 Winner Of E4 E5,2026-05-25,2026-05-18 00:00,Cleveland Cavaliers,Detroit Pistons,Cleveland Cavaliers,Evan Mobley,RebotesPrimerCuarto,1.5,Sobre,1.55,dom,
Detroit Pistons - Cleveland Cavaliers,Winner Of E1 E8 Winner Of E4 E5,2026-05-25,2026-05-18 00:00,Cleveland Cavaliers,Detroit Pistons,Cleveland Cavaliers,Evan Mobley,RebotesPrimerCuarto,1.5,Debajo,2.25,dom,
Detroit Pistons - Cleveland Cavaliers,Winner Of E1 E8 Winner Of E4 E5,2026-05-25,2026-05-18 00:00,Cleveland Cavaliers,Detroit Pistons,Cleveland Cavaliers,Evan Mobley,TirosLibres,2.5,Sobre,1.81,dom,
Detroit Pistons - Cleveland Cavaliers,Winner Of E1 E8 Winner Of E4 E5,2026-05-25,2026-05-18 00:00,Cleveland Cavaliers,Detroit Pistons,Cleveland Cavaliers,Evan Mobley,TirosLibres,2.5,Debajo,1.87,dom,
Detroit Pistons - Cleveland Cavaliers,Winner Of E1 E8 Winner Of E4 E5,2026-05-25,2026-05-18 00:00,Cleveland Cavaliers,Detroit Pistons,Cleveland Cavaliers,Evan Mobley,TirosLibresInt,4.5,Sobre,1.92,dom,
Detroit Pistons - Cleveland Cavaliers,Winner Of E1 E8 Winner Of E4 E5,2026-05-25,2026-05-18 00:00,Cleveland Cavaliers,Detroit Pistons,Cleveland Cavaliers,Evan Mobley,TirosLibresInt,4.5,Debajo,1.76,dom,
Detroit Pistons - Cleveland Cavaliers,Winner Of E1 E8 Winner Of E4 E5,2026-05-25,2026-05-18 00:00,Cleveland Cavaliers,Detroit Pistons,Cleveland Cavaliers,Evan Mobley,GolesCampo,6.5,Sobre,2.08,dom,
Detroit Pistons - Cleveland Cavaliers,Winner Of E1 E8 Winner Of E4 E5,2026-05-25,2026-05-18 00:00,Cleveland Cavaliers,Detroit Pistons,Cleveland Cavaliers,Evan Mobley,GolesCampo,6.5,Debajo,1.64,dom,
Detroit Pistons - Cleveland Cavaliers,Winner Of E1 E8 Winner Of E4 E5,2026-05-25,2026-05-18 00:00,Cleveland Cavaliers,Detroit Pistons,Cleveland Cavaliers,Evan Mobley,GolesCampoInt,12.5,Sobre,1.89,dom,
Detroit Pistons - Cleveland Cavaliers,Winner Of E1 E8 Winner Of E4 E5,2026-05-25,2026-05-18 00:00,Cleveland Cavaliers,Detroit Pistons,Cleveland Cavaliers,Evan Mobley,GolesCampoInt,12.5,Debajo,1.78,dom,
Detroit Pistons - Cleveland Cavaliers,Winner Of E1 E8 Winner Of E4 E5,2026-05-25,2026-05-18 00:00,Cleveland Cavaliers,Detroit Pistons,Cleveland Cavaliers,Evan Mobley,TriplesInt,3.5,Sobre,2.05,dom,
Detroit Pistons - Cleveland Cavaliers,Winner Of E1 E8 Winner Of E4 E5,2026-05-25,2026-05-18 00:00,Cleveland Cavaliers,Detroit Pistons,Cleveland Cavaliers,Evan Mobley,TriplesInt,3.5,Debajo,1.66,dom,
Detroit Pistons - Cleveland Cavaliers,Winner Of E1 E8 Winner Of E4 E5,2026-05-25,2026-05-18 00:00,Cleveland Cavaliers,Detroit Pistons,Cleveland Cavaliers,Dennis Schroder,Puntos,5.5,Sobre,1.82,dom,
Detroit Pistons - Cleveland Cavaliers,Winner Of E1 E8 Winner Of E4 E5,2026-05-25,2026-05-18 00:00,Cleveland Cavaliers,Detroit Pistons,Cleveland Cavaliers,Dennis Schroder,Puntos,5.5,Debajo,1.85,dom,
Detroit Pistons - Cleveland Cavaliers,Winner Of E1 E8 Winner Of E4 E5,2026-05-25,2026-05-18 00:00,Cleveland Cavaliers,Detroit Pistons,Cleveland Cavaliers,Dennis Schroder,Puntos,6.5,Sobre,2.09,dom_alt,
Detroit Pistons - Cleveland Cavaliers,Winner Of E1 E8 Winner Of E4 E5,2026-05-25,2026-05-18 00:00,Cleveland Cavaliers,Detroit Pistons,Cleveland Cavaliers,Dennis Schroder,Puntos,6.5,Debajo,1.55,dom_alt,
Detroit Pistons - Cleveland Cavaliers,Winner Of E1 E8 Winner Of E4 E5,2026-05-25,2026-05-18 00:00,Cleveland Cavaliers,Detroit Pistons,Cleveland Cavaliers,Dennis Schroder,Puntos,3.5,Sobre,1.34,dom_alt,
Detroit Pistons - Cleveland Cavaliers,Winner Of E1 E8 Winner Of E4 E5,2026-05-25,2026-05-18 00:00,Cleveland Cavaliers,Detroit Pistons,Cleveland Cavaliers,Dennis Schroder,Puntos,3.5,Debajo,2.64,dom_alt,
Detroit Pistons - Cleveland Cavaliers,Winner Of E1 E8 Winner Of E4 E5,2026-05-25,2026-05-18 00:00,Cleveland Cavaliers,Detroit Pistons,Cleveland Cavaliers,Dennis Schroder,Puntos,7.5,Sobre,2.40,dom_alt,
Detroit Pistons - Cleveland Cavaliers,Winner Of E1 E8 Winner Of E4 E5,2026-05-25,2026-05-18 00:00,Cleveland Cavaliers,Detroit Pistons,Cleveland Cavaliers,Dennis Schroder,Puntos,7.5,Debajo,1.41,dom_alt,
Detroit Pistons - Cleveland Cavaliers,Winner Of E1 E8 Winner Of E4 E5,2026-05-25,2026-05-18 00:00,Cleveland Cavaliers,Detroit Pistons,Cleveland Cavaliers,Dennis Schroder,Rebotes,1.5,Sobre,2.05,dom,
Detroit Pistons - Cleveland Cavaliers,Winner Of E1 E8 Winner Of E4 E5,2026-05-25,2026-05-18 00:00,Cleveland Cavaliers,Detroit Pistons,Cleveland Cavaliers,Dennis Schroder,Rebotes,1.5,Debajo,1.66,dom,
Detroit Pistons - Cleveland Cavaliers,Winner Of E1 E8 Winner Of E4 E5,2026-05-25,2026-05-18 00:00,Cleveland Cavaliers,Detroit Pistons,Cleveland Cavaliers,Dennis Schroder,Triples,0.5,Sobre,2.08,dom,
Detroit Pistons - Cleveland Cavaliers,Winner Of E1 E8 Winner Of E4 E5,2026-05-25,2026-05-18 00:00,Cleveland Cavaliers,Detroit Pistons,Cleveland Cavaliers,Dennis Schroder,Triples,0.5,Debajo,1.64,dom,
Detroit Pistons - Cleveland Cavaliers,Winner Of E1 E8 Winner Of E4 E5,2026-05-25,2026-05-18 00:00,Cleveland Cavaliers,Detroit Pistons,Cleveland Cavaliers,Dennis Schroder,Robos,0.5,Sobre,2.29,dom,
Detroit Pistons - Cleveland Cavaliers,Winner Of E1 E8 Winner Of E4 E5,2026-05-25,2026-05-18 00:00,Cleveland Cavaliers,Detroit Pistons,Cleveland Cavaliers,Dennis Schroder,Robos,0.5,Debajo,1.53,dom,
Detroit Pistons - Cleveland Cavaliers,Winner Of E1 E8 Winner Of E4 E5,2026-05-25,2026-05-18 00:00,Cleveland Cavaliers,Detroit Pistons,Cleveland Cavaliers,Dennis Schroder,Puntos+Rebotes,7.5,Sobre,1.98,dom,
Detroit Pistons - Cleveland Cavaliers,Winner Of E1 E8 Winner Of E4 E5,2026-05-25,2026-05-18 00:00,Cleveland Cavaliers,Detroit Pistons,Cleveland Cavaliers,Dennis Schroder,Puntos+Rebotes,7.5,Debajo,1.71,dom,
Detroit Pistons - Cleveland Cavaliers,Winner Of E1 E8 Winner Of E4 E5,2026-05-25,2026-05-18 00:00,Cleveland Cavaliers,Detroit Pistons,Cleveland Cavaliers,Dennis Schroder,Puntos+Rebotes,8.5,Sobre,2.13,dom_alt,
Detroit Pistons - Cleveland Cavaliers,Winner Of E1 E8 Winner Of E4 E5,2026-05-25,2026-05-18 00:00,Cleveland Cavaliers,Detroit Pistons,Cleveland Cavaliers,Dennis Schroder,Puntos+Rebotes,8.5,Debajo,1.52,dom_alt,
Detroit Pistons - Cleveland Cavaliers,Winner Of E1 E8 Winner Of E4 E5,2026-05-25,2026-05-18 00:00,Cleveland Cavaliers,Detroit Pistons,Cleveland Cavaliers,Dennis Schroder,Puntos+Asistencias,8.5,Sobre,1.97,dom,
Detroit Pistons - Cleveland Cavaliers,Winner Of E1 E8 Winner Of E4 E5,2026-05-25,2026-05-18 00:00,Cleveland Cavaliers,Detroit Pistons,Cleveland Cavaliers,Dennis Schroder,Puntos+Asistencias,8.5,Debajo,1.71,dom,
Detroit Pistons - Cleveland Cavaliers,Winner Of E1 E8 Winner Of E4 E5,2026-05-25,2026-05-18 00:00,Cleveland Cavaliers,Detroit Pistons,Cleveland Cavaliers,Dennis Schroder,Puntos+Asistencias,9.5,Sobre,2.13,dom_alt,
Detroit Pistons - Cleveland Cavaliers,Winner Of E1 E8 Winner Of E4 E5,2026-05-25,2026-05-18 00:00,Cleveland Cavaliers,Detroit Pistons,Cleveland Cavaliers,Dennis Schroder,Puntos+Asistencias,9.5,Debajo,1.53,dom_alt,
Detroit Pistons - Cleveland Cavaliers,Winner Of E1 E8 Winner Of E4 E5,2026-05-25,2026-05-18 00:00,Cleveland Cavaliers,Detroit Pistons,Cleveland Cavaliers,Dennis Schroder,PRA,9.5,Sobre,1.82,dom,
Detroit Pistons - Cleveland Cavaliers,Winner Of E1 E8 Winner Of E4 E5,2026-05-25,2026-05-18 00:00,Cleveland Cavaliers,Detroit Pistons,Cleveland Cavaliers,Dennis Schroder,PRA,9.5,Debajo,1.85,dom,
Detroit Pistons - Cleveland Cavaliers,Winner Of E1 E8 Winner Of E4 E5,2026-05-25,2026-05-18 00:00,Cleveland Cavaliers,Detroit Pistons,Cleveland Cavaliers,Dennis Schroder,PRA,10.5,Sobre,2.00,dom_alt,
Detroit Pistons - Cleveland Cavaliers,Winner Of E1 E8 Winner Of E4 E5,2026-05-25,2026-05-18 00:00,Cleveland Cavaliers,Detroit Pistons,Cleveland Cavaliers,Dennis Schroder,PRA,10.5,Debajo,1.60,dom_alt,
Detroit Pistons - Cleveland Cavaliers,Winner Of E1 E8 Winner Of E4 E5,2026-05-25,2026-05-18 00:00,Cleveland Cavaliers,Detroit Pistons,Cleveland Cavaliers,Dennis Schroder,PRA,7.5,Sobre,1.43,dom_alt,
Detroit Pistons - Cleveland Cavaliers,Winner Of E1 E8 Winner Of E4 E5,2026-05-25,2026-05-18 00:00,Cleveland Cavaliers,Detroit Pistons,Cleveland Cavaliers,Dennis Schroder,PRA,7.5,Debajo,2.35,dom_alt,
Detroit Pistons - Cleveland Cavaliers,Winner Of E1 E8 Winner Of E4 E5,2026-05-25,2026-05-18 00:00,Cleveland Cavaliers,Detroit Pistons,Cleveland Cavaliers,Dennis Schroder,PRA,11.5,Sobre,2.24,dom_alt,
Detroit Pistons - Cleveland Cavaliers,Winner Of E1 E8 Winner Of E4 E5,2026-05-25,2026-05-18 00:00,Cleveland Cavaliers,Detroit Pistons,Cleveland Cavaliers,Dennis Schroder,PRA,11.5,Debajo,1.47,dom_alt,
Detroit Pistons - Cleveland Cavaliers,Winner Of E1 E8 Winner Of E4 E5,2026-05-25,2026-05-18 00:00,Cleveland Cavaliers,Detroit Pistons,Cleveland Cavaliers,Dennis Schroder,PRA,12.5,Sobre,2.62,dom_alt,
Detroit Pistons - Cleveland Cavaliers,Winner Of E1 E8 Winner Of E4 E5,2026-05-25,2026-05-18 00:00,Cleveland Cavaliers,Detroit Pistons,Cleveland Cavaliers,Dennis Schroder,PRA,12.5,Debajo,1.34,dom_alt,
Detroit Pistons - Cleveland Cavaliers,Winner Of E1 E8 Winner Of E4 E5,2026-05-25,2026-05-18 00:00,Cleveland Cavaliers,Detroit Pistons,Cleveland Cavaliers,Dennis Schroder,Asistencias+Rebotes,3.5,Sobre,1.69,dom,
Detroit Pistons - Cleveland Cavaliers,Winner Of E1 E8 Winner Of E4 E5,2026-05-25,2026-05-18 00:00,Cleveland Cavaliers,Detroit Pistons,Cleveland Cavaliers,Dennis Schroder,Asistencias+Rebotes,3.5,Debajo,2.00,dom,
Detroit Pistons - Cleveland Cavaliers,Winner Of E1 E8 Winner Of E4 E5,2026-05-25,2026-05-18 00:00,Cleveland Cavaliers,Detroit Pistons,Cleveland Cavaliers,Dennis Schroder,Robos+Tapones,0.5,Sobre,1.85,dom,
Detroit Pistons - Cleveland Cavaliers,Winner Of E1 E8 Winner Of E4 E5,2026-05-25,2026-05-18 00:00,Cleveland Cavaliers,Detroit Pistons,Cleveland Cavaliers,Dennis Schroder,Robos+Tapones,0.5,Debajo,1.82,dom,
Detroit Pistons - Cleveland Cavaliers,Winner Of E1 E8 Winner Of E4 E5,2026-05-25,2026-05-18 00:00,Cleveland Cavaliers,Detroit Pistons,Cleveland Cavaliers,Dennis Schroder,Asistencias,2.5,Sobre,2.03,dom,
Detroit Pistons - Cleveland Cavaliers,Winner Of E1 E8 Winner Of E4 E5,2026-05-25,2026-05-18 00:00,Cleveland Cavaliers,Detroit Pistons,Cleveland Cavaliers,Dennis Schroder,Asistencias,2.5,Debajo,1.67,dom,
Detroit Pistons - Cleveland Cavaliers,Winner Of E1 E8 Winner Of E4 E5,2026-05-25,2026-05-18 00:00,Cleveland Cavaliers,Detroit Pistons,Cleveland Cavaliers,Dennis Schroder,PuntosPrimerCuarto,1.5,Sobre,1.70,dom,
Detroit Pistons - Cleveland Cavaliers,Winner Of E1 E8 Winner Of E4 E5,2026-05-25,2026-05-18 00:00,Cleveland Cavaliers,Detroit Pistons,Cleveland Cavaliers,Dennis Schroder,PuntosPrimerCuarto,1.5,Debajo,2.00,dom,
Detroit Pistons - Cleveland Cavaliers,Winner Of E1 E8 Winner Of E4 E5,2026-05-25,2026-05-18 00:00,Cleveland Cavaliers,Detroit Pistons,Cleveland Cavaliers,Dennis Schroder,AsistenciasPrimerCuarto,0.5,Sobre,1.69,dom,
Detroit Pistons - Cleveland Cavaliers,Winner Of E1 E8 Winner Of E4 E5,2026-05-25,2026-05-18 00:00,Cleveland Cavaliers,Detroit Pistons,Cleveland Cavaliers,Dennis Schroder,AsistenciasPrimerCuarto,0.5,Debajo,2.00,dom,
Detroit Pistons - Cleveland Cavaliers,Winner Of E1 E8 Winner Of E4 E5,2026-05-25,2026-05-18 00:00,Cleveland Cavaliers,Detroit Pistons,Cleveland Cavaliers,Dennis Schroder,RebotesPrimerCuarto,0.5,Sobre,2.33,dom,
Detroit Pistons - Cleveland Cavaliers,Winner Of E1 E8 Winner Of E4 E5,2026-05-25,2026-05-18 00:00,Cleveland Cavaliers,Detroit Pistons,Cleveland Cavaliers,Dennis Schroder,RebotesPrimerCuarto,0.5,Debajo,1.51,dom,
Detroit Pistons - Cleveland Cavaliers,Winner Of E1 E8 Winner Of E4 E5,2026-05-25,2026-05-18 00:00,Cleveland Cavaliers,Detroit Pistons,Cleveland Cavaliers,Dennis Schroder,TirosLibres,1.5,Sobre,2.00,dom,
Detroit Pistons - Cleveland Cavaliers,Winner Of E1 E8 Winner Of E4 E5,2026-05-25,2026-05-18 00:00,Cleveland Cavaliers,Detroit Pistons,Cleveland Cavaliers,Dennis Schroder,TirosLibres,1.5,Debajo,1.70,dom,
Detroit Pistons - Cleveland Cavaliers,Winner Of E1 E8 Winner Of E4 E5,2026-05-25,2026-05-18 00:00,Cleveland Cavaliers,Detroit Pistons,Cleveland Cavaliers,Dennis Schroder,TirosLibresInt,1.5,Sobre,1.71,dom,
Detroit Pistons - Cleveland Cavaliers,Winner Of E1 E8 Winner Of E4 E5,2026-05-25,2026-05-18 00:00,Cleveland Cavaliers,Detroit Pistons,Cleveland Cavaliers,Dennis Schroder,TirosLibresInt,1.5,Debajo,1.98,dom,
Detroit Pistons - Cleveland Cavaliers,Winner Of E1 E8 Winner Of E4 E5,2026-05-25,2026-05-18 00:00,Cleveland Cavaliers,Detroit Pistons,Cleveland Cavaliers,Dennis Schroder,GolesCampo,1.5,Sobre,1.61,dom,
Detroit Pistons - Cleveland Cavaliers,Winner Of E1 E8 Winner Of E4 E5,2026-05-25,2026-05-18 00:00,Cleveland Cavaliers,Detroit Pistons,Cleveland Cavaliers,Dennis Schroder,GolesCampo,1.5,Debajo,2.13,dom,
Detroit Pistons - Cleveland Cavaliers,Winner Of E1 E8 Winner Of E4 E5,2026-05-25,2026-05-18 00:00,Cleveland Cavaliers,Detroit Pistons,Cleveland Cavaliers,Dennis Schroder,GolesCampoInt,4.5,Sobre,1.79,dom,
Detroit Pistons - Cleveland Cavaliers,Winner Of E1 E8 Winner Of E4 E5,2026-05-25,2026-05-18 00:00,Cleveland Cavaliers,Detroit Pistons,Cleveland Cavaliers,Dennis Schroder,GolesCampoInt,4.5,Debajo,1.88,dom,
Detroit Pistons - Cleveland Cavaliers,Winner Of E1 E8 Winner Of E4 E5,2026-05-25,2026-05-18 00:00,Cleveland Cavaliers,Detroit Pistons,Cleveland Cavaliers,Dennis Schroder,TriplesInt,1.5,Sobre,1.78,dom,
Detroit Pistons - Cleveland Cavaliers,Winner Of E1 E8 Winner Of E4 E5,2026-05-25,2026-05-18 00:00,Cleveland Cavaliers,Detroit Pistons,Cleveland Cavaliers,Dennis Schroder,TriplesInt,1.5,Debajo,1.89,dom,
Detroit Pistons - Cleveland Cavaliers,Winner Of E1 E8 Winner Of E4 E5,2026-05-25,2026-05-18 00:00,Cleveland Cavaliers,Detroit Pistons,Cleveland Cavaliers,Dennis Schroder,Faltas,1.5,Sobre,2.07,dom,
Detroit Pistons - Cleveland Cavaliers,Winner Of E1 E8 Winner Of E4 E5,2026-05-25,2026-05-18 00:00,Cleveland Cavaliers,Detroit Pistons,Cleveland Cavaliers,Dennis Schroder,Faltas,1.5,Debajo,1.65,dom,
Detroit Pistons - Cleveland Cavaliers,Winner Of E1 E8 Winner Of E4 E5,2026-05-25,2026-05-18 00:00,Cleveland Cavaliers,Detroit Pistons,Cleveland Cavaliers,Max Strus,Puntos,8.5,Sobre,1.77,dom,
Detroit Pistons - Cleveland Cavaliers,Winner Of E1 E8 Winner Of E4 E5,2026-05-25,2026-05-18 00:00,Cleveland Cavaliers,Detroit Pistons,Cleveland Cavaliers,Max Strus,Puntos,8.5,Debajo,1.90,dom,
Detroit Pistons - Cleveland Cavaliers,Winner Of E1 E8 Winner Of E4 E5,2026-05-25,2026-05-18 00:00,Cleveland Cavaliers,Detroit Pistons,Cleveland Cavaliers,Max Strus,Puntos,9.5,Sobre,1.95,dom_alt,
Detroit Pistons - Cleveland Cavaliers,Winner Of E1 E8 Winner Of E4 E5,2026-05-25,2026-05-18 00:00,Cleveland Cavaliers,Detroit Pistons,Cleveland Cavaliers,Max Strus,Puntos,9.5,Debajo,1.64,dom_alt,
Detroit Pistons - Cleveland Cavaliers,Winner Of E1 E8 Winner Of E4 E5,2026-05-25,2026-05-18 00:00,Cleveland Cavaliers,Detroit Pistons,Cleveland Cavaliers,Max Strus,Puntos,6.5,Sobre,1.41,dom_alt,
Detroit Pistons - Cleveland Cavaliers,Winner Of E1 E8 Winner Of E4 E5,2026-05-25,2026-05-18 00:00,Cleveland Cavaliers,Detroit Pistons,Cleveland Cavaliers,Max Strus,Puntos,6.5,Debajo,2.41,dom_alt,
Detroit Pistons - Cleveland Cavaliers,Winner Of E1 E8 Winner Of E4 E5,2026-05-25,2026-05-18 00:00,Cleveland Cavaliers,Detroit Pistons,Cleveland Cavaliers,Max Strus,Puntos,10.5,Sobre,2.13,dom_alt,
Detroit Pistons - Cleveland Cavaliers,Winner Of E1 E8 Winner Of E4 E5,2026-05-25,2026-05-18 00:00,Cleveland Cavaliers,Detroit Pistons,Cleveland Cavaliers,Max Strus,Puntos,10.5,Debajo,1.52,dom_alt,
Detroit Pistons - Cleveland Cavaliers,Winner Of E1 E8 Winner Of E4 E5,2026-05-25,2026-05-18 00:00,Cleveland Cavaliers,Detroit Pistons,Cleveland Cavaliers,Max Strus,Puntos,11.5,Sobre,2.54,dom_alt,
Detroit Pistons - Cleveland Cavaliers,Winner Of E1 E8 Winner Of E4 E5,2026-05-25,2026-05-18 00:00,Cleveland Cavaliers,Detroit Pistons,Cleveland Cavaliers,Max Strus,Puntos,11.5,Debajo,1.37,dom_alt,
Detroit Pistons - Cleveland Cavaliers,Winner Of E1 E8 Winner Of E4 E5,2026-05-25,2026-05-18 00:00,Cleveland Cavaliers,Detroit Pistons,Cleveland Cavaliers,Max Strus,Puntos,12.5,Sobre,2.93,dom_alt,
Detroit Pistons - Cleveland Cavaliers,Winner Of E1 E8 Winner Of E4 E5,2026-05-25,2026-05-18 00:00,Cleveland Cavaliers,Detroit Pistons,Cleveland Cavaliers,Max Strus,Puntos,12.5,Debajo,1.28,dom_alt,
Detroit Pistons - Cleveland Cavaliers,Winner Of E1 E8 Winner Of E4 E5,2026-05-25,2026-05-18 00:00,Cleveland Cavaliers,Detroit Pistons,Cleveland Cavaliers,Max Strus,Rebotes,4.5,Sobre,1.89,dom,
Detroit Pistons - Cleveland Cavaliers,Winner Of E1 E8 Winner Of E4 E5,2026-05-25,2026-05-18 00:00,Cleveland Cavaliers,Detroit Pistons,Cleveland Cavaliers,Max Strus,Rebotes,4.5,Debajo,1.78,dom,
Detroit Pistons - Cleveland Cavaliers,Winner Of E1 E8 Winner Of E4 E5,2026-05-25,2026-05-18 00:00,Cleveland Cavaliers,Detroit Pistons,Cleveland Cavaliers,Max Strus,Rebotes,5.5,Sobre,2.45,dom_alt,
Detroit Pistons - Cleveland Cavaliers,Winner Of E1 E8 Winner Of E4 E5,2026-05-25,2026-05-18 00:00,Cleveland Cavaliers,Detroit Pistons,Cleveland Cavaliers,Max Strus,Rebotes,5.5,Debajo,1.40,dom_alt,
Detroit Pistons - Cleveland Cavaliers,Winner Of E1 E8 Winner Of E4 E5,2026-05-25,2026-05-18 00:00,Cleveland Cavaliers,Detroit Pistons,Cleveland Cavaliers,Max Strus,Triples,2.5,Sobre,2.44,dom,
Detroit Pistons - Cleveland Cavaliers,Winner Of E1 E8 Winner Of E4 E5,2026-05-25,2026-05-18 00:00,Cleveland Cavaliers,Detroit Pistons,Cleveland Cavaliers,Max Strus,Triples,2.5,Debajo,1.47,dom,
Detroit Pistons - Cleveland Cavaliers,Winner Of E1 E8 Winner Of E4 E5,2026-05-25,2026-05-18 00:00,Cleveland Cavaliers,Detroit Pistons,Cleveland Cavaliers,Max Strus,Robos,0.5,Sobre,1.74,dom,
Detroit Pistons - Cleveland Cavaliers,Winner Of E1 E8 Winner Of E4 E5,2026-05-25,2026-05-18 00:00,Cleveland Cavaliers,Detroit Pistons,Cleveland Cavaliers,Max Strus,Robos,0.5,Debajo,1.95,dom,
Detroit Pistons - Cleveland Cavaliers,Winner Of E1 E8 Winner Of E4 E5,2026-05-25,2026-05-18 00:00,Cleveland Cavaliers,Detroit Pistons,Cleveland Cavaliers,Max Strus,Puntos+Rebotes,13.5,Sobre,1.83,dom,
Detroit Pistons - Cleveland Cavaliers,Winner Of E1 E8 Winner Of E4 E5,2026-05-25,2026-05-18 00:00,Cleveland Cavaliers,Detroit Pistons,Cleveland Cavaliers,Max Strus,Puntos+Rebotes,13.5,Debajo,1.84,dom,
Detroit Pistons - Cleveland Cavaliers,Winner Of E1 E8 Winner Of E4 E5,2026-05-25,2026-05-18 00:00,Cleveland Cavaliers,Detroit Pistons,Cleveland Cavaliers,Max Strus,Puntos+Rebotes,14.5,Sobre,1.97,dom_alt,
Detroit Pistons - Cleveland Cavaliers,Winner Of E1 E8 Winner Of E4 E5,2026-05-25,2026-05-18 00:00,Cleveland Cavaliers,Detroit Pistons,Cleveland Cavaliers,Max Strus,Puntos+Rebotes,14.5,Debajo,1.62,dom_alt,
Detroit Pistons - Cleveland Cavaliers,Winner Of E1 E8 Winner Of E4 E5,2026-05-25,2026-05-18 00:00,Cleveland Cavaliers,Detroit Pistons,Cleveland Cavaliers,Max Strus,Puntos+Rebotes,15.5,Sobre,2.16,dom_alt,
Detroit Pistons - Cleveland Cavaliers,Winner Of E1 E8 Winner Of E4 E5,2026-05-25,2026-05-18 00:00,Cleveland Cavaliers,Detroit Pistons,Cleveland Cavaliers,Max Strus,Puntos+Rebotes,15.5,Debajo,1.51,dom_alt,
Detroit Pistons - Cleveland Cavaliers,Winner Of E1 E8 Winner Of E4 E5,2026-05-25,2026-05-18 00:00,Cleveland Cavaliers,Detroit Pistons,Cleveland Cavaliers,Max Strus,Puntos+Asistencias,10.5,Sobre,1.81,dom,
Detroit Pistons - Cleveland Cavaliers,Winner Of E1 E8 Winner Of E4 E5,2026-05-25,2026-05-18 00:00,Cleveland Cavaliers,Detroit Pistons,Cleveland Cavaliers,Max Strus,Puntos+Asistencias,10.5,Debajo,1.86,dom,
Detroit Pistons - Cleveland Cavaliers,Winner Of E1 E8 Winner Of E4 E5,2026-05-25,2026-05-18 00:00,Cleveland Cavaliers,Detroit Pistons,Cleveland Cavaliers,Max Strus,Puntos+Asistencias,11.5,Sobre,1.97,dom_alt,
Detroit Pistons - Cleveland Cavaliers,Winner Of E1 E8 Winner Of E4 E5,2026-05-25,2026-05-18 00:00,Cleveland Cavaliers,Detroit Pistons,Cleveland Cavaliers,Max Strus,Puntos+Asistencias,11.5,Debajo,1.62,dom_alt,
Detroit Pistons - Cleveland Cavaliers,Winner Of E1 E8 Winner Of E4 E5,2026-05-25,2026-05-18 00:00,Cleveland Cavaliers,Detroit Pistons,Cleveland Cavaliers,Max Strus,Puntos+Asistencias,12.5,Sobre,2.18,dom_alt,
Detroit Pistons - Cleveland Cavaliers,Winner Of E1 E8 Winner Of E4 E5,2026-05-25,2026-05-18 00:00,Cleveland Cavaliers,Detroit Pistons,Cleveland Cavaliers,Max Strus,Puntos+Asistencias,12.5,Debajo,1.50,dom_alt,
Detroit Pistons - Cleveland Cavaliers,Winner Of E1 E8 Winner Of E4 E5,2026-05-25,2026-05-18 00:00,Cleveland Cavaliers,Detroit Pistons,Cleveland Cavaliers,Max Strus,PRA,15.5,Sobre,1.88,dom,
Detroit Pistons - Cleveland Cavaliers,Winner Of E1 E8 Winner Of E4 E5,2026-05-25,2026-05-18 00:00,Cleveland Cavaliers,Detroit Pistons,Cleveland Cavaliers,Max Strus,PRA,15.5,Debajo,1.79,dom,
Detroit Pistons - Cleveland Cavaliers,Winner Of E1 E8 Winner Of E4 E5,2026-05-25,2026-05-18 00:00,Cleveland Cavaliers,Detroit Pistons,Cleveland Cavaliers,Max Strus,PRA,16.5,Sobre,2.02,dom_alt,
Detroit Pistons - Cleveland Cavaliers,Winner Of E1 E8 Winner Of E4 E5,2026-05-25,2026-05-18 00:00,Cleveland Cavaliers,Detroit Pistons,Cleveland Cavaliers,Max Strus,PRA,16.5,Debajo,1.59,dom_alt,
Detroit Pistons - Cleveland Cavaliers,Winner Of E1 E8 Winner Of E4 E5,2026-05-25,2026-05-18 00:00,Cleveland Cavaliers,Detroit Pistons,Cleveland Cavaliers,Max Strus,PRA,13.5,Sobre,1.53,dom_alt,
Detroit Pistons - Cleveland Cavaliers,Winner Of E1 E8 Winner Of E4 E5,2026-05-25,2026-05-18 00:00,Cleveland Cavaliers,Detroit Pistons,Cleveland Cavaliers,Max Strus,PRA,13.5,Debajo,2.11,dom_alt,
Detroit Pistons - Cleveland Cavaliers,Winner Of E1 E8 Winner Of E4 E5,2026-05-25,2026-05-18 00:00,Cleveland Cavaliers,Detroit Pistons,Cleveland Cavaliers,Max Strus,PRA,17.5,Sobre,2.21,dom_alt,
Detroit Pistons - Cleveland Cavaliers,Winner Of E1 E8 Winner Of E4 E5,2026-05-25,2026-05-18 00:00,Cleveland Cavaliers,Detroit Pistons,Cleveland Cavaliers,Max Strus,PRA,17.5,Debajo,1.49,dom_alt,
Detroit Pistons - Cleveland Cavaliers,Winner Of E1 E8 Winner Of E4 E5,2026-05-25,2026-05-18 00:00,Cleveland Cavaliers,Detroit Pistons,Cleveland Cavaliers,Max Strus,PRA,12.5,Sobre,1.40,dom_alt,
Detroit Pistons - Cleveland Cavaliers,Winner Of E1 E8 Winner Of E4 E5,2026-05-25,2026-05-18 00:00,Cleveland Cavaliers,Detroit Pistons,Cleveland Cavaliers,Max Strus,PRA,12.5,Debajo,2.44,dom_alt,
Detroit Pistons - Cleveland Cavaliers,Winner Of E1 E8 Winner Of E4 E5,2026-05-25,2026-05-18 00:00,Cleveland Cavaliers,Detroit Pistons,Cleveland Cavaliers,Max Strus,PRA,18.5,Sobre,2.50,dom_alt,
Detroit Pistons - Cleveland Cavaliers,Winner Of E1 E8 Winner Of E4 E5,2026-05-25,2026-05-18 00:00,Cleveland Cavaliers,Detroit Pistons,Cleveland Cavaliers,Max Strus,PRA,18.5,Debajo,1.38,dom_alt,
Detroit Pistons - Cleveland Cavaliers,Winner Of E1 E8 Winner Of E4 E5,2026-05-25,2026-05-18 00:00,Cleveland Cavaliers,Detroit Pistons,Cleveland Cavaliers,Max Strus,Asistencias+Rebotes,6.5,Sobre,1.99,dom,
Detroit Pistons - Cleveland Cavaliers,Winner Of E1 E8 Winner Of E4 E5,2026-05-25,2026-05-18 00:00,Cleveland Cavaliers,Detroit Pistons,Cleveland Cavaliers,Max Strus,Asistencias+Rebotes,6.5,Debajo,1.70,dom,
Detroit Pistons - Cleveland Cavaliers,Winner Of E1 E8 Winner Of E4 E5,2026-05-25,2026-05-18 00:00,Cleveland Cavaliers,Detroit Pistons,Cleveland Cavaliers,Max Strus,Asistencias,1.5,Sobre,1.71,dom,
Detroit Pistons - Cleveland Cavaliers,Winner Of E1 E8 Winner Of E4 E5,2026-05-25,2026-05-18 00:00,Cleveland Cavaliers,Detroit Pistons,Cleveland Cavaliers,Max Strus,Asistencias,1.5,Debajo,1.97,dom,
Detroit Pistons - Cleveland Cavaliers,Winner Of E1 E8 Winner Of E4 E5,2026-05-25,2026-05-18 00:00,Cleveland Cavaliers,Detroit Pistons,Cleveland Cavaliers,Max Strus,PuntosPrimerCuarto,1.5,Sobre,1.76,dom,
Detroit Pistons - Cleveland Cavaliers,Winner Of E1 E8 Winner Of E4 E5,2026-05-25,2026-05-18 00:00,Cleveland Cavaliers,Detroit Pistons,Cleveland Cavaliers,Max Strus,PuntosPrimerCuarto,1.5,Debajo,1.92,dom,
Detroit Pistons - Cleveland Cavaliers,Winner Of E1 E8 Winner Of E4 E5,2026-05-25,2026-05-18 00:00,Cleveland Cavaliers,Detroit Pistons,Cleveland Cavaliers,Max Strus,PuntosPrimerCuarto,2.5,Sobre,2.10,dom_alt,
Detroit Pistons - Cleveland Cavaliers,Winner Of E1 E8 Winner Of E4 E5,2026-05-25,2026-05-18 00:00,Cleveland Cavaliers,Detroit Pistons,Cleveland Cavaliers,Max Strus,PuntosPrimerCuarto,2.5,Debajo,1.54,dom_alt,
Detroit Pistons - Cleveland Cavaliers,Winner Of E1 E8 Winner Of E4 E5,2026-05-25,2026-05-18 00:00,Cleveland Cavaliers,Detroit Pistons,Cleveland Cavaliers,Max Strus,RebotesPrimerCuarto,0.5,Sobre,1.51,dom,
Detroit Pistons - Cleveland Cavaliers,Winner Of E1 E8 Winner Of E4 E5,2026-05-25,2026-05-18 00:00,Cleveland Cavaliers,Detroit Pistons,Cleveland Cavaliers,Max Strus,RebotesPrimerCuarto,0.5,Debajo,2.35,dom,
Detroit Pistons - Cleveland Cavaliers,Winner Of E1 E8 Winner Of E4 E5,2026-05-25,2026-05-18 00:00,Cleveland Cavaliers,Detroit Pistons,Cleveland Cavaliers,Max Strus,TirosLibresInt,0.5,Sobre,2.13,dom,
Detroit Pistons - Cleveland Cavaliers,Winner Of E1 E8 Winner Of E4 E5,2026-05-25,2026-05-18 00:00,Cleveland Cavaliers,Detroit Pistons,Cleveland Cavaliers,Max Strus,TirosLibresInt,0.5,Debajo,1.61,dom,
Detroit Pistons - Cleveland Cavaliers,Winner Of E1 E8 Winner Of E4 E5,2026-05-25,2026-05-18 00:00,Cleveland Cavaliers,Detroit Pistons,Cleveland Cavaliers,Max Strus,GolesCampoInt,7.5,Sobre,1.82,dom,
Detroit Pistons - Cleveland Cavaliers,Winner Of E1 E8 Winner Of E4 E5,2026-05-25,2026-05-18 00:00,Cleveland Cavaliers,Detroit Pistons,Cleveland Cavaliers,Max Strus,GolesCampoInt,7.5,Debajo,1.85,dom,
Detroit Pistons - Cleveland Cavaliers,Winner Of E1 E8 Winner Of E4 E5,2026-05-25,2026-05-18 00:00,Cleveland Cavaliers,Detroit Pistons,Cleveland Cavaliers,Max Strus,TriplesInt,5.5,Sobre,1.68,dom,
Detroit Pistons - Cleveland Cavaliers,Winner Of E1 E8 Winner Of E4 E5,2026-05-25,2026-05-18 00:00,Cleveland Cavaliers,Detroit Pistons,Cleveland Cavaliers,Max Strus,TriplesInt,5.5,Debajo,2.02,dom,
Detroit Pistons - Cleveland Cavaliers,Winner Of E1 E8 Winner Of E4 E5,2026-05-25,2026-05-18 00:00,Cleveland Cavaliers,Detroit Pistons,Cleveland Cavaliers,Max Strus,Faltas,3.5,Sobre,2.10,dom,
Detroit Pistons - Cleveland Cavaliers,Winner Of E1 E8 Winner Of E4 E5,2026-05-25,2026-05-18 00:00,Cleveland Cavaliers,Detroit Pistons,Cleveland Cavaliers,Max Strus,Faltas,3.5,Debajo,1.63,dom,
Detroit Pistons - Cleveland Cavaliers,Winner Of E1 E8 Winner Of E4 E5,2026-05-25,2026-05-18 00:00,Cleveland Cavaliers,Detroit Pistons,Cleveland Cavaliers,Dean Wade,Puntos,2.5,Sobre,1.57,dom,
Detroit Pistons - Cleveland Cavaliers,Winner Of E1 E8 Winner Of E4 E5,2026-05-25,2026-05-18 00:00,Cleveland Cavaliers,Detroit Pistons,Cleveland Cavaliers,Dean Wade,Puntos,2.5,Debajo,2.21,dom,
Detroit Pistons - Cleveland Cavaliers,Winner Of E1 E8 Winner Of E4 E5,2026-05-25,2026-05-18 00:00,Cleveland Cavaliers,Detroit Pistons,Cleveland Cavaliers,Dean Wade,Puntos,3.5,Sobre,2.23,dom_alt,
Detroit Pistons - Cleveland Cavaliers,Winner Of E1 E8 Winner Of E4 E5,2026-05-25,2026-05-18 00:00,Cleveland Cavaliers,Detroit Pistons,Cleveland Cavaliers,Dean Wade,Puntos,3.5,Debajo,1.48,dom_alt,
Detroit Pistons - Cleveland Cavaliers,Winner Of E1 E8 Winner Of E4 E5,2026-05-25,2026-05-18 00:00,Cleveland Cavaliers,Detroit Pistons,Cleveland Cavaliers,Dean Wade,Puntos,0.5,Sobre,1.31,dom_alt,
Detroit Pistons - Cleveland Cavaliers,Winner Of E1 E8 Winner Of E4 E5,2026-05-25,2026-05-18 00:00,Cleveland Cavaliers,Detroit Pistons,Cleveland Cavaliers,Dean Wade,Puntos,0.5,Debajo,2.75,dom_alt,
Detroit Pistons - Cleveland Cavaliers,Winner Of E1 E8 Winner Of E4 E5,2026-05-25,2026-05-18 00:00,Cleveland Cavaliers,Detroit Pistons,Cleveland Cavaliers,Dean Wade,Puntos,4.5,Sobre,2.43,dom_alt,
Detroit Pistons - Cleveland Cavaliers,Winner Of E1 E8 Winner Of E4 E5,2026-05-25,2026-05-18 00:00,Cleveland Cavaliers,Detroit Pistons,Cleveland Cavaliers,Dean Wade,Puntos,4.5,Debajo,1.40,dom_alt,
Detroit Pistons - Cleveland Cavaliers,Winner Of E1 E8 Winner Of E4 E5,2026-05-25,2026-05-18 00:00,Cleveland Cavaliers,Detroit Pistons,Cleveland Cavaliers,Dean Wade,Rebotes,3.5,Sobre,2.19,dom,
Detroit Pistons - Cleveland Cavaliers,Winner Of E1 E8 Winner Of E4 E5,2026-05-25,2026-05-18 00:00,Cleveland Cavaliers,Detroit Pistons,Cleveland Cavaliers,Dean Wade,Rebotes,3.5,Debajo,1.58,dom,
Detroit Pistons - Cleveland Cavaliers,Winner Of E1 E8 Winner Of E4 E5,2026-05-25,2026-05-18 00:00,Cleveland Cavaliers,Detroit Pistons,Cleveland Cavaliers,Dean Wade,Triples,0.5,Sobre,1.69,dom,
Detroit Pistons - Cleveland Cavaliers,Winner Of E1 E8 Winner Of E4 E5,2026-05-25,2026-05-18 00:00,Cleveland Cavaliers,Detroit Pistons,Cleveland Cavaliers,Dean Wade,Triples,0.5,Debajo,2.01,dom,
Detroit Pistons - Cleveland Cavaliers,Winner Of E1 E8 Winner Of E4 E5,2026-05-25,2026-05-18 00:00,Cleveland Cavaliers,Detroit Pistons,Cleveland Cavaliers,Dean Wade,Robos,0.5,Sobre,1.74,dom,
Detroit Pistons - Cleveland Cavaliers,Winner Of E1 E8 Winner Of E4 E5,2026-05-25,2026-05-18 00:00,Cleveland Cavaliers,Detroit Pistons,Cleveland Cavaliers,Dean Wade,Robos,0.5,Debajo,1.94,dom,
Detroit Pistons - Cleveland Cavaliers,Winner Of E1 E8 Winner Of E4 E5,2026-05-25,2026-05-18 00:00,Cleveland Cavaliers,Detroit Pistons,Cleveland Cavaliers,Dean Wade,Puntos+Rebotes,6.5,Sobre,1.96,dom,
Detroit Pistons - Cleveland Cavaliers,Winner Of E1 E8 Winner Of E4 E5,2026-05-25,2026-05-18 00:00,Cleveland Cavaliers,Detroit Pistons,Cleveland Cavaliers,Dean Wade,Puntos+Rebotes,6.5,Debajo,1.72,dom,
Detroit Pistons - Cleveland Cavaliers,Winner Of E1 E8 Winner Of E4 E5,2026-05-25,2026-05-18 00:00,Cleveland Cavaliers,Detroit Pistons,Cleveland Cavaliers,Dean Wade,Puntos+Rebotes,7.5,Sobre,2.17,dom_alt,
Detroit Pistons - Cleveland Cavaliers,Winner Of E1 E8 Winner Of E4 E5,2026-05-25,2026-05-18 00:00,Cleveland Cavaliers,Detroit Pistons,Cleveland Cavaliers,Dean Wade,Puntos+Rebotes,7.5,Debajo,1.51,dom_alt,
Detroit Pistons - Cleveland Cavaliers,Winner Of E1 E8 Winner Of E4 E5,2026-05-25,2026-05-18 00:00,Cleveland Cavaliers,Detroit Pistons,Cleveland Cavaliers,Dean Wade,Puntos+Asistencias,3.5,Sobre,1.89,dom,
Detroit Pistons - Cleveland Cavaliers,Winner Of E1 E8 Winner Of E4 E5,2026-05-25,2026-05-18 00:00,Cleveland Cavaliers,Detroit Pistons,Cleveland Cavaliers,Dean Wade,Puntos+Asistencias,3.5,Debajo,1.78,dom,
Detroit Pistons - Cleveland Cavaliers,Winner Of E1 E8 Winner Of E4 E5,2026-05-25,2026-05-18 00:00,Cleveland Cavaliers,Detroit Pistons,Cleveland Cavaliers,Dean Wade,PRA,6.5,Sobre,1.74,dom,
Detroit Pistons - Cleveland Cavaliers,Winner Of E1 E8 Winner Of E4 E5,2026-05-25,2026-05-18 00:00,Cleveland Cavaliers,Detroit Pistons,Cleveland Cavaliers,Dean Wade,PRA,6.5,Debajo,1.94,dom,
Detroit Pistons - Cleveland Cavaliers,Winner Of E1 E8 Winner Of E4 E5,2026-05-25,2026-05-18 00:00,Cleveland Cavaliers,Detroit Pistons,Cleveland Cavaliers,Dean Wade,PRA,7.5,Sobre,1.99,dom_alt,
Detroit Pistons - Cleveland Cavaliers,Winner Of E1 E8 Winner Of E4 E5,2026-05-25,2026-05-18 00:00,Cleveland Cavaliers,Detroit Pistons,Cleveland Cavaliers,Dean Wade,PRA,7.5,Debajo,1.61,dom_alt,
Detroit Pistons - Cleveland Cavaliers,Winner Of E1 E8 Winner Of E4 E5,2026-05-25,2026-05-18 00:00,Cleveland Cavaliers,Detroit Pistons,Cleveland Cavaliers,Dean Wade,PRA,4.5,Sobre,1.31,dom_alt,
Detroit Pistons - Cleveland Cavaliers,Winner Of E1 E8 Winner Of E4 E5,2026-05-25,2026-05-18 00:00,Cleveland Cavaliers,Detroit Pistons,Cleveland Cavaliers,Dean Wade,PRA,4.5,Debajo,2.75,dom_alt,
Detroit Pistons - Cleveland Cavaliers,Winner Of E1 E8 Winner Of E4 E5,2026-05-25,2026-05-18 00:00,Cleveland Cavaliers,Detroit Pistons,Cleveland Cavaliers,Dean Wade,PRA,8.5,Sobre,2.29,dom_alt,
Detroit Pistons - Cleveland Cavaliers,Winner Of E1 E8 Winner Of E4 E5,2026-05-25,2026-05-18 00:00,Cleveland Cavaliers,Detroit Pistons,Cleveland Cavaliers,Dean Wade,PRA,8.5,Debajo,1.45,dom_alt,
Detroit Pistons - Cleveland Cavaliers,Winner Of E1 E8 Winner Of E4 E5,2026-05-25,2026-05-18 00:00,Cleveland Cavaliers,Detroit Pistons,Cleveland Cavaliers,Dean Wade,PRA,9.5,Sobre,2.77,dom_alt,
Detroit Pistons - Cleveland Cavaliers,Winner Of E1 E8 Winner Of E4 E5,2026-05-25,2026-05-18 00:00,Cleveland Cavaliers,Detroit Pistons,Cleveland Cavaliers,Dean Wade,PRA,9.5,Debajo,1.31,dom_alt,
Detroit Pistons - Cleveland Cavaliers,Winner Of E1 E8 Winner Of E4 E5,2026-05-25,2026-05-18 00:00,Cleveland Cavaliers,Detroit Pistons,Cleveland Cavaliers,Dean Wade,Asistencias+Rebotes,3.5,Sobre,1.72,dom,
Detroit Pistons - Cleveland Cavaliers,Winner Of E1 E8 Winner Of E4 E5,2026-05-25,2026-05-18 00:00,Cleveland Cavaliers,Detroit Pistons,Cleveland Cavaliers,Dean Wade,Asistencias+Rebotes,3.5,Debajo,1.96,dom,
Detroit Pistons - Cleveland Cavaliers,Winner Of E1 E8 Winner Of E4 E5,2026-05-25,2026-05-18 00:00,Cleveland Cavaliers,Detroit Pistons,Cleveland Cavaliers,Dean Wade,Robos+Tapones,0.5,Sobre,1.55,dom,
Detroit Pistons - Cleveland Cavaliers,Winner Of E1 E8 Winner Of E4 E5,2026-05-25,2026-05-18 00:00,Cleveland Cavaliers,Detroit Pistons,Cleveland Cavaliers,Dean Wade,Robos+Tapones,0.5,Debajo,2.25,dom,
Detroit Pistons - Cleveland Cavaliers,Winner Of E1 E8 Winner Of E4 E5,2026-05-25,2026-05-18 00:00,Cleveland Cavaliers,Detroit Pistons,Cleveland Cavaliers,Dean Wade,Asistencias,0.5,Sobre,1.96,dom,
Detroit Pistons - Cleveland Cavaliers,Winner Of E1 E8 Winner Of E4 E5,2026-05-25,2026-05-18 00:00,Cleveland Cavaliers,Detroit Pistons,Cleveland Cavaliers,Dean Wade,Asistencias,0.5,Debajo,1.73,dom,
Detroit Pistons - Cleveland Cavaliers,Winner Of E1 E8 Winner Of E4 E5,2026-05-25,2026-05-18 00:00,Cleveland Cavaliers,Detroit Pistons,Cleveland Cavaliers,Dean Wade,RebotesPrimerCuarto,0.5,Sobre,1.59,dom,
Detroit Pistons - Cleveland Cavaliers,Winner Of E1 E8 Winner Of E4 E5,2026-05-25,2026-05-18 00:00,Cleveland Cavaliers,Detroit Pistons,Cleveland Cavaliers,Dean Wade,RebotesPrimerCuarto,0.5,Debajo,2.17,dom,
Detroit Pistons - Cleveland Cavaliers,Winner Of E1 E8 Winner Of E4 E5,2026-05-25,2026-05-18 00:00,Cleveland Cavaliers,Detroit Pistons,Cleveland Cavaliers,Dean Wade,GolesCampoInt,2.5,Sobre,1.71,dom,
Detroit Pistons - Cleveland Cavaliers,Winner Of E1 E8 Winner Of E4 E5,2026-05-25,2026-05-18 00:00,Cleveland Cavaliers,Detroit Pistons,Cleveland Cavaliers,Dean Wade,GolesCampoInt,2.5,Debajo,1.98,dom,
Oklahoma City Thunder - San Antonio Spurs,Winner Of Wc Sf1 Winner Of Wc Sf2,2026-05-26,2026-05-19 00:30,San Antonio Spurs,Oklahoma City Thunder,Oklahoma City Thunder,Alex Caruso,Puntos,6.5,Sobre,1.93,dom,
Oklahoma City Thunder - San Antonio Spurs,Winner Of Wc Sf1 Winner Of Wc Sf2,2026-05-26,2026-05-19 00:30,San Antonio Spurs,Oklahoma City Thunder,Oklahoma City Thunder,Alex Caruso,Puntos,6.5,Debajo,1.75,dom,
Oklahoma City Thunder - San Antonio Spurs,Winner Of Wc Sf1 Winner Of Wc Sf2,2026-05-26,2026-05-19 00:30,San Antonio Spurs,Oklahoma City Thunder,Oklahoma City Thunder,Alex Caruso,Puntos,7.5,Sobre,2.12,dom_alt,
Oklahoma City Thunder - San Antonio Spurs,Winner Of Wc Sf1 Winner Of Wc Sf2,2026-05-26,2026-05-19 00:30,San Antonio Spurs,Oklahoma City Thunder,Oklahoma City Thunder,Alex Caruso,Puntos,7.5,Debajo,1.53,dom_alt,
Oklahoma City Thunder - San Antonio Spurs,Winner Of Wc Sf1 Winner Of Wc Sf2,2026-05-26,2026-05-19 00:30,San Antonio Spurs,Oklahoma City Thunder,Oklahoma City Thunder,Alex Caruso,Puntos,4.5,Sobre,1.41,dom_alt,
Oklahoma City Thunder - San Antonio Spurs,Winner Of Wc Sf1 Winner Of Wc Sf2,2026-05-26,2026-05-19 00:30,San Antonio Spurs,Oklahoma City Thunder,Oklahoma City Thunder,Alex Caruso,Puntos,4.5,Debajo,2.42,dom_alt,
Oklahoma City Thunder - San Antonio Spurs,Winner Of Wc Sf1 Winner Of Wc Sf2,2026-05-26,2026-05-19 00:30,San Antonio Spurs,Oklahoma City Thunder,Oklahoma City Thunder,Alex Caruso,Puntos,8.5,Sobre,2.45,dom_alt,
Oklahoma City Thunder - San Antonio Spurs,Winner Of Wc Sf1 Winner Of Wc Sf2,2026-05-26,2026-05-19 00:30,San Antonio Spurs,Oklahoma City Thunder,Oklahoma City Thunder,Alex Caruso,Puntos,8.5,Debajo,1.40,dom_alt,
Oklahoma City Thunder - San Antonio Spurs,Winner Of Wc Sf1 Winner Of Wc Sf2,2026-05-26,2026-05-19 00:30,San Antonio Spurs,Oklahoma City Thunder,Oklahoma City Thunder,Alex Caruso,Puntos,3.5,Sobre,1.29,dom_alt,
Oklahoma City Thunder - San Antonio Spurs,Winner Of Wc Sf1 Winner Of Wc Sf2,2026-05-26,2026-05-19 00:30,San Antonio Spurs,Oklahoma City Thunder,Oklahoma City Thunder,Alex Caruso,Puntos,3.5,Debajo,2.88,dom_alt,
Oklahoma City Thunder - San Antonio Spurs,Winner Of Wc Sf1 Winner Of Wc Sf2,2026-05-26,2026-05-19 00:30,San Antonio Spurs,Oklahoma City Thunder,Oklahoma City Thunder,Alex Caruso,Puntos,9.5,Sobre,2.91,dom_alt,
Oklahoma City Thunder - San Antonio Spurs,Winner Of Wc Sf1 Winner Of Wc Sf2,2026-05-26,2026-05-19 00:30,San Antonio Spurs,Oklahoma City Thunder,Oklahoma City Thunder,Alex Caruso,Puntos,9.5,Debajo,1.28,dom_alt,
Oklahoma City Thunder - San Antonio Spurs,Winner Of Wc Sf1 Winner Of Wc Sf2,2026-05-26,2026-05-19 00:30,San Antonio Spurs,Oklahoma City Thunder,Oklahoma City Thunder,Alex Caruso,Rebotes,2.5,Sobre,1.58,dom,
Oklahoma City Thunder - San Antonio Spurs,Winner Of Wc Sf1 Winner Of Wc Sf2,2026-05-26,2026-05-19 00:30,San Antonio Spurs,Oklahoma City Thunder,Oklahoma City Thunder,Alex Caruso,Rebotes,2.5,Debajo,2.19,dom,
Oklahoma City Thunder - San Antonio Spurs,Winner Of Wc Sf1 Winner Of Wc Sf2,2026-05-26,2026-05-19 00:30,San Antonio Spurs,Oklahoma City Thunder,Oklahoma City Thunder,Alex Caruso,Triples,1.5,Sobre,2.56,dom,
Oklahoma City Thunder - San Antonio Spurs,Winner Of Wc Sf1 Winner Of Wc Sf2,2026-05-26,2026-05-19 00:30,San Antonio Spurs,Oklahoma City Thunder,Oklahoma City Thunder,Alex Caruso,Triples,1.5,Debajo,1.43,dom,
Oklahoma City Thunder - San Antonio Spurs,Winner Of Wc Sf1 Winner Of Wc Sf2,2026-05-26,2026-05-19 00:30,San Antonio Spurs,Oklahoma City Thunder,Oklahoma City Thunder,Alex Caruso,Pérdidas,0.5,Sobre,1.78,dom,
Oklahoma City Thunder - San Antonio Spurs,Winner Of Wc Sf1 Winner Of Wc Sf2,2026-05-26,2026-05-19 00:30,San Antonio Spurs,Oklahoma City Thunder,Oklahoma City Thunder,Alex Caruso,Pérdidas,0.5,Debajo,1.90,dom,
Oklahoma City Thunder - San Antonio Spurs,Winner Of Wc Sf1 Winner Of Wc Sf2,2026-05-26,2026-05-19 00:30,San Antonio Spurs,Oklahoma City Thunder,Oklahoma City Thunder,Alex Caruso,Puntos+Rebotes,9.5,Sobre,1.84,dom,
Oklahoma City Thunder - San Antonio Spurs,Winner Of Wc Sf1 Winner Of Wc Sf2,2026-05-26,2026-05-19 00:30,San Antonio Spurs,Oklahoma City Thunder,Oklahoma City Thunder,Alex Caruso,Puntos+Rebotes,9.5,Debajo,1.83,dom,
Oklahoma City Thunder - San Antonio Spurs,Winner Of Wc Sf1 Winner Of Wc Sf2,2026-05-26,2026-05-19 00:30,San Antonio Spurs,Oklahoma City Thunder,Oklahoma City Thunder,Alex Caruso,Puntos+Rebotes,10.5,Sobre,2.05,dom_alt,
Oklahoma City Thunder - San Antonio Spurs,Winner Of Wc Sf1 Winner Of Wc Sf2,2026-05-26,2026-05-19 00:30,San Antonio Spurs,Oklahoma City Thunder,Oklahoma City Thunder,Alex Caruso,Puntos+Rebotes,10.5,Debajo,1.57,dom_alt,
Oklahoma City Thunder - San Antonio Spurs,Winner Of Wc Sf1 Winner Of Wc Sf2,2026-05-26,2026-05-19 00:30,San Antonio Spurs,Oklahoma City Thunder,Oklahoma City Thunder,Alex Caruso,Puntos+Asistencias,8.5,Sobre,1.91,dom,
Oklahoma City Thunder - San Antonio Spurs,Winner Of Wc Sf1 Winner Of Wc Sf2,2026-05-26,2026-05-19 00:30,San Antonio Spurs,Oklahoma City Thunder,Oklahoma City Thunder,Alex Caruso,Puntos+Asistencias,8.5,Debajo,1.76,dom,
Oklahoma City Thunder - San Antonio Spurs,Winner Of Wc Sf1 Winner Of Wc Sf2,2026-05-26,2026-05-19 00:30,San Antonio Spurs,Oklahoma City Thunder,Oklahoma City Thunder,Alex Caruso,Puntos+Asistencias,9.5,Sobre,2.05,dom_alt,
Oklahoma City Thunder - San Antonio Spurs,Winner Of Wc Sf1 Winner Of Wc Sf2,2026-05-26,2026-05-19 00:30,San Antonio Spurs,Oklahoma City Thunder,Oklahoma City Thunder,Alex Caruso,Puntos+Asistencias,9.5,Debajo,1.57,dom_alt,
Oklahoma City Thunder - San Antonio Spurs,Winner Of Wc Sf1 Winner Of Wc Sf2,2026-05-26,2026-05-19 00:30,San Antonio Spurs,Oklahoma City Thunder,Oklahoma City Thunder,Alex Caruso,PRA,11.5,Sobre,1.86,dom,
Oklahoma City Thunder - San Antonio Spurs,Winner Of Wc Sf1 Winner Of Wc Sf2,2026-05-26,2026-05-19 00:30,San Antonio Spurs,Oklahoma City Thunder,Oklahoma City Thunder,Alex Caruso,PRA,11.5,Debajo,1.81,dom,
Oklahoma City Thunder - San Antonio Spurs,Winner Of Wc Sf1 Winner Of Wc Sf2,2026-05-26,2026-05-19 00:30,San Antonio Spurs,Oklahoma City Thunder,Oklahoma City Thunder,Alex Caruso,PRA,12.5,Sobre,2.04,dom_alt,
Oklahoma City Thunder - San Antonio Spurs,Winner Of Wc Sf1 Winner Of Wc Sf2,2026-05-26,2026-05-19 00:30,San Antonio Spurs,Oklahoma City Thunder,Oklahoma City Thunder,Alex Caruso,PRA,12.5,Debajo,1.57,dom_alt,
Oklahoma City Thunder - San Antonio Spurs,Winner Of Wc Sf1 Winner Of Wc Sf2,2026-05-26,2026-05-19 00:30,San Antonio Spurs,Oklahoma City Thunder,Oklahoma City Thunder,Alex Caruso,PRA,9.5,Sobre,1.48,dom_alt,
Oklahoma City Thunder - San Antonio Spurs,Winner Of Wc Sf1 Winner Of Wc Sf2,2026-05-26,2026-05-19 00:30,San Antonio Spurs,Oklahoma City Thunder,Oklahoma City Thunder,Alex Caruso,PRA,9.5,Debajo,2.22,dom_alt,
Oklahoma City Thunder - San Antonio Spurs,Winner Of Wc Sf1 Winner Of Wc Sf2,2026-05-26,2026-05-19 00:30,San Antonio Spurs,Oklahoma City Thunder,Oklahoma City Thunder,Alex Caruso,PRA,13.5,Sobre,2.23,dom_alt,
Oklahoma City Thunder - San Antonio Spurs,Winner Of Wc Sf1 Winner Of Wc Sf2,2026-05-26,2026-05-19 00:30,San Antonio Spurs,Oklahoma City Thunder,Oklahoma City Thunder,Alex Caruso,PRA,13.5,Debajo,1.48,dom_alt,
Oklahoma City Thunder - San Antonio Spurs,Winner Of Wc Sf1 Winner Of Wc Sf2,2026-05-26,2026-05-19 00:30,San Antonio Spurs,Oklahoma City Thunder,Oklahoma City Thunder,Alex Caruso,PRA,8.5,Sobre,1.34,dom_alt,
Oklahoma City Thunder - San Antonio Spurs,Winner Of Wc Sf1 Winner Of Wc Sf2,2026-05-26,2026-05-19 00:30,San Antonio Spurs,Oklahoma City Thunder,Oklahoma City Thunder,Alex Caruso,PRA,8.5,Debajo,2.65,dom_alt,
Oklahoma City Thunder - San Antonio Spurs,Winner Of Wc Sf1 Winner Of Wc Sf2,2026-05-26,2026-05-19 00:30,San Antonio Spurs,Oklahoma City Thunder,Oklahoma City Thunder,Alex Caruso,PRA,14.5,Sobre,2.56,dom_alt,
Oklahoma City Thunder - San Antonio Spurs,Winner Of Wc Sf1 Winner Of Wc Sf2,2026-05-26,2026-05-19 00:30,San Antonio Spurs,Oklahoma City Thunder,Oklahoma City Thunder,Alex Caruso,PRA,14.5,Debajo,1.36,dom_alt,
Oklahoma City Thunder - San Antonio Spurs,Winner Of Wc Sf1 Winner Of Wc Sf2,2026-05-26,2026-05-19 00:30,San Antonio Spurs,Oklahoma City Thunder,Oklahoma City Thunder,Alex Caruso,Asistencias+Rebotes,4.5,Sobre,1.67,dom,
Oklahoma City Thunder - San Antonio Spurs,Winner Of Wc Sf1 Winner Of Wc Sf2,2026-05-26,2026-05-19 00:30,San Antonio Spurs,Oklahoma City Thunder,Oklahoma City Thunder,Alex Caruso,Asistencias+Rebotes,4.5,Debajo,2.03,dom,
Oklahoma City Thunder - San Antonio Spurs,Winner Of Wc Sf1 Winner Of Wc Sf2,2026-05-26,2026-05-19 00:30,San Antonio Spurs,Oklahoma City Thunder,Oklahoma City Thunder,Alex Caruso,Robos+Tapones,1.5,Sobre,1.93,dom,
Oklahoma City Thunder - San Antonio Spurs,Winner Of Wc Sf1 Winner Of Wc Sf2,2026-05-26,2026-05-19 00:30,San Antonio Spurs,Oklahoma City Thunder,Oklahoma City Thunder,Alex Caruso,Robos+Tapones,1.5,Debajo,1.75,dom,
Oklahoma City Thunder - San Antonio Spurs,Winner Of Wc Sf1 Winner Of Wc Sf2,2026-05-26,2026-05-19 00:30,San Antonio Spurs,Oklahoma City Thunder,Oklahoma City Thunder,Alex Caruso,Asistencias,1.5,Sobre,1.66,dom,
Oklahoma City Thunder - San Antonio Spurs,Winner Of Wc Sf1 Winner Of Wc Sf2,2026-05-26,2026-05-19 00:30,San Antonio Spurs,Oklahoma City Thunder,Oklahoma City Thunder,Alex Caruso,Asistencias,1.5,Debajo,2.05,dom,
Oklahoma City Thunder - San Antonio Spurs,Winner Of Wc Sf1 Winner Of Wc Sf2,2026-05-26,2026-05-19 00:30,San Antonio Spurs,Oklahoma City Thunder,Oklahoma City Thunder,Alex Caruso,PuntosPrimerCuarto,0.5,Sobre,2.14,dom,
Oklahoma City Thunder - San Antonio Spurs,Winner Of Wc Sf1 Winner Of Wc Sf2,2026-05-26,2026-05-19 00:30,San Antonio Spurs,Oklahoma City Thunder,Oklahoma City Thunder,Alex Caruso,PuntosPrimerCuarto,0.5,Debajo,1.61,dom,
Oklahoma City Thunder - San Antonio Spurs,Winner Of Wc Sf1 Winner Of Wc Sf2,2026-05-26,2026-05-19 00:30,San Antonio Spurs,Oklahoma City Thunder,Oklahoma City Thunder,Alex Caruso,RebotesPrimerCuarto,0.5,Sobre,1.91,dom,
Oklahoma City Thunder - San Antonio Spurs,Winner Of Wc Sf1 Winner Of Wc Sf2,2026-05-26,2026-05-19 00:30,San Antonio Spurs,Oklahoma City Thunder,Oklahoma City Thunder,Alex Caruso,RebotesPrimerCuarto,0.5,Debajo,1.76,dom,
Oklahoma City Thunder - San Antonio Spurs,Winner Of Wc Sf1 Winner Of Wc Sf2,2026-05-26,2026-05-19 00:30,San Antonio Spurs,Oklahoma City Thunder,Oklahoma City Thunder,Alex Caruso,TirosLibresInt,0.5,Sobre,2.14,dom,
Oklahoma City Thunder - San Antonio Spurs,Winner Of Wc Sf1 Winner Of Wc Sf2,2026-05-26,2026-05-19 00:30,San Antonio Spurs,Oklahoma City Thunder,Oklahoma City Thunder,Alex Caruso,TirosLibresInt,0.5,Debajo,1.61,dom,
Oklahoma City Thunder - San Antonio Spurs,Winner Of Wc Sf1 Winner Of Wc Sf2,2026-05-26,2026-05-19 00:30,San Antonio Spurs,Oklahoma City Thunder,Oklahoma City Thunder,Alex Caruso,GolesCampo,2.5,Sobre,2.11,dom,
Oklahoma City Thunder - San Antonio Spurs,Winner Of Wc Sf1 Winner Of Wc Sf2,2026-05-26,2026-05-19 00:30,San Antonio Spurs,Oklahoma City Thunder,Oklahoma City Thunder,Alex Caruso,GolesCampo,2.5,Debajo,1.62,dom,
Oklahoma City Thunder - San Antonio Spurs,Winner Of Wc Sf1 Winner Of Wc Sf2,2026-05-26,2026-05-19 00:30,San Antonio Spurs,Oklahoma City Thunder,Oklahoma City Thunder,Alex Caruso,GolesCampoInt,5.5,Sobre,1.93,dom,
Oklahoma City Thunder - San Antonio Spurs,Winner Of Wc Sf1 Winner Of Wc Sf2,2026-05-26,2026-05-19 00:30,San Antonio Spurs,Oklahoma City Thunder,Oklahoma City Thunder,Alex Caruso,GolesCampoInt,5.5,Debajo,1.75,dom,
Oklahoma City Thunder - San Antonio Spurs,Winner Of Wc Sf1 Winner Of Wc Sf2,2026-05-26,2026-05-19 00:30,San Antonio Spurs,Oklahoma City Thunder,Oklahoma City Thunder,Alex Caruso,TriplesInt,3.5,Sobre,2.07,dom,
Oklahoma City Thunder - San Antonio Spurs,Winner Of Wc Sf1 Winner Of Wc Sf2,2026-05-26,2026-05-19 00:30,San Antonio Spurs,Oklahoma City Thunder,Oklahoma City Thunder,Alex Caruso,TriplesInt,3.5,Debajo,1.65,dom,
Oklahoma City Thunder - San Antonio Spurs,Winner Of Wc Sf1 Winner Of Wc Sf2,2026-05-26,2026-05-19 00:30,San Antonio Spurs,Oklahoma City Thunder,Oklahoma City Thunder,Luguentz Dort,Puntos,6.5,Sobre,1.83,dom,
Oklahoma City Thunder - San Antonio Spurs,Winner Of Wc Sf1 Winner Of Wc Sf2,2026-05-26,2026-05-19 00:30,San Antonio Spurs,Oklahoma City Thunder,Oklahoma City Thunder,Luguentz Dort,Puntos,6.5,Debajo,1.84,dom,
Oklahoma City Thunder - San Antonio Spurs,Winner Of Wc Sf1 Winner Of Wc Sf2,2026-05-26,2026-05-19 00:30,San Antonio Spurs,Oklahoma City Thunder,Oklahoma City Thunder,Luguentz Dort,Puntos,7.5,Sobre,1.92,dom_alt,
Oklahoma City Thunder - San Antonio Spurs,Winner Of Wc Sf1 Winner Of Wc Sf2,2026-05-26,2026-05-19 00:30,San Antonio Spurs,Oklahoma City Thunder,Oklahoma City Thunder,Luguentz Dort,Puntos,7.5,Debajo,1.66,dom_alt,
Oklahoma City Thunder - San Antonio Spurs,Winner Of Wc Sf1 Winner Of Wc Sf2,2026-05-26,2026-05-19 00:30,San Antonio Spurs,Oklahoma City Thunder,Oklahoma City Thunder,Luguentz Dort,Puntos,4.5,Sobre,1.35,dom_alt,
Oklahoma City Thunder - San Antonio Spurs,Winner Of Wc Sf1 Winner Of Wc Sf2,2026-05-26,2026-05-19 00:30,San Antonio Spurs,Oklahoma City Thunder,Oklahoma City Thunder,Luguentz Dort,Puntos,4.5,Debajo,2.61,dom_alt,
Oklahoma City Thunder - San Antonio Spurs,Winner Of Wc Sf1 Winner Of Wc Sf2,2026-05-26,2026-05-19 00:30,San Antonio Spurs,Oklahoma City Thunder,Oklahoma City Thunder,Luguentz Dort,Puntos,8.5,Sobre,2.17,dom_alt,
Oklahoma City Thunder - San Antonio Spurs,Winner Of Wc Sf1 Winner Of Wc Sf2,2026-05-26,2026-05-19 00:30,San Antonio Spurs,Oklahoma City Thunder,Oklahoma City Thunder,Luguentz Dort,Puntos,8.5,Debajo,1.51,dom_alt,
Oklahoma City Thunder - San Antonio Spurs,Winner Of Wc Sf1 Winner Of Wc Sf2,2026-05-26,2026-05-19 00:30,San Antonio Spurs,Oklahoma City Thunder,Oklahoma City Thunder,Luguentz Dort,Puntos,3.5,Sobre,1.29,dom_alt,
Oklahoma City Thunder - San Antonio Spurs,Winner Of Wc Sf1 Winner Of Wc Sf2,2026-05-26,2026-05-19 00:30,San Antonio Spurs,Oklahoma City Thunder,Oklahoma City Thunder,Luguentz Dort,Puntos,3.5,Debajo,2.85,dom_alt,
Oklahoma City Thunder - San Antonio Spurs,Winner Of Wc Sf1 Winner Of Wc Sf2,2026-05-26,2026-05-19 00:30,San Antonio Spurs,Oklahoma City Thunder,Oklahoma City Thunder,Luguentz Dort,Puntos,9.5,Sobre,2.65,dom_alt,
Oklahoma City Thunder - San Antonio Spurs,Winner Of Wc Sf1 Winner Of Wc Sf2,2026-05-26,2026-05-19 00:30,San Antonio Spurs,Oklahoma City Thunder,Oklahoma City Thunder,Luguentz Dort,Puntos,9.5,Debajo,1.34,dom_alt,
Oklahoma City Thunder - San Antonio Spurs,Winner Of Wc Sf1 Winner Of Wc Sf2,2026-05-26,2026-05-19 00:30,San Antonio Spurs,Oklahoma City Thunder,Oklahoma City Thunder,Luguentz Dort,Rebotes,2.5,Sobre,2.02,dom,
Oklahoma City Thunder - San Antonio Spurs,Winner Of Wc Sf1 Winner Of Wc Sf2,2026-05-26,2026-05-19 00:30,San Antonio Spurs,Oklahoma City Thunder,Oklahoma City Thunder,Luguentz Dort,Rebotes,2.5,Debajo,1.68,dom,
Oklahoma City Thunder - San Antonio Spurs,Winner Of Wc Sf1 Winner Of Wc Sf2,2026-05-26,2026-05-19 00:30,San Antonio Spurs,Oklahoma City Thunder,Oklahoma City Thunder,Luguentz Dort,Triples,1.5,Sobre,1.69,dom,
Oklahoma City Thunder - San Antonio Spurs,Winner Of Wc Sf1 Winner Of Wc Sf2,2026-05-26,2026-05-19 00:30,San Antonio Spurs,Oklahoma City Thunder,Oklahoma City Thunder,Luguentz Dort,Triples,1.5,Debajo,2.01,dom,
Oklahoma City Thunder - San Antonio Spurs,Winner Of Wc Sf1 Winner Of Wc Sf2,2026-05-26,2026-05-19 00:30,San Antonio Spurs,Oklahoma City Thunder,Oklahoma City Thunder,Luguentz Dort,Robos,0.5,Sobre,1.83,dom,
Oklahoma City Thunder - San Antonio Spurs,Winner Of Wc Sf1 Winner Of Wc Sf2,2026-05-26,2026-05-19 00:30,San Antonio Spurs,Oklahoma City Thunder,Oklahoma City Thunder,Luguentz Dort,Robos,0.5,Debajo,1.84,dom,
Oklahoma City Thunder - San Antonio Spurs,Winner Of Wc Sf1 Winner Of Wc Sf2,2026-05-26,2026-05-19 00:30,San Antonio Spurs,Oklahoma City Thunder,Oklahoma City Thunder,Luguentz Dort,Puntos+Rebotes,9.5,Sobre,1.86,dom,
Oklahoma City Thunder - San Antonio Spurs,Winner Of Wc Sf1 Winner Of Wc Sf2,2026-05-26,2026-05-19 00:30,San Antonio Spurs,Oklahoma City Thunder,Oklahoma City Thunder,Luguentz Dort,Puntos+Rebotes,9.5,Debajo,1.81,dom,
Oklahoma City Thunder - San Antonio Spurs,Winner Of Wc Sf1 Winner Of Wc Sf2,2026-05-26,2026-05-19 00:30,San Antonio Spurs,Oklahoma City Thunder,Oklahoma City Thunder,Luguentz Dort,Puntos+Rebotes,10.5,Sobre,2.05,dom_alt,
Oklahoma City Thunder - San Antonio Spurs,Winner Of Wc Sf1 Winner Of Wc Sf2,2026-05-26,2026-05-19 00:30,San Antonio Spurs,Oklahoma City Thunder,Oklahoma City Thunder,Luguentz Dort,Puntos+Rebotes,10.5,Debajo,1.57,dom_alt,
Oklahoma City Thunder - San Antonio Spurs,Winner Of Wc Sf1 Winner Of Wc Sf2,2026-05-26,2026-05-19 00:30,San Antonio Spurs,Oklahoma City Thunder,Oklahoma City Thunder,Luguentz Dort,Puntos+Asistencias,7.5,Sobre,1.79,dom,
Oklahoma City Thunder - San Antonio Spurs,Winner Of Wc Sf1 Winner Of Wc Sf2,2026-05-26,2026-05-19 00:30,San Antonio Spurs,Oklahoma City Thunder,Oklahoma City Thunder,Luguentz Dort,Puntos+Asistencias,7.5,Debajo,1.88,dom,
Oklahoma City Thunder - San Antonio Spurs,Winner Of Wc Sf1 Winner Of Wc Sf2,2026-05-26,2026-05-19 00:30,San Antonio Spurs,Oklahoma City Thunder,Oklahoma City Thunder,Luguentz Dort,Puntos+Asistencias,8.5,Sobre,1.97,dom_alt,
Oklahoma City Thunder - San Antonio Spurs,Winner Of Wc Sf1 Winner Of Wc Sf2,2026-05-26,2026-05-19 00:30,San Antonio Spurs,Oklahoma City Thunder,Oklahoma City Thunder,Luguentz Dort,Puntos+Asistencias,8.5,Debajo,1.62,dom_alt,
Oklahoma City Thunder - San Antonio Spurs,Winner Of Wc Sf1 Winner Of Wc Sf2,2026-05-26,2026-05-19 00:30,San Antonio Spurs,Oklahoma City Thunder,Oklahoma City Thunder,Luguentz Dort,PRA,10.5,Sobre,1.89,dom,
Oklahoma City Thunder - San Antonio Spurs,Winner Of Wc Sf1 Winner Of Wc Sf2,2026-05-26,2026-05-19 00:30,San Antonio Spurs,Oklahoma City Thunder,Oklahoma City Thunder,Luguentz Dort,PRA,10.5,Debajo,1.78,dom,
Oklahoma City Thunder - San Antonio Spurs,Winner Of Wc Sf1 Winner Of Wc Sf2,2026-05-26,2026-05-19 00:30,San Antonio Spurs,Oklahoma City Thunder,Oklahoma City Thunder,Luguentz Dort,PRA,11.5,Sobre,2.07,dom_alt,
Oklahoma City Thunder - San Antonio Spurs,Winner Of Wc Sf1 Winner Of Wc Sf2,2026-05-26,2026-05-19 00:30,San Antonio Spurs,Oklahoma City Thunder,Oklahoma City Thunder,Luguentz Dort,PRA,11.5,Debajo,1.56,dom_alt,
Oklahoma City Thunder - San Antonio Spurs,Winner Of Wc Sf1 Winner Of Wc Sf2,2026-05-26,2026-05-19 00:30,San Antonio Spurs,Oklahoma City Thunder,Oklahoma City Thunder,Luguentz Dort,PRA,8.5,Sobre,1.53,dom_alt,
Oklahoma City Thunder - San Antonio Spurs,Winner Of Wc Sf1 Winner Of Wc Sf2,2026-05-26,2026-05-19 00:30,San Antonio Spurs,Oklahoma City Thunder,Oklahoma City Thunder,Luguentz Dort,PRA,8.5,Debajo,2.13,dom_alt,
Oklahoma City Thunder - San Antonio Spurs,Winner Of Wc Sf1 Winner Of Wc Sf2,2026-05-26,2026-05-19 00:30,San Antonio Spurs,Oklahoma City Thunder,Oklahoma City Thunder,Luguentz Dort,PRA,12.5,Sobre,2.29,dom_alt,
Oklahoma City Thunder - San Antonio Spurs,Winner Of Wc Sf1 Winner Of Wc Sf2,2026-05-26,2026-05-19 00:30,San Antonio Spurs,Oklahoma City Thunder,Oklahoma City Thunder,Luguentz Dort,PRA,12.5,Debajo,1.45,dom_alt,
Oklahoma City Thunder - San Antonio Spurs,Winner Of Wc Sf1 Winner Of Wc Sf2,2026-05-26,2026-05-19 00:30,San Antonio Spurs,Oklahoma City Thunder,Oklahoma City Thunder,Luguentz Dort,PRA,7.5,Sobre,1.37,dom_alt,
Oklahoma City Thunder - San Antonio Spurs,Winner Of Wc Sf1 Winner Of Wc Sf2,2026-05-26,2026-05-19 00:30,San Antonio Spurs,Oklahoma City Thunder,Oklahoma City Thunder,Luguentz Dort,PRA,7.5,Debajo,2.52,dom_alt,
Oklahoma City Thunder - San Antonio Spurs,Winner Of Wc Sf1 Winner Of Wc Sf2,2026-05-26,2026-05-19 00:30,San Antonio Spurs,Oklahoma City Thunder,Oklahoma City Thunder,Luguentz Dort,PRA,13.5,Sobre,2.65,dom_alt,
Oklahoma City Thunder - San Antonio Spurs,Winner Of Wc Sf1 Winner Of Wc Sf2,2026-05-26,2026-05-19 00:30,San Antonio Spurs,Oklahoma City Thunder,Oklahoma City Thunder,Luguentz Dort,PRA,13.5,Debajo,1.34,dom_alt,
Oklahoma City Thunder - San Antonio Spurs,Winner Of Wc Sf1 Winner Of Wc Sf2,2026-05-26,2026-05-19 00:30,San Antonio Spurs,Oklahoma City Thunder,Oklahoma City Thunder,Luguentz Dort,Asistencias+Rebotes,3.5,Sobre,2.08,dom,
Oklahoma City Thunder - San Antonio Spurs,Winner Of Wc Sf1 Winner Of Wc Sf2,2026-05-26,2026-05-19 00:30,San Antonio Spurs,Oklahoma City Thunder,Oklahoma City Thunder,Luguentz Dort,Asistencias+Rebotes,3.5,Debajo,1.64,dom,
Oklahoma City Thunder - San Antonio Spurs,Winner Of Wc Sf1 Winner Of Wc Sf2,2026-05-26,2026-05-19 00:30,San Antonio Spurs,Oklahoma City Thunder,Oklahoma City Thunder,Luguentz Dort,Asistencias,0.5,Sobre,1.64,dom,
Oklahoma City Thunder - San Antonio Spurs,Winner Of Wc Sf1 Winner Of Wc Sf2,2026-05-26,2026-05-19 00:30,San Antonio Spurs,Oklahoma City Thunder,Oklahoma City Thunder,Luguentz Dort,Asistencias,0.5,Debajo,2.08,dom,
Oklahoma City Thunder - San Antonio Spurs,Winner Of Wc Sf1 Winner Of Wc Sf2,2026-05-26,2026-05-19 00:30,San Antonio Spurs,Oklahoma City Thunder,Oklahoma City Thunder,Luguentz Dort,PuntosPrimerCuarto,2.5,Sobre,1.88,dom,
Oklahoma City Thunder - San Antonio Spurs,Winner Of Wc Sf1 Winner Of Wc Sf2,2026-05-26,2026-05-19 00:30,San Antonio Spurs,Oklahoma City Thunder,Oklahoma City Thunder,Luguentz Dort,PuntosPrimerCuarto,2.5,Debajo,1.79,dom,
Oklahoma City Thunder - San Antonio Spurs,Winner Of Wc Sf1 Winner Of Wc Sf2,2026-05-26,2026-05-19 00:30,San Antonio Spurs,Oklahoma City Thunder,Oklahoma City Thunder,Luguentz Dort,PuntosPrimerCuarto,0.5,Sobre,1.57,dom_alt,
Oklahoma City Thunder - San Antonio Spurs,Winner Of Wc Sf1 Winner Of Wc Sf2,2026-05-26,2026-05-19 00:30,San Antonio Spurs,Oklahoma City Thunder,Oklahoma City Thunder,Luguentz Dort,PuntosPrimerCuarto,0.5,Debajo,2.05,dom_alt,
Oklahoma City Thunder - San Antonio Spurs,Winner Of Wc Sf1 Winner Of Wc Sf2,2026-05-26,2026-05-19 00:30,San Antonio Spurs,Oklahoma City Thunder,Oklahoma City Thunder,Luguentz Dort,RebotesPrimerCuarto,0.5,Sobre,1.71,dom,
Oklahoma City Thunder - San Antonio Spurs,Winner Of Wc Sf1 Winner Of Wc Sf2,2026-05-26,2026-05-19 00:30,San Antonio Spurs,Oklahoma City Thunder,Oklahoma City Thunder,Luguentz Dort,RebotesPrimerCuarto,0.5,Debajo,1.97,dom,
Oklahoma City Thunder - San Antonio Spurs,Winner Of Wc Sf1 Winner Of Wc Sf2,2026-05-26,2026-05-19 00:30,San Antonio Spurs,Oklahoma City Thunder,Oklahoma City Thunder,Luguentz Dort,GolesCampo,2.5,Sobre,1.98,dom,
Oklahoma City Thunder - San Antonio Spurs,Winner Of Wc Sf1 Winner Of Wc Sf2,2026-05-26,2026-05-19 00:30,San Antonio Spurs,Oklahoma City Thunder,Oklahoma City Thunder,Luguentz Dort,GolesCampo,2.5,Debajo,1.71,dom,
Oklahoma City Thunder - San Antonio Spurs,Winner Of Wc Sf1 Winner Of Wc Sf2,2026-05-26,2026-05-19 00:30,San Antonio Spurs,Oklahoma City Thunder,Oklahoma City Thunder,Luguentz Dort,GolesCampoInt,6.5,Sobre,2.04,dom,
Oklahoma City Thunder - San Antonio Spurs,Winner Of Wc Sf1 Winner Of Wc Sf2,2026-05-26,2026-05-19 00:30,San Antonio Spurs,Oklahoma City Thunder,Oklahoma City Thunder,Luguentz Dort,GolesCampoInt,6.5,Debajo,1.67,dom,
Oklahoma City Thunder - San Antonio Spurs,Winner Of Wc Sf1 Winner Of Wc Sf2,2026-05-26,2026-05-19 00:30,San Antonio Spurs,Oklahoma City Thunder,Oklahoma City Thunder,Luguentz Dort,TriplesInt,4.5,Sobre,1.74,dom,
Oklahoma City Thunder - San Antonio Spurs,Winner Of Wc Sf1 Winner Of Wc Sf2,2026-05-26,2026-05-19 00:30,San Antonio Spurs,Oklahoma City Thunder,Oklahoma City Thunder,Luguentz Dort,TriplesInt,4.5,Debajo,1.94,dom,
Oklahoma City Thunder - San Antonio Spurs,Winner Of Wc Sf1 Winner Of Wc Sf2,2026-05-26,2026-05-19 00:30,San Antonio Spurs,Oklahoma City Thunder,Oklahoma City Thunder,Luguentz Dort,Faltas,2.5,Sobre,2.04,dom,
Oklahoma City Thunder - San Antonio Spurs,Winner Of Wc Sf1 Winner Of Wc Sf2,2026-05-26,2026-05-19 00:30,San Antonio Spurs,Oklahoma City Thunder,Oklahoma City Thunder,Luguentz Dort,Faltas,2.5,Debajo,1.67,dom,
Oklahoma City Thunder - San Antonio Spurs,Winner Of Wc Sf1 Winner Of Wc Sf2,2026-05-26,2026-05-19 00:30,San Antonio Spurs,Oklahoma City Thunder,Oklahoma City Thunder,Shai Gilgeous-Alexander,Puntos,29.5,Sobre,1.81,dom,
Oklahoma City Thunder - San Antonio Spurs,Winner Of Wc Sf1 Winner Of Wc Sf2,2026-05-26,2026-05-19 00:30,San Antonio Spurs,Oklahoma City Thunder,Oklahoma City Thunder,Shai Gilgeous-Alexander,Puntos,29.5,Debajo,1.86,dom,
Oklahoma City Thunder - San Antonio Spurs,Winner Of Wc Sf1 Winner Of Wc Sf2,2026-05-26,2026-05-19 00:30,San Antonio Spurs,Oklahoma City Thunder,Oklahoma City Thunder,Shai Gilgeous-Alexander,Puntos,30.5,Sobre,1.91,dom_alt,
Oklahoma City Thunder - San Antonio Spurs,Winner Of Wc Sf1 Winner Of Wc Sf2,2026-05-26,2026-05-19 00:30,San Antonio Spurs,Oklahoma City Thunder,Oklahoma City Thunder,Shai Gilgeous-Alexander,Puntos,30.5,Debajo,1.66,dom_alt,
Oklahoma City Thunder - San Antonio Spurs,Winner Of Wc Sf1 Winner Of Wc Sf2,2026-05-26,2026-05-19 00:30,San Antonio Spurs,Oklahoma City Thunder,Oklahoma City Thunder,Shai Gilgeous-Alexander,Puntos,27.5,Sobre,1.55,dom_alt,
Oklahoma City Thunder - San Antonio Spurs,Winner Of Wc Sf1 Winner Of Wc Sf2,2026-05-26,2026-05-19 00:30,San Antonio Spurs,Oklahoma City Thunder,Oklahoma City Thunder,Shai Gilgeous-Alexander,Puntos,27.5,Debajo,2.08,dom_alt,
Oklahoma City Thunder - San Antonio Spurs,Winner Of Wc Sf1 Winner Of Wc Sf2,2026-05-26,2026-05-19 00:30,San Antonio Spurs,Oklahoma City Thunder,Oklahoma City Thunder,Shai Gilgeous-Alexander,Puntos,31.5,Sobre,2.08,dom_alt,
Oklahoma City Thunder - San Antonio Spurs,Winner Of Wc Sf1 Winner Of Wc Sf2,2026-05-26,2026-05-19 00:30,San Antonio Spurs,Oklahoma City Thunder,Oklahoma City Thunder,Shai Gilgeous-Alexander,Puntos,31.5,Debajo,1.55,dom_alt,
Oklahoma City Thunder - San Antonio Spurs,Winner Of Wc Sf1 Winner Of Wc Sf2,2026-05-26,2026-05-19 00:30,San Antonio Spurs,Oklahoma City Thunder,Oklahoma City Thunder,Shai Gilgeous-Alexander,Puntos,26.5,Sobre,1.44,dom_alt,
Oklahoma City Thunder - San Antonio Spurs,Winner Of Wc Sf1 Winner Of Wc Sf2,2026-05-26,2026-05-19 00:30,San Antonio Spurs,Oklahoma City Thunder,Oklahoma City Thunder,Shai Gilgeous-Alexander,Puntos,26.5,Debajo,2.32,dom_alt,
Oklahoma City Thunder - San Antonio Spurs,Winner Of Wc Sf1 Winner Of Wc Sf2,2026-05-26,2026-05-19 00:30,San Antonio Spurs,Oklahoma City Thunder,Oklahoma City Thunder,Shai Gilgeous-Alexander,Puntos,32.5,Sobre,2.20,dom_alt,
Oklahoma City Thunder - San Antonio Spurs,Winner Of Wc Sf1 Winner Of Wc Sf2,2026-05-26,2026-05-19 00:30,San Antonio Spurs,Oklahoma City Thunder,Oklahoma City Thunder,Shai Gilgeous-Alexander,Puntos,32.5,Debajo,1.49,dom_alt,
Oklahoma City Thunder - San Antonio Spurs,Winner Of Wc Sf1 Winner Of Wc Sf2,2026-05-26,2026-05-19 00:30,San Antonio Spurs,Oklahoma City Thunder,Oklahoma City Thunder,Shai Gilgeous-Alexander,Puntos,25.5,Sobre,1.35,dom_alt,
Oklahoma City Thunder - San Antonio Spurs,Winner Of Wc Sf1 Winner Of Wc Sf2,2026-05-26,2026-05-19 00:30,San Antonio Spurs,Oklahoma City Thunder,Oklahoma City Thunder,Shai Gilgeous-Alexander,Puntos,25.5,Debajo,2.59,dom_alt,
Oklahoma City Thunder - San Antonio Spurs,Winner Of Wc Sf1 Winner Of Wc Sf2,2026-05-26,2026-05-19 00:30,San Antonio Spurs,Oklahoma City Thunder,Oklahoma City Thunder,Shai Gilgeous-Alexander,Puntos,33.5,Sobre,2.42,dom_alt,
Oklahoma City Thunder - San Antonio Spurs,Winner Of Wc Sf1 Winner Of Wc Sf2,2026-05-26,2026-05-19 00:30,San Antonio Spurs,Oklahoma City Thunder,Oklahoma City Thunder,Shai Gilgeous-Alexander,Puntos,33.5,Debajo,1.40,dom_alt,
Oklahoma City Thunder - San Antonio Spurs,Winner Of Wc Sf1 Winner Of Wc Sf2,2026-05-26,2026-05-19 00:30,San Antonio Spurs,Oklahoma City Thunder,Oklahoma City Thunder,Shai Gilgeous-Alexander,Puntos,24.5,Sobre,1.28,dom_alt,
Oklahoma City Thunder - San Antonio Spurs,Winner Of Wc Sf1 Winner Of Wc Sf2,2026-05-26,2026-05-19 00:30,San Antonio Spurs,Oklahoma City Thunder,Oklahoma City Thunder,Shai Gilgeous-Alexander,Puntos,24.5,Debajo,2.90,dom_alt,
Oklahoma City Thunder - San Antonio Spurs,Winner Of Wc Sf1 Winner Of Wc Sf2,2026-05-26,2026-05-19 00:30,San Antonio Spurs,Oklahoma City Thunder,Oklahoma City Thunder,Shai Gilgeous-Alexander,Puntos,34.5,Sobre,2.69,dom_alt,
Oklahoma City Thunder - San Antonio Spurs,Winner Of Wc Sf1 Winner Of Wc Sf2,2026-05-26,2026-05-19 00:30,San Antonio Spurs,Oklahoma City Thunder,Oklahoma City Thunder,Shai Gilgeous-Alexander,Puntos,34.5,Debajo,1.33,dom_alt,
Oklahoma City Thunder - San Antonio Spurs,Winner Of Wc Sf1 Winner Of Wc Sf2,2026-05-26,2026-05-19 00:30,San Antonio Spurs,Oklahoma City Thunder,Oklahoma City Thunder,Shai Gilgeous-Alexander,Rebotes,3.5,Sobre,1.59,dom,
Oklahoma City Thunder - San Antonio Spurs,Winner Of Wc Sf1 Winner Of Wc Sf2,2026-05-26,2026-05-19 00:30,San Antonio Spurs,Oklahoma City Thunder,Oklahoma City Thunder,Shai Gilgeous-Alexander,Rebotes,3.5,Debajo,2.17,dom,
Oklahoma City Thunder - San Antonio Spurs,Winner Of Wc Sf1 Winner Of Wc Sf2,2026-05-26,2026-05-19 00:30,San Antonio Spurs,Oklahoma City Thunder,Oklahoma City Thunder,Shai Gilgeous-Alexander,Triples,1.5,Sobre,1.96,dom,
Oklahoma City Thunder - San Antonio Spurs,Winner Of Wc Sf1 Winner Of Wc Sf2,2026-05-26,2026-05-19 00:30,San Antonio Spurs,Oklahoma City Thunder,Oklahoma City Thunder,Shai Gilgeous-Alexander,Triples,1.5,Debajo,1.73,dom,
Oklahoma City Thunder - San Antonio Spurs,Winner Of Wc Sf1 Winner Of Wc Sf2,2026-05-26,2026-05-19 00:30,San Antonio Spurs,Oklahoma City Thunder,Oklahoma City Thunder,Shai Gilgeous-Alexander,Puntos+Rebotes,33.5,Sobre,1.79,dom,
Oklahoma City Thunder - San Antonio Spurs,Winner Of Wc Sf1 Winner Of Wc Sf2,2026-05-26,2026-05-19 00:30,San Antonio Spurs,Oklahoma City Thunder,Oklahoma City Thunder,Shai Gilgeous-Alexander,Puntos+Rebotes,33.5,Debajo,1.88,dom,
Oklahoma City Thunder - San Antonio Spurs,Winner Of Wc Sf1 Winner Of Wc Sf2,2026-05-26,2026-05-19 00:30,San Antonio Spurs,Oklahoma City Thunder,Oklahoma City Thunder,Shai Gilgeous-Alexander,Puntos+Rebotes,34.5,Sobre,1.88,dom_alt,
Oklahoma City Thunder - San Antonio Spurs,Winner Of Wc Sf1 Winner Of Wc Sf2,2026-05-26,2026-05-19 00:30,San Antonio Spurs,Oklahoma City Thunder,Oklahoma City Thunder,Shai Gilgeous-Alexander,Puntos+Rebotes,34.5,Debajo,1.68,dom_alt,
Oklahoma City Thunder - San Antonio Spurs,Winner Of Wc Sf1 Winner Of Wc Sf2,2026-05-26,2026-05-19 00:30,San Antonio Spurs,Oklahoma City Thunder,Oklahoma City Thunder,Shai Gilgeous-Alexander,Puntos+Rebotes,31.5,Sobre,1.56,dom_alt,
Oklahoma City Thunder - San Antonio Spurs,Winner Of Wc Sf1 Winner Of Wc Sf2,2026-05-26,2026-05-19 00:30,San Antonio Spurs,Oklahoma City Thunder,Oklahoma City Thunder,Shai Gilgeous-Alexander,Puntos+Rebotes,31.5,Debajo,2.06,dom_alt,
Oklahoma City Thunder - San Antonio Spurs,Winner Of Wc Sf1 Winner Of Wc Sf2,2026-05-26,2026-05-19 00:30,San Antonio Spurs,Oklahoma City Thunder,Oklahoma City Thunder,Shai Gilgeous-Alexander,Puntos+Rebotes,35.5,Sobre,2.05,dom_alt,
Oklahoma City Thunder - San Antonio Spurs,Winner Of Wc Sf1 Winner Of Wc Sf2,2026-05-26,2026-05-19 00:30,San Antonio Spurs,Oklahoma City Thunder,Oklahoma City Thunder,Shai Gilgeous-Alexander,Puntos+Rebotes,35.5,Debajo,1.57,dom_alt,
Oklahoma City Thunder - San Antonio Spurs,Winner Of Wc Sf1 Winner Of Wc Sf2,2026-05-26,2026-05-19 00:30,San Antonio Spurs,Oklahoma City Thunder,Oklahoma City Thunder,Shai Gilgeous-Alexander,Puntos+Rebotes,36.5,Sobre,2.15,dom_alt,
Oklahoma City Thunder - San Antonio Spurs,Winner Of Wc Sf1 Winner Of Wc Sf2,2026-05-26,2026-05-19 00:30,San Antonio Spurs,Oklahoma City Thunder,Oklahoma City Thunder,Shai Gilgeous-Alexander,Puntos+Rebotes,36.5,Debajo,1.52,dom_alt,
Oklahoma City Thunder - San Antonio Spurs,Winner Of Wc Sf1 Winner Of Wc Sf2,2026-05-26,2026-05-19 00:30,San Antonio Spurs,Oklahoma City Thunder,Oklahoma City Thunder,Shai Gilgeous-Alexander,Puntos+Asistencias,36.5,Sobre,1.87,dom,
Oklahoma City Thunder - San Antonio Spurs,Winner Of Wc Sf1 Winner Of Wc Sf2,2026-05-26,2026-05-19 00:30,San Antonio Spurs,Oklahoma City Thunder,Oklahoma City Thunder,Shai Gilgeous-Alexander,Puntos+Asistencias,36.5,Debajo,1.80,dom,
Oklahoma City Thunder - San Antonio Spurs,Winner Of Wc Sf1 Winner Of Wc Sf2,2026-05-26,2026-05-19 00:30,San Antonio Spurs,Oklahoma City Thunder,Oklahoma City Thunder,Shai Gilgeous-Alexander,Puntos+Asistencias,37.5,Sobre,1.96,dom_alt,
Oklahoma City Thunder - San Antonio Spurs,Winner Of Wc Sf1 Winner Of Wc Sf2,2026-05-26,2026-05-19 00:30,San Antonio Spurs,Oklahoma City Thunder,Oklahoma City Thunder,Shai Gilgeous-Alexander,Puntos+Asistencias,37.5,Debajo,1.63,dom_alt,
Oklahoma City Thunder - San Antonio Spurs,Winner Of Wc Sf1 Winner Of Wc Sf2,2026-05-26,2026-05-19 00:30,San Antonio Spurs,Oklahoma City Thunder,Oklahoma City Thunder,Shai Gilgeous-Alexander,Puntos+Asistencias,34.5,Sobre,1.56,dom_alt,
Oklahoma City Thunder - San Antonio Spurs,Winner Of Wc Sf1 Winner Of Wc Sf2,2026-05-26,2026-05-19 00:30,San Antonio Spurs,Oklahoma City Thunder,Oklahoma City Thunder,Shai Gilgeous-Alexander,Puntos+Asistencias,34.5,Debajo,2.07,dom_alt,
Oklahoma City Thunder - San Antonio Spurs,Winner Of Wc Sf1 Winner Of Wc Sf2,2026-05-26,2026-05-19 00:30,San Antonio Spurs,Oklahoma City Thunder,Oklahoma City Thunder,Shai Gilgeous-Alexander,Puntos+Asistencias,38.5,Sobre,2.06,dom_alt,
Oklahoma City Thunder - San Antonio Spurs,Winner Of Wc Sf1 Winner Of Wc Sf2,2026-05-26,2026-05-19 00:30,San Antonio Spurs,Oklahoma City Thunder,Oklahoma City Thunder,Shai Gilgeous-Alexander,Puntos+Asistencias,38.5,Debajo,1.56,dom_alt,
Oklahoma City Thunder - San Antonio Spurs,Winner Of Wc Sf1 Winner Of Wc Sf2,2026-05-26,2026-05-19 00:30,San Antonio Spurs,Oklahoma City Thunder,Oklahoma City Thunder,Shai Gilgeous-Alexander,PRA,40.5,Sobre,1.85,dom,
Oklahoma City Thunder - San Antonio Spurs,Winner Of Wc Sf1 Winner Of Wc Sf2,2026-05-26,2026-05-19 00:30,San Antonio Spurs,Oklahoma City Thunder,Oklahoma City Thunder,Shai Gilgeous-Alexander,PRA,40.5,Debajo,1.82,dom,
Oklahoma City Thunder - San Antonio Spurs,Winner Of Wc Sf1 Winner Of Wc Sf2,2026-05-26,2026-05-19 00:30,San Antonio Spurs,Oklahoma City Thunder,Oklahoma City Thunder,Shai Gilgeous-Alexander,PRA,41.5,Sobre,1.92,dom_alt,
Oklahoma City Thunder - San Antonio Spurs,Winner Of Wc Sf1 Winner Of Wc Sf2,2026-05-26,2026-05-19 00:30,San Antonio Spurs,Oklahoma City Thunder,Oklahoma City Thunder,Shai Gilgeous-Alexander,PRA,41.5,Debajo,1.66,dom_alt,
Oklahoma City Thunder - San Antonio Spurs,Winner Of Wc Sf1 Winner Of Wc Sf2,2026-05-26,2026-05-19 00:30,San Antonio Spurs,Oklahoma City Thunder,Oklahoma City Thunder,Shai Gilgeous-Alexander,PRA,38.5,Sobre,1.56,dom_alt,
Oklahoma City Thunder - San Antonio Spurs,Winner Of Wc Sf1 Winner Of Wc Sf2,2026-05-26,2026-05-19 00:30,San Antonio Spurs,Oklahoma City Thunder,Oklahoma City Thunder,Shai Gilgeous-Alexander,PRA,38.5,Debajo,2.07,dom_alt,
Oklahoma City Thunder - San Antonio Spurs,Winner Of Wc Sf1 Winner Of Wc Sf2,2026-05-26,2026-05-19 00:30,San Antonio Spurs,Oklahoma City Thunder,Oklahoma City Thunder,Shai Gilgeous-Alexander,PRA,42.5,Sobre,2.09,dom_alt,
Oklahoma City Thunder - San Antonio Spurs,Winner Of Wc Sf1 Winner Of Wc Sf2,2026-05-26,2026-05-19 00:30,San Antonio Spurs,Oklahoma City Thunder,Oklahoma City Thunder,Shai Gilgeous-Alexander,PRA,42.5,Debajo,1.55,dom_alt,
Oklahoma City Thunder - San Antonio Spurs,Winner Of Wc Sf1 Winner Of Wc Sf2,2026-05-26,2026-05-19 00:30,San Antonio Spurs,Oklahoma City Thunder,Oklahoma City Thunder,Shai Gilgeous-Alexander,PRA,37.5,Sobre,1.51,dom_alt,
Oklahoma City Thunder - San Antonio Spurs,Winner Of Wc Sf1 Winner Of Wc Sf2,2026-05-26,2026-05-19 00:30,San Antonio Spurs,Oklahoma City Thunder,Oklahoma City Thunder,Shai Gilgeous-Alexander,PRA,37.5,Debajo,2.17,dom_alt,
Oklahoma City Thunder - San Antonio Spurs,Winner Of Wc Sf1 Winner Of Wc Sf2,2026-05-26,2026-05-19 00:30,San Antonio Spurs,Oklahoma City Thunder,Oklahoma City Thunder,Shai Gilgeous-Alexander,PRA,43.5,Sobre,2.20,dom_alt,
Oklahoma City Thunder - San Antonio Spurs,Winner Of Wc Sf1 Winner Of Wc Sf2,2026-05-26,2026-05-19 00:30,San Antonio Spurs,Oklahoma City Thunder,Oklahoma City Thunder,Shai Gilgeous-Alexander,PRA,43.5,Debajo,1.49,dom_alt,
Oklahoma City Thunder - San Antonio Spurs,Winner Of Wc Sf1 Winner Of Wc Sf2,2026-05-26,2026-05-19 00:30,San Antonio Spurs,Oklahoma City Thunder,Oklahoma City Thunder,Shai Gilgeous-Alexander,PRA,36.5,Sobre,1.42,dom_alt,
Oklahoma City Thunder - San Antonio Spurs,Winner Of Wc Sf1 Winner Of Wc Sf2,2026-05-26,2026-05-19 00:30,San Antonio Spurs,Oklahoma City Thunder,Oklahoma City Thunder,Shai Gilgeous-Alexander,PRA,36.5,Debajo,2.39,dom_alt,
Oklahoma City Thunder - San Antonio Spurs,Winner Of Wc Sf1 Winner Of Wc Sf2,2026-05-26,2026-05-19 00:30,San Antonio Spurs,Oklahoma City Thunder,Oklahoma City Thunder,Shai Gilgeous-Alexander,PRA,44.5,Sobre,2.41,dom_alt,
Oklahoma City Thunder - San Antonio Spurs,Winner Of Wc Sf1 Winner Of Wc Sf2,2026-05-26,2026-05-19 00:30,San Antonio Spurs,Oklahoma City Thunder,Oklahoma City Thunder,Shai Gilgeous-Alexander,PRA,44.5,Debajo,1.41,dom_alt,
Oklahoma City Thunder - San Antonio Spurs,Winner Of Wc Sf1 Winner Of Wc Sf2,2026-05-26,2026-05-19 00:30,San Antonio Spurs,Oklahoma City Thunder,Oklahoma City Thunder,Shai Gilgeous-Alexander,PRA,35.5,Sobre,1.33,dom_alt,
Oklahoma City Thunder - San Antonio Spurs,Winner Of Wc Sf1 Winner Of Wc Sf2,2026-05-26,2026-05-19 00:30,San Antonio Spurs,Oklahoma City Thunder,Oklahoma City Thunder,Shai Gilgeous-Alexander,PRA,35.5,Debajo,2.66,dom_alt,
Oklahoma City Thunder - San Antonio Spurs,Winner Of Wc Sf1 Winner Of Wc Sf2,2026-05-26,2026-05-19 00:30,San Antonio Spurs,Oklahoma City Thunder,Oklahoma City Thunder,Shai Gilgeous-Alexander,PRA,45.5,Sobre,2.66,dom_alt,
Oklahoma City Thunder - San Antonio Spurs,Winner Of Wc Sf1 Winner Of Wc Sf2,2026-05-26,2026-05-19 00:30,San Antonio Spurs,Oklahoma City Thunder,Oklahoma City Thunder,Shai Gilgeous-Alexander,PRA,45.5,Debajo,1.34,dom_alt,
Oklahoma City Thunder - San Antonio Spurs,Winner Of Wc Sf1 Winner Of Wc Sf2,2026-05-26,2026-05-19 00:30,San Antonio Spurs,Oklahoma City Thunder,Oklahoma City Thunder,Shai Gilgeous-Alexander,Asistencias+Rebotes,10.5,Sobre,1.83,dom,
Oklahoma City Thunder - San Antonio Spurs,Winner Of Wc Sf1 Winner Of Wc Sf2,2026-05-26,2026-05-19 00:30,San Antonio Spurs,Oklahoma City Thunder,Oklahoma City Thunder,Shai Gilgeous-Alexander,Asistencias+Rebotes,10.5,Debajo,1.84,dom,
Oklahoma City Thunder - San Antonio Spurs,Winner Of Wc Sf1 Winner Of Wc Sf2,2026-05-26,2026-05-19 00:30,San Antonio Spurs,Oklahoma City Thunder,Oklahoma City Thunder,Shai Gilgeous-Alexander,Asistencias+Rebotes,11.5,Sobre,2.12,dom_alt,
Oklahoma City Thunder - San Antonio Spurs,Winner Of Wc Sf1 Winner Of Wc Sf2,2026-05-26,2026-05-19 00:30,San Antonio Spurs,Oklahoma City Thunder,Oklahoma City Thunder,Shai Gilgeous-Alexander,Asistencias+Rebotes,11.5,Debajo,1.53,dom_alt,
Oklahoma City Thunder - San Antonio Spurs,Winner Of Wc Sf1 Winner Of Wc Sf2,2026-05-26,2026-05-19 00:30,San Antonio Spurs,Oklahoma City Thunder,Oklahoma City Thunder,Shai Gilgeous-Alexander,DobleDoble,0.5,Sobre,5.39,dom,
Oklahoma City Thunder - San Antonio Spurs,Winner Of Wc Sf1 Winner Of Wc Sf2,2026-05-26,2026-05-19 00:30,San Antonio Spurs,Oklahoma City Thunder,Oklahoma City Thunder,Shai Gilgeous-Alexander,DobleDoble,0.5,Debajo,1.11,dom,
Oklahoma City Thunder - San Antonio Spurs,Winner Of Wc Sf1 Winner Of Wc Sf2,2026-05-26,2026-05-19 00:30,San Antonio Spurs,Oklahoma City Thunder,Oklahoma City Thunder,Shai Gilgeous-Alexander,Asistencias,6.5,Sobre,1.89,dom,
Oklahoma City Thunder - San Antonio Spurs,Winner Of Wc Sf1 Winner Of Wc Sf2,2026-05-26,2026-05-19 00:30,San Antonio Spurs,Oklahoma City Thunder,Oklahoma City Thunder,Shai Gilgeous-Alexander,Asistencias,6.5,Debajo,1.78,dom,
Oklahoma City Thunder - San Antonio Spurs,Winner Of Wc Sf1 Winner Of Wc Sf2,2026-05-26,2026-05-19 00:30,San Antonio Spurs,Oklahoma City Thunder,Oklahoma City Thunder,Shai Gilgeous-Alexander,Asistencias,7.5,Sobre,2.32,dom_alt,
Oklahoma City Thunder - San Antonio Spurs,Winner Of Wc Sf1 Winner Of Wc Sf2,2026-05-26,2026-05-19 00:30,San Antonio Spurs,Oklahoma City Thunder,Oklahoma City Thunder,Shai Gilgeous-Alexander,Asistencias,7.5,Debajo,1.44,dom_alt,
Oklahoma City Thunder - San Antonio Spurs,Winner Of Wc Sf1 Winner Of Wc Sf2,2026-05-26,2026-05-19 00:30,San Antonio Spurs,Oklahoma City Thunder,Oklahoma City Thunder,Shai Gilgeous-Alexander,PuntosPrimerCuarto,8.5,Sobre,1.98,dom,
Oklahoma City Thunder - San Antonio Spurs,Winner Of Wc Sf1 Winner Of Wc Sf2,2026-05-26,2026-05-19 00:30,San Antonio Spurs,Oklahoma City Thunder,Oklahoma City Thunder,Shai Gilgeous-Alexander,PuntosPrimerCuarto,8.5,Debajo,1.71,dom,
Oklahoma City Thunder - San Antonio Spurs,Winner Of Wc Sf1 Winner Of Wc Sf2,2026-05-26,2026-05-19 00:30,San Antonio Spurs,Oklahoma City Thunder,Oklahoma City Thunder,Shai Gilgeous-Alexander,TirosLibres,7.5,Sobre,1.88,dom,
Oklahoma City Thunder - San Antonio Spurs,Winner Of Wc Sf1 Winner Of Wc Sf2,2026-05-26,2026-05-19 00:30,San Antonio Spurs,Oklahoma City Thunder,Oklahoma City Thunder,Shai Gilgeous-Alexander,TirosLibres,7.5,Debajo,1.79,dom,
Oklahoma City Thunder - San Antonio Spurs,Winner Of Wc Sf1 Winner Of Wc Sf2,2026-05-26,2026-05-19 00:30,San Antonio Spurs,Oklahoma City Thunder,Oklahoma City Thunder,Shai Gilgeous-Alexander,TirosLibresInt,8.5,Sobre,1.72,dom,
Oklahoma City Thunder - San Antonio Spurs,Winner Of Wc Sf1 Winner Of Wc Sf2,2026-05-26,2026-05-19 00:30,San Antonio Spurs,Oklahoma City Thunder,Oklahoma City Thunder,Shai Gilgeous-Alexander,TirosLibresInt,8.5,Debajo,1.97,dom,
Oklahoma City Thunder - San Antonio Spurs,Winner Of Wc Sf1 Winner Of Wc Sf2,2026-05-26,2026-05-19 00:30,San Antonio Spurs,Oklahoma City Thunder,Oklahoma City Thunder,Shai Gilgeous-Alexander,GolesCampo,10.5,Sobre,1.99,dom,
Oklahoma City Thunder - San Antonio Spurs,Winner Of Wc Sf1 Winner Of Wc Sf2,2026-05-26,2026-05-19 00:30,San Antonio Spurs,Oklahoma City Thunder,Oklahoma City Thunder,Shai Gilgeous-Alexander,GolesCampo,10.5,Debajo,1.70,dom,
Oklahoma City Thunder - San Antonio Spurs,Winner Of Wc Sf1 Winner Of Wc Sf2,2026-05-26,2026-05-19 00:30,San Antonio Spurs,Oklahoma City Thunder,Oklahoma City Thunder,Shai Gilgeous-Alexander,GolesCampoInt,21.5,Sobre,1.80,dom,
Oklahoma City Thunder - San Antonio Spurs,Winner Of Wc Sf1 Winner Of Wc Sf2,2026-05-26,2026-05-19 00:30,San Antonio Spurs,Oklahoma City Thunder,Oklahoma City Thunder,Shai Gilgeous-Alexander,GolesCampoInt,21.5,Debajo,1.87,dom,
Oklahoma City Thunder - San Antonio Spurs,Winner Of Wc Sf1 Winner Of Wc Sf2,2026-05-26,2026-05-19 00:30,San Antonio Spurs,Oklahoma City Thunder,Oklahoma City Thunder,Isaiah Hartenstein,Puntos,8.5,Sobre,2.04,dom,
Oklahoma City Thunder - San Antonio Spurs,Winner Of Wc Sf1 Winner Of Wc Sf2,2026-05-26,2026-05-19 00:30,San Antonio Spurs,Oklahoma City Thunder,Oklahoma City Thunder,Isaiah Hartenstein,Puntos,8.5,Debajo,1.66,dom,
Oklahoma City Thunder - San Antonio Spurs,Winner Of Wc Sf1 Winner Of Wc Sf2,2026-05-26,2026-05-19 00:30,San Antonio Spurs,Oklahoma City Thunder,Oklahoma City Thunder,Isaiah Hartenstein,Puntos,9.5,Sobre,2.10,dom_alt,
Oklahoma City Thunder - San Antonio Spurs,Winner Of Wc Sf1 Winner Of Wc Sf2,2026-05-26,2026-05-19 00:30,San Antonio Spurs,Oklahoma City Thunder,Oklahoma City Thunder,Isaiah Hartenstein,Puntos,9.5,Debajo,1.54,dom_alt,
Oklahoma City Thunder - San Antonio Spurs,Winner Of Wc Sf1 Winner Of Wc Sf2,2026-05-26,2026-05-19 00:30,San Antonio Spurs,Oklahoma City Thunder,Oklahoma City Thunder,Isaiah Hartenstein,Puntos,6.5,Sobre,1.53,dom_alt,
Oklahoma City Thunder - San Antonio Spurs,Winner Of Wc Sf1 Winner Of Wc Sf2,2026-05-26,2026-05-19 00:30,San Antonio Spurs,Oklahoma City Thunder,Oklahoma City Thunder,Isaiah Hartenstein,Puntos,6.5,Debajo,2.13,dom_alt,
Oklahoma City Thunder - San Antonio Spurs,Winner Of Wc Sf1 Winner Of Wc Sf2,2026-05-26,2026-05-19 00:30,San Antonio Spurs,Oklahoma City Thunder,Oklahoma City Thunder,Isaiah Hartenstein,Puntos,10.5,Sobre,2.62,dom_alt,
Oklahoma City Thunder - San Antonio Spurs,Winner Of Wc Sf1 Winner Of Wc Sf2,2026-05-26,2026-05-19 00:30,San Antonio Spurs,Oklahoma City Thunder,Oklahoma City Thunder,Isaiah Hartenstein,Puntos,10.5,Debajo,1.35,dom_alt,
Oklahoma City Thunder - San Antonio Spurs,Winner Of Wc Sf1 Winner Of Wc Sf2,2026-05-26,2026-05-19 00:30,San Antonio Spurs,Oklahoma City Thunder,Oklahoma City Thunder,Isaiah Hartenstein,Puntos,5.5,Sobre,1.29,dom_alt,
Oklahoma City Thunder - San Antonio Spurs,Winner Of Wc Sf1 Winner Of Wc Sf2,2026-05-26,2026-05-19 00:30,San Antonio Spurs,Oklahoma City Thunder,Oklahoma City Thunder,Isaiah Hartenstein,Puntos,5.5,Debajo,2.88,dom_alt,
Oklahoma City Thunder - San Antonio Spurs,Winner Of Wc Sf1 Winner Of Wc Sf2,2026-05-26,2026-05-19 00:30,San Antonio Spurs,Oklahoma City Thunder,Oklahoma City Thunder,Isaiah Hartenstein,Rebotes,9.5,Sobre,1.81,dom,
Oklahoma City Thunder - San Antonio Spurs,Winner Of Wc Sf1 Winner Of Wc Sf2,2026-05-26,2026-05-19 00:30,San Antonio Spurs,Oklahoma City Thunder,Oklahoma City Thunder,Isaiah Hartenstein,Rebotes,9.5,Debajo,1.86,dom,
Oklahoma City Thunder - San Antonio Spurs,Winner Of Wc Sf1 Winner Of Wc Sf2,2026-05-26,2026-05-19 00:30,San Antonio Spurs,Oklahoma City Thunder,Oklahoma City Thunder,Isaiah Hartenstein,Rebotes,10.5,Sobre,2.08,dom_alt,
Oklahoma City Thunder - San Antonio Spurs,Winner Of Wc Sf1 Winner Of Wc Sf2,2026-05-26,2026-05-19 00:30,San Antonio Spurs,Oklahoma City Thunder,Oklahoma City Thunder,Isaiah Hartenstein,Rebotes,10.5,Debajo,1.55,dom_alt,
Oklahoma City Thunder - San Antonio Spurs,Winner Of Wc Sf1 Winner Of Wc Sf2,2026-05-26,2026-05-19 00:30,San Antonio Spurs,Oklahoma City Thunder,Oklahoma City Thunder,Isaiah Hartenstein,Rebotes,7.5,Sobre,1.36,dom_alt,
Oklahoma City Thunder - San Antonio Spurs,Winner Of Wc Sf1 Winner Of Wc Sf2,2026-05-26,2026-05-19 00:30,San Antonio Spurs,Oklahoma City Thunder,Oklahoma City Thunder,Isaiah Hartenstein,Rebotes,7.5,Debajo,2.57,dom_alt,
Oklahoma City Thunder - San Antonio Spurs,Winner Of Wc Sf1 Winner Of Wc Sf2,2026-05-26,2026-05-19 00:30,San Antonio Spurs,Oklahoma City Thunder,Oklahoma City Thunder,Isaiah Hartenstein,Rebotes,11.5,Sobre,2.46,dom_alt,
Oklahoma City Thunder - San Antonio Spurs,Winner Of Wc Sf1 Winner Of Wc Sf2,2026-05-26,2026-05-19 00:30,San Antonio Spurs,Oklahoma City Thunder,Oklahoma City Thunder,Isaiah Hartenstein,Rebotes,11.5,Debajo,1.39,dom_alt,
Oklahoma City Thunder - San Antonio Spurs,Winner Of Wc Sf1 Winner Of Wc Sf2,2026-05-26,2026-05-19 00:30,San Antonio Spurs,Oklahoma City Thunder,Oklahoma City Thunder,Isaiah Hartenstein,Tapones,0.5,Sobre,1.63,dom,
Oklahoma City Thunder - San Antonio Spurs,Winner Of Wc Sf1 Winner Of Wc Sf2,2026-05-26,2026-05-19 00:30,San Antonio Spurs,Oklahoma City Thunder,Oklahoma City Thunder,Isaiah Hartenstein,Tapones,0.5,Debajo,2.09,dom,
Oklahoma City Thunder - San Antonio Spurs,Winner Of Wc Sf1 Winner Of Wc Sf2,2026-05-26,2026-05-19 00:30,San Antonio Spurs,Oklahoma City Thunder,Oklahoma City Thunder,Isaiah Hartenstein,Pérdidas,1.5,Sobre,1.97,dom,
Oklahoma City Thunder - San Antonio Spurs,Winner Of Wc Sf1 Winner Of Wc Sf2,2026-05-26,2026-05-19 00:30,San Antonio Spurs,Oklahoma City Thunder,Oklahoma City Thunder,Isaiah Hartenstein,Pérdidas,1.5,Debajo,1.72,dom,
Oklahoma City Thunder - San Antonio Spurs,Winner Of Wc Sf1 Winner Of Wc Sf2,2026-05-26,2026-05-19 00:30,San Antonio Spurs,Oklahoma City Thunder,Oklahoma City Thunder,Isaiah Hartenstein,Puntos+Rebotes,17.5,Sobre,1.76,dom,
Oklahoma City Thunder - San Antonio Spurs,Winner Of Wc Sf1 Winner Of Wc Sf2,2026-05-26,2026-05-19 00:30,San Antonio Spurs,Oklahoma City Thunder,Oklahoma City Thunder,Isaiah Hartenstein,Puntos+Rebotes,17.5,Debajo,1.91,dom,
Oklahoma City Thunder - San Antonio Spurs,Winner Of Wc Sf1 Winner Of Wc Sf2,2026-05-26,2026-05-19 00:30,San Antonio Spurs,Oklahoma City Thunder,Oklahoma City Thunder,Isaiah Hartenstein,Puntos+Rebotes,18.5,Sobre,1.88,dom_alt,
Oklahoma City Thunder - San Antonio Spurs,Winner Of Wc Sf1 Winner Of Wc Sf2,2026-05-26,2026-05-19 00:30,San Antonio Spurs,Oklahoma City Thunder,Oklahoma City Thunder,Isaiah Hartenstein,Puntos+Rebotes,18.5,Debajo,1.68,dom_alt,
Oklahoma City Thunder - San Antonio Spurs,Winner Of Wc Sf1 Winner Of Wc Sf2,2026-05-26,2026-05-19 00:30,San Antonio Spurs,Oklahoma City Thunder,Oklahoma City Thunder,Isaiah Hartenstein,Puntos+Rebotes,19.5,Sobre,2.09,dom_alt,
Oklahoma City Thunder - San Antonio Spurs,Winner Of Wc Sf1 Winner Of Wc Sf2,2026-05-26,2026-05-19 00:30,San Antonio Spurs,Oklahoma City Thunder,Oklahoma City Thunder,Isaiah Hartenstein,Puntos+Rebotes,19.5,Debajo,1.55,dom_alt,
Oklahoma City Thunder - San Antonio Spurs,Winner Of Wc Sf1 Winner Of Wc Sf2,2026-05-26,2026-05-19 00:30,San Antonio Spurs,Oklahoma City Thunder,Oklahoma City Thunder,Isaiah Hartenstein,Puntos+Asistencias,10.5,Sobre,1.86,dom,
Oklahoma City Thunder - San Antonio Spurs,Winner Of Wc Sf1 Winner Of Wc Sf2,2026-05-26,2026-05-19 00:30,San Antonio Spurs,Oklahoma City Thunder,Oklahoma City Thunder,Isaiah Hartenstein,Puntos+Asistencias,10.5,Debajo,1.81,dom,
Oklahoma City Thunder - San Antonio Spurs,Winner Of Wc Sf1 Winner Of Wc Sf2,2026-05-26,2026-05-19 00:30,San Antonio Spurs,Oklahoma City Thunder,Oklahoma City Thunder,Isaiah Hartenstein,Puntos+Asistencias,11.5,Sobre,2.06,dom_alt,
Oklahoma City Thunder - San Antonio Spurs,Winner Of Wc Sf1 Winner Of Wc Sf2,2026-05-26,2026-05-19 00:30,San Antonio Spurs,Oklahoma City Thunder,Oklahoma City Thunder,Isaiah Hartenstein,Puntos+Asistencias,11.5,Debajo,1.56,dom_alt,
Oklahoma City Thunder - San Antonio Spurs,Winner Of Wc Sf1 Winner Of Wc Sf2,2026-05-26,2026-05-19 00:30,San Antonio Spurs,Oklahoma City Thunder,Oklahoma City Thunder,Isaiah Hartenstein,PRA,20.5,Sobre,1.87,dom,
Oklahoma City Thunder - San Antonio Spurs,Winner Of Wc Sf1 Winner Of Wc Sf2,2026-05-26,2026-05-19 00:30,San Antonio Spurs,Oklahoma City Thunder,Oklahoma City Thunder,Isaiah Hartenstein,PRA,20.5,Debajo,1.80,dom,
Oklahoma City Thunder - San Antonio Spurs,Winner Of Wc Sf1 Winner Of Wc Sf2,2026-05-26,2026-05-19 00:30,San Antonio Spurs,Oklahoma City Thunder,Oklahoma City Thunder,Isaiah Hartenstein,PRA,21.5,Sobre,1.98,dom_alt,
Oklahoma City Thunder - San Antonio Spurs,Winner Of Wc Sf1 Winner Of Wc Sf2,2026-05-26,2026-05-19 00:30,San Antonio Spurs,Oklahoma City Thunder,Oklahoma City Thunder,Isaiah Hartenstein,PRA,21.5,Debajo,1.61,dom_alt,
Oklahoma City Thunder - San Antonio Spurs,Winner Of Wc Sf1 Winner Of Wc Sf2,2026-05-26,2026-05-19 00:30,San Antonio Spurs,Oklahoma City Thunder,Oklahoma City Thunder,Isaiah Hartenstein,PRA,18.5,Sobre,1.54,dom_alt,
Oklahoma City Thunder - San Antonio Spurs,Winner Of Wc Sf1 Winner Of Wc Sf2,2026-05-26,2026-05-19 00:30,San Antonio Spurs,Oklahoma City Thunder,Oklahoma City Thunder,Isaiah Hartenstein,PRA,18.5,Debajo,2.10,dom_alt,
Oklahoma City Thunder - San Antonio Spurs,Winner Of Wc Sf1 Winner Of Wc Sf2,2026-05-26,2026-05-19 00:30,San Antonio Spurs,Oklahoma City Thunder,Oklahoma City Thunder,Isaiah Hartenstein,PRA,22.5,Sobre,2.09,dom_alt,
Oklahoma City Thunder - San Antonio Spurs,Winner Of Wc Sf1 Winner Of Wc Sf2,2026-05-26,2026-05-19 00:30,San Antonio Spurs,Oklahoma City Thunder,Oklahoma City Thunder,Isaiah Hartenstein,PRA,22.5,Debajo,1.55,dom_alt,
Oklahoma City Thunder - San Antonio Spurs,Winner Of Wc Sf1 Winner Of Wc Sf2,2026-05-26,2026-05-19 00:30,San Antonio Spurs,Oklahoma City Thunder,Oklahoma City Thunder,Isaiah Hartenstein,PRA,17.5,Sobre,1.46,dom_alt,
Oklahoma City Thunder - San Antonio Spurs,Winner Of Wc Sf1 Winner Of Wc Sf2,2026-05-26,2026-05-19 00:30,San Antonio Spurs,Oklahoma City Thunder,Oklahoma City Thunder,Isaiah Hartenstein,PRA,17.5,Debajo,2.26,dom_alt,
Oklahoma City Thunder - San Antonio Spurs,Winner Of Wc Sf1 Winner Of Wc Sf2,2026-05-26,2026-05-19 00:30,San Antonio Spurs,Oklahoma City Thunder,Oklahoma City Thunder,Isaiah Hartenstein,PRA,23.5,Sobre,2.35,dom_alt,
Oklahoma City Thunder - San Antonio Spurs,Winner Of Wc Sf1 Winner Of Wc Sf2,2026-05-26,2026-05-19 00:30,San Antonio Spurs,Oklahoma City Thunder,Oklahoma City Thunder,Isaiah Hartenstein,PRA,23.5,Debajo,1.43,dom_alt,
Oklahoma City Thunder - San Antonio Spurs,Winner Of Wc Sf1 Winner Of Wc Sf2,2026-05-26,2026-05-19 00:30,San Antonio Spurs,Oklahoma City Thunder,Oklahoma City Thunder,Isaiah Hartenstein,PRA,16.5,Sobre,1.37,dom_alt,
Oklahoma City Thunder - San Antonio Spurs,Winner Of Wc Sf1 Winner Of Wc Sf2,2026-05-26,2026-05-19 00:30,San Antonio Spurs,Oklahoma City Thunder,Oklahoma City Thunder,Isaiah Hartenstein,PRA,16.5,Debajo,2.53,dom_alt,
Oklahoma City Thunder - San Antonio Spurs,Winner Of Wc Sf1 Winner Of Wc Sf2,2026-05-26,2026-05-19 00:30,San Antonio Spurs,Oklahoma City Thunder,Oklahoma City Thunder,Isaiah Hartenstein,PRA,24.5,Sobre,2.65,dom_alt,
Oklahoma City Thunder - San Antonio Spurs,Winner Of Wc Sf1 Winner Of Wc Sf2,2026-05-26,2026-05-19 00:30,San Antonio Spurs,Oklahoma City Thunder,Oklahoma City Thunder,Isaiah Hartenstein,PRA,24.5,Debajo,1.34,dom_alt,
Oklahoma City Thunder - San Antonio Spurs,Winner Of Wc Sf1 Winner Of Wc Sf2,2026-05-26,2026-05-19 00:30,San Antonio Spurs,Oklahoma City Thunder,Oklahoma City Thunder,Isaiah Hartenstein,Asistencias+Rebotes,11.5,Sobre,1.71,dom,
Oklahoma City Thunder - San Antonio Spurs,Winner Of Wc Sf1 Winner Of Wc Sf2,2026-05-26,2026-05-19 00:30,San Antonio Spurs,Oklahoma City Thunder,Oklahoma City Thunder,Isaiah Hartenstein,Asistencias+Rebotes,11.5,Debajo,1.98,dom,
Oklahoma City Thunder - San Antonio Spurs,Winner Of Wc Sf1 Winner Of Wc Sf2,2026-05-26,2026-05-19 00:30,San Antonio Spurs,Oklahoma City Thunder,Oklahoma City Thunder,Isaiah Hartenstein,Asistencias+Rebotes,12.5,Sobre,1.92,dom_alt,
Oklahoma City Thunder - San Antonio Spurs,Winner Of Wc Sf1 Winner Of Wc Sf2,2026-05-26,2026-05-19 00:30,San Antonio Spurs,Oklahoma City Thunder,Oklahoma City Thunder,Isaiah Hartenstein,Asistencias+Rebotes,12.5,Debajo,1.65,dom_alt,
Oklahoma City Thunder - San Antonio Spurs,Winner Of Wc Sf1 Winner Of Wc Sf2,2026-05-26,2026-05-19 00:30,San Antonio Spurs,Oklahoma City Thunder,Oklahoma City Thunder,Isaiah Hartenstein,Asistencias+Rebotes,13.5,Sobre,2.17,dom_alt,
Oklahoma City Thunder - San Antonio Spurs,Winner Of Wc Sf1 Winner Of Wc Sf2,2026-05-26,2026-05-19 00:30,San Antonio Spurs,Oklahoma City Thunder,Oklahoma City Thunder,Isaiah Hartenstein,Asistencias+Rebotes,13.5,Debajo,1.51,dom_alt,
Oklahoma City Thunder - San Antonio Spurs,Winner Of Wc Sf1 Winner Of Wc Sf2,2026-05-26,2026-05-19 00:30,San Antonio Spurs,Oklahoma City Thunder,Oklahoma City Thunder,Isaiah Hartenstein,Robos+Tapones,1.5,Sobre,1.62,dom,
Oklahoma City Thunder - San Antonio Spurs,Winner Of Wc Sf1 Winner Of Wc Sf2,2026-05-26,2026-05-19 00:30,San Antonio Spurs,Oklahoma City Thunder,Oklahoma City Thunder,Isaiah Hartenstein,Robos+Tapones,1.5,Debajo,2.12,dom,
Oklahoma City Thunder - San Antonio Spurs,Winner Of Wc Sf1 Winner Of Wc Sf2,2026-05-26,2026-05-19 00:30,San Antonio Spurs,Oklahoma City Thunder,Oklahoma City Thunder,Isaiah Hartenstein,DobleDoble,0.5,Sobre,3.33,dom,
Oklahoma City Thunder - San Antonio Spurs,Winner Of Wc Sf1 Winner Of Wc Sf2,2026-05-26,2026-05-19 00:30,San Antonio Spurs,Oklahoma City Thunder,Oklahoma City Thunder,Isaiah Hartenstein,DobleDoble,0.5,Debajo,1.27,dom,
Oklahoma City Thunder - San Antonio Spurs,Winner Of Wc Sf1 Winner Of Wc Sf2,2026-05-26,2026-05-19 00:30,San Antonio Spurs,Oklahoma City Thunder,Oklahoma City Thunder,Isaiah Hartenstein,Asistencias,2.5,Sobre,2.16,dom,
Oklahoma City Thunder - San Antonio Spurs,Winner Of Wc Sf1 Winner Of Wc Sf2,2026-05-26,2026-05-19 00:30,San Antonio Spurs,Oklahoma City Thunder,Oklahoma City Thunder,Isaiah Hartenstein,Asistencias,2.5,Debajo,1.60,dom,
Oklahoma City Thunder - San Antonio Spurs,Winner Of Wc Sf1 Winner Of Wc Sf2,2026-05-26,2026-05-19 00:30,San Antonio Spurs,Oklahoma City Thunder,Oklahoma City Thunder,Isaiah Hartenstein,AsistenciasPrimerCuarto,0.5,Sobre,2.12,dom,
Oklahoma City Thunder - San Antonio Spurs,Winner Of Wc Sf1 Winner Of Wc Sf2,2026-05-26,2026-05-19 00:30,San Antonio Spurs,Oklahoma City Thunder,Oklahoma City Thunder,Isaiah Hartenstein,AsistenciasPrimerCuarto,0.5,Debajo,1.62,dom,
Oklahoma City Thunder - San Antonio Spurs,Winner Of Wc Sf1 Winner Of Wc Sf2,2026-05-26,2026-05-19 00:30,San Antonio Spurs,Oklahoma City Thunder,Oklahoma City Thunder,Isaiah Hartenstein,RebotesPrimerCuarto,2.5,Sobre,1.99,dom,
Oklahoma City Thunder - San Antonio Spurs,Winner Of Wc Sf1 Winner Of Wc Sf2,2026-05-26,2026-05-19 00:30,San Antonio Spurs,Oklahoma City Thunder,Oklahoma City Thunder,Isaiah Hartenstein,RebotesPrimerCuarto,2.5,Debajo,1.70,dom,
Oklahoma City Thunder - San Antonio Spurs,Winner Of Wc Sf1 Winner Of Wc Sf2,2026-05-26,2026-05-19 00:30,San Antonio Spurs,Oklahoma City Thunder,Oklahoma City Thunder,Isaiah Hartenstein,TirosLibres,0.5,Sobre,1.64,dom,
Oklahoma City Thunder - San Antonio Spurs,Winner Of Wc Sf1 Winner Of Wc Sf2,2026-05-26,2026-05-19 00:30,San Antonio Spurs,Oklahoma City Thunder,Oklahoma City Thunder,Isaiah Hartenstein,TirosLibres,0.5,Debajo,2.08,dom,
Oklahoma City Thunder - San Antonio Spurs,Winner Of Wc Sf1 Winner Of Wc Sf2,2026-05-26,2026-05-19 00:30,San Antonio Spurs,Oklahoma City Thunder,Oklahoma City Thunder,Isaiah Hartenstein,TirosLibresInt,1.5,Sobre,1.68,dom,
Oklahoma City Thunder - San Antonio Spurs,Winner Of Wc Sf1 Winner Of Wc Sf2,2026-05-26,2026-05-19 00:30,San Antonio Spurs,Oklahoma City Thunder,Oklahoma City Thunder,Isaiah Hartenstein,TirosLibresInt,1.5,Debajo,2.03,dom,
Oklahoma City Thunder - San Antonio Spurs,Winner Of Wc Sf1 Winner Of Wc Sf2,2026-05-26,2026-05-19 00:30,San Antonio Spurs,Oklahoma City Thunder,Oklahoma City Thunder,Isaiah Hartenstein,GolesCampo,3.5,Sobre,1.91,dom,
Oklahoma City Thunder - San Antonio Spurs,Winner Of Wc Sf1 Winner Of Wc Sf2,2026-05-26,2026-05-19 00:30,San Antonio Spurs,Oklahoma City Thunder,Oklahoma City Thunder,Isaiah Hartenstein,GolesCampo,3.5,Debajo,1.76,dom,
Oklahoma City Thunder - San Antonio Spurs,Winner Of Wc Sf1 Winner Of Wc Sf2,2026-05-26,2026-05-19 00:30,San Antonio Spurs,Oklahoma City Thunder,Oklahoma City Thunder,Isaiah Hartenstein,GolesCampoInt,6.5,Sobre,2.04,dom,
Oklahoma City Thunder - San Antonio Spurs,Winner Of Wc Sf1 Winner Of Wc Sf2,2026-05-26,2026-05-19 00:30,San Antonio Spurs,Oklahoma City Thunder,Oklahoma City Thunder,Isaiah Hartenstein,GolesCampoInt,6.5,Debajo,1.67,dom,
Oklahoma City Thunder - San Antonio Spurs,Winner Of Wc Sf1 Winner Of Wc Sf2,2026-05-26,2026-05-19 00:30,San Antonio Spurs,Oklahoma City Thunder,Oklahoma City Thunder,Isaiah Hartenstein,Faltas,2.5,Sobre,1.71,dom,
Oklahoma City Thunder - San Antonio Spurs,Winner Of Wc Sf1 Winner Of Wc Sf2,2026-05-26,2026-05-19 00:30,San Antonio Spurs,Oklahoma City Thunder,Oklahoma City Thunder,Isaiah Hartenstein,Faltas,2.5,Debajo,1.98,dom,
Oklahoma City Thunder - San Antonio Spurs,Winner Of Wc Sf1 Winner Of Wc Sf2,2026-05-26,2026-05-19 00:30,San Antonio Spurs,Oklahoma City Thunder,Oklahoma City Thunder,Chet Holmgren,Puntos,16.5,Sobre,1.86,dom,
Oklahoma City Thunder - San Antonio Spurs,Winner Of Wc Sf1 Winner Of Wc Sf2,2026-05-26,2026-05-19 00:30,San Antonio Spurs,Oklahoma City Thunder,Oklahoma City Thunder,Chet Holmgren,Puntos,16.5,Debajo,1.81,dom,
Oklahoma City Thunder - San Antonio Spurs,Winner Of Wc Sf1 Winner Of Wc Sf2,2026-05-26,2026-05-19 00:30,San Antonio Spurs,Oklahoma City Thunder,Oklahoma City Thunder,Chet Holmgren,Puntos,17.5,Sobre,1.99,dom_alt,
Oklahoma City Thunder - San Antonio Spurs,Winner Of Wc Sf1 Winner Of Wc Sf2,2026-05-26,2026-05-19 00:30,San Antonio Spurs,Oklahoma City Thunder,Oklahoma City Thunder,Chet Holmgren,Puntos,17.5,Debajo,1.61,dom_alt,
Oklahoma City Thunder - San Antonio Spurs,Winner Of Wc Sf1 Winner Of Wc Sf2,2026-05-26,2026-05-19 00:30,San Antonio Spurs,Oklahoma City Thunder,Oklahoma City Thunder,Chet Holmgren,Puntos,14.5,Sobre,1.54,dom_alt,
Oklahoma City Thunder - San Antonio Spurs,Winner Of Wc Sf1 Winner Of Wc Sf2,2026-05-26,2026-05-19 00:30,San Antonio Spurs,Oklahoma City Thunder,Oklahoma City Thunder,Chet Holmgren,Puntos,14.5,Debajo,2.11,dom_alt,
Oklahoma City Thunder - San Antonio Spurs,Winner Of Wc Sf1 Winner Of Wc Sf2,2026-05-26,2026-05-19 00:30,San Antonio Spurs,Oklahoma City Thunder,Oklahoma City Thunder,Chet Holmgren,Puntos,18.5,Sobre,2.18,dom_alt,
Oklahoma City Thunder - San Antonio Spurs,Winner Of Wc Sf1 Winner Of Wc Sf2,2026-05-26,2026-05-19 00:30,San Antonio Spurs,Oklahoma City Thunder,Oklahoma City Thunder,Chet Holmgren,Puntos,18.5,Debajo,1.50,dom_alt,
Oklahoma City Thunder - San Antonio Spurs,Winner Of Wc Sf1 Winner Of Wc Sf2,2026-05-26,2026-05-19 00:30,San Antonio Spurs,Oklahoma City Thunder,Oklahoma City Thunder,Chet Holmgren,Puntos,13.5,Sobre,1.41,dom_alt,
Oklahoma City Thunder - San Antonio Spurs,Winner Of Wc Sf1 Winner Of Wc Sf2,2026-05-26,2026-05-19 00:30,San Antonio Spurs,Oklahoma City Thunder,Oklahoma City Thunder,Chet Holmgren,Puntos,13.5,Debajo,2.42,dom_alt,
Oklahoma City Thunder - San Antonio Spurs,Winner Of Wc Sf1 Winner Of Wc Sf2,2026-05-26,2026-05-19 00:30,San Antonio Spurs,Oklahoma City Thunder,Oklahoma City Thunder,Chet Holmgren,Puntos,19.5,Sobre,2.49,dom_alt,
Oklahoma City Thunder - San Antonio Spurs,Winner Of Wc Sf1 Winner Of Wc Sf2,2026-05-26,2026-05-19 00:30,San Antonio Spurs,Oklahoma City Thunder,Oklahoma City Thunder,Chet Holmgren,Puntos,19.5,Debajo,1.38,dom_alt,
Oklahoma City Thunder - San Antonio Spurs,Winner Of Wc Sf1 Winner Of Wc Sf2,2026-05-26,2026-05-19 00:30,San Antonio Spurs,Oklahoma City Thunder,Oklahoma City Thunder,Chet Holmgren,Puntos,12.5,Sobre,1.30,dom_alt,
Oklahoma City Thunder - San Antonio Spurs,Winner Of Wc Sf1 Winner Of Wc Sf2,2026-05-26,2026-05-19 00:30,San Antonio Spurs,Oklahoma City Thunder,Oklahoma City Thunder,Chet Holmgren,Puntos,12.5,Debajo,2.82,dom_alt,
Oklahoma City Thunder - San Antonio Spurs,Winner Of Wc Sf1 Winner Of Wc Sf2,2026-05-26,2026-05-19 00:30,San Antonio Spurs,Oklahoma City Thunder,Oklahoma City Thunder,Chet Holmgren,Puntos,20.5,Sobre,2.87,dom_alt,
Oklahoma City Thunder - San Antonio Spurs,Winner Of Wc Sf1 Winner Of Wc Sf2,2026-05-26,2026-05-19 00:30,San Antonio Spurs,Oklahoma City Thunder,Oklahoma City Thunder,Chet Holmgren,Puntos,20.5,Debajo,1.29,dom_alt,
Oklahoma City Thunder - San Antonio Spurs,Winner Of Wc Sf1 Winner Of Wc Sf2,2026-05-26,2026-05-19 00:30,San Antonio Spurs,Oklahoma City Thunder,Oklahoma City Thunder,Chet Holmgren,Rebotes,8.5,Sobre,1.65,dom,
Oklahoma City Thunder - San Antonio Spurs,Winner Of Wc Sf1 Winner Of Wc Sf2,2026-05-26,2026-05-19 00:30,San Antonio Spurs,Oklahoma City Thunder,Oklahoma City Thunder,Chet Holmgren,Rebotes,8.5,Debajo,2.06,dom,
Oklahoma City Thunder - San Antonio Spurs,Winner Of Wc Sf1 Winner Of Wc Sf2,2026-05-26,2026-05-19 00:30,San Antonio Spurs,Oklahoma City Thunder,Oklahoma City Thunder,Chet Holmgren,Rebotes,9.5,Sobre,1.96,dom_alt,
Oklahoma City Thunder - San Antonio Spurs,Winner Of Wc Sf1 Winner Of Wc Sf2,2026-05-26,2026-05-19 00:30,San Antonio Spurs,Oklahoma City Thunder,Oklahoma City Thunder,Chet Holmgren,Rebotes,9.5,Debajo,1.63,dom_alt,
Oklahoma City Thunder - San Antonio Spurs,Winner Of Wc Sf1 Winner Of Wc Sf2,2026-05-26,2026-05-19 00:30,San Antonio Spurs,Oklahoma City Thunder,Oklahoma City Thunder,Chet Holmgren,Rebotes,10.5,Sobre,2.39,dom_alt,
Oklahoma City Thunder - San Antonio Spurs,Winner Of Wc Sf1 Winner Of Wc Sf2,2026-05-26,2026-05-19 00:30,San Antonio Spurs,Oklahoma City Thunder,Oklahoma City Thunder,Chet Holmgren,Rebotes,10.5,Debajo,1.42,dom_alt,
Oklahoma City Thunder - San Antonio Spurs,Winner Of Wc Sf1 Winner Of Wc Sf2,2026-05-26,2026-05-19 00:30,San Antonio Spurs,Oklahoma City Thunder,Oklahoma City Thunder,Chet Holmgren,Triples,1.5,Sobre,2.25,dom,
Oklahoma City Thunder - San Antonio Spurs,Winner Of Wc Sf1 Winner Of Wc Sf2,2026-05-26,2026-05-19 00:30,San Antonio Spurs,Oklahoma City Thunder,Oklahoma City Thunder,Chet Holmgren,Triples,1.5,Debajo,1.55,dom,
Oklahoma City Thunder - San Antonio Spurs,Winner Of Wc Sf1 Winner Of Wc Sf2,2026-05-26,2026-05-19 00:30,San Antonio Spurs,Oklahoma City Thunder,Oklahoma City Thunder,Chet Holmgren,Tapones,1.5,Sobre,1.65,dom,
Oklahoma City Thunder - San Antonio Spurs,Winner Of Wc Sf1 Winner Of Wc Sf2,2026-05-26,2026-05-19 00:30,San Antonio Spurs,Oklahoma City Thunder,Oklahoma City Thunder,Chet Holmgren,Tapones,1.5,Debajo,2.06,dom,
Oklahoma City Thunder - San Antonio Spurs,Winner Of Wc Sf1 Winner Of Wc Sf2,2026-05-26,2026-05-19 00:30,San Antonio Spurs,Oklahoma City Thunder,Oklahoma City Thunder,Chet Holmgren,Puntos+Rebotes,25.5,Sobre,1.82,dom,
Oklahoma City Thunder - San Antonio Spurs,Winner Of Wc Sf1 Winner Of Wc Sf2,2026-05-26,2026-05-19 00:30,San Antonio Spurs,Oklahoma City Thunder,Oklahoma City Thunder,Chet Holmgren,Puntos+Rebotes,25.5,Debajo,1.85,dom,
Oklahoma City Thunder - San Antonio Spurs,Winner Of Wc Sf1 Winner Of Wc Sf2,2026-05-26,2026-05-19 00:30,San Antonio Spurs,Oklahoma City Thunder,Oklahoma City Thunder,Chet Holmgren,Puntos+Rebotes,26.5,Sobre,1.92,dom_alt,
Oklahoma City Thunder - San Antonio Spurs,Winner Of Wc Sf1 Winner Of Wc Sf2,2026-05-26,2026-05-19 00:30,San Antonio Spurs,Oklahoma City Thunder,Oklahoma City Thunder,Chet Holmgren,Puntos+Rebotes,26.5,Debajo,1.65,dom_alt,
Oklahoma City Thunder - San Antonio Spurs,Winner Of Wc Sf1 Winner Of Wc Sf2,2026-05-26,2026-05-19 00:30,San Antonio Spurs,Oklahoma City Thunder,Oklahoma City Thunder,Chet Holmgren,Puntos+Rebotes,23.5,Sobre,1.55,dom_alt,
Oklahoma City Thunder - San Antonio Spurs,Winner Of Wc Sf1 Winner Of Wc Sf2,2026-05-26,2026-05-19 00:30,San Antonio Spurs,Oklahoma City Thunder,Oklahoma City Thunder,Chet Holmgren,Puntos+Rebotes,23.5,Debajo,2.08,dom_alt,
Oklahoma City Thunder - San Antonio Spurs,Winner Of Wc Sf1 Winner Of Wc Sf2,2026-05-26,2026-05-19 00:30,San Antonio Spurs,Oklahoma City Thunder,Oklahoma City Thunder,Chet Holmgren,Puntos+Rebotes,27.5,Sobre,2.11,dom_alt,
Oklahoma City Thunder - San Antonio Spurs,Winner Of Wc Sf1 Winner Of Wc Sf2,2026-05-26,2026-05-19 00:30,San Antonio Spurs,Oklahoma City Thunder,Oklahoma City Thunder,Chet Holmgren,Puntos+Rebotes,27.5,Debajo,1.53,dom_alt,
Oklahoma City Thunder - San Antonio Spurs,Winner Of Wc Sf1 Winner Of Wc Sf2,2026-05-26,2026-05-19 00:30,San Antonio Spurs,Oklahoma City Thunder,Oklahoma City Thunder,Chet Holmgren,Puntos+Asistencias,17.5,Sobre,1.76,dom,
Oklahoma City Thunder - San Antonio Spurs,Winner Of Wc Sf1 Winner Of Wc Sf2,2026-05-26,2026-05-19 00:30,San Antonio Spurs,Oklahoma City Thunder,Oklahoma City Thunder,Chet Holmgren,Puntos+Asistencias,17.5,Debajo,1.92,dom,
Oklahoma City Thunder - San Antonio Spurs,Winner Of Wc Sf1 Winner Of Wc Sf2,2026-05-26,2026-05-19 00:30,San Antonio Spurs,Oklahoma City Thunder,Oklahoma City Thunder,Chet Holmgren,Puntos+Asistencias,18.5,Sobre,1.88,dom_alt,
Oklahoma City Thunder - San Antonio Spurs,Winner Of Wc Sf1 Winner Of Wc Sf2,2026-05-26,2026-05-19 00:30,San Antonio Spurs,Oklahoma City Thunder,Oklahoma City Thunder,Chet Holmgren,Puntos+Asistencias,18.5,Debajo,1.68,dom_alt,
Oklahoma City Thunder - San Antonio Spurs,Winner Of Wc Sf1 Winner Of Wc Sf2,2026-05-26,2026-05-19 00:30,San Antonio Spurs,Oklahoma City Thunder,Oklahoma City Thunder,Chet Holmgren,Puntos+Asistencias,19.5,Sobre,2.09,dom_alt,
Oklahoma City Thunder - San Antonio Spurs,Winner Of Wc Sf1 Winner Of Wc Sf2,2026-05-26,2026-05-19 00:30,San Antonio Spurs,Oklahoma City Thunder,Oklahoma City Thunder,Chet Holmgren,Puntos+Asistencias,19.5,Debajo,1.55,dom_alt,
Oklahoma City Thunder - San Antonio Spurs,Winner Of Wc Sf1 Winner Of Wc Sf2,2026-05-26,2026-05-19 00:30,San Antonio Spurs,Oklahoma City Thunder,Oklahoma City Thunder,Chet Holmgren,PRA,27.5,Sobre,1.89,dom,
Oklahoma City Thunder - San Antonio Spurs,Winner Of Wc Sf1 Winner Of Wc Sf2,2026-05-26,2026-05-19 00:30,San Antonio Spurs,Oklahoma City Thunder,Oklahoma City Thunder,Chet Holmgren,PRA,27.5,Debajo,1.79,dom,
Oklahoma City Thunder - San Antonio Spurs,Winner Of Wc Sf1 Winner Of Wc Sf2,2026-05-26,2026-05-19 00:30,San Antonio Spurs,Oklahoma City Thunder,Oklahoma City Thunder,Chet Holmgren,PRA,28.5,Sobre,2.00,dom_alt,
Oklahoma City Thunder - San Antonio Spurs,Winner Of Wc Sf1 Winner Of Wc Sf2,2026-05-26,2026-05-19 00:30,San Antonio Spurs,Oklahoma City Thunder,Oklahoma City Thunder,Chet Holmgren,PRA,28.5,Debajo,1.60,dom_alt,
Oklahoma City Thunder - San Antonio Spurs,Winner Of Wc Sf1 Winner Of Wc Sf2,2026-05-26,2026-05-19 00:30,San Antonio Spurs,Oklahoma City Thunder,Oklahoma City Thunder,Chet Holmgren,PRA,25.5,Sobre,1.57,dom_alt,
Oklahoma City Thunder - San Antonio Spurs,Winner Of Wc Sf1 Winner Of Wc Sf2,2026-05-26,2026-05-19 00:30,San Antonio Spurs,Oklahoma City Thunder,Oklahoma City Thunder,Chet Holmgren,PRA,25.5,Debajo,2.06,dom_alt,
Oklahoma City Thunder - San Antonio Spurs,Winner Of Wc Sf1 Winner Of Wc Sf2,2026-05-26,2026-05-19 00:30,San Antonio Spurs,Oklahoma City Thunder,Oklahoma City Thunder,Chet Holmgren,PRA,29.5,Sobre,2.11,dom_alt,
Oklahoma City Thunder - San Antonio Spurs,Winner Of Wc Sf1 Winner Of Wc Sf2,2026-05-26,2026-05-19 00:30,San Antonio Spurs,Oklahoma City Thunder,Oklahoma City Thunder,Chet Holmgren,PRA,29.5,Debajo,1.54,dom_alt,
Oklahoma City Thunder - San Antonio Spurs,Winner Of Wc Sf1 Winner Of Wc Sf2,2026-05-26,2026-05-19 00:30,San Antonio Spurs,Oklahoma City Thunder,Oklahoma City Thunder,Chet Holmgren,PRA,24.5,Sobre,1.49,dom_alt,
Oklahoma City Thunder - San Antonio Spurs,Winner Of Wc Sf1 Winner Of Wc Sf2,2026-05-26,2026-05-19 00:30,San Antonio Spurs,Oklahoma City Thunder,Oklahoma City Thunder,Chet Holmgren,PRA,24.5,Debajo,2.19,dom_alt,
Oklahoma City Thunder - San Antonio Spurs,Winner Of Wc Sf1 Winner Of Wc Sf2,2026-05-26,2026-05-19 00:30,San Antonio Spurs,Oklahoma City Thunder,Oklahoma City Thunder,Chet Holmgren,PRA,30.5,Sobre,2.34,dom_alt,
Oklahoma City Thunder - San Antonio Spurs,Winner Of Wc Sf1 Winner Of Wc Sf2,2026-05-26,2026-05-19 00:30,San Antonio Spurs,Oklahoma City Thunder,Oklahoma City Thunder,Chet Holmgren,PRA,30.5,Debajo,1.43,dom_alt,
Oklahoma City Thunder - San Antonio Spurs,Winner Of Wc Sf1 Winner Of Wc Sf2,2026-05-26,2026-05-19 00:30,San Antonio Spurs,Oklahoma City Thunder,Oklahoma City Thunder,Chet Holmgren,PRA,23.5,Sobre,1.40,dom_alt,
Oklahoma City Thunder - San Antonio Spurs,Winner Of Wc Sf1 Winner Of Wc Sf2,2026-05-26,2026-05-19 00:30,San Antonio Spurs,Oklahoma City Thunder,Oklahoma City Thunder,Chet Holmgren,PRA,23.5,Debajo,2.44,dom_alt,
Oklahoma City Thunder - San Antonio Spurs,Winner Of Wc Sf1 Winner Of Wc Sf2,2026-05-26,2026-05-19 00:30,San Antonio Spurs,Oklahoma City Thunder,Oklahoma City Thunder,Chet Holmgren,PRA,31.5,Sobre,2.61,dom_alt,
Oklahoma City Thunder - San Antonio Spurs,Winner Of Wc Sf1 Winner Of Wc Sf2,2026-05-26,2026-05-19 00:30,San Antonio Spurs,Oklahoma City Thunder,Oklahoma City Thunder,Chet Holmgren,PRA,31.5,Debajo,1.35,dom_alt,
Oklahoma City Thunder - San Antonio Spurs,Winner Of Wc Sf1 Winner Of Wc Sf2,2026-05-26,2026-05-19 00:30,San Antonio Spurs,Oklahoma City Thunder,Oklahoma City Thunder,Chet Holmgren,PRA,22.5,Sobre,1.32,dom_alt,
Oklahoma City Thunder - San Antonio Spurs,Winner Of Wc Sf1 Winner Of Wc Sf2,2026-05-26,2026-05-19 00:30,San Antonio Spurs,Oklahoma City Thunder,Oklahoma City Thunder,Chet Holmgren,PRA,22.5,Debajo,2.73,dom_alt,
Oklahoma City Thunder - San Antonio Spurs,Winner Of Wc Sf1 Winner Of Wc Sf2,2026-05-26,2026-05-19 00:30,San Antonio Spurs,Oklahoma City Thunder,Oklahoma City Thunder,Chet Holmgren,Asistencias+Rebotes,10.5,Sobre,1.82,dom,
Oklahoma City Thunder - San Antonio Spurs,Winner Of Wc Sf1 Winner Of Wc Sf2,2026-05-26,2026-05-19 00:30,San Antonio Spurs,Oklahoma City Thunder,Oklahoma City Thunder,Chet Holmgren,Asistencias+Rebotes,10.5,Debajo,1.85,dom,
Oklahoma City Thunder - San Antonio Spurs,Winner Of Wc Sf1 Winner Of Wc Sf2,2026-05-26,2026-05-19 00:30,San Antonio Spurs,Oklahoma City Thunder,Oklahoma City Thunder,Chet Holmgren,Asistencias+Rebotes,11.5,Sobre,2.07,dom_alt,
Oklahoma City Thunder - San Antonio Spurs,Winner Of Wc Sf1 Winner Of Wc Sf2,2026-05-26,2026-05-19 00:30,San Antonio Spurs,Oklahoma City Thunder,Oklahoma City Thunder,Chet Holmgren,Asistencias+Rebotes,11.5,Debajo,1.56,dom_alt,
Oklahoma City Thunder - San Antonio Spurs,Winner Of Wc Sf1 Winner Of Wc Sf2,2026-05-26,2026-05-19 00:30,San Antonio Spurs,Oklahoma City Thunder,Oklahoma City Thunder,Chet Holmgren,Robos+Tapones,2.5,Sobre,1.66,dom,
Oklahoma City Thunder - San Antonio Spurs,Winner Of Wc Sf1 Winner Of Wc Sf2,2026-05-26,2026-05-19 00:30,San Antonio Spurs,Oklahoma City Thunder,Oklahoma City Thunder,Chet Holmgren,Robos+Tapones,2.5,Debajo,2.05,dom,
Oklahoma City Thunder - San Antonio Spurs,Winner Of Wc Sf1 Winner Of Wc Sf2,2026-05-26,2026-05-19 00:30,San Antonio Spurs,Oklahoma City Thunder,Oklahoma City Thunder,Chet Holmgren,DobleDoble,0.5,Sobre,2.21,dom,
Oklahoma City Thunder - San Antonio Spurs,Winner Of Wc Sf1 Winner Of Wc Sf2,2026-05-26,2026-05-19 00:30,San Antonio Spurs,Oklahoma City Thunder,Oklahoma City Thunder,Chet Holmgren,DobleDoble,0.5,Debajo,1.57,dom,
Oklahoma City Thunder - San Antonio Spurs,Winner Of Wc Sf1 Winner Of Wc Sf2,2026-05-26,2026-05-19 00:30,San Antonio Spurs,Oklahoma City Thunder,Oklahoma City Thunder,Chet Holmgren,Asistencias,1.5,Sobre,2.03,dom,
Oklahoma City Thunder - San Antonio Spurs,Winner Of Wc Sf1 Winner Of Wc Sf2,2026-05-26,2026-05-19 00:30,San Antonio Spurs,Oklahoma City Thunder,Oklahoma City Thunder,Chet Holmgren,Asistencias,1.5,Debajo,1.67,dom,
Oklahoma City Thunder - San Antonio Spurs,Winner Of Wc Sf1 Winner Of Wc Sf2,2026-05-26,2026-05-19 00:30,San Antonio Spurs,Oklahoma City Thunder,Oklahoma City Thunder,Chet Holmgren,PuntosPrimerCuarto,4.5,Sobre,2.10,dom,
Oklahoma City Thunder - San Antonio Spurs,Winner Of Wc Sf1 Winner Of Wc Sf2,2026-05-26,2026-05-19 00:30,San Antonio Spurs,Oklahoma City Thunder,Oklahoma City Thunder,Chet Holmgren,PuntosPrimerCuarto,4.5,Debajo,1.63,dom,
Oklahoma City Thunder - San Antonio Spurs,Winner Of Wc Sf1 Winner Of Wc Sf2,2026-05-26,2026-05-19 00:30,San Antonio Spurs,Oklahoma City Thunder,Oklahoma City Thunder,Chet Holmgren,RebotesPrimerCuarto,2.5,Sobre,2.15,dom,
Oklahoma City Thunder - San Antonio Spurs,Winner Of Wc Sf1 Winner Of Wc Sf2,2026-05-26,2026-05-19 00:30,San Antonio Spurs,Oklahoma City Thunder,Oklahoma City Thunder,Chet Holmgren,RebotesPrimerCuarto,2.5,Debajo,1.60,dom,
Oklahoma City Thunder - San Antonio Spurs,Winner Of Wc Sf1 Winner Of Wc Sf2,2026-05-26,2026-05-19 00:30,San Antonio Spurs,Oklahoma City Thunder,Oklahoma City Thunder,Chet Holmgren,TirosLibres,2.5,Sobre,1.77,dom,
Oklahoma City Thunder - San Antonio Spurs,Winner Of Wc Sf1 Winner Of Wc Sf2,2026-05-26,2026-05-19 00:30,San Antonio Spurs,Oklahoma City Thunder,Oklahoma City Thunder,Chet Holmgren,TirosLibres,2.5,Debajo,1.91,dom,
Oklahoma City Thunder - San Antonio Spurs,Winner Of Wc Sf1 Winner Of Wc Sf2,2026-05-26,2026-05-19 00:30,San Antonio Spurs,Oklahoma City Thunder,Oklahoma City Thunder,Chet Holmgren,TirosLibresInt,3.5,Sobre,1.78,dom,
Oklahoma City Thunder - San Antonio Spurs,Winner Of Wc Sf1 Winner Of Wc Sf2,2026-05-26,2026-05-19 00:30,San Antonio Spurs,Oklahoma City Thunder,Oklahoma City Thunder,Chet Holmgren,TirosLibresInt,3.5,Debajo,1.89,dom,
Oklahoma City Thunder - San Antonio Spurs,Winner Of Wc Sf1 Winner Of Wc Sf2,2026-05-26,2026-05-19 00:30,San Antonio Spurs,Oklahoma City Thunder,Oklahoma City Thunder,Chet Holmgren,GolesCampo,5.5,Sobre,1.62,dom,
Oklahoma City Thunder - San Antonio Spurs,Winner Of Wc Sf1 Winner Of Wc Sf2,2026-05-26,2026-05-19 00:30,San Antonio Spurs,Oklahoma City Thunder,Oklahoma City Thunder,Chet Holmgren,GolesCampo,5.5,Debajo,2.12,dom,
Oklahoma City Thunder - San Antonio Spurs,Winner Of Wc Sf1 Winner Of Wc Sf2,2026-05-26,2026-05-19 00:30,San Antonio Spurs,Oklahoma City Thunder,Oklahoma City Thunder,Chet Holmgren,GolesCampoInt,12.5,Sobre,1.92,dom,
Oklahoma City Thunder - San Antonio Spurs,Winner Of Wc Sf1 Winner Of Wc Sf2,2026-05-26,2026-05-19 00:30,San Antonio Spurs,Oklahoma City Thunder,Oklahoma City Thunder,Chet Holmgren,GolesCampoInt,12.5,Debajo,1.75,dom,
Oklahoma City Thunder - San Antonio Spurs,Winner Of Wc Sf1 Winner Of Wc Sf2,2026-05-26,2026-05-19 00:30,San Antonio Spurs,Oklahoma City Thunder,Oklahoma City Thunder,Chet Holmgren,TriplesInt,3.5,Sobre,1.70,dom,
Oklahoma City Thunder - San Antonio Spurs,Winner Of Wc Sf1 Winner Of Wc Sf2,2026-05-26,2026-05-19 00:30,San Antonio Spurs,Oklahoma City Thunder,Oklahoma City Thunder,Chet Holmgren,TriplesInt,3.5,Debajo,1.99,dom,
Oklahoma City Thunder - San Antonio Spurs,Winner Of Wc Sf1 Winner Of Wc Sf2,2026-05-26,2026-05-19 00:30,San Antonio Spurs,Oklahoma City Thunder,Oklahoma City Thunder,Ajay Mitchell,Puntos,12.5,Sobre,1.76,dom,
Oklahoma City Thunder - San Antonio Spurs,Winner Of Wc Sf1 Winner Of Wc Sf2,2026-05-26,2026-05-19 00:30,San Antonio Spurs,Oklahoma City Thunder,Oklahoma City Thunder,Ajay Mitchell,Puntos,12.5,Debajo,1.92,dom,
Oklahoma City Thunder - San Antonio Spurs,Winner Of Wc Sf1 Winner Of Wc Sf2,2026-05-26,2026-05-19 00:30,San Antonio Spurs,Oklahoma City Thunder,Oklahoma City Thunder,Ajay Mitchell,Puntos,13.5,Sobre,1.92,dom_alt,
Oklahoma City Thunder - San Antonio Spurs,Winner Of Wc Sf1 Winner Of Wc Sf2,2026-05-26,2026-05-19 00:30,San Antonio Spurs,Oklahoma City Thunder,Oklahoma City Thunder,Ajay Mitchell,Puntos,13.5,Debajo,1.66,dom_alt,
Oklahoma City Thunder - San Antonio Spurs,Winner Of Wc Sf1 Winner Of Wc Sf2,2026-05-26,2026-05-19 00:30,San Antonio Spurs,Oklahoma City Thunder,Oklahoma City Thunder,Ajay Mitchell,Puntos,10.5,Sobre,1.45,dom_alt,
Oklahoma City Thunder - San Antonio Spurs,Winner Of Wc Sf1 Winner Of Wc Sf2,2026-05-26,2026-05-19 00:30,San Antonio Spurs,Oklahoma City Thunder,Oklahoma City Thunder,Ajay Mitchell,Puntos,10.5,Debajo,2.30,dom_alt,
Oklahoma City Thunder - San Antonio Spurs,Winner Of Wc Sf1 Winner Of Wc Sf2,2026-05-26,2026-05-19 00:30,San Antonio Spurs,Oklahoma City Thunder,Oklahoma City Thunder,Ajay Mitchell,Puntos,14.5,Sobre,2.06,dom_alt,
Oklahoma City Thunder - San Antonio Spurs,Winner Of Wc Sf1 Winner Of Wc Sf2,2026-05-26,2026-05-19 00:30,San Antonio Spurs,Oklahoma City Thunder,Oklahoma City Thunder,Ajay Mitchell,Puntos,14.5,Debajo,1.57,dom_alt,
Oklahoma City Thunder - San Antonio Spurs,Winner Of Wc Sf1 Winner Of Wc Sf2,2026-05-26,2026-05-19 00:30,San Antonio Spurs,Oklahoma City Thunder,Oklahoma City Thunder,Ajay Mitchell,Puntos,9.5,Sobre,1.33,dom_alt,
Oklahoma City Thunder - San Antonio Spurs,Winner Of Wc Sf1 Winner Of Wc Sf2,2026-05-26,2026-05-19 00:30,San Antonio Spurs,Oklahoma City Thunder,Oklahoma City Thunder,Ajay Mitchell,Puntos,9.5,Debajo,2.70,dom_alt,
Oklahoma City Thunder - San Antonio Spurs,Winner Of Wc Sf1 Winner Of Wc Sf2,2026-05-26,2026-05-19 00:30,San Antonio Spurs,Oklahoma City Thunder,Oklahoma City Thunder,Ajay Mitchell,Puntos,15.5,Sobre,2.33,dom_alt,
Oklahoma City Thunder - San Antonio Spurs,Winner Of Wc Sf1 Winner Of Wc Sf2,2026-05-26,2026-05-19 00:30,San Antonio Spurs,Oklahoma City Thunder,Oklahoma City Thunder,Ajay Mitchell,Puntos,15.5,Debajo,1.44,dom_alt,
Oklahoma City Thunder - San Antonio Spurs,Winner Of Wc Sf1 Winner Of Wc Sf2,2026-05-26,2026-05-19 00:30,San Antonio Spurs,Oklahoma City Thunder,Oklahoma City Thunder,Ajay Mitchell,Puntos,16.5,Sobre,2.68,dom_alt,
Oklahoma City Thunder - San Antonio Spurs,Winner Of Wc Sf1 Winner Of Wc Sf2,2026-05-26,2026-05-19 00:30,San Antonio Spurs,Oklahoma City Thunder,Oklahoma City Thunder,Ajay Mitchell,Puntos,16.5,Debajo,1.33,dom_alt,
Oklahoma City Thunder - San Antonio Spurs,Winner Of Wc Sf1 Winner Of Wc Sf2,2026-05-26,2026-05-19 00:30,San Antonio Spurs,Oklahoma City Thunder,Oklahoma City Thunder,Ajay Mitchell,Rebotes,2.5,Sobre,1.56,dom,
Oklahoma City Thunder - San Antonio Spurs,Winner Of Wc Sf1 Winner Of Wc Sf2,2026-05-26,2026-05-19 00:30,San Antonio Spurs,Oklahoma City Thunder,Oklahoma City Thunder,Ajay Mitchell,Rebotes,2.5,Debajo,2.23,dom,
Oklahoma City Thunder - San Antonio Spurs,Winner Of Wc Sf1 Winner Of Wc Sf2,2026-05-26,2026-05-19 00:30,San Antonio Spurs,Oklahoma City Thunder,Oklahoma City Thunder,Ajay Mitchell,Triples,1.5,Sobre,2.62,dom,
Oklahoma City Thunder - San Antonio Spurs,Winner Of Wc Sf1 Winner Of Wc Sf2,2026-05-26,2026-05-19 00:30,San Antonio Spurs,Oklahoma City Thunder,Oklahoma City Thunder,Ajay Mitchell,Triples,1.5,Debajo,1.41,dom,
Oklahoma City Thunder - San Antonio Spurs,Winner Of Wc Sf1 Winner Of Wc Sf2,2026-05-26,2026-05-19 00:30,San Antonio Spurs,Oklahoma City Thunder,Oklahoma City Thunder,Ajay Mitchell,Robos,0.5,Sobre,1.50,dom,
Oklahoma City Thunder - San Antonio Spurs,Winner Of Wc Sf1 Winner Of Wc Sf2,2026-05-26,2026-05-19 00:30,San Antonio Spurs,Oklahoma City Thunder,Oklahoma City Thunder,Ajay Mitchell,Robos,0.5,Debajo,2.36,dom,
Oklahoma City Thunder - San Antonio Spurs,Winner Of Wc Sf1 Winner Of Wc Sf2,2026-05-26,2026-05-19 00:30,San Antonio Spurs,Oklahoma City Thunder,Oklahoma City Thunder,Ajay Mitchell,Puntos+Rebotes,16.5,Sobre,1.92,dom,
Oklahoma City Thunder - San Antonio Spurs,Winner Of Wc Sf1 Winner Of Wc Sf2,2026-05-26,2026-05-19 00:30,San Antonio Spurs,Oklahoma City Thunder,Oklahoma City Thunder,Ajay Mitchell,Puntos+Rebotes,16.5,Debajo,1.76,dom,
Oklahoma City Thunder - San Antonio Spurs,Winner Of Wc Sf1 Winner Of Wc Sf2,2026-05-26,2026-05-19 00:30,San Antonio Spurs,Oklahoma City Thunder,Oklahoma City Thunder,Ajay Mitchell,Puntos+Rebotes,17.5,Sobre,2.05,dom_alt,
Oklahoma City Thunder - San Antonio Spurs,Winner Of Wc Sf1 Winner Of Wc Sf2,2026-05-26,2026-05-19 00:30,San Antonio Spurs,Oklahoma City Thunder,Oklahoma City Thunder,Ajay Mitchell,Puntos+Rebotes,17.5,Debajo,1.57,dom_alt,
Oklahoma City Thunder - San Antonio Spurs,Winner Of Wc Sf1 Winner Of Wc Sf2,2026-05-26,2026-05-19 00:30,San Antonio Spurs,Oklahoma City Thunder,Oklahoma City Thunder,Ajay Mitchell,Puntos+Rebotes,14.5,Sobre,1.54,dom_alt,
Oklahoma City Thunder - San Antonio Spurs,Winner Of Wc Sf1 Winner Of Wc Sf2,2026-05-26,2026-05-19 00:30,San Antonio Spurs,Oklahoma City Thunder,Oklahoma City Thunder,Ajay Mitchell,Puntos+Rebotes,14.5,Debajo,2.10,dom_alt,
Oklahoma City Thunder - San Antonio Spurs,Winner Of Wc Sf1 Winner Of Wc Sf2,2026-05-26,2026-05-19 00:30,San Antonio Spurs,Oklahoma City Thunder,Oklahoma City Thunder,Ajay Mitchell,Puntos+Asistencias,16.5,Sobre,1.92,dom,
Oklahoma City Thunder - San Antonio Spurs,Winner Of Wc Sf1 Winner Of Wc Sf2,2026-05-26,2026-05-19 00:30,San Antonio Spurs,Oklahoma City Thunder,Oklahoma City Thunder,Ajay Mitchell,Puntos+Asistencias,16.5,Debajo,1.76,dom,
Oklahoma City Thunder - San Antonio Spurs,Winner Of Wc Sf1 Winner Of Wc Sf2,2026-05-26,2026-05-19 00:30,San Antonio Spurs,Oklahoma City Thunder,Oklahoma City Thunder,Ajay Mitchell,Puntos+Asistencias,17.5,Sobre,2.04,dom_alt,
Oklahoma City Thunder - San Antonio Spurs,Winner Of Wc Sf1 Winner Of Wc Sf2,2026-05-26,2026-05-19 00:30,San Antonio Spurs,Oklahoma City Thunder,Oklahoma City Thunder,Ajay Mitchell,Puntos+Asistencias,17.5,Debajo,1.58,dom_alt,
Oklahoma City Thunder - San Antonio Spurs,Winner Of Wc Sf1 Winner Of Wc Sf2,2026-05-26,2026-05-19 00:30,San Antonio Spurs,Oklahoma City Thunder,Oklahoma City Thunder,Ajay Mitchell,Puntos+Asistencias,14.5,Sobre,1.53,dom_alt,
Oklahoma City Thunder - San Antonio Spurs,Winner Of Wc Sf1 Winner Of Wc Sf2,2026-05-26,2026-05-19 00:30,San Antonio Spurs,Oklahoma City Thunder,Oklahoma City Thunder,Ajay Mitchell,Puntos+Asistencias,14.5,Debajo,2.11,dom_alt,
Oklahoma City Thunder - San Antonio Spurs,Winner Of Wc Sf1 Winner Of Wc Sf2,2026-05-26,2026-05-19 00:30,San Antonio Spurs,Oklahoma City Thunder,Oklahoma City Thunder,Ajay Mitchell,PRA,19.5,Sobre,1.86,dom,
Oklahoma City Thunder - San Antonio Spurs,Winner Of Wc Sf1 Winner Of Wc Sf2,2026-05-26,2026-05-19 00:30,San Antonio Spurs,Oklahoma City Thunder,Oklahoma City Thunder,Ajay Mitchell,PRA,19.5,Debajo,1.81,dom,
Oklahoma City Thunder - San Antonio Spurs,Winner Of Wc Sf1 Winner Of Wc Sf2,2026-05-26,2026-05-19 00:30,San Antonio Spurs,Oklahoma City Thunder,Oklahoma City Thunder,Ajay Mitchell,PRA,20.5,Sobre,1.97,dom_alt,
Oklahoma City Thunder - San Antonio Spurs,Winner Of Wc Sf1 Winner Of Wc Sf2,2026-05-26,2026-05-19 00:30,San Antonio Spurs,Oklahoma City Thunder,Oklahoma City Thunder,Ajay Mitchell,PRA,20.5,Debajo,1.62,dom_alt,
Oklahoma City Thunder - San Antonio Spurs,Winner Of Wc Sf1 Winner Of Wc Sf2,2026-05-26,2026-05-19 00:30,San Antonio Spurs,Oklahoma City Thunder,Oklahoma City Thunder,Ajay Mitchell,PRA,17.5,Sobre,1.53,dom_alt,
Oklahoma City Thunder - San Antonio Spurs,Winner Of Wc Sf1 Winner Of Wc Sf2,2026-05-26,2026-05-19 00:30,San Antonio Spurs,Oklahoma City Thunder,Oklahoma City Thunder,Ajay Mitchell,PRA,17.5,Debajo,2.12,dom_alt,
Oklahoma City Thunder - San Antonio Spurs,Winner Of Wc Sf1 Winner Of Wc Sf2,2026-05-26,2026-05-19 00:30,San Antonio Spurs,Oklahoma City Thunder,Oklahoma City Thunder,Ajay Mitchell,PRA,21.5,Sobre,2.10,dom_alt,
Oklahoma City Thunder - San Antonio Spurs,Winner Of Wc Sf1 Winner Of Wc Sf2,2026-05-26,2026-05-19 00:30,San Antonio Spurs,Oklahoma City Thunder,Oklahoma City Thunder,Ajay Mitchell,PRA,21.5,Debajo,1.54,dom_alt,
Oklahoma City Thunder - San Antonio Spurs,Winner Of Wc Sf1 Winner Of Wc Sf2,2026-05-26,2026-05-19 00:30,San Antonio Spurs,Oklahoma City Thunder,Oklahoma City Thunder,Ajay Mitchell,PRA,16.5,Sobre,1.46,dom_alt,
Oklahoma City Thunder - San Antonio Spurs,Winner Of Wc Sf1 Winner Of Wc Sf2,2026-05-26,2026-05-19 00:30,San Antonio Spurs,Oklahoma City Thunder,Oklahoma City Thunder,Ajay Mitchell,PRA,16.5,Debajo,2.28,dom_alt,
Oklahoma City Thunder - San Antonio Spurs,Winner Of Wc Sf1 Winner Of Wc Sf2,2026-05-26,2026-05-19 00:30,San Antonio Spurs,Oklahoma City Thunder,Oklahoma City Thunder,Ajay Mitchell,PRA,22.5,Sobre,2.34,dom_alt,
Oklahoma City Thunder - San Antonio Spurs,Winner Of Wc Sf1 Winner Of Wc Sf2,2026-05-26,2026-05-19 00:30,San Antonio Spurs,Oklahoma City Thunder,Oklahoma City Thunder,Ajay Mitchell,PRA,22.5,Debajo,1.43,dom_alt,
Oklahoma City Thunder - San Antonio Spurs,Winner Of Wc Sf1 Winner Of Wc Sf2,2026-05-26,2026-05-19 00:30,San Antonio Spurs,Oklahoma City Thunder,Oklahoma City Thunder,Ajay Mitchell,PRA,15.5,Sobre,1.35,dom_alt,
Oklahoma City Thunder - San Antonio Spurs,Winner Of Wc Sf1 Winner Of Wc Sf2,2026-05-26,2026-05-19 00:30,San Antonio Spurs,Oklahoma City Thunder,Oklahoma City Thunder,Ajay Mitchell,PRA,15.5,Debajo,2.59,dom_alt,
Oklahoma City Thunder - San Antonio Spurs,Winner Of Wc Sf1 Winner Of Wc Sf2,2026-05-26,2026-05-19 00:30,San Antonio Spurs,Oklahoma City Thunder,Oklahoma City Thunder,Ajay Mitchell,PRA,23.5,Sobre,2.62,dom_alt,
Oklahoma City Thunder - San Antonio Spurs,Winner Of Wc Sf1 Winner Of Wc Sf2,2026-05-26,2026-05-19 00:30,San Antonio Spurs,Oklahoma City Thunder,Oklahoma City Thunder,Ajay Mitchell,PRA,23.5,Debajo,1.35,dom_alt,
Oklahoma City Thunder - San Antonio Spurs,Winner Of Wc Sf1 Winner Of Wc Sf2,2026-05-26,2026-05-19 00:30,San Antonio Spurs,Oklahoma City Thunder,Oklahoma City Thunder,Ajay Mitchell,Asistencias+Rebotes,6.5,Sobre,2.01,dom,
Oklahoma City Thunder - San Antonio Spurs,Winner Of Wc Sf1 Winner Of Wc Sf2,2026-05-26,2026-05-19 00:30,San Antonio Spurs,Oklahoma City Thunder,Oklahoma City Thunder,Ajay Mitchell,Asistencias+Rebotes,6.5,Debajo,1.68,dom,
Oklahoma City Thunder - San Antonio Spurs,Winner Of Wc Sf1 Winner Of Wc Sf2,2026-05-26,2026-05-19 00:30,San Antonio Spurs,Oklahoma City Thunder,Oklahoma City Thunder,Ajay Mitchell,Asistencias,3.5,Sobre,2.24,dom,
Oklahoma City Thunder - San Antonio Spurs,Winner Of Wc Sf1 Winner Of Wc Sf2,2026-05-26,2026-05-19 00:30,San Antonio Spurs,Oklahoma City Thunder,Oklahoma City Thunder,Ajay Mitchell,Asistencias,3.5,Debajo,1.55,dom,
Oklahoma City Thunder - San Antonio Spurs,Winner Of Wc Sf1 Winner Of Wc Sf2,2026-05-26,2026-05-19 00:30,San Antonio Spurs,Oklahoma City Thunder,Oklahoma City Thunder,Ajay Mitchell,PuntosPrimerCuarto,2.5,Sobre,2.17,dom,
Oklahoma City Thunder - San Antonio Spurs,Winner Of Wc Sf1 Winner Of Wc Sf2,2026-05-26,2026-05-19 00:30,San Antonio Spurs,Oklahoma City Thunder,Oklahoma City Thunder,Ajay Mitchell,PuntosPrimerCuarto,2.5,Debajo,1.59,dom,
Oklahoma City Thunder - San Antonio Spurs,Winner Of Wc Sf1 Winner Of Wc Sf2,2026-05-26,2026-05-19 00:30,San Antonio Spurs,Oklahoma City Thunder,Oklahoma City Thunder,Ajay Mitchell,AsistenciasPrimerCuarto,0.5,Sobre,2.07,dom,
Oklahoma City Thunder - San Antonio Spurs,Winner Of Wc Sf1 Winner Of Wc Sf2,2026-05-26,2026-05-19 00:30,San Antonio Spurs,Oklahoma City Thunder,Oklahoma City Thunder,Ajay Mitchell,AsistenciasPrimerCuarto,0.5,Debajo,1.65,dom,
Oklahoma City Thunder - San Antonio Spurs,Winner Of Wc Sf1 Winner Of Wc Sf2,2026-05-26,2026-05-19 00:30,San Antonio Spurs,Oklahoma City Thunder,Oklahoma City Thunder,Ajay Mitchell,RebotesPrimerCuarto,0.5,Sobre,1.89,dom,
Oklahoma City Thunder - San Antonio Spurs,Winner Of Wc Sf1 Winner Of Wc Sf2,2026-05-26,2026-05-19 00:30,San Antonio Spurs,Oklahoma City Thunder,Oklahoma City Thunder,Ajay Mitchell,RebotesPrimerCuarto,0.5,Debajo,1.78,dom,
Oklahoma City Thunder - San Antonio Spurs,Winner Of Wc Sf1 Winner Of Wc Sf2,2026-05-26,2026-05-19 00:30,San Antonio Spurs,Oklahoma City Thunder,Oklahoma City Thunder,Ajay Mitchell,GolesCampo,4.5,Sobre,1.70,dom,
Oklahoma City Thunder - San Antonio Spurs,Winner Of Wc Sf1 Winner Of Wc Sf2,2026-05-26,2026-05-19 00:30,San Antonio Spurs,Oklahoma City Thunder,Oklahoma City Thunder,Ajay Mitchell,GolesCampo,4.5,Debajo,1.99,dom,
Oklahoma City Thunder - San Antonio Spurs,Winner Of Wc Sf1 Winner Of Wc Sf2,2026-05-26,2026-05-19 00:30,San Antonio Spurs,Oklahoma City Thunder,Oklahoma City Thunder,Ajay Mitchell,GolesCampoInt,10.5,Sobre,1.80,dom,
Oklahoma City Thunder - San Antonio Spurs,Winner Of Wc Sf1 Winner Of Wc Sf2,2026-05-26,2026-05-19 00:30,San Antonio Spurs,Oklahoma City Thunder,Oklahoma City Thunder,Ajay Mitchell,GolesCampoInt,10.5,Debajo,1.87,dom,
Oklahoma City Thunder - San Antonio Spurs,Winner Of Wc Sf1 Winner Of Wc Sf2,2026-05-26,2026-05-19 00:30,San Antonio Spurs,Oklahoma City Thunder,Oklahoma City Thunder,Ajay Mitchell,TriplesInt,3.5,Sobre,2.12,dom,
Oklahoma City Thunder - San Antonio Spurs,Winner Of Wc Sf1 Winner Of Wc Sf2,2026-05-26,2026-05-19 00:30,San Antonio Spurs,Oklahoma City Thunder,Oklahoma City Thunder,Ajay Mitchell,TriplesInt,3.5,Debajo,1.61,dom,
Oklahoma City Thunder - San Antonio Spurs,Winner Of Wc Sf1 Winner Of Wc Sf2,2026-05-26,2026-05-19 00:30,San Antonio Spurs,Oklahoma City Thunder,Oklahoma City Thunder,Cason Wallace,Puntos,7.5,Sobre,1.95,dom,
Oklahoma City Thunder - San Antonio Spurs,Winner Of Wc Sf1 Winner Of Wc Sf2,2026-05-26,2026-05-19 00:30,San Antonio Spurs,Oklahoma City Thunder,Oklahoma City Thunder,Cason Wallace,Puntos,7.5,Debajo,1.73,dom,
Oklahoma City Thunder - San Antonio Spurs,Winner Of Wc Sf1 Winner Of Wc Sf2,2026-05-26,2026-05-19 00:30,San Antonio Spurs,Oklahoma City Thunder,Oklahoma City Thunder,Cason Wallace,Puntos,8.5,Sobre,2.14,dom_alt,
Oklahoma City Thunder - San Antonio Spurs,Winner Of Wc Sf1 Winner Of Wc Sf2,2026-05-26,2026-05-19 00:30,San Antonio Spurs,Oklahoma City Thunder,Oklahoma City Thunder,Cason Wallace,Puntos,8.5,Debajo,1.52,dom_alt,
Oklahoma City Thunder - San Antonio Spurs,Winner Of Wc Sf1 Winner Of Wc Sf2,2026-05-26,2026-05-19 00:30,San Antonio Spurs,Oklahoma City Thunder,Oklahoma City Thunder,Cason Wallace,Puntos,5.5,Sobre,1.50,dom_alt,
Oklahoma City Thunder - San Antonio Spurs,Winner Of Wc Sf1 Winner Of Wc Sf2,2026-05-26,2026-05-19 00:30,San Antonio Spurs,Oklahoma City Thunder,Oklahoma City Thunder,Cason Wallace,Puntos,5.5,Debajo,2.18,dom_alt,
Oklahoma City Thunder - San Antonio Spurs,Winner Of Wc Sf1 Winner Of Wc Sf2,2026-05-26,2026-05-19 00:30,San Antonio Spurs,Oklahoma City Thunder,Oklahoma City Thunder,Cason Wallace,Puntos,9.5,Sobre,2.50,dom_alt,
Oklahoma City Thunder - San Antonio Spurs,Winner Of Wc Sf1 Winner Of Wc Sf2,2026-05-26,2026-05-19 00:30,San Antonio Spurs,Oklahoma City Thunder,Oklahoma City Thunder,Cason Wallace,Puntos,9.5,Debajo,1.38,dom_alt,
Oklahoma City Thunder - San Antonio Spurs,Winner Of Wc Sf1 Winner Of Wc Sf2,2026-05-26,2026-05-19 00:30,San Antonio Spurs,Oklahoma City Thunder,Oklahoma City Thunder,Cason Wallace,Puntos,4.5,Sobre,1.31,dom_alt,
Oklahoma City Thunder - San Antonio Spurs,Winner Of Wc Sf1 Winner Of Wc Sf2,2026-05-26,2026-05-19 00:30,San Antonio Spurs,Oklahoma City Thunder,Oklahoma City Thunder,Cason Wallace,Puntos,4.5,Debajo,2.76,dom_alt,
Oklahoma City Thunder - San Antonio Spurs,Winner Of Wc Sf1 Winner Of Wc Sf2,2026-05-26,2026-05-19 00:30,San Antonio Spurs,Oklahoma City Thunder,Oklahoma City Thunder,Cason Wallace,Rebotes,2.5,Sobre,1.91,dom,
Oklahoma City Thunder - San Antonio Spurs,Winner Of Wc Sf1 Winner Of Wc Sf2,2026-05-26,2026-05-19 00:30,San Antonio Spurs,Oklahoma City Thunder,Oklahoma City Thunder,Cason Wallace,Rebotes,2.5,Debajo,1.76,dom,
Oklahoma City Thunder - San Antonio Spurs,Winner Of Wc Sf1 Winner Of Wc Sf2,2026-05-26,2026-05-19 00:30,San Antonio Spurs,Oklahoma City Thunder,Oklahoma City Thunder,Cason Wallace,Rebotes,3.5,Sobre,2.74,dom_alt,
Oklahoma City Thunder - San Antonio Spurs,Winner Of Wc Sf1 Winner Of Wc Sf2,2026-05-26,2026-05-19 00:30,San Antonio Spurs,Oklahoma City Thunder,Oklahoma City Thunder,Cason Wallace,Rebotes,3.5,Debajo,1.32,dom_alt,
Oklahoma City Thunder - San Antonio Spurs,Winner Of Wc Sf1 Winner Of Wc Sf2,2026-05-26,2026-05-19 00:30,San Antonio Spurs,Oklahoma City Thunder,Oklahoma City Thunder,Cason Wallace,Triples,1.5,Sobre,2.62,dom,
Oklahoma City Thunder - San Antonio Spurs,Winner Of Wc Sf1 Winner Of Wc Sf2,2026-05-26,2026-05-19 00:30,San Antonio Spurs,Oklahoma City Thunder,Oklahoma City Thunder,Cason Wallace,Triples,1.5,Debajo,1.41,dom,
Oklahoma City Thunder - San Antonio Spurs,Winner Of Wc Sf1 Winner Of Wc Sf2,2026-05-26,2026-05-19 00:30,San Antonio Spurs,Oklahoma City Thunder,Oklahoma City Thunder,Cason Wallace,Pérdidas,0.5,Sobre,1.73,dom,
Oklahoma City Thunder - San Antonio Spurs,Winner Of Wc Sf1 Winner Of Wc Sf2,2026-05-26,2026-05-19 00:30,San Antonio Spurs,Oklahoma City Thunder,Oklahoma City Thunder,Cason Wallace,Pérdidas,0.5,Debajo,1.95,dom,
Oklahoma City Thunder - San Antonio Spurs,Winner Of Wc Sf1 Winner Of Wc Sf2,2026-05-26,2026-05-19 00:30,San Antonio Spurs,Oklahoma City Thunder,Oklahoma City Thunder,Cason Wallace,Puntos+Rebotes,9.5,Sobre,1.79,dom,
Oklahoma City Thunder - San Antonio Spurs,Winner Of Wc Sf1 Winner Of Wc Sf2,2026-05-26,2026-05-19 00:30,San Antonio Spurs,Oklahoma City Thunder,Oklahoma City Thunder,Cason Wallace,Puntos+Rebotes,9.5,Debajo,1.89,dom,
Oklahoma City Thunder - San Antonio Spurs,Winner Of Wc Sf1 Winner Of Wc Sf2,2026-05-26,2026-05-19 00:30,San Antonio Spurs,Oklahoma City Thunder,Oklahoma City Thunder,Cason Wallace,Puntos+Rebotes,10.5,Sobre,1.95,dom_alt,
Oklahoma City Thunder - San Antonio Spurs,Winner Of Wc Sf1 Winner Of Wc Sf2,2026-05-26,2026-05-19 00:30,San Antonio Spurs,Oklahoma City Thunder,Oklahoma City Thunder,Cason Wallace,Puntos+Rebotes,10.5,Debajo,1.63,dom_alt,
Oklahoma City Thunder - San Antonio Spurs,Winner Of Wc Sf1 Winner Of Wc Sf2,2026-05-26,2026-05-19 00:30,San Antonio Spurs,Oklahoma City Thunder,Oklahoma City Thunder,Cason Wallace,Puntos+Rebotes,11.5,Sobre,2.17,dom_alt,
Oklahoma City Thunder - San Antonio Spurs,Winner Of Wc Sf1 Winner Of Wc Sf2,2026-05-26,2026-05-19 00:30,San Antonio Spurs,Oklahoma City Thunder,Oklahoma City Thunder,Cason Wallace,Puntos+Rebotes,11.5,Debajo,1.51,dom_alt,
Oklahoma City Thunder - San Antonio Spurs,Winner Of Wc Sf1 Winner Of Wc Sf2,2026-05-26,2026-05-19 00:30,San Antonio Spurs,Oklahoma City Thunder,Oklahoma City Thunder,Cason Wallace,Puntos+Asistencias,9.5,Sobre,1.99,dom,
Oklahoma City Thunder - San Antonio Spurs,Winner Of Wc Sf1 Winner Of Wc Sf2,2026-05-26,2026-05-19 00:30,San Antonio Spurs,Oklahoma City Thunder,Oklahoma City Thunder,Cason Wallace,Puntos+Asistencias,9.5,Debajo,1.70,dom,
Oklahoma City Thunder - San Antonio Spurs,Winner Of Wc Sf1 Winner Of Wc Sf2,2026-05-26,2026-05-19 00:30,San Antonio Spurs,Oklahoma City Thunder,Oklahoma City Thunder,Cason Wallace,Puntos+Asistencias,10.5,Sobre,2.11,dom_alt,
Oklahoma City Thunder - San Antonio Spurs,Winner Of Wc Sf1 Winner Of Wc Sf2,2026-05-26,2026-05-19 00:30,San Antonio Spurs,Oklahoma City Thunder,Oklahoma City Thunder,Cason Wallace,Puntos+Asistencias,10.5,Debajo,1.54,dom_alt,
Oklahoma City Thunder - San Antonio Spurs,Winner Of Wc Sf1 Winner Of Wc Sf2,2026-05-26,2026-05-19 00:30,San Antonio Spurs,Oklahoma City Thunder,Oklahoma City Thunder,Cason Wallace,Puntos+Asistencias,7.5,Sobre,1.51,dom_alt,
Oklahoma City Thunder - San Antonio Spurs,Winner Of Wc Sf1 Winner Of Wc Sf2,2026-05-26,2026-05-19 00:30,San Antonio Spurs,Oklahoma City Thunder,Oklahoma City Thunder,Cason Wallace,Puntos+Asistencias,7.5,Debajo,2.16,dom_alt,
Oklahoma City Thunder - San Antonio Spurs,Winner Of Wc Sf1 Winner Of Wc Sf2,2026-05-26,2026-05-19 00:30,San Antonio Spurs,Oklahoma City Thunder,Oklahoma City Thunder,Cason Wallace,PRA,11.5,Sobre,1.79,dom,
Oklahoma City Thunder - San Antonio Spurs,Winner Of Wc Sf1 Winner Of Wc Sf2,2026-05-26,2026-05-19 00:30,San Antonio Spurs,Oklahoma City Thunder,Oklahoma City Thunder,Cason Wallace,PRA,11.5,Debajo,1.88,dom,
Oklahoma City Thunder - San Antonio Spurs,Winner Of Wc Sf1 Winner Of Wc Sf2,2026-05-26,2026-05-19 00:30,San Antonio Spurs,Oklahoma City Thunder,Oklahoma City Thunder,Cason Wallace,PRA,12.5,Sobre,1.95,dom_alt,
Oklahoma City Thunder - San Antonio Spurs,Winner Of Wc Sf1 Winner Of Wc Sf2,2026-05-26,2026-05-19 00:30,San Antonio Spurs,Oklahoma City Thunder,Oklahoma City Thunder,Cason Wallace,PRA,12.5,Debajo,1.64,dom_alt,
Oklahoma City Thunder - San Antonio Spurs,Winner Of Wc Sf1 Winner Of Wc Sf2,2026-05-26,2026-05-19 00:30,San Antonio Spurs,Oklahoma City Thunder,Oklahoma City Thunder,Cason Wallace,PRA,9.5,Sobre,1.45,dom_alt,
Oklahoma City Thunder - San Antonio Spurs,Winner Of Wc Sf1 Winner Of Wc Sf2,2026-05-26,2026-05-19 00:30,San Antonio Spurs,Oklahoma City Thunder,Oklahoma City Thunder,Cason Wallace,PRA,9.5,Debajo,2.31,dom_alt,
Oklahoma City Thunder - San Antonio Spurs,Winner Of Wc Sf1 Winner Of Wc Sf2,2026-05-26,2026-05-19 00:30,San Antonio Spurs,Oklahoma City Thunder,Oklahoma City Thunder,Cason Wallace,PRA,13.5,Sobre,2.15,dom_alt,
Oklahoma City Thunder - San Antonio Spurs,Winner Of Wc Sf1 Winner Of Wc Sf2,2026-05-26,2026-05-19 00:30,San Antonio Spurs,Oklahoma City Thunder,Oklahoma City Thunder,Cason Wallace,PRA,13.5,Debajo,1.52,dom_alt,
Oklahoma City Thunder - San Antonio Spurs,Winner Of Wc Sf1 Winner Of Wc Sf2,2026-05-26,2026-05-19 00:30,San Antonio Spurs,Oklahoma City Thunder,Oklahoma City Thunder,Cason Wallace,PRA,8.5,Sobre,1.32,dom_alt,
Oklahoma City Thunder - San Antonio Spurs,Winner Of Wc Sf1 Winner Of Wc Sf2,2026-05-26,2026-05-19 00:30,San Antonio Spurs,Oklahoma City Thunder,Oklahoma City Thunder,Cason Wallace,PRA,8.5,Debajo,2.72,dom_alt,
Oklahoma City Thunder - San Antonio Spurs,Winner Of Wc Sf1 Winner Of Wc Sf2,2026-05-26,2026-05-19 00:30,San Antonio Spurs,Oklahoma City Thunder,Oklahoma City Thunder,Cason Wallace,PRA,14.5,Sobre,2.46,dom_alt,
Oklahoma City Thunder - San Antonio Spurs,Winner Of Wc Sf1 Winner Of Wc Sf2,2026-05-26,2026-05-19 00:30,San Antonio Spurs,Oklahoma City Thunder,Oklahoma City Thunder,Cason Wallace,PRA,14.5,Debajo,1.39,dom_alt,
Oklahoma City Thunder - San Antonio Spurs,Winner Of Wc Sf1 Winner Of Wc Sf2,2026-05-26,2026-05-19 00:30,San Antonio Spurs,Oklahoma City Thunder,Oklahoma City Thunder,Cason Wallace,Asistencias+Rebotes,4.5,Sobre,1.97,dom,
Oklahoma City Thunder - San Antonio Spurs,Winner Of Wc Sf1 Winner Of Wc Sf2,2026-05-26,2026-05-19 00:30,San Antonio Spurs,Oklahoma City Thunder,Oklahoma City Thunder,Cason Wallace,Asistencias+Rebotes,4.5,Debajo,1.72,dom,
Oklahoma City Thunder - San Antonio Spurs,Winner Of Wc Sf1 Winner Of Wc Sf2,2026-05-26,2026-05-19 00:30,San Antonio Spurs,Oklahoma City Thunder,Oklahoma City Thunder,Cason Wallace,Robos+Tapones,1.5,Sobre,1.95,dom,
Oklahoma City Thunder - San Antonio Spurs,Winner Of Wc Sf1 Winner Of Wc Sf2,2026-05-26,2026-05-19 00:30,San Antonio Spurs,Oklahoma City Thunder,Oklahoma City Thunder,Cason Wallace,Robos+Tapones,1.5,Debajo,1.74,dom,
Oklahoma City Thunder - San Antonio Spurs,Winner Of Wc Sf1 Winner Of Wc Sf2,2026-05-26,2026-05-19 00:30,San Antonio Spurs,Oklahoma City Thunder,Oklahoma City Thunder,Cason Wallace,Asistencias,1.5,Sobre,1.68,dom,
Oklahoma City Thunder - San Antonio Spurs,Winner Of Wc Sf1 Winner Of Wc Sf2,2026-05-26,2026-05-19 00:30,San Antonio Spurs,Oklahoma City Thunder,Oklahoma City Thunder,Cason Wallace,Asistencias,1.5,Debajo,2.02,dom,
Oklahoma City Thunder - San Antonio Spurs,Winner Of Wc Sf1 Winner Of Wc Sf2,2026-05-26,2026-05-19 00:30,San Antonio Spurs,Oklahoma City Thunder,Oklahoma City Thunder,Cason Wallace,PuntosPrimerCuarto,1.5,Sobre,1.78,dom,
Oklahoma City Thunder - San Antonio Spurs,Winner Of Wc Sf1 Winner Of Wc Sf2,2026-05-26,2026-05-19 00:30,San Antonio Spurs,Oklahoma City Thunder,Oklahoma City Thunder,Cason Wallace,PuntosPrimerCuarto,1.5,Debajo,1.89,dom,
Oklahoma City Thunder - San Antonio Spurs,Winner Of Wc Sf1 Winner Of Wc Sf2,2026-05-26,2026-05-19 00:30,San Antonio Spurs,Oklahoma City Thunder,Oklahoma City Thunder,Cason Wallace,RebotesPrimerCuarto,0.5,Sobre,2.03,dom,
Oklahoma City Thunder - San Antonio Spurs,Winner Of Wc Sf1 Winner Of Wc Sf2,2026-05-26,2026-05-19 00:30,San Antonio Spurs,Oklahoma City Thunder,Oklahoma City Thunder,Cason Wallace,RebotesPrimerCuarto,0.5,Debajo,1.68,dom,
Oklahoma City Thunder - San Antonio Spurs,Winner Of Wc Sf1 Winner Of Wc Sf2,2026-05-26,2026-05-19 00:30,San Antonio Spurs,Oklahoma City Thunder,Oklahoma City Thunder,Cason Wallace,GolesCampo,2.5,Sobre,1.73,dom,
Oklahoma City Thunder - San Antonio Spurs,Winner Of Wc Sf1 Winner Of Wc Sf2,2026-05-26,2026-05-19 00:30,San Antonio Spurs,Oklahoma City Thunder,Oklahoma City Thunder,Cason Wallace,GolesCampo,2.5,Debajo,1.95,dom,
Oklahoma City Thunder - San Antonio Spurs,Winner Of Wc Sf1 Winner Of Wc Sf2,2026-05-26,2026-05-19 00:30,San Antonio Spurs,Oklahoma City Thunder,Oklahoma City Thunder,Cason Wallace,GolesCampoInt,6.5,Sobre,1.93,dom,
Oklahoma City Thunder - San Antonio Spurs,Winner Of Wc Sf1 Winner Of Wc Sf2,2026-05-26,2026-05-19 00:30,San Antonio Spurs,Oklahoma City Thunder,Oklahoma City Thunder,Cason Wallace,GolesCampoInt,6.5,Debajo,1.75,dom,
Oklahoma City Thunder - San Antonio Spurs,Winner Of Wc Sf1 Winner Of Wc Sf2,2026-05-26,2026-05-19 00:30,San Antonio Spurs,Oklahoma City Thunder,Oklahoma City Thunder,Jalen Williams,Puntos,14.5,Sobre,1.80,dom,
Oklahoma City Thunder - San Antonio Spurs,Winner Of Wc Sf1 Winner Of Wc Sf2,2026-05-26,2026-05-19 00:30,San Antonio Spurs,Oklahoma City Thunder,Oklahoma City Thunder,Jalen Williams,Puntos,14.5,Debajo,1.88,dom,
Oklahoma City Thunder - San Antonio Spurs,Winner Of Wc Sf1 Winner Of Wc Sf2,2026-05-26,2026-05-19 00:30,San Antonio Spurs,Oklahoma City Thunder,Oklahoma City Thunder,Jalen Williams,Puntos,15.5,Sobre,1.93,dom_alt,
Oklahoma City Thunder - San Antonio Spurs,Winner Of Wc Sf1 Winner Of Wc Sf2,2026-05-26,2026-05-19 00:30,San Antonio Spurs,Oklahoma City Thunder,Oklahoma City Thunder,Jalen Williams,Puntos,15.5,Debajo,1.64,dom_alt,
Oklahoma City Thunder - San Antonio Spurs,Winner Of Wc Sf1 Winner Of Wc Sf2,2026-05-26,2026-05-19 00:30,San Antonio Spurs,Oklahoma City Thunder,Oklahoma City Thunder,Jalen Williams,Puntos,12.5,Sobre,1.46,dom_alt,
Oklahoma City Thunder - San Antonio Spurs,Winner Of Wc Sf1 Winner Of Wc Sf2,2026-05-26,2026-05-19 00:30,San Antonio Spurs,Oklahoma City Thunder,Oklahoma City Thunder,Jalen Williams,Puntos,12.5,Debajo,2.27,dom_alt,
Oklahoma City Thunder - San Antonio Spurs,Winner Of Wc Sf1 Winner Of Wc Sf2,2026-05-26,2026-05-19 00:30,San Antonio Spurs,Oklahoma City Thunder,Oklahoma City Thunder,Jalen Williams,Puntos,16.5,Sobre,2.11,dom_alt,
Oklahoma City Thunder - San Antonio Spurs,Winner Of Wc Sf1 Winner Of Wc Sf2,2026-05-26,2026-05-19 00:30,San Antonio Spurs,Oklahoma City Thunder,Oklahoma City Thunder,Jalen Williams,Puntos,16.5,Debajo,1.54,dom_alt,
Oklahoma City Thunder - San Antonio Spurs,Winner Of Wc Sf1 Winner Of Wc Sf2,2026-05-26,2026-05-19 00:30,San Antonio Spurs,Oklahoma City Thunder,Oklahoma City Thunder,Jalen Williams,Puntos,11.5,Sobre,1.33,dom_alt,
Oklahoma City Thunder - San Antonio Spurs,Winner Of Wc Sf1 Winner Of Wc Sf2,2026-05-26,2026-05-19 00:30,San Antonio Spurs,Oklahoma City Thunder,Oklahoma City Thunder,Jalen Williams,Puntos,11.5,Debajo,2.68,dom_alt,
Oklahoma City Thunder - San Antonio Spurs,Winner Of Wc Sf1 Winner Of Wc Sf2,2026-05-26,2026-05-19 00:30,San Antonio Spurs,Oklahoma City Thunder,Oklahoma City Thunder,Jalen Williams,Puntos,17.5,Sobre,2.39,dom_alt,
Oklahoma City Thunder - San Antonio Spurs,Winner Of Wc Sf1 Winner Of Wc Sf2,2026-05-26,2026-05-19 00:30,San Antonio Spurs,Oklahoma City Thunder,Oklahoma City Thunder,Jalen Williams,Puntos,17.5,Debajo,1.42,dom_alt,
Oklahoma City Thunder - San Antonio Spurs,Winner Of Wc Sf1 Winner Of Wc Sf2,2026-05-26,2026-05-19 00:30,San Antonio Spurs,Oklahoma City Thunder,Oklahoma City Thunder,Jalen Williams,Puntos,18.5,Sobre,2.74,dom_alt,
Oklahoma City Thunder - San Antonio Spurs,Winner Of Wc Sf1 Winner Of Wc Sf2,2026-05-26,2026-05-19 00:30,San Antonio Spurs,Oklahoma City Thunder,Oklahoma City Thunder,Jalen Williams,Puntos,18.5,Debajo,1.32,dom_alt,
Oklahoma City Thunder - San Antonio Spurs,Winner Of Wc Sf1 Winner Of Wc Sf2,2026-05-26,2026-05-19 00:30,San Antonio Spurs,Oklahoma City Thunder,Oklahoma City Thunder,Jalen Williams,Rebotes,3.5,Sobre,1.67,dom,
Oklahoma City Thunder - San Antonio Spurs,Winner Of Wc Sf1 Winner Of Wc Sf2,2026-05-26,2026-05-19 00:30,San Antonio Spurs,Oklahoma City Thunder,Oklahoma City Thunder,Jalen Williams,Rebotes,3.5,Debajo,2.03,dom,
Oklahoma City Thunder - San Antonio Spurs,Winner Of Wc Sf1 Winner Of Wc Sf2,2026-05-26,2026-05-19 00:30,San Antonio Spurs,Oklahoma City Thunder,Oklahoma City Thunder,Jalen Williams,Triples,0.5,Sobre,1.57,dom,
Oklahoma City Thunder - San Antonio Spurs,Winner Of Wc Sf1 Winner Of Wc Sf2,2026-05-26,2026-05-19 00:30,San Antonio Spurs,Oklahoma City Thunder,Oklahoma City Thunder,Jalen Williams,Triples,0.5,Debajo,2.20,dom,
Oklahoma City Thunder - San Antonio Spurs,Winner Of Wc Sf1 Winner Of Wc Sf2,2026-05-26,2026-05-19 00:30,San Antonio Spurs,Oklahoma City Thunder,Oklahoma City Thunder,Jalen Williams,Pérdidas,1.5,Sobre,2.09,dom,
Oklahoma City Thunder - San Antonio Spurs,Winner Of Wc Sf1 Winner Of Wc Sf2,2026-05-26,2026-05-19 00:30,San Antonio Spurs,Oklahoma City Thunder,Oklahoma City Thunder,Jalen Williams,Pérdidas,1.5,Debajo,1.63,dom,
Oklahoma City Thunder - San Antonio Spurs,Winner Of Wc Sf1 Winner Of Wc Sf2,2026-05-26,2026-05-19 00:30,San Antonio Spurs,Oklahoma City Thunder,Oklahoma City Thunder,Jalen Williams,Puntos+Rebotes,18.5,Sobre,1.78,dom,
Oklahoma City Thunder - San Antonio Spurs,Winner Of Wc Sf1 Winner Of Wc Sf2,2026-05-26,2026-05-19 00:30,San Antonio Spurs,Oklahoma City Thunder,Oklahoma City Thunder,Jalen Williams,Puntos+Rebotes,18.5,Debajo,1.90,dom,
Oklahoma City Thunder - San Antonio Spurs,Winner Of Wc Sf1 Winner Of Wc Sf2,2026-05-26,2026-05-19 00:30,San Antonio Spurs,Oklahoma City Thunder,Oklahoma City Thunder,Jalen Williams,Puntos+Rebotes,19.5,Sobre,1.91,dom_alt,
Oklahoma City Thunder - San Antonio Spurs,Winner Of Wc Sf1 Winner Of Wc Sf2,2026-05-26,2026-05-19 00:30,San Antonio Spurs,Oklahoma City Thunder,Oklahoma City Thunder,Jalen Williams,Puntos+Rebotes,19.5,Debajo,1.66,dom_alt,
Oklahoma City Thunder - San Antonio Spurs,Winner Of Wc Sf1 Winner Of Wc Sf2,2026-05-26,2026-05-19 00:30,San Antonio Spurs,Oklahoma City Thunder,Oklahoma City Thunder,Jalen Williams,Puntos+Rebotes,16.5,Sobre,1.50,dom_alt,
Oklahoma City Thunder - San Antonio Spurs,Winner Of Wc Sf1 Winner Of Wc Sf2,2026-05-26,2026-05-19 00:30,San Antonio Spurs,Oklahoma City Thunder,Oklahoma City Thunder,Jalen Williams,Puntos+Rebotes,16.5,Debajo,2.18,dom_alt,
Oklahoma City Thunder - San Antonio Spurs,Winner Of Wc Sf1 Winner Of Wc Sf2,2026-05-26,2026-05-19 00:30,San Antonio Spurs,Oklahoma City Thunder,Oklahoma City Thunder,Jalen Williams,Puntos+Rebotes,20.5,Sobre,2.11,dom_alt,
Oklahoma City Thunder - San Antonio Spurs,Winner Of Wc Sf1 Winner Of Wc Sf2,2026-05-26,2026-05-19 00:30,San Antonio Spurs,Oklahoma City Thunder,Oklahoma City Thunder,Jalen Williams,Puntos+Rebotes,20.5,Debajo,1.54,dom_alt,
Oklahoma City Thunder - San Antonio Spurs,Winner Of Wc Sf1 Winner Of Wc Sf2,2026-05-26,2026-05-19 00:30,San Antonio Spurs,Oklahoma City Thunder,Oklahoma City Thunder,Jalen Williams,Puntos+Asistencias,19.5,Sobre,1.84,dom,
Oklahoma City Thunder - San Antonio Spurs,Winner Of Wc Sf1 Winner Of Wc Sf2,2026-05-26,2026-05-19 00:30,San Antonio Spurs,Oklahoma City Thunder,Oklahoma City Thunder,Jalen Williams,Puntos+Asistencias,19.5,Debajo,1.83,dom,
Oklahoma City Thunder - San Antonio Spurs,Winner Of Wc Sf1 Winner Of Wc Sf2,2026-05-26,2026-05-19 00:30,San Antonio Spurs,Oklahoma City Thunder,Oklahoma City Thunder,Jalen Williams,Puntos+Asistencias,20.5,Sobre,1.95,dom_alt,
Oklahoma City Thunder - San Antonio Spurs,Winner Of Wc Sf1 Winner Of Wc Sf2,2026-05-26,2026-05-19 00:30,San Antonio Spurs,Oklahoma City Thunder,Oklahoma City Thunder,Jalen Williams,Puntos+Asistencias,20.5,Debajo,1.64,dom_alt,
Oklahoma City Thunder - San Antonio Spurs,Winner Of Wc Sf1 Winner Of Wc Sf2,2026-05-26,2026-05-19 00:30,San Antonio Spurs,Oklahoma City Thunder,Oklahoma City Thunder,Jalen Williams,Puntos+Asistencias,17.5,Sobre,1.52,dom_alt,
Oklahoma City Thunder - San Antonio Spurs,Winner Of Wc Sf1 Winner Of Wc Sf2,2026-05-26,2026-05-19 00:30,San Antonio Spurs,Oklahoma City Thunder,Oklahoma City Thunder,Jalen Williams,Puntos+Asistencias,17.5,Debajo,2.14,dom_alt,
Oklahoma City Thunder - San Antonio Spurs,Winner Of Wc Sf1 Winner Of Wc Sf2,2026-05-26,2026-05-19 00:30,San Antonio Spurs,Oklahoma City Thunder,Oklahoma City Thunder,Jalen Williams,Puntos+Asistencias,21.5,Sobre,2.11,dom_alt,
Oklahoma City Thunder - San Antonio Spurs,Winner Of Wc Sf1 Winner Of Wc Sf2,2026-05-26,2026-05-19 00:30,San Antonio Spurs,Oklahoma City Thunder,Oklahoma City Thunder,Jalen Williams,Puntos+Asistencias,21.5,Debajo,1.54,dom_alt,
Oklahoma City Thunder - San Antonio Spurs,Winner Of Wc Sf1 Winner Of Wc Sf2,2026-05-26,2026-05-19 00:30,San Antonio Spurs,Oklahoma City Thunder,Oklahoma City Thunder,Jalen Williams,PRA,23.5,Sobre,1.82,dom,
Oklahoma City Thunder - San Antonio Spurs,Winner Of Wc Sf1 Winner Of Wc Sf2,2026-05-26,2026-05-19 00:30,San Antonio Spurs,Oklahoma City Thunder,Oklahoma City Thunder,Jalen Williams,PRA,23.5,Debajo,1.85,dom,
Oklahoma City Thunder - San Antonio Spurs,Winner Of Wc Sf1 Winner Of Wc Sf2,2026-05-26,2026-05-19 00:30,San Antonio Spurs,Oklahoma City Thunder,Oklahoma City Thunder,Jalen Williams,PRA,24.5,Sobre,1.93,dom_alt,
Oklahoma City Thunder - San Antonio Spurs,Winner Of Wc Sf1 Winner Of Wc Sf2,2026-05-26,2026-05-19 00:30,San Antonio Spurs,Oklahoma City Thunder,Oklahoma City Thunder,Jalen Williams,PRA,24.5,Debajo,1.65,dom_alt,
Oklahoma City Thunder - San Antonio Spurs,Winner Of Wc Sf1 Winner Of Wc Sf2,2026-05-26,2026-05-19 00:30,San Antonio Spurs,Oklahoma City Thunder,Oklahoma City Thunder,Jalen Williams,PRA,21.5,Sobre,1.54,dom_alt,
Oklahoma City Thunder - San Antonio Spurs,Winner Of Wc Sf1 Winner Of Wc Sf2,2026-05-26,2026-05-19 00:30,San Antonio Spurs,Oklahoma City Thunder,Oklahoma City Thunder,Jalen Williams,PRA,21.5,Debajo,2.11,dom_alt,
Oklahoma City Thunder - San Antonio Spurs,Winner Of Wc Sf1 Winner Of Wc Sf2,2026-05-26,2026-05-19 00:30,San Antonio Spurs,Oklahoma City Thunder,Oklahoma City Thunder,Jalen Williams,PRA,25.5,Sobre,2.06,dom_alt,
Oklahoma City Thunder - San Antonio Spurs,Winner Of Wc Sf1 Winner Of Wc Sf2,2026-05-26,2026-05-19 00:30,San Antonio Spurs,Oklahoma City Thunder,Oklahoma City Thunder,Jalen Williams,PRA,25.5,Debajo,1.56,dom_alt,
Oklahoma City Thunder - San Antonio Spurs,Winner Of Wc Sf1 Winner Of Wc Sf2,2026-05-26,2026-05-19 00:30,San Antonio Spurs,Oklahoma City Thunder,Oklahoma City Thunder,Jalen Williams,PRA,20.5,Sobre,1.42,dom_alt,
Oklahoma City Thunder - San Antonio Spurs,Winner Of Wc Sf1 Winner Of Wc Sf2,2026-05-26,2026-05-19 00:30,San Antonio Spurs,Oklahoma City Thunder,Oklahoma City Thunder,Jalen Williams,PRA,20.5,Debajo,2.39,dom_alt,
Oklahoma City Thunder - San Antonio Spurs,Winner Of Wc Sf1 Winner Of Wc Sf2,2026-05-26,2026-05-19 00:30,San Antonio Spurs,Oklahoma City Thunder,Oklahoma City Thunder,Jalen Williams,PRA,26.5,Sobre,2.29,dom_alt,
Oklahoma City Thunder - San Antonio Spurs,Winner Of Wc Sf1 Winner Of Wc Sf2,2026-05-26,2026-05-19 00:30,San Antonio Spurs,Oklahoma City Thunder,Oklahoma City Thunder,Jalen Williams,PRA,26.5,Debajo,1.45,dom_alt,
Oklahoma City Thunder - San Antonio Spurs,Winner Of Wc Sf1 Winner Of Wc Sf2,2026-05-26,2026-05-19 00:30,San Antonio Spurs,Oklahoma City Thunder,Oklahoma City Thunder,Jalen Williams,PRA,19.5,Sobre,1.33,dom_alt,
Oklahoma City Thunder - San Antonio Spurs,Winner Of Wc Sf1 Winner Of Wc Sf2,2026-05-26,2026-05-19 00:30,San Antonio Spurs,Oklahoma City Thunder,Oklahoma City Thunder,Jalen Williams,PRA,19.5,Debajo,2.67,dom_alt,
Oklahoma City Thunder - San Antonio Spurs,Winner Of Wc Sf1 Winner Of Wc Sf2,2026-05-26,2026-05-19 00:30,San Antonio Spurs,Oklahoma City Thunder,Oklahoma City Thunder,Jalen Williams,PRA,27.5,Sobre,2.55,dom_alt,
Oklahoma City Thunder - San Antonio Spurs,Winner Of Wc Sf1 Winner Of Wc Sf2,2026-05-26,2026-05-19 00:30,San Antonio Spurs,Oklahoma City Thunder,Oklahoma City Thunder,Jalen Williams,PRA,27.5,Debajo,1.37,dom_alt,
Oklahoma City Thunder - San Antonio Spurs,Winner Of Wc Sf1 Winner Of Wc Sf2,2026-05-26,2026-05-19 00:30,San Antonio Spurs,Oklahoma City Thunder,Oklahoma City Thunder,Jalen Williams,Asistencias+Rebotes,8.5,Sobre,1.87,dom,
Oklahoma City Thunder - San Antonio Spurs,Winner Of Wc Sf1 Winner Of Wc Sf2,2026-05-26,2026-05-19 00:30,San Antonio Spurs,Oklahoma City Thunder,Oklahoma City Thunder,Jalen Williams,Asistencias+Rebotes,8.5,Debajo,1.80,dom,
Oklahoma City Thunder - San Antonio Spurs,Winner Of Wc Sf1 Winner Of Wc Sf2,2026-05-26,2026-05-19 00:30,San Antonio Spurs,Oklahoma City Thunder,Oklahoma City Thunder,Jalen Williams,Asistencias+Rebotes,9.5,Sobre,2.15,dom_alt,
Oklahoma City Thunder - San Antonio Spurs,Winner Of Wc Sf1 Winner Of Wc Sf2,2026-05-26,2026-05-19 00:30,San Antonio Spurs,Oklahoma City Thunder,Oklahoma City Thunder,Jalen Williams,Asistencias+Rebotes,9.5,Debajo,1.52,dom_alt,
Oklahoma City Thunder - San Antonio Spurs,Winner Of Wc Sf1 Winner Of Wc Sf2,2026-05-26,2026-05-19 00:30,San Antonio Spurs,Oklahoma City Thunder,Oklahoma City Thunder,Jalen Williams,Robos+Tapones,1.5,Sobre,2.25,dom,
Oklahoma City Thunder - San Antonio Spurs,Winner Of Wc Sf1 Winner Of Wc Sf2,2026-05-26,2026-05-19 00:30,San Antonio Spurs,Oklahoma City Thunder,Oklahoma City Thunder,Jalen Williams,Robos+Tapones,1.5,Debajo,1.55,dom,
Oklahoma City Thunder - San Antonio Spurs,Winner Of Wc Sf1 Winner Of Wc Sf2,2026-05-26,2026-05-19 00:30,San Antonio Spurs,Oklahoma City Thunder,Oklahoma City Thunder,Jalen Williams,Asistencias,4.5,Sobre,1.82,dom,
Oklahoma City Thunder - San Antonio Spurs,Winner Of Wc Sf1 Winner Of Wc Sf2,2026-05-26,2026-05-19 00:30,San Antonio Spurs,Oklahoma City Thunder,Oklahoma City Thunder,Jalen Williams,Asistencias,4.5,Debajo,1.85,dom,
Oklahoma City Thunder - San Antonio Spurs,Winner Of Wc Sf1 Winner Of Wc Sf2,2026-05-26,2026-05-19 00:30,San Antonio Spurs,Oklahoma City Thunder,Oklahoma City Thunder,Jalen Williams,Asistencias,5.5,Sobre,2.38,dom_alt,
Oklahoma City Thunder - San Antonio Spurs,Winner Of Wc Sf1 Winner Of Wc Sf2,2026-05-26,2026-05-19 00:30,San Antonio Spurs,Oklahoma City Thunder,Oklahoma City Thunder,Jalen Williams,Asistencias,5.5,Debajo,1.42,dom_alt,
Oklahoma City Thunder - San Antonio Spurs,Winner Of Wc Sf1 Winner Of Wc Sf2,2026-05-26,2026-05-19 00:30,San Antonio Spurs,Oklahoma City Thunder,Oklahoma City Thunder,Jalen Williams,TirosLibresInt,2.5,Sobre,1.79,dom,
Oklahoma City Thunder - San Antonio Spurs,Winner Of Wc Sf1 Winner Of Wc Sf2,2026-05-26,2026-05-19 00:30,San Antonio Spurs,Oklahoma City Thunder,Oklahoma City Thunder,Jalen Williams,TirosLibresInt,2.5,Debajo,1.88,dom,
Oklahoma City Thunder - San Antonio Spurs,Winner Of Wc Sf1 Winner Of Wc Sf2,2026-05-26,2026-05-19 00:30,San Antonio Spurs,Oklahoma City Thunder,Oklahoma City Thunder,Jalen Williams,TirosLibres,2.5,Sobre,2.05,dom,
Oklahoma City Thunder - San Antonio Spurs,Winner Of Wc Sf1 Winner Of Wc Sf2,2026-05-26,2026-05-19 00:30,San Antonio Spurs,Oklahoma City Thunder,Oklahoma City Thunder,Jalen Williams,TirosLibres,2.5,Debajo,1.66,dom,
Oklahoma City Thunder - San Antonio Spurs,Winner Of Wc Sf1 Winner Of Wc Sf2,2026-05-26,2026-05-19 00:30,San Antonio Spurs,Oklahoma City Thunder,Oklahoma City Thunder,Jalen Williams,GolesCampoInt,12.5,Sobre,1.92,dom,
Oklahoma City Thunder - San Antonio Spurs,Winner Of Wc Sf1 Winner Of Wc Sf2,2026-05-26,2026-05-19 00:30,San Antonio Spurs,Oklahoma City Thunder,Oklahoma City Thunder,Jalen Williams,GolesCampoInt,12.5,Debajo,1.76,dom,
Oklahoma City Thunder - San Antonio Spurs,Winner Of Wc Sf1 Winner Of Wc Sf2,2026-05-26,2026-05-19 00:30,San Antonio Spurs,Oklahoma City Thunder,Oklahoma City Thunder,Jalen Williams,GolesCampo,5.5,Sobre,1.76,dom,
Oklahoma City Thunder - San Antonio Spurs,Winner Of Wc Sf1 Winner Of Wc Sf2,2026-05-26,2026-05-19 00:30,San Antonio Spurs,Oklahoma City Thunder,Oklahoma City Thunder,Jalen Williams,GolesCampo,5.5,Debajo,1.92,dom,
Oklahoma City Thunder - San Antonio Spurs,Winner Of Wc Sf1 Winner Of Wc Sf2,2026-05-26,2026-05-19 00:30,San Antonio Spurs,Oklahoma City Thunder,Oklahoma City Thunder,Jalen Williams,PuntosPrimerCuarto,2.5,Sobre,1.73,dom,
Oklahoma City Thunder - San Antonio Spurs,Winner Of Wc Sf1 Winner Of Wc Sf2,2026-05-26,2026-05-19 00:30,San Antonio Spurs,Oklahoma City Thunder,Oklahoma City Thunder,Jalen Williams,PuntosPrimerCuarto,2.5,Debajo,1.96,dom,
Oklahoma City Thunder - San Antonio Spurs,Winner Of Wc Sf1 Winner Of Wc Sf2,2026-05-26,2026-05-19 00:30,San Antonio Spurs,Oklahoma City Thunder,Oklahoma City Thunder,Jalen Williams,TriplesInt,2.5,Sobre,2.03,dom,
Oklahoma City Thunder - San Antonio Spurs,Winner Of Wc Sf1 Winner Of Wc Sf2,2026-05-26,2026-05-19 00:30,San Antonio Spurs,Oklahoma City Thunder,Oklahoma City Thunder,Jalen Williams,TriplesInt,2.5,Debajo,1.67,dom,
Oklahoma City Thunder - San Antonio Spurs,Winner Of Wc Sf1 Winner Of Wc Sf2,2026-05-26,2026-05-19 00:30,San Antonio Spurs,Oklahoma City Thunder,Oklahoma City Thunder,Jalen Williams,RebotesPrimerCuarto,0.5,Sobre,1.50,dom,
Oklahoma City Thunder - San Antonio Spurs,Winner Of Wc Sf1 Winner Of Wc Sf2,2026-05-26,2026-05-19 00:30,San Antonio Spurs,Oklahoma City Thunder,Oklahoma City Thunder,Jalen Williams,RebotesPrimerCuarto,0.5,Debajo,2.36,dom,
Oklahoma City Thunder - San Antonio Spurs,Winner Of Wc Sf1 Winner Of Wc Sf2,2026-05-26,2026-05-19 00:30,San Antonio Spurs,Oklahoma City Thunder,San Antonio Spurs,Stephon Castle,Puntos,16.5,Sobre,1.86,dom,
Oklahoma City Thunder - San Antonio Spurs,Winner Of Wc Sf1 Winner Of Wc Sf2,2026-05-26,2026-05-19 00:30,San Antonio Spurs,Oklahoma City Thunder,San Antonio Spurs,Stephon Castle,Puntos,16.5,Debajo,1.81,dom,
Oklahoma City Thunder - San Antonio Spurs,Winner Of Wc Sf1 Winner Of Wc Sf2,2026-05-26,2026-05-19 00:30,San Antonio Spurs,Oklahoma City Thunder,San Antonio Spurs,Stephon Castle,Puntos,17.5,Sobre,1.99,dom_alt,
Oklahoma City Thunder - San Antonio Spurs,Winner Of Wc Sf1 Winner Of Wc Sf2,2026-05-26,2026-05-19 00:30,San Antonio Spurs,Oklahoma City Thunder,San Antonio Spurs,Stephon Castle,Puntos,17.5,Debajo,1.61,dom_alt,
Oklahoma City Thunder - San Antonio Spurs,Winner Of Wc Sf1 Winner Of Wc Sf2,2026-05-26,2026-05-19 00:30,San Antonio Spurs,Oklahoma City Thunder,San Antonio Spurs,Stephon Castle,Puntos,14.5,Sobre,1.53,dom_alt,
Oklahoma City Thunder - San Antonio Spurs,Winner Of Wc Sf1 Winner Of Wc Sf2,2026-05-26,2026-05-19 00:30,San Antonio Spurs,Oklahoma City Thunder,San Antonio Spurs,Stephon Castle,Puntos,14.5,Debajo,2.12,dom_alt,
Oklahoma City Thunder - San Antonio Spurs,Winner Of Wc Sf1 Winner Of Wc Sf2,2026-05-26,2026-05-19 00:30,San Antonio Spurs,Oklahoma City Thunder,San Antonio Spurs,Stephon Castle,Puntos,18.5,Sobre,2.14,dom_alt,
Oklahoma City Thunder - San Antonio Spurs,Winner Of Wc Sf1 Winner Of Wc Sf2,2026-05-26,2026-05-19 00:30,San Antonio Spurs,Oklahoma City Thunder,San Antonio Spurs,Stephon Castle,Puntos,18.5,Debajo,1.52,dom_alt,
Oklahoma City Thunder - San Antonio Spurs,Winner Of Wc Sf1 Winner Of Wc Sf2,2026-05-26,2026-05-19 00:30,San Antonio Spurs,Oklahoma City Thunder,San Antonio Spurs,Stephon Castle,Puntos,13.5,Sobre,1.41,dom_alt,
Oklahoma City Thunder - San Antonio Spurs,Winner Of Wc Sf1 Winner Of Wc Sf2,2026-05-26,2026-05-19 00:30,San Antonio Spurs,Oklahoma City Thunder,San Antonio Spurs,Stephon Castle,Puntos,13.5,Debajo,2.41,dom_alt,
Oklahoma City Thunder - San Antonio Spurs,Winner Of Wc Sf1 Winner Of Wc Sf2,2026-05-26,2026-05-19 00:30,San Antonio Spurs,Oklahoma City Thunder,San Antonio Spurs,Stephon Castle,Puntos,19.5,Sobre,2.41,dom_alt,
Oklahoma City Thunder - San Antonio Spurs,Winner Of Wc Sf1 Winner Of Wc Sf2,2026-05-26,2026-05-19 00:30,San Antonio Spurs,Oklahoma City Thunder,San Antonio Spurs,Stephon Castle,Puntos,19.5,Debajo,1.41,dom_alt,
Oklahoma City Thunder - San Antonio Spurs,Winner Of Wc Sf1 Winner Of Wc Sf2,2026-05-26,2026-05-19 00:30,San Antonio Spurs,Oklahoma City Thunder,San Antonio Spurs,Stephon Castle,Puntos,12.5,Sobre,1.30,dom_alt,
Oklahoma City Thunder - San Antonio Spurs,Winner Of Wc Sf1 Winner Of Wc Sf2,2026-05-26,2026-05-19 00:30,San Antonio Spurs,Oklahoma City Thunder,San Antonio Spurs,Stephon Castle,Puntos,12.5,Debajo,2.79,dom_alt,
Oklahoma City Thunder - San Antonio Spurs,Winner Of Wc Sf1 Winner Of Wc Sf2,2026-05-26,2026-05-19 00:30,San Antonio Spurs,Oklahoma City Thunder,San Antonio Spurs,Stephon Castle,Puntos,20.5,Sobre,2.74,dom_alt,
Oklahoma City Thunder - San Antonio Spurs,Winner Of Wc Sf1 Winner Of Wc Sf2,2026-05-26,2026-05-19 00:30,San Antonio Spurs,Oklahoma City Thunder,San Antonio Spurs,Stephon Castle,Puntos,20.5,Debajo,1.31,dom_alt,
Oklahoma City Thunder - San Antonio Spurs,Winner Of Wc Sf1 Winner Of Wc Sf2,2026-05-26,2026-05-19 00:30,San Antonio Spurs,Oklahoma City Thunder,San Antonio Spurs,Stephon Castle,Rebotes,4.5,Sobre,1.72,dom,
Oklahoma City Thunder - San Antonio Spurs,Winner Of Wc Sf1 Winner Of Wc Sf2,2026-05-26,2026-05-19 00:30,San Antonio Spurs,Oklahoma City Thunder,San Antonio Spurs,Stephon Castle,Rebotes,4.5,Debajo,1.97,dom,
Oklahoma City Thunder - San Antonio Spurs,Winner Of Wc Sf1 Winner Of Wc Sf2,2026-05-26,2026-05-19 00:30,San Antonio Spurs,Oklahoma City Thunder,San Antonio Spurs,Stephon Castle,Rebotes,5.5,Sobre,2.18,dom_alt,
Oklahoma City Thunder - San Antonio Spurs,Winner Of Wc Sf1 Winner Of Wc Sf2,2026-05-26,2026-05-19 00:30,San Antonio Spurs,Oklahoma City Thunder,San Antonio Spurs,Stephon Castle,Rebotes,5.5,Debajo,1.50,dom_alt,
Oklahoma City Thunder - San Antonio Spurs,Winner Of Wc Sf1 Winner Of Wc Sf2,2026-05-26,2026-05-19 00:30,San Antonio Spurs,Oklahoma City Thunder,San Antonio Spurs,Stephon Castle,Triples,1.5,Sobre,2.35,dom,
Oklahoma City Thunder - San Antonio Spurs,Winner Of Wc Sf1 Winner Of Wc Sf2,2026-05-26,2026-05-19 00:30,San Antonio Spurs,Oklahoma City Thunder,San Antonio Spurs,Stephon Castle,Triples,1.5,Debajo,1.51,dom,
Oklahoma City Thunder - San Antonio Spurs,Winner Of Wc Sf1 Winner Of Wc Sf2,2026-05-26,2026-05-19 00:30,San Antonio Spurs,Oklahoma City Thunder,San Antonio Spurs,Stephon Castle,Robos,0.5,Sobre,1.51,dom,
Oklahoma City Thunder - San Antonio Spurs,Winner Of Wc Sf1 Winner Of Wc Sf2,2026-05-26,2026-05-19 00:30,San Antonio Spurs,Oklahoma City Thunder,San Antonio Spurs,Stephon Castle,Robos,0.5,Debajo,2.33,dom,
Oklahoma City Thunder - San Antonio Spurs,Winner Of Wc Sf1 Winner Of Wc Sf2,2026-05-26,2026-05-19 00:30,San Antonio Spurs,Oklahoma City Thunder,San Antonio Spurs,Stephon Castle,Pérdidas,3.5,Sobre,2.03,dom,
Oklahoma City Thunder - San Antonio Spurs,Winner Of Wc Sf1 Winner Of Wc Sf2,2026-05-26,2026-05-19 00:30,San Antonio Spurs,Oklahoma City Thunder,San Antonio Spurs,Stephon Castle,Pérdidas,3.5,Debajo,1.67,dom,
Oklahoma City Thunder - San Antonio Spurs,Winner Of Wc Sf1 Winner Of Wc Sf2,2026-05-26,2026-05-19 00:30,San Antonio Spurs,Oklahoma City Thunder,San Antonio Spurs,Stephon Castle,Puntos+Rebotes,21.5,Sobre,1.86,dom,
Oklahoma City Thunder - San Antonio Spurs,Winner Of Wc Sf1 Winner Of Wc Sf2,2026-05-26,2026-05-19 00:30,San Antonio Spurs,Oklahoma City Thunder,San Antonio Spurs,Stephon Castle,Puntos+Rebotes,21.5,Debajo,1.81,dom,
Oklahoma City Thunder - San Antonio Spurs,Winner Of Wc Sf1 Winner Of Wc Sf2,2026-05-26,2026-05-19 00:30,San Antonio Spurs,Oklahoma City Thunder,San Antonio Spurs,Stephon Castle,Puntos+Rebotes,22.5,Sobre,1.97,dom_alt,
Oklahoma City Thunder - San Antonio Spurs,Winner Of Wc Sf1 Winner Of Wc Sf2,2026-05-26,2026-05-19 00:30,San Antonio Spurs,Oklahoma City Thunder,San Antonio Spurs,Stephon Castle,Puntos+Rebotes,22.5,Debajo,1.62,dom_alt,
Oklahoma City Thunder - San Antonio Spurs,Winner Of Wc Sf1 Winner Of Wc Sf2,2026-05-26,2026-05-19 00:30,San Antonio Spurs,Oklahoma City Thunder,San Antonio Spurs,Stephon Castle,Puntos+Rebotes,19.5,Sobre,1.53,dom_alt,
Oklahoma City Thunder - San Antonio Spurs,Winner Of Wc Sf1 Winner Of Wc Sf2,2026-05-26,2026-05-19 00:30,San Antonio Spurs,Oklahoma City Thunder,San Antonio Spurs,Stephon Castle,Puntos+Rebotes,19.5,Debajo,2.12,dom_alt,
Oklahoma City Thunder - San Antonio Spurs,Winner Of Wc Sf1 Winner Of Wc Sf2,2026-05-26,2026-05-19 00:30,San Antonio Spurs,Oklahoma City Thunder,San Antonio Spurs,Stephon Castle,Puntos+Rebotes,23.5,Sobre,2.09,dom_alt,
Oklahoma City Thunder - San Antonio Spurs,Winner Of Wc Sf1 Winner Of Wc Sf2,2026-05-26,2026-05-19 00:30,San Antonio Spurs,Oklahoma City Thunder,San Antonio Spurs,Stephon Castle,Puntos+Rebotes,23.5,Debajo,1.55,dom_alt,
Oklahoma City Thunder - San Antonio Spurs,Winner Of Wc Sf1 Winner Of Wc Sf2,2026-05-26,2026-05-19 00:30,San Antonio Spurs,Oklahoma City Thunder,San Antonio Spurs,Stephon Castle,Puntos+Asistencias,22.5,Sobre,1.79,dom,
Oklahoma City Thunder - San Antonio Spurs,Winner Of Wc Sf1 Winner Of Wc Sf2,2026-05-26,2026-05-19 00:30,San Antonio Spurs,Oklahoma City Thunder,San Antonio Spurs,Stephon Castle,Puntos+Asistencias,22.5,Debajo,1.88,dom,
Oklahoma City Thunder - San Antonio Spurs,Winner Of Wc Sf1 Winner Of Wc Sf2,2026-05-26,2026-05-19 00:30,San Antonio Spurs,Oklahoma City Thunder,San Antonio Spurs,Stephon Castle,Puntos+Asistencias,23.5,Sobre,1.92,dom_alt,
Oklahoma City Thunder - San Antonio Spurs,Winner Of Wc Sf1 Winner Of Wc Sf2,2026-05-26,2026-05-19 00:30,San Antonio Spurs,Oklahoma City Thunder,San Antonio Spurs,Stephon Castle,Puntos+Asistencias,23.5,Debajo,1.65,dom_alt,
Oklahoma City Thunder - San Antonio Spurs,Winner Of Wc Sf1 Winner Of Wc Sf2,2026-05-26,2026-05-19 00:30,San Antonio Spurs,Oklahoma City Thunder,San Antonio Spurs,Stephon Castle,Puntos+Asistencias,20.5,Sobre,1.54,dom_alt,
Oklahoma City Thunder - San Antonio Spurs,Winner Of Wc Sf1 Winner Of Wc Sf2,2026-05-26,2026-05-19 00:30,San Antonio Spurs,Oklahoma City Thunder,San Antonio Spurs,Stephon Castle,Puntos+Asistencias,20.5,Debajo,2.11,dom_alt,
Oklahoma City Thunder - San Antonio Spurs,Winner Of Wc Sf1 Winner Of Wc Sf2,2026-05-26,2026-05-19 00:30,San Antonio Spurs,Oklahoma City Thunder,San Antonio Spurs,Stephon Castle,Puntos+Asistencias,24.5,Sobre,2.11,dom_alt,
Oklahoma City Thunder - San Antonio Spurs,Winner Of Wc Sf1 Winner Of Wc Sf2,2026-05-26,2026-05-19 00:30,San Antonio Spurs,Oklahoma City Thunder,San Antonio Spurs,Stephon Castle,Puntos+Asistencias,24.5,Debajo,1.53,dom_alt,
Oklahoma City Thunder - San Antonio Spurs,Winner Of Wc Sf1 Winner Of Wc Sf2,2026-05-26,2026-05-19 00:30,San Antonio Spurs,Oklahoma City Thunder,San Antonio Spurs,Stephon Castle,PRA,27.5,Sobre,1.81,dom,
Oklahoma City Thunder - San Antonio Spurs,Winner Of Wc Sf1 Winner Of Wc Sf2,2026-05-26,2026-05-19 00:30,San Antonio Spurs,Oklahoma City Thunder,San Antonio Spurs,Stephon Castle,PRA,27.5,Debajo,1.86,dom,
Oklahoma City Thunder - San Antonio Spurs,Winner Of Wc Sf1 Winner Of Wc Sf2,2026-05-26,2026-05-19 00:30,San Antonio Spurs,Oklahoma City Thunder,San Antonio Spurs,Stephon Castle,PRA,28.5,Sobre,1.91,dom_alt,
Oklahoma City Thunder - San Antonio Spurs,Winner Of Wc Sf1 Winner Of Wc Sf2,2026-05-26,2026-05-19 00:30,San Antonio Spurs,Oklahoma City Thunder,San Antonio Spurs,Stephon Castle,PRA,28.5,Debajo,1.67,dom_alt,
Oklahoma City Thunder - San Antonio Spurs,Winner Of Wc Sf1 Winner Of Wc Sf2,2026-05-26,2026-05-19 00:30,San Antonio Spurs,Oklahoma City Thunder,San Antonio Spurs,Stephon Castle,PRA,25.5,Sobre,1.57,dom_alt,
Oklahoma City Thunder - San Antonio Spurs,Winner Of Wc Sf1 Winner Of Wc Sf2,2026-05-26,2026-05-19 00:30,San Antonio Spurs,Oklahoma City Thunder,San Antonio Spurs,Stephon Castle,PRA,25.5,Debajo,2.05,dom_alt,
Oklahoma City Thunder - San Antonio Spurs,Winner Of Wc Sf1 Winner Of Wc Sf2,2026-05-26,2026-05-19 00:30,San Antonio Spurs,Oklahoma City Thunder,San Antonio Spurs,Stephon Castle,PRA,29.5,Sobre,2.08,dom_alt,
Oklahoma City Thunder - San Antonio Spurs,Winner Of Wc Sf1 Winner Of Wc Sf2,2026-05-26,2026-05-19 00:30,San Antonio Spurs,Oklahoma City Thunder,San Antonio Spurs,Stephon Castle,PRA,29.5,Debajo,1.55,dom_alt,
Oklahoma City Thunder - San Antonio Spurs,Winner Of Wc Sf1 Winner Of Wc Sf2,2026-05-26,2026-05-19 00:30,San Antonio Spurs,Oklahoma City Thunder,San Antonio Spurs,Stephon Castle,PRA,24.5,Sobre,1.46,dom_alt,
Oklahoma City Thunder - San Antonio Spurs,Winner Of Wc Sf1 Winner Of Wc Sf2,2026-05-26,2026-05-19 00:30,San Antonio Spurs,Oklahoma City Thunder,San Antonio Spurs,Stephon Castle,PRA,24.5,Debajo,2.27,dom_alt,
Oklahoma City Thunder - San Antonio Spurs,Winner Of Wc Sf1 Winner Of Wc Sf2,2026-05-26,2026-05-19 00:30,San Antonio Spurs,Oklahoma City Thunder,San Antonio Spurs,Stephon Castle,PRA,30.5,Sobre,2.19,dom_alt,
Oklahoma City Thunder - San Antonio Spurs,Winner Of Wc Sf1 Winner Of Wc Sf2,2026-05-26,2026-05-19 00:30,San Antonio Spurs,Oklahoma City Thunder,San Antonio Spurs,Stephon Castle,PRA,30.5,Debajo,1.50,dom_alt,
Oklahoma City Thunder - San Antonio Spurs,Winner Of Wc Sf1 Winner Of Wc Sf2,2026-05-26,2026-05-19 00:30,San Antonio Spurs,Oklahoma City Thunder,San Antonio Spurs,Stephon Castle,PRA,23.5,Sobre,1.37,dom_alt,
Oklahoma City Thunder - San Antonio Spurs,Winner Of Wc Sf1 Winner Of Wc Sf2,2026-05-26,2026-05-19 00:30,San Antonio Spurs,Oklahoma City Thunder,San Antonio Spurs,Stephon Castle,PRA,23.5,Debajo,2.54,dom_alt,
Oklahoma City Thunder - San Antonio Spurs,Winner Of Wc Sf1 Winner Of Wc Sf2,2026-05-26,2026-05-19 00:30,San Antonio Spurs,Oklahoma City Thunder,San Antonio Spurs,Stephon Castle,PRA,31.5,Sobre,2.44,dom_alt,
Oklahoma City Thunder - San Antonio Spurs,Winner Of Wc Sf1 Winner Of Wc Sf2,2026-05-26,2026-05-19 00:30,San Antonio Spurs,Oklahoma City Thunder,San Antonio Spurs,Stephon Castle,PRA,31.5,Debajo,1.40,dom_alt,
Oklahoma City Thunder - San Antonio Spurs,Winner Of Wc Sf1 Winner Of Wc Sf2,2026-05-26,2026-05-19 00:30,San Antonio Spurs,Oklahoma City Thunder,San Antonio Spurs,Stephon Castle,PRA,32.5,Sobre,2.73,dom_alt,
Oklahoma City Thunder - San Antonio Spurs,Winner Of Wc Sf1 Winner Of Wc Sf2,2026-05-26,2026-05-19 00:30,San Antonio Spurs,Oklahoma City Thunder,San Antonio Spurs,Stephon Castle,PRA,32.5,Debajo,1.32,dom_alt,
Oklahoma City Thunder - San Antonio Spurs,Winner Of Wc Sf1 Winner Of Wc Sf2,2026-05-26,2026-05-19 00:30,San Antonio Spurs,Oklahoma City Thunder,San Antonio Spurs,Stephon Castle,Asistencias+Rebotes,10.5,Sobre,1.71,dom,
Oklahoma City Thunder - San Antonio Spurs,Winner Of Wc Sf1 Winner Of Wc Sf2,2026-05-26,2026-05-19 00:30,San Antonio Spurs,Oklahoma City Thunder,San Antonio Spurs,Stephon Castle,Asistencias+Rebotes,10.5,Debajo,1.98,dom,
Oklahoma City Thunder - San Antonio Spurs,Winner Of Wc Sf1 Winner Of Wc Sf2,2026-05-26,2026-05-19 00:30,San Antonio Spurs,Oklahoma City Thunder,San Antonio Spurs,Stephon Castle,DobleDoble,0.5,Sobre,5.93,dom,
Oklahoma City Thunder - San Antonio Spurs,Winner Of Wc Sf1 Winner Of Wc Sf2,2026-05-26,2026-05-19 00:30,San Antonio Spurs,Oklahoma City Thunder,San Antonio Spurs,Stephon Castle,DobleDoble,0.5,Debajo,1.09,dom,
Oklahoma City Thunder - San Antonio Spurs,Winner Of Wc Sf1 Winner Of Wc Sf2,2026-05-26,2026-05-19 00:30,San Antonio Spurs,Oklahoma City Thunder,San Antonio Spurs,Stephon Castle,Asistencias,5.5,Sobre,1.63,dom,
Oklahoma City Thunder - San Antonio Spurs,Winner Of Wc Sf1 Winner Of Wc Sf2,2026-05-26,2026-05-19 00:30,San Antonio Spurs,Oklahoma City Thunder,San Antonio Spurs,Stephon Castle,Asistencias,5.5,Debajo,2.10,dom,
Oklahoma City Thunder - San Antonio Spurs,Winner Of Wc Sf1 Winner Of Wc Sf2,2026-05-26,2026-05-19 00:30,San Antonio Spurs,Oklahoma City Thunder,San Antonio Spurs,Stephon Castle,Asistencias,6.5,Sobre,2.07,dom_alt,
Oklahoma City Thunder - San Antonio Spurs,Winner Of Wc Sf1 Winner Of Wc Sf2,2026-05-26,2026-05-19 00:30,San Antonio Spurs,Oklahoma City Thunder,San Antonio Spurs,Stephon Castle,Asistencias,6.5,Debajo,1.56,dom_alt,
Oklahoma City Thunder - San Antonio Spurs,Winner Of Wc Sf1 Winner Of Wc Sf2,2026-05-26,2026-05-19 00:30,San Antonio Spurs,Oklahoma City Thunder,San Antonio Spurs,Stephon Castle,Asistencias,7.5,Sobre,2.72,dom_alt,
Oklahoma City Thunder - San Antonio Spurs,Winner Of Wc Sf1 Winner Of Wc Sf2,2026-05-26,2026-05-19 00:30,San Antonio Spurs,Oklahoma City Thunder,San Antonio Spurs,Stephon Castle,Asistencias,7.5,Debajo,1.32,dom_alt,
Oklahoma City Thunder - San Antonio Spurs,Winner Of Wc Sf1 Winner Of Wc Sf2,2026-05-26,2026-05-19 00:30,San Antonio Spurs,Oklahoma City Thunder,San Antonio Spurs,Stephon Castle,PuntosPrimerCuarto,4.5,Sobre,2.06,dom,
Oklahoma City Thunder - San Antonio Spurs,Winner Of Wc Sf1 Winner Of Wc Sf2,2026-05-26,2026-05-19 00:30,San Antonio Spurs,Oklahoma City Thunder,San Antonio Spurs,Stephon Castle,PuntosPrimerCuarto,4.5,Debajo,1.66,dom,
Oklahoma City Thunder - San Antonio Spurs,Winner Of Wc Sf1 Winner Of Wc Sf2,2026-05-26,2026-05-19 00:30,San Antonio Spurs,Oklahoma City Thunder,San Antonio Spurs,Stephon Castle,AsistenciasPrimerCuarto,1.5,Sobre,1.85,dom,
Oklahoma City Thunder - San Antonio Spurs,Winner Of Wc Sf1 Winner Of Wc Sf2,2026-05-26,2026-05-19 00:30,San Antonio Spurs,Oklahoma City Thunder,San Antonio Spurs,Stephon Castle,AsistenciasPrimerCuarto,1.5,Debajo,1.82,dom,
Oklahoma City Thunder - San Antonio Spurs,Winner Of Wc Sf1 Winner Of Wc Sf2,2026-05-26,2026-05-19 00:30,San Antonio Spurs,Oklahoma City Thunder,San Antonio Spurs,Stephon Castle,TirosLibres,3.5,Sobre,1.71,dom,
Oklahoma City Thunder - San Antonio Spurs,Winner Of Wc Sf1 Winner Of Wc Sf2,2026-05-26,2026-05-19 00:30,San Antonio Spurs,Oklahoma City Thunder,San Antonio Spurs,Stephon Castle,TirosLibres,3.5,Debajo,1.98,dom,
Oklahoma City Thunder - San Antonio Spurs,Winner Of Wc Sf1 Winner Of Wc Sf2,2026-05-26,2026-05-19 00:30,San Antonio Spurs,Oklahoma City Thunder,San Antonio Spurs,Stephon Castle,TirosLibresInt,4.5,Sobre,1.71,dom,
Oklahoma City Thunder - San Antonio Spurs,Winner Of Wc Sf1 Winner Of Wc Sf2,2026-05-26,2026-05-19 00:30,San Antonio Spurs,Oklahoma City Thunder,San Antonio Spurs,Stephon Castle,TirosLibresInt,4.5,Debajo,1.98,dom,
Oklahoma City Thunder - San Antonio Spurs,Winner Of Wc Sf1 Winner Of Wc Sf2,2026-05-26,2026-05-19 00:30,San Antonio Spurs,Oklahoma City Thunder,San Antonio Spurs,Stephon Castle,GolesCampo,5.5,Sobre,1.83,dom,
Oklahoma City Thunder - San Antonio Spurs,Winner Of Wc Sf1 Winner Of Wc Sf2,2026-05-26,2026-05-19 00:30,San Antonio Spurs,Oklahoma City Thunder,San Antonio Spurs,Stephon Castle,GolesCampo,5.5,Debajo,1.84,dom,
Oklahoma City Thunder - San Antonio Spurs,Winner Of Wc Sf1 Winner Of Wc Sf2,2026-05-26,2026-05-19 00:30,San Antonio Spurs,Oklahoma City Thunder,San Antonio Spurs,Stephon Castle,GolesCampoInt,13.5,Sobre,2.00,dom,
Oklahoma City Thunder - San Antonio Spurs,Winner Of Wc Sf1 Winner Of Wc Sf2,2026-05-26,2026-05-19 00:30,San Antonio Spurs,Oklahoma City Thunder,San Antonio Spurs,Stephon Castle,GolesCampoInt,13.5,Debajo,1.70,dom,
Oklahoma City Thunder - San Antonio Spurs,Winner Of Wc Sf1 Winner Of Wc Sf2,2026-05-26,2026-05-19 00:30,San Antonio Spurs,Oklahoma City Thunder,San Antonio Spurs,Stephon Castle,TriplesInt,4.5,Sobre,2.05,dom,
Oklahoma City Thunder - San Antonio Spurs,Winner Of Wc Sf1 Winner Of Wc Sf2,2026-05-26,2026-05-19 00:30,San Antonio Spurs,Oklahoma City Thunder,San Antonio Spurs,Stephon Castle,TriplesInt,4.5,Debajo,1.66,dom,
Oklahoma City Thunder - San Antonio Spurs,Winner Of Wc Sf1 Winner Of Wc Sf2,2026-05-26,2026-05-19 00:30,San Antonio Spurs,Oklahoma City Thunder,San Antonio Spurs,Stephon Castle,Faltas,3.5,Sobre,1.71,dom,
Oklahoma City Thunder - San Antonio Spurs,Winner Of Wc Sf1 Winner Of Wc Sf2,2026-05-26,2026-05-19 00:30,San Antonio Spurs,Oklahoma City Thunder,San Antonio Spurs,Stephon Castle,Faltas,3.5,Debajo,1.97,dom,
Oklahoma City Thunder - San Antonio Spurs,Winner Of Wc Sf1 Winner Of Wc Sf2,2026-05-26,2026-05-19 00:30,San Antonio Spurs,Oklahoma City Thunder,San Antonio Spurs,Julian Champagnie,Puntos,8.5,Sobre,1.85,dom,
Oklahoma City Thunder - San Antonio Spurs,Winner Of Wc Sf1 Winner Of Wc Sf2,2026-05-26,2026-05-19 00:30,San Antonio Spurs,Oklahoma City Thunder,San Antonio Spurs,Julian Champagnie,Puntos,8.5,Debajo,1.82,dom,
Oklahoma City Thunder - San Antonio Spurs,Winner Of Wc Sf1 Winner Of Wc Sf2,2026-05-26,2026-05-19 00:30,San Antonio Spurs,Oklahoma City Thunder,San Antonio Spurs,Julian Champagnie,Puntos,9.5,Sobre,2.02,dom_alt,
Oklahoma City Thunder - San Antonio Spurs,Winner Of Wc Sf1 Winner Of Wc Sf2,2026-05-26,2026-05-19 00:30,San Antonio Spurs,Oklahoma City Thunder,San Antonio Spurs,Julian Champagnie,Puntos,9.5,Debajo,1.59,dom_alt,
Oklahoma City Thunder - San Antonio Spurs,Winner Of Wc Sf1 Winner Of Wc Sf2,2026-05-26,2026-05-19 00:30,San Antonio Spurs,Oklahoma City Thunder,San Antonio Spurs,Julian Champagnie,Puntos,6.5,Sobre,1.47,dom_alt,
Oklahoma City Thunder - San Antonio Spurs,Winner Of Wc Sf1 Winner Of Wc Sf2,2026-05-26,2026-05-19 00:30,San Antonio Spurs,Oklahoma City Thunder,San Antonio Spurs,Julian Champagnie,Puntos,6.5,Debajo,2.25,dom_alt,
Oklahoma City Thunder - San Antonio Spurs,Winner Of Wc Sf1 Winner Of Wc Sf2,2026-05-26,2026-05-19 00:30,San Antonio Spurs,Oklahoma City Thunder,San Antonio Spurs,Julian Champagnie,Puntos,10.5,Sobre,2.23,dom_alt,
Oklahoma City Thunder - San Antonio Spurs,Winner Of Wc Sf1 Winner Of Wc Sf2,2026-05-26,2026-05-19 00:30,San Antonio Spurs,Oklahoma City Thunder,San Antonio Spurs,Julian Champagnie,Puntos,10.5,Debajo,1.48,dom_alt,
Oklahoma City Thunder - San Antonio Spurs,Winner Of Wc Sf1 Winner Of Wc Sf2,2026-05-26,2026-05-19 00:30,San Antonio Spurs,Oklahoma City Thunder,San Antonio Spurs,Julian Champagnie,Puntos,5.5,Sobre,1.30,dom_alt,
Oklahoma City Thunder - San Antonio Spurs,Winner Of Wc Sf1 Winner Of Wc Sf2,2026-05-26,2026-05-19 00:30,San Antonio Spurs,Oklahoma City Thunder,San Antonio Spurs,Julian Champagnie,Puntos,5.5,Debajo,2.79,dom_alt,
Oklahoma City Thunder - San Antonio Spurs,Winner Of Wc Sf1 Winner Of Wc Sf2,2026-05-26,2026-05-19 00:30,San Antonio Spurs,Oklahoma City Thunder,San Antonio Spurs,Julian Champagnie,Puntos,11.5,Sobre,2.66,dom_alt,
Oklahoma City Thunder - San Antonio Spurs,Winner Of Wc Sf1 Winner Of Wc Sf2,2026-05-26,2026-05-19 00:30,San Antonio Spurs,Oklahoma City Thunder,San Antonio Spurs,Julian Champagnie,Puntos,11.5,Debajo,1.33,dom_alt,
Oklahoma City Thunder - San Antonio Spurs,Winner Of Wc Sf1 Winner Of Wc Sf2,2026-05-26,2026-05-19 00:30,San Antonio Spurs,Oklahoma City Thunder,San Antonio Spurs,Julian Champagnie,Rebotes,4.5,Sobre,1.71,dom,
Oklahoma City Thunder - San Antonio Spurs,Winner Of Wc Sf1 Winner Of Wc Sf2,2026-05-26,2026-05-19 00:30,San Antonio Spurs,Oklahoma City Thunder,San Antonio Spurs,Julian Champagnie,Rebotes,4.5,Debajo,1.97,dom,
Oklahoma City Thunder - San Antonio Spurs,Winner Of Wc Sf1 Winner Of Wc Sf2,2026-05-26,2026-05-19 00:30,San Antonio Spurs,Oklahoma City Thunder,San Antonio Spurs,Julian Champagnie,Rebotes,5.5,Sobre,2.11,dom_alt,
Oklahoma City Thunder - San Antonio Spurs,Winner Of Wc Sf1 Winner Of Wc Sf2,2026-05-26,2026-05-19 00:30,San Antonio Spurs,Oklahoma City Thunder,San Antonio Spurs,Julian Champagnie,Rebotes,5.5,Debajo,1.54,dom_alt,
Oklahoma City Thunder - San Antonio Spurs,Winner Of Wc Sf1 Winner Of Wc Sf2,2026-05-26,2026-05-19 00:30,San Antonio Spurs,Oklahoma City Thunder,San Antonio Spurs,Julian Champagnie,Triples,1.5,Sobre,1.60,dom,
Oklahoma City Thunder - San Antonio Spurs,Winner Of Wc Sf1 Winner Of Wc Sf2,2026-05-26,2026-05-19 00:30,San Antonio Spurs,Oklahoma City Thunder,San Antonio Spurs,Julian Champagnie,Triples,1.5,Debajo,2.16,dom,
Oklahoma City Thunder - San Antonio Spurs,Winner Of Wc Sf1 Winner Of Wc Sf2,2026-05-26,2026-05-19 00:30,San Antonio Spurs,Oklahoma City Thunder,San Antonio Spurs,Julian Champagnie,Robos,0.5,Sobre,1.50,dom,
Oklahoma City Thunder - San Antonio Spurs,Winner Of Wc Sf1 Winner Of Wc Sf2,2026-05-26,2026-05-19 00:30,San Antonio Spurs,Oklahoma City Thunder,San Antonio Spurs,Julian Champagnie,Robos,0.5,Debajo,2.36,dom,
Oklahoma City Thunder - San Antonio Spurs,Winner Of Wc Sf1 Winner Of Wc Sf2,2026-05-26,2026-05-19 00:30,San Antonio Spurs,Oklahoma City Thunder,San Antonio Spurs,Julian Champagnie,Pérdidas,0.5,Sobre,1.77,dom,
Oklahoma City Thunder - San Antonio Spurs,Winner Of Wc Sf1 Winner Of Wc Sf2,2026-05-26,2026-05-19 00:30,San Antonio Spurs,Oklahoma City Thunder,San Antonio Spurs,Julian Champagnie,Pérdidas,0.5,Debajo,1.91,dom,
Oklahoma City Thunder - San Antonio Spurs,Winner Of Wc Sf1 Winner Of Wc Sf2,2026-05-26,2026-05-19 00:30,San Antonio Spurs,Oklahoma City Thunder,San Antonio Spurs,Julian Champagnie,Puntos+Rebotes,13.5,Sobre,1.85,dom,
Oklahoma City Thunder - San Antonio Spurs,Winner Of Wc Sf1 Winner Of Wc Sf2,2026-05-26,2026-05-19 00:30,San Antonio Spurs,Oklahoma City Thunder,San Antonio Spurs,Julian Champagnie,Puntos+Rebotes,13.5,Debajo,1.82,dom,
Oklahoma City Thunder - San Antonio Spurs,Winner Of Wc Sf1 Winner Of Wc Sf2,2026-05-26,2026-05-19 00:30,San Antonio Spurs,Oklahoma City Thunder,San Antonio Spurs,Julian Champagnie,Puntos+Rebotes,14.5,Sobre,2.00,dom_alt,
Oklahoma City Thunder - San Antonio Spurs,Winner Of Wc Sf1 Winner Of Wc Sf2,2026-05-26,2026-05-19 00:30,San Antonio Spurs,Oklahoma City Thunder,San Antonio Spurs,Julian Champagnie,Puntos+Rebotes,14.5,Debajo,1.60,dom_alt,
Oklahoma City Thunder - San Antonio Spurs,Winner Of Wc Sf1 Winner Of Wc Sf2,2026-05-26,2026-05-19 00:30,San Antonio Spurs,Oklahoma City Thunder,San Antonio Spurs,Julian Champagnie,Puntos+Rebotes,11.5,Sobre,1.51,dom_alt,
Oklahoma City Thunder - San Antonio Spurs,Winner Of Wc Sf1 Winner Of Wc Sf2,2026-05-26,2026-05-19 00:30,San Antonio Spurs,Oklahoma City Thunder,San Antonio Spurs,Julian Champagnie,Puntos+Rebotes,11.5,Debajo,2.15,dom_alt,
Oklahoma City Thunder - San Antonio Spurs,Winner Of Wc Sf1 Winner Of Wc Sf2,2026-05-26,2026-05-19 00:30,San Antonio Spurs,Oklahoma City Thunder,San Antonio Spurs,Julian Champagnie,Puntos+Rebotes,15.5,Sobre,2.16,dom_alt,
Oklahoma City Thunder - San Antonio Spurs,Winner Of Wc Sf1 Winner Of Wc Sf2,2026-05-26,2026-05-19 00:30,San Antonio Spurs,Oklahoma City Thunder,San Antonio Spurs,Julian Champagnie,Puntos+Rebotes,15.5,Debajo,1.51,dom_alt,
Oklahoma City Thunder - San Antonio Spurs,Winner Of Wc Sf1 Winner Of Wc Sf2,2026-05-26,2026-05-19 00:30,San Antonio Spurs,Oklahoma City Thunder,San Antonio Spurs,Julian Champagnie,Puntos+Asistencias,10.5,Sobre,1.94,dom,
Oklahoma City Thunder - San Antonio Spurs,Winner Of Wc Sf1 Winner Of Wc Sf2,2026-05-26,2026-05-19 00:30,San Antonio Spurs,Oklahoma City Thunder,San Antonio Spurs,Julian Champagnie,Puntos+Asistencias,10.5,Debajo,1.74,dom,
Oklahoma City Thunder - San Antonio Spurs,Winner Of Wc Sf1 Winner Of Wc Sf2,2026-05-26,2026-05-19 00:30,San Antonio Spurs,Oklahoma City Thunder,San Antonio Spurs,Julian Champagnie,Puntos+Asistencias,11.5,Sobre,2.05,dom_alt,
Oklahoma City Thunder - San Antonio Spurs,Winner Of Wc Sf1 Winner Of Wc Sf2,2026-05-26,2026-05-19 00:30,San Antonio Spurs,Oklahoma City Thunder,San Antonio Spurs,Julian Champagnie,Puntos+Asistencias,11.5,Debajo,1.57,dom_alt,
Oklahoma City Thunder - San Antonio Spurs,Winner Of Wc Sf1 Winner Of Wc Sf2,2026-05-26,2026-05-19 00:30,San Antonio Spurs,Oklahoma City Thunder,San Antonio Spurs,Julian Champagnie,Puntos+Asistencias,8.5,Sobre,1.55,dom_alt,
Oklahoma City Thunder - San Antonio Spurs,Winner Of Wc Sf1 Winner Of Wc Sf2,2026-05-26,2026-05-19 00:30,San Antonio Spurs,Oklahoma City Thunder,San Antonio Spurs,Julian Champagnie,Puntos+Asistencias,8.5,Debajo,2.09,dom_alt,
Oklahoma City Thunder - San Antonio Spurs,Winner Of Wc Sf1 Winner Of Wc Sf2,2026-05-26,2026-05-19 00:30,San Antonio Spurs,Oklahoma City Thunder,San Antonio Spurs,Julian Champagnie,PRA,14.5,Sobre,1.75,dom,
Oklahoma City Thunder - San Antonio Spurs,Winner Of Wc Sf1 Winner Of Wc Sf2,2026-05-26,2026-05-19 00:30,San Antonio Spurs,Oklahoma City Thunder,San Antonio Spurs,Julian Champagnie,PRA,14.5,Debajo,1.93,dom,
Oklahoma City Thunder - San Antonio Spurs,Winner Of Wc Sf1 Winner Of Wc Sf2,2026-05-26,2026-05-19 00:30,San Antonio Spurs,Oklahoma City Thunder,San Antonio Spurs,Julian Champagnie,PRA,15.5,Sobre,1.86,dom_alt,
Oklahoma City Thunder - San Antonio Spurs,Winner Of Wc Sf1 Winner Of Wc Sf2,2026-05-26,2026-05-19 00:30,San Antonio Spurs,Oklahoma City Thunder,San Antonio Spurs,Julian Champagnie,PRA,15.5,Debajo,1.70,dom_alt,
Oklahoma City Thunder - San Antonio Spurs,Winner Of Wc Sf1 Winner Of Wc Sf2,2026-05-26,2026-05-19 00:30,San Antonio Spurs,Oklahoma City Thunder,San Antonio Spurs,Julian Champagnie,PRA,12.5,Sobre,1.44,dom_alt,
Oklahoma City Thunder - San Antonio Spurs,Winner Of Wc Sf1 Winner Of Wc Sf2,2026-05-26,2026-05-19 00:30,San Antonio Spurs,Oklahoma City Thunder,San Antonio Spurs,Julian Champagnie,PRA,12.5,Debajo,2.32,dom_alt,
Oklahoma City Thunder - San Antonio Spurs,Winner Of Wc Sf1 Winner Of Wc Sf2,2026-05-26,2026-05-19 00:30,San Antonio Spurs,Oklahoma City Thunder,San Antonio Spurs,Julian Champagnie,PRA,16.5,Sobre,2.07,dom_alt,
Oklahoma City Thunder - San Antonio Spurs,Winner Of Wc Sf1 Winner Of Wc Sf2,2026-05-26,2026-05-19 00:30,San Antonio Spurs,Oklahoma City Thunder,San Antonio Spurs,Julian Champagnie,PRA,16.5,Debajo,1.56,dom_alt,
Oklahoma City Thunder - San Antonio Spurs,Winner Of Wc Sf1 Winner Of Wc Sf2,2026-05-26,2026-05-19 00:30,San Antonio Spurs,Oklahoma City Thunder,San Antonio Spurs,Julian Champagnie,PRA,11.5,Sobre,1.33,dom_alt,
Oklahoma City Thunder - San Antonio Spurs,Winner Of Wc Sf1 Winner Of Wc Sf2,2026-05-26,2026-05-19 00:30,San Antonio Spurs,Oklahoma City Thunder,San Antonio Spurs,Julian Champagnie,PRA,11.5,Debajo,2.68,dom_alt,
Oklahoma City Thunder - San Antonio Spurs,Winner Of Wc Sf1 Winner Of Wc Sf2,2026-05-26,2026-05-19 00:30,San Antonio Spurs,Oklahoma City Thunder,San Antonio Spurs,Julian Champagnie,PRA,17.5,Sobre,2.25,dom_alt,
Oklahoma City Thunder - San Antonio Spurs,Winner Of Wc Sf1 Winner Of Wc Sf2,2026-05-26,2026-05-19 00:30,San Antonio Spurs,Oklahoma City Thunder,San Antonio Spurs,Julian Champagnie,PRA,17.5,Debajo,1.47,dom_alt,
Oklahoma City Thunder - San Antonio Spurs,Winner Of Wc Sf1 Winner Of Wc Sf2,2026-05-26,2026-05-19 00:30,San Antonio Spurs,Oklahoma City Thunder,San Antonio Spurs,Julian Champagnie,PRA,18.5,Sobre,2.56,dom_alt,
Oklahoma City Thunder - San Antonio Spurs,Winner Of Wc Sf1 Winner Of Wc Sf2,2026-05-26,2026-05-19 00:30,San Antonio Spurs,Oklahoma City Thunder,San Antonio Spurs,Julian Champagnie,PRA,18.5,Debajo,1.36,dom_alt,
Oklahoma City Thunder - San Antonio Spurs,Winner Of Wc Sf1 Winner Of Wc Sf2,2026-05-26,2026-05-19 00:30,San Antonio Spurs,Oklahoma City Thunder,San Antonio Spurs,Julian Champagnie,Asistencias+Rebotes,6.5,Sobre,1.96,dom,
Oklahoma City Thunder - San Antonio Spurs,Winner Of Wc Sf1 Winner Of Wc Sf2,2026-05-26,2026-05-19 00:30,San Antonio Spurs,Oklahoma City Thunder,San Antonio Spurs,Julian Champagnie,Asistencias+Rebotes,6.5,Debajo,1.72,dom,
Oklahoma City Thunder - San Antonio Spurs,Winner Of Wc Sf1 Winner Of Wc Sf2,2026-05-26,2026-05-19 00:30,San Antonio Spurs,Oklahoma City Thunder,San Antonio Spurs,Julian Champagnie,Robos+Tapones,1.5,Sobre,2.34,dom,
Oklahoma City Thunder - San Antonio Spurs,Winner Of Wc Sf1 Winner Of Wc Sf2,2026-05-26,2026-05-19 00:30,San Antonio Spurs,Oklahoma City Thunder,San Antonio Spurs,Julian Champagnie,Robos+Tapones,1.5,Debajo,1.51,dom,
Oklahoma City Thunder - San Antonio Spurs,Winner Of Wc Sf1 Winner Of Wc Sf2,2026-05-26,2026-05-19 00:30,San Antonio Spurs,Oklahoma City Thunder,San Antonio Spurs,Julian Champagnie,Asistencias,1.5,Sobre,2.02,dom,
Oklahoma City Thunder - San Antonio Spurs,Winner Of Wc Sf1 Winner Of Wc Sf2,2026-05-26,2026-05-19 00:30,San Antonio Spurs,Oklahoma City Thunder,San Antonio Spurs,Julian Champagnie,Asistencias,1.5,Debajo,1.68,dom,
Oklahoma City Thunder - San Antonio Spurs,Winner Of Wc Sf1 Winner Of Wc Sf2,2026-05-26,2026-05-19 00:30,San Antonio Spurs,Oklahoma City Thunder,San Antonio Spurs,Julian Champagnie,PuntosPrimerCuarto,2.5,Sobre,1.92,dom,
Oklahoma City Thunder - San Antonio Spurs,Winner Of Wc Sf1 Winner Of Wc Sf2,2026-05-26,2026-05-19 00:30,San Antonio Spurs,Oklahoma City Thunder,San Antonio Spurs,Julian Champagnie,PuntosPrimerCuarto,2.5,Debajo,1.76,dom,
Oklahoma City Thunder - San Antonio Spurs,Winner Of Wc Sf1 Winner Of Wc Sf2,2026-05-26,2026-05-19 00:30,San Antonio Spurs,Oklahoma City Thunder,San Antonio Spurs,Julian Champagnie,PuntosPrimerCuarto,0.5,Sobre,1.53,dom_alt,
Oklahoma City Thunder - San Antonio Spurs,Winner Of Wc Sf1 Winner Of Wc Sf2,2026-05-26,2026-05-19 00:30,San Antonio Spurs,Oklahoma City Thunder,San Antonio Spurs,Julian Champagnie,PuntosPrimerCuarto,0.5,Debajo,2.12,dom_alt,
Oklahoma City Thunder - San Antonio Spurs,Winner Of Wc Sf1 Winner Of Wc Sf2,2026-05-26,2026-05-19 00:30,San Antonio Spurs,Oklahoma City Thunder,San Antonio Spurs,Julian Champagnie,RebotesPrimerCuarto,1.5,Sobre,2.25,dom,
Oklahoma City Thunder - San Antonio Spurs,Winner Of Wc Sf1 Winner Of Wc Sf2,2026-05-26,2026-05-19 00:30,San Antonio Spurs,Oklahoma City Thunder,San Antonio Spurs,Julian Champagnie,RebotesPrimerCuarto,1.5,Debajo,1.55,dom,
Oklahoma City Thunder - San Antonio Spurs,Winner Of Wc Sf1 Winner Of Wc Sf2,2026-05-26,2026-05-19 00:30,San Antonio Spurs,Oklahoma City Thunder,San Antonio Spurs,Julian Champagnie,TirosLibres,0.5,Sobre,2.10,dom,
Oklahoma City Thunder - San Antonio Spurs,Winner Of Wc Sf1 Winner Of Wc Sf2,2026-05-26,2026-05-19 00:30,San Antonio Spurs,Oklahoma City Thunder,San Antonio Spurs,Julian Champagnie,TirosLibres,0.5,Debajo,1.63,dom,
Oklahoma City Thunder - San Antonio Spurs,Winner Of Wc Sf1 Winner Of Wc Sf2,2026-05-26,2026-05-19 00:30,San Antonio Spurs,Oklahoma City Thunder,San Antonio Spurs,Julian Champagnie,TirosLibresInt,0.5,Sobre,2.04,dom,
Oklahoma City Thunder - San Antonio Spurs,Winner Of Wc Sf1 Winner Of Wc Sf2,2026-05-26,2026-05-19 00:30,San Antonio Spurs,Oklahoma City Thunder,San Antonio Spurs,Julian Champagnie,TirosLibresInt,0.5,Debajo,1.67,dom,
Oklahoma City Thunder - San Antonio Spurs,Winner Of Wc Sf1 Winner Of Wc Sf2,2026-05-26,2026-05-19 00:30,San Antonio Spurs,Oklahoma City Thunder,San Antonio Spurs,Julian Champagnie,GolesCampo,2.5,Sobre,1.63,dom,
Oklahoma City Thunder - San Antonio Spurs,Winner Of Wc Sf1 Winner Of Wc Sf2,2026-05-26,2026-05-19 00:30,San Antonio Spurs,Oklahoma City Thunder,San Antonio Spurs,Julian Champagnie,GolesCampo,2.5,Debajo,2.09,dom,
Oklahoma City Thunder - San Antonio Spurs,Winner Of Wc Sf1 Winner Of Wc Sf2,2026-05-26,2026-05-19 00:30,San Antonio Spurs,Oklahoma City Thunder,San Antonio Spurs,Julian Champagnie,GolesCampoInt,7.5,Sobre,2.00,dom,
Oklahoma City Thunder - San Antonio Spurs,Winner Of Wc Sf1 Winner Of Wc Sf2,2026-05-26,2026-05-19 00:30,San Antonio Spurs,Oklahoma City Thunder,San Antonio Spurs,Julian Champagnie,GolesCampoInt,7.5,Debajo,1.69,dom,
Oklahoma City Thunder - San Antonio Spurs,Winner Of Wc Sf1 Winner Of Wc Sf2,2026-05-26,2026-05-19 00:30,San Antonio Spurs,Oklahoma City Thunder,San Antonio Spurs,Julian Champagnie,TriplesInt,5.5,Sobre,2.04,dom,
Oklahoma City Thunder - San Antonio Spurs,Winner Of Wc Sf1 Winner Of Wc Sf2,2026-05-26,2026-05-19 00:30,San Antonio Spurs,Oklahoma City Thunder,San Antonio Spurs,Julian Champagnie,TriplesInt,5.5,Debajo,1.67,dom,
Oklahoma City Thunder - San Antonio Spurs,Winner Of Wc Sf1 Winner Of Wc Sf2,2026-05-26,2026-05-19 00:30,San Antonio Spurs,Oklahoma City Thunder,San Antonio Spurs,De'Aaron Fox,Puntos,16.5,Sobre,1.93,dom,
Oklahoma City Thunder - San Antonio Spurs,Winner Of Wc Sf1 Winner Of Wc Sf2,2026-05-26,2026-05-19 00:30,San Antonio Spurs,Oklahoma City Thunder,San Antonio Spurs,De'Aaron Fox,Puntos,16.5,Debajo,1.75,dom,
Oklahoma City Thunder - San Antonio Spurs,Winner Of Wc Sf1 Winner Of Wc Sf2,2026-05-26,2026-05-19 00:30,San Antonio Spurs,Oklahoma City Thunder,San Antonio Spurs,De'Aaron Fox,Puntos,17.5,Sobre,2.07,dom_alt,
Oklahoma City Thunder - San Antonio Spurs,Winner Of Wc Sf1 Winner Of Wc Sf2,2026-05-26,2026-05-19 00:30,San Antonio Spurs,Oklahoma City Thunder,San Antonio Spurs,De'Aaron Fox,Puntos,17.5,Debajo,1.56,dom_alt,
Oklahoma City Thunder - San Antonio Spurs,Winner Of Wc Sf1 Winner Of Wc Sf2,2026-05-26,2026-05-19 00:30,San Antonio Spurs,Oklahoma City Thunder,San Antonio Spurs,De'Aaron Fox,Puntos,14.5,Sobre,1.54,dom_alt,
Oklahoma City Thunder - San Antonio Spurs,Winner Of Wc Sf1 Winner Of Wc Sf2,2026-05-26,2026-05-19 00:30,San Antonio Spurs,Oklahoma City Thunder,San Antonio Spurs,De'Aaron Fox,Puntos,14.5,Debajo,2.11,dom_alt,
Oklahoma City Thunder - San Antonio Spurs,Winner Of Wc Sf1 Winner Of Wc Sf2,2026-05-26,2026-05-19 00:30,San Antonio Spurs,Oklahoma City Thunder,San Antonio Spurs,De'Aaron Fox,Puntos,18.5,Sobre,2.25,dom_alt,
Oklahoma City Thunder - San Antonio Spurs,Winner Of Wc Sf1 Winner Of Wc Sf2,2026-05-26,2026-05-19 00:30,San Antonio Spurs,Oklahoma City Thunder,San Antonio Spurs,De'Aaron Fox,Puntos,18.5,Debajo,1.47,dom_alt,
Oklahoma City Thunder - San Antonio Spurs,Winner Of Wc Sf1 Winner Of Wc Sf2,2026-05-26,2026-05-19 00:30,San Antonio Spurs,Oklahoma City Thunder,San Antonio Spurs,De'Aaron Fox,Puntos,13.5,Sobre,1.44,dom_alt,
Oklahoma City Thunder - San Antonio Spurs,Winner Of Wc Sf1 Winner Of Wc Sf2,2026-05-26,2026-05-19 00:30,San Antonio Spurs,Oklahoma City Thunder,San Antonio Spurs,De'Aaron Fox,Puntos,13.5,Debajo,2.32,dom_alt,
Oklahoma City Thunder - San Antonio Spurs,Winner Of Wc Sf1 Winner Of Wc Sf2,2026-05-26,2026-05-19 00:30,San Antonio Spurs,Oklahoma City Thunder,San Antonio Spurs,De'Aaron Fox,Puntos,19.5,Sobre,2.55,dom_alt,
Oklahoma City Thunder - San Antonio Spurs,Winner Of Wc Sf1 Winner Of Wc Sf2,2026-05-26,2026-05-19 00:30,San Antonio Spurs,Oklahoma City Thunder,San Antonio Spurs,De'Aaron Fox,Puntos,19.5,Debajo,1.36,dom_alt,
Oklahoma City Thunder - San Antonio Spurs,Winner Of Wc Sf1 Winner Of Wc Sf2,2026-05-26,2026-05-19 00:30,San Antonio Spurs,Oklahoma City Thunder,San Antonio Spurs,De'Aaron Fox,Puntos,12.5,Sobre,1.33,dom_alt,
Oklahoma City Thunder - San Antonio Spurs,Winner Of Wc Sf1 Winner Of Wc Sf2,2026-05-26,2026-05-19 00:30,San Antonio Spurs,Oklahoma City Thunder,San Antonio Spurs,De'Aaron Fox,Puntos,12.5,Debajo,2.69,dom_alt,
Oklahoma City Thunder - San Antonio Spurs,Winner Of Wc Sf1 Winner Of Wc Sf2,2026-05-26,2026-05-19 00:30,San Antonio Spurs,Oklahoma City Thunder,San Antonio Spurs,De'Aaron Fox,Puntos,20.5,Sobre,2.90,dom_alt,
Oklahoma City Thunder - San Antonio Spurs,Winner Of Wc Sf1 Winner Of Wc Sf2,2026-05-26,2026-05-19 00:30,San Antonio Spurs,Oklahoma City Thunder,San Antonio Spurs,De'Aaron Fox,Puntos,20.5,Debajo,1.28,dom_alt,
Oklahoma City Thunder - San Antonio Spurs,Winner Of Wc Sf1 Winner Of Wc Sf2,2026-05-26,2026-05-19 00:30,San Antonio Spurs,Oklahoma City Thunder,San Antonio Spurs,De'Aaron Fox,Rebotes,3.5,Sobre,2.10,dom,
Oklahoma City Thunder - San Antonio Spurs,Winner Of Wc Sf1 Winner Of Wc Sf2,2026-05-26,2026-05-19 00:30,San Antonio Spurs,Oklahoma City Thunder,San Antonio Spurs,De'Aaron Fox,Rebotes,3.5,Debajo,1.63,dom,
Oklahoma City Thunder - San Antonio Spurs,Winner Of Wc Sf1 Winner Of Wc Sf2,2026-05-26,2026-05-19 00:30,San Antonio Spurs,Oklahoma City Thunder,San Antonio Spurs,De'Aaron Fox,Triples,1.5,Sobre,1.97,dom,
Oklahoma City Thunder - San Antonio Spurs,Winner Of Wc Sf1 Winner Of Wc Sf2,2026-05-26,2026-05-19 00:30,San Antonio Spurs,Oklahoma City Thunder,San Antonio Spurs,De'Aaron Fox,Triples,1.5,Debajo,1.72,dom,
Oklahoma City Thunder - San Antonio Spurs,Winner Of Wc Sf1 Winner Of Wc Sf2,2026-05-26,2026-05-19 00:30,San Antonio Spurs,Oklahoma City Thunder,San Antonio Spurs,De'Aaron Fox,Pérdidas,2.5,Sobre,2.03,dom,
Oklahoma City Thunder - San Antonio Spurs,Winner Of Wc Sf1 Winner Of Wc Sf2,2026-05-26,2026-05-19 00:30,San Antonio Spurs,Oklahoma City Thunder,San Antonio Spurs,De'Aaron Fox,Pérdidas,2.5,Debajo,1.67,dom,
Oklahoma City Thunder - San Antonio Spurs,Winner Of Wc Sf1 Winner Of Wc Sf2,2026-05-26,2026-05-19 00:30,San Antonio Spurs,Oklahoma City Thunder,San Antonio Spurs,De'Aaron Fox,Puntos+Rebotes,19.5,Sobre,1.83,dom,
Oklahoma City Thunder - San Antonio Spurs,Winner Of Wc Sf1 Winner Of Wc Sf2,2026-05-26,2026-05-19 00:30,San Antonio Spurs,Oklahoma City Thunder,San Antonio Spurs,De'Aaron Fox,Puntos+Rebotes,19.5,Debajo,1.84,dom,
Oklahoma City Thunder - San Antonio Spurs,Winner Of Wc Sf1 Winner Of Wc Sf2,2026-05-26,2026-05-19 00:30,San Antonio Spurs,Oklahoma City Thunder,San Antonio Spurs,De'Aaron Fox,Puntos+Rebotes,20.5,Sobre,1.95,dom_alt,
Oklahoma City Thunder - San Antonio Spurs,Winner Of Wc Sf1 Winner Of Wc Sf2,2026-05-26,2026-05-19 00:30,San Antonio Spurs,Oklahoma City Thunder,San Antonio Spurs,De'Aaron Fox,Puntos+Rebotes,20.5,Debajo,1.63,dom_alt,
Oklahoma City Thunder - San Antonio Spurs,Winner Of Wc Sf1 Winner Of Wc Sf2,2026-05-26,2026-05-19 00:30,San Antonio Spurs,Oklahoma City Thunder,San Antonio Spurs,De'Aaron Fox,Puntos+Rebotes,17.5,Sobre,1.54,dom_alt,
Oklahoma City Thunder - San Antonio Spurs,Winner Of Wc Sf1 Winner Of Wc Sf2,2026-05-26,2026-05-19 00:30,San Antonio Spurs,Oklahoma City Thunder,San Antonio Spurs,De'Aaron Fox,Puntos+Rebotes,17.5,Debajo,2.11,dom_alt,
Oklahoma City Thunder - San Antonio Spurs,Winner Of Wc Sf1 Winner Of Wc Sf2,2026-05-26,2026-05-19 00:30,San Antonio Spurs,Oklahoma City Thunder,San Antonio Spurs,De'Aaron Fox,Puntos+Rebotes,21.5,Sobre,2.09,dom_alt,
Oklahoma City Thunder - San Antonio Spurs,Winner Of Wc Sf1 Winner Of Wc Sf2,2026-05-26,2026-05-19 00:30,San Antonio Spurs,Oklahoma City Thunder,San Antonio Spurs,De'Aaron Fox,Puntos+Rebotes,21.5,Debajo,1.55,dom_alt,
Oklahoma City Thunder - San Antonio Spurs,Winner Of Wc Sf1 Winner Of Wc Sf2,2026-05-26,2026-05-19 00:30,San Antonio Spurs,Oklahoma City Thunder,San Antonio Spurs,De'Aaron Fox,Puntos+Asistencias,21.5,Sobre,1.80,dom,
Oklahoma City Thunder - San Antonio Spurs,Winner Of Wc Sf1 Winner Of Wc Sf2,2026-05-26,2026-05-19 00:30,San Antonio Spurs,Oklahoma City Thunder,San Antonio Spurs,De'Aaron Fox,Puntos+Asistencias,21.5,Debajo,1.87,dom,
Oklahoma City Thunder - San Antonio Spurs,Winner Of Wc Sf1 Winner Of Wc Sf2,2026-05-26,2026-05-19 00:30,San Antonio Spurs,Oklahoma City Thunder,San Antonio Spurs,De'Aaron Fox,Puntos+Asistencias,22.5,Sobre,1.91,dom_alt,
Oklahoma City Thunder - San Antonio Spurs,Winner Of Wc Sf1 Winner Of Wc Sf2,2026-05-26,2026-05-19 00:30,San Antonio Spurs,Oklahoma City Thunder,San Antonio Spurs,De'Aaron Fox,Puntos+Asistencias,22.5,Debajo,1.66,dom_alt,
Oklahoma City Thunder - San Antonio Spurs,Winner Of Wc Sf1 Winner Of Wc Sf2,2026-05-26,2026-05-19 00:30,San Antonio Spurs,Oklahoma City Thunder,San Antonio Spurs,De'Aaron Fox,Puntos+Asistencias,19.5,Sobre,1.52,dom_alt,
Oklahoma City Thunder - San Antonio Spurs,Winner Of Wc Sf1 Winner Of Wc Sf2,2026-05-26,2026-05-19 00:30,San Antonio Spurs,Oklahoma City Thunder,San Antonio Spurs,De'Aaron Fox,Puntos+Asistencias,19.5,Debajo,2.14,dom_alt,
Oklahoma City Thunder - San Antonio Spurs,Winner Of Wc Sf1 Winner Of Wc Sf2,2026-05-26,2026-05-19 00:30,San Antonio Spurs,Oklahoma City Thunder,San Antonio Spurs,De'Aaron Fox,Puntos+Asistencias,23.5,Sobre,2.05,dom_alt,
Oklahoma City Thunder - San Antonio Spurs,Winner Of Wc Sf1 Winner Of Wc Sf2,2026-05-26,2026-05-19 00:30,San Antonio Spurs,Oklahoma City Thunder,San Antonio Spurs,De'Aaron Fox,Puntos+Asistencias,23.5,Debajo,1.57,dom_alt,
Oklahoma City Thunder - San Antonio Spurs,Winner Of Wc Sf1 Winner Of Wc Sf2,2026-05-26,2026-05-19 00:30,San Antonio Spurs,Oklahoma City Thunder,San Antonio Spurs,De'Aaron Fox,PRA,25.5,Sobre,1.91,dom,
Oklahoma City Thunder - San Antonio Spurs,Winner Of Wc Sf1 Winner Of Wc Sf2,2026-05-26,2026-05-19 00:30,San Antonio Spurs,Oklahoma City Thunder,San Antonio Spurs,De'Aaron Fox,PRA,25.5,Debajo,1.77,dom,
Oklahoma City Thunder - San Antonio Spurs,Winner Of Wc Sf1 Winner Of Wc Sf2,2026-05-26,2026-05-19 00:30,San Antonio Spurs,Oklahoma City Thunder,San Antonio Spurs,De'Aaron Fox,PRA,26.5,Sobre,2.01,dom_alt,
Oklahoma City Thunder - San Antonio Spurs,Winner Of Wc Sf1 Winner Of Wc Sf2,2026-05-26,2026-05-19 00:30,San Antonio Spurs,Oklahoma City Thunder,San Antonio Spurs,De'Aaron Fox,PRA,26.5,Debajo,1.59,dom_alt,
Oklahoma City Thunder - San Antonio Spurs,Winner Of Wc Sf1 Winner Of Wc Sf2,2026-05-26,2026-05-19 00:30,San Antonio Spurs,Oklahoma City Thunder,San Antonio Spurs,De'Aaron Fox,PRA,23.5,Sobre,1.56,dom_alt,
Oklahoma City Thunder - San Antonio Spurs,Winner Of Wc Sf1 Winner Of Wc Sf2,2026-05-26,2026-05-19 00:30,San Antonio Spurs,Oklahoma City Thunder,San Antonio Spurs,De'Aaron Fox,PRA,23.5,Debajo,2.06,dom_alt,
Oklahoma City Thunder - San Antonio Spurs,Winner Of Wc Sf1 Winner Of Wc Sf2,2026-05-26,2026-05-19 00:30,San Antonio Spurs,Oklahoma City Thunder,San Antonio Spurs,De'Aaron Fox,PRA,27.5,Sobre,2.15,dom_alt,
Oklahoma City Thunder - San Antonio Spurs,Winner Of Wc Sf1 Winner Of Wc Sf2,2026-05-26,2026-05-19 00:30,San Antonio Spurs,Oklahoma City Thunder,San Antonio Spurs,De'Aaron Fox,PRA,27.5,Debajo,1.52,dom_alt,
Oklahoma City Thunder - San Antonio Spurs,Winner Of Wc Sf1 Winner Of Wc Sf2,2026-05-26,2026-05-19 00:30,San Antonio Spurs,Oklahoma City Thunder,San Antonio Spurs,De'Aaron Fox,PRA,22.5,Sobre,1.49,dom_alt,
Oklahoma City Thunder - San Antonio Spurs,Winner Of Wc Sf1 Winner Of Wc Sf2,2026-05-26,2026-05-19 00:30,San Antonio Spurs,Oklahoma City Thunder,San Antonio Spurs,De'Aaron Fox,PRA,22.5,Debajo,2.20,dom_alt,
Oklahoma City Thunder - San Antonio Spurs,Winner Of Wc Sf1 Winner Of Wc Sf2,2026-05-26,2026-05-19 00:30,San Antonio Spurs,Oklahoma City Thunder,San Antonio Spurs,De'Aaron Fox,PRA,28.5,Sobre,2.40,dom_alt,
Oklahoma City Thunder - San Antonio Spurs,Winner Of Wc Sf1 Winner Of Wc Sf2,2026-05-26,2026-05-19 00:30,San Antonio Spurs,Oklahoma City Thunder,San Antonio Spurs,De'Aaron Fox,PRA,28.5,Debajo,1.41,dom_alt,
Oklahoma City Thunder - San Antonio Spurs,Winner Of Wc Sf1 Winner Of Wc Sf2,2026-05-26,2026-05-19 00:30,San Antonio Spurs,Oklahoma City Thunder,San Antonio Spurs,De'Aaron Fox,PRA,21.5,Sobre,1.39,dom_alt,
Oklahoma City Thunder - San Antonio Spurs,Winner Of Wc Sf1 Winner Of Wc Sf2,2026-05-26,2026-05-19 00:30,San Antonio Spurs,Oklahoma City Thunder,San Antonio Spurs,De'Aaron Fox,PRA,21.5,Debajo,2.48,dom_alt,
Oklahoma City Thunder - San Antonio Spurs,Winner Of Wc Sf1 Winner Of Wc Sf2,2026-05-26,2026-05-19 00:30,San Antonio Spurs,Oklahoma City Thunder,San Antonio Spurs,De'Aaron Fox,PRA,29.5,Sobre,2.72,dom_alt,
Oklahoma City Thunder - San Antonio Spurs,Winner Of Wc Sf1 Winner Of Wc Sf2,2026-05-26,2026-05-19 00:30,San Antonio Spurs,Oklahoma City Thunder,San Antonio Spurs,De'Aaron Fox,PRA,29.5,Debajo,1.32,dom_alt,
Oklahoma City Thunder - San Antonio Spurs,Winner Of Wc Sf1 Winner Of Wc Sf2,2026-05-26,2026-05-19 00:30,San Antonio Spurs,Oklahoma City Thunder,San Antonio Spurs,De'Aaron Fox,PRA,20.5,Sobre,1.30,dom_alt,
Oklahoma City Thunder - San Antonio Spurs,Winner Of Wc Sf1 Winner Of Wc Sf2,2026-05-26,2026-05-19 00:30,San Antonio Spurs,Oklahoma City Thunder,San Antonio Spurs,De'Aaron Fox,PRA,20.5,Debajo,2.81,dom_alt,
Oklahoma City Thunder - San Antonio Spurs,Winner Of Wc Sf1 Winner Of Wc Sf2,2026-05-26,2026-05-19 00:30,San Antonio Spurs,Oklahoma City Thunder,San Antonio Spurs,De'Aaron Fox,Asistencias+Rebotes,8.5,Sobre,1.74,dom,
Oklahoma City Thunder - San Antonio Spurs,Winner Of Wc Sf1 Winner Of Wc Sf2,2026-05-26,2026-05-19 00:30,San Antonio Spurs,Oklahoma City Thunder,San Antonio Spurs,De'Aaron Fox,Asistencias+Rebotes,8.5,Debajo,1.94,dom,
Oklahoma City Thunder - San Antonio Spurs,Winner Of Wc Sf1 Winner Of Wc Sf2,2026-05-26,2026-05-19 00:30,San Antonio Spurs,Oklahoma City Thunder,San Antonio Spurs,De'Aaron Fox,Robos+Tapones,1.5,Sobre,2.11,dom,
Oklahoma City Thunder - San Antonio Spurs,Winner Of Wc Sf1 Winner Of Wc Sf2,2026-05-26,2026-05-19 00:30,San Antonio Spurs,Oklahoma City Thunder,San Antonio Spurs,De'Aaron Fox,Robos+Tapones,1.5,Debajo,1.62,dom,
Oklahoma City Thunder - San Antonio Spurs,Winner Of Wc Sf1 Winner Of Wc Sf2,2026-05-26,2026-05-19 00:30,San Antonio Spurs,Oklahoma City Thunder,San Antonio Spurs,De'Aaron Fox,DobleDoble,0.5,Sobre,9.84,dom,
Oklahoma City Thunder - San Antonio Spurs,Winner Of Wc Sf1 Winner Of Wc Sf2,2026-05-26,2026-05-19 00:30,San Antonio Spurs,Oklahoma City Thunder,San Antonio Spurs,De'Aaron Fox,DobleDoble,0.5,Debajo,1.01,dom,
Oklahoma City Thunder - San Antonio Spurs,Winner Of Wc Sf1 Winner Of Wc Sf2,2026-05-26,2026-05-19 00:30,San Antonio Spurs,Oklahoma City Thunder,San Antonio Spurs,De'Aaron Fox,Asistencias,5.5,Sobre,1.90,dom,
Oklahoma City Thunder - San Antonio Spurs,Winner Of Wc Sf1 Winner Of Wc Sf2,2026-05-26,2026-05-19 00:30,San Antonio Spurs,Oklahoma City Thunder,San Antonio Spurs,De'Aaron Fox,Asistencias,5.5,Debajo,1.78,dom,
Oklahoma City Thunder - San Antonio Spurs,Winner Of Wc Sf1 Winner Of Wc Sf2,2026-05-26,2026-05-19 00:30,San Antonio Spurs,Oklahoma City Thunder,San Antonio Spurs,De'Aaron Fox,Asistencias,6.5,Sobre,2.41,dom_alt,
Oklahoma City Thunder - San Antonio Spurs,Winner Of Wc Sf1 Winner Of Wc Sf2,2026-05-26,2026-05-19 00:30,San Antonio Spurs,Oklahoma City Thunder,San Antonio Spurs,De'Aaron Fox,Asistencias,6.5,Debajo,1.41,dom_alt,
Oklahoma City Thunder - San Antonio Spurs,Winner Of Wc Sf1 Winner Of Wc Sf2,2026-05-26,2026-05-19 00:30,San Antonio Spurs,Oklahoma City Thunder,San Antonio Spurs,De'Aaron Fox,PuntosPrimerCuarto,3.5,Sobre,1.71,dom,
Oklahoma City Thunder - San Antonio Spurs,Winner Of Wc Sf1 Winner Of Wc Sf2,2026-05-26,2026-05-19 00:30,San Antonio Spurs,Oklahoma City Thunder,San Antonio Spurs,De'Aaron Fox,PuntosPrimerCuarto,3.5,Debajo,1.98,dom,
Oklahoma City Thunder - San Antonio Spurs,Winner Of Wc Sf1 Winner Of Wc Sf2,2026-05-26,2026-05-19 00:30,San Antonio Spurs,Oklahoma City Thunder,San Antonio Spurs,De'Aaron Fox,AsistenciasPrimerCuarto,1.5,Sobre,2.09,dom,
Oklahoma City Thunder - San Antonio Spurs,Winner Of Wc Sf1 Winner Of Wc Sf2,2026-05-26,2026-05-19 00:30,San Antonio Spurs,Oklahoma City Thunder,San Antonio Spurs,De'Aaron Fox,AsistenciasPrimerCuarto,1.5,Debajo,1.64,dom,
Oklahoma City Thunder - San Antonio Spurs,Winner Of Wc Sf1 Winner Of Wc Sf2,2026-05-26,2026-05-19 00:30,San Antonio Spurs,Oklahoma City Thunder,San Antonio Spurs,De'Aaron Fox,RebotesPrimerCuarto,0.5,Sobre,1.59,dom,
Oklahoma City Thunder - San Antonio Spurs,Winner Of Wc Sf1 Winner Of Wc Sf2,2026-05-26,2026-05-19 00:30,San Antonio Spurs,Oklahoma City Thunder,San Antonio Spurs,De'Aaron Fox,RebotesPrimerCuarto,0.5,Debajo,2.17,dom,
Oklahoma City Thunder - San Antonio Spurs,Winner Of Wc Sf1 Winner Of Wc Sf2,2026-05-26,2026-05-19 00:30,San Antonio Spurs,Oklahoma City Thunder,San Antonio Spurs,De'Aaron Fox,TirosLibres,2.5,Sobre,1.95,dom,
Oklahoma City Thunder - San Antonio Spurs,Winner Of Wc Sf1 Winner Of Wc Sf2,2026-05-26,2026-05-19 00:30,San Antonio Spurs,Oklahoma City Thunder,San Antonio Spurs,De'Aaron Fox,TirosLibres,2.5,Debajo,1.73,dom,
Oklahoma City Thunder - San Antonio Spurs,Winner Of Wc Sf1 Winner Of Wc Sf2,2026-05-26,2026-05-19 00:30,San Antonio Spurs,Oklahoma City Thunder,San Antonio Spurs,De'Aaron Fox,TirosLibresInt,3.5,Sobre,1.79,dom,
Oklahoma City Thunder - San Antonio Spurs,Winner Of Wc Sf1 Winner Of Wc Sf2,2026-05-26,2026-05-19 00:30,San Antonio Spurs,Oklahoma City Thunder,San Antonio Spurs,De'Aaron Fox,TirosLibresInt,3.5,Debajo,1.88,dom,
Oklahoma City Thunder - San Antonio Spurs,Winner Of Wc Sf1 Winner Of Wc Sf2,2026-05-26,2026-05-19 00:30,San Antonio Spurs,Oklahoma City Thunder,San Antonio Spurs,De'Aaron Fox,GolesCampo,5.5,Sobre,1.64,dom,
Oklahoma City Thunder - San Antonio Spurs,Winner Of Wc Sf1 Winner Of Wc Sf2,2026-05-26,2026-05-19 00:30,San Antonio Spurs,Oklahoma City Thunder,San Antonio Spurs,De'Aaron Fox,GolesCampo,5.5,Debajo,2.09,dom,
Oklahoma City Thunder - San Antonio Spurs,Winner Of Wc Sf1 Winner Of Wc Sf2,2026-05-26,2026-05-19 00:30,San Antonio Spurs,Oklahoma City Thunder,San Antonio Spurs,De'Aaron Fox,GolesCampoInt,14.5,Sobre,1.90,dom,
Oklahoma City Thunder - San Antonio Spurs,Winner Of Wc Sf1 Winner Of Wc Sf2,2026-05-26,2026-05-19 00:30,San Antonio Spurs,Oklahoma City Thunder,San Antonio Spurs,De'Aaron Fox,GolesCampoInt,14.5,Debajo,1.77,dom,
Oklahoma City Thunder - San Antonio Spurs,Winner Of Wc Sf1 Winner Of Wc Sf2,2026-05-26,2026-05-19 00:30,San Antonio Spurs,Oklahoma City Thunder,San Antonio Spurs,De'Aaron Fox,TriplesInt,4.5,Sobre,1.74,dom,
Oklahoma City Thunder - San Antonio Spurs,Winner Of Wc Sf1 Winner Of Wc Sf2,2026-05-26,2026-05-19 00:30,San Antonio Spurs,Oklahoma City Thunder,San Antonio Spurs,De'Aaron Fox,TriplesInt,4.5,Debajo,1.94,dom,
Oklahoma City Thunder - San Antonio Spurs,Winner Of Wc Sf1 Winner Of Wc Sf2,2026-05-26,2026-05-19 00:30,San Antonio Spurs,Oklahoma City Thunder,San Antonio Spurs,De'Aaron Fox,Faltas,2.5,Sobre,1.63,dom,
Oklahoma City Thunder - San Antonio Spurs,Winner Of Wc Sf1 Winner Of Wc Sf2,2026-05-26,2026-05-19 00:30,San Antonio Spurs,Oklahoma City Thunder,San Antonio Spurs,De'Aaron Fox,Faltas,2.5,Debajo,2.10,dom,
Oklahoma City Thunder - San Antonio Spurs,Winner Of Wc Sf1 Winner Of Wc Sf2,2026-05-26,2026-05-19 00:30,San Antonio Spurs,Oklahoma City Thunder,San Antonio Spurs,Dylan Harper,Puntos,10.5,Sobre,1.83,dom,
Oklahoma City Thunder - San Antonio Spurs,Winner Of Wc Sf1 Winner Of Wc Sf2,2026-05-26,2026-05-19 00:30,San Antonio Spurs,Oklahoma City Thunder,San Antonio Spurs,Dylan Harper,Puntos,10.5,Debajo,1.84,dom,
Oklahoma City Thunder - San Antonio Spurs,Winner Of Wc Sf1 Winner Of Wc Sf2,2026-05-26,2026-05-19 00:30,San Antonio Spurs,Oklahoma City Thunder,San Antonio Spurs,Dylan Harper,Puntos,11.5,Sobre,2.04,dom_alt,
Oklahoma City Thunder - San Antonio Spurs,Winner Of Wc Sf1 Winner Of Wc Sf2,2026-05-26,2026-05-19 00:30,San Antonio Spurs,Oklahoma City Thunder,San Antonio Spurs,Dylan Harper,Puntos,11.5,Debajo,1.57,dom_alt,
Oklahoma City Thunder - San Antonio Spurs,Winner Of Wc Sf1 Winner Of Wc Sf2,2026-05-26,2026-05-19 00:30,San Antonio Spurs,Oklahoma City Thunder,San Antonio Spurs,Dylan Harper,Puntos,8.5,Sobre,1.45,dom_alt,
Oklahoma City Thunder - San Antonio Spurs,Winner Of Wc Sf1 Winner Of Wc Sf2,2026-05-26,2026-05-19 00:30,San Antonio Spurs,Oklahoma City Thunder,San Antonio Spurs,Dylan Harper,Puntos,8.5,Debajo,2.29,dom_alt,
Oklahoma City Thunder - San Antonio Spurs,Winner Of Wc Sf1 Winner Of Wc Sf2,2026-05-26,2026-05-19 00:30,San Antonio Spurs,Oklahoma City Thunder,San Antonio Spurs,Dylan Harper,Puntos,12.5,Sobre,2.29,dom_alt,
Oklahoma City Thunder - San Antonio Spurs,Winner Of Wc Sf1 Winner Of Wc Sf2,2026-05-26,2026-05-19 00:30,San Antonio Spurs,Oklahoma City Thunder,San Antonio Spurs,Dylan Harper,Puntos,12.5,Debajo,1.45,dom_alt,
Oklahoma City Thunder - San Antonio Spurs,Winner Of Wc Sf1 Winner Of Wc Sf2,2026-05-26,2026-05-19 00:30,San Antonio Spurs,Oklahoma City Thunder,San Antonio Spurs,Dylan Harper,Puntos,7.5,Sobre,1.31,dom_alt,
Oklahoma City Thunder - San Antonio Spurs,Winner Of Wc Sf1 Winner Of Wc Sf2,2026-05-26,2026-05-19 00:30,San Antonio Spurs,Oklahoma City Thunder,San Antonio Spurs,Dylan Harper,Puntos,7.5,Debajo,2.78,dom_alt,
Oklahoma City Thunder - San Antonio Spurs,Winner Of Wc Sf1 Winner Of Wc Sf2,2026-05-26,2026-05-19 00:30,San Antonio Spurs,Oklahoma City Thunder,San Antonio Spurs,Dylan Harper,Puntos,13.5,Sobre,2.69,dom_alt,
Oklahoma City Thunder - San Antonio Spurs,Winner Of Wc Sf1 Winner Of Wc Sf2,2026-05-26,2026-05-19 00:30,San Antonio Spurs,Oklahoma City Thunder,San Antonio Spurs,Dylan Harper,Puntos,13.5,Debajo,1.33,dom_alt,
Oklahoma City Thunder - San Antonio Spurs,Winner Of Wc Sf1 Winner Of Wc Sf2,2026-05-26,2026-05-19 00:30,San Antonio Spurs,Oklahoma City Thunder,San Antonio Spurs,Dylan Harper,Rebotes,3.5,Sobre,1.63,dom,
Oklahoma City Thunder - San Antonio Spurs,Winner Of Wc Sf1 Winner Of Wc Sf2,2026-05-26,2026-05-19 00:30,San Antonio Spurs,Oklahoma City Thunder,San Antonio Spurs,Dylan Harper,Rebotes,3.5,Debajo,2.11,dom,
Oklahoma City Thunder - San Antonio Spurs,Winner Of Wc Sf1 Winner Of Wc Sf2,2026-05-26,2026-05-19 00:30,San Antonio Spurs,Oklahoma City Thunder,San Antonio Spurs,Dylan Harper,Triples,0.5,Sobre,1.52,dom,
Oklahoma City Thunder - San Antonio Spurs,Winner Of Wc Sf1 Winner Of Wc Sf2,2026-05-26,2026-05-19 00:30,San Antonio Spurs,Oklahoma City Thunder,San Antonio Spurs,Dylan Harper,Triples,0.5,Debajo,2.32,dom,
Oklahoma City Thunder - San Antonio Spurs,Winner Of Wc Sf1 Winner Of Wc Sf2,2026-05-26,2026-05-19 00:30,San Antonio Spurs,Oklahoma City Thunder,San Antonio Spurs,Dylan Harper,Robos,0.5,Sobre,1.71,dom,
Oklahoma City Thunder - San Antonio Spurs,Winner Of Wc Sf1 Winner Of Wc Sf2,2026-05-26,2026-05-19 00:30,San Antonio Spurs,Oklahoma City Thunder,San Antonio Spurs,Dylan Harper,Robos,0.5,Debajo,1.98,dom,
Oklahoma City Thunder - San Antonio Spurs,Winner Of Wc Sf1 Winner Of Wc Sf2,2026-05-26,2026-05-19 00:30,San Antonio Spurs,Oklahoma City Thunder,San Antonio Spurs,Dylan Harper,Pérdidas,1.5,Sobre,1.71,dom,
Oklahoma City Thunder - San Antonio Spurs,Winner Of Wc Sf1 Winner Of Wc Sf2,2026-05-26,2026-05-19 00:30,San Antonio Spurs,Oklahoma City Thunder,San Antonio Spurs,Dylan Harper,Pérdidas,1.5,Debajo,1.98,dom,
Oklahoma City Thunder - San Antonio Spurs,Winner Of Wc Sf1 Winner Of Wc Sf2,2026-05-26,2026-05-19 00:30,San Antonio Spurs,Oklahoma City Thunder,San Antonio Spurs,Dylan Harper,Puntos+Rebotes,14.5,Sobre,1.82,dom,
Oklahoma City Thunder - San Antonio Spurs,Winner Of Wc Sf1 Winner Of Wc Sf2,2026-05-26,2026-05-19 00:30,San Antonio Spurs,Oklahoma City Thunder,San Antonio Spurs,Dylan Harper,Puntos+Rebotes,14.5,Debajo,1.85,dom,
Oklahoma City Thunder - San Antonio Spurs,Winner Of Wc Sf1 Winner Of Wc Sf2,2026-05-26,2026-05-19 00:30,San Antonio Spurs,Oklahoma City Thunder,San Antonio Spurs,Dylan Harper,Puntos+Rebotes,15.5,Sobre,1.96,dom_alt,
Oklahoma City Thunder - San Antonio Spurs,Winner Of Wc Sf1 Winner Of Wc Sf2,2026-05-26,2026-05-19 00:30,San Antonio Spurs,Oklahoma City Thunder,San Antonio Spurs,Dylan Harper,Puntos+Rebotes,15.5,Debajo,1.62,dom_alt,
Oklahoma City Thunder - San Antonio Spurs,Winner Of Wc Sf1 Winner Of Wc Sf2,2026-05-26,2026-05-19 00:30,San Antonio Spurs,Oklahoma City Thunder,San Antonio Spurs,Dylan Harper,Puntos+Rebotes,16.5,Sobre,2.15,dom_alt,
Oklahoma City Thunder - San Antonio Spurs,Winner Of Wc Sf1 Winner Of Wc Sf2,2026-05-26,2026-05-19 00:30,San Antonio Spurs,Oklahoma City Thunder,San Antonio Spurs,Dylan Harper,Puntos+Rebotes,16.5,Debajo,1.52,dom_alt,
Oklahoma City Thunder - San Antonio Spurs,Winner Of Wc Sf1 Winner Of Wc Sf2,2026-05-26,2026-05-19 00:30,San Antonio Spurs,Oklahoma City Thunder,San Antonio Spurs,Dylan Harper,Puntos+Asistencias,13.5,Sobre,1.83,dom,
Oklahoma City Thunder - San Antonio Spurs,Winner Of Wc Sf1 Winner Of Wc Sf2,2026-05-26,2026-05-19 00:30,San Antonio Spurs,Oklahoma City Thunder,San Antonio Spurs,Dylan Harper,Puntos+Asistencias,13.5,Debajo,1.84,dom,
Oklahoma City Thunder - San Antonio Spurs,Winner Of Wc Sf1 Winner Of Wc Sf2,2026-05-26,2026-05-19 00:30,San Antonio Spurs,Oklahoma City Thunder,San Antonio Spurs,Dylan Harper,Puntos+Asistencias,14.5,Sobre,2.00,dom_alt,
Oklahoma City Thunder - San Antonio Spurs,Winner Of Wc Sf1 Winner Of Wc Sf2,2026-05-26,2026-05-19 00:30,San Antonio Spurs,Oklahoma City Thunder,San Antonio Spurs,Dylan Harper,Puntos+Asistencias,14.5,Debajo,1.60,dom_alt,
Oklahoma City Thunder - San Antonio Spurs,Winner Of Wc Sf1 Winner Of Wc Sf2,2026-05-26,2026-05-19 00:30,San Antonio Spurs,Oklahoma City Thunder,San Antonio Spurs,Dylan Harper,PRA,17.5,Sobre,1.79,dom,
Oklahoma City Thunder - San Antonio Spurs,Winner Of Wc Sf1 Winner Of Wc Sf2,2026-05-26,2026-05-19 00:30,San Antonio Spurs,Oklahoma City Thunder,San Antonio Spurs,Dylan Harper,PRA,17.5,Debajo,1.88,dom,
Oklahoma City Thunder - San Antonio Spurs,Winner Of Wc Sf1 Winner Of Wc Sf2,2026-05-26,2026-05-19 00:30,San Antonio Spurs,Oklahoma City Thunder,San Antonio Spurs,Dylan Harper,PRA,18.5,Sobre,1.94,dom_alt,
Oklahoma City Thunder - San Antonio Spurs,Winner Of Wc Sf1 Winner Of Wc Sf2,2026-05-26,2026-05-19 00:30,San Antonio Spurs,Oklahoma City Thunder,San Antonio Spurs,Dylan Harper,PRA,18.5,Debajo,1.64,dom_alt,
Oklahoma City Thunder - San Antonio Spurs,Winner Of Wc Sf1 Winner Of Wc Sf2,2026-05-26,2026-05-19 00:30,San Antonio Spurs,Oklahoma City Thunder,San Antonio Spurs,Dylan Harper,PRA,15.5,Sobre,1.51,dom_alt,
Oklahoma City Thunder - San Antonio Spurs,Winner Of Wc Sf1 Winner Of Wc Sf2,2026-05-26,2026-05-19 00:30,San Antonio Spurs,Oklahoma City Thunder,San Antonio Spurs,Dylan Harper,PRA,15.5,Debajo,2.16,dom_alt,
Oklahoma City Thunder - San Antonio Spurs,Winner Of Wc Sf1 Winner Of Wc Sf2,2026-05-26,2026-05-19 00:30,San Antonio Spurs,Oklahoma City Thunder,San Antonio Spurs,Dylan Harper,PRA,19.5,Sobre,2.11,dom_alt,
Oklahoma City Thunder - San Antonio Spurs,Winner Of Wc Sf1 Winner Of Wc Sf2,2026-05-26,2026-05-19 00:30,San Antonio Spurs,Oklahoma City Thunder,San Antonio Spurs,Dylan Harper,PRA,19.5,Debajo,1.53,dom_alt,
Oklahoma City Thunder - San Antonio Spurs,Winner Of Wc Sf1 Winner Of Wc Sf2,2026-05-26,2026-05-19 00:30,San Antonio Spurs,Oklahoma City Thunder,San Antonio Spurs,Dylan Harper,PRA,14.5,Sobre,1.39,dom_alt,
Oklahoma City Thunder - San Antonio Spurs,Winner Of Wc Sf1 Winner Of Wc Sf2,2026-05-26,2026-05-19 00:30,San Antonio Spurs,Oklahoma City Thunder,San Antonio Spurs,Dylan Harper,PRA,14.5,Debajo,2.46,dom_alt,
Oklahoma City Thunder - San Antonio Spurs,Winner Of Wc Sf1 Winner Of Wc Sf2,2026-05-26,2026-05-19 00:30,San Antonio Spurs,Oklahoma City Thunder,San Antonio Spurs,Dylan Harper,PRA,20.5,Sobre,2.39,dom_alt,
Oklahoma City Thunder - San Antonio Spurs,Winner Of Wc Sf1 Winner Of Wc Sf2,2026-05-26,2026-05-19 00:30,San Antonio Spurs,Oklahoma City Thunder,San Antonio Spurs,Dylan Harper,PRA,20.5,Debajo,1.41,dom_alt,
Oklahoma City Thunder - San Antonio Spurs,Winner Of Wc Sf1 Winner Of Wc Sf2,2026-05-26,2026-05-19 00:30,San Antonio Spurs,Oklahoma City Thunder,San Antonio Spurs,Dylan Harper,PRA,21.5,Sobre,2.72,dom_alt,
Oklahoma City Thunder - San Antonio Spurs,Winner Of Wc Sf1 Winner Of Wc Sf2,2026-05-26,2026-05-19 00:30,San Antonio Spurs,Oklahoma City Thunder,San Antonio Spurs,Dylan Harper,PRA,21.5,Debajo,1.32,dom_alt,
Oklahoma City Thunder - San Antonio Spurs,Winner Of Wc Sf1 Winner Of Wc Sf2,2026-05-26,2026-05-19 00:30,San Antonio Spurs,Oklahoma City Thunder,San Antonio Spurs,Dylan Harper,Asistencias+Rebotes,6.5,Sobre,1.69,dom,
Oklahoma City Thunder - San Antonio Spurs,Winner Of Wc Sf1 Winner Of Wc Sf2,2026-05-26,2026-05-19 00:30,San Antonio Spurs,Oklahoma City Thunder,San Antonio Spurs,Dylan Harper,Asistencias+Rebotes,6.5,Debajo,2.00,dom,
Oklahoma City Thunder - San Antonio Spurs,Winner Of Wc Sf1 Winner Of Wc Sf2,2026-05-26,2026-05-19 00:30,San Antonio Spurs,Oklahoma City Thunder,San Antonio Spurs,Dylan Harper,Asistencias,2.5,Sobre,1.64,dom,
Oklahoma City Thunder - San Antonio Spurs,Winner Of Wc Sf1 Winner Of Wc Sf2,2026-05-26,2026-05-19 00:30,San Antonio Spurs,Oklahoma City Thunder,San Antonio Spurs,Dylan Harper,Asistencias,2.5,Debajo,2.08,dom,
Oklahoma City Thunder - San Antonio Spurs,Winner Of Wc Sf1 Winner Of Wc Sf2,2026-05-26,2026-05-19 00:30,San Antonio Spurs,Oklahoma City Thunder,San Antonio Spurs,Dylan Harper,PuntosPrimerCuarto,2.5,Sobre,2.04,dom,
Oklahoma City Thunder - San Antonio Spurs,Winner Of Wc Sf1 Winner Of Wc Sf2,2026-05-26,2026-05-19 00:30,San Antonio Spurs,Oklahoma City Thunder,San Antonio Spurs,Dylan Harper,PuntosPrimerCuarto,2.5,Debajo,1.67,dom,
Oklahoma City Thunder - San Antonio Spurs,Winner Of Wc Sf1 Winner Of Wc Sf2,2026-05-26,2026-05-19 00:30,San Antonio Spurs,Oklahoma City Thunder,San Antonio Spurs,Dylan Harper,AsistenciasPrimerCuarto,0.5,Sobre,1.78,dom,
Oklahoma City Thunder - San Antonio Spurs,Winner Of Wc Sf1 Winner Of Wc Sf2,2026-05-26,2026-05-19 00:30,San Antonio Spurs,Oklahoma City Thunder,San Antonio Spurs,Dylan Harper,AsistenciasPrimerCuarto,0.5,Debajo,1.89,dom,
Oklahoma City Thunder - San Antonio Spurs,Winner Of Wc Sf1 Winner Of Wc Sf2,2026-05-26,2026-05-19 00:30,San Antonio Spurs,Oklahoma City Thunder,San Antonio Spurs,Dylan Harper,TirosLibres,1.5,Sobre,1.93,dom,
Oklahoma City Thunder - San Antonio Spurs,Winner Of Wc Sf1 Winner Of Wc Sf2,2026-05-26,2026-05-19 00:30,San Antonio Spurs,Oklahoma City Thunder,San Antonio Spurs,Dylan Harper,TirosLibres,1.5,Debajo,1.75,dom,
Oklahoma City Thunder - San Antonio Spurs,Winner Of Wc Sf1 Winner Of Wc Sf2,2026-05-26,2026-05-19 00:30,San Antonio Spurs,Oklahoma City Thunder,San Antonio Spurs,Dylan Harper,GolesCampoInt,8.5,Sobre,1.73,dom,
Oklahoma City Thunder - San Antonio Spurs,Winner Of Wc Sf1 Winner Of Wc Sf2,2026-05-26,2026-05-19 00:30,San Antonio Spurs,Oklahoma City Thunder,San Antonio Spurs,Dylan Harper,GolesCampoInt,8.5,Debajo,1.96,dom,
Oklahoma City Thunder - San Antonio Spurs,Winner Of Wc Sf1 Winner Of Wc Sf2,2026-05-26,2026-05-19 00:30,San Antonio Spurs,Oklahoma City Thunder,San Antonio Spurs,Dylan Harper,TriplesInt,2.5,Sobre,1.74,dom,
Oklahoma City Thunder - San Antonio Spurs,Winner Of Wc Sf1 Winner Of Wc Sf2,2026-05-26,2026-05-19 00:30,San Antonio Spurs,Oklahoma City Thunder,San Antonio Spurs,Dylan Harper,TriplesInt,2.5,Debajo,1.94,dom,
Oklahoma City Thunder - San Antonio Spurs,Winner Of Wc Sf1 Winner Of Wc Sf2,2026-05-26,2026-05-19 00:30,San Antonio Spurs,Oklahoma City Thunder,San Antonio Spurs,Dylan Harper,Faltas,2.5,Sobre,1.89,dom,
Oklahoma City Thunder - San Antonio Spurs,Winner Of Wc Sf1 Winner Of Wc Sf2,2026-05-26,2026-05-19 00:30,San Antonio Spurs,Oklahoma City Thunder,San Antonio Spurs,Dylan Harper,Faltas,2.5,Debajo,1.78,dom,
Oklahoma City Thunder - San Antonio Spurs,Winner Of Wc Sf1 Winner Of Wc Sf2,2026-05-26,2026-05-19 00:30,San Antonio Spurs,Oklahoma City Thunder,San Antonio Spurs,Keldon Johnson,Puntos,8.5,Sobre,1.95,dom,
Oklahoma City Thunder - San Antonio Spurs,Winner Of Wc Sf1 Winner Of Wc Sf2,2026-05-26,2026-05-19 00:30,San Antonio Spurs,Oklahoma City Thunder,San Antonio Spurs,Keldon Johnson,Puntos,8.5,Debajo,1.73,dom,
Oklahoma City Thunder - San Antonio Spurs,Winner Of Wc Sf1 Winner Of Wc Sf2,2026-05-26,2026-05-19 00:30,San Antonio Spurs,Oklahoma City Thunder,San Antonio Spurs,Keldon Johnson,Puntos,9.5,Sobre,2.09,dom_alt,
Oklahoma City Thunder - San Antonio Spurs,Winner Of Wc Sf1 Winner Of Wc Sf2,2026-05-26,2026-05-19 00:30,San Antonio Spurs,Oklahoma City Thunder,San Antonio Spurs,Keldon Johnson,Puntos,9.5,Debajo,1.55,dom_alt,
Oklahoma City Thunder - San Antonio Spurs,Winner Of Wc Sf1 Winner Of Wc Sf2,2026-05-26,2026-05-19 00:30,San Antonio Spurs,Oklahoma City Thunder,San Antonio Spurs,Keldon Johnson,Puntos,6.5,Sobre,1.51,dom_alt,
Oklahoma City Thunder - San Antonio Spurs,Winner Of Wc Sf1 Winner Of Wc Sf2,2026-05-26,2026-05-19 00:30,San Antonio Spurs,Oklahoma City Thunder,San Antonio Spurs,Keldon Johnson,Puntos,6.5,Debajo,2.16,dom_alt,
Oklahoma City Thunder - San Antonio Spurs,Winner Of Wc Sf1 Winner Of Wc Sf2,2026-05-26,2026-05-19 00:30,San Antonio Spurs,Oklahoma City Thunder,San Antonio Spurs,Keldon Johnson,Puntos,10.5,Sobre,2.45,dom_alt,
Oklahoma City Thunder - San Antonio Spurs,Winner Of Wc Sf1 Winner Of Wc Sf2,2026-05-26,2026-05-19 00:30,San Antonio Spurs,Oklahoma City Thunder,San Antonio Spurs,Keldon Johnson,Puntos,10.5,Debajo,1.40,dom_alt,
Oklahoma City Thunder - San Antonio Spurs,Winner Of Wc Sf1 Winner Of Wc Sf2,2026-05-26,2026-05-19 00:30,San Antonio Spurs,Oklahoma City Thunder,San Antonio Spurs,Keldon Johnson,Puntos,5.5,Sobre,1.36,dom_alt,
Oklahoma City Thunder - San Antonio Spurs,Winner Of Wc Sf1 Winner Of Wc Sf2,2026-05-26,2026-05-19 00:30,San Antonio Spurs,Oklahoma City Thunder,San Antonio Spurs,Keldon Johnson,Puntos,5.5,Debajo,2.58,dom_alt,
Oklahoma City Thunder - San Antonio Spurs,Winner Of Wc Sf1 Winner Of Wc Sf2,2026-05-26,2026-05-19 00:30,San Antonio Spurs,Oklahoma City Thunder,San Antonio Spurs,Keldon Johnson,Puntos,11.5,Sobre,2.91,dom_alt,
Oklahoma City Thunder - San Antonio Spurs,Winner Of Wc Sf1 Winner Of Wc Sf2,2026-05-26,2026-05-19 00:30,San Antonio Spurs,Oklahoma City Thunder,San Antonio Spurs,Keldon Johnson,Puntos,11.5,Debajo,1.28,dom_alt,
Oklahoma City Thunder - San Antonio Spurs,Winner Of Wc Sf1 Winner Of Wc Sf2,2026-05-26,2026-05-19 00:30,San Antonio Spurs,Oklahoma City Thunder,San Antonio Spurs,Keldon Johnson,Rebotes,3.5,Sobre,1.88,dom,
Oklahoma City Thunder - San Antonio Spurs,Winner Of Wc Sf1 Winner Of Wc Sf2,2026-05-26,2026-05-19 00:30,San Antonio Spurs,Oklahoma City Thunder,San Antonio Spurs,Keldon Johnson,Rebotes,3.5,Debajo,1.79,dom,
Oklahoma City Thunder - San Antonio Spurs,Winner Of Wc Sf1 Winner Of Wc Sf2,2026-05-26,2026-05-19 00:30,San Antonio Spurs,Oklahoma City Thunder,San Antonio Spurs,Keldon Johnson,Rebotes,4.5,Sobre,2.41,dom_alt,
Oklahoma City Thunder - San Antonio Spurs,Winner Of Wc Sf1 Winner Of Wc Sf2,2026-05-26,2026-05-19 00:30,San Antonio Spurs,Oklahoma City Thunder,San Antonio Spurs,Keldon Johnson,Rebotes,4.5,Debajo,1.41,dom_alt,
Oklahoma City Thunder - San Antonio Spurs,Winner Of Wc Sf1 Winner Of Wc Sf2,2026-05-26,2026-05-19 00:30,San Antonio Spurs,Oklahoma City Thunder,San Antonio Spurs,Keldon Johnson,Triples,0.5,Sobre,1.56,dom,
Oklahoma City Thunder - San Antonio Spurs,Winner Of Wc Sf1 Winner Of Wc Sf2,2026-05-26,2026-05-19 00:30,San Antonio Spurs,Oklahoma City Thunder,San Antonio Spurs,Keldon Johnson,Triples,0.5,Debajo,2.22,dom,
Oklahoma City Thunder - San Antonio Spurs,Winner Of Wc Sf1 Winner Of Wc Sf2,2026-05-26,2026-05-19 00:30,San Antonio Spurs,Oklahoma City Thunder,San Antonio Spurs,Keldon Johnson,Robos,0.5,Sobre,2.21,dom,
Oklahoma City Thunder - San Antonio Spurs,Winner Of Wc Sf1 Winner Of Wc Sf2,2026-05-26,2026-05-19 00:30,San Antonio Spurs,Oklahoma City Thunder,San Antonio Spurs,Keldon Johnson,Robos,0.5,Debajo,1.57,dom,
Oklahoma City Thunder - San Antonio Spurs,Winner Of Wc Sf1 Winner Of Wc Sf2,2026-05-26,2026-05-19 00:30,San Antonio Spurs,Oklahoma City Thunder,San Antonio Spurs,Keldon Johnson,Puntos+Rebotes,11.5,Sobre,1.80,dom,
Oklahoma City Thunder - San Antonio Spurs,Winner Of Wc Sf1 Winner Of Wc Sf2,2026-05-26,2026-05-19 00:30,San Antonio Spurs,Oklahoma City Thunder,San Antonio Spurs,Keldon Johnson,Puntos+Rebotes,11.5,Debajo,1.88,dom,
Oklahoma City Thunder - San Antonio Spurs,Winner Of Wc Sf1 Winner Of Wc Sf2,2026-05-26,2026-05-19 00:30,San Antonio Spurs,Oklahoma City Thunder,San Antonio Spurs,Keldon Johnson,Puntos+Rebotes,12.5,Sobre,1.93,dom_alt,
Oklahoma City Thunder - San Antonio Spurs,Winner Of Wc Sf1 Winner Of Wc Sf2,2026-05-26,2026-05-19 00:30,San Antonio Spurs,Oklahoma City Thunder,San Antonio Spurs,Keldon Johnson,Puntos+Rebotes,12.5,Debajo,1.65,dom_alt,
Oklahoma City Thunder - San Antonio Spurs,Winner Of Wc Sf1 Winner Of Wc Sf2,2026-05-26,2026-05-19 00:30,San Antonio Spurs,Oklahoma City Thunder,San Antonio Spurs,Keldon Johnson,Puntos+Rebotes,13.5,Sobre,2.10,dom_alt,
Oklahoma City Thunder - San Antonio Spurs,Winner Of Wc Sf1 Winner Of Wc Sf2,2026-05-26,2026-05-19 00:30,San Antonio Spurs,Oklahoma City Thunder,San Antonio Spurs,Keldon Johnson,Puntos+Rebotes,13.5,Debajo,1.54,dom_alt,
Oklahoma City Thunder - San Antonio Spurs,Winner Of Wc Sf1 Winner Of Wc Sf2,2026-05-26,2026-05-19 00:30,San Antonio Spurs,Oklahoma City Thunder,San Antonio Spurs,Keldon Johnson,Puntos+Asistencias,9.5,Sobre,1.94,dom,
Oklahoma City Thunder - San Antonio Spurs,Winner Of Wc Sf1 Winner Of Wc Sf2,2026-05-26,2026-05-19 00:30,San Antonio Spurs,Oklahoma City Thunder,San Antonio Spurs,Keldon Johnson,Puntos+Asistencias,9.5,Debajo,1.74,dom,
Oklahoma City Thunder - San Antonio Spurs,Winner Of Wc Sf1 Winner Of Wc Sf2,2026-05-26,2026-05-19 00:30,San Antonio Spurs,Oklahoma City Thunder,San Antonio Spurs,Keldon Johnson,Puntos+Asistencias,10.5,Sobre,2.05,dom_alt,
Oklahoma City Thunder - San Antonio Spurs,Winner Of Wc Sf1 Winner Of Wc Sf2,2026-05-26,2026-05-19 00:30,San Antonio Spurs,Oklahoma City Thunder,San Antonio Spurs,Keldon Johnson,Puntos+Asistencias,10.5,Debajo,1.57,dom_alt,
Oklahoma City Thunder - San Antonio Spurs,Winner Of Wc Sf1 Winner Of Wc Sf2,2026-05-26,2026-05-19 00:30,San Antonio Spurs,Oklahoma City Thunder,San Antonio Spurs,Keldon Johnson,Puntos+Asistencias,7.5,Sobre,1.52,dom_alt,
Oklahoma City Thunder - San Antonio Spurs,Winner Of Wc Sf1 Winner Of Wc Sf2,2026-05-26,2026-05-19 00:30,San Antonio Spurs,Oklahoma City Thunder,San Antonio Spurs,Keldon Johnson,Puntos+Asistencias,7.5,Debajo,2.14,dom_alt,
Oklahoma City Thunder - San Antonio Spurs,Winner Of Wc Sf1 Winner Of Wc Sf2,2026-05-26,2026-05-19 00:30,San Antonio Spurs,Oklahoma City Thunder,San Antonio Spurs,Keldon Johnson,PRA,12.5,Sobre,1.78,dom,
Oklahoma City Thunder - San Antonio Spurs,Winner Of Wc Sf1 Winner Of Wc Sf2,2026-05-26,2026-05-19 00:30,San Antonio Spurs,Oklahoma City Thunder,San Antonio Spurs,Keldon Johnson,PRA,12.5,Debajo,1.90,dom,
Oklahoma City Thunder - San Antonio Spurs,Winner Of Wc Sf1 Winner Of Wc Sf2,2026-05-26,2026-05-19 00:30,San Antonio Spurs,Oklahoma City Thunder,San Antonio Spurs,Keldon Johnson,PRA,13.5,Sobre,1.92,dom_alt,
Oklahoma City Thunder - San Antonio Spurs,Winner Of Wc Sf1 Winner Of Wc Sf2,2026-05-26,2026-05-19 00:30,San Antonio Spurs,Oklahoma City Thunder,San Antonio Spurs,Keldon Johnson,PRA,13.5,Debajo,1.66,dom_alt,
Oklahoma City Thunder - San Antonio Spurs,Winner Of Wc Sf1 Winner Of Wc Sf2,2026-05-26,2026-05-19 00:30,San Antonio Spurs,Oklahoma City Thunder,San Antonio Spurs,Keldon Johnson,PRA,10.5,Sobre,1.47,dom_alt,
Oklahoma City Thunder - San Antonio Spurs,Winner Of Wc Sf1 Winner Of Wc Sf2,2026-05-26,2026-05-19 00:30,San Antonio Spurs,Oklahoma City Thunder,San Antonio Spurs,Keldon Johnson,PRA,10.5,Debajo,2.25,dom_alt,
Oklahoma City Thunder - San Antonio Spurs,Winner Of Wc Sf1 Winner Of Wc Sf2,2026-05-26,2026-05-19 00:30,San Antonio Spurs,Oklahoma City Thunder,San Antonio Spurs,Keldon Johnson,PRA,14.5,Sobre,2.07,dom_alt,
Oklahoma City Thunder - San Antonio Spurs,Winner Of Wc Sf1 Winner Of Wc Sf2,2026-05-26,2026-05-19 00:30,San Antonio Spurs,Oklahoma City Thunder,San Antonio Spurs,Keldon Johnson,PRA,14.5,Debajo,1.56,dom_alt,
Oklahoma City Thunder - San Antonio Spurs,Winner Of Wc Sf1 Winner Of Wc Sf2,2026-05-26,2026-05-19 00:30,San Antonio Spurs,Oklahoma City Thunder,San Antonio Spurs,Keldon Johnson,PRA,9.5,Sobre,1.35,dom_alt,
Oklahoma City Thunder - San Antonio Spurs,Winner Of Wc Sf1 Winner Of Wc Sf2,2026-05-26,2026-05-19 00:30,San Antonio Spurs,Oklahoma City Thunder,San Antonio Spurs,Keldon Johnson,PRA,9.5,Debajo,2.60,dom_alt,
Oklahoma City Thunder - San Antonio Spurs,Winner Of Wc Sf1 Winner Of Wc Sf2,2026-05-26,2026-05-19 00:30,San Antonio Spurs,Oklahoma City Thunder,San Antonio Spurs,Keldon Johnson,PRA,15.5,Sobre,2.33,dom_alt,
Oklahoma City Thunder - San Antonio Spurs,Winner Of Wc Sf1 Winner Of Wc Sf2,2026-05-26,2026-05-19 00:30,San Antonio Spurs,Oklahoma City Thunder,San Antonio Spurs,Keldon Johnson,PRA,15.5,Debajo,1.44,dom_alt,
Oklahoma City Thunder - San Antonio Spurs,Winner Of Wc Sf1 Winner Of Wc Sf2,2026-05-26,2026-05-19 00:30,San Antonio Spurs,Oklahoma City Thunder,San Antonio Spurs,Keldon Johnson,PRA,16.5,Sobre,2.65,dom_alt,
Oklahoma City Thunder - San Antonio Spurs,Winner Of Wc Sf1 Winner Of Wc Sf2,2026-05-26,2026-05-19 00:30,San Antonio Spurs,Oklahoma City Thunder,San Antonio Spurs,Keldon Johnson,PRA,16.5,Debajo,1.34,dom_alt,
Oklahoma City Thunder - San Antonio Spurs,Winner Of Wc Sf1 Winner Of Wc Sf2,2026-05-26,2026-05-19 00:30,San Antonio Spurs,Oklahoma City Thunder,San Antonio Spurs,Keldon Johnson,Asistencias+Rebotes,4.5,Sobre,1.86,dom,
Oklahoma City Thunder - San Antonio Spurs,Winner Of Wc Sf1 Winner Of Wc Sf2,2026-05-26,2026-05-19 00:30,San Antonio Spurs,Oklahoma City Thunder,San Antonio Spurs,Keldon Johnson,Asistencias+Rebotes,4.5,Debajo,1.81,dom,
Oklahoma City Thunder - San Antonio Spurs,Winner Of Wc Sf1 Winner Of Wc Sf2,2026-05-26,2026-05-19 00:30,San Antonio Spurs,Oklahoma City Thunder,San Antonio Spurs,Keldon Johnson,Robos+Tapones,0.5,Sobre,1.89,dom,
Oklahoma City Thunder - San Antonio Spurs,Winner Of Wc Sf1 Winner Of Wc Sf2,2026-05-26,2026-05-19 00:30,San Antonio Spurs,Oklahoma City Thunder,San Antonio Spurs,Keldon Johnson,Robos+Tapones,0.5,Debajo,1.79,dom,
Oklahoma City Thunder - San Antonio Spurs,Winner Of Wc Sf1 Winner Of Wc Sf2,2026-05-26,2026-05-19 00:30,San Antonio Spurs,Oklahoma City Thunder,San Antonio Spurs,Keldon Johnson,Asistencias,0.5,Sobre,1.48,dom,
Oklahoma City Thunder - San Antonio Spurs,Winner Of Wc Sf1 Winner Of Wc Sf2,2026-05-26,2026-05-19 00:30,San Antonio Spurs,Oklahoma City Thunder,San Antonio Spurs,Keldon Johnson,Asistencias,0.5,Debajo,2.40,dom,
Oklahoma City Thunder - San Antonio Spurs,Winner Of Wc Sf1 Winner Of Wc Sf2,2026-05-26,2026-05-19 00:30,San Antonio Spurs,Oklahoma City Thunder,San Antonio Spurs,Keldon Johnson,PuntosPrimerCuarto,2.5,Sobre,2.28,dom,
Oklahoma City Thunder - San Antonio Spurs,Winner Of Wc Sf1 Winner Of Wc Sf2,2026-05-26,2026-05-19 00:30,San Antonio Spurs,Oklahoma City Thunder,San Antonio Spurs,Keldon Johnson,PuntosPrimerCuarto,2.5,Debajo,1.54,dom,
Oklahoma City Thunder - San Antonio Spurs,Winner Of Wc Sf1 Winner Of Wc Sf2,2026-05-26,2026-05-19 00:30,San Antonio Spurs,Oklahoma City Thunder,San Antonio Spurs,Keldon Johnson,TirosLibres,1.5,Sobre,2.07,dom,
Oklahoma City Thunder - San Antonio Spurs,Winner Of Wc Sf1 Winner Of Wc Sf2,2026-05-26,2026-05-19 00:30,San Antonio Spurs,Oklahoma City Thunder,San Antonio Spurs,Keldon Johnson,TirosLibres,1.5,Debajo,1.65,dom,
Oklahoma City Thunder - San Antonio Spurs,Winner Of Wc Sf1 Winner Of Wc Sf2,2026-05-26,2026-05-19 00:30,San Antonio Spurs,Oklahoma City Thunder,San Antonio Spurs,Keldon Johnson,TirosLibresInt,1.5,Sobre,1.66,dom,
Oklahoma City Thunder - San Antonio Spurs,Winner Of Wc Sf1 Winner Of Wc Sf2,2026-05-26,2026-05-19 00:30,San Antonio Spurs,Oklahoma City Thunder,San Antonio Spurs,Keldon Johnson,TirosLibresInt,1.5,Debajo,2.06,dom,
Oklahoma City Thunder - San Antonio Spurs,Winner Of Wc Sf1 Winner Of Wc Sf2,2026-05-26,2026-05-19 00:30,San Antonio Spurs,Oklahoma City Thunder,San Antonio Spurs,Keldon Johnson,GolesCampo,2.5,Sobre,1.61,dom,
Oklahoma City Thunder - San Antonio Spurs,Winner Of Wc Sf1 Winner Of Wc Sf2,2026-05-26,2026-05-19 00:30,San Antonio Spurs,Oklahoma City Thunder,San Antonio Spurs,Keldon Johnson,GolesCampo,2.5,Debajo,2.13,dom,
Oklahoma City Thunder - San Antonio Spurs,Winner Of Wc Sf1 Winner Of Wc Sf2,2026-05-26,2026-05-19 00:30,San Antonio Spurs,Oklahoma City Thunder,San Antonio Spurs,Keldon Johnson,GolesCampoInt,6.5,Sobre,1.73,dom,
Oklahoma City Thunder - San Antonio Spurs,Winner Of Wc Sf1 Winner Of Wc Sf2,2026-05-26,2026-05-19 00:30,San Antonio Spurs,Oklahoma City Thunder,San Antonio Spurs,Keldon Johnson,GolesCampoInt,6.5,Debajo,1.95,dom,
Oklahoma City Thunder - San Antonio Spurs,Winner Of Wc Sf1 Winner Of Wc Sf2,2026-05-26,2026-05-19 00:30,San Antonio Spurs,Oklahoma City Thunder,San Antonio Spurs,Keldon Johnson,TriplesInt,2.5,Sobre,1.83,dom,
Oklahoma City Thunder - San Antonio Spurs,Winner Of Wc Sf1 Winner Of Wc Sf2,2026-05-26,2026-05-19 00:30,San Antonio Spurs,Oklahoma City Thunder,San Antonio Spurs,Keldon Johnson,TriplesInt,2.5,Debajo,1.84,dom,
Oklahoma City Thunder - San Antonio Spurs,Winner Of Wc Sf1 Winner Of Wc Sf2,2026-05-26,2026-05-19 00:30,San Antonio Spurs,Oklahoma City Thunder,San Antonio Spurs,Keldon Johnson,Faltas,1.5,Sobre,1.82,dom,
Oklahoma City Thunder - San Antonio Spurs,Winner Of Wc Sf1 Winner Of Wc Sf2,2026-05-26,2026-05-19 00:30,San Antonio Spurs,Oklahoma City Thunder,San Antonio Spurs,Keldon Johnson,Faltas,1.5,Debajo,1.85,dom,
Oklahoma City Thunder - San Antonio Spurs,Winner Of Wc Sf1 Winner Of Wc Sf2,2026-05-26,2026-05-19 00:30,San Antonio Spurs,Oklahoma City Thunder,San Antonio Spurs,Devin Vassell,Puntos,11.5,Sobre,1.75,dom,
Oklahoma City Thunder - San Antonio Spurs,Winner Of Wc Sf1 Winner Of Wc Sf2,2026-05-26,2026-05-19 00:30,San Antonio Spurs,Oklahoma City Thunder,San Antonio Spurs,Devin Vassell,Puntos,11.5,Debajo,1.92,dom,
Oklahoma City Thunder - San Antonio Spurs,Winner Of Wc Sf1 Winner Of Wc Sf2,2026-05-26,2026-05-19 00:30,San Antonio Spurs,Oklahoma City Thunder,San Antonio Spurs,Devin Vassell,Puntos,12.5,Sobre,1.92,dom_alt,
Oklahoma City Thunder - San Antonio Spurs,Winner Of Wc Sf1 Winner Of Wc Sf2,2026-05-26,2026-05-19 00:30,San Antonio Spurs,Oklahoma City Thunder,San Antonio Spurs,Devin Vassell,Puntos,12.5,Debajo,1.66,dom_alt,
Oklahoma City Thunder - San Antonio Spurs,Winner Of Wc Sf1 Winner Of Wc Sf2,2026-05-26,2026-05-19 00:30,San Antonio Spurs,Oklahoma City Thunder,San Antonio Spurs,Devin Vassell,Puntos,9.5,Sobre,1.43,dom_alt,
Oklahoma City Thunder - San Antonio Spurs,Winner Of Wc Sf1 Winner Of Wc Sf2,2026-05-26,2026-05-19 00:30,San Antonio Spurs,Oklahoma City Thunder,San Antonio Spurs,Devin Vassell,Puntos,9.5,Debajo,2.36,dom_alt,
Oklahoma City Thunder - San Antonio Spurs,Winner Of Wc Sf1 Winner Of Wc Sf2,2026-05-26,2026-05-19 00:30,San Antonio Spurs,Oklahoma City Thunder,San Antonio Spurs,Devin Vassell,Puntos,13.5,Sobre,2.08,dom_alt,
Oklahoma City Thunder - San Antonio Spurs,Winner Of Wc Sf1 Winner Of Wc Sf2,2026-05-26,2026-05-19 00:30,San Antonio Spurs,Oklahoma City Thunder,San Antonio Spurs,Devin Vassell,Puntos,13.5,Debajo,1.55,dom_alt,
Oklahoma City Thunder - San Antonio Spurs,Winner Of Wc Sf1 Winner Of Wc Sf2,2026-05-26,2026-05-19 00:30,San Antonio Spurs,Oklahoma City Thunder,San Antonio Spurs,Devin Vassell,Puntos,8.5,Sobre,1.30,dom_alt,
Oklahoma City Thunder - San Antonio Spurs,Winner Of Wc Sf1 Winner Of Wc Sf2,2026-05-26,2026-05-19 00:30,San Antonio Spurs,Oklahoma City Thunder,San Antonio Spurs,Devin Vassell,Puntos,8.5,Debajo,2.79,dom_alt,
Oklahoma City Thunder - San Antonio Spurs,Winner Of Wc Sf1 Winner Of Wc Sf2,2026-05-26,2026-05-19 00:30,San Antonio Spurs,Oklahoma City Thunder,San Antonio Spurs,Devin Vassell,Puntos,14.5,Sobre,2.39,dom_alt,
Oklahoma City Thunder - San Antonio Spurs,Winner Of Wc Sf1 Winner Of Wc Sf2,2026-05-26,2026-05-19 00:30,San Antonio Spurs,Oklahoma City Thunder,San Antonio Spurs,Devin Vassell,Puntos,14.5,Debajo,1.42,dom_alt,
Oklahoma City Thunder - San Antonio Spurs,Winner Of Wc Sf1 Winner Of Wc Sf2,2026-05-26,2026-05-19 00:30,San Antonio Spurs,Oklahoma City Thunder,San Antonio Spurs,Devin Vassell,Puntos,15.5,Sobre,2.77,dom_alt,
Oklahoma City Thunder - San Antonio Spurs,Winner Of Wc Sf1 Winner Of Wc Sf2,2026-05-26,2026-05-19 00:30,San Antonio Spurs,Oklahoma City Thunder,San Antonio Spurs,Devin Vassell,Puntos,15.5,Debajo,1.31,dom_alt,
Oklahoma City Thunder - San Antonio Spurs,Winner Of Wc Sf1 Winner Of Wc Sf2,2026-05-26,2026-05-19 00:30,San Antonio Spurs,Oklahoma City Thunder,San Antonio Spurs,Devin Vassell,Rebotes,3.5,Sobre,1.64,dom,
Oklahoma City Thunder - San Antonio Spurs,Winner Of Wc Sf1 Winner Of Wc Sf2,2026-05-26,2026-05-19 00:30,San Antonio Spurs,Oklahoma City Thunder,San Antonio Spurs,Devin Vassell,Rebotes,3.5,Debajo,2.08,dom,
Oklahoma City Thunder - San Antonio Spurs,Winner Of Wc Sf1 Winner Of Wc Sf2,2026-05-26,2026-05-19 00:30,San Antonio Spurs,Oklahoma City Thunder,San Antonio Spurs,Devin Vassell,Triples,2.5,Sobre,2.24,dom,
Oklahoma City Thunder - San Antonio Spurs,Winner Of Wc Sf1 Winner Of Wc Sf2,2026-05-26,2026-05-19 00:30,San Antonio Spurs,Oklahoma City Thunder,San Antonio Spurs,Devin Vassell,Triples,2.5,Debajo,1.55,dom,
Oklahoma City Thunder - San Antonio Spurs,Winner Of Wc Sf1 Winner Of Wc Sf2,2026-05-26,2026-05-19 00:30,San Antonio Spurs,Oklahoma City Thunder,San Antonio Spurs,Devin Vassell,Puntos+Rebotes,15.5,Sobre,1.75,dom,
Oklahoma City Thunder - San Antonio Spurs,Winner Of Wc Sf1 Winner Of Wc Sf2,2026-05-26,2026-05-19 00:30,San Antonio Spurs,Oklahoma City Thunder,San Antonio Spurs,Devin Vassell,Puntos+Rebotes,15.5,Debajo,1.93,dom,
Oklahoma City Thunder - San Antonio Spurs,Winner Of Wc Sf1 Winner Of Wc Sf2,2026-05-26,2026-05-19 00:30,San Antonio Spurs,Oklahoma City Thunder,San Antonio Spurs,Devin Vassell,Puntos+Rebotes,16.5,Sobre,1.89,dom_alt,
Oklahoma City Thunder - San Antonio Spurs,Winner Of Wc Sf1 Winner Of Wc Sf2,2026-05-26,2026-05-19 00:30,San Antonio Spurs,Oklahoma City Thunder,San Antonio Spurs,Devin Vassell,Puntos+Rebotes,16.5,Debajo,1.68,dom_alt,
Oklahoma City Thunder - San Antonio Spurs,Winner Of Wc Sf1 Winner Of Wc Sf2,2026-05-26,2026-05-19 00:30,San Antonio Spurs,Oklahoma City Thunder,San Antonio Spurs,Devin Vassell,Puntos+Rebotes,17.5,Sobre,2.12,dom_alt,
Oklahoma City Thunder - San Antonio Spurs,Winner Of Wc Sf1 Winner Of Wc Sf2,2026-05-26,2026-05-19 00:30,San Antonio Spurs,Oklahoma City Thunder,San Antonio Spurs,Devin Vassell,Puntos+Rebotes,17.5,Debajo,1.53,dom_alt,
Oklahoma City Thunder - San Antonio Spurs,Winner Of Wc Sf1 Winner Of Wc Sf2,2026-05-26,2026-05-19 00:30,San Antonio Spurs,Oklahoma City Thunder,San Antonio Spurs,Devin Vassell,Puntos+Asistencias,14.5,Sobre,1.89,dom,
Oklahoma City Thunder - San Antonio Spurs,Winner Of Wc Sf1 Winner Of Wc Sf2,2026-05-26,2026-05-19 00:30,San Antonio Spurs,Oklahoma City Thunder,San Antonio Spurs,Devin Vassell,Puntos+Asistencias,14.5,Debajo,1.78,dom,
Oklahoma City Thunder - San Antonio Spurs,Winner Of Wc Sf1 Winner Of Wc Sf2,2026-05-26,2026-05-19 00:30,San Antonio Spurs,Oklahoma City Thunder,San Antonio Spurs,Devin Vassell,Puntos+Asistencias,15.5,Sobre,2.06,dom_alt,
Oklahoma City Thunder - San Antonio Spurs,Winner Of Wc Sf1 Winner Of Wc Sf2,2026-05-26,2026-05-19 00:30,San Antonio Spurs,Oklahoma City Thunder,San Antonio Spurs,Devin Vassell,Puntos+Asistencias,15.5,Debajo,1.56,dom_alt,
Oklahoma City Thunder - San Antonio Spurs,Winner Of Wc Sf1 Winner Of Wc Sf2,2026-05-26,2026-05-19 00:30,San Antonio Spurs,Oklahoma City Thunder,San Antonio Spurs,Devin Vassell,Puntos+Asistencias,12.5,Sobre,1.54,dom_alt,
Oklahoma City Thunder - San Antonio Spurs,Winner Of Wc Sf1 Winner Of Wc Sf2,2026-05-26,2026-05-19 00:30,San Antonio Spurs,Oklahoma City Thunder,San Antonio Spurs,Devin Vassell,Puntos+Asistencias,12.5,Debajo,2.09,dom_alt,
Oklahoma City Thunder - San Antonio Spurs,Winner Of Wc Sf1 Winner Of Wc Sf2,2026-05-26,2026-05-19 00:30,San Antonio Spurs,Oklahoma City Thunder,San Antonio Spurs,Devin Vassell,PRA,18.5,Sobre,1.89,dom,
Oklahoma City Thunder - San Antonio Spurs,Winner Of Wc Sf1 Winner Of Wc Sf2,2026-05-26,2026-05-19 00:30,San Antonio Spurs,Oklahoma City Thunder,San Antonio Spurs,Devin Vassell,PRA,18.5,Debajo,1.78,dom,
Oklahoma City Thunder - San Antonio Spurs,Winner Of Wc Sf1 Winner Of Wc Sf2,2026-05-26,2026-05-19 00:30,San Antonio Spurs,Oklahoma City Thunder,San Antonio Spurs,Devin Vassell,PRA,19.5,Sobre,2.01,dom_alt,
Oklahoma City Thunder - San Antonio Spurs,Winner Of Wc Sf1 Winner Of Wc Sf2,2026-05-26,2026-05-19 00:30,San Antonio Spurs,Oklahoma City Thunder,San Antonio Spurs,Devin Vassell,PRA,19.5,Debajo,1.59,dom_alt,
Oklahoma City Thunder - San Antonio Spurs,Winner Of Wc Sf1 Winner Of Wc Sf2,2026-05-26,2026-05-19 00:30,San Antonio Spurs,Oklahoma City Thunder,San Antonio Spurs,Devin Vassell,PRA,16.5,Sobre,1.55,dom_alt,
Oklahoma City Thunder - San Antonio Spurs,Winner Of Wc Sf1 Winner Of Wc Sf2,2026-05-26,2026-05-19 00:30,San Antonio Spurs,Oklahoma City Thunder,San Antonio Spurs,Devin Vassell,PRA,16.5,Debajo,2.08,dom_alt,
Oklahoma City Thunder - San Antonio Spurs,Winner Of Wc Sf1 Winner Of Wc Sf2,2026-05-26,2026-05-19 00:30,San Antonio Spurs,Oklahoma City Thunder,San Antonio Spurs,Devin Vassell,PRA,20.5,Sobre,2.17,dom_alt,
Oklahoma City Thunder - San Antonio Spurs,Winner Of Wc Sf1 Winner Of Wc Sf2,2026-05-26,2026-05-19 00:30,San Antonio Spurs,Oklahoma City Thunder,San Antonio Spurs,Devin Vassell,PRA,20.5,Debajo,1.51,dom_alt,
Oklahoma City Thunder - San Antonio Spurs,Winner Of Wc Sf1 Winner Of Wc Sf2,2026-05-26,2026-05-19 00:30,San Antonio Spurs,Oklahoma City Thunder,San Antonio Spurs,Devin Vassell,PRA,15.5,Sobre,1.42,dom_alt,
Oklahoma City Thunder - San Antonio Spurs,Winner Of Wc Sf1 Winner Of Wc Sf2,2026-05-26,2026-05-19 00:30,San Antonio Spurs,Oklahoma City Thunder,San Antonio Spurs,Devin Vassell,PRA,15.5,Debajo,2.36,dom_alt,
Oklahoma City Thunder - San Antonio Spurs,Winner Of Wc Sf1 Winner Of Wc Sf2,2026-05-26,2026-05-19 00:30,San Antonio Spurs,Oklahoma City Thunder,San Antonio Spurs,Devin Vassell,PRA,21.5,Sobre,2.44,dom_alt,
Oklahoma City Thunder - San Antonio Spurs,Winner Of Wc Sf1 Winner Of Wc Sf2,2026-05-26,2026-05-19 00:30,San Antonio Spurs,Oklahoma City Thunder,San Antonio Spurs,Devin Vassell,PRA,21.5,Debajo,1.40,dom_alt,
Oklahoma City Thunder - San Antonio Spurs,Winner Of Wc Sf1 Winner Of Wc Sf2,2026-05-26,2026-05-19 00:30,San Antonio Spurs,Oklahoma City Thunder,San Antonio Spurs,Devin Vassell,PRA,14.5,Sobre,1.32,dom_alt,
Oklahoma City Thunder - San Antonio Spurs,Winner Of Wc Sf1 Winner Of Wc Sf2,2026-05-26,2026-05-19 00:30,San Antonio Spurs,Oklahoma City Thunder,San Antonio Spurs,Devin Vassell,PRA,14.5,Debajo,2.72,dom_alt,
Oklahoma City Thunder - San Antonio Spurs,Winner Of Wc Sf1 Winner Of Wc Sf2,2026-05-26,2026-05-19 00:30,San Antonio Spurs,Oklahoma City Thunder,San Antonio Spurs,Devin Vassell,PRA,22.5,Sobre,2.79,dom_alt,
Oklahoma City Thunder - San Antonio Spurs,Winner Of Wc Sf1 Winner Of Wc Sf2,2026-05-26,2026-05-19 00:30,San Antonio Spurs,Oklahoma City Thunder,San Antonio Spurs,Devin Vassell,PRA,22.5,Debajo,1.30,dom_alt,
Oklahoma City Thunder - San Antonio Spurs,Winner Of Wc Sf1 Winner Of Wc Sf2,2026-05-26,2026-05-19 00:30,San Antonio Spurs,Oklahoma City Thunder,San Antonio Spurs,Devin Vassell,Asistencias+Rebotes,6.5,Sobre,2.00,dom,
Oklahoma City Thunder - San Antonio Spurs,Winner Of Wc Sf1 Winner Of Wc Sf2,2026-05-26,2026-05-19 00:30,San Antonio Spurs,Oklahoma City Thunder,San Antonio Spurs,Devin Vassell,Asistencias+Rebotes,6.5,Debajo,1.69,dom,
Oklahoma City Thunder - San Antonio Spurs,Winner Of Wc Sf1 Winner Of Wc Sf2,2026-05-26,2026-05-19 00:30,San Antonio Spurs,Oklahoma City Thunder,San Antonio Spurs,Devin Vassell,Robos+Tapones,1.5,Sobre,2.11,dom,
Oklahoma City Thunder - San Antonio Spurs,Winner Of Wc Sf1 Winner Of Wc Sf2,2026-05-26,2026-05-19 00:30,San Antonio Spurs,Oklahoma City Thunder,San Antonio Spurs,Devin Vassell,Robos+Tapones,1.5,Debajo,1.63,dom,
Oklahoma City Thunder - San Antonio Spurs,Winner Of Wc Sf1 Winner Of Wc Sf2,2026-05-26,2026-05-19 00:30,San Antonio Spurs,Oklahoma City Thunder,San Antonio Spurs,Devin Vassell,Asistencias,2.5,Sobre,2.18,dom,
Oklahoma City Thunder - San Antonio Spurs,Winner Of Wc Sf1 Winner Of Wc Sf2,2026-05-26,2026-05-19 00:30,San Antonio Spurs,Oklahoma City Thunder,San Antonio Spurs,Devin Vassell,Asistencias,2.5,Debajo,1.58,dom,
Oklahoma City Thunder - San Antonio Spurs,Winner Of Wc Sf1 Winner Of Wc Sf2,2026-05-26,2026-05-19 00:30,San Antonio Spurs,Oklahoma City Thunder,San Antonio Spurs,Devin Vassell,PuntosPrimerCuarto,2.5,Sobre,1.69,dom,
Oklahoma City Thunder - San Antonio Spurs,Winner Of Wc Sf1 Winner Of Wc Sf2,2026-05-26,2026-05-19 00:30,San Antonio Spurs,Oklahoma City Thunder,San Antonio Spurs,Devin Vassell,PuntosPrimerCuarto,2.5,Debajo,2.01,dom,
Oklahoma City Thunder - San Antonio Spurs,Winner Of Wc Sf1 Winner Of Wc Sf2,2026-05-26,2026-05-19 00:30,San Antonio Spurs,Oklahoma City Thunder,San Antonio Spurs,Devin Vassell,AsistenciasPrimerCuarto,0.5,Sobre,1.99,dom,
Oklahoma City Thunder - San Antonio Spurs,Winner Of Wc Sf1 Winner Of Wc Sf2,2026-05-26,2026-05-19 00:30,San Antonio Spurs,Oklahoma City Thunder,San Antonio Spurs,Devin Vassell,AsistenciasPrimerCuarto,0.5,Debajo,1.70,dom,
Oklahoma City Thunder - San Antonio Spurs,Winner Of Wc Sf1 Winner Of Wc Sf2,2026-05-26,2026-05-19 00:30,San Antonio Spurs,Oklahoma City Thunder,San Antonio Spurs,Devin Vassell,TirosLibres,1.5,Sobre,1.94,dom,
Oklahoma City Thunder - San Antonio Spurs,Winner Of Wc Sf1 Winner Of Wc Sf2,2026-05-26,2026-05-19 00:30,San Antonio Spurs,Oklahoma City Thunder,San Antonio Spurs,Devin Vassell,TirosLibres,1.5,Debajo,1.74,dom,
Oklahoma City Thunder - San Antonio Spurs,Winner Of Wc Sf1 Winner Of Wc Sf2,2026-05-26,2026-05-19 00:30,San Antonio Spurs,Oklahoma City Thunder,San Antonio Spurs,Devin Vassell,TirosLibresInt,1.5,Sobre,1.69,dom,
Oklahoma City Thunder - San Antonio Spurs,Winner Of Wc Sf1 Winner Of Wc Sf2,2026-05-26,2026-05-19 00:30,San Antonio Spurs,Oklahoma City Thunder,San Antonio Spurs,Devin Vassell,TirosLibresInt,1.5,Debajo,2.01,dom,
Oklahoma City Thunder - San Antonio Spurs,Winner Of Wc Sf1 Winner Of Wc Sf2,2026-05-26,2026-05-19 00:30,San Antonio Spurs,Oklahoma City Thunder,San Antonio Spurs,Devin Vassell,GolesCampoInt,10.5,Sobre,1.87,dom,
Oklahoma City Thunder - San Antonio Spurs,Winner Of Wc Sf1 Winner Of Wc Sf2,2026-05-26,2026-05-19 00:30,San Antonio Spurs,Oklahoma City Thunder,San Antonio Spurs,Devin Vassell,GolesCampoInt,10.5,Debajo,1.80,dom,
Oklahoma City Thunder - San Antonio Spurs,Winner Of Wc Sf1 Winner Of Wc Sf2,2026-05-26,2026-05-19 00:30,San Antonio Spurs,Oklahoma City Thunder,San Antonio Spurs,Devin Vassell,TriplesInt,6.5,Sobre,2.02,dom,
Oklahoma City Thunder - San Antonio Spurs,Winner Of Wc Sf1 Winner Of Wc Sf2,2026-05-26,2026-05-19 00:30,San Antonio Spurs,Oklahoma City Thunder,San Antonio Spurs,Devin Vassell,TriplesInt,6.5,Debajo,1.68,dom,
Oklahoma City Thunder - San Antonio Spurs,Winner Of Wc Sf1 Winner Of Wc Sf2,2026-05-26,2026-05-19 00:30,San Antonio Spurs,Oklahoma City Thunder,San Antonio Spurs,Devin Vassell,Faltas,2.5,Sobre,1.97,dom,
Oklahoma City Thunder - San Antonio Spurs,Winner Of Wc Sf1 Winner Of Wc Sf2,2026-05-26,2026-05-19 00:30,San Antonio Spurs,Oklahoma City Thunder,San Antonio Spurs,Devin Vassell,Faltas,2.5,Debajo,1.72,dom,
Oklahoma City Thunder - San Antonio Spurs,Winner Of Wc Sf1 Winner Of Wc Sf2,2026-05-26,2026-05-19 00:30,San Antonio Spurs,Oklahoma City Thunder,San Antonio Spurs,Victor Wembanyama,Puntos,24.5,Sobre,1.90,dom,
Oklahoma City Thunder - San Antonio Spurs,Winner Of Wc Sf1 Winner Of Wc Sf2,2026-05-26,2026-05-19 00:30,San Antonio Spurs,Oklahoma City Thunder,San Antonio Spurs,Victor Wembanyama,Puntos,24.5,Debajo,1.77,dom,
Oklahoma City Thunder - San Antonio Spurs,Winner Of Wc Sf1 Winner Of Wc Sf2,2026-05-26,2026-05-19 00:30,San Antonio Spurs,Oklahoma City Thunder,San Antonio Spurs,Victor Wembanyama,Puntos,25.5,Sobre,1.99,dom_alt,
Oklahoma City Thunder - San Antonio Spurs,Winner Of Wc Sf1 Winner Of Wc Sf2,2026-05-26,2026-05-19 00:30,San Antonio Spurs,Oklahoma City Thunder,San Antonio Spurs,Victor Wembanyama,Puntos,25.5,Debajo,1.61,dom_alt,
Oklahoma City Thunder - San Antonio Spurs,Winner Of Wc Sf1 Winner Of Wc Sf2,2026-05-26,2026-05-19 00:30,San Antonio Spurs,Oklahoma City Thunder,San Antonio Spurs,Victor Wembanyama,Puntos,22.5,Sobre,1.58,dom_alt,
Oklahoma City Thunder - San Antonio Spurs,Winner Of Wc Sf1 Winner Of Wc Sf2,2026-05-26,2026-05-19 00:30,San Antonio Spurs,Oklahoma City Thunder,San Antonio Spurs,Victor Wembanyama,Puntos,22.5,Debajo,2.03,dom_alt,
Oklahoma City Thunder - San Antonio Spurs,Winner Of Wc Sf1 Winner Of Wc Sf2,2026-05-26,2026-05-19 00:30,San Antonio Spurs,Oklahoma City Thunder,San Antonio Spurs,Victor Wembanyama,Puntos,26.5,Sobre,2.10,dom_alt,
Oklahoma City Thunder - San Antonio Spurs,Winner Of Wc Sf1 Winner Of Wc Sf2,2026-05-26,2026-05-19 00:30,San Antonio Spurs,Oklahoma City Thunder,San Antonio Spurs,Victor Wembanyama,Puntos,26.5,Debajo,1.54,dom_alt,
Oklahoma City Thunder - San Antonio Spurs,Winner Of Wc Sf1 Winner Of Wc Sf2,2026-05-26,2026-05-19 00:30,San Antonio Spurs,Oklahoma City Thunder,San Antonio Spurs,Victor Wembanyama,Puntos,21.5,Sobre,1.50,dom_alt,
Oklahoma City Thunder - San Antonio Spurs,Winner Of Wc Sf1 Winner Of Wc Sf2,2026-05-26,2026-05-19 00:30,San Antonio Spurs,Oklahoma City Thunder,San Antonio Spurs,Victor Wembanyama,Puntos,21.5,Debajo,2.17,dom_alt,
Oklahoma City Thunder - San Antonio Spurs,Winner Of Wc Sf1 Winner Of Wc Sf2,2026-05-26,2026-05-19 00:30,San Antonio Spurs,Oklahoma City Thunder,San Antonio Spurs,Victor Wembanyama,Puntos,27.5,Sobre,2.31,dom_alt,
Oklahoma City Thunder - San Antonio Spurs,Winner Of Wc Sf1 Winner Of Wc Sf2,2026-05-26,2026-05-19 00:30,San Antonio Spurs,Oklahoma City Thunder,San Antonio Spurs,Victor Wembanyama,Puntos,27.5,Debajo,1.44,dom_alt,
Oklahoma City Thunder - San Antonio Spurs,Winner Of Wc Sf1 Winner Of Wc Sf2,2026-05-26,2026-05-19 00:30,San Antonio Spurs,Oklahoma City Thunder,San Antonio Spurs,Victor Wembanyama,Puntos,20.5,Sobre,1.41,dom_alt,
Oklahoma City Thunder - San Antonio Spurs,Winner Of Wc Sf1 Winner Of Wc Sf2,2026-05-26,2026-05-19 00:30,San Antonio Spurs,Oklahoma City Thunder,San Antonio Spurs,Victor Wembanyama,Puntos,20.5,Debajo,2.41,dom_alt,
Oklahoma City Thunder - San Antonio Spurs,Winner Of Wc Sf1 Winner Of Wc Sf2,2026-05-26,2026-05-19 00:30,San Antonio Spurs,Oklahoma City Thunder,San Antonio Spurs,Victor Wembanyama,Puntos,28.5,Sobre,2.58,dom_alt,
Oklahoma City Thunder - San Antonio Spurs,Winner Of Wc Sf1 Winner Of Wc Sf2,2026-05-26,2026-05-19 00:30,San Antonio Spurs,Oklahoma City Thunder,San Antonio Spurs,Victor Wembanyama,Puntos,28.5,Debajo,1.35,dom_alt,
Oklahoma City Thunder - San Antonio Spurs,Winner Of Wc Sf1 Winner Of Wc Sf2,2026-05-26,2026-05-19 00:30,San Antonio Spurs,Oklahoma City Thunder,San Antonio Spurs,Victor Wembanyama,Puntos,19.5,Sobre,1.32,dom_alt,
Oklahoma City Thunder - San Antonio Spurs,Winner Of Wc Sf1 Winner Of Wc Sf2,2026-05-26,2026-05-19 00:30,San Antonio Spurs,Oklahoma City Thunder,San Antonio Spurs,Victor Wembanyama,Puntos,19.5,Debajo,2.71,dom_alt,
Oklahoma City Thunder - San Antonio Spurs,Winner Of Wc Sf1 Winner Of Wc Sf2,2026-05-26,2026-05-19 00:30,San Antonio Spurs,Oklahoma City Thunder,San Antonio Spurs,Victor Wembanyama,Puntos,29.5,Sobre,2.88,dom_alt,
Oklahoma City Thunder - San Antonio Spurs,Winner Of Wc Sf1 Winner Of Wc Sf2,2026-05-26,2026-05-19 00:30,San Antonio Spurs,Oklahoma City Thunder,San Antonio Spurs,Victor Wembanyama,Puntos,29.5,Debajo,1.28,dom_alt,
Oklahoma City Thunder - San Antonio Spurs,Winner Of Wc Sf1 Winner Of Wc Sf2,2026-05-26,2026-05-19 00:30,San Antonio Spurs,Oklahoma City Thunder,San Antonio Spurs,Victor Wembanyama,Rebotes,13.5,Sobre,1.99,dom,
Oklahoma City Thunder - San Antonio Spurs,Winner Of Wc Sf1 Winner Of Wc Sf2,2026-05-26,2026-05-19 00:30,San Antonio Spurs,Oklahoma City Thunder,San Antonio Spurs,Victor Wembanyama,Rebotes,13.5,Debajo,1.70,dom,
Oklahoma City Thunder - San Antonio Spurs,Winner Of Wc Sf1 Winner Of Wc Sf2,2026-05-26,2026-05-19 00:30,San Antonio Spurs,Oklahoma City Thunder,San Antonio Spurs,Victor Wembanyama,Rebotes,14.5,Sobre,2.23,dom_alt,
Oklahoma City Thunder - San Antonio Spurs,Winner Of Wc Sf1 Winner Of Wc Sf2,2026-05-26,2026-05-19 00:30,San Antonio Spurs,Oklahoma City Thunder,San Antonio Spurs,Victor Wembanyama,Rebotes,14.5,Debajo,1.48,dom_alt,
Oklahoma City Thunder - San Antonio Spurs,Winner Of Wc Sf1 Winner Of Wc Sf2,2026-05-26,2026-05-19 00:30,San Antonio Spurs,Oklahoma City Thunder,San Antonio Spurs,Victor Wembanyama,Rebotes,11.5,Sobre,1.44,dom_alt,
Oklahoma City Thunder - San Antonio Spurs,Winner Of Wc Sf1 Winner Of Wc Sf2,2026-05-26,2026-05-19 00:30,San Antonio Spurs,Oklahoma City Thunder,San Antonio Spurs,Victor Wembanyama,Rebotes,11.5,Debajo,2.32,dom_alt,
Oklahoma City Thunder - San Antonio Spurs,Winner Of Wc Sf1 Winner Of Wc Sf2,2026-05-26,2026-05-19 00:30,San Antonio Spurs,Oklahoma City Thunder,San Antonio Spurs,Victor Wembanyama,Rebotes,15.5,Sobre,2.76,dom_alt,
Oklahoma City Thunder - San Antonio Spurs,Winner Of Wc Sf1 Winner Of Wc Sf2,2026-05-26,2026-05-19 00:30,San Antonio Spurs,Oklahoma City Thunder,San Antonio Spurs,Victor Wembanyama,Rebotes,15.5,Debajo,1.31,dom_alt,
Oklahoma City Thunder - San Antonio Spurs,Winner Of Wc Sf1 Winner Of Wc Sf2,2026-05-26,2026-05-19 00:30,San Antonio Spurs,Oklahoma City Thunder,San Antonio Spurs,Victor Wembanyama,Triples,1.5,Sobre,1.60,dom,
Oklahoma City Thunder - San Antonio Spurs,Winner Of Wc Sf1 Winner Of Wc Sf2,2026-05-26,2026-05-19 00:30,San Antonio Spurs,Oklahoma City Thunder,San Antonio Spurs,Victor Wembanyama,Triples,1.5,Debajo,2.15,dom,
Oklahoma City Thunder - San Antonio Spurs,Winner Of Wc Sf1 Winner Of Wc Sf2,2026-05-26,2026-05-19 00:30,San Antonio Spurs,Oklahoma City Thunder,San Antonio Spurs,Victor Wembanyama,Tapones,3.5,Sobre,2.02,dom,
Oklahoma City Thunder - San Antonio Spurs,Winner Of Wc Sf1 Winner Of Wc Sf2,2026-05-26,2026-05-19 00:30,San Antonio Spurs,Oklahoma City Thunder,San Antonio Spurs,Victor Wembanyama,Tapones,3.5,Debajo,1.68,dom,
Oklahoma City Thunder - San Antonio Spurs,Winner Of Wc Sf1 Winner Of Wc Sf2,2026-05-26,2026-05-19 00:30,San Antonio Spurs,Oklahoma City Thunder,San Antonio Spurs,Victor Wembanyama,Puntos+Rebotes,37.5,Sobre,1.82,dom,
Oklahoma City Thunder - San Antonio Spurs,Winner Of Wc Sf1 Winner Of Wc Sf2,2026-05-26,2026-05-19 00:30,San Antonio Spurs,Oklahoma City Thunder,San Antonio Spurs,Victor Wembanyama,Puntos+Rebotes,37.5,Debajo,1.85,dom,
Oklahoma City Thunder - San Antonio Spurs,Winner Of Wc Sf1 Winner Of Wc Sf2,2026-05-26,2026-05-19 00:30,San Antonio Spurs,Oklahoma City Thunder,San Antonio Spurs,Victor Wembanyama,Puntos+Rebotes,38.5,Sobre,1.90,dom_alt,
Oklahoma City Thunder - San Antonio Spurs,Winner Of Wc Sf1 Winner Of Wc Sf2,2026-05-26,2026-05-19 00:30,San Antonio Spurs,Oklahoma City Thunder,San Antonio Spurs,Victor Wembanyama,Puntos+Rebotes,38.5,Debajo,1.67,dom_alt,
Oklahoma City Thunder - San Antonio Spurs,Winner Of Wc Sf1 Winner Of Wc Sf2,2026-05-26,2026-05-19 00:30,San Antonio Spurs,Oklahoma City Thunder,San Antonio Spurs,Victor Wembanyama,Puntos+Rebotes,35.5,Sobre,1.57,dom_alt,
Oklahoma City Thunder - San Antonio Spurs,Winner Of Wc Sf1 Winner Of Wc Sf2,2026-05-26,2026-05-19 00:30,San Antonio Spurs,Oklahoma City Thunder,San Antonio Spurs,Victor Wembanyama,Puntos+Rebotes,35.5,Debajo,2.05,dom_alt,
Oklahoma City Thunder - San Antonio Spurs,Winner Of Wc Sf1 Winner Of Wc Sf2,2026-05-26,2026-05-19 00:30,San Antonio Spurs,Oklahoma City Thunder,San Antonio Spurs,Victor Wembanyama,Puntos+Rebotes,39.5,Sobre,2.02,dom_alt,
Oklahoma City Thunder - San Antonio Spurs,Winner Of Wc Sf1 Winner Of Wc Sf2,2026-05-26,2026-05-19 00:30,San Antonio Spurs,Oklahoma City Thunder,San Antonio Spurs,Victor Wembanyama,Puntos+Rebotes,39.5,Debajo,1.59,dom_alt,
Oklahoma City Thunder - San Antonio Spurs,Winner Of Wc Sf1 Winner Of Wc Sf2,2026-05-26,2026-05-19 00:30,San Antonio Spurs,Oklahoma City Thunder,San Antonio Spurs,Victor Wembanyama,Puntos+Rebotes,34.5,Sobre,1.54,dom_alt,
Oklahoma City Thunder - San Antonio Spurs,Winner Of Wc Sf1 Winner Of Wc Sf2,2026-05-26,2026-05-19 00:30,San Antonio Spurs,Oklahoma City Thunder,San Antonio Spurs,Victor Wembanyama,Puntos+Rebotes,34.5,Debajo,2.11,dom_alt,
Oklahoma City Thunder - San Antonio Spurs,Winner Of Wc Sf1 Winner Of Wc Sf2,2026-05-26,2026-05-19 00:30,San Antonio Spurs,Oklahoma City Thunder,San Antonio Spurs,Victor Wembanyama,Puntos+Rebotes,40.5,Sobre,2.10,dom_alt,
Oklahoma City Thunder - San Antonio Spurs,Winner Of Wc Sf1 Winner Of Wc Sf2,2026-05-26,2026-05-19 00:30,San Antonio Spurs,Oklahoma City Thunder,San Antonio Spurs,Victor Wembanyama,Puntos+Rebotes,40.5,Debajo,1.54,dom_alt,
Oklahoma City Thunder - San Antonio Spurs,Winner Of Wc Sf1 Winner Of Wc Sf2,2026-05-26,2026-05-19 00:30,San Antonio Spurs,Oklahoma City Thunder,San Antonio Spurs,Victor Wembanyama,Puntos+Asistencias,27.5,Sobre,1.88,dom,
Oklahoma City Thunder - San Antonio Spurs,Winner Of Wc Sf1 Winner Of Wc Sf2,2026-05-26,2026-05-19 00:30,San Antonio Spurs,Oklahoma City Thunder,San Antonio Spurs,Victor Wembanyama,Puntos+Asistencias,27.5,Debajo,1.79,dom,
Oklahoma City Thunder - San Antonio Spurs,Winner Of Wc Sf1 Winner Of Wc Sf2,2026-05-26,2026-05-19 00:30,San Antonio Spurs,Oklahoma City Thunder,San Antonio Spurs,Victor Wembanyama,Puntos+Asistencias,28.5,Sobre,1.97,dom_alt,
Oklahoma City Thunder - San Antonio Spurs,Winner Of Wc Sf1 Winner Of Wc Sf2,2026-05-26,2026-05-19 00:30,San Antonio Spurs,Oklahoma City Thunder,San Antonio Spurs,Victor Wembanyama,Puntos+Asistencias,28.5,Debajo,1.62,dom_alt,
Oklahoma City Thunder - San Antonio Spurs,Winner Of Wc Sf1 Winner Of Wc Sf2,2026-05-26,2026-05-19 00:30,San Antonio Spurs,Oklahoma City Thunder,San Antonio Spurs,Victor Wembanyama,Puntos+Asistencias,25.5,Sobre,1.57,dom_alt,
Oklahoma City Thunder - San Antonio Spurs,Winner Of Wc Sf1 Winner Of Wc Sf2,2026-05-26,2026-05-19 00:30,San Antonio Spurs,Oklahoma City Thunder,San Antonio Spurs,Victor Wembanyama,Puntos+Asistencias,25.5,Debajo,2.05,dom_alt,
Oklahoma City Thunder - San Antonio Spurs,Winner Of Wc Sf1 Winner Of Wc Sf2,2026-05-26,2026-05-19 00:30,San Antonio Spurs,Oklahoma City Thunder,San Antonio Spurs,Victor Wembanyama,Puntos+Asistencias,29.5,Sobre,2.08,dom_alt,
Oklahoma City Thunder - San Antonio Spurs,Winner Of Wc Sf1 Winner Of Wc Sf2,2026-05-26,2026-05-19 00:30,San Antonio Spurs,Oklahoma City Thunder,San Antonio Spurs,Victor Wembanyama,Puntos+Asistencias,29.5,Debajo,1.55,dom_alt,
Oklahoma City Thunder - San Antonio Spurs,Winner Of Wc Sf1 Winner Of Wc Sf2,2026-05-26,2026-05-19 00:30,San Antonio Spurs,Oklahoma City Thunder,San Antonio Spurs,Victor Wembanyama,Puntos+Asistencias,24.5,Sobre,1.51,dom_alt,
Oklahoma City Thunder - San Antonio Spurs,Winner Of Wc Sf1 Winner Of Wc Sf2,2026-05-26,2026-05-19 00:30,San Antonio Spurs,Oklahoma City Thunder,San Antonio Spurs,Victor Wembanyama,Puntos+Asistencias,24.5,Debajo,2.15,dom_alt,
Oklahoma City Thunder - San Antonio Spurs,Winner Of Wc Sf1 Winner Of Wc Sf2,2026-05-26,2026-05-19 00:30,San Antonio Spurs,Oklahoma City Thunder,San Antonio Spurs,Victor Wembanyama,PRA,40.5,Sobre,1.82,dom,
Oklahoma City Thunder - San Antonio Spurs,Winner Of Wc Sf1 Winner Of Wc Sf2,2026-05-26,2026-05-19 00:30,San Antonio Spurs,Oklahoma City Thunder,San Antonio Spurs,Victor Wembanyama,PRA,40.5,Debajo,1.85,dom,
Oklahoma City Thunder - San Antonio Spurs,Winner Of Wc Sf1 Winner Of Wc Sf2,2026-05-26,2026-05-19 00:30,San Antonio Spurs,Oklahoma City Thunder,San Antonio Spurs,Victor Wembanyama,PRA,41.5,Sobre,1.88,dom_alt,
Oklahoma City Thunder - San Antonio Spurs,Winner Of Wc Sf1 Winner Of Wc Sf2,2026-05-26,2026-05-19 00:30,San Antonio Spurs,Oklahoma City Thunder,San Antonio Spurs,Victor Wembanyama,PRA,41.5,Debajo,1.69,dom_alt,
Oklahoma City Thunder - San Antonio Spurs,Winner Of Wc Sf1 Winner Of Wc Sf2,2026-05-26,2026-05-19 00:30,San Antonio Spurs,Oklahoma City Thunder,San Antonio Spurs,Victor Wembanyama,PRA,38.5,Sobre,1.57,dom_alt,
Oklahoma City Thunder - San Antonio Spurs,Winner Of Wc Sf1 Winner Of Wc Sf2,2026-05-26,2026-05-19 00:30,San Antonio Spurs,Oklahoma City Thunder,San Antonio Spurs,Victor Wembanyama,PRA,38.5,Debajo,2.04,dom_alt,
Oklahoma City Thunder - San Antonio Spurs,Winner Of Wc Sf1 Winner Of Wc Sf2,2026-05-26,2026-05-19 00:30,San Antonio Spurs,Oklahoma City Thunder,San Antonio Spurs,Victor Wembanyama,PRA,42.5,Sobre,2.02,dom_alt,
Oklahoma City Thunder - San Antonio Spurs,Winner Of Wc Sf1 Winner Of Wc Sf2,2026-05-26,2026-05-19 00:30,San Antonio Spurs,Oklahoma City Thunder,San Antonio Spurs,Victor Wembanyama,PRA,42.5,Debajo,1.59,dom_alt,
Oklahoma City Thunder - San Antonio Spurs,Winner Of Wc Sf1 Winner Of Wc Sf2,2026-05-26,2026-05-19 00:30,San Antonio Spurs,Oklahoma City Thunder,San Antonio Spurs,Victor Wembanyama,PRA,37.5,Sobre,1.54,dom_alt,
Oklahoma City Thunder - San Antonio Spurs,Winner Of Wc Sf1 Winner Of Wc Sf2,2026-05-26,2026-05-19 00:30,San Antonio Spurs,Oklahoma City Thunder,San Antonio Spurs,Victor Wembanyama,PRA,37.5,Debajo,2.11,dom_alt,
Oklahoma City Thunder - San Antonio Spurs,Winner Of Wc Sf1 Winner Of Wc Sf2,2026-05-26,2026-05-19 00:30,San Antonio Spurs,Oklahoma City Thunder,San Antonio Spurs,Victor Wembanyama,PRA,43.5,Sobre,2.09,dom_alt,
Oklahoma City Thunder - San Antonio Spurs,Winner Of Wc Sf1 Winner Of Wc Sf2,2026-05-26,2026-05-19 00:30,San Antonio Spurs,Oklahoma City Thunder,San Antonio Spurs,Victor Wembanyama,PRA,43.5,Debajo,1.55,dom_alt,
Oklahoma City Thunder - San Antonio Spurs,Winner Of Wc Sf1 Winner Of Wc Sf2,2026-05-26,2026-05-19 00:30,San Antonio Spurs,Oklahoma City Thunder,San Antonio Spurs,Victor Wembanyama,PRA,36.5,Sobre,1.45,dom_alt,
Oklahoma City Thunder - San Antonio Spurs,Winner Of Wc Sf1 Winner Of Wc Sf2,2026-05-26,2026-05-19 00:30,San Antonio Spurs,Oklahoma City Thunder,San Antonio Spurs,Victor Wembanyama,PRA,36.5,Debajo,2.29,dom_alt,
Oklahoma City Thunder - San Antonio Spurs,Winner Of Wc Sf1 Winner Of Wc Sf2,2026-05-26,2026-05-19 00:30,San Antonio Spurs,Oklahoma City Thunder,San Antonio Spurs,Victor Wembanyama,PRA,44.5,Sobre,2.26,dom_alt,
Oklahoma City Thunder - San Antonio Spurs,Winner Of Wc Sf1 Winner Of Wc Sf2,2026-05-26,2026-05-19 00:30,San Antonio Spurs,Oklahoma City Thunder,San Antonio Spurs,Victor Wembanyama,PRA,44.5,Debajo,1.47,dom_alt,
Oklahoma City Thunder - San Antonio Spurs,Winner Of Wc Sf1 Winner Of Wc Sf2,2026-05-26,2026-05-19 00:30,San Antonio Spurs,Oklahoma City Thunder,San Antonio Spurs,Victor Wembanyama,PRA,35.5,Sobre,1.38,dom_alt,
Oklahoma City Thunder - San Antonio Spurs,Winner Of Wc Sf1 Winner Of Wc Sf2,2026-05-26,2026-05-19 00:30,San Antonio Spurs,Oklahoma City Thunder,San Antonio Spurs,Victor Wembanyama,PRA,35.5,Debajo,2.49,dom_alt,
Oklahoma City Thunder - San Antonio Spurs,Winner Of Wc Sf1 Winner Of Wc Sf2,2026-05-26,2026-05-19 00:30,San Antonio Spurs,Oklahoma City Thunder,San Antonio Spurs,Victor Wembanyama,PRA,45.5,Sobre,2.47,dom_alt,
Oklahoma City Thunder - San Antonio Spurs,Winner Of Wc Sf1 Winner Of Wc Sf2,2026-05-26,2026-05-19 00:30,San Antonio Spurs,Oklahoma City Thunder,San Antonio Spurs,Victor Wembanyama,PRA,45.5,Debajo,1.39,dom_alt,
Oklahoma City Thunder - San Antonio Spurs,Winner Of Wc Sf1 Winner Of Wc Sf2,2026-05-26,2026-05-19 00:30,San Antonio Spurs,Oklahoma City Thunder,San Antonio Spurs,Victor Wembanyama,Asistencias+Rebotes,16.5,Sobre,1.99,dom,
Oklahoma City Thunder - San Antonio Spurs,Winner Of Wc Sf1 Winner Of Wc Sf2,2026-05-26,2026-05-19 00:30,San Antonio Spurs,Oklahoma City Thunder,San Antonio Spurs,Victor Wembanyama,Asistencias+Rebotes,16.5,Debajo,1.70,dom,
Oklahoma City Thunder - San Antonio Spurs,Winner Of Wc Sf1 Winner Of Wc Sf2,2026-05-26,2026-05-19 00:30,San Antonio Spurs,Oklahoma City Thunder,San Antonio Spurs,Victor Wembanyama,Asistencias+Rebotes,17.5,Sobre,2.18,dom_alt,
Oklahoma City Thunder - San Antonio Spurs,Winner Of Wc Sf1 Winner Of Wc Sf2,2026-05-26,2026-05-19 00:30,San Antonio Spurs,Oklahoma City Thunder,San Antonio Spurs,Victor Wembanyama,Asistencias+Rebotes,17.5,Debajo,1.50,dom_alt,
Oklahoma City Thunder - San Antonio Spurs,Winner Of Wc Sf1 Winner Of Wc Sf2,2026-05-26,2026-05-19 00:30,San Antonio Spurs,Oklahoma City Thunder,San Antonio Spurs,Victor Wembanyama,Robos+Tapones,4.5,Sobre,1.98,dom,
Oklahoma City Thunder - San Antonio Spurs,Winner Of Wc Sf1 Winner Of Wc Sf2,2026-05-26,2026-05-19 00:30,San Antonio Spurs,Oklahoma City Thunder,San Antonio Spurs,Victor Wembanyama,Robos+Tapones,4.5,Debajo,1.71,dom,
Oklahoma City Thunder - San Antonio Spurs,Winner Of Wc Sf1 Winner Of Wc Sf2,2026-05-26,2026-05-19 00:30,San Antonio Spurs,Oklahoma City Thunder,San Antonio Spurs,Victor Wembanyama,DobleDoble,0.5,Sobre,1.16,dom,
Oklahoma City Thunder - San Antonio Spurs,Winner Of Wc Sf1 Winner Of Wc Sf2,2026-05-26,2026-05-19 00:30,San Antonio Spurs,Oklahoma City Thunder,San Antonio Spurs,Victor Wembanyama,DobleDoble,0.5,Debajo,4.35,dom,
Oklahoma City Thunder - San Antonio Spurs,Winner Of Wc Sf1 Winner Of Wc Sf2,2026-05-26,2026-05-19 00:30,San Antonio Spurs,Oklahoma City Thunder,San Antonio Spurs,Victor Wembanyama,Asistencias,2.5,Sobre,1.66,dom,
Oklahoma City Thunder - San Antonio Spurs,Winner Of Wc Sf1 Winner Of Wc Sf2,2026-05-26,2026-05-19 00:30,San Antonio Spurs,Oklahoma City Thunder,San Antonio Spurs,Victor Wembanyama,Asistencias,2.5,Debajo,2.06,dom,
Oklahoma City Thunder - San Antonio Spurs,Winner Of Wc Sf1 Winner Of Wc Sf2,2026-05-26,2026-05-19 00:30,San Antonio Spurs,Oklahoma City Thunder,San Antonio Spurs,Victor Wembanyama,PuntosPrimerCuarto,5.5,Sobre,1.88,dom,
Oklahoma City Thunder - San Antonio Spurs,Winner Of Wc Sf1 Winner Of Wc Sf2,2026-05-26,2026-05-19 00:30,San Antonio Spurs,Oklahoma City Thunder,San Antonio Spurs,Victor Wembanyama,PuntosPrimerCuarto,5.5,Debajo,1.80,dom,
Oklahoma City Thunder - San Antonio Spurs,Winner Of Wc Sf1 Winner Of Wc Sf2,2026-05-26,2026-05-19 00:30,San Antonio Spurs,Oklahoma City Thunder,San Antonio Spurs,Victor Wembanyama,PuntosPrimerCuarto,6.5,Sobre,2.15,dom_alt,
Oklahoma City Thunder - San Antonio Spurs,Winner Of Wc Sf1 Winner Of Wc Sf2,2026-05-26,2026-05-19 00:30,San Antonio Spurs,Oklahoma City Thunder,San Antonio Spurs,Victor Wembanyama,PuntosPrimerCuarto,6.5,Debajo,1.52,dom_alt,
Oklahoma City Thunder - San Antonio Spurs,Winner Of Wc Sf1 Winner Of Wc Sf2,2026-05-26,2026-05-19 00:30,San Antonio Spurs,Oklahoma City Thunder,San Antonio Spurs,Victor Wembanyama,AsistenciasPrimerCuarto,0.5,Sobre,1.79,dom,
Oklahoma City Thunder - San Antonio Spurs,Winner Of Wc Sf1 Winner Of Wc Sf2,2026-05-26,2026-05-19 00:30,San Antonio Spurs,Oklahoma City Thunder,San Antonio Spurs,Victor Wembanyama,AsistenciasPrimerCuarto,0.5,Debajo,1.89,dom,
Oklahoma City Thunder - San Antonio Spurs,Winner Of Wc Sf1 Winner Of Wc Sf2,2026-05-26,2026-05-19 00:30,San Antonio Spurs,Oklahoma City Thunder,San Antonio Spurs,Victor Wembanyama,RebotesPrimerCuarto,3.5,Sobre,2.27,dom,
Oklahoma City Thunder - San Antonio Spurs,Winner Of Wc Sf1 Winner Of Wc Sf2,2026-05-26,2026-05-19 00:30,San Antonio Spurs,Oklahoma City Thunder,San Antonio Spurs,Victor Wembanyama,RebotesPrimerCuarto,3.5,Debajo,1.54,dom,
Oklahoma City Thunder - San Antonio Spurs,Winner Of Wc Sf1 Winner Of Wc Sf2,2026-05-26,2026-05-19 00:30,San Antonio Spurs,Oklahoma City Thunder,San Antonio Spurs,Victor Wembanyama,TirosLibres,5.5,Sobre,1.81,dom,
Oklahoma City Thunder - San Antonio Spurs,Winner Of Wc Sf1 Winner Of Wc Sf2,2026-05-26,2026-05-19 00:30,San Antonio Spurs,Oklahoma City Thunder,San Antonio Spurs,Victor Wembanyama,TirosLibres,5.5,Debajo,1.86,dom,
Oklahoma City Thunder - San Antonio Spurs,Winner Of Wc Sf1 Winner Of Wc Sf2,2026-05-26,2026-05-19 00:30,San Antonio Spurs,Oklahoma City Thunder,San Antonio Spurs,Victor Wembanyama,TirosLibresInt,6.5,Sobre,1.85,dom,
Oklahoma City Thunder - San Antonio Spurs,Winner Of Wc Sf1 Winner Of Wc Sf2,2026-05-26,2026-05-19 00:30,San Antonio Spurs,Oklahoma City Thunder,San Antonio Spurs,Victor Wembanyama,TirosLibresInt,6.5,Debajo,1.82,dom,
Oklahoma City Thunder - San Antonio Spurs,Winner Of Wc Sf1 Winner Of Wc Sf2,2026-05-26,2026-05-19 00:30,San Antonio Spurs,Oklahoma City Thunder,San Antonio Spurs,Victor Wembanyama,GolesCampo,8.5,Sobre,2.02,dom,
Oklahoma City Thunder - San Antonio Spurs,Winner Of Wc Sf1 Winner Of Wc Sf2,2026-05-26,2026-05-19 00:30,San Antonio Spurs,Oklahoma City Thunder,San Antonio Spurs,Victor Wembanyama,GolesCampo,8.5,Debajo,1.68,dom,
Oklahoma City Thunder - San Antonio Spurs,Winner Of Wc Sf1 Winner Of Wc Sf2,2026-05-26,2026-05-19 00:30,San Antonio Spurs,Oklahoma City Thunder,San Antonio Spurs,Victor Wembanyama,GolesCampoInt,17.5,Sobre,1.85,dom,
Oklahoma City Thunder - San Antonio Spurs,Winner Of Wc Sf1 Winner Of Wc Sf2,2026-05-26,2026-05-19 00:30,San Antonio Spurs,Oklahoma City Thunder,San Antonio Spurs,Victor Wembanyama,GolesCampoInt,17.5,Debajo,1.82,dom,
Oklahoma City Thunder - San Antonio Spurs,Winner Of Wc Sf1 Winner Of Wc Sf2,2026-05-26,2026-05-19 00:30,San Antonio Spurs,Oklahoma City Thunder,San Antonio Spurs,Victor Wembanyama,TriplesInt,5.5,Sobre,1.71,dom,
Oklahoma City Thunder - San Antonio Spurs,Winner Of Wc Sf1 Winner Of Wc Sf2,2026-05-26,2026-05-19 00:30,San Antonio Spurs,Oklahoma City Thunder,San Antonio Spurs,Victor Wembanyama,TriplesInt,5.5,Debajo,1.98,dom,
